experiment,split,f,g,composition,source_kind,layer,samples,action_transfer_f_relative_l2_mean,action_transfer_f_relative_l2_count,action_transfer_f_cosine_distance_mean,action_transfer_f_cosine_distance_count,action_transfer_f_source_delta_norm_mean,action_transfer_f_source_delta_norm_count,action_transfer_f_context_delta_norm_mean,action_transfer_f_context_delta_norm_count,action_transfer_f_both_zero_mean,action_transfer_f_both_zero_count,action_transfer_g_relative_l2_mean,action_transfer_g_relative_l2_count,action_transfer_g_cosine_distance_mean,action_transfer_g_cosine_distance_count,action_transfer_g_source_delta_norm_mean,action_transfer_g_source_delta_norm_count,action_transfer_g_context_delta_norm_mean,action_transfer_g_context_delta_norm_count,action_transfer_g_both_zero_mean,action_transfer_g_both_zero_count,f_source_oracle_no_op_mean,f_source_oracle_no_op_count,f_context_oracle_no_op_mean,f_context_oracle_no_op_count,g_source_oracle_no_op_mean,g_source_oracle_no_op_count,g_context_oracle_no_op_mean,g_context_oracle_no_op_count,oracle_commutes_mean,oracle_commutes_count,commutator_applicable_mean,commutator_applicable_count,fx_prediction_defect_mean,fx_prediction_defect_count,gx_prediction_defect_mean,gx_prediction_defect_count,fgx_prediction_defect_mean,fgx_prediction_defect_count,gfx_prediction_defect_mean,gfx_prediction_defect_count,f_context_prediction_defect_mean,f_context_prediction_defect_count,g_context_prediction_defect_mean,g_context_prediction_defect_count,oracle_relation_observed_count_mean,oracle_relation_observed_count_count,oracle_relation_tautology_count_mean,oracle_relation_tautology_count_count,oracle_relation_count_mean,oracle_relation_count_count,oracle_relation_retention_mean,oracle_relation_retention_count,oracle_relation_defect_mean,oracle_relation_defect_count,oracle_relation_max_defect_mean,oracle_relation_max_defect_count,action_transfer_f_active_samples,action_transfer_f_relative_l2_active_mean,action_transfer_f_cosine_distance_active_mean,action_transfer_g_active_samples,action_transfer_g_relative_l2_active_mean,action_transfer_g_cosine_distance_active_mean,composition_accuracy_samples,object_accuracy,oracle_valid_accuracy_samples,oracle_valid_object_accuracy,commutator_operator_defect_mean,commutator_operator_defect_count,commutator_operator_relative_defect_mean,commutator_operator_relative_defect_count,commutator_data_defect_mean,commutator_data_defect_count
1,val,mirror_horizontal,mirror_horizontal,mirror_horizontal -> mirror_horizontal,synthetic_pair_on_id_atomic_input,image_input_tokens,128,1.9375,128,2.0,124,0.09264497803385491,128,0.09264497803385491,128,0.03125,128,1.9375,128,2.0,124,0.09264497803385491,128,0.09264497803385491,128,0.03125,128,0.03125,128,0.03125,128,0.03125,128,0.03125,128,1.0,128,0.0,128,0.015496510008018563,128,0.015496510008018563,128,0.013150163183866439,128,0.013150163183866439,128,0.015660641131244317,128,0.015660641131244317,128,4.1875,128,2.0,128,2.1875,128,0.9921875,128,0.012954831703831618,128,0.013150163183866439,128,124,2.0,2.0,124,2.0,2.0,111,0.9871018034917814,0,,,,,,,
1,val,mirror_horizontal,mirror_horizontal,mirror_horizontal -> mirror_horizontal,synthetic_pair_on_id_atomic_input,image_block_01,128,1.9375,128,2.0,124,3.5472623155413108,128,3.5472623155413108,128,0.03125,128,1.9375,128,2.0,124,3.5472623155413108,128,3.5472623155413108,128,0.03125,128,0.03125,128,0.03125,128,0.03125,128,0.03125,128,1.0,128,0.0,128,0.07360577287107713,128,0.07360577287107713,128,0.07073892110795418,128,0.07073892110795418,128,0.07086399825856915,128,0.07086399825856915,128,4.1875,128,2.0,128,2.1875,128,0.15234375,128,0.06989838959655731,128,0.07073892110795418,128,124,2.0,2.0,124,2.0,2.0,111,0.9871018034917814,0,,,,,,,
1,val,mirror_horizontal,mirror_horizontal,mirror_horizontal -> mirror_horizontal,synthetic_pair_on_id_atomic_input,image_block_02,128,1.9375,128,2.0,124,6.790199309738136,128,6.790199309738136,128,0.03125,128,1.9375,128,2.0,124,6.790199309738136,128,6.790199309738136,128,0.03125,128,0.03125,128,0.03125,128,0.03125,128,0.03125,128,1.0,128,0.0,128,0.09636317005967387,128,0.09636317005967387,128,0.09062956249124335,128,0.09062956249124335,128,0.09488985967852176,128,0.09488985967852176,128,4.1875,128,2.0,128,2.1875,128,0.013671875,128,0.08958591483730036,128,0.09062956249124335,128,124,2.0,2.0,124,2.0,2.0,111,0.9871018034917814,0,,,,,,,
1,val,mirror_horizontal,mirror_horizontal,mirror_horizontal -> mirror_horizontal,synthetic_pair_on_id_atomic_input,image_block_03,128,1.9375,128,2.0,124,7.500831445912095,128,7.500831445912095,128,0.03125,128,1.9375,128,2.0,124,7.500831445912095,128,7.500831445912095,128,0.03125,128,0.03125,128,0.03125,128,0.03125,128,0.03125,128,1.0,128,0.0,128,0.09287367573619197,128,0.09287367573619197,128,0.08987778732657495,128,0.08987778732657495,128,0.0911979057623417,128,0.0911979057623417,128,4.1875,128,2.0,128,2.1875,128,0.015625,128,0.08890290296072106,128,0.08987778732657495,128,124,2.0,2.0,124,2.0,2.0,111,0.9871018034917814,0,,,,,,,
1,val,mirror_horizontal,mirror_horizontal,mirror_horizontal -> mirror_horizontal,synthetic_pair_on_id_atomic_input,image_block_04,128,1.9375,128,2.0,124,8.330091055425305,128,8.330091055425305,128,0.03125,128,1.9375,128,2.0,124,8.330091055425305,128,8.330091055425305,128,0.03125,128,0.03125,128,0.03125,128,0.03125,128,0.03125,128,1.0,128,0.0,128,0.10726163912334169,128,0.10726163912334169,128,0.1080401803787632,128,0.1080401803787632,128,0.10526720462002695,128,0.10526720462002695,128,4.1875,128,2.0,128,2.1875,128,0.0078125,128,0.10703421029972393,128,0.1080401803787632,128,124,2.0,2.0,124,2.0,2.0,111,0.9871018034917814,0,,,,,,,
1,val,mirror_horizontal,mirror_horizontal,mirror_horizontal -> mirror_horizontal,synthetic_pair_on_id_atomic_input,image_block_05,128,1.9375,128,2.0,124,18.565632245677683,128,18.565632245677683,128,0.03125,128,1.9375,128,2.0,124,18.565632245677683,128,18.565632245677683,128,0.03125,128,0.03125,128,0.03125,128,0.03125,128,0.03125,128,1.0,128,0.0,128,0.16465893141974533,128,0.16465893141974533,128,0.1638285575487965,128,0.1638285575487965,128,0.16409018841092737,128,0.16409018841092737,128,4.1875,128,2.0,128,2.1875,128,0.0,128,0.16228710987045541,128,0.1638285575487965,128,124,2.0,2.0,124,2.0,2.0,111,0.9871018034917814,0,,,,,,,
1,val,mirror_horizontal,mirror_horizontal,mirror_horizontal -> mirror_horizontal,synthetic_pair_on_id_atomic_input,image_block_06,128,1.9375,128,2.0,124,20.899879384078627,128,20.899879384078627,128,0.03125,128,1.9375,128,2.0,124,20.899879384078627,128,20.899879384078627,128,0.03125,128,0.03125,128,0.03125,128,0.03125,128,0.03125,128,1.0,128,0.0,128,0.17586875751468456,128,0.17586875751468456,128,0.18108500301110303,128,0.18108500301110303,128,0.1775507334120483,128,0.1775507334120483,128,4.1875,128,2.0,128,2.1875,128,0.0,128,0.17964472781359297,128,0.18108500301110303,128,124,2.0,2.0,124,2.0,2.0,111,0.9871018034917814,0,,,,,,,
1,val,mirror_horizontal,mirror_horizontal,mirror_horizontal -> mirror_horizontal,synthetic_pair_on_id_atomic_input,image_final_norm,128,1.9375,128,2.0,124,3.5958954205086444,128,3.5958954205086444,128,0.03125,128,1.9375,128,2.0,124,3.5958954205086444,128,3.5958954205086444,128,0.03125,128,0.03125,128,0.03125,128,0.03125,128,0.03125,128,1.0,128,0.0,128,0.17593720012189695,128,0.17593720012189695,128,0.18235993303611409,128,0.18235993303611409,128,0.1774339172353515,128,0.1774339172353515,128,4.1875,128,2.0,128,2.1875,128,0.0,128,0.180849339845447,128,0.18235993303611409,128,124,2.0,2.0,124,2.0,2.0,111,0.9871018034917814,0,,,,,,,
1,val,mirror_horizontal,rot90,rot90 -> mirror_horizontal,synthetic_pair_on_id_atomic_input,image_input_tokens,128,1.6039904317144136,128,1.154540822646605,118,0.09302835021144927,128,0.10028772815574812,128,0.0,128,1.0911805561424066,128,0.7349894327268421,128,0.15047548703346253,128,0.15397905054740443,128,0.0,128,0.03125,128,0.046875,128,0.0,128,0.0,128,0.0078125,128,0.0078125,128,0.015674769177678124,128,0.02339936581980795,128,0.02522165355082977,128,0.023505535044213585,128,0.016607938702620402,128,0.024010992058157793,128,0.1640625,128,0.0,128,0.1640625,128,1.0,15,0.009808784773730862,15,0.00996978884063342,15,118,1.5704302988088552,1.154540822646605,128,1.0911805561424066,0.7349894327268421,111,0.9342670795079824,0,,0.33231824592675824,1,0.04273735660069885,1,0.003223260695459291,1
1,val,mirror_horizontal,rot90,rot90 -> mirror_horizontal,synthetic_pair_on_id_atomic_input,image_block_01,128,1.631256489822873,128,1.2644265234006387,118,3.5833082695450473,128,3.4404105764945436,128,0.0,128,1.1880717444658595,128,0.865290258182444,128,5.556820742967519,128,5.591888303508276,128,0.0,128,0.03125,128,0.046875,128,0.0,128,0.0,128,0.0078125,128,0.0078125,128,0.07461964615196469,128,0.10583369240412546,128,0.10885587889074608,128,0.10309917945096223,128,0.07160779512916962,128,0.10424923828325419,128,0.1640625,128,0.0,128,0.1640625,128,0.7333333333333333,15,0.04939068717363712,15,0.05157772122846503,15,118,1.6000070398078623,1.2644265234006387,128,1.1880717444658595,0.865290258182444,111,0.9342670795079824,0,,39.27209097335305,1,0.93782341948117,1,0.03036459765756981,1
1,val,mirror_horizontal,rot90,rot90 -> mirror_horizontal,synthetic_pair_on_id_atomic_input,image_block_02,128,1.660354289969535,128,1.318700134544199,118,6.7977661727938266,128,6.267271907596342,128,0.0,128,1.2021968622749957,128,0.8837757785384404,128,9.67643624360172,128,9.958672316096777,128,0.0,128,0.03125,128,0.046875,128,0.0,128,0.0,128,0.0078125,128,0.0078125,128,0.09689092267461899,128,0.12534035055068576,128,0.12533675133173144,128,0.12552981943623942,128,0.091391766738685,128,0.12799210975066416,128,0.1640625,128,0.0,128,0.1640625,128,0.3333333333333333,15,0.06892059096765589,15,0.07078419675388038,15,118,1.6315707552211902,1.318700134544199,128,1.2021968622749957,0.8837757785384404,111,0.9342670795079824,0,,34.65326600650582,1,0.6529391698313576,1,0.04466000506458151,1
1,val,mirror_horizontal,rot90,rot90 -> mirror_horizontal,synthetic_pair_on_id_atomic_input,image_block_03,128,1.6579923002958152,128,1.3223818912464798,118,7.534792159792251,128,7.10297544372656,128,0.0,128,1.2000917463390999,128,0.8713007959596284,128,11.095000337503677,128,11.275411832408434,128,0.0,128,0.03125,128,0.046875,128,0.0,128,0.0,128,0.0078125,128,0.0078125,128,0.09334863567184619,128,0.1270228289987136,128,0.1260372887299358,128,0.12584242856935324,128,0.09004633634787682,128,0.12742071826416307,128,0.1640625,128,0.0,128,0.1640625,128,0.2,15,0.07584338828506633,15,0.07690150770166536,15,118,1.6290085969310542,1.3223818912464798,128,1.2000917463390999,0.8713007959596284,111,0.9342670795079824,0,,52.55749448751446,1,0.7172417385553983,1,0.05570479193177405,1
1,val,mirror_horizontal,rot90,rot90 -> mirror_horizontal,synthetic_pair_on_id_atomic_input,image_block_04,128,1.6688923294793767,128,1.3382843811672758,118,8.380688257611293,128,7.933846436912926,128,0.0,128,1.2259755720022625,128,0.9090686154550209,128,11.968135107496838,128,12.404029563641346,128,0.0,128,0.03125,128,0.046875,128,0.0,128,0.0,128,0.0078125,128,0.0078125,128,0.10705630199381697,128,0.13851966927382148,128,0.13850642604099267,128,0.1423217654091435,128,0.10397482169889119,128,0.14089728390905493,128,0.1640625,128,0.0,128,0.1640625,128,0.0,15,0.09838419718315267,15,0.10111010449946939,15,118,1.6408323574013577,1.3382843811672758,128,1.2259755720022625,0.9090686154550209,111,0.9342670795079824,0,,73.41182032693176,1,0.9448243533682803,1,0.07689605109655007,1
1,val,mirror_horizontal,rot90,rot90 -> mirror_horizontal,synthetic_pair_on_id_atomic_input,image_block_05,128,1.6981873178947946,128,1.4018997939497906,118,18.741630863173036,128,18.410810296245955,128,0.0,128,1.2311110868677337,128,0.9182998030261997,128,29.235384050684647,128,29.377815207640083,128,0.0,128,0.03125,128,0.046875,128,0.0,128,0.0,128,0.0078125,128,0.0078125,128,0.1628729879975891,128,0.228221461046915,128,0.2292952593937734,128,0.2368795104360281,128,0.1653163467101069,128,0.22878262508807704,128,0.1640625,128,0.0,128,0.1640625,128,0.0,15,0.18342327592666605,15,0.18794805665790376,15,118,1.6726099719536751,1.4018997939497906,128,1.2311110868677337,0.9182998030261997,111,0.9342670795079824,0,,85.89485604324771,1,0.9134233026922884,1,0.15198552699388854,1
1,val,mirror_horizontal,rot90,rot90 -> mirror_horizontal,synthetic_pair_on_id_atomic_input,image_block_06,128,1.6968716520130496,128,1.3971513395647348,118,21.01536887772054,128,20.726667268816023,128,0.0,128,1.2130120932868174,128,0.8887063546546202,128,33.11431887443369,128,33.114238608662205,128,0.0,128,0.03125,128,0.046875,128,0.0,128,0.0,128,0.0078125,128,0.0078125,128,0.1741802479836243,128,0.24009114037856266,128,0.24293356255908916,128,0.2499525648647716,128,0.17729686470444284,128,0.24145353608509074,128,0.1640625,128,0.0,128,0.1640625,128,0.0,15,0.1997125480679065,15,0.2071938760072528,15,118,1.671182808963308,1.3971513395647348,128,1.2130120932868174,0.8887063546546202,111,0.9342670795079824,0,,97.02623676912067,1,0.9540849373053552,1,0.17282073298744705,1
1,val,mirror_horizontal,rot90,rot90 -> mirror_horizontal,synthetic_pair_on_id_atomic_input,image_final_norm,128,1.6961839249845996,128,1.3971416208225587,118,3.615873788314804,128,3.54326603788222,128,0.0,128,1.2141211763284168,128,0.8882327400079508,128,5.655697435126017,128,5.655136291821528,128,0.0,128,0.03125,128,0.046875,128,0.0,128,0.0,128,0.0078125,128,0.0078125,128,0.17389576571971943,128,0.24128618159943865,128,0.24540468995300013,128,0.2509887660488973,128,0.1772503318643516,128,0.24237434947426706,128,0.1640625,128,0.0,128,0.1640625,128,0.0,15,0.2037258111072571,15,0.21047676570167978,15,118,1.6704367999832948,1.3971416208225587,128,1.2141211763284168,0.8882327400079508,111,0.9342670795079824,0,,36.66056575222078,1,1.12667386910659,1,0.17110253049192473,1
1,val,mirror_horizontal,translate_up,translate_up -> mirror_horizontal,synthetic_pair_on_id_atomic_input,image_input_tokens,128,1.620418777184887,128,1.13193298682101,125,0.0941819118526803,128,0.08748978676932828,128,0.0234375,128,0.8104979872688123,128,0.42158077278757783,128,0.19076565965873848,128,0.19686208093290444,128,0.0,128,0.0234375,128,0.0234375,128,0.0,128,0.0,128,1.0,128,1.0,128,0.015626935824893915,128,0.025323446134740066,128,0.02648901356573119,128,0.026396463991864502,128,0.014901394571062578,128,0.025524278584362667,128,1.0703125,128,0.0,128,1.0703125,128,1.0,128,0.002246169155027069,128,0.0022909469700434053,128,125,1.6593088278373243,1.13193298682101,128,0.8104979872688123,0.42158077278757783,111,0.9905368052087389,0,,0.3728232032713024,128,0.0457618152078828,128,0.00214511964976697,128
1,val,mirror_horizontal,translate_up,translate_up -> mirror_horizontal,synthetic_pair_on_id_atomic_input,image_block_01,128,0.5804770416422607,128,0.17919887904296006,125,3.5725073300055836,128,3.524387465256031,128,0.0234375,128,0.26962390135407216,128,0.04352240103943612,128,7.323959393682221,128,7.330797761481811,128,0.0,128,0.0234375,128,0.0234375,128,0.0,128,0.0,128,1.0,128,1.0,128,0.07497211821123638,128,0.04418819432120011,128,0.07732484543144794,128,0.08037211909644995,128,0.07199584711553292,128,0.043145990548907324,128,1.0703125,128,0.0,128,1.0703125,128,0.97265625,128,0.026039376651407962,128,0.0262165670535474,128,125,0.594408490641675,0.17919887904296006,128,0.26962390135407216,0.04352240103943612,111,0.9905368052087389,0,,19.183532248522834,128,0.5284682365159564,128,0.025807930448535008,128
1,val,mirror_horizontal,translate_up,translate_up -> mirror_horizontal,synthetic_pair_on_id_atomic_input,image_block_02,128,0.46532155850198065,128,0.12062083690654227,125,6.726504519227463,128,6.616348965244596,128,0.0234375,128,0.280535631009651,128,0.0477277437342206,128,10.172077480607278,128,10.168533482700374,128,0.0,128,0.0234375,128,0.0234375,128,0.0,128,0.0,128,1.0,128,1.0,128,0.09594664080700435,128,0.052011593164764336,128,0.09915534231189783,128,0.10122844643708166,128,0.09433580111006852,128,0.05239041402060818,128,1.0703125,128,0.0,128,1.0703125,128,0.921875,128,0.03648321977209581,128,0.036747490277712375,128,125,0.47648927590602824,0.12062083690654227,128,0.280535631009651,0.0477277437342206,111,0.9905368052087389,0,,29.85033882945891,128,0.6094161790220181,128,0.03612287208320835,128
1,val,mirror_horizontal,translate_up,translate_up -> mirror_horizontal,synthetic_pair_on_id_atomic_input,image_block_03,128,0.4771082960580968,128,0.12500902606114106,125,7.3909205841838155,128,7.31022618586184,128,0.0234375,128,0.29508721191724674,128,0.05248089966035657,128,11.280261777442785,128,11.20198882134865,128,0.0,128,0.0234375,128,0.0234375,128,0.0,128,0.0,128,1.0,128,1.0,128,0.09168100104055141,128,0.05548875544173254,128,0.09707981112185073,128,0.09778063297188415,128,0.09088588371649813,128,0.05451170158511583,128,1.0703125,128,0.0,128,1.0703125,128,0.869140625,128,0.039227536581577835,128,0.03946219109577782,128,125,0.4885588951634911,0.12500902606114106,128,0.29508721191724674,0.05248089966035657,111,0.9905368052087389,0,,28.034592129605258,128,0.5262367911733301,128,0.03893453878874613,128
1,val,mirror_horizontal,translate_up,translate_up -> mirror_horizontal,synthetic_pair_on_id_atomic_input,image_block_04,128,0.447478245170701,128,0.10944866639362254,125,8.271212530395243,128,7.9719568580439635,128,0.0234375,128,0.28852323187518836,128,0.04918861064369639,128,11.933354279952184,128,11.896836500884351,128,0.0,128,0.0234375,128,0.0234375,128,0.0,128,0.0,128,1.0,128,1.0,128,0.10615834049673228,128,0.062495527470606126,128,0.11110602306441439,128,0.1114943965476341,128,0.10382440311364852,128,0.06183237973144988,128,1.0703125,128,0.0,128,1.0703125,128,0.68359375,128,0.04851894802398691,128,0.0488822807022688,128,125,0.4582177230547978,0.10944866639362254,128,0.28852323187518836,0.04918861064369639,111,0.9905368052087389,0,,32.471221728847134,128,0.6068272762978901,128,0.04811182050086031,128
1,val,mirror_horizontal,translate_up,translate_up -> mirror_horizontal,synthetic_pair_on_id_atomic_input,image_block_05,128,0.33255844171690563,128,0.07188146808532614,125,18.409643369198992,128,18.491262387573748,128,0.0234375,128,0.38079889239767156,128,0.08706049229103753,128,14.94639933814645,128,14.729563105909417,128,0.0,128,0.0234375,128,0.0234375,128,0.0,128,0.0,128,1.0,128,1.0,128,0.1607210825226058,128,0.10433440240685436,128,0.17292394681694706,128,0.17327993911689,128,0.1604071122972695,128,0.10354733757754939,128,1.0703125,128,0.0,128,1.0703125,128,0.0,128,0.09520174240070713,128,0.09553059288298635,128,125,0.34053984431811146,0.07188146808532614,128,0.38079889239767156,0.08706049229103753,111,0.9905368052087389,0,,53.25393929674628,128,0.7872017377076974,128,0.09490092368842595,128
1,val,mirror_horizontal,translate_up,translate_up -> mirror_horizontal,synthetic_pair_on_id_atomic_input,image_block_06,128,0.33857993417201415,128,0.0756771365823915,125,20.63766819166381,128,20.6780094565566,128,0.0234375,128,0.38709897522605097,128,0.09031639325489349,128,17.223083332142817,128,16.929287328475162,128,0.0,128,0.0234375,128,0.0234375,128,0.0,128,0.0,128,1.0,128,1.0,128,0.17260008295711438,128,0.115955718229691,128,0.1881585755912864,128,0.18832745354117517,128,0.17047838112269334,128,0.11531871957610054,128,1.0703125,128,0.0,128,1.0703125,128,0.0,128,0.10867600489608585,128,0.10915009600446673,128,125,0.3467058525921425,0.0756771365823915,128,0.38709897522605097,0.09031639325489349,111,0.9905368052087389,0,,54.570202560976675,128,0.7471745949987038,128,0.10803031883221414,128
1,val,mirror_horizontal,translate_up,translate_up -> mirror_horizontal,synthetic_pair_on_id_atomic_input,image_final_norm,128,0.3403084270023701,128,0.07641050181606969,125,3.56613064946686,128,3.5479750084620783,128,0.0234375,128,0.39712122273313544,128,0.09432713598858794,128,2.9050119003262256,128,2.8591215366922778,128,0.0,128,0.0234375,128,0.0234375,128,0.0,128,0.0,128,1.0,128,1.0,128,0.17207754971868638,128,0.11760896774475352,128,0.18766546642872514,128,0.187304788149737,128,0.16935159398956406,128,0.11739703447132155,128,1.0703125,128,0.0,128,1.0703125,128,0.0,128,0.10975291161193447,128,0.11014795500653213,128,125,0.34847582925042697,0.07641050181606969,128,0.39712122273313544,0.09432713598858794,111,0.9905368052087389,0,,20.130815274557214,128,0.8409569173938073,128,0.10921332646597713,128
1,val,rot90,mirror_horizontal,mirror_horizontal -> rot90,synthetic_pair_on_id_atomic_input,image_input_tokens,128,1.0911805561424066,128,0.7349894327268421,128,0.15047548703346253,128,0.15397905054740443,128,0.0,128,1.6039904317144136,128,1.154540822646605,118,0.09302835021144927,128,0.10028772815574812,128,0.0,128,0.0,128,0.0,128,0.03125,128,0.046875,128,0.0078125,128,0.0078125,128,0.02339936581980795,128,0.015674769177678124,128,0.023505535044213585,128,0.02522165355082977,128,0.024010992058157793,128,0.016607938702620402,128,0.1640625,128,0.0,128,0.1640625,128,1.0,15,0.009808784773730862,15,0.00996978884063342,15,128,1.0911805561424066,0.7349894327268421,118,1.5704302988088552,1.154540822646605,111,0.9449946321882643,0,,0.33231824592675824,1,0.04273735660069885,1,0.003223260695459291,1
1,val,rot90,mirror_horizontal,mirror_horizontal -> rot90,synthetic_pair_on_id_atomic_input,image_block_01,128,1.1880717444658595,128,0.865290258182444,128,5.556820742967519,128,5.591888303508276,128,0.0,128,1.631256489822873,128,1.2644265234006387,118,3.5833082695450473,128,3.4404105764945436,128,0.0,128,0.0,128,0.0,128,0.03125,128,0.046875,128,0.0078125,128,0.0078125,128,0.10583369240412546,128,0.07461964615196469,128,0.10309917945096223,128,0.10885587889074608,128,0.10424923828325419,128,0.07160779512916962,128,0.1640625,128,0.0,128,0.1640625,128,0.7333333333333333,15,0.04939068717363712,15,0.05157772122846503,15,128,1.1880717444658595,0.865290258182444,118,1.6000070398078623,1.2644265234006387,111,0.9449946321882643,0,,39.27209097335305,1,0.93782341948117,1,0.03036459765756981,1
1,val,rot90,mirror_horizontal,mirror_horizontal -> rot90,synthetic_pair_on_id_atomic_input,image_block_02,128,1.2021968622749957,128,0.8837757785384404,128,9.67643624360172,128,9.958672316096777,128,0.0,128,1.660354289969535,128,1.318700134544199,118,6.7977661727938266,128,6.267271907596342,128,0.0,128,0.0,128,0.0,128,0.03125,128,0.046875,128,0.0078125,128,0.0078125,128,0.12534035055068576,128,0.09689092267461899,128,0.12552981943623942,128,0.12533675133173144,128,0.12799210975066416,128,0.091391766738685,128,0.1640625,128,0.0,128,0.1640625,128,0.3333333333333333,15,0.06892059096765589,15,0.07078419675388038,15,128,1.2021968622749957,0.8837757785384404,118,1.6315707552211902,1.318700134544199,111,0.9449946321882643,0,,34.65326600650582,1,0.6529391698313576,1,0.04466000506458151,1
1,val,rot90,mirror_horizontal,mirror_horizontal -> rot90,synthetic_pair_on_id_atomic_input,image_block_03,128,1.2000917463390999,128,0.8713007959596284,128,11.095000337503677,128,11.275411832408434,128,0.0,128,1.6579923002958152,128,1.3223818912464798,118,7.534792159792251,128,7.10297544372656,128,0.0,128,0.0,128,0.0,128,0.03125,128,0.046875,128,0.0078125,128,0.0078125,128,0.1270228289987136,128,0.09334863567184619,128,0.12584242856935324,128,0.1260372887299358,128,0.12742071826416307,128,0.09004633634787682,128,0.1640625,128,0.0,128,0.1640625,128,0.2,15,0.07584338828506633,15,0.07690150770166536,15,128,1.2000917463390999,0.8713007959596284,118,1.6290085969310542,1.3223818912464798,111,0.9449946321882643,0,,52.55749448751446,1,0.7172417385553983,1,0.05570479193177405,1
1,val,rot90,mirror_horizontal,mirror_horizontal -> rot90,synthetic_pair_on_id_atomic_input,image_block_04,128,1.2259755720022625,128,0.9090686154550209,128,11.968135107496838,128,12.404029563641346,128,0.0,128,1.6688923294793767,128,1.3382843811672758,118,8.380688257611293,128,7.933846436912926,128,0.0,128,0.0,128,0.0,128,0.03125,128,0.046875,128,0.0078125,128,0.0078125,128,0.13851966927382148,128,0.10705630199381697,128,0.1423217654091435,128,0.13850642604099267,128,0.14089728390905493,128,0.10397482169889119,128,0.1640625,128,0.0,128,0.1640625,128,0.0,15,0.09838419718315267,15,0.10111010449946939,15,128,1.2259755720022625,0.9090686154550209,118,1.6408323574013577,1.3382843811672758,111,0.9449946321882643,0,,73.41182032693176,1,0.9448243533682803,1,0.07689605109655007,1
1,val,rot90,mirror_horizontal,mirror_horizontal -> rot90,synthetic_pair_on_id_atomic_input,image_block_05,128,1.2311110868677337,128,0.9182998030261997,128,29.235384050684647,128,29.377815207640083,128,0.0,128,1.6981873178947946,128,1.4018997939497906,118,18.741630863173036,128,18.410810296245955,128,0.0,128,0.0,128,0.0,128,0.03125,128,0.046875,128,0.0078125,128,0.0078125,128,0.228221461046915,128,0.1628729879975891,128,0.2368795104360281,128,0.2292952593937734,128,0.22878262508807704,128,0.1653163467101069,128,0.1640625,128,0.0,128,0.1640625,128,0.0,15,0.18342327592666605,15,0.18794805665790376,15,128,1.2311110868677337,0.9182998030261997,118,1.6726099719536751,1.4018997939497906,111,0.9449946321882643,0,,85.89485604324771,1,0.9134233026922884,1,0.15198552699388854,1
1,val,rot90,mirror_horizontal,mirror_horizontal -> rot90,synthetic_pair_on_id_atomic_input,image_block_06,128,1.2130120932868174,128,0.8887063546546202,128,33.11431887443369,128,33.114238608662205,128,0.0,128,1.6968716520130496,128,1.3971513395647348,118,21.01536887772054,128,20.726667268816023,128,0.0,128,0.0,128,0.0,128,0.03125,128,0.046875,128,0.0078125,128,0.0078125,128,0.24009114037856266,128,0.1741802479836243,128,0.2499525648647716,128,0.24293356255908916,128,0.24145353608509074,128,0.17729686470444284,128,0.1640625,128,0.0,128,0.1640625,128,0.0,15,0.1997125480679065,15,0.2071938760072528,15,128,1.2130120932868174,0.8887063546546202,118,1.671182808963308,1.3971513395647348,111,0.9449946321882643,0,,97.02623676912067,1,0.9540849373053552,1,0.17282073298744705,1
1,val,rot90,mirror_horizontal,mirror_horizontal -> rot90,synthetic_pair_on_id_atomic_input,image_final_norm,128,1.2141211763284168,128,0.8882327400079508,128,5.655697435126017,128,5.655136291821528,128,0.0,128,1.6961839249845996,128,1.3971416208225587,118,3.615873788314804,128,3.54326603788222,128,0.0,128,0.0,128,0.0,128,0.03125,128,0.046875,128,0.0078125,128,0.0078125,128,0.24128618159943865,128,0.17389576571971943,128,0.2509887660488973,128,0.24540468995300013,128,0.24237434947426706,128,0.1772503318643516,128,0.1640625,128,0.0,128,0.1640625,128,0.0,15,0.2037258111072571,15,0.21047676570167978,15,128,1.2141211763284168,0.8882327400079508,118,1.6704367999832948,1.3971416208225587,111,0.9449946321882643,0,,36.66056575222078,1,1.12667386910659,1,0.17110253049192473,1
1,val,rot90,rot90,rot90 -> rot90,synthetic_pair_on_id_atomic_input,image_input_tokens,128,1.7291638826634028,128,1.4402187116378764,128,0.1519592524323511,128,0.15549885996164414,128,0.0,128,1.7291638826634028,128,1.4402187116378764,128,0.1519592524323511,128,0.15549885996164414,128,0.0,128,0.0,128,0.0,128,0.0,128,0.0,128,1.0,128,0.0,128,0.023499099109325662,128,0.023499099109325662,128,0.028244556391730465,128,0.028244556391730465,128,0.024149781613526662,128,0.024149781613526662,128,2.015625,128,2.0,128,0.015625,128,0.0,1,0.05299868897434176,1,0.05299868897434176,1,128,1.7291638826634028,1.4402187116378764,128,1.7291638826634028,1.4402187116378764,111,0.9420535022074038,0,,,,,,,
1,val,rot90,rot90,rot90 -> rot90,synthetic_pair_on_id_atomic_input,image_block_01,128,1.7885652718839449,128,1.6065674817844275,128,5.591112235733783,128,5.604518818835642,128,0.0,128,1.7885652718839449,128,1.6065674817844275,128,5.591112235733783,128,5.604518818835642,128,0.0,128,0.0,128,0.0,128,0.0,128,0.0,128,1.0,128,0.0,128,0.10591506847705282,128,0.10591506847705282,128,0.12125635678718875,128,0.12125635678718875,128,0.10845427897194197,128,0.10845427897194197,128,2.015625,128,2.0,128,0.015625,128,0.0,1,0.10123911609129733,1,0.10123911609129733,1,128,1.7885652718839449,1.6065674817844275,128,1.7885652718839449,1.6065674817844275,111,0.9420535022074038,0,,,,,,,
1,val,rot90,rot90,rot90 -> rot90,synthetic_pair_on_id_atomic_input,image_block_02,128,1.7914929230092183,128,1.6121757079828356,128,9.731544763563843,128,9.666268130827952,128,0.0,128,1.7914929230092183,128,1.6121757079828356,128,9.731544763563843,128,9.666268130827952,128,0.0,128,0.0,128,0.0,128,0.0,128,0.0,128,1.0,128,0.0,128,0.1253550802439493,128,0.1253550802439493,128,0.13762486935926155,128,0.13762486935926155,128,0.12508550129984708,128,0.12508550129984708,128,2.015625,128,2.0,128,0.015625,128,0.0,1,0.11117239342037838,1,0.11117239342037838,1,128,1.7914929230092183,1.6121757079828356,128,1.7914929230092183,1.6121757079828356,111,0.9420535022074038,0,,,,,,,
1,val,rot90,rot90,rot90 -> rot90,synthetic_pair_on_id_atomic_input,image_block_03,128,1.7989921576482435,128,1.6270990233830191,128,11.13964103698629,128,11.055406343721051,128,0.0,128,1.7989921576482435,128,1.6270990233830191,128,11.13964103698629,128,11.055406343721051,128,0.0,128,0.0,128,0.0,128,0.0,128,0.0,128,1.0,128,0.0,128,0.1270095549557027,128,0.1270095549557027,128,0.13931929770836843,128,0.13931929770836843,128,0.12707178343243813,128,0.12707178343243813,128,2.015625,128,2.0,128,0.015625,128,0.0,1,0.1503377134826587,1,0.1503377134826587,1,128,1.7989921576482435,1.6270990233830191,128,1.7989921576482435,1.6270990233830191,111,0.9420535022074038,0,,,,,,,
1,val,rot90,rot90,rot90 -> rot90,synthetic_pair_on_id_atomic_input,image_block_04,128,1.7985823231297813,128,1.6271068132174267,128,12.022828892814834,128,12.110169637214138,128,0.0,128,1.7985823231297813,128,1.6271068132174267,128,12.022828892814834,128,12.110169637214138,128,0.0,128,0.0,128,0.0,128,0.0,128,0.0,128,1.0,128,0.0,128,0.13860061330588294,128,0.13860061330588294,128,0.15247998594861759,128,0.15247998594861759,128,0.13812753226236918,128,0.13812753226236918,128,2.015625,128,2.0,128,0.015625,128,0.0,1,0.1598064504375608,1,0.1598064504375608,1,128,1.7985823231297813,1.6271068132174267,128,1.7985823231297813,1.6271068132174267,111,0.9420535022074038,0,,,,,,,
1,val,rot90,rot90,rot90 -> rot90,synthetic_pair_on_id_atomic_input,image_block_05,128,1.819434569439463,128,1.66274196679378,128,29.48560491417541,128,29.001978977641357,128,0.0,128,1.819434569439463,128,1.66274196679378,128,29.48560491417541,128,29.001978977641357,128,0.0,128,0.0,128,0.0,128,0.0,128,0.0,128,1.0,128,0.0,128,0.22935685359648586,128,0.22935685359648586,128,0.2476176166720704,128,0.2476176166720704,128,0.22992209735041108,128,0.22992209735041108,128,2.015625,128,2.0,128,0.015625,128,0.0,1,0.21197074994133294,1,0.21197074994133294,1,128,1.819434569439463,1.66274196679378,128,1.819434569439463,1.66274196679378,111,0.9420535022074038,0,,,,,,,
1,val,rot90,rot90,rot90 -> rot90,synthetic_pair_on_id_atomic_input,image_block_06,128,1.8132641440673987,128,1.651853724214324,128,33.42202579965213,128,32.96609394865232,128,0.0,128,1.8132641440673987,128,1.651853724214324,128,33.42202579965213,128,32.96609394865232,128,0.0,128,0.0,128,0.0,128,0.0,128,0.0,128,1.0,128,0.0,128,0.24112218902932647,128,0.24112218902932647,128,0.2589820026597951,128,0.2589820026597951,128,0.24363336822927684,128,0.24363336822927684,128,2.015625,128,2.0,128,0.015625,128,0.0,1,0.2698169783586458,1,0.2698169783586458,1,128,1.8132641440673987,1.651853724214324,128,1.8132641440673987,1.651853724214324,111,0.9420535022074038,0,,,,,,,
1,val,rot90,rot90,rot90 -> rot90,synthetic_pair_on_id_atomic_input,image_final_norm,128,1.8136427507502129,128,1.652369945052122,128,5.703836711805332,128,5.6194579372457,128,0.0,128,1.8136427507502129,128,1.652369945052122,128,5.703836711805332,128,5.6194579372457,128,0.0,128,0.0,128,0.0,128,0.0,128,0.0,128,1.0,128,0.0,128,0.2423416616763211,128,0.2423416616763211,128,0.2596933509717295,128,0.2596933509717295,128,0.24467753195104042,128,0.24467753195104042,128,2.015625,128,2.0,128,0.015625,128,0.0,1,0.24872799693826025,1,0.24872799693826025,1,128,1.8136427507502129,1.652369945052122,128,1.8136427507502129,1.652369945052122,111,0.9420535022074038,0,,,,,,,
1,val,rot90,translate_up,translate_up -> rot90,synthetic_pair_on_id_atomic_input,image_input_tokens,128,1.1869400156016694,128,0.6621949998822036,128,0.15305939406472294,128,0.14917807930333246,128,0.0,128,0.9879452130040304,128,0.52043565325176,128,0.188191116878431,128,0.19585797803053823,128,0.0,128,0.0,128,0.0,128,0.0,128,0.0,128,1.0,128,1.0,128,0.023547850397477678,128,0.025251619446142702,128,0.03244146318209208,128,0.032209042876226474,128,0.024061135348138647,128,0.025807526393923204,128,1.0,128,0.0,128,1.0,128,1.0,128,0.003066218604024175,128,0.003066218604024175,128,128,1.1869400156016694,0.6621949998822036,128,0.9879452130040304,0.52043565325176,0,,0,,0.5614723575283131,128,0.07073970208827397,128,0.003066218604024175,128
1,val,rot90,translate_up,translate_up -> rot90,synthetic_pair_on_id_atomic_input,image_block_01,128,0.5141429218707942,128,0.14047447377771266,128,5.591645677355442,128,5.54057186845294,128,0.0,128,0.3464925059594549,128,0.06590743613339824,128,7.321481206544285,128,7.391648812091166,128,0.0,128,0.0,128,0.0,128,0.0,128,0.0,128,1.0,128,1.0,128,0.10892866817580044,128,0.04384797765537675,128,0.10838993417425362,128,0.11084848228125134,128,0.10748689270127691,128,0.0434783202638605,128,1.0,128,0.0,128,1.0,128,0.859375,128,0.03605224902438948,128,0.03605224902438948,128,128,0.5141429218707942,0.14047447377771266,128,0.3464925059594549,0.06590743613339824,0,,0,,26.12580835175504,128,0.554707418057766,128,0.03605224902438948,128
1,val,rot90,translate_up,translate_up -> rot90,synthetic_pair_on_id_atomic_input,image_block_02,128,0.41747778369173494,128,0.09340765384264725,128,9.632661398296525,128,9.630383051473643,128,0.0,128,0.3606486710479531,128,0.07380190858350065,128,10.182844813246263,128,10.186734494185693,128,0.0,128,0.0,128,0.0,128,0.0,128,0.0,128,1.0,128,1.0,128,0.12670891623216896,128,0.051654568653458036,128,0.12951709987320892,128,0.12804716789938664,128,0.1263826409343219,128,0.052627927660370055,128,1.0,128,0.0,128,1.0,128,0.71875,128,0.04624356427690469,128,0.04624356427690469,128,128,0.41747778369173494,0.09340765384264725,128,0.3606486710479531,0.07380190858350065,0,,0,,31.86100629873816,128,0.6170971443103953,128,0.04624356427690469,128
1,val,rot90,translate_up,translate_up -> rot90,synthetic_pair_on_id_atomic_input,image_block_03,128,0.4221924755937809,128,0.09333788719305554,128,10.970538871196737,128,10.972658616034241,128,0.0,128,0.3802719158489592,128,0.08063096214622428,128,11.304870470637741,128,11.251302751274668,128,0.0,128,0.0,128,0.0,128,0.0,128,0.0,128,1.0,128,1.0,128,0.12648940339970163,128,0.05537915224077174,128,0.12794208634152315,128,0.1292799752821931,128,0.12612380101687898,128,0.05492269307659502,128,1.0,128,0.0,128,1.0,128,0.53125,128,0.05146487990430508,128,0.05146487990430508,128,128,0.4221924755937809,0.09333788719305554,128,0.3802719158489592,0.08063096214622428,0,,0,,39.737114964264364,128,0.5743874938681841,128,0.05146487990430508,128
1,val,rot90,translate_up,translate_up -> rot90,synthetic_pair_on_id_atomic_input,image_block_04,128,0.40754918001082735,128,0.08774250288382207,128,11.804595643365872,128,11.769260010444192,128,0.0,128,0.3700346082864969,128,0.076187638354581,128,11.979118557392306,128,11.939086830458312,128,0.0,128,0.0,128,0.0,128,0.0,128,0.0,128,1.0,128,1.0,128,0.1380484210915836,128,0.06209881169341304,128,0.1413204600802227,128,0.14122106719654193,128,0.13860487603128965,128,0.06191486468702696,128,1.0,128,0.0,128,1.0,128,0.1640625,128,0.06161215720966974,128,0.06161215720966974,128,128,0.40754918001082735,0.08774250288382207,128,0.3700346082864969,0.076187638354581,0,,0,,51.131862028530456,128,0.7229452119098768,128,0.06161215720966974,128
1,val,rot90,translate_up,translate_up -> rot90,synthetic_pair_on_id_atomic_input,image_block_05,128,0.3063883329661029,128,0.06309628039480655,128,28.879689316459213,128,28.903669710277775,128,0.0,128,0.5209600773448565,128,0.15265674457345269,128,15.022226283257645,128,14.854899833569991,128,0.0,128,0.0,128,0.0,128,0.0,128,0.0,128,1.0,128,1.0,128,0.22696811325263608,128,0.10396863162618694,128,0.23377060051387538,128,0.23130769723899602,128,0.22562774206535313,128,0.10318897530907095,128,1.0,128,0.0,128,1.0,128,0.0,128,0.12304277653731216,128,0.12304277653731216,128,128,0.3063883329661029,0.06309628039480655,128,0.5209600773448565,0.15265674457345269,0,,0,,69.74061905091482,128,0.7660440749367692,128,0.12304277653731216,128
1,val,rot90,translate_up,translate_up -> rot90,synthetic_pair_on_id_atomic_input,image_block_06,128,0.3163918670574909,128,0.06954739801477329,128,32.76177215176899,128,32.95147561764752,128,0.0,128,0.5389402966677597,128,0.16172903721753584,128,17.379309949245744,128,17.090119721359155,128,0.0,128,0.0,128,0.0,128,0.0,128,0.0,128,1.0,128,1.0,128,0.23920579876129347,128,0.11567611910184818,128,0.24342455280266861,128,0.24009261215160344,128,0.238802801928018,128,0.1150257374404981,128,1.0,128,0.0,128,1.0,128,0.0,128,0.13579923048064046,128,0.13579923048064046,128,128,0.3163918670574909,0.06954739801477329,128,0.5389402966677597,0.16172903721753584,0,,0,,72.19622861907273,128,0.7312691654948208,128,0.13579923048064046,128
1,val,rot90,translate_up,translate_up -> rot90,synthetic_pair_on_id_atomic_input,image_final_norm,128,0.31839893467037744,128,0.07016488562850329,128,5.600187636734381,128,5.621753645465244,128,0.0,128,0.5501546281883123,128,0.16748487351968921,128,2.9379164405156137,128,2.895678718422538,128,0.0,128,0.0,128,0.0,128,0.0,128,0.0,128,1.0,128,1.0,128,0.23908688181025986,128,0.11715264027818394,128,0.24356800309500967,128,0.23942263782902146,128,0.23747323708387147,128,0.11701796746953774,128,1.0,128,0.0,128,1.0,128,0.0,128,0.13760754967050964,128,0.13760754967050964,128,128,0.31839893467037744,0.07016488562850329,128,0.5501546281883123,0.16748487351968921,0,,0,,29.090832718234083,128,0.9249768656346723,128,0.13760754967050964,128
1,val,translate_up,mirror_horizontal,mirror_horizontal -> translate_up,synthetic_pair_on_id_atomic_input,image_input_tokens,128,0.8104979872688123,128,0.42158077278757783,128,0.19076565965873848,128,0.19686208093290444,128,0.0,128,1.620418777184887,128,1.13193298682101,125,0.0941819118526803,128,0.08748978676932828,128,0.0234375,128,0.0,128,0.0,128,0.0234375,128,0.0234375,128,1.0,128,1.0,128,0.025323446134740066,128,0.015626935824893915,128,0.026396463991864502,128,0.02648901356573119,128,0.025524278584362667,128,0.014901394571062578,128,1.0703125,128,0.0,128,1.0703125,128,1.0,128,0.002246169155027069,128,0.0022909469700434053,128,128,0.8104979872688123,0.42158077278757783,125,1.6593088278373243,1.13193298682101,0,,0,,0.3728232032713024,128,0.0457618152078828,128,0.00214511964976697,128
1,val,translate_up,mirror_horizontal,mirror_horizontal -> translate_up,synthetic_pair_on_id_atomic_input,image_block_01,128,0.26962390135407216,128,0.04352240103943612,128,7.323959393682221,128,7.330797761481811,128,0.0,128,0.5804770416422607,128,0.17919887904296006,125,3.5725073300055836,128,3.524387465256031,128,0.0234375,128,0.0,128,0.0,128,0.0234375,128,0.0234375,128,1.0,128,1.0,128,0.04418819432120011,128,0.07497211821123638,128,0.08037211909644995,128,0.07732484543144794,128,0.043145990548907324,128,0.07199584711553292,128,1.0703125,128,0.0,128,1.0703125,128,0.97265625,128,0.026039376651407962,128,0.0262165670535474,128,128,0.26962390135407216,0.04352240103943612,125,0.594408490641675,0.17919887904296006,0,,0,,19.183532248522834,128,0.5284682365159564,128,0.025807930448535008,128
1,val,translate_up,mirror_horizontal,mirror_horizontal -> translate_up,synthetic_pair_on_id_atomic_input,image_block_02,128,0.280535631009651,128,0.0477277437342206,128,10.172077480607278,128,10.168533482700374,128,0.0,128,0.46532155850198065,128,0.12062083690654227,125,6.726504519227463,128,6.616348965244596,128,0.0234375,128,0.0,128,0.0,128,0.0234375,128,0.0234375,128,1.0,128,1.0,128,0.052011593164764336,128,0.09594664080700435,128,0.10122844643708166,128,0.09915534231189783,128,0.05239041402060818,128,0.09433580111006852,128,1.0703125,128,0.0,128,1.0703125,128,0.921875,128,0.03648321977209581,128,0.036747490277712375,128,128,0.280535631009651,0.0477277437342206,125,0.47648927590602824,0.12062083690654227,0,,0,,29.85033882945891,128,0.6094161790220181,128,0.03612287208320835,128
1,val,translate_up,mirror_horizontal,mirror_horizontal -> translate_up,synthetic_pair_on_id_atomic_input,image_block_03,128,0.29508721191724674,128,0.05248089966035657,128,11.280261777442785,128,11.20198882134865,128,0.0,128,0.4771082960580968,128,0.12500902606114106,125,7.3909205841838155,128,7.31022618586184,128,0.0234375,128,0.0,128,0.0,128,0.0234375,128,0.0234375,128,1.0,128,1.0,128,0.05548875544173254,128,0.09168100104055141,128,0.09778063297188415,128,0.09707981112185073,128,0.05451170158511583,128,0.09088588371649813,128,1.0703125,128,0.0,128,1.0703125,128,0.869140625,128,0.039227536581577835,128,0.03946219109577782,128,128,0.29508721191724674,0.05248089966035657,125,0.4885588951634911,0.12500902606114106,0,,0,,28.034592129605258,128,0.5262367911733301,128,0.03893453878874613,128
1,val,translate_up,mirror_horizontal,mirror_horizontal -> translate_up,synthetic_pair_on_id_atomic_input,image_block_04,128,0.28852323187518836,128,0.04918861064369639,128,11.933354279952184,128,11.896836500884351,128,0.0,128,0.447478245170701,128,0.10944866639362254,125,8.271212530395243,128,7.9719568580439635,128,0.0234375,128,0.0,128,0.0,128,0.0234375,128,0.0234375,128,1.0,128,1.0,128,0.062495527470606126,128,0.10615834049673228,128,0.1114943965476341,128,0.11110602306441439,128,0.06183237973144988,128,0.10382440311364852,128,1.0703125,128,0.0,128,1.0703125,128,0.68359375,128,0.04851894802398691,128,0.0488822807022688,128,128,0.28852323187518836,0.04918861064369639,125,0.4582177230547978,0.10944866639362254,0,,0,,32.471221728847134,128,0.6068272762978901,128,0.04811182050086031,128
1,val,translate_up,mirror_horizontal,mirror_horizontal -> translate_up,synthetic_pair_on_id_atomic_input,image_block_05,128,0.38079889239767156,128,0.08706049229103753,128,14.94639933814645,128,14.729563105909417,128,0.0,128,0.33255844171690563,128,0.07188146808532614,125,18.409643369198992,128,18.491262387573748,128,0.0234375,128,0.0,128,0.0,128,0.0234375,128,0.0234375,128,1.0,128,1.0,128,0.10433440240685436,128,0.1607210825226058,128,0.17327993911689,128,0.17292394681694706,128,0.10354733757754939,128,0.1604071122972695,128,1.0703125,128,0.0,128,1.0703125,128,0.0,128,0.09520174240070713,128,0.09553059288298635,128,128,0.38079889239767156,0.08706049229103753,125,0.34053984431811146,0.07188146808532614,0,,0,,53.25393929674628,128,0.7872017377076974,128,0.09490092368842595,128
1,val,translate_up,mirror_horizontal,mirror_horizontal -> translate_up,synthetic_pair_on_id_atomic_input,image_block_06,128,0.38709897522605097,128,0.09031639325489349,128,17.223083332142817,128,16.929287328475162,128,0.0,128,0.33857993417201415,128,0.0756771365823915,125,20.63766819166381,128,20.6780094565566,128,0.0234375,128,0.0,128,0.0,128,0.0234375,128,0.0234375,128,1.0,128,1.0,128,0.115955718229691,128,0.17260008295711438,128,0.18832745354117517,128,0.1881585755912864,128,0.11531871957610054,128,0.17047838112269334,128,1.0703125,128,0.0,128,1.0703125,128,0.0,128,0.10867600489608585,128,0.10915009600446673,128,128,0.38709897522605097,0.09031639325489349,125,0.3467058525921425,0.0756771365823915,0,,0,,54.570202560976675,128,0.7471745949987038,128,0.10803031883221414,128
1,val,translate_up,mirror_horizontal,mirror_horizontal -> translate_up,synthetic_pair_on_id_atomic_input,image_final_norm,128,0.39712122273313544,128,0.09432713598858794,128,2.9050119003262256,128,2.8591215366922778,128,0.0,128,0.3403084270023701,128,0.07641050181606969,125,3.56613064946686,128,3.5479750084620783,128,0.0234375,128,0.0,128,0.0,128,0.0234375,128,0.0234375,128,1.0,128,1.0,128,0.11760896774475352,128,0.17207754971868638,128,0.187304788149737,128,0.18766546642872514,128,0.11739703447132155,128,0.16935159398956406,128,1.0703125,128,0.0,128,1.0703125,128,0.0,128,0.10975291161193447,128,0.11014795500653213,128,128,0.39712122273313544,0.09432713598858794,125,0.34847582925042697,0.07641050181606969,0,,0,,20.130815274557214,128,0.8409569173938073,128,0.10921332646597713,128
1,val,translate_up,rot90,rot90 -> translate_up,synthetic_pair_on_id_atomic_input,image_input_tokens,128,0.9879452130040304,128,0.52043565325176,128,0.188191116878431,128,0.19585797803053823,128,0.0,128,1.1869400156016694,128,0.6621949998822036,128,0.15305939406472294,128,0.14917807930333246,128,0.0,128,0.0,128,0.0,128,0.0,128,0.0,128,1.0,128,1.0,128,0.025251619446142702,128,0.023547850397477678,128,0.032209042876226474,128,0.03244146318209208,128,0.025807526393923204,128,0.024061135348138647,128,1.0,128,0.0,128,1.0,128,1.0,128,0.003066218604024175,128,0.003066218604024175,128,128,0.9879452130040304,0.52043565325176,128,1.1869400156016694,0.6621949998822036,0,,0,,0.5614723575283131,128,0.07073970208827397,128,0.003066218604024175,128
1,val,translate_up,rot90,rot90 -> translate_up,synthetic_pair_on_id_atomic_input,image_block_01,128,0.3464925059594549,128,0.06590743613339824,128,7.321481206544285,128,7.391648812091166,128,0.0,128,0.5141429218707942,128,0.14047447377771266,128,5.591645677355442,128,5.54057186845294,128,0.0,128,0.0,128,0.0,128,0.0,128,0.0,128,1.0,128,1.0,128,0.04384797765537675,128,0.10892866817580044,128,0.11084848228125134,128,0.10838993417425362,128,0.0434783202638605,128,0.10748689270127691,128,1.0,128,0.0,128,1.0,128,0.859375,128,0.03605224902438948,128,0.03605224902438948,128,128,0.3464925059594549,0.06590743613339824,128,0.5141429218707942,0.14047447377771266,0,,0,,26.12580835175504,128,0.554707418057766,128,0.03605224902438948,128
1,val,translate_up,rot90,rot90 -> translate_up,synthetic_pair_on_id_atomic_input,image_block_02,128,0.3606486710479531,128,0.07380190858350065,128,10.182844813246263,128,10.186734494185693,128,0.0,128,0.41747778369173494,128,0.09340765384264725,128,9.632661398296525,128,9.630383051473643,128,0.0,128,0.0,128,0.0,128,0.0,128,0.0,128,1.0,128,1.0,128,0.051654568653458036,128,0.12670891623216896,128,0.12804716789938664,128,0.12951709987320892,128,0.052627927660370055,128,0.1263826409343219,128,1.0,128,0.0,128,1.0,128,0.71875,128,0.04624356427690469,128,0.04624356427690469,128,128,0.3606486710479531,0.07380190858350065,128,0.41747778369173494,0.09340765384264725,0,,0,,31.86100629873816,128,0.6170971443103953,128,0.04624356427690469,128
1,val,translate_up,rot90,rot90 -> translate_up,synthetic_pair_on_id_atomic_input,image_block_03,128,0.3802719158489592,128,0.08063096214622428,128,11.304870470637741,128,11.251302751274668,128,0.0,128,0.4221924755937809,128,0.09333788719305554,128,10.970538871196737,128,10.972658616034241,128,0.0,128,0.0,128,0.0,128,0.0,128,0.0,128,1.0,128,1.0,128,0.05537915224077174,128,0.12648940339970163,128,0.1292799752821931,128,0.12794208634152315,128,0.05492269307659502,128,0.12612380101687898,128,1.0,128,0.0,128,1.0,128,0.53125,128,0.05146487990430508,128,0.05146487990430508,128,128,0.3802719158489592,0.08063096214622428,128,0.4221924755937809,0.09333788719305554,0,,0,,39.737114964264364,128,0.5743874938681841,128,0.05146487990430508,128
1,val,translate_up,rot90,rot90 -> translate_up,synthetic_pair_on_id_atomic_input,image_block_04,128,0.3700346082864969,128,0.076187638354581,128,11.979118557392306,128,11.939086830458312,128,0.0,128,0.40754918001082735,128,0.08774250288382207,128,11.804595643365872,128,11.769260010444192,128,0.0,128,0.0,128,0.0,128,0.0,128,0.0,128,1.0,128,1.0,128,0.06209881169341304,128,0.1380484210915836,128,0.14122106719654193,128,0.1413204600802227,128,0.06191486468702696,128,0.13860487603128965,128,1.0,128,0.0,128,1.0,128,0.1640625,128,0.06161215720966974,128,0.06161215720966974,128,128,0.3700346082864969,0.076187638354581,128,0.40754918001082735,0.08774250288382207,0,,0,,51.131862028530456,128,0.7229452119098768,128,0.06161215720966974,128
1,val,translate_up,rot90,rot90 -> translate_up,synthetic_pair_on_id_atomic_input,image_block_05,128,0.5209600773448565,128,0.15265674457345269,128,15.022226283257645,128,14.854899833569991,128,0.0,128,0.3063883329661029,128,0.06309628039480655,128,28.879689316459213,128,28.903669710277775,128,0.0,128,0.0,128,0.0,128,0.0,128,0.0,128,1.0,128,1.0,128,0.10396863162618694,128,0.22696811325263608,128,0.23130769723899602,128,0.23377060051387538,128,0.10318897530907095,128,0.22562774206535313,128,1.0,128,0.0,128,1.0,128,0.0,128,0.12304277653731216,128,0.12304277653731216,128,128,0.5209600773448565,0.15265674457345269,128,0.3063883329661029,0.06309628039480655,0,,0,,69.74061905091482,128,0.7660440749367692,128,0.12304277653731216,128
1,val,translate_up,rot90,rot90 -> translate_up,synthetic_pair_on_id_atomic_input,image_block_06,128,0.5389402966677597,128,0.16172903721753584,128,17.379309949245744,128,17.090119721359155,128,0.0,128,0.3163918670574909,128,0.06954739801477329,128,32.76177215176899,128,32.95147561764752,128,0.0,128,0.0,128,0.0,128,0.0,128,0.0,128,1.0,128,1.0,128,0.11567611910184818,128,0.23920579876129347,128,0.24009261215160344,128,0.24342455280266861,128,0.1150257374404981,128,0.238802801928018,128,1.0,128,0.0,128,1.0,128,0.0,128,0.13579923048064046,128,0.13579923048064046,128,128,0.5389402966677597,0.16172903721753584,128,0.3163918670574909,0.06954739801477329,0,,0,,72.19622861907273,128,0.7312691654948208,128,0.13579923048064046,128
1,val,translate_up,rot90,rot90 -> translate_up,synthetic_pair_on_id_atomic_input,image_final_norm,128,0.5501546281883123,128,0.16748487351968921,128,2.9379164405156137,128,2.895678718422538,128,0.0,128,0.31839893467037744,128,0.07016488562850329,128,5.600187636734381,128,5.621753645465244,128,0.0,128,0.0,128,0.0,128,0.0,128,0.0,128,1.0,128,1.0,128,0.11715264027818394,128,0.23908688181025986,128,0.23942263782902146,128,0.24356800309500967,128,0.11701796746953774,128,0.23747323708387147,128,1.0,128,0.0,128,1.0,128,0.0,128,0.13760754967050964,128,0.13760754967050964,128,128,0.5501546281883123,0.16748487351968921,128,0.31839893467037744,0.07016488562850329,0,,0,,29.090832718234083,128,0.9249768656346723,128,0.13760754967050964,128
1,val,translate_up,translate_up,translate_up -> translate_up,synthetic_pair_on_id_atomic_input,image_input_tokens,128,1.4080968600294106,128,0.9954973441954694,128,0.1806333891358456,128,0.1909434468343043,128,0.0,128,1.4080968600294106,128,0.9954973441954694,128,0.1806333891358456,128,0.1909434468343043,128,0.0,128,0.0,128,0.0,128,0.0,128,0.0,128,1.0,128,0.0,128,0.024962198380472127,128,0.024962198380472127,128,0.03670051757068796,128,0.03670051757068796,128,0.024689608090109772,128,0.024689608090109772,128,2.0,128,2.0,128,0.0,128,,,,,,,128,1.4080968600294106,0.9954973441954694,128,1.4080968600294106,0.9954973441954694,111,0.9844637684993915,0,,,,,,,
1,val,translate_up,translate_up,translate_up -> translate_up,synthetic_pair_on_id_atomic_input,image_block_01,128,0.5273505718610982,128,0.13958669890695208,128,7.390763697576701,128,7.415204723815317,128,0.0,128,0.5273505718610982,128,0.13958669890695208,128,7.390763697576701,128,7.415204723815317,128,0.0,128,0.0,128,0.0,128,0.0,128,0.0,128,1.0,128,0.0,128,0.04480606611728456,128,0.04480606611728456,128,0.05922122384911994,128,0.05922122384911994,128,0.042151969765072024,128,0.042151969765072024,128,2.0,128,2.0,128,0.0,128,,,,,,,128,0.5273505718610982,0.13958669890695208,128,0.5273505718610982,0.13958669890695208,111,0.9844637684993915,0,,,,,,,
1,val,translate_up,translate_up,translate_up -> translate_up,synthetic_pair_on_id_atomic_input,image_block_02,128,0.5233676720548477,128,0.14059947745925605,128,10.213337802620726,128,10.341578227010508,128,0.0,128,0.5233676720548477,128,0.14059947745925605,128,10.213337802620726,128,10.341578227010508,128,0.0,128,0.0,128,0.0,128,0.0,128,0.0,128,1.0,128,0.0,128,0.05220211853847345,128,0.05220211853847345,128,0.07196817057912627,128,0.07196817057912627,128,0.05107996082627834,128,0.05107996082627834,128,2.0,128,2.0,128,0.0,128,,,,,,,128,0.5233676720548477,0.14059947745925605,128,0.5233676720548477,0.14059947745925605,111,0.9844637684993915,0,,,,,,,
1,val,translate_up,translate_up,translate_up -> translate_up,synthetic_pair_on_id_atomic_input,image_block_03,128,0.5380295795937552,128,0.14874520117395895,128,11.310908516878767,128,11.417651578131785,128,0.0,128,0.5380295795937552,128,0.14874520117395895,128,11.310908516878767,128,11.417651578131785,128,0.0,128,0.0,128,0.0,128,0.0,128,0.0,128,1.0,128,0.0,128,0.05480331928277425,128,0.05480331928277425,128,0.07512787373210113,128,0.07512787373210113,128,0.05318370301339946,128,0.05318370301339946,128,2.0,128,2.0,128,0.0,128,,,,,,,128,0.5380295795937552,0.14874520117395895,128,0.5380295795937552,0.14874520117395895,111,0.9844637684993915,0,,,,,,,
1,val,translate_up,translate_up,translate_up -> translate_up,synthetic_pair_on_id_atomic_input,image_block_04,128,0.5124222739742917,128,0.13306149774424708,128,12.026257968964803,128,12.064768978069722,128,0.0,128,0.5124222739742917,128,0.13306149774424708,128,12.026257968964803,128,12.064768978069722,128,0.0,128,0.0,128,0.0,128,0.0,128,0.0,128,1.0,128,0.0,128,0.061597182576820966,128,0.061597182576820966,128,0.08319908285481162,128,0.08319908285481162,128,0.059091594981781785,128,0.059091594981781785,128,2.0,128,2.0,128,0.0,128,,,,,,,128,0.5124222739742917,0.13306149774424708,128,0.5124222739742917,0.13306149774424708,111,0.9844637684993915,0,,,,,,,
1,val,translate_up,translate_up,translate_up -> translate_up,synthetic_pair_on_id_atomic_input,image_block_05,128,0.6414265914050687,128,0.2142618104924636,128,15.211025684582792,128,15.084660736505118,128,0.0,128,0.6414265914050687,128,0.2142618104924636,128,15.211025684582792,128,15.084660736505118,128,0.0,128,0.0,128,0.0,128,0.0,128,0.0,128,1.0,128,0.0,128,0.10451467485534757,128,0.10451467485534757,128,0.1445188348937027,128,0.1445188348937027,128,0.09932593342752116,128,0.09932593342752116,128,2.0,128,2.0,128,0.0,128,,,,,,,128,0.6414265914050687,0.2142618104924636,128,0.6414265914050687,0.2142618104924636,111,0.9844637684993915,0,,,,,,,
1,val,translate_up,translate_up,translate_up -> translate_up,synthetic_pair_on_id_atomic_input,image_block_06,128,0.6687463761669444,128,0.23748521531497285,128,17.736463148382626,128,17.29425383029632,128,0.0,128,0.6687463761669444,128,0.23748521531497285,128,17.736463148382626,128,17.29425383029632,128,0.0,128,0.0,128,0.0,128,0.0,128,0.0,128,1.0,128,0.0,128,0.11759091847536828,128,0.11759091847536828,128,0.15961748603438758,128,0.15961748603438758,128,0.11153317532617052,128,0.11153317532617052,128,2.0,128,2.0,128,0.0,128,,,,,,,128,0.6687463761669444,0.23748521531497285,128,0.6687463761669444,0.23748521531497285,111,0.9844637684993915,0,,,,,,,
1,val,translate_up,translate_up,translate_up -> translate_up,synthetic_pair_on_id_atomic_input,image_final_norm,128,0.6916327460374333,128,0.2523620881140679,128,3.0078598236094,128,2.8937715561499444,128,0.0,128,0.6916327460374333,128,0.2523620881140679,128,3.0078598236094,128,2.8937715561499444,128,0.0,128,0.0,128,0.0,128,0.0,128,0.0,128,1.0,128,0.0,128,0.11902402013660114,128,0.11902402013660114,128,0.15969748206911488,128,0.15969748206911488,128,0.11231064463778948,128,0.11231064463778948,128,2.0,128,2.0,128,0.0,128,,,,,,,128,0.6916327460374333,0.2523620881140679,128,0.6916327460374333,0.2523620881140679,111,0.9844637684993915,0,,,,,,,
1,val_ood,rot90,translate_up,translate_up -> rot90,recorded_ood_composition,image_input_tokens,128,1.2662911424463485,128,0.7496686949672201,127,0.14520268415051393,128,0.13738119448613345,128,0.0078125,128,0.9536909870331992,128,0.4790526197727851,128,0.2002461613837867,128,0.18820953306830523,128,0.0,128,0.0078125,128,0.0078125,128,0.0,128,0.0,128,1.0,128,1.0,128,0.022663438354775203,128,0.027036212833823133,128,0.03125989278079481,128,0.031148585237082867,128,0.02137007190467239,128,0.02605217562865747,128,1.0234375,128,0.0,128,1.0234375,128,1.0,128,0.0031755426012587662,128,0.0032048505512908953,128,127,1.2762619388435643,0.7496686949672201,128,0.9536909870331992,0.4790526197727851,1000,0.17705066032707692,128,0.17543303963611834,0.5614723575283131,128,0.07073970208827397,128,0.003112922575252018,128
1,val_ood,rot90,translate_up,translate_up -> rot90,recorded_ood_composition,image_block_01,128,0.531920565807441,128,0.15300032086754456,127,5.376923301685075,128,5.2367475721546635,128,0.0078125,128,0.3428213886696074,128,0.06300916968620378,128,7.251545696697226,128,7.151261791563686,128,0.0,128,0.0078125,128,0.0078125,128,0.0,128,0.0,128,1.0,128,1.0,128,0.10627981307336715,128,0.04261768894360303,128,0.10521481710653025,128,0.1081644631620603,128,0.10607484640445425,128,0.041880028814368565,128,1.0234375,128,0.0,128,1.0234375,128,0.8984375,128,0.03424933799330056,128,0.03427945382935564,128,127,0.5361089167193105,0.15300032086754456,128,0.3428213886696074,0.06300916968620378,1000,0.17705066032707692,128,0.17543303963611834,26.12580835175504,128,0.554707418057766,128,0.034206475383324095,128
1,val_ood,rot90,translate_up,translate_up -> rot90,recorded_ood_composition,image_block_02,128,0.433160344141039,128,0.10353729674756283,127,9.195714223618074,128,9.238603801416357,128,0.0078125,128,0.3507061083916481,128,0.0677821961269597,128,10.092624313392774,128,9.944481070645317,128,0.0,128,0.0078125,128,0.0078125,128,0.0,128,0.0,128,1.0,128,1.0,128,0.12521840005902593,128,0.050622035284468944,128,0.12613805750155266,128,0.12843437880568037,128,0.12518526048492024,128,0.05057791815790424,128,1.0234375,128,0.0,128,1.0234375,128,0.75,128,0.0451303190340404,128,0.04517328072291611,128,127,0.4365710555122282,0.10353729674756283,128,0.3507061083916481,0.0677821961269597,1000,0.17705066032707692,128,0.17543303963611834,31.86100629873816,128,0.6170971443103953,128,0.0450294778224723,128
1,val_ood,rot90,translate_up,translate_up -> rot90,recorded_ood_composition,image_block_03,128,0.4257938343299641,128,0.10211410815240181,127,10.801130553202174,128,10.756389099795776,128,0.0078125,128,0.36608363260856996,128,0.07232956335570032,128,11.258106515403096,128,10.945285919430573,128,0.0,128,0.0078125,128,0.0078125,128,0.0,128,0.0,128,1.0,128,1.0,128,0.12573296244158622,128,0.054157842902043965,128,0.1261551820682149,128,0.12807049852612779,128,0.1254996002550172,128,0.052425160970538814,128,1.0234375,128,0.0,128,1.0234375,128,0.533203125,128,0.05118734473728708,128,0.05122556349991937,128,127,0.4291465416868929,0.10211410815240181,128,0.36608363260856996,0.07232956335570032,1000,0.17705066032707692,128,0.17543303963611834,39.737114964264364,128,0.5743874938681841,128,0.051151354903416796,128
1,val_ood,rot90,translate_up,translate_up -> rot90,recorded_ood_composition,image_block_04,128,0.40275695210049556,128,0.08748086655579852,127,11.787959751491066,128,11.487168261656437,128,0.0078125,128,0.3642731973992832,128,0.07287882401906487,128,11.880234542219604,128,11.61039140975869,128,0.0,128,0.0078125,128,0.0078125,128,0.0,128,0.0,128,1.0,128,1.0,128,0.13578638762733716,128,0.06084106126780495,128,0.13767188506467146,128,0.13724029558322062,128,0.13534427499390145,128,0.05901161142956697,128,1.0234375,128,0.0,128,1.0234375,128,0.21875,128,0.061020858553654925,128,0.061083920829268765,128,127,0.40592826668396403,0.08748086655579852,128,0.3642731973992832,0.07287882401906487,1000,0.17705066032707692,128,0.17543303963611834,51.131862028530456,128,0.7229452119098768,128,0.06095385112952813,128
1,val_ood,rot90,translate_up,translate_up -> rot90,recorded_ood_composition,image_block_05,128,0.31329325656089424,128,0.06656638565621063,127,28.05516217950486,128,28.01233018088587,128,0.0078125,128,0.5257554736036598,128,0.15721377626939376,128,14.972947739292287,128,15.283928759447406,128,0.0,128,0.0078125,128,0.0078125,128,0.0,128,0.0,128,1.0,128,1.0,128,0.23073097206037724,128,0.10164926713419814,128,0.23503289020034898,128,0.23300295482256195,128,0.2303341849477804,128,0.10512726494966435,128,1.0234375,128,0.0,128,1.0234375,128,0.0,128,0.12453676106216957,128,0.12460706839326316,128,127,0.31576013259680685,0.06656638565621063,128,0.5257554736036598,0.15721377626939376,1000,0.17705066032707692,128,0.17543303963611834,69.74061905091482,128,0.7660440749367692,128,0.12435193700304004,128
1,val_ood,rot90,translate_up,translate_up -> rot90,recorded_ood_composition,image_block_06,128,0.3283194518552609,128,0.07922234002346125,127,32.220914210018414,128,32.42741721672478,128,0.0078125,128,0.540197580592094,128,0.1658987616469067,128,17.44747871574623,128,18.067602472633908,128,0.0,128,0.0078125,128,0.0078125,128,0.0,128,0.0,128,1.0,128,1.0,128,0.2437729025663534,128,0.11590125785404032,128,0.25025794637412574,128,0.24883015619701168,128,0.24841155146241384,128,0.12014015411000849,128,1.0234375,128,0.0,128,1.0234375,128,0.0,128,0.1380791660699917,128,0.13831677773669432,128,127,0.3309046443895544,0.07922234002346125,128,0.540197580592094,0.1658987616469067,1000,0.17705066032707692,128,0.17543303963611834,72.19622861907273,128,0.7312691654948208,128,0.13768311319266435,128
1,val_ood,rot90,translate_up,translate_up -> rot90,recorded_ood_composition,image_final_norm,128,0.33159397157331877,128,0.08052000533980322,127,5.5460498735972905,128,5.571947752340004,128,0.0078125,128,0.5531070673027894,128,0.1732734779536486,128,2.9579386907636134,128,3.0751486348917627,128,0.0,128,0.0078125,128,0.0078125,128,0.0,128,0.0,128,1.0,128,1.0,128,0.24317936914958743,128,0.11793077844521607,128,0.24922782941678312,128,0.24766906666210675,128,0.247275690741733,128,0.12226015030252084,128,1.0234375,128,0.0,128,1.0234375,128,0.0,128,0.14105919085319663,128,0.1413212749969156,128,127,0.3342049477274394,0.08052000533980322,128,0.5531070673027894,0.1732734779536486,1000,0.17705066032707692,128,0.17543303963611834,29.090832718234083,128,0.9249768656346723,128,0.14072090334958298,128
1,test,mirror_horizontal,mirror_horizontal,mirror_horizontal -> mirror_horizontal,synthetic_pair_on_id_atomic_input,image_input_tokens,128,1.84375,128,2.0,118,0.08568789440719943,128,0.08568789440719943,128,0.078125,128,1.84375,128,2.0,118,0.08568789440719943,128,0.08568789440719943,128,0.078125,128,0.078125,128,0.078125,128,0.078125,128,0.078125,128,1.0,128,0.0,128,0.015751438292304003,128,0.015751438292304003,128,0.015537142081188192,128,0.015537142081188192,128,0.015376902789358451,128,0.015376902789358451,128,4.46875,128,2.0,128,2.46875,128,0.9921875,128,0.015039837962945847,128,0.015537142081188192,128,118,2.0,2.0,118,2.0,2.0,111,0.9874174691535331,0,,,,,,,
1,test,mirror_horizontal,mirror_horizontal,mirror_horizontal -> mirror_horizontal,synthetic_pair_on_id_atomic_input,image_block_01,128,1.84375,128,2.0,118,3.1887995103879767,128,3.1887995103879767,128,0.078125,128,1.84375,128,2.0,118,3.1887995103879767,128,3.1887995103879767,128,0.078125,128,0.078125,128,0.078125,128,0.078125,128,0.078125,128,1.0,128,0.0,128,0.07089391295320435,128,0.07089391295320435,128,0.07270022044519804,128,0.07270022044519804,128,0.0701540871415371,128,0.0701540871415371,128,4.46875,128,2.0,128,2.46875,128,0.216796875,128,0.07023206899480483,128,0.07270022044519804,128,118,2.0,2.0,118,2.0,2.0,111,0.9874174691535331,0,,,,,,,
1,test,mirror_horizontal,mirror_horizontal,mirror_horizontal -> mirror_horizontal,synthetic_pair_on_id_atomic_input,image_block_02,128,1.84375,128,2.0,118,5.872482170179031,128,5.872482170179031,128,0.078125,128,1.84375,128,2.0,118,5.872482170179031,128,5.872482170179031,128,0.078125,128,0.078125,128,0.078125,128,0.078125,128,0.078125,128,1.0,128,0.0,128,0.08896898023227759,128,0.08896898023227759,128,0.09381489028242379,128,0.09381489028242379,128,0.09080432516122977,128,0.09080432516122977,128,4.46875,128,2.0,128,2.46875,128,0.04296875,128,0.09071590809966149,128,0.09381489028242379,128,118,2.0,2.0,118,2.0,2.0,111,0.9874174691535331,0,,,,,,,
1,test,mirror_horizontal,mirror_horizontal,mirror_horizontal -> mirror_horizontal,synthetic_pair_on_id_atomic_input,image_block_03,128,1.84375,128,2.0,118,6.556203943805542,128,6.556203943805542,128,0.078125,128,1.84375,128,2.0,118,6.556203943805542,128,6.556203943805542,128,0.078125,128,0.078125,128,0.078125,128,0.078125,128,0.078125,128,1.0,128,0.0,128,0.0871972121181856,128,0.0871972121181856,128,0.09150000561252855,128,0.09150000561252855,128,0.08716848851956613,128,0.08716848851956613,128,4.46875,128,2.0,128,2.46875,128,0.046875,128,0.08867024805065957,128,0.09150000561252855,128,118,2.0,2.0,118,2.0,2.0,111,0.9874174691535331,0,,,,,,,
1,test,mirror_horizontal,mirror_horizontal,mirror_horizontal -> mirror_horizontal,synthetic_pair_on_id_atomic_input,image_block_04,128,1.84375,128,2.0,118,7.448922673963707,128,7.448922673963707,128,0.078125,128,1.84375,128,2.0,118,7.448922673963707,128,7.448922673963707,128,0.078125,128,0.078125,128,0.078125,128,0.078125,128,0.078125,128,1.0,128,0.0,128,0.10383603987098043,128,0.10383603987098043,128,0.10993719220641904,128,0.10993719220641904,128,0.10235599199980203,128,0.10235599199980203,128,4.46875,128,2.0,128,2.46875,128,0.01953125,128,0.10673073121214914,128,0.10993719220641904,128,118,2.0,2.0,118,2.0,2.0,111,0.9874174691535331,0,,,,,,,
1,test,mirror_horizontal,mirror_horizontal,mirror_horizontal -> mirror_horizontal,synthetic_pair_on_id_atomic_input,image_block_05,128,1.84375,128,2.0,118,17.12663578034105,128,17.12663578034105,128,0.078125,128,1.84375,128,2.0,118,17.12663578034105,128,17.12663578034105,128,0.078125,128,0.078125,128,0.078125,128,0.078125,128,0.078125,128,1.0,128,0.0,128,0.1626478483130661,128,0.1626478483130661,128,0.15947711923908536,128,0.15947711923908536,128,0.16062118092722544,128,0.16062118092722544,128,4.46875,128,2.0,128,2.46875,128,0.0,128,0.15651756245438014,128,0.15947711923908536,128,118,2.0,2.0,118,2.0,2.0,111,0.9874174691535331,0,,,,,,,
1,test,mirror_horizontal,mirror_horizontal,mirror_horizontal -> mirror_horizontal,synthetic_pair_on_id_atomic_input,image_block_06,128,1.84375,128,2.0,118,19.595222427710112,128,19.595222427710112,128,0.078125,128,1.84375,128,2.0,118,19.595222427710112,128,19.595222427710112,128,0.078125,128,0.078125,128,0.078125,128,0.078125,128,0.078125,128,1.0,128,0.0,128,0.17643819262192828,128,0.17643819262192828,128,0.1808513086632607,128,0.1808513086632607,128,0.1798818593577135,128,0.1798818593577135,128,4.46875,128,2.0,128,2.46875,128,0.0,128,0.17685762328982696,128,0.18086428899343787,128,118,2.0,2.0,118,2.0,2.0,111,0.9874174691535331,0,,,,,,,
1,test,mirror_horizontal,mirror_horizontal,mirror_horizontal -> mirror_horizontal,synthetic_pair_on_id_atomic_input,image_final_norm,128,1.84375,128,2.0,118,3.4108472509332364,128,3.4108472509332364,128,0.078125,128,1.84375,128,2.0,118,3.4108472509332364,128,3.4108472509332364,128,0.078125,128,0.078125,128,0.078125,128,0.078125,128,0.078125,128,1.0,128,0.0,128,0.17551894334147042,128,0.17551894334147042,128,0.18156077559991837,128,0.18156077559991837,128,0.1793253376834395,128,0.1793253376834395,128,4.46875,128,2.0,128,2.46875,128,0.0,128,0.17752426413599282,128,0.18162584453863248,128,118,2.0,2.0,118,2.0,2.0,111,0.9874174691535331,0,,,,,,,
1,test,mirror_horizontal,rot90,rot90 -> mirror_horizontal,synthetic_pair_on_id_atomic_input,image_input_tokens,128,1.5513737201557407,128,1.1102433142003436,113,0.08407947111214928,128,0.0847895127642894,128,0.03125,128,0.9639816501551919,128,0.6107838088150527,128,0.14968597300580402,128,0.1457603013042666,128,0.0,128,0.0703125,128,0.078125,128,0.0,128,0.0,128,0.046875,128,0.046875,128,0.015457739560524045,128,0.023953215070057,128,0.025368857399019944,128,0.02482997423144069,128,0.015316506755011268,128,0.02348242621310336,128,0.3203125,128,0.0,128,0.3203125,128,1.0,21,0.010371459782915279,21,0.011625288666720045,21,113,1.5626180192914585,1.1102433142003436,128,0.9639816501551919,0.6107838088150527,111,0.9171238705381617,0,,0.33231824592675824,6,0.04273735660069885,6,0.002063884851577112,6
1,test,mirror_horizontal,rot90,rot90 -> mirror_horizontal,synthetic_pair_on_id_atomic_input,image_block_01,128,1.6191503004904577,128,1.3093298153867556,113,3.1517438344528634,128,3.2576727768619635,128,0.03125,128,1.1640472270484732,128,0.8366428958138359,128,5.176859893774776,128,5.0496915521822014,128,0.0,128,0.0703125,128,0.078125,128,0.0,128,0.0,128,0.046875,128,0.046875,128,0.07056537801027368,128,0.10793265956258913,128,0.10879472208904375,128,0.10587223906078017,128,0.07282911439497672,128,0.10673657634900524,128,0.3203125,128,0.0,128,0.3203125,128,0.5714285714285714,21,0.05588215348333956,21,0.06274441956080852,21,113,1.6393914908210494,1.3093298153867556,128,1.1640472270484732,0.8366428958138359,111,0.9171238705381617,0,,39.27209097335305,6,0.93782341948117,6,0.043721627315778555,6
1,test,mirror_horizontal,rot90,rot90 -> mirror_horizontal,synthetic_pair_on_id_atomic_input,image_block_02,128,1.6409202966200853,128,1.361230065385327,113,5.824540653756417,128,5.8778222601399435,128,0.03125,128,1.1801419976160832,128,0.8477824900802691,128,8.958401350346115,128,8.736170724927094,128,0.0,128,0.0703125,128,0.078125,128,0.0,128,0.0,128,0.046875,128,0.046875,128,0.08958385668357108,128,0.1241088298537325,128,0.12830506478422735,128,0.12790199389339116,128,0.09322008695223201,128,0.12513819610612287,128,0.3203125,128,0.0,128,0.3203125,128,0.23809523809523808,21,0.07223618716203561,21,0.07776896548579472,21,113,1.66405130944576,1.361230065385327,128,1.1801419976160832,0.8477824900802691,111,0.9171238705381617,0,,34.65326600650582,6,0.6529391698313577,6,0.06029091984108781,6
1,test,mirror_horizontal,rot90,rot90 -> mirror_horizontal,synthetic_pair_on_id_atomic_input,image_block_03,128,1.6417146461558674,128,1.3610542973354791,113,6.524523605571097,128,6.428268494895779,128,0.03125,128,1.1822059475162208,128,0.8479491089481414,128,10.419131193704317,128,10.18100311947817,128,0.0,128,0.0703125,128,0.078125,128,0.0,128,0.0,128,0.046875,128,0.046875,128,0.0877674231595844,128,0.12659080401762512,128,0.1297959042613429,128,0.13069997924053325,128,0.08854036726177958,128,0.12487385764409348,128,0.3203125,128,0.0,128,0.3203125,128,0.14285714285714285,21,0.07521369631965155,21,0.079831894687271,21,113,1.6649511036101863,1.3610542973354791,128,1.1822059475162208,0.8479491089481414,111,0.9171238705381617,0,,52.55749448751447,6,0.7172417385553983,6,0.07186767767531245,6
1,test,mirror_horizontal,rot90,rot90 -> mirror_horizontal,synthetic_pair_on_id_atomic_input,image_block_04,128,1.6409892283422267,128,1.3669338746417978,113,7.395602126165182,128,7.285107920634606,128,0.03125,128,1.2099164480493187,128,0.8896296512564104,128,11.244048337068033,128,11.092923301012195,128,0.0,128,0.0703125,128,0.078125,128,0.0,128,0.0,128,0.046875,128,0.046875,128,0.1044898049551323,128,0.13871156260924505,128,0.1439158197984434,128,0.14299939904424186,128,0.10590186221756112,128,0.13553941561344018,128,0.3203125,128,0.0,128,0.3203125,128,0.0,21,0.09080391601781412,21,0.09480442517510794,21,113,1.6641293913965045,1.3669338746417978,128,1.2099164480493187,0.8896296512564104,111,0.9171238705381617,0,,73.41182032693176,6,0.9448243533682802,6,0.08600876201696604,6
1,test,mirror_horizontal,rot90,rot90 -> mirror_horizontal,synthetic_pair_on_id_atomic_input,image_block_05,128,1.6745975612066544,128,1.4195065454040043,113,17.00867540828611,128,16.16628201993001,128,0.03125,128,1.1968023486675223,128,0.8834175715236721,128,26.676081500151408,128,27.51084841394616,128,0.0,128,0.0703125,128,0.078125,128,0.0,128,0.0,128,0.046875,128,0.046875,128,0.16286557845153232,128,0.22726608888320787,128,0.22829143509335695,128,0.23658768282723064,128,0.15867610534555698,128,0.2334178693622099,128,0.3203125,128,0.0,128,0.3203125,128,0.0,21,0.16577661353954834,21,0.17634976433334643,21,113,1.7021990073845288,1.4195065454040043,128,1.1968023486675223,0.8834175715236721,111,0.9171238705381617,0,,85.89485604324771,6,0.9134233026922886,6,0.1888104639744811,6
1,test,mirror_horizontal,rot90,rot90 -> mirror_horizontal,synthetic_pair_on_id_atomic_input,image_block_06,128,1.6646365918067811,128,1.4002555246625454,113,19.443284507580454,128,18.25037798839253,128,0.03125,128,1.1744874651505806,128,0.8544576644574615,128,30.70984185051377,128,31.83379611661151,128,0.0,128,0.0703125,128,0.078125,128,0.0,128,0.0,128,0.046875,128,0.046875,128,0.1758880189285263,128,0.24165796422438143,128,0.24649354012161082,128,0.25194522412284154,128,0.17258509794393628,128,0.2463746067606356,128,0.3203125,128,0.0,128,0.3203125,128,0.0,21,0.18243982969645098,21,0.1913226502081964,21,113,1.6909157854094512,1.4002555246625454,128,1.1744874651505806,0.8544576644574615,111,0.9171238705381617,0,,97.02623676912067,6,0.9540849373053552,6,0.20047568971235363,6
1,test,mirror_horizontal,rot90,rot90 -> mirror_horizontal,synthetic_pair_on_id_atomic_input,image_final_norm,128,1.6671101681164995,128,1.405801281689353,113,3.3879644343381705,128,3.185508271826685,128,0.03125,128,1.1772793328744275,128,0.8563682184369976,128,5.3067994918190955,128,5.496781635628515,128,0.0,128,0.0703125,128,0.078125,128,0.0,128,0.0,128,0.046875,128,0.046875,128,0.17479070693361493,128,0.23983135119140983,128,0.24708631900477454,128,0.25210093288956253,128,0.17137722034843286,128,0.24461666828367654,128,0.3203125,128,0.0,128,0.3203125,128,0.0,21,0.1858694122391077,21,0.1950654596522917,21,113,1.6937177125567429,1.405801281689353,128,1.1772793328744275,0.8563682184369976,111,0.9171238705381617,0,,36.66056575222078,6,1.1266738691065898,6,0.20387492548293443,6
1,test,mirror_horizontal,translate_up,translate_up -> mirror_horizontal,synthetic_pair_on_id_atomic_input,image_input_tokens,128,1.4797893682843788,128,1.0798791888072243,118,0.08582087475812536,128,0.09466179400660174,128,0.078125,128,0.7247699193819135,128,0.3540313710010199,128,0.2245912653239396,128,0.21353423672741872,128,0.0,128,0.078125,128,0.078125,128,0.0,128,0.0,128,1.0,128,1.0,128,0.01575111705040643,128,0.03058029537280415,128,0.031232449774529263,128,0.031161607035176814,128,0.016359244101965105,128,0.029532214054993712,128,1.234375,128,0.0,128,1.234375,128,1.0,128,0.0025702574579497426,128,0.002724375300281619,128,118,1.6051952469525468,1.0798791888072243,128,0.7247699193819135,0.3540313710010199,111,0.9755750164255366,0,,0.3728232032713024,128,0.0457618152078828,128,0.002198180974570455,128
1,test,mirror_horizontal,translate_up,translate_up -> mirror_horizontal,synthetic_pair_on_id_atomic_input,image_block_01,128,0.5948101876323205,128,0.23571256437028407,118,3.1913734231463273,128,3.2565106646970587,128,0.078125,128,0.26687008429296666,128,0.04963825234504351,128,7.39648733717558,128,7.388652759561445,128,0.0,128,0.078125,128,0.078125,128,0.0,128,0.0,128,1.0,128,1.0,128,0.07175477423504005,128,0.046341286030255974,128,0.07683937739220156,128,0.07887264267907099,128,0.07052556923549855,128,0.04622960072635918,128,1.234375,128,0.0,128,1.234375,128,0.951171875,128,0.028001160382408706,128,0.028854075844626504,128,118,0.6452178306520086,0.23571256437028407,128,0.26687008429296666,0.04963825234504351,111,0.9755750164255366,0,,19.183532248522834,128,0.5284682365159564,128,0.02680077853012501,128
1,test,mirror_horizontal,translate_up,translate_up -> mirror_horizontal,synthetic_pair_on_id_atomic_input,image_block_02,128,0.48415952235644666,128,0.15832790949964748,118,5.811626674243694,128,5.784033593499746,128,0.078125,128,0.27992219985684974,128,0.05295739678382298,128,10.241655728109038,128,10.25193240974638,128,0.0,128,0.078125,128,0.078125,128,0.0,128,0.0,128,1.0,128,1.0,128,0.09041344743809779,128,0.054825729242090546,128,0.09629342923958802,128,0.09834722881531144,128,0.08800245711308634,128,0.05512920666545469,128,1.234375,128,0.0,128,1.234375,128,0.873046875,128,0.039244860203755574,128,0.04033125569286243,128,118,0.5251899903527557,0.15832790949964748,128,0.27992219985684974,0.05295739678382298,111,0.9755750164255366,0,,29.85033882945891,128,0.6094161790220181,128,0.03728598351257517,128
1,test,mirror_horizontal,translate_up,translate_up -> mirror_horizontal,synthetic_pair_on_id_atomic_input,image_block_03,128,0.49773113506511946,128,0.16243831780089946,118,6.473654591848158,128,6.392799543318036,128,0.078125,128,0.2918328864214288,128,0.055835647365662475,128,11.463744025747346,128,11.410533671080076,128,0.0,128,0.078125,128,0.078125,128,0.0,128,0.0,128,1.0,128,1.0,128,0.0881678446717187,128,0.0577077326588971,128,0.09539747953930064,128,0.0964026869893787,128,0.08675860407500652,128,0.057649432845209375,128,1.234375,128,0.0,128,1.234375,128,0.84765625,128,0.041593003263509835,128,0.04258499395825081,128,118,0.5399117397316548,0.16243831780089946,128,0.2918328864214288,0.055835647365662475,111,0.9755750164255366,0,,28.034592129605258,128,0.5262367911733301,128,0.03996001070312554,128
1,test,mirror_horizontal,translate_up,translate_up -> mirror_horizontal,synthetic_pair_on_id_atomic_input,image_block_04,128,0.4458494951000648,128,0.13104744849281144,118,7.412927246329176,128,7.223402497159252,128,0.078125,128,0.28151380803653137,128,0.052000991112650816,128,11.954395548719056,128,11.941702548518249,128,0.0,128,0.078125,128,0.078125,128,0.0,128,0.0,128,1.0,128,1.0,128,0.10509545996036994,128,0.06375336082184858,128,0.10975299004704017,128,0.11158786778232732,128,0.10319090580025073,128,0.06307243948470165,128,1.234375,128,0.0,128,1.234375,128,0.578125,128,0.05105690570391955,128,0.05215752717884593,128,118,0.48363335061701923,0.13104744849281144,128,0.28151380803653137,0.052000991112650816,111,0.9755750164255366,0,,32.471221728847134,128,0.6068272762978901,128,0.049143136021484866,128
1,test,mirror_horizontal,translate_up,translate_up -> mirror_horizontal,synthetic_pair_on_id_atomic_input,image_block_05,128,0.31787305078757655,128,0.07542264791685216,118,17.209749311992624,128,17.366308224047856,128,0.078125,128,0.38034781775359694,128,0.09465087730104413,128,14.582766944423904,128,14.69795264316345,128,0.0,128,0.078125,128,0.078125,128,0.0,128,0.0,128,1.0,128,1.0,128,0.16244522544239814,128,0.1030949405567082,128,0.17293080425619745,128,0.17550527015163847,128,0.16039652883300998,128,0.10361000563910555,128,1.234375,128,0.0,128,1.234375,128,0.0,128,0.0970186898428056,128,0.09837401675951493,128,118,0.34481144492211696,0.07542264791685216,128,0.38034781775359694,0.09465087730104413,111,0.9755750164255366,0,,53.25393929674628,128,0.7872017377076974,128,0.09497429514860836,128
1,test,mirror_horizontal,translate_up,translate_up -> mirror_horizontal,synthetic_pair_on_id_atomic_input,image_block_06,128,0.3251824680653826,128,0.08141270160924177,118,19.639372193519385,128,19.86285365893798,128,0.078125,128,0.3919366884175375,128,0.10230389957767244,128,16.46028426797348,128,16.720503603128293,128,0.0,128,0.078125,128,0.078125,128,0.0,128,0.0,128,1.0,128,1.0,128,0.1766167278127106,128,0.11413179447381491,128,0.18925208965271062,128,0.19198471665766897,128,0.17694005625377568,128,0.11475703525116576,128,1.234375,128,0.0,128,1.234375,128,0.0,128,0.10898553252799642,128,0.11054292414334782,128,118,0.3527403043421098,0.08141270160924177,128,0.3919366884175375,0.10230389957767244,111,0.9755750164255366,0,,54.570202560976675,128,0.7471745949987038,128,0.10651746207507952,128
1,test,mirror_horizontal,translate_up,translate_up -> mirror_horizontal,synthetic_pair_on_id_atomic_input,image_final_norm,128,0.3243556842983525,128,0.07985190908520035,118,3.4184887795923267,128,3.4636278866638177,128,0.078125,128,0.39886719343944904,128,0.10525362516767775,128,2.8140727988121936,128,2.8560324168070252,128,0.0,128,0.078125,128,0.078125,128,0.0,128,0.0,128,1.0,128,1.0,128,0.17531601906375538,128,0.1161013907621786,128,0.1890548991264458,128,0.1911019406172386,128,0.17587928730288968,128,0.11664032858311364,128,1.234375,128,0.0,128,1.234375,128,0.0,128,0.10981981881352819,128,0.11134064830001078,128,118,0.3518434541541452,0.07985190908520035,128,0.39886719343944904,0.10525362516767775,111,0.9755750164255366,0,,20.130815274557214,128,0.8409569173938073,128,0.10754247102233107,128
1,test,rot90,mirror_horizontal,mirror_horizontal -> rot90,synthetic_pair_on_id_atomic_input,image_input_tokens,128,0.9639816501551919,128,0.6107838088150527,128,0.14968597300580402,128,0.1457603013042666,128,0.0,128,1.5513737201557407,128,1.1102433142003436,113,0.08407947111214928,128,0.0847895127642894,128,0.03125,128,0.0,128,0.0,128,0.0703125,128,0.078125,128,0.046875,128,0.046875,128,0.023953215070057,128,0.015457739560524045,128,0.02482997423144069,128,0.025368857399019944,128,0.02348242621310336,128,0.015316506755011268,128,0.3203125,128,0.0,128,0.3203125,128,1.0,21,0.010371459782915279,21,0.011625288666720045,21,128,0.9639816501551919,0.6107838088150527,113,1.5626180192914585,1.1102433142003436,111,0.9282494735073399,0,,0.33231824592675824,6,0.04273735660069885,6,0.002063884851577112,6
1,test,rot90,mirror_horizontal,mirror_horizontal -> rot90,synthetic_pair_on_id_atomic_input,image_block_01,128,1.1640472270484732,128,0.8366428958138359,128,5.176859893774776,128,5.0496915521822014,128,0.0,128,1.6191503004904577,128,1.3093298153867556,113,3.1517438344528634,128,3.2576727768619635,128,0.03125,128,0.0,128,0.0,128,0.0703125,128,0.078125,128,0.046875,128,0.046875,128,0.10793265956258913,128,0.07056537801027368,128,0.10587223906078017,128,0.10879472208904375,128,0.10673657634900524,128,0.07282911439497672,128,0.3203125,128,0.0,128,0.3203125,128,0.5714285714285714,21,0.05588215348333956,21,0.06274441956080852,21,128,1.1640472270484732,0.8366428958138359,113,1.6393914908210494,1.3093298153867556,111,0.9282494735073399,0,,39.27209097335305,6,0.93782341948117,6,0.043721627315778555,6
1,test,rot90,mirror_horizontal,mirror_horizontal -> rot90,synthetic_pair_on_id_atomic_input,image_block_02,128,1.1801419976160832,128,0.8477824900802691,128,8.958401350346115,128,8.736170724927094,128,0.0,128,1.6409202966200853,128,1.361230065385327,113,5.824540653756417,128,5.8778222601399435,128,0.03125,128,0.0,128,0.0,128,0.0703125,128,0.078125,128,0.046875,128,0.046875,128,0.1241088298537325,128,0.08958385668357108,128,0.12790199389339116,128,0.12830506478422735,128,0.12513819610612287,128,0.09322008695223201,128,0.3203125,128,0.0,128,0.3203125,128,0.23809523809523808,21,0.07223618716203561,21,0.07776896548579472,21,128,1.1801419976160832,0.8477824900802691,113,1.66405130944576,1.361230065385327,111,0.9282494735073399,0,,34.65326600650582,6,0.6529391698313577,6,0.06029091984108781,6
1,test,rot90,mirror_horizontal,mirror_horizontal -> rot90,synthetic_pair_on_id_atomic_input,image_block_03,128,1.1822059475162208,128,0.8479491089481414,128,10.419131193704317,128,10.18100311947817,128,0.0,128,1.6417146461558674,128,1.3610542973354791,113,6.524523605571097,128,6.428268494895779,128,0.03125,128,0.0,128,0.0,128,0.0703125,128,0.078125,128,0.046875,128,0.046875,128,0.12659080401762512,128,0.0877674231595844,128,0.13069997924053325,128,0.1297959042613429,128,0.12487385764409348,128,0.08854036726177958,128,0.3203125,128,0.0,128,0.3203125,128,0.14285714285714285,21,0.07521369631965157,21,0.079831894687271,21,128,1.1822059475162208,0.8479491089481414,113,1.6649511036101863,1.3610542973354791,111,0.9282494735073399,0,,52.55749448751447,6,0.7172417385553983,6,0.07186767767531245,6
1,test,rot90,mirror_horizontal,mirror_horizontal -> rot90,synthetic_pair_on_id_atomic_input,image_block_04,128,1.2099164480493187,128,0.8896296512564104,128,11.244048337068033,128,11.092923301012195,128,0.0,128,1.6409892283422267,128,1.3669338746417978,113,7.395602126165182,128,7.285107920634606,128,0.03125,128,0.0,128,0.0,128,0.0703125,128,0.078125,128,0.046875,128,0.046875,128,0.13871156260924505,128,0.1044898049551323,128,0.14299939904424186,128,0.1439158197984434,128,0.13553941561344018,128,0.10590186221756112,128,0.3203125,128,0.0,128,0.3203125,128,0.0,21,0.09080391601781412,21,0.09480442517510794,21,128,1.2099164480493187,0.8896296512564104,113,1.6641293913965045,1.3669338746417978,111,0.9282494735073399,0,,73.41182032693176,6,0.9448243533682802,6,0.08600876201696604,6
1,test,rot90,mirror_horizontal,mirror_horizontal -> rot90,synthetic_pair_on_id_atomic_input,image_block_05,128,1.1968023486675223,128,0.8834175715236721,128,26.676081500151408,128,27.51084841394616,128,0.0,128,1.6745975612066544,128,1.4195065454040043,113,17.00867540828611,128,16.16628201993001,128,0.03125,128,0.0,128,0.0,128,0.0703125,128,0.078125,128,0.046875,128,0.046875,128,0.22726608888320787,128,0.16286557845153232,128,0.23658768282723064,128,0.22829143509335695,128,0.2334178693622099,128,0.15867610534555698,128,0.3203125,128,0.0,128,0.3203125,128,0.0,21,0.16577661353954834,21,0.17634976433334643,21,128,1.1968023486675223,0.8834175715236721,113,1.7021990073845288,1.4195065454040043,111,0.9282494735073399,0,,85.89485604324771,6,0.9134233026922886,6,0.1888104639744811,6
1,test,rot90,mirror_horizontal,mirror_horizontal -> rot90,synthetic_pair_on_id_atomic_input,image_block_06,128,1.1744874651505806,128,0.8544576644574615,128,30.70984185051377,128,31.83379611661151,128,0.0,128,1.6646365918067811,128,1.4002555246625454,113,19.443284507580454,128,18.25037798839253,128,0.03125,128,0.0,128,0.0,128,0.0703125,128,0.078125,128,0.046875,128,0.046875,128,0.24165796422438143,128,0.1758880189285263,128,0.25194522412284154,128,0.24649354012161082,128,0.2463746067606356,128,0.17258509794393628,128,0.3203125,128,0.0,128,0.3203125,128,0.0,21,0.18243982969645098,21,0.1913226502081964,21,128,1.1744874651505806,0.8544576644574615,113,1.6909157854094512,1.4002555246625454,111,0.9282494735073399,0,,97.02623676912067,6,0.9540849373053552,6,0.20047568971235363,6
1,test,rot90,mirror_horizontal,mirror_horizontal -> rot90,synthetic_pair_on_id_atomic_input,image_final_norm,128,1.1772793328744275,128,0.8563682184369976,128,5.3067994918190955,128,5.496781635628515,128,0.0,128,1.6671101681164995,128,1.405801281689353,113,3.3879644343381705,128,3.185508271826685,128,0.03125,128,0.0,128,0.0,128,0.0703125,128,0.078125,128,0.046875,128,0.046875,128,0.23983135119140983,128,0.17479070693361493,128,0.25210093288956253,128,0.24708631900477454,128,0.24461666828367654,128,0.17137722034843286,128,0.3203125,128,0.0,128,0.3203125,128,0.0,21,0.1858694122391077,21,0.1950654596522917,21,128,1.1772793328744275,0.8563682184369976,113,1.6937177125567429,1.405801281689353,111,0.9282494735073399,0,,36.66056575222078,6,1.1266738691065898,6,0.20387492548293443,6
1,test,rot90,rot90,rot90 -> rot90,synthetic_pair_on_id_atomic_input,image_input_tokens,128,1.7128343240269692,128,1.4330565288757589,128,0.14968597300580402,128,0.1501848389764447,128,0.0,128,1.7128343240269692,128,1.4330565288757589,128,0.14968597300580402,128,0.1501848389764447,128,0.0,128,0.0,128,0.0,128,0.0,128,0.0,128,1.0,128,0.0,128,0.023953215070057,128,0.023953215070057,128,0.029989780144768136,128,0.029989780144768136,128,0.024650652888824585,128,0.024650652888824585,128,2.09375,128,2.0,128,0.09375,128,1.0,6,0.02255517995017775,6,0.02255517995017775,6,128,1.7128343240269692,1.4330565288757589,128,1.7128343240269692,1.4330565288757589,111,0.9571956686071448,0,,,,,,,
1,test,rot90,rot90,rot90 -> rot90,synthetic_pair_on_id_atomic_input,image_block_01,128,1.7548044282428468,128,1.5509440529745662,128,5.176859893774776,128,5.20048383869074,128,0.0,128,1.7548044282428468,128,1.5509440529745662,128,5.176859893774776,128,5.20048383869074,128,0.0,128,0.0,128,0.0,128,0.0,128,0.0,128,1.0,128,0.0,128,0.10793265956258913,128,0.10793265956258913,128,0.12526586243700918,128,0.12526586243700918,128,0.10835425983927667,128,0.10835425983927667,128,2.09375,128,2.0,128,0.09375,128,0.0,6,0.13664419568979289,6,0.13664419568979289,6,128,1.7548044282428468,1.5509440529745662,128,1.7548044282428468,1.5509440529745662,111,0.9571956686071448,0,,,,,,,
1,test,rot90,rot90,rot90 -> rot90,synthetic_pair_on_id_atomic_input,image_block_02,128,1.7630825641078909,128,1.5645260831242878,128,8.958401350346115,128,9.014986527336859,128,0.0,128,1.7630825641078909,128,1.5645260831242878,128,8.958401350346115,128,9.014986527336859,128,0.0,128,0.0,128,0.0,128,0.0,128,0.0,128,1.0,128,0.0,128,0.1241088298537325,128,0.1241088298537325,128,0.13830875265492387,128,0.13830875265492387,128,0.12517304568867738,128,0.12517304568867738,128,2.09375,128,2.0,128,0.09375,128,0.0,6,0.1363825401053724,6,0.1363825401053724,6,128,1.7630825641078909,1.5645260831242878,128,1.7630825641078909,1.5645260831242878,111,0.9571956686071448,0,,,,,,,
1,test,rot90,rot90,rot90 -> rot90,synthetic_pair_on_id_atomic_input,image_block_03,128,1.7734115648199942,128,1.5846572733857067,128,10.419131193704317,128,10.540775379532388,128,0.0,128,1.7734115648199942,128,1.5846572733857067,128,10.419131193704317,128,10.540775379532388,128,0.0,128,0.0,128,0.0,128,0.0,128,0.0,128,1.0,128,0.0,128,0.12659080401762512,128,0.12659080401762512,128,0.13836938798932755,128,0.13836938798932755,128,0.126104634639322,128,0.126104634639322,128,2.09375,128,2.0,128,0.09375,128,0.0,6,0.14039387436741196,6,0.14039387436741196,6,128,1.7734115648199942,1.5846572733857067,128,1.7734115648199942,1.5846572733857067,111,0.9571956686071448,0,,,,,,,
1,test,rot90,rot90,rot90 -> rot90,synthetic_pair_on_id_atomic_input,image_block_04,128,1.7807361682488114,128,1.5959103560022967,128,11.244048337068033,128,11.172396572586536,128,0.0,128,1.7807361682488114,128,1.5959103560022967,128,11.244048337068033,128,11.172396572586536,128,0.0,128,0.0,128,0.0,128,0.0,128,0.0,128,1.0,128,0.0,128,0.13871156260924505,128,0.13871156260924505,128,0.15409604217839745,128,0.15409604217839745,128,0.1381284708572144,128,0.1381284708572144,128,2.09375,128,2.0,128,0.09375,128,0.0,6,0.15033993876775978,6,0.15033993876775978,6,128,1.7807361682488114,1.5959103560022967,128,1.7807361682488114,1.5959103560022967,111,0.9571956686071448,0,,,,,,,
1,test,rot90,rot90,rot90 -> rot90,synthetic_pair_on_id_atomic_input,image_block_05,128,1.8190845848167962,128,1.6615357160158806,128,26.676081500151408,128,27.33708096685157,128,0.0,128,1.8190845848167962,128,1.6615357160158806,128,26.676081500151408,128,27.33708096685157,128,0.0,128,0.0,128,0.0,128,0.0,128,0.0,128,1.0,128,0.0,128,0.22726608888320787,128,0.22726608888320787,128,0.24539047875826414,128,0.24539047875826414,128,0.231302021689145,128,0.231302021689145,128,2.09375,128,2.0,128,0.09375,128,0.0,6,0.21828758147739125,6,0.21828758147739125,6,128,1.8190845848167962,1.6615357160158806,128,1.8190845848167962,1.6615357160158806,111,0.9571956686071448,0,,,,,,,
1,test,rot90,rot90,rot90 -> rot90,synthetic_pair_on_id_atomic_input,image_block_06,128,1.8189708173715111,128,1.6620530372111344,128,30.70984185051377,128,31.351056237395717,128,0.0,128,1.8189708173715111,128,1.6620530372111344,128,30.70984185051377,128,31.351056237395717,128,0.0,128,0.0,128,0.0,128,0.0,128,0.0,128,1.0,128,0.0,128,0.24165796422438143,128,0.24165796422438143,128,0.2580855992628456,128,0.2580855992628456,128,0.24376992203427286,128,0.24376992203427286,128,2.09375,128,2.0,128,0.09375,128,0.0,6,0.25055079726191215,6,0.25055079726191215,6,128,1.8189708173715111,1.6620530372111344,128,1.8189708173715111,1.6620530372111344,111,0.9571956686071448,0,,,,,,,
1,test,rot90,rot90,rot90 -> rot90,synthetic_pair_on_id_atomic_input,image_final_norm,128,1.8188630153504441,128,1.6619635197523746,128,5.3067994918190955,128,5.416997245512507,128,0.0,128,1.8188630153504441,128,1.6619635197523746,128,5.3067994918190955,128,5.416997245512507,128,0.0,128,0.0,128,0.0,128,0.0,128,0.0,128,1.0,128,0.0,128,0.23983135119140983,128,0.23983135119140983,128,0.25658358978357027,128,0.25658358978357027,128,0.2422770918165683,128,0.2422770918165683,128,2.09375,128,2.0,128,0.09375,128,0.0,6,0.24771551745315037,6,0.24771551745315037,6,128,1.8188630153504441,1.6619635197523746,128,1.8188630153504441,1.6619635197523746,111,0.9571956686071448,0,,,,,,,
1,test,rot90,translate_up,translate_up -> rot90,synthetic_pair_on_id_atomic_input,image_input_tokens,128,1.231009246259648,128,0.6908980676149283,128,0.1517669786506245,128,0.15065934558226615,128,0.0,128,0.9157422916421245,128,0.4517841260106568,128,0.2204644663825755,128,0.20822552548111278,128,0.0,128,0.0,128,0.0,128,0.0,128,0.0,128,1.0,128,1.0,128,0.02409200604677488,128,0.030064041803776954,128,0.03448279884124518,128,0.03431872785870038,128,0.024722056139220856,128,0.028371526901757323,128,1.0,128,0.0,128,1.0,128,1.0,128,0.0034478736458542513,128,0.0034478736458542513,128,128,1.231009246259648,0.6908980676149283,128,0.9157422916421245,0.4517841260106568,0,,0,,0.5614723575283131,128,0.07073970208827397,128,0.0034478736458542513,128
1,test,rot90,translate_up,translate_up -> rot90,synthetic_pair_on_id_atomic_input,image_block_01,128,0.5245531577267649,128,0.15258991488715928,128,5.261654294548869,128,5.334252988248329,128,0.0,128,0.3440766173033622,128,0.06660365031463461,128,7.406072945147534,128,7.304548368624141,128,0.0,128,0.0,128,0.0,128,0.0,128,0.0,128,1.0,128,1.0,128,0.10947814422099669,128,0.046426345265068544,128,0.10929143067211189,128,0.11179298665903808,128,0.11036680071358607,128,0.044267208613764014,128,1.0,128,0.0,128,1.0,128,0.8203125,128,0.03836408049697494,128,0.03836408049697494,128,128,0.5245531577267649,0.15258991488715928,128,0.3440766173033622,0.06660365031463461,0,,0,,26.12580835175504,128,0.554707418057766,128,0.03836408049697494,128
1,test,rot90,translate_up,translate_up -> rot90,synthetic_pair_on_id_atomic_input,image_block_02,128,0.4466986969010319,128,0.11090790368691104,128,9.102012446606102,128,9.224881961581005,128,0.0,128,0.35792916393342716,128,0.07195667000238387,128,10.29380436767238,128,10.168076994839574,128,0.0,128,0.0,128,0.0,128,0.0,128,0.0,128,1.0,128,1.0,128,0.125334181959259,128,0.05505138241458465,128,0.12885138434575616,128,0.1283890035519792,128,0.1265344819683631,128,0.053935368402745175,128,1.0,128,0.0,128,1.0,128,0.6796875,128,0.048575306085000595,128,0.048575306085000595,128,128,0.4466986969010319,0.11090790368691104,128,0.35792916393342716,0.07195667000238387,0,,0,,31.86100629873816,128,0.6170971443103953,128,0.048575306085000595,128
1,test,rot90,translate_up,translate_up -> rot90,synthetic_pair_on_id_atomic_input,image_block_03,128,0.45409474568092134,128,0.11180382801167858,128,10.506300554308474,128,10.669239145157968,128,0.0,128,0.3780855159770643,128,0.07868501542179497,128,11.507878481668287,128,11.266159641722874,128,0.0,128,0.0,128,0.0,128,0.0,128,0.0,128,1.0,128,1.0,128,0.1264899664414845,128,0.058185590628043446,128,0.1298802761696226,128,0.13099316397716004,128,0.1280181435032287,128,0.05683133447447182,128,1.0,128,0.0,128,1.0,128,0.4921875,128,0.05451883210857783,128,0.05451883210857783,128,128,0.45409474568092134,0.11180382801167858,128,0.3780855159770643,0.07868501542179497,0,,0,,39.737114964264364,128,0.5743874938681841,128,0.05451883210857783,128
1,test,rot90,translate_up,translate_up -> rot90,synthetic_pair_on_id_atomic_input,image_block_04,128,0.41079190895789475,128,0.09036671269952795,128,11.451525428261835,128,11.423903756307823,128,0.0,128,0.3633320181764075,128,0.07209177728424748,128,11.99165863211441,128,11.83469137616936,128,0.0,128,0.0,128,0.0,128,0.0,128,0.0,128,1.0,128,1.0,128,0.13900390865868995,128,0.06403935467950982,128,0.14150716433175808,128,0.1424302705342335,128,0.1398037897903862,128,0.06282429818555045,128,1.0,128,0.0,128,1.0,128,0.1484375,128,0.06546652495217682,128,0.06546652495217682,128,128,0.41079190895789475,0.09036671269952795,128,0.3633320181764075,0.07209177728424748,0,,0,,51.131862028530456,128,0.7229452119098768,128,0.06546652495217682,128
1,test,rot90,translate_up,translate_up -> rot90,synthetic_pair_on_id_atomic_input,image_block_05,128,0.30245638772687994,128,0.05576765834065188,128,26.610107576507964,128,26.857151903323643,128,0.0,128,0.4989393440776165,128,0.14035626568731474,128,14.600198271725485,128,14.828292041356882,128,0.0,128,0.0,128,0.0,128,0.0,128,0.0,128,1.0,128,1.0,128,0.22589413782309953,128,0.10334872767464137,128,0.23233182747746856,128,0.23484726722940133,128,0.23062880079899725,128,0.1054523182626071,128,1.0,128,0.0,128,1.0,128,0.0,128,0.12535601975030058,128,0.12535601975030058,128,128,0.30245638772687994,0.05576765834065188,128,0.4989393440776165,0.14035626568731474,0,,0,,69.74061905091482,128,0.7660440749367692,128,0.12535601975030058,128
1,test,rot90,translate_up,translate_up -> rot90,synthetic_pair_on_id_atomic_input,image_block_06,128,0.3004736775115962,128,0.05555751859988462,128,30.685655584208508,128,31.20700060608669,128,0.0,128,0.5103138310173024,128,0.14590214560173026,128,16.45062803759157,128,16.94055122878286,128,0.0,128,0.0,128,0.0,128,0.0,128,0.0,128,1.0,128,1.0,128,0.24157916159396162,128,0.1141104240575469,128,0.24778582421376283,128,0.24886527211832132,128,0.24810461352827345,128,0.1170058320095866,128,1.0,128,0.0,128,1.0,128,0.0,128,0.14048682019519332,128,0.14048682019519332,128,128,0.3004736775115962,0.05555751859988462,128,0.5103138310173024,0.14590214560173026,0,,0,,72.19622861907273,128,0.7312691654948208,128,0.14048682019519332,128
1,test,rot90,translate_up,translate_up -> rot90,synthetic_pair_on_id_atomic_input,image_final_norm,128,0.3009302967768034,128,0.0553083291524468,128,5.297972424075477,128,5.397661548190899,128,0.0,128,0.5189906096413931,128,0.1510972013608411,128,2.807653143352291,128,2.886863371735366,128,0.0,128,0.0,128,0.0,128,0.0,128,0.0,128,1.0,128,1.0,128,0.23974478987005293,128,0.1159369424741222,128,0.2471608057082934,128,0.2469931828992538,128,0.24501523009601195,128,0.1178347308729747,128,1.0,128,0.0,128,1.0,128,0.0,128,0.14296552815391694,128,0.14296552815391694,128,128,0.3009302967768034,0.0553083291524468,128,0.5189906096413931,0.1510972013608411,0,,0,,29.090832718234083,128,0.9249768656346723,128,0.14296552815391694,128
1,test,translate_up,mirror_horizontal,mirror_horizontal -> translate_up,synthetic_pair_on_id_atomic_input,image_input_tokens,128,0.7247699193819135,128,0.3540313710010199,128,0.2245912653239396,128,0.21353423672741872,128,0.0,128,1.4797893682843788,128,1.0798791888072243,118,0.08582087475812536,128,0.09466179400660174,128,0.078125,128,0.0,128,0.0,128,0.078125,128,0.078125,128,1.0,128,1.0,128,0.03058029537280415,128,0.01575111705040643,128,0.031161607035176814,128,0.031232449774529263,128,0.029532214054993712,128,0.016359244101965105,128,1.234375,128,0.0,128,1.234375,128,1.0,128,0.002570257457949742,128,0.002724375300281619,128,128,0.7247699193819135,0.3540313710010199,118,1.6051952469525468,1.0798791888072243,0,,0,,0.3728232032713024,128,0.0457618152078828,128,0.002198180974570455,128
1,test,translate_up,mirror_horizontal,mirror_horizontal -> translate_up,synthetic_pair_on_id_atomic_input,image_block_01,128,0.26687008429296666,128,0.04963825234504351,128,7.39648733717558,128,7.388652759561445,128,0.0,128,0.5948101876323205,128,0.23571256437028407,118,3.1913734231463273,128,3.2565106646970587,128,0.078125,128,0.0,128,0.0,128,0.078125,128,0.078125,128,1.0,128,1.0,128,0.046341286030255974,128,0.07175477423504005,128,0.07887264267907099,128,0.07683937739220156,128,0.04622960072635918,128,0.07052556923549855,128,1.234375,128,0.0,128,1.234375,128,0.951171875,128,0.028001160382408706,128,0.028854075844626504,128,128,0.26687008429296666,0.04963825234504351,118,0.6452178306520086,0.23571256437028407,0,,0,,19.183532248522834,128,0.5284682365159564,128,0.02680077853012501,128
1,test,translate_up,mirror_horizontal,mirror_horizontal -> translate_up,synthetic_pair_on_id_atomic_input,image_block_02,128,0.27992219985684974,128,0.05295739678382298,128,10.241655728109038,128,10.25193240974638,128,0.0,128,0.48415952235644666,128,0.15832790949964748,118,5.811626674243694,128,5.784033593499746,128,0.078125,128,0.0,128,0.0,128,0.078125,128,0.078125,128,1.0,128,1.0,128,0.054825729242090546,128,0.09041344743809779,128,0.09834722881531144,128,0.09629342923958802,128,0.05512920666545469,128,0.08800245711308634,128,1.234375,128,0.0,128,1.234375,128,0.873046875,128,0.039244860203755574,128,0.04033125569286243,128,128,0.27992219985684974,0.05295739678382298,118,0.5251899903527557,0.15832790949964748,0,,0,,29.85033882945891,128,0.6094161790220181,128,0.03728598351257517,128
1,test,translate_up,mirror_horizontal,mirror_horizontal -> translate_up,synthetic_pair_on_id_atomic_input,image_block_03,128,0.2918328864214288,128,0.055835647365662475,128,11.463744025747346,128,11.410533671080076,128,0.0,128,0.49773113506511946,128,0.16243831780089946,118,6.473654591848158,128,6.392799543318036,128,0.078125,128,0.0,128,0.0,128,0.078125,128,0.078125,128,1.0,128,1.0,128,0.0577077326588971,128,0.0881678446717187,128,0.0964026869893787,128,0.09539747953930064,128,0.057649432845209375,128,0.08675860407500652,128,1.234375,128,0.0,128,1.234375,128,0.84765625,128,0.041593003263509835,128,0.04258499395825081,128,128,0.2918328864214288,0.055835647365662475,118,0.5399117397316548,0.16243831780089946,0,,0,,28.034592129605258,128,0.5262367911733301,128,0.03996001070312554,128
1,test,translate_up,mirror_horizontal,mirror_horizontal -> translate_up,synthetic_pair_on_id_atomic_input,image_block_04,128,0.28151380803653137,128,0.052000991112650816,128,11.954395548719056,128,11.941702548518249,128,0.0,128,0.4458494951000648,128,0.13104744849281144,118,7.412927246329176,128,7.223402497159252,128,0.078125,128,0.0,128,0.0,128,0.078125,128,0.078125,128,1.0,128,1.0,128,0.06375336082184858,128,0.10509545996036994,128,0.11158786778232732,128,0.10975299004704017,128,0.06307243948470165,128,0.10319090580025073,128,1.234375,128,0.0,128,1.234375,128,0.578125,128,0.05105690570391955,128,0.05215752717884593,128,128,0.28151380803653137,0.052000991112650816,118,0.48363335061701923,0.13104744849281144,0,,0,,32.471221728847134,128,0.6068272762978901,128,0.049143136021484866,128
1,test,translate_up,mirror_horizontal,mirror_horizontal -> translate_up,synthetic_pair_on_id_atomic_input,image_block_05,128,0.38034781775359694,128,0.09465087730104413,128,14.582766944423904,128,14.69795264316345,128,0.0,128,0.31787305078757655,128,0.07542264791685216,118,17.209749311992624,128,17.366308224047856,128,0.078125,128,0.0,128,0.0,128,0.078125,128,0.078125,128,1.0,128,1.0,128,0.1030949405567082,128,0.16244522544239814,128,0.17550527015163847,128,0.17293080425619745,128,0.10361000563910555,128,0.16039652883300998,128,1.234375,128,0.0,128,1.234375,128,0.0,128,0.0970186898428056,128,0.09837401675951493,128,128,0.38034781775359694,0.09465087730104413,118,0.34481144492211696,0.07542264791685216,0,,0,,53.25393929674628,128,0.7872017377076974,128,0.09497429514860836,128
1,test,translate_up,mirror_horizontal,mirror_horizontal -> translate_up,synthetic_pair_on_id_atomic_input,image_block_06,128,0.3919366884175375,128,0.10230389957767244,128,16.46028426797348,128,16.720503603128293,128,0.0,128,0.3251824680653826,128,0.08141270160924177,118,19.639372193519385,128,19.86285365893798,128,0.078125,128,0.0,128,0.0,128,0.078125,128,0.078125,128,1.0,128,1.0,128,0.11413179447381491,128,0.1766167278127106,128,0.19198471665766897,128,0.18925208965271062,128,0.11475703525116576,128,0.17694005625377568,128,1.234375,128,0.0,128,1.234375,128,0.0,128,0.10898553252799642,128,0.11054292414334782,128,128,0.3919366884175375,0.10230389957767244,118,0.3527403043421098,0.08141270160924177,0,,0,,54.570202560976675,128,0.7471745949987038,128,0.10651746207507952,128
1,test,translate_up,mirror_horizontal,mirror_horizontal -> translate_up,synthetic_pair_on_id_atomic_input,image_final_norm,128,0.39886719343944904,128,0.10525362516767775,128,2.8140727988121936,128,2.8560324168070252,128,0.0,128,0.3243556842983525,128,0.07985190908520035,118,3.4184887795923267,128,3.4636278866638177,128,0.078125,128,0.0,128,0.0,128,0.078125,128,0.078125,128,1.0,128,1.0,128,0.1161013907621786,128,0.17531601906375538,128,0.1911019406172386,128,0.1890548991264458,128,0.11664032858311364,128,0.17587928730288968,128,1.234375,128,0.0,128,1.234375,128,0.0,128,0.10981981881352819,128,0.11134064830001078,128,128,0.39886719343944904,0.10525362516767775,118,0.3518434541541452,0.07985190908520035,0,,0,,20.130815274557214,128,0.8409569173938073,128,0.10754247102233107,128
1,test,translate_up,rot90,rot90 -> translate_up,synthetic_pair_on_id_atomic_input,image_input_tokens,128,0.9157422916421245,128,0.4517841260106568,128,0.2204644663825755,128,0.20822552548111278,128,0.0,128,1.231009246259648,128,0.6908980676149283,128,0.1517669786506245,128,0.15065934558226615,128,0.0,128,0.0,128,0.0,128,0.0,128,0.0,128,1.0,128,1.0,128,0.030064041803776954,128,0.02409200604677488,128,0.03431872785870038,128,0.03448279884124518,128,0.028371526901757323,128,0.024722056139220856,128,1.0,128,0.0,128,1.0,128,1.0,128,0.0034478736458542513,128,0.0034478736458542513,128,128,0.9157422916421245,0.4517841260106568,128,1.231009246259648,0.6908980676149283,0,,0,,0.5614723575283131,128,0.07073970208827397,128,0.0034478736458542513,128
1,test,translate_up,rot90,rot90 -> translate_up,synthetic_pair_on_id_atomic_input,image_block_01,128,0.3440766173033622,128,0.06660365031463461,128,7.406072945147534,128,7.304548368624141,128,0.0,128,0.5245531577267649,128,0.15258991488715928,128,5.261654294548869,128,5.334252988248329,128,0.0,128,0.0,128,0.0,128,0.0,128,0.0,128,1.0,128,1.0,128,0.046426345265068544,128,0.10947814422099669,128,0.11179298665903808,128,0.10929143067211189,128,0.044267208613764014,128,0.11036680071358607,128,1.0,128,0.0,128,1.0,128,0.8203125,128,0.03836408049697494,128,0.03836408049697494,128,128,0.3440766173033622,0.06660365031463461,128,0.5245531577267649,0.15258991488715928,0,,0,,26.12580835175504,128,0.554707418057766,128,0.03836408049697494,128
1,test,translate_up,rot90,rot90 -> translate_up,synthetic_pair_on_id_atomic_input,image_block_02,128,0.35792916393342716,128,0.07195667000238387,128,10.29380436767238,128,10.168076994839574,128,0.0,128,0.4466986969010319,128,0.11090790368691104,128,9.102012446606102,128,9.224881961581005,128,0.0,128,0.0,128,0.0,128,0.0,128,0.0,128,1.0,128,1.0,128,0.05505138241458465,128,0.125334181959259,128,0.1283890035519792,128,0.12885138434575616,128,0.053935368402745175,128,0.1265344819683631,128,1.0,128,0.0,128,1.0,128,0.6796875,128,0.048575306085000595,128,0.048575306085000595,128,128,0.35792916393342716,0.07195667000238387,128,0.4466986969010319,0.11090790368691104,0,,0,,31.86100629873816,128,0.6170971443103953,128,0.048575306085000595,128
1,test,translate_up,rot90,rot90 -> translate_up,synthetic_pair_on_id_atomic_input,image_block_03,128,0.3780855159770643,128,0.07868501542179497,128,11.507878481668287,128,11.266159641722874,128,0.0,128,0.45409474568092134,128,0.11180382801167858,128,10.506300554308474,128,10.669239145157968,128,0.0,128,0.0,128,0.0,128,0.0,128,0.0,128,1.0,128,1.0,128,0.058185590628043446,128,0.1264899664414845,128,0.13099316397716004,128,0.1298802761696226,128,0.05683133447447182,128,0.1280181435032287,128,1.0,128,0.0,128,1.0,128,0.4921875,128,0.05451883210857783,128,0.05451883210857783,128,128,0.3780855159770643,0.07868501542179497,128,0.45409474568092134,0.11180382801167858,0,,0,,39.737114964264364,128,0.5743874938681841,128,0.05451883210857783,128
1,test,translate_up,rot90,rot90 -> translate_up,synthetic_pair_on_id_atomic_input,image_block_04,128,0.3633320181764075,128,0.07209177728424748,128,11.99165863211441,128,11.83469137616936,128,0.0,128,0.41079190895789475,128,0.09036671269952795,128,11.451525428261835,128,11.423903756307823,128,0.0,128,0.0,128,0.0,128,0.0,128,0.0,128,1.0,128,1.0,128,0.06403935467950982,128,0.13900390865868995,128,0.1424302705342335,128,0.14150716433175808,128,0.06282429818555045,128,0.1398037897903862,128,1.0,128,0.0,128,1.0,128,0.1484375,128,0.06546652495217682,128,0.06546652495217682,128,128,0.3633320181764075,0.07209177728424748,128,0.41079190895789475,0.09036671269952795,0,,0,,51.131862028530456,128,0.7229452119098768,128,0.06546652495217682,128
1,test,translate_up,rot90,rot90 -> translate_up,synthetic_pair_on_id_atomic_input,image_block_05,128,0.4989393440776165,128,0.14035626568731474,128,14.600198271725485,128,14.828292041356882,128,0.0,128,0.30245638772687994,128,0.05576765834065188,128,26.610107576507964,128,26.857151903323643,128,0.0,128,0.0,128,0.0,128,0.0,128,0.0,128,1.0,128,1.0,128,0.10334872767464137,128,0.22589413782309953,128,0.23484726722940133,128,0.23233182747746856,128,0.1054523182626071,128,0.23062880079899725,128,1.0,128,0.0,128,1.0,128,0.0,128,0.12535601975030058,128,0.12535601975030058,128,128,0.4989393440776165,0.14035626568731474,128,0.30245638772687994,0.05576765834065188,0,,0,,69.74061905091482,128,0.7660440749367692,128,0.12535601975030058,128
1,test,translate_up,rot90,rot90 -> translate_up,synthetic_pair_on_id_atomic_input,image_block_06,128,0.5103138310173024,128,0.14590214560173026,128,16.45062803759157,128,16.94055122878286,128,0.0,128,0.3004736775115962,128,0.05555751859988462,128,30.685655584208508,128,31.20700060608669,128,0.0,128,0.0,128,0.0,128,0.0,128,0.0,128,1.0,128,1.0,128,0.1141104240575469,128,0.24157916159396162,128,0.24886527211832132,128,0.24778582421376283,128,0.1170058320095866,128,0.24810461352827345,128,1.0,128,0.0,128,1.0,128,0.0,128,0.14048682019519332,128,0.14048682019519332,128,128,0.5103138310173024,0.14590214560173026,128,0.3004736775115962,0.05555751859988462,0,,0,,72.19622861907273,128,0.7312691654948208,128,0.14048682019519332,128
1,test,translate_up,rot90,rot90 -> translate_up,synthetic_pair_on_id_atomic_input,image_final_norm,128,0.5189906096413931,128,0.1510972013608411,128,2.807653143352291,128,2.886863371735366,128,0.0,128,0.3009302967768034,128,0.0553083291524468,128,5.297972424075477,128,5.397661548190899,128,0.0,128,0.0,128,0.0,128,0.0,128,0.0,128,1.0,128,1.0,128,0.1159369424741222,128,0.23974478987005293,128,0.2469931828992538,128,0.2471608057082934,128,0.1178347308729747,128,0.24501523009601195,128,1.0,128,0.0,128,1.0,128,0.0,128,0.14296552815391694,128,0.14296552815391694,128,128,0.5189906096413931,0.1510972013608411,128,0.3009302967768034,0.0553083291524468,0,,0,,29.090832718234083,128,0.9249768656346723,128,0.14296552815391694,128
1,test,translate_up,translate_up,translate_up -> translate_up,synthetic_pair_on_id_atomic_input,image_input_tokens,128,1.4162149577498615,128,1.0087671856106932,128,0.2409582357527117,128,0.2092196341879609,128,0.0,128,1.4162149577498615,128,1.0087671856106932,128,0.2409582357527117,128,0.2092196341879609,128,0.0,128,0.0,128,0.0,128,0.0,128,0.0,128,1.0,128,0.0,128,0.031830515067869936,128,0.031830515067869936,128,0.04350611276448303,128,0.04350611276448303,128,0.02815348998130296,128,0.02815348998130296,128,2.0,128,2.0,128,0.0,128,,,,,,,128,1.4162149577498615,1.0087671856106932,128,1.4162149577498615,1.0087671856106932,111,0.9894421621485874,0,,,,,,,
1,test,translate_up,translate_up,translate_up -> translate_up,synthetic_pair_on_id_atomic_input,image_block_01,128,0.5457053749309175,128,0.14880337894876078,128,7.562360930207985,128,7.395688599294754,128,0.0,128,0.5457053749309175,128,0.14880337894876078,128,7.562360930207985,128,7.395688599294754,128,0.0,128,0.0,128,0.0,128,0.0,128,0.0,128,1.0,128,0.0,128,0.047519347846690235,128,0.047519347846690235,128,0.06047393042944229,128,0.06047393042944229,128,0.04285207283445439,128,0.04285207283445439,128,2.0,128,2.0,128,0.0,128,,,,,,,128,0.5457053749309175,0.14880337894876078,128,0.5457053749309175,0.14880337894876078,111,0.9894421621485874,0,,,,,,,
1,test,translate_up,translate_up,translate_up -> translate_up,synthetic_pair_on_id_atomic_input,image_block_02,128,0.5420590760565802,128,0.14950150985749805,128,10.42801793428115,128,10.260885292320147,128,0.0,128,0.5420590760565802,128,0.14950150985749805,128,10.42801793428115,128,10.260885292320147,128,0.0,128,0.0,128,0.0,128,0.0,128,0.0,128,1.0,128,0.0,128,0.05554318861011805,128,0.05554318861011805,128,0.07335475057873661,128,0.07335475057873661,128,0.05109644857607612,128,0.05109644857607612,128,2.0,128,2.0,128,0.0,128,,,,,,,128,0.5420590760565802,0.14950150985749805,128,0.5420590760565802,0.14950150985749805,111,0.9894421621485874,0,,,,,,,
1,test,translate_up,translate_up,translate_up -> translate_up,synthetic_pair_on_id_atomic_input,image_block_03,128,0.551884384939577,128,0.15558651840328425,128,11.645488438588407,128,11.382533850419883,128,0.0,128,0.551884384939577,128,0.15558651840328425,128,11.645488438588407,128,11.382533850419883,128,0.0,128,0.0,128,0.0,128,0.0,128,0.0,128,1.0,128,0.0,128,0.05816586098901911,128,0.05816586098901911,128,0.07874133267175475,128,0.07874133267175475,128,0.05425361800768526,128,0.05425361800768526,128,2.0,128,2.0,128,0.0,128,,,,,,,128,0.551884384939577,0.15558651840328425,128,0.551884384939577,0.15558651840328425,111,0.9894421621485874,0,,,,,,,
1,test,translate_up,translate_up,translate_up -> translate_up,synthetic_pair_on_id_atomic_input,image_block_04,128,0.5213860011963408,128,0.13810455939205524,128,12.152139907593895,128,11.986323179795871,128,0.0,128,0.5213860011963408,128,0.13810455939205524,128,12.152139907593895,128,11.986323179795871,128,0.0,128,0.0,128,0.0,128,0.0,128,0.0,128,1.0,128,0.0,128,0.06354864305564634,128,0.06354864305564634,128,0.0853549437090414,128,0.0853549437090414,128,0.06042760407913765,128,0.06042760407913765,128,2.0,128,2.0,128,0.0,128,,,,,,,128,0.5213860011963408,0.13810455939205524,128,0.5213860011963408,0.13810455939205524,111,0.9894421621485874,0,,,,,,,
1,test,translate_up,translate_up,translate_up -> translate_up,synthetic_pair_on_id_atomic_input,image_block_05,128,0.6508061683990722,128,0.2195247293878503,128,14.83737489304985,128,15.55606234461304,128,0.0,128,0.6508061683990722,128,0.2195247293878503,128,14.83737489304985,128,15.55606234461304,128,0.0,128,0.0,128,0.0,128,0.0,128,0.0,128,1.0,128,0.0,128,0.10249025545247503,128,0.10249025545247503,128,0.1490603807130573,128,0.1490603807130573,128,0.10756422589249046,128,0.10756422589249046,128,2.0,128,2.0,128,0.0,128,,,,,,,128,0.6508061683990722,0.2195247293878503,128,0.6508061683990722,0.2195247293878503,111,0.9894421621485874,0,,,,,,,
1,test,translate_up,translate_up,translate_up -> translate_up,synthetic_pair_on_id_atomic_input,image_block_06,128,0.6735695436773781,128,0.23523138278828215,128,16.829047449678157,128,18.338813364769763,128,0.0,128,0.6735695436773781,128,0.23523138278828215,128,16.829047449678157,128,18.338813364769763,128,0.0,128,0.0,128,0.0,128,0.0,128,0.0,128,1.0,128,0.0,128,0.11380534789470487,128,0.11380534789470487,128,0.1672262516891142,128,0.1672262516891142,128,0.12315677799529712,128,0.12315677799529712,128,2.0,128,2.0,128,0.0,128,,,,,,,128,0.6735695436773781,0.23523138278828215,128,0.6735695436773781,0.23523138278828215,111,0.9894421621485874,0,,,,,,,
1,test,translate_up,translate_up,translate_up -> translate_up,synthetic_pair_on_id_atomic_input,image_final_norm,128,0.7006661205271807,128,0.25346621118794593,128,2.8640056425896128,128,3.114514493047353,128,0.0,128,0.7006661205271807,128,0.25346621118794593,128,2.8640056425896128,128,3.114514493047353,128,0.0,128,0.0,128,0.0,128,0.0,128,0.0,128,1.0,128,0.0,128,0.11598807818584839,128,0.11598807818584839,128,0.16778691208367244,128,0.16778691208367244,128,0.12405599894733813,128,0.12405599894733813,128,2.0,128,2.0,128,0.0,128,,,,,,,128,0.7006661205271807,0.25346621118794593,128,0.7006661205271807,0.25346621118794593,111,0.9894421621485874,0,,,,,,,
1,test_ood,rot90,translate_up,translate_up -> rot90,recorded_ood_composition,image_input_tokens,128,1.2123768600172542,128,0.6797853165312975,128,0.15512780169812684,128,0.14810350551907858,128,0.0,128,0.9253219087667746,128,0.4442325840234182,128,0.19124005261790278,128,0.19119181840909477,128,0.0,128,0.0,128,0.0,128,0.0,128,0.0,128,1.0,128,1.0,128,0.024729184100228715,128,0.027782279229590277,128,0.03351729723739314,128,0.03320265662795026,128,0.023880356532731843,128,0.02739372322042896,128,1.0,128,0.0,128,1.0,128,1.0,128,0.0033306828388339742,128,0.0033306828388339742,128,128,1.2123768600172542,0.6797853165312975,128,0.9253219087667746,0.4442325840234182,1000,0.18434022148046642,128,0.19233332946896553,0.5614723575283131,128,0.07073970208827397,128,0.0033306828388339742,128
1,test_ood,rot90,translate_up,translate_up -> rot90,recorded_ood_composition,image_block_01,128,0.5524963579626312,128,0.16869514229671656,128,4.813109244167677,128,4.789104342382842,128,0.0,128,0.3200259806473516,128,0.05576221661671063,128,7.133174071800717,128,7.17570991410672,128,0.0,128,0.0,128,0.0,128,0.0,128,0.0,128,1.0,128,1.0,128,0.10025864056472619,128,0.043829257389266144,128,0.10036103221788352,128,0.10222612345535034,128,0.10016852789250244,128,0.04398066480512386,128,1.0,128,0.0,128,1.0,128,0.9140625,128,0.034458142349737514,128,0.034458142349737514,128,128,0.5524963579626312,0.16869514229671656,128,0.3200259806473516,0.05576221661671063,1000,0.18434022148046642,128,0.19233332946896553,26.12580835175504,128,0.554707418057766,128,0.034458142349737514,128
1,test_ood,rot90,translate_up,translate_up -> rot90,recorded_ood_composition,image_block_02,128,0.4521108234740043,128,0.11213649414966537,128,8.365074889376812,128,8.283194584765326,128,0.0,128,0.3295365556875216,128,0.05901977532465928,128,9.934425413778545,128,9.945806829053595,128,0.0,128,0.0,128,0.0,128,0.0,128,0.0,128,1.0,128,1.0,128,0.11921211461516473,128,0.05157805903198101,128,0.12281200624789235,128,0.12218921610178711,128,0.11903203880044846,128,0.051183635611228795,128,1.0,128,0.0,128,1.0,128,0.671875,128,0.04651145624299549,128,0.04651145624299549,128,128,0.4521108234740043,0.11213649414966537,128,0.3295365556875216,0.05901977532465928,1000,0.18434022148046642,128,0.19233332946896553,31.86100629873816,128,0.6170971443103953,128,0.04651145624299549,128
1,test_ood,rot90,translate_up,translate_up -> rot90,recorded_ood_composition,image_block_03,128,0.45387135048078386,128,0.11252353148388794,128,9.61099099446262,128,9.652228352539987,128,0.0,128,0.34986430385603084,128,0.06709722023403906,128,11.040873453667718,128,11.08421341879944,128,0.0,128,0.0,128,0.0,128,0.0,128,0.0,128,1.0,128,1.0,128,0.12284728016075039,128,0.054546786113712886,128,0.12323168210784752,128,0.12594776297495258,128,0.12319757931525593,128,0.05446049076440683,128,1.0,128,0.0,128,1.0,128,0.4140625,128,0.05330466230110947,128,0.05330466230110947,128,128,0.45387135048078386,0.11252353148388794,128,0.34986430385603084,0.06709722023403906,1000,0.18434022148046642,128,0.19233332946896553,39.737114964264364,128,0.5743874938681841,128,0.05330466230110947,128
1,test_ood,rot90,translate_up,translate_up -> rot90,recorded_ood_composition,image_block_04,128,0.4097240660676369,128,0.08963254375590811,128,10.453324591765924,128,10.30847297653781,128,0.0,128,0.33115148243137704,128,0.06097791787550902,128,11.650914008624248,128,11.732498553075075,128,0.0,128,0.0,128,0.0,128,0.0,128,0.0,128,1.0,128,1.0,128,0.1371605725664798,128,0.06052833486560637,128,0.13827018678901576,128,0.13912770009981495,128,0.13588739407295622,128,0.06057610096836634,128,1.0,128,0.0,128,1.0,128,0.1484375,128,0.06369473764397489,128,0.06369473764397489,128,128,0.4097240660676369,0.08963254375590811,128,0.33115148243137704,0.06097791787550902,1000,0.18434022148046642,128,0.19233332946896553,51.131862028530456,128,0.7229452119098768,128,0.06369473764397489,128
1,test_ood,rot90,translate_up,translate_up -> rot90,recorded_ood_composition,image_block_05,128,0.30889679514585316,128,0.060583043807683555,128,25.73452622905768,128,25.751098272066898,128,0.0,128,0.4814769115896705,128,0.13069092267306995,128,14.668715946474727,128,14.758173183070234,128,0.0,128,0.0,128,0.0,128,0.0,128,0.0,128,1.0,128,1.0,128,0.2237335571665835,128,0.1014278859884557,128,0.22951041205738826,128,0.2290390227977011,128,0.2260668515138436,128,0.10274510957862229,128,1.0,128,0.0,128,1.0,128,0.0,128,0.12541994008511664,128,0.12541994008511664,128,128,0.30889679514585316,0.060583043807683555,128,0.4814769115896705,0.13069092267306995,1000,0.18434022148046642,128,0.19233332946896553,69.74061905091482,128,0.7660440749367692,128,0.12541994008511664,128
1,test_ood,rot90,translate_up,translate_up -> rot90,recorded_ood_composition,image_block_06,128,0.3234413408758765,128,0.07072605612245594,128,29.564876988565352,128,29.763161850454658,128,0.0,128,0.5108425599825126,128,0.15017573189464944,128,16.919517071487174,128,16.86489524000798,128,0.0,128,0.0,128,0.0,128,0.0,128,0.0,128,1.0,128,1.0,128,0.23328338864756812,128,0.11294433240642801,128,0.2404642681593933,128,0.2390881147053968,128,0.23645864710276848,128,0.11377719919515933,128,1.0,128,0.0,128,1.0,128,0.0,128,0.13931509369279438,128,0.13931509369279438,128,128,0.3234413408758765,0.07072605612245594,128,0.5108425599825126,0.15017573189464944,1000,0.18434022148046642,128,0.19233332946896553,72.19622861907273,128,0.7312691654948208,128,0.13931509369279438,128
1,test_ood,rot90,translate_up,translate_up -> rot90,recorded_ood_composition,image_final_norm,128,0.3265302797504302,128,0.07196111849146948,128,5.085246578026267,128,5.123666594670669,128,0.0,128,0.5244576171001694,128,0.15816074363071086,128,2.8641040260366237,128,2.8622981460757106,128,0.0,128,0.0,128,0.0,128,0.0,128,0.0,128,1.0,128,1.0,128,0.23402518340706346,128,0.1146361899501771,128,0.24114059069751412,128,0.23951045806216104,128,0.236726961687432,128,0.1155426735622678,128,1.0,128,0.0,128,1.0,128,0.0,128,0.141722246518929,128,0.141722246518929,128,128,0.3265302797504302,0.07196111849146948,128,0.5244576171001694,0.15816074363071086,1000,0.18434022148046642,128,0.19233332946896553,29.090832718234083,128,0.9249768656346723,128,0.141722246518929,128
2,val,change_shape_color,change_shape_color,change_shape_color -> change_shape_color,synthetic_pair_on_id_atomic_input,image_input_tokens,128,1.709514923686434,128,1.463698558308643,128,0.4714345043959395,128,0.47169373543436166,128,0.0,128,1.709514923686434,128,1.463698558308643,128,0.4714345043959395,128,0.47169373543436166,128,0.0,128,0.0,128,0.0,128,0.0,128,0.0,128,1.0,128,0.0,128,0.0002127894543688709,128,0.0002127894543688709,128,0.0003938357792555923,128,0.0003938357792555923,128,0.00020975928486335186,128,0.00020975928486335186,128,2.0,128,2.0,128,0.0,128,,,,,,,128,1.709514923686434,1.463698558308643,128,1.709514923686434,1.463698558308643,100,1.0,0,,,,,,,
2,val,change_shape_color,change_shape_color,change_shape_color -> change_shape_color,synthetic_pair_on_id_atomic_input,image_block_01,128,1.6733042649735368,128,1.4012903314190623,128,12.137238923529786,128,11.545683100566917,128,0.0,128,1.6733042649735368,128,1.4012903314190623,128,12.137238923529786,128,11.545683100566917,128,0.0,128,0.0,128,0.0,128,0.0,128,0.0,128,1.0,128,0.0,128,0.07588651418350632,128,0.07588651418350632,128,0.09095256897334149,128,0.09095256897334149,128,0.07817649304231039,128,0.07817649304231039,128,2.0,128,2.0,128,0.0,128,,,,,,,128,1.6733042649735368,1.4012903314190623,128,1.6733042649735368,1.4012903314190623,100,1.0,0,,,,,,,
2,val,change_shape_color,change_shape_color,change_shape_color -> change_shape_color,synthetic_pair_on_id_atomic_input,image_block_02,128,1.643729858501714,128,1.353159171956201,128,16.39051205981219,128,15.61479334876407,128,0.0,128,1.643729858501714,128,1.353159171956201,128,16.39051205981219,128,15.61479334876407,128,0.0,128,0.0,128,0.0,128,0.0,128,0.0,128,1.0,128,0.0,128,0.08424040255710036,128,0.08424040255710036,128,0.09942061650687023,128,0.09942061650687023,128,0.08515636176728347,128,0.08515636176728347,128,2.0,128,2.0,128,0.0,128,,,,,,,128,1.643729858501714,1.353159171956201,128,1.643729858501714,1.353159171956201,100,1.0,0,,,,,,,
2,val,change_shape_color,change_shape_color,change_shape_color -> change_shape_color,synthetic_pair_on_id_atomic_input,image_block_03,128,1.6402314829569298,128,1.3475862434878922,128,15.741756156654262,128,15.024739995967371,128,0.0,128,1.6402314829569298,128,1.3475862434878922,128,15.741756156654262,128,15.024739995967371,128,0.0,128,0.0,128,0.0,128,0.0,128,0.0,128,1.0,128,0.0,128,0.08503891048173776,128,0.08503891048173776,128,0.10089389985219112,128,0.10089389985219112,128,0.08487083374167323,128,0.08487083374167323,128,2.0,128,2.0,128,0.0,128,,,,,,,128,1.6402314829569298,1.3475862434878922,128,1.6402314829569298,1.3475862434878922,100,1.0,0,,,,,,,
2,val,change_shape_color,change_shape_color,change_shape_color -> change_shape_color,synthetic_pair_on_id_atomic_input,image_block_04,128,1.6301677114007318,128,1.330170076182943,128,16.72022876929413,128,15.86883376794658,128,0.0,128,1.6301677114007318,128,1.330170076182943,128,16.72022876929413,128,15.86883376794658,128,0.0,128,0.0,128,0.0,128,0.0,128,0.0,128,1.0,128,0.0,128,0.0916392626459504,128,0.0916392626459504,128,0.11035028953994512,128,0.11035028953994512,128,0.0908827806006848,128,0.0908827806006848,128,2.0,128,2.0,128,0.0,128,,,,,,,128,1.6301677114007318,1.330170076182943,128,1.6301677114007318,1.330170076182943,100,1.0,0,,,,,,,
2,val,change_shape_color,change_shape_color,change_shape_color -> change_shape_color,synthetic_pair_on_id_atomic_input,image_block_05,128,1.612031962657667,128,1.3021918376193513,128,16.002383360802042,128,15.380813176729102,128,0.0,128,1.612031962657667,128,1.3021918376193513,128,16.002383360802042,128,15.380813176729102,128,0.0,128,0.0,128,0.0,128,0.0,128,0.0,128,1.0,128,0.0,128,0.09360186276648484,128,0.09360186276648484,128,0.11241405149926254,128,0.11241405149926254,128,0.09138167474423899,128,0.09138167474423899,128,2.0,128,2.0,128,0.0,128,,,,,,,128,1.612031962657667,1.3021918376193513,128,1.612031962657667,1.3021918376193513,100,1.0,0,,,,,,,
2,val,change_shape_color,change_shape_color,change_shape_color -> change_shape_color,synthetic_pair_on_id_atomic_input,image_block_06,128,1.5995238123368576,128,1.282102923364778,128,18.092149535081884,128,17.486671626990958,128,0.0,128,1.5995238123368576,128,1.282102923364778,128,18.092149535081884,128,17.486671626990958,128,0.0,128,0.0,128,0.0,128,0.0,128,0.0,128,1.0,128,0.0,128,0.09482106464419418,128,0.09482106464419418,128,0.11637285346222909,128,0.11637285346222909,128,0.0929064503312922,128,0.0929064503312922,128,2.0,128,2.0,128,0.0,128,,,,,,,128,1.5995238123368576,1.282102923364778,128,1.5995238123368576,1.282102923364778,100,1.0,0,,,,,,,
2,val,change_shape_color,change_shape_color,change_shape_color -> change_shape_color,synthetic_pair_on_id_atomic_input,image_final_norm,128,1.6053778047508014,128,1.2905585603251744,128,2.271597936102382,128,2.2118836510597752,128,0.0,128,1.6053778047508014,128,1.2905585603251744,128,2.271597936102382,128,2.2118836510597752,128,0.0,128,0.0,128,0.0,128,0.0,128,0.0,128,1.0,128,0.0,128,0.09485016139586847,128,0.09485016139586847,128,0.11668669134727572,128,0.11668669134727572,128,0.09362170654996149,128,0.09362170654996149,128,2.0,128,2.0,128,0.0,128,,,,,,,128,1.6053778047508014,1.2905585603251744,128,1.6053778047508014,1.2905585603251744,100,1.0,0,,,,,,,
2,val,change_shape_color,fill_holes_different_color,fill_holes_different_color -> change_shape_color,synthetic_pair_on_id_atomic_input,image_input_tokens,128,0.14064883476821358,128,0.03848762100546925,128,0.46939173169644094,128,0.45934083604379516,128,0.0,128,0.3345467643185467,128,0.3192010924048372,56,0.08695023146714595,128,0.08672120259874211,128,0.5625,128,0.0,128,0.0,128,0.5625,128,0.5625,128,0.921875,128,0.921875,128,0.0002110382725577564,128,0.019499056518089468,128,0.01947105801912001,128,0.019646813995550863,128,0.00021201831898087417,128,0.019650574516377917,128,2.609375,128,0.0,128,2.609375,128,1.0,118,0.012374978202090816,118,0.01496694776000898,118,128,0.14064883476821358,0.03848762100546925,56,0.7646783184423925,0.3192010924048372,100,1.0,0,,0.8264997247413244,118,0.0979143836921808,118,0.006182680512088687,118
2,val,change_shape_color,fill_holes_different_color,fill_holes_different_color -> change_shape_color,synthetic_pair_on_id_atomic_input,image_block_01,128,0.17634680902048178,128,0.04495885550530391,128,12.079572960164569,128,11.486243740401306,128,0.0,128,0.4762599888221884,128,0.5519998974866648,56,1.8186084928954385,128,1.651557015015646,128,0.5625,128,0.0,128,0.0,128,0.5625,128,0.5625,128,0.921875,128,0.921875,128,0.07550020769592197,128,0.036098173271040424,128,0.08012310928130999,128,0.0769363319108973,128,0.07395143514519832,128,0.033335872323890195,128,2.609375,128,0.0,128,2.609375,128,0.9915254237288136,118,0.028397932750558696,118,0.032009623566731586,118,128,0.17634680902048178,0.04495885550530391,56,1.088594260165002,0.5519998974866648,100,1.0,0,,25.693796973859083,118,0.35457786929262114,118,0.025443999695074968,118
2,val,change_shape_color,fill_holes_different_color,fill_holes_different_color -> change_shape_color,synthetic_pair_on_id_atomic_input,image_block_02,128,0.1681155846374686,128,0.03907540695137405,128,16.394057846538036,128,15.609877450059034,128,0.0,128,0.4848410393151963,128,0.5898548568906304,56,2.3536889641143004,128,2.211079835652087,128,0.5625,128,0.0,128,0.0,128,0.5625,128,0.5625,128,0.921875,128,0.921875,128,0.08457478284279309,128,0.04355272125092527,128,0.0902652114315802,128,0.0880127306868308,128,0.08333196965216452,128,0.041821155781424764,128,2.609375,128,0.0,128,2.609375,128,0.951271186440678,118,0.03377666591427947,118,0.038346752228754825,118,128,0.1681155846374686,0.03907540695137405,56,1.108208089863306,0.5898548568906304,100,1.0,0,,26.888800951904912,118,0.3405256187424917,118,0.0304416008248215,118
2,val,change_shape_color,fill_holes_different_color,fill_holes_different_color -> change_shape_color,synthetic_pair_on_id_atomic_input,image_block_03,128,0.1651859092804573,128,0.03746229672907159,128,15.778579506166722,128,15.051537175775243,128,0.0,128,0.4556890456450586,128,0.5242536380042037,56,2.377142305564189,128,2.2914424401007896,128,0.5625,128,0.0,128,0.0,128,0.5625,128,0.5625,128,0.921875,128,0.921875,128,0.08513405272927314,128,0.046649466032790465,128,0.09160590982067059,128,0.08941828328926901,128,0.08410126383024695,128,0.04535834210239914,128,2.609375,128,0.0,128,2.609375,128,0.9046610169491526,118,0.03712684346325446,118,0.041716000991856815,118,128,0.1651859092804573,0.03746229672907159,56,1.0415749614744196,0.5242536380042037,100,1.0,0,,30.32343058124872,118,0.367316833241027,118,0.03327179807250704,118
2,val,change_shape_color,fill_holes_different_color,fill_holes_different_color -> change_shape_color,synthetic_pair_on_id_atomic_input,image_block_04,128,0.1637530655660238,128,0.03713977955043053,128,16.790167107565868,128,16.034449602746143,128,0.0,128,0.46284746265537996,128,0.5420540426380244,56,2.477733406994526,128,2.363027720340291,128,0.5625,128,0.0,128,0.0,128,0.5625,128,0.5625,128,0.921875,128,0.921875,128,0.09200942760572178,128,0.04961440747120185,128,0.09895929770380232,128,0.09671911560841275,128,0.09112207435261904,128,0.048149171845030876,128,2.609375,128,0.0,128,2.609375,128,0.847457627118644,118,0.040097182407524815,118,0.04469906008040396,118,128,0.1637530655660238,0.03713977955043053,56,1.0579370574980114,0.5420540426380244,100,1.0,0,,38.35302909948287,118,0.43542561113211664,118,0.03659787338533711,118
2,val,change_shape_color,fill_holes_different_color,fill_holes_different_color -> change_shape_color,synthetic_pair_on_id_atomic_input,image_block_05,128,0.1613391499433791,128,0.03614582829959758,128,16.11983311448277,128,15.443373679047358,128,0.0,128,0.43448693011724054,128,0.4873439619703076,56,2.551932861419189,128,2.473418188400429,128,0.5625,128,0.0,128,0.0,128,0.5625,128,0.5625,128,0.921875,128,0.921875,128,0.09409259886965372,128,0.05527830649898151,128,0.10086257977360358,128,0.0991386132550025,128,0.09294797598346086,128,0.05464419259147578,128,2.609375,128,0.0,128,2.609375,128,0.6970338983050848,118,0.045257555122633825,118,0.05020477916832359,118,128,0.1613391499433791,0.03614582829959758,56,0.9931129831251212,0.4873439619703076,100,1.0,0,,30.988836972324847,118,0.3993838204174616,118,0.04144804877681166,118
2,val,change_shape_color,fill_holes_different_color,fill_holes_different_color -> change_shape_color,synthetic_pair_on_id_atomic_input,image_block_06,128,0.15863139865715326,128,0.036729924323413904,128,18.211511693122112,128,17.60120940482903,128,0.0,128,0.3891108634368352,128,0.39975134754654207,56,3.104755914858912,128,3.0173862007065013,128,0.5625,128,0.0,128,0.0,128,0.5625,128,0.5625,128,0.921875,128,0.921875,128,0.09541351383414837,128,0.05740468388574026,128,0.10221388732115701,128,0.10081582184664167,128,0.09492003093639248,128,0.05726438193229372,128,2.609375,128,0.0,128,2.609375,128,0.6228813559322034,118,0.048032168126251565,118,0.05269214413607067,118,128,0.15863139865715326,0.036729924323413904,56,0.8893962592841949,0.39975134754654207,100,1.0,0,,34.49813258652684,118,0.4014117055164763,118,0.04428957326147747,118
2,val,change_shape_color,fill_holes_different_color,fill_holes_different_color -> change_shape_color,synthetic_pair_on_id_atomic_input,image_final_norm,128,0.15771380753383377,128,0.03666342564561312,128,2.2848921666662716,128,2.209632478033364,128,0.0,128,0.37210346732690236,128,0.37000453773189385,56,0.41364210331838713,128,0.4038975477496788,128,0.5625,128,0.0,128,0.0,128,0.5625,128,0.5625,128,0.921875,128,0.921875,128,0.09541482804087696,128,0.06030269582837859,128,0.10396019636631268,128,0.10265567527885693,128,0.09522113172315219,128,0.060341287283579216,128,2.609375,128,0.0,128,2.609375,128,0.5338983050847458,118,0.05098037734052339,118,0.055915558926143014,118,128,0.15771380753383377,0.03666342564561312,56,0.8505222110329197,0.37000453773189385,100,1.0,0,,10.724364031323674,118,0.6062421605458628,118,0.046980347119465915,118
2,val,change_shape_color,pad_right,pad_right -> change_shape_color,synthetic_pair_on_id_atomic_input,image_input_tokens,128,0.511811013021809,128,0.13619489413717037,128,0.44898009446856135,128,0.5065778923499761,128,0.0,128,1.64347376691696e-15,128,4.0766001685454967e-17,128,0.322159657686168,128,0.322159657686168,128,0.0,128,0.0,128,0.0,128,0.0,128,0.0,128,0.0,128,0.0,128,0.00019799190141286084,128,0.02791061170236397,128,0.02841921141241531,128,0.0286176394472566,128,0.00022133282191249328,128,0.02863924117943427,128,0.0,128,0.0,128,0.0,128,,,,,,,128,0.511811013021809,0.13619489413717037,128,1.64347376691696e-15,4.0766001685454967e-17,0,,0,,,,,,,
2,val,change_shape_color,pad_right,pad_right -> change_shape_color,synthetic_pair_on_id_atomic_input,image_block_01,128,0.7840551864854968,128,0.33136721194085605,128,12.196234763497948,128,11.719435897361496,128,0.0,128,0.4878452524390558,128,0.09921486498496285,128,13.293196923781096,128,13.551700627191604,128,0.0,128,0.0,128,0.0,128,0.0,128,0.0,128,0.0,128,0.0,128,0.07878075759217606,128,0.05211817797579714,128,0.08886900694024624,128,0.08045111073654937,128,0.0760378908965384,128,0.054309738772347245,128,0.0,128,0.0,128,0.0,128,,,,,,,128,0.7840551864854968,0.33136721194085605,128,0.4878452524390558,0.09921486498496285,0,,0,,,,,,,
2,val,change_shape_color,pad_right,pad_right -> change_shape_color,synthetic_pair_on_id_atomic_input,image_block_02,128,0.8005200379507524,128,0.340128160665047,128,16.499970984994462,128,15.371338524948255,128,0.0,128,0.42688402974432355,128,0.08053588441246902,128,21.870399732195285,128,22.247406764765177,128,0.0,128,0.0,128,0.0,128,0.0,128,0.0,128,0.0,128,0.0,128,0.08759984009364248,128,0.06708134711267044,128,0.09942647535388704,128,0.0915351214847532,128,0.07972771322099867,128,0.06894331428894757,128,0.0,128,0.0,128,0.0,128,,,,,,,128,0.8005200379507524,0.340128160665047,128,0.42688402974432355,0.08053588441246902,0,,0,,,,,,,
2,val,change_shape_color,pad_right,pad_right -> change_shape_color,synthetic_pair_on_id_atomic_input,image_block_03,128,0.8077116240633573,128,0.34489104459774444,128,15.842927859484469,128,14.713784731020414,128,0.0,128,0.4100774551997527,128,0.07261655361523689,128,21.943800773651397,128,22.323973068192462,128,0.0,128,0.0,128,0.0,128,0.0,128,0.0,128,0.0,128,0.0,128,0.0881051989851381,128,0.06982469331930188,128,0.10029134199838308,128,0.0925687634944729,128,0.08135923834040279,128,0.07127610537856983,128,0.0,128,0.0,128,0.0,128,,,,,,,128,0.8077116240633573,0.34489104459774444,128,0.4100774551997527,0.07261655361523689,0,,0,,,,,,,
2,val,change_shape_color,pad_right,pad_right -> change_shape_color,synthetic_pair_on_id_atomic_input,image_block_04,128,0.7831215866370718,128,0.31885821160974925,128,16.956169587989017,128,15.301800184582754,128,0.0,128,0.4174708651202395,128,0.07559730307775075,128,22.986558373458777,128,23.4361952984449,128,0.0,128,0.0,128,0.0,128,0.0,128,0.0,128,0.0,128,0.0,128,0.09550242187068556,128,0.07554340531992951,128,0.10785775470664641,128,0.09872277693540396,128,0.08831693835477492,128,0.07675851359662383,128,0.0,128,0.0,128,0.0,128,,,,,,,128,0.7831215866370718,0.31885821160974925,128,0.4174708651202395,0.07559730307775075,0,,0,,,,,,,
2,val,change_shape_color,pad_right,pad_right -> change_shape_color,synthetic_pair_on_id_atomic_input,image_block_05,128,0.7933841660045207,128,0.3273151697057848,128,16.10841428249249,128,14.731646784066307,128,0.0,128,0.3897430906090063,128,0.06853772274928194,128,23.236823614920397,128,23.534788136351807,128,0.0,128,0.0,128,0.0,128,0.0,128,0.0,128,0.0,128,0.0,128,0.09683569250472673,128,0.08420405140513107,128,0.11403342971312816,128,0.10505924144044815,128,0.09144033983127715,128,0.08454990182925495,128,0.0,128,0.0,128,0.0,128,,,,,,,128,0.7933841660045207,0.3273151697057848,128,0.3897430906090063,0.06853772274928194,0,,0,,,,,,,
2,val,change_shape_color,pad_right,pad_right -> change_shape_color,synthetic_pair_on_id_atomic_input,image_block_06,128,0.8400630031982963,128,0.36555534187981287,128,18.429255216529437,128,16.813376164101793,128,0.0,128,0.4086032925708788,128,0.07999310480857957,128,26.90598688665986,128,27.170758713609374,128,0.0,128,0.0,128,0.0,128,0.0,128,0.0,128,0.0,128,0.0,128,0.0978910728950186,128,0.09402568203198058,128,0.1202068949397267,128,0.10945778259519598,128,0.09218882460649533,128,0.09424315798276625,128,0.0,128,0.0,128,0.0,128,,,,,,,128,0.8400630031982963,0.36555534187981287,128,0.4086032925708788,0.07999310480857957,0,,0,,,,,,,
2,val,change_shape_color,pad_right,pad_right -> change_shape_color,synthetic_pair_on_id_atomic_input,image_final_norm,128,0.8176849950909546,128,0.347842219496841,128,2.3044750314592797,128,2.1344905858138246,128,0.0,128,0.4025509943449067,128,0.07804371304562503,128,3.2606452104580566,128,3.3024709495414912,128,0.0,128,0.0,128,0.0,128,0.0,128,0.0,128,0.0,128,0.0,128,0.09758037257200289,128,0.09696308138055627,128,0.12304357665050847,128,0.11236604100534162,128,0.09309303015151683,128,0.09749304471114813,128,0.0,128,0.0,128,0.0,128,,,,,,,128,0.8176849950909546,0.347842219496841,128,0.4025509943449067,0.07804371304562503,0,,0,,,,,,,
2,val,fill_holes_different_color,change_shape_color,change_shape_color -> fill_holes_different_color,synthetic_pair_on_id_atomic_input,image_input_tokens,128,0.3345467643185467,128,0.3192010924048372,56,0.08695023146714595,128,0.08672120259874211,128,0.5625,128,0.14064883476821358,128,0.03848762100546925,128,0.46939173169644094,128,0.45934083604379516,128,0.0,128,0.5625,128,0.5625,128,0.0,128,0.0,128,0.921875,128,0.921875,128,0.019499056518089468,128,0.0002110382725577564,128,0.019646813995550863,128,0.01947105801912001,128,0.019650574516377917,128,0.00021201831898087417,128,2.609375,128,0.0,128,2.609375,128,1.0,118,0.012374978202090816,118,0.01496694776000898,118,56,0.7646783184423925,0.3192010924048372,128,0.14064883476821358,0.03848762100546925,100,1.0,0,,0.8264997247413244,118,0.0979143836921808,118,0.006182680512088687,118
2,val,fill_holes_different_color,change_shape_color,change_shape_color -> fill_holes_different_color,synthetic_pair_on_id_atomic_input,image_block_01,128,0.4762599888221884,128,0.5519998974866648,56,1.8186084928954385,128,1.651557015015646,128,0.5625,128,0.17634680902048178,128,0.04495885550530391,128,12.079572960164569,128,11.486243740401306,128,0.0,128,0.5625,128,0.5625,128,0.0,128,0.0,128,0.921875,128,0.921875,128,0.036098173271040424,128,0.07550020769592197,128,0.0769363319108973,128,0.08012310928130999,128,0.033335872323890195,128,0.07395143514519832,128,2.609375,128,0.0,128,2.609375,128,0.9915254237288136,118,0.028397932750558696,118,0.032009623566731586,118,56,1.088594260165002,0.5519998974866648,128,0.17634680902048178,0.04495885550530391,100,1.0,0,,25.693796973859083,118,0.35457786929262114,118,0.025443999695074968,118
2,val,fill_holes_different_color,change_shape_color,change_shape_color -> fill_holes_different_color,synthetic_pair_on_id_atomic_input,image_block_02,128,0.4848410393151963,128,0.5898548568906304,56,2.3536889641143004,128,2.211079835652087,128,0.5625,128,0.1681155846374686,128,0.03907540695137405,128,16.394057846538036,128,15.609877450059034,128,0.0,128,0.5625,128,0.5625,128,0.0,128,0.0,128,0.921875,128,0.921875,128,0.04355272125092527,128,0.08457478284279309,128,0.0880127306868308,128,0.0902652114315802,128,0.041821155781424764,128,0.08333196965216452,128,2.609375,128,0.0,128,2.609375,128,0.951271186440678,118,0.03377666591427947,118,0.038346752228754825,118,56,1.108208089863306,0.5898548568906304,128,0.1681155846374686,0.03907540695137405,100,1.0,0,,26.888800951904912,118,0.3405256187424917,118,0.0304416008248215,118
2,val,fill_holes_different_color,change_shape_color,change_shape_color -> fill_holes_different_color,synthetic_pair_on_id_atomic_input,image_block_03,128,0.4556890456450586,128,0.5242536380042037,56,2.377142305564189,128,2.2914424401007896,128,0.5625,128,0.1651859092804573,128,0.03746229672907159,128,15.778579506166722,128,15.051537175775243,128,0.0,128,0.5625,128,0.5625,128,0.0,128,0.0,128,0.921875,128,0.921875,128,0.046649466032790465,128,0.08513405272927314,128,0.08941828328926901,128,0.09160590982067059,128,0.04535834210239914,128,0.08410126383024695,128,2.609375,128,0.0,128,2.609375,128,0.9046610169491526,118,0.03712684346325446,118,0.041716000991856815,118,56,1.0415749614744196,0.5242536380042037,128,0.1651859092804573,0.03746229672907159,100,1.0,0,,30.32343058124872,118,0.367316833241027,118,0.03327179807250704,118
2,val,fill_holes_different_color,change_shape_color,change_shape_color -> fill_holes_different_color,synthetic_pair_on_id_atomic_input,image_block_04,128,0.46284746265537996,128,0.5420540426380244,56,2.477733406994526,128,2.363027720340291,128,0.5625,128,0.1637530655660238,128,0.03713977955043053,128,16.790167107565868,128,16.034449602746143,128,0.0,128,0.5625,128,0.5625,128,0.0,128,0.0,128,0.921875,128,0.921875,128,0.04961440747120185,128,0.09200942760572178,128,0.09671911560841275,128,0.09895929770380232,128,0.048149171845030876,128,0.09112207435261904,128,2.609375,128,0.0,128,2.609375,128,0.847457627118644,118,0.040097182407524815,118,0.04469906008040396,118,56,1.0579370574980114,0.5420540426380244,128,0.1637530655660238,0.03713977955043053,100,1.0,0,,38.35302909948287,118,0.43542561113211664,118,0.03659787338533711,118
2,val,fill_holes_different_color,change_shape_color,change_shape_color -> fill_holes_different_color,synthetic_pair_on_id_atomic_input,image_block_05,128,0.43448693011724054,128,0.4873439619703076,56,2.551932861419189,128,2.473418188400429,128,0.5625,128,0.1613391499433791,128,0.03614582829959758,128,16.11983311448277,128,15.443373679047358,128,0.0,128,0.5625,128,0.5625,128,0.0,128,0.0,128,0.921875,128,0.921875,128,0.05527830649898151,128,0.09409259886965372,128,0.0991386132550025,128,0.10086257977360358,128,0.05464419259147578,128,0.09294797598346086,128,2.609375,128,0.0,128,2.609375,128,0.6970338983050848,118,0.045257555122633825,118,0.05020477916832359,118,56,0.9931129831251212,0.4873439619703076,128,0.1613391499433791,0.03614582829959758,100,1.0,0,,30.988836972324847,118,0.3993838204174616,118,0.04144804877681166,118
2,val,fill_holes_different_color,change_shape_color,change_shape_color -> fill_holes_different_color,synthetic_pair_on_id_atomic_input,image_block_06,128,0.3891108634368352,128,0.39975134754654207,56,3.104755914858912,128,3.0173862007065013,128,0.5625,128,0.15863139865715326,128,0.036729924323413904,128,18.211511693122112,128,17.60120940482903,128,0.0,128,0.5625,128,0.5625,128,0.0,128,0.0,128,0.921875,128,0.921875,128,0.05740468388574026,128,0.09541351383414837,128,0.10081582184664167,128,0.10221388732115701,128,0.05726438193229372,128,0.09492003093639248,128,2.609375,128,0.0,128,2.609375,128,0.6228813559322034,118,0.048032168126251565,118,0.05269214413607067,118,56,0.8893962592841949,0.39975134754654207,128,0.15863139865715326,0.036729924323413904,100,1.0,0,,34.49813258652684,118,0.4014117055164763,118,0.04428957326147747,118
2,val,fill_holes_different_color,change_shape_color,change_shape_color -> fill_holes_different_color,synthetic_pair_on_id_atomic_input,image_final_norm,128,0.37210346732690236,128,0.37000453773189385,56,0.41364210331838713,128,0.4038975477496788,128,0.5625,128,0.15771380753383377,128,0.03666342564561312,128,2.2848921666662716,128,2.209632478033364,128,0.0,128,0.5625,128,0.5625,128,0.0,128,0.0,128,0.921875,128,0.921875,128,0.06030269582837859,128,0.09541482804087696,128,0.10265567527885693,128,0.10396019636631268,128,0.060341287283579216,128,0.09522113172315219,128,2.609375,128,0.0,128,2.609375,128,0.5338983050847458,118,0.05098037734052339,118,0.055915558926143014,118,56,0.8505222110329197,0.37000453773189385,128,0.15771380753383377,0.03666342564561312,100,1.0,0,,10.724364031323674,118,0.6062421605458628,118,0.046980347119465915,118
2,val,fill_holes_different_color,fill_holes_different_color,fill_holes_different_color -> fill_holes_different_color,synthetic_pair_on_id_atomic_input,image_input_tokens,128,0.890625,128,,,0.08955291864550824,128,0.0,128,0.5546875,128,0.890625,128,,,0.08955291864550824,128,0.0,128,0.5546875,128,0.5546875,128,1.0,128,0.5546875,128,1.0,128,1.0,128,0.0,128,0.01975242729890893,128,0.01975242729890893,128,0.03407928496923085,128,0.03407928496923085,128,0.01950624669407368,128,0.01950624669407368,128,8.21875,128,2.0,128,6.21875,128,0.98828125,128,0.02213350881657921,128,0.029867025857788755,128,0,,,0,,,100,0.9995831525325776,0,,,,,,,
2,val,fill_holes_different_color,fill_holes_different_color,fill_holes_different_color -> fill_holes_different_color,synthetic_pair_on_id_atomic_input,image_block_01,128,0.890625,128,,,1.873734434024712,128,0.0,128,0.5546875,128,0.890625,128,,,1.873734434024712,128,0.0,128,0.5546875,128,0.5546875,128,1.0,128,0.5546875,128,1.0,128,1.0,128,0.0,128,0.03628645042587766,128,0.03628645042587766,128,0.054551160965659894,128,0.054551160965659894,128,0.03238593154594561,128,0.03238593154594561,128,8.21875,128,2.0,128,6.21875,128,0.890625,128,0.03033047453459036,128,0.04256105474434555,128,0,,,0,,,100,0.9995831525325776,0,,,,,,,
2,val,fill_holes_different_color,fill_holes_different_color,fill_holes_different_color -> fill_holes_different_color,synthetic_pair_on_id_atomic_input,image_block_02,128,0.890625,128,,,2.4576302045820233,128,0.0,128,0.5546875,128,0.890625,128,,,2.4576302045820233,128,0.0,128,0.5546875,128,0.5546875,128,1.0,128,0.5546875,128,1.0,128,1.0,128,0.0,128,0.0439379324455627,128,0.0439379324455627,128,0.06302721989667917,128,0.06302721989667917,128,0.04044244265744499,128,0.04044244265744499,128,8.21875,128,2.0,128,6.21875,128,0.8359375,128,0.0342826388627059,128,0.04885112199151784,128,0,,,0,,,100,0.9995831525325776,0,,,,,,,
2,val,fill_holes_different_color,fill_holes_different_color,fill_holes_different_color -> fill_holes_different_color,synthetic_pair_on_id_atomic_input,image_block_03,128,0.890625,128,,,2.4841622038929865,128,0.0,128,0.5546875,128,0.890625,128,,,2.4841622038929865,128,0.0,128,0.5546875,128,0.5546875,128,1.0,128,0.5546875,128,1.0,128,1.0,128,0.0,128,0.04699582299381497,128,0.04699582299381497,128,0.06778769432615521,128,0.06778769432615521,128,0.044193148926119766,128,0.044193148926119766,128,8.21875,128,2.0,128,6.21875,128,0.80859375,128,0.03746396028485628,128,0.05322878703224089,128,0,,,0,,,100,0.9995831525325776,0,,,,,,,
2,val,fill_holes_different_color,fill_holes_different_color,fill_holes_different_color -> fill_holes_different_color,synthetic_pair_on_id_atomic_input,image_block_04,128,0.890625,128,,,2.5913532741125422,128,0.0,128,0.5546875,128,0.890625,128,,,2.5913532741125422,128,0.0,128,0.5546875,128,0.5546875,128,1.0,128,0.5546875,128,1.0,128,1.0,128,0.0,128,0.0499223029662163,128,0.0499223029662163,128,0.0696811408773369,128,0.0696811408773369,128,0.046635467692185996,128,0.046635467692185996,128,8.21875,128,2.0,128,6.21875,128,0.7890625,128,0.03761252950594379,128,0.05376563842091327,128,0,,,0,,,100,0.9995831525325776,0,,,,,,,
2,val,fill_holes_different_color,fill_holes_different_color,fill_holes_different_color -> fill_holes_different_color,synthetic_pair_on_id_atomic_input,image_block_05,128,0.890625,128,,,2.6714148553121784,128,0.0,128,0.5546875,128,0.890625,128,,,2.6714148553121784,128,0.0,128,0.5546875,128,0.5546875,128,1.0,128,0.5546875,128,1.0,128,1.0,128,0.0,128,0.05564949085834339,128,0.05564949085834339,128,0.07633414831021995,128,0.07633414831021995,128,0.052805954427780605,128,0.052805954427780605,128,8.21875,128,2.0,128,6.21875,128,0.748046875,128,0.041199340675769164,128,0.0585438559836486,128,0,,,0,,,100,0.9995831525325776,0,,,,,,,
2,val,fill_holes_different_color,fill_holes_different_color,fill_holes_different_color -> fill_holes_different_color,synthetic_pair_on_id_atomic_input,image_block_06,128,0.890625,128,,,3.237098324877011,128,0.0,128,0.5546875,128,0.890625,128,,,3.237098324877011,128,0.0,128,0.5546875,128,0.5546875,128,1.0,128,0.5546875,128,1.0,128,1.0,128,0.0,128,0.057744136377355114,128,0.057744136377355114,128,0.07869254973930878,128,0.07869254973930878,128,0.055565890461771836,128,0.055565890461771836,128,8.21875,128,2.0,128,6.21875,128,0.73828125,128,0.0426581823230009,128,0.06061381650260337,128,0,,,0,,,100,0.9995831525325776,0,,,,,,,
2,val,fill_holes_different_color,fill_holes_different_color,fill_holes_different_color -> fill_holes_different_color,synthetic_pair_on_id_atomic_input,image_final_norm,128,0.890625,128,,,0.43069506278157055,128,0.0,128,0.5546875,128,0.890625,128,,,0.43069506278157055,128,0.0,128,0.5546875,128,0.5546875,128,1.0,128,0.5546875,128,1.0,128,1.0,128,0.0,128,0.0606933372116968,128,0.0606933372116968,128,0.08271181524451879,128,0.08271181524451879,128,0.05848854831888271,128,0.05848854831888271,128,8.21875,128,2.0,128,6.21875,128,0.7265625,128,0.045157319470081544,128,0.06408865183852197,128,0,,,0,,,100,0.9995831525325776,0,,,,,,,
2,val,fill_holes_different_color,pad_right,pad_right -> fill_holes_different_color,synthetic_pair_on_id_atomic_input,image_input_tokens,128,0.32860483015084474,128,0.3492976005124033,20,0.032918029336397044,128,0.06878383435737573,128,0.75,128,1.5775365852378268e-16,128,3.0357660829594124e-17,128,0.31464945676168465,128,0.31464945676168465,128,0.0,128,0.84375,128,0.75,128,0.0,128,0.0,128,0.75,128,0.75,128,0.01922022704686894,128,0.025391853902752698,128,0.03527108629348923,128,0.03405687145148753,128,0.02397226178531664,128,0.02510343706592892,128,3.1875,128,0.0,128,3.1875,128,1.0,108,0.0163220407869025,108,0.021158307812480723,108,20,0.9030709129654063,0.3492976005124033,128,1.5775365852378268e-16,3.0357660829594124e-17,100,1.0,0,,0.43343662005170697,96,0.049368240346962126,96,0.0050305286134444795,96
2,val,fill_holes_different_color,pad_right,pad_right -> fill_holes_different_color,synthetic_pair_on_id_atomic_input,image_block_01,128,0.3217978503941419,128,0.34190041818433864,20,0.695488170081812,128,1.3620684616544325,128,0.75,128,0.015772810264009385,128,0.0011016230457810599,128,13.113540459615422,128,13.117921551332213,128,0.0,128,0.84375,128,0.75,128,0.0,128,0.0,128,0.75,128,0.75,128,0.03523441870156736,128,0.05447922579612809,128,0.065221024022166,128,0.06275750805115601,128,0.036236265207527624,128,0.05429048179359873,128,3.1875,128,0.0,128,3.1875,128,0.9791666666666666,108,0.028610088056033378,108,0.034014397661468965,108,20,0.8595062425225078,0.34190041818433864,128,0.015772810264009385,0.0011016230457810599,100,1.0,0,,20.97895894911784,96,0.41206030360086415,96,0.02000286080985136,96
2,val,fill_holes_different_color,pad_right,pad_right -> fill_holes_different_color,synthetic_pair_on_id_atomic_input,image_block_02,128,0.34192320276406374,128,0.4287286900080213,20,0.9182469806717422,128,1.9454233770253082,128,0.75,128,0.015093087008165373,128,0.0009295552613533984,128,21.645896757286387,128,21.636055022793066,128,0.0,128,0.84375,128,0.75,128,0.0,128,0.0,128,0.75,128,0.75,128,0.04391571656163794,128,0.06853695835439075,128,0.08030130223321108,128,0.07613498926956411,128,0.045986703617988525,128,0.06839460060339989,128,3.1875,128,0.0,128,3.1875,128,0.9328703703703703,108,0.03639872185526118,108,0.04343259423863404,108,20,0.9883084976900077,0.4287286900080213,128,0.015093087008165373,0.0009295552613533984,100,1.0,0,,24.937134331048128,96,0.3794113719910666,96,0.03040884591284132,96
2,val,fill_holes_different_color,pad_right,pad_right -> fill_holes_different_color,synthetic_pair_on_id_atomic_input,image_block_03,128,0.33968221273408805,128,0.4219012676084085,20,0.9163035400207529,128,1.918435500542958,128,0.75,128,0.015130810620710259,128,0.0009425247456336825,128,21.548163801328172,128,21.56276578630638,128,0.0,128,0.84375,128,0.75,128,0.0,128,0.0,128,0.75,128,0.75,128,0.04764252364953403,128,0.07137978279221063,128,0.08307470146367292,128,0.0789566957644322,128,0.048834517223228055,128,0.07130148383768041,128,3.1875,128,0.0,128,3.1875,128,0.8703703703703703,108,0.03980489852952245,108,0.04747060268016261,108,20,0.9739661614981634,0.4219012676084085,128,0.015130810620710259,0.0009425247456336825,100,1.0,0,,27.772681254760922,96,0.3947438418528097,96,0.032963018339515836,96
2,val,fill_holes_different_color,pad_right,pad_right -> fill_holes_different_color,synthetic_pair_on_id_atomic_input,image_block_04,128,0.34617808004973905,128,0.4498572140497378,20,0.9588570346761699,128,2.089204734921811,128,0.75,128,0.016008077947813813,128,0.00102429347704186,128,22.54453949758183,128,22.571798738671966,128,0.0,128,0.84375,128,0.75,128,0.0,128,0.0,128,0.75,128,0.75,128,0.05106042000757334,128,0.07815115914767044,128,0.09000568146175537,128,0.0850439466190438,128,0.0522079953715817,128,0.0781141793767704,128,3.1875,128,0.0,128,3.1875,128,0.7916666666666666,108,0.042566592845313916,108,0.050818032268164774,108,20,1.0155397123183298,0.4498572140497378,128,0.016008077947813813,0.00102429347704186,100,1.0,0,,28.64568339276804,96,0.39495782184769274,96,0.0367884595236469,96
2,val,fill_holes_different_color,pad_right,pad_right -> fill_holes_different_color,synthetic_pair_on_id_atomic_input,image_block_05,128,0.3454783714416177,128,0.4477475973165047,20,0.9761823553131586,128,2.1116148598144955,128,0.75,128,0.016034325304855303,128,0.0010025236024029677,128,22.631625979699074,128,22.637494212297394,128,0.0,128,0.84375,128,0.75,128,0.0,128,0.0,128,0.75,128,0.75,128,0.056205206558147404,128,0.0846057968266343,128,0.09646935590153508,128,0.0918266698007228,128,0.05874280702377462,128,0.0845395634370363,128,3.1875,128,0.0,128,3.1875,128,0.5995370370370371,108,0.04860400226036497,108,0.0563061001558371,108,20,1.0110615772263531,0.4477475973165047,128,0.016034325304855303,0.0010025236024029677,100,1.0,0,,25.94076087443447,96,0.37308668529063166,96,0.044028929545625484,96
2,val,fill_holes_different_color,pad_right,pad_right -> fill_holes_different_color,synthetic_pair_on_id_atomic_input,image_block_06,128,0.35045930730261976,128,0.4742740365751062,20,1.1644939791705766,128,2.641574022831789,128,0.75,128,0.01780060995417708,128,0.0011981340784722105,128,26.43830489731588,128,26.439109027004662,128,0.0,128,0.84375,128,0.75,128,0.0,128,0.0,128,0.75,128,0.75,128,0.058917067477545146,128,0.09264453712422252,128,0.10190123620583517,128,0.09884351543332545,128,0.062078733857276566,128,0.09254185740983548,128,3.1875,128,0.0,128,3.1875,128,0.38657407407407407,108,0.053837523022420564,108,0.059941969950518786,108,20,1.0429395667367662,0.4742740365751062,128,0.01780060995417708,0.0011981340784722105,100,1.0,0,,41.430428176292985,96,0.5107823137192193,96,0.051917050903445415,96
2,val,fill_holes_different_color,pad_right,pad_right -> fill_holes_different_color,synthetic_pair_on_id_atomic_input,image_final_norm,128,0.34609868791183995,128,0.4504644811854813,20,0.1536625819501669,128,0.34456766634232483,128,0.75,128,0.017975572770071772,128,0.001220954817658989,128,3.19494267292309,128,3.1938755466778925,128,0.0,128,0.84375,128,0.75,128,0.0,128,0.0,128,0.75,128,0.75,128,0.06203289027467933,128,0.0953785486271341,128,0.10584994747765708,128,0.10250684338005378,128,0.06660870488709075,128,0.09521036241345732,128,3.1875,128,0.0,128,3.1875,128,0.28935185185185186,108,0.057419112276217585,108,0.06353374097300607,108,20,1.0150316026357755,0.4504644811854813,128,0.017975572770071772,0.001220954817658989,100,1.0,0,,12.058349428229318,96,0.6660565378792064,96,0.05508143152179529,96
2,val,pad_right,change_shape_color,change_shape_color -> pad_right,synthetic_pair_on_id_atomic_input,image_input_tokens,128,1.64347376691696e-15,128,4.0766001685454967e-17,128,0.322159657686168,128,0.322159657686168,128,0.0,128,0.511811013021809,128,0.13619489413717037,128,0.44898009446856135,128,0.5065778923499761,128,0.0,128,0.0,128,0.0,128,0.0,128,0.0,128,0.0,128,0.0,128,0.02791061170236397,128,0.00019799190141286084,128,0.0286176394472566,128,0.02841921141241531,128,0.02863924117943427,128,0.00022133282191249328,128,0.0,128,0.0,128,0.0,128,,,,,,,128,1.64347376691696e-15,4.0766001685454967e-17,128,0.511811013021809,0.13619489413717037,100,0.9947682017087937,0,,,,,,,
2,val,pad_right,change_shape_color,change_shape_color -> pad_right,synthetic_pair_on_id_atomic_input,image_block_01,128,0.4878452524390558,128,0.09921486498496285,128,13.293196923781096,128,13.551700627191604,128,0.0,128,0.7840551864854968,128,0.33136721194085605,128,12.196234763497948,128,11.719435897361496,128,0.0,128,0.0,128,0.0,128,0.0,128,0.0,128,0.0,128,0.0,128,0.05211817797579714,128,0.07878075759217606,128,0.08045111073654937,128,0.08886900694024624,128,0.054309738772347245,128,0.0760378908965384,128,0.0,128,0.0,128,0.0,128,,,,,,,128,0.4878452524390558,0.09921486498496285,128,0.7840551864854968,0.33136721194085605,100,0.9947682017087937,0,,,,,,,
2,val,pad_right,change_shape_color,change_shape_color -> pad_right,synthetic_pair_on_id_atomic_input,image_block_02,128,0.42688402974432355,128,0.08053588441246902,128,21.870399732195285,128,22.247406764765177,128,0.0,128,0.8005200379507524,128,0.340128160665047,128,16.499970984994462,128,15.371338524948255,128,0.0,128,0.0,128,0.0,128,0.0,128,0.0,128,0.0,128,0.0,128,0.06708134711267044,128,0.08759984009364248,128,0.0915351214847532,128,0.09942647535388704,128,0.06894331428894757,128,0.07972771322099867,128,0.0,128,0.0,128,0.0,128,,,,,,,128,0.42688402974432355,0.08053588441246902,128,0.8005200379507524,0.340128160665047,100,0.9947682017087937,0,,,,,,,
2,val,pad_right,change_shape_color,change_shape_color -> pad_right,synthetic_pair_on_id_atomic_input,image_block_03,128,0.4100774551997527,128,0.07261655361523689,128,21.943800773651397,128,22.323973068192462,128,0.0,128,0.8077116240633573,128,0.34489104459774444,128,15.842927859484469,128,14.713784731020414,128,0.0,128,0.0,128,0.0,128,0.0,128,0.0,128,0.0,128,0.0,128,0.06982469331930188,128,0.0881051989851381,128,0.0925687634944729,128,0.10029134199838308,128,0.07127610537856983,128,0.08135923834040279,128,0.0,128,0.0,128,0.0,128,,,,,,,128,0.4100774551997527,0.07261655361523689,128,0.8077116240633573,0.34489104459774444,100,0.9947682017087937,0,,,,,,,
2,val,pad_right,change_shape_color,change_shape_color -> pad_right,synthetic_pair_on_id_atomic_input,image_block_04,128,0.4174708651202395,128,0.07559730307775075,128,22.986558373458777,128,23.4361952984449,128,0.0,128,0.7831215866370718,128,0.31885821160974925,128,16.956169587989017,128,15.301800184582754,128,0.0,128,0.0,128,0.0,128,0.0,128,0.0,128,0.0,128,0.0,128,0.07554340531992951,128,0.09550242187068556,128,0.09872277693540396,128,0.10785775470664641,128,0.07675851359662383,128,0.08831693835477492,128,0.0,128,0.0,128,0.0,128,,,,,,,128,0.4174708651202395,0.07559730307775075,128,0.7831215866370718,0.31885821160974925,100,0.9947682017087937,0,,,,,,,
2,val,pad_right,change_shape_color,change_shape_color -> pad_right,synthetic_pair_on_id_atomic_input,image_block_05,128,0.3897430906090063,128,0.06853772274928194,128,23.236823614920397,128,23.534788136351807,128,0.0,128,0.7933841660045207,128,0.3273151697057848,128,16.10841428249249,128,14.731646784066307,128,0.0,128,0.0,128,0.0,128,0.0,128,0.0,128,0.0,128,0.0,128,0.08420405140513107,128,0.09683569250472673,128,0.10505924144044815,128,0.11403342971312816,128,0.08454990182925495,128,0.09144033983127715,128,0.0,128,0.0,128,0.0,128,,,,,,,128,0.3897430906090063,0.06853772274928194,128,0.7933841660045207,0.3273151697057848,100,0.9947682017087937,0,,,,,,,
2,val,pad_right,change_shape_color,change_shape_color -> pad_right,synthetic_pair_on_id_atomic_input,image_block_06,128,0.4086032925708788,128,0.07999310480857957,128,26.90598688665986,128,27.170758713609374,128,0.0,128,0.8400630031982963,128,0.36555534187981287,128,18.429255216529437,128,16.813376164101793,128,0.0,128,0.0,128,0.0,128,0.0,128,0.0,128,0.0,128,0.0,128,0.09402568203198058,128,0.0978910728950186,128,0.10945778259519598,128,0.1202068949397267,128,0.09424315798276625,128,0.09218882460649533,128,0.0,128,0.0,128,0.0,128,,,,,,,128,0.4086032925708788,0.07999310480857957,128,0.8400630031982963,0.36555534187981287,100,0.9947682017087937,0,,,,,,,
2,val,pad_right,change_shape_color,change_shape_color -> pad_right,synthetic_pair_on_id_atomic_input,image_final_norm,128,0.4025509943449067,128,0.07804371304562503,128,3.2606452104580566,128,3.3024709495414912,128,0.0,128,0.8176849950909546,128,0.347842219496841,128,2.3044750314592797,128,2.1344905858138246,128,0.0,128,0.0,128,0.0,128,0.0,128,0.0,128,0.0,128,0.0,128,0.09696308138055627,128,0.09758037257200289,128,0.11236604100534162,128,0.12304357665050847,128,0.09749304471114813,128,0.09309303015151683,128,0.0,128,0.0,128,0.0,128,,,,,,,128,0.4025509943449067,0.07804371304562503,128,0.8176849950909546,0.347842219496841,100,0.9947682017087937,0,,,,,,,
2,val,pad_right,fill_holes_different_color,fill_holes_different_color -> pad_right,synthetic_pair_on_id_atomic_input,image_input_tokens,128,1.5775365852378268e-16,128,3.0357660829594124e-17,128,0.31464945676168465,128,0.31464945676168465,128,0.0,128,0.32860483015084474,128,0.3492976005124033,20,0.032918029336397044,128,0.06878383435737573,128,0.75,128,0.0,128,0.0,128,0.84375,128,0.75,128,0.75,128,0.75,128,0.025391853902752698,128,0.01922022704686894,128,0.03405687145148753,128,0.03527108629348923,128,0.02510343706592892,128,0.02397226178531664,128,3.1875,128,0.0,128,3.1875,128,1.0,108,0.0163220407869025,108,0.021158307812480723,108,128,1.5775365852378268e-16,3.0357660829594124e-17,20,0.9030709129654063,0.3492976005124033,0,,0,,0.43343662005170697,96,0.049368240346962126,96,0.0050305286134444795,96
2,val,pad_right,fill_holes_different_color,fill_holes_different_color -> pad_right,synthetic_pair_on_id_atomic_input,image_block_01,128,0.015772810264009385,128,0.0011016230457810599,128,13.113540459615422,128,13.117921551332213,128,0.0,128,0.3217978503941419,128,0.34190041818433864,20,0.695488170081812,128,1.3620684616544325,128,0.75,128,0.0,128,0.0,128,0.84375,128,0.75,128,0.75,128,0.75,128,0.05447922579612809,128,0.03523441870156736,128,0.06275750805115601,128,0.065221024022166,128,0.05429048179359873,128,0.036236265207527624,128,3.1875,128,0.0,128,3.1875,128,0.9791666666666666,108,0.02861008805603338,108,0.034014397661468965,108,128,0.015772810264009385,0.0011016230457810599,20,0.8595062425225078,0.34190041818433864,0,,0,,20.97895894911784,96,0.41206030360086415,96,0.02000286080985136,96
2,val,pad_right,fill_holes_different_color,fill_holes_different_color -> pad_right,synthetic_pair_on_id_atomic_input,image_block_02,128,0.015093087008165373,128,0.0009295552613533984,128,21.645896757286387,128,21.636055022793066,128,0.0,128,0.34192320276406374,128,0.4287286900080213,20,0.9182469806717422,128,1.9454233770253082,128,0.75,128,0.0,128,0.0,128,0.84375,128,0.75,128,0.75,128,0.75,128,0.06853695835439075,128,0.04391571656163794,128,0.07613498926956411,128,0.08030130223321108,128,0.06839460060339989,128,0.045986703617988525,128,3.1875,128,0.0,128,3.1875,128,0.9328703703703703,108,0.036398721855261176,108,0.04343259423863404,108,128,0.015093087008165373,0.0009295552613533984,20,0.9883084976900077,0.4287286900080213,0,,0,,24.937134331048128,96,0.3794113719910666,96,0.03040884591284132,96
2,val,pad_right,fill_holes_different_color,fill_holes_different_color -> pad_right,synthetic_pair_on_id_atomic_input,image_block_03,128,0.015130810620710259,128,0.0009425247456336825,128,21.548163801328172,128,21.56276578630638,128,0.0,128,0.33968221273408805,128,0.4219012676084085,20,0.9163035400207529,128,1.918435500542958,128,0.75,128,0.0,128,0.0,128,0.84375,128,0.75,128,0.75,128,0.75,128,0.07137978279221063,128,0.04764252364953403,128,0.0789566957644322,128,0.08307470146367292,128,0.07130148383768041,128,0.048834517223228055,128,3.1875,128,0.0,128,3.1875,128,0.8703703703703703,108,0.03980489852952245,108,0.04747060268016261,108,128,0.015130810620710259,0.0009425247456336825,20,0.9739661614981634,0.4219012676084085,0,,0,,27.772681254760922,96,0.3947438418528097,96,0.032963018339515836,96
2,val,pad_right,fill_holes_different_color,fill_holes_different_color -> pad_right,synthetic_pair_on_id_atomic_input,image_block_04,128,0.016008077947813813,128,0.00102429347704186,128,22.54453949758183,128,22.571798738671966,128,0.0,128,0.34617808004973905,128,0.4498572140497378,20,0.9588570346761699,128,2.089204734921811,128,0.75,128,0.0,128,0.0,128,0.84375,128,0.75,128,0.75,128,0.75,128,0.07815115914767044,128,0.05106042000757334,128,0.0850439466190438,128,0.09000568146175537,128,0.0781141793767704,128,0.0522079953715817,128,3.1875,128,0.0,128,3.1875,128,0.7916666666666666,108,0.042566592845313916,108,0.050818032268164774,108,128,0.016008077947813813,0.00102429347704186,20,1.0155397123183298,0.4498572140497378,0,,0,,28.64568339276804,96,0.39495782184769274,96,0.0367884595236469,96
2,val,pad_right,fill_holes_different_color,fill_holes_different_color -> pad_right,synthetic_pair_on_id_atomic_input,image_block_05,128,0.016034325304855303,128,0.0010025236024029677,128,22.631625979699074,128,22.637494212297394,128,0.0,128,0.3454783714416177,128,0.4477475973165047,20,0.9761823553131586,128,2.1116148598144955,128,0.75,128,0.0,128,0.0,128,0.84375,128,0.75,128,0.75,128,0.75,128,0.0846057968266343,128,0.056205206558147404,128,0.0918266698007228,128,0.09646935590153508,128,0.0845395634370363,128,0.05874280702377462,128,3.1875,128,0.0,128,3.1875,128,0.5995370370370371,108,0.04860400226036497,108,0.0563061001558371,108,128,0.016034325304855303,0.0010025236024029677,20,1.0110615772263531,0.4477475973165047,0,,0,,25.94076087443447,96,0.37308668529063166,96,0.044028929545625484,96
2,val,pad_right,fill_holes_different_color,fill_holes_different_color -> pad_right,synthetic_pair_on_id_atomic_input,image_block_06,128,0.01780060995417708,128,0.0011981340784722105,128,26.43830489731588,128,26.439109027004662,128,0.0,128,0.35045930730261976,128,0.4742740365751062,20,1.1644939791705766,128,2.641574022831789,128,0.75,128,0.0,128,0.0,128,0.84375,128,0.75,128,0.75,128,0.75,128,0.09264453712422252,128,0.058917067477545146,128,0.09884351543332545,128,0.10190123620583517,128,0.09254185740983548,128,0.062078733857276566,128,3.1875,128,0.0,128,3.1875,128,0.38657407407407407,108,0.053837523022420564,108,0.059941969950518786,108,128,0.01780060995417708,0.0011981340784722105,20,1.0429395667367662,0.4742740365751062,0,,0,,41.430428176292985,96,0.5107823137192193,96,0.051917050903445415,96
2,val,pad_right,fill_holes_different_color,fill_holes_different_color -> pad_right,synthetic_pair_on_id_atomic_input,image_final_norm,128,0.017975572770071772,128,0.001220954817658989,128,3.19494267292309,128,3.1938755466778925,128,0.0,128,0.34609868791183995,128,0.4504644811854813,20,0.1536625819501669,128,0.34456766634232483,128,0.75,128,0.0,128,0.0,128,0.84375,128,0.75,128,0.75,128,0.75,128,0.0953785486271341,128,0.06203289027467933,128,0.10250684338005378,128,0.10584994747765708,128,0.09521036241345732,128,0.06660870488709075,128,3.1875,128,0.0,128,3.1875,128,0.28935185185185186,108,0.057419112276217585,108,0.06353374097300607,108,128,0.017975572770071772,0.001220954817658989,20,1.0150316026357755,0.4504644811854813,0,,0,,12.058349428229318,96,0.6660565378792064,96,0.05508143152179529,96
2,val,pad_right,pad_right,pad_right -> pad_right,synthetic_pair_on_id_atomic_input,image_input_tokens,128,0.5629439373801751,128,0.13102224341309981,128,0.33029522788979415,128,0.34362285128468634,128,0.0,128,0.5629439373801751,128,0.13102224341309981,128,0.33029522788979415,128,0.34362285128468634,128,0.0,128,0.0,128,0.0,128,0.0,128,0.0,128,1.0,128,0.0,128,0.028622827995304363,128,0.028622827995304363,128,0.054531178203946734,128,0.054531178203946734,128,0.030224340234110032,128,0.030224340234110032,128,2.0,128,2.0,128,0.0,128,,,,,,,128,0.5629439373801751,0.13102224341309981,128,0.5629439373801751,0.13102224341309981,100,0.9971202963590622,0,,,,,,,
2,val,pad_right,pad_right,pad_right -> pad_right,synthetic_pair_on_id_atomic_input,image_block_01,128,0.8188256964300411,128,0.23914325949875875,128,14.244533866076,128,9.495433597882094,128,0.0,128,0.8188256964300411,128,0.23914325949875875,128,14.244533866076,128,9.495433597882094,128,0.0,128,0.0,128,0.0,128,0.0,128,0.0,128,1.0,128,0.0,128,0.05311000951502517,128,0.05311000951502517,128,0.07384474058841664,128,0.07384474058841664,128,0.05206309696355416,128,0.05206309696355416,128,2.0,128,2.0,128,0.0,128,,,,,,,128,0.8188256964300411,0.23914325949875875,128,0.8188256964300411,0.23914325949875875,100,0.9971202963590622,0,,,,,,,
2,val,pad_right,pad_right,pad_right -> pad_right,synthetic_pair_on_id_atomic_input,image_block_02,128,0.8796265580905602,128,0.2565335335188491,128,23.835038697542767,128,13.98909742895587,128,0.0,128,0.8796265580905602,128,0.2565335335188491,128,23.835038697542767,128,13.98909742895587,128,0.0,128,0.0,128,0.0,128,0.0,128,0.0,128,1.0,128,0.0,128,0.06895201068109615,128,0.06895201068109615,128,0.09449026539268687,128,0.09449026539268687,128,0.0676316543796937,128,0.0676316543796937,128,2.0,128,2.0,128,0.0,128,,,,,,,128,0.8796265580905602,0.2565335335188491,128,0.8796265580905602,0.2565335335188491,100,0.9971202963590622,0,,,,,,,
2,val,pad_right,pad_right,pad_right -> pad_right,synthetic_pair_on_id_atomic_input,image_block_03,128,0.8333945102824776,128,0.23820553929444627,128,23.685281255801932,128,14.81707723117471,128,0.0,128,0.8333945102824776,128,0.23820553929444627,128,23.685281255801932,128,14.81707723117471,128,0.0,128,0.0,128,0.0,128,0.0,128,0.0,128,1.0,128,0.0,128,0.07211430290388636,128,0.07211430290388636,128,0.09813626376462865,128,0.09813626376462865,128,0.07094103949311802,128,0.07094103949311802,128,2.0,128,2.0,128,0.0,128,,,,,,,128,0.8333945102824776,0.23820553929444627,128,0.8333945102824776,0.23820553929444627,100,0.9971202963590622,0,,,,,,,
2,val,pad_right,pad_right,pad_right -> pad_right,synthetic_pair_on_id_atomic_input,image_block_04,128,0.8259365037653206,128,0.2318768883165624,128,24.862747707195368,128,15.695887089393683,128,0.0,128,0.8259365037653206,128,0.2318768883165624,128,24.862747707195368,128,15.695887089393683,128,0.0,128,0.0,128,0.0,128,0.0,128,0.0,128,1.0,128,0.0,128,0.0784251992408685,128,0.0784251992408685,128,0.10278173083566361,128,0.10278173083566361,128,0.07306665144773972,128,0.07306665144773972,128,2.0,128,2.0,128,0.0,128,,,,,,,128,0.8259365037653206,0.2318768883165624,128,0.8259365037653206,0.2318768883165624,100,0.9971202963590622,0,,,,,,,
2,val,pad_right,pad_right,pad_right -> pad_right,synthetic_pair_on_id_atomic_input,image_block_05,128,0.8181667760495406,128,0.24617141311769056,128,24.73087026222396,128,16.172499167237216,128,0.0,128,0.8181667760495406,128,0.24617141311769056,128,24.73087026222396,128,16.172499167237216,128,0.0,128,0.0,128,0.0,128,0.0,128,0.0,128,1.0,128,0.0,128,0.08603532292944158,128,0.08603532292944158,128,0.11310170348085942,128,0.11310170348085942,128,0.0814660197370133,128,0.0814660197370133,128,2.0,128,2.0,128,0.0,128,,,,,,,128,0.8181667760495406,0.24617141311769056,128,0.8181667760495406,0.24617141311769056,100,0.9971202963590622,0,,,,,,,
2,val,pad_right,pad_right,pad_right -> pad_right,synthetic_pair_on_id_atomic_input,image_block_06,128,0.8797608253600204,128,0.3401890681879419,128,28.35300661290384,128,20.35086044993922,128,0.0,128,0.8797608253600204,128,0.3401890681879419,128,28.35300661290384,128,20.35086044993922,128,0.0,128,0.0,128,0.0,128,0.0,128,0.0,128,1.0,128,0.0,128,0.0966957461185075,128,0.0966957461185075,128,0.12757732117687612,128,0.12757732117687612,128,0.09555985043151137,128,0.09555985043151137,128,2.0,128,2.0,128,0.0,128,,,,,,,128,0.8797608253600204,0.3401890681879419,128,0.8797608253600204,0.3401890681879419,100,0.9971202963590622,0,,,,,,,
2,val,pad_right,pad_right,pad_right -> pad_right,synthetic_pair_on_id_atomic_input,image_final_norm,128,0.8721395650653134,128,0.3387259996166828,128,3.426209893810783,128,2.500345671005801,128,0.0,128,0.8721395650653134,128,0.3387259996166828,128,3.426209893810783,128,2.500345671005801,128,0.0,128,0.0,128,0.0,128,0.0,128,0.0,128,1.0,128,0.0,128,0.09948672404218212,128,0.09948672404218212,128,0.13283348713309714,128,0.13283348713309714,128,0.09905571059640522,128,0.09905571059640522,128,2.0,128,2.0,128,0.0,128,,,,,,,128,0.8721395650653134,0.3387259996166828,128,0.8721395650653134,0.3387259996166828,100,0.9971202963590622,0,,,,,,,
2,val_ood,change_shape_color,pad_right,pad_right -> change_shape_color,recorded_ood_composition,image_input_tokens,128,0.5563192010298484,128,0.1511832996257525,128,0.3901083693968139,128,0.4485640331795317,128,0.0,128,1.5808037026944464e-15,128,5.0306980803327406e-17,128,0.3223367779160736,128,0.3223367779160736,128,0.0,128,0.0,128,0.0,128,0.0,128,0.0,128,0.0,128,0.0,128,0.00018747785932924933,128,0.027411989079863194,128,0.027910072066797742,128,0.027663352465632205,128,0.00021251801150086339,128,0.02768908061581497,128,0.0,128,0.0,128,0.0,128,,,,,,,128,0.5563192010298484,0.1511832996257525,128,1.5808037026944464e-15,5.0306980803327406e-17,1000,0.11433292183931917,128,0.11820707704464439,,,,,,
2,val_ood,change_shape_color,pad_right,pad_right -> change_shape_color,recorded_ood_composition,image_block_01,128,0.849890906151878,128,0.39216400072640045,128,11.383717213572488,128,11.197153901736462,128,0.0,128,0.4674864211663533,128,0.09779362730843269,128,13.729149640798596,128,13.612154163293473,128,0.0,128,0.0,128,0.0,128,0.0,128,0.0,128,0.0,128,0.0,128,0.07806473147099838,128,0.051694033050187715,128,0.08834962924995135,128,0.07914107497164666,128,0.07637462800063172,128,0.05258046072222461,128,0.0,128,0.0,128,0.0,128,,,,,,,128,0.849890906151878,0.39216400072640045,128,0.4674864211663533,0.09779362730843269,1000,0.11433292183931917,128,0.11820707704464439,,,,,,
2,val_ood,change_shape_color,pad_right,pad_right -> change_shape_color,recorded_ood_composition,image_block_02,128,0.843671115607981,128,0.3805406329940242,128,15.529366820682732,128,14.800688439419837,128,0.0,128,0.41515114178436163,128,0.08287508976260656,128,22.295569001162193,128,22.359618957098064,128,0.0,128,0.0,128,0.0,128,0.0,128,0.0,128,0.0,128,0.0,128,0.08556783530886128,128,0.06776592424515301,128,0.10092061519207068,128,0.090834764127775,128,0.08177624013982496,128,0.06949107505758818,128,0.0,128,0.0,128,0.0,128,,,,,,,128,0.843671115607981,0.3805406329940242,128,0.41515114178436163,0.08287508976260656,1000,0.11433292183931917,128,0.11820707704464439,,,,,,
2,val_ood,change_shape_color,pad_right,pad_right -> change_shape_color,recorded_ood_composition,image_block_03,128,0.8564288680205423,128,0.39112172528394185,128,14.884722685227914,128,14.190063145233914,128,0.0,128,0.3998655573970842,128,0.07537134716727964,128,22.324999406675964,128,22.243760524799555,128,0.0,128,0.0,128,0.0,128,0.0,128,0.0,128,0.0,128,0.0,128,0.08535821372498803,128,0.07089316493358952,128,0.10115341902303385,128,0.09157827894265488,128,0.08250901465516508,128,0.07174116209819703,128,0.0,128,0.0,128,0.0,128,,,,,,,128,0.8564288680205423,0.39112172528394185,128,0.3998655573970842,0.07537134716727964,1000,0.11433292183931917,128,0.11820707704464439,,,,,,
2,val_ood,change_shape_color,pad_right,pad_right -> change_shape_color,recorded_ood_composition,image_block_04,128,0.8341430739693325,128,0.37044752893881133,128,15.663228772876828,128,14.727958101122766,128,0.0,128,0.40135668994392765,128,0.07573323634540541,128,23.169926558381476,128,23.03139039763397,128,0.0,128,0.0,128,0.0,128,0.0,128,0.0,128,0.0,128,0.0,128,0.0900862385933021,128,0.07683443896354872,128,0.10797350297165519,128,0.09941421824508093,128,0.08754001599670932,128,0.07885511510248197,128,0.0,128,0.0,128,0.0,128,,,,,,,128,0.8341430739693325,0.37044752893881133,128,0.40135668994392765,0.07573323634540541,1000,0.11433292183931917,128,0.11820707704464439,,,,,,
2,val_ood,change_shape_color,pad_right,pad_right -> change_shape_color,recorded_ood_composition,image_block_05,128,0.830959784281299,128,0.36520517450255763,128,14.95907210870502,128,14.125731266918677,128,0.0,128,0.38206093494969834,128,0.06969780585009722,128,23.10617518906144,128,22.986755146698126,128,0.0,128,0.0,128,0.0,128,0.0,128,0.0,128,0.0,128,0.0,128,0.09166618398283136,128,0.08386945151364844,128,0.1125189608916865,128,0.10339175210406851,128,0.09039403110766103,128,0.08418756150232898,128,0.0,128,0.0,128,0.0,128,,,,,,,128,0.830959784281299,0.36520517450255763,128,0.38206093494969834,0.06969780585009722,1000,0.11433292183931917,128,0.11820707704464439,,,,,,
2,val_ood,change_shape_color,pad_right,pad_right -> change_shape_color,recorded_ood_composition,image_block_06,128,0.8663865087341782,128,0.38923632788433804,128,16.282445632042702,128,16.282663612334375,128,0.0,128,0.3861865590506331,128,0.0743863040913432,128,26.246245268583184,128,26.2085795615807,128,0.0,128,0.0,128,0.0,128,0.0,128,0.0,128,0.0,128,0.0,128,0.08963596800877799,128,0.09349325926733652,128,0.12053155983431854,128,0.10854868580439853,128,0.09414319252853795,128,0.09321298892224394,128,0.0,128,0.0,128,0.0,128,,,,,,,128,0.8663865087341782,0.38923632788433804,128,0.3861865590506331,0.0743863040913432,1000,0.11433292183931917,128,0.11820707704464439,,,,,,
2,val_ood,change_shape_color,pad_right,pad_right -> change_shape_color,recorded_ood_composition,image_final_norm,128,0.8428343268377743,128,0.3680217588707488,128,2.027919813192553,128,2.0574360032258556,128,0.0,128,0.37852040241594365,128,0.0718314771413934,128,3.173364345911332,128,3.1622528166444095,128,0.0,128,0.0,128,0.0,128,0.0,128,0.0,128,0.0,128,0.0,128,0.0897931493187692,128,0.09555885040558061,128,0.12243627975042708,128,0.11095903412686971,128,0.09548003655223575,128,0.09555724383186737,128,0.0,128,0.0,128,0.0,128,,,,,,,128,0.8428343268377743,0.3680217588707488,128,0.37852040241594365,0.0718314771413934,1000,0.11433292183931917,128,0.11820707704464439,,,,,,
2,test,change_shape_color,change_shape_color,change_shape_color -> change_shape_color,synthetic_pair_on_id_atomic_input,image_input_tokens,128,1.695983787369874,128,1.4409180067087561,128,0.47896343051546064,128,0.4813373992156986,128,0.0,128,1.695983787369874,128,1.4409180067087561,128,0.47896343051546064,128,0.4813373992156986,128,0.0,128,0.0,128,0.0,128,0.0,128,0.0,128,1.0,128,0.0,128,0.00021121119438564066,128,0.00021121119438564066,128,0.00039269247695244936,128,0.00039269247695244936,128,0.00020755619351595344,128,0.00020755619351595344,128,2.0,128,2.0,128,0.0,128,,,,,,,128,1.695983787369874,1.4409180067087561,128,1.695983787369874,1.4409180067087561,100,0.9976583713293076,0,,,,,,,
2,test,change_shape_color,change_shape_color,change_shape_color -> change_shape_color,synthetic_pair_on_id_atomic_input,image_block_01,128,1.6490697603252849,128,1.354613650666113,128,11.86624219868982,128,11.567731936094065,128,0.0,128,1.6490697603252849,128,1.354613650666113,128,11.86624219868982,128,11.567731936094065,128,0.0,128,0.0,128,0.0,128,0.0,128,0.0,128,1.0,128,0.0,128,0.07585933811645544,128,0.07585933811645544,128,0.09474695035552204,128,0.09474695035552204,128,0.0776092662165078,128,0.0776092662165078,128,2.0,128,2.0,128,0.0,128,,,,,,,128,1.6490697603252849,1.354613650666113,128,1.6490697603252849,1.354613650666113,100,0.9976583713293076,0,,,,,,,
2,test,change_shape_color,change_shape_color,change_shape_color -> change_shape_color,synthetic_pair_on_id_atomic_input,image_block_02,128,1.6271997292062,128,1.3209488659903093,128,16.233373662735026,128,15.670323003525773,128,0.0,128,1.6271997292062,128,1.3209488659903093,128,16.233373662735026,128,15.670323003525773,128,0.0,128,0.0,128,0.0,128,0.0,128,0.0,128,1.0,128,0.0,128,0.08352271282881166,128,0.08352271282881166,128,0.1007113521110878,128,0.1007113521110878,128,0.08519830823724045,128,0.08519830823724045,128,2.0,128,2.0,128,0.0,128,,,,,,,128,1.6271997292062,1.3209488659903093,128,1.6271997292062,1.3209488659903093,100,0.9976583713293076,0,,,,,,,
2,test,change_shape_color,change_shape_color,change_shape_color -> change_shape_color,synthetic_pair_on_id_atomic_input,image_block_03,128,1.6283617056269803,128,1.323932587007164,128,15.6711880345662,128,15.23028020744821,128,0.0,128,1.6283617056269803,128,1.323932587007164,128,15.6711880345662,128,15.23028020744821,128,0.0,128,0.0,128,0.0,128,0.0,128,0.0,128,1.0,128,0.0,128,0.08485371192539004,128,0.08485371192539004,128,0.10294402771715924,128,0.10294402771715924,128,0.08592745948520578,128,0.08592745948520578,128,2.0,128,2.0,128,0.0,128,,,,,,,128,1.6283617056269803,1.323932587007164,128,1.6283617056269803,1.323932587007164,100,0.9976583713293076,0,,,,,,,
2,test,change_shape_color,change_shape_color,change_shape_color -> change_shape_color,synthetic_pair_on_id_atomic_input,image_block_04,128,1.6231865319469403,128,1.3176195660685064,128,16.69877326716894,128,16.22036393769475,128,0.0,128,1.6231865319469403,128,1.3176195660685064,128,16.69877326716894,128,16.22036393769475,128,0.0,128,0.0,128,0.0,128,0.0,128,0.0,128,1.0,128,0.0,128,0.09225929453552072,128,0.09225929453552072,128,0.11227640094534516,128,0.11227640094534516,128,0.09147701710954731,128,0.09147701710954731,128,2.0,128,2.0,128,0.0,128,,,,,,,128,1.6231865319469403,1.3176195660685064,128,1.6231865319469403,1.3176195660685064,100,0.9976583713293076,0,,,,,,,
2,test,change_shape_color,change_shape_color,change_shape_color -> change_shape_color,synthetic_pair_on_id_atomic_input,image_block_05,128,1.6049971597109798,128,1.2872726301064157,128,16.111295717778226,128,15.657039970944908,128,0.0,128,1.6049971597109798,128,1.2872726301064157,128,16.111295717778226,128,15.657039970944908,128,0.0,128,0.0,128,0.0,128,0.0,128,0.0,128,1.0,128,0.0,128,0.09406768770538274,128,0.09406768770538274,128,0.11533812909088044,128,0.11533812909088044,128,0.09221478630669322,128,0.09221478630669322,128,2.0,128,2.0,128,0.0,128,,,,,,,128,1.6049971597109798,1.2872726301064157,128,1.6049971597109798,1.2872726301064157,100,0.9976583713293076,0,,,,,,,
2,test,change_shape_color,change_shape_color,change_shape_color -> change_shape_color,synthetic_pair_on_id_atomic_input,image_block_06,128,1.5989321067358115,128,1.271367178471217,128,18.724723769558356,128,17.430858512248506,128,0.0,128,1.5989321067358115,128,1.271367178471217,128,18.724723769558356,128,17.430858512248506,128,0.0,128,0.0,128,0.0,128,0.0,128,0.0,128,1.0,128,0.0,128,0.09778603346786072,128,0.09778603346786072,128,0.12063667237149914,128,0.12063667237149914,128,0.09319232152343233,128,0.09319232152343233,128,2.0,128,2.0,128,0.0,128,,,,,,,128,1.5989321067358115,1.271367178471217,128,1.5989321067358115,1.271367178471217,100,0.9976583713293076,0,,,,,,,
2,test,change_shape_color,change_shape_color,change_shape_color -> change_shape_color,synthetic_pair_on_id_atomic_input,image_final_norm,128,1.6031576481265788,128,1.278135446053723,128,2.3645075647968583,128,2.196032805522332,128,0.0,128,1.6031576481265788,128,1.278135446053723,128,2.3645075647968583,128,2.196032805522332,128,0.0,128,0.0,128,0.0,128,0.0,128,0.0,128,1.0,128,0.0,128,0.09843003257201892,128,0.09843003257201892,128,0.12150497612792319,128,0.12150497612792319,128,0.09344727489383826,128,0.09344727489383826,128,2.0,128,2.0,128,0.0,128,,,,,,,128,1.6031576481265788,1.278135446053723,128,1.6031576481265788,1.278135446053723,100,0.9976583713293076,0,,,,,,,
2,test,change_shape_color,fill_holes_different_color,fill_holes_different_color -> change_shape_color,synthetic_pair_on_id_atomic_input,image_input_tokens,128,0.09993108747354279,128,0.0206620359379344,128,0.4894164376012097,128,0.4795848476879996,128,0.0,128,0.29438295089167343,128,0.25031794589985656,54,0.07703745170633813,128,0.0764957906240441,128,0.578125,128,0.0,128,0.0,128,0.578125,128,0.578125,128,0.9765625,128,0.9765625,128,0.00021680685444232215,128,0.018840264230813433,128,0.018840478782280012,128,0.018437065894842647,128,0.00021721592196915254,128,0.018441720588480717,128,2.7109375,128,0.0,128,2.7109375,128,1.0,125,0.012371415680401721,125,0.014870957322962897,125,128,0.09993108747354279,0.0206620359379344,54,0.6977966243358187,0.25031794589985656,100,1.0,0,,0.8264997247413244,125,0.09791438369218079,125,0.006376547511026178,125
2,test,change_shape_color,fill_holes_different_color,fill_holes_different_color -> change_shape_color,synthetic_pair_on_id_atomic_input,image_block_01,128,0.13651967365212514,128,0.02477063682129633,128,12.103955025126602,128,11.427892966120476,128,0.0,128,0.4303928174338768,128,0.4816292847200558,54,1.5911585476573449,128,1.5080345585579975,128,0.578125,128,0.0,128,0.0,128,0.578125,128,0.578125,128,0.9765625,128,0.9765625,128,0.07641351890297701,128,0.035020542594256375,128,0.08129439130482943,128,0.07919490408959234,128,0.07478860114427802,128,0.03432001645658753,128,2.7109375,128,0.0,128,2.7109375,128,0.968,125,0.029170262465913723,125,0.03242701947104489,125,128,0.13651967365212514,0.02477063682129633,54,1.0201903820654858,0.4816292847200558,100,1.0,0,,25.693796973859083,125,0.35457786929262114,125,0.026757744511849424,125
2,test,change_shape_color,fill_holes_different_color,fill_holes_different_color -> change_shape_color,synthetic_pair_on_id_atomic_input,image_block_02,128,0.1417692138981675,128,0.0268526183815443,128,16.452651343809308,128,15.600234818586545,128,0.0,128,0.44983387343048675,128,0.5295681184498199,54,2.1145418172823054,128,2.0845959967783876,128,0.578125,128,0.0,128,0.0,128,0.578125,128,0.578125,128,0.9765625,128,0.9765625,128,0.08338665994671457,128,0.04324293449556361,128,0.08920256816349022,128,0.08718245661828314,128,0.08137071157380671,128,0.04298070014397104,128,2.7109375,128,0.0,128,2.7109375,128,0.95,125,0.03486097263436961,125,0.03912441508969387,125,128,0.1417692138981675,0.0268526183815443,54,1.0662728851685612,0.5295681184498199,100,1.0,0,,26.88880095190491,125,0.3405256187424917,125,0.031543816033899726,125
2,test,change_shape_color,fill_holes_different_color,fill_holes_different_color -> change_shape_color,synthetic_pair_on_id_atomic_input,image_block_03,128,0.13863791552112495,128,0.025592715502999103,128,15.836415473197867,128,15.040398395732987,128,0.0,128,0.4211163816390624,128,0.472276544214346,54,2.217226107031573,128,2.1352694379666026,128,0.578125,128,0.0,128,0.0,128,0.578125,128,0.578125,128,0.9765625,128,0.9765625,128,0.08415209819149842,128,0.04610284945178321,128,0.09019776898577381,128,0.08845079467433635,128,0.08222452755444062,128,0.046006718182455435,128,2.7109375,128,0.0,128,2.7109375,128,0.908,125,0.03779122625326756,125,0.041965242780206455,125,128,0.13863791552112495,0.025592715502999103,54,0.9982017935148148,0.472276544214346,100,1.0,0,,30.32343058124872,125,0.367316833241027,125,0.03394269733335369,125
2,test,change_shape_color,fill_holes_different_color,fill_holes_different_color -> change_shape_color,synthetic_pair_on_id_atomic_input,image_block_04,128,0.13861277265311223,128,0.02515524038083554,128,16.79781692870983,128,15.922833181484908,128,0.0,128,0.43750106917713594,128,0.5183005191941049,54,2.2604190955328693,128,2.1833383794893386,128,0.578125,128,0.0,128,0.0,128,0.578125,128,0.578125,128,0.9765625,128,0.9765625,128,0.09140510556361883,128,0.0487455373567261,128,0.09694154005975929,128,0.09502464336421146,128,0.08935606516657998,128,0.04867519874072576,128,2.7109375,128,0.0,128,2.7109375,128,0.868,125,0.0406765928187956,125,0.044924211382068265,125,128,0.13861277265311223,0.02515524038083554,54,1.0370395713828409,0.5183005191941049,100,1.0,0,,38.35302909948286,125,0.4354256111321167,125,0.03712712440791169,125
2,test,change_shape_color,fill_holes_different_color,fill_holes_different_color -> change_shape_color,synthetic_pair_on_id_atomic_input,image_block_05,128,0.1328140003371838,128,0.024734330439662635,128,16.19477865295045,128,15.4451050834942,128,0.0,128,0.40655240625181266,128,0.45648481547780095,54,2.3000455092886476,128,2.225524808242805,128,0.578125,128,0.0,128,0.0,128,0.578125,128,0.578125,128,0.9765625,128,0.9765625,128,0.09322025424844611,128,0.054705024414540206,128,0.10009189319556283,128,0.09763936823600483,128,0.09133060009721015,128,0.053989327676960935,128,2.7109375,128,0.0,128,2.7109375,128,0.736,125,0.045476889129602405,125,0.0500746959627768,125,128,0.1328140003371838,0.024734330439662635,54,0.9636797777820744,0.45648481547780095,100,1.0,0,,30.988836972324847,125,0.3993838204174616,125,0.04170471561050532,125
2,test,change_shape_color,fill_holes_different_color,fill_holes_different_color -> change_shape_color,synthetic_pair_on_id_atomic_input,image_block_06,128,0.12837350325059962,128,0.02313432971243651,128,18.822803894866798,128,18.115168397652614,128,0.0,128,0.37357086103673515,128,0.392457518821053,54,2.8147066415361337,128,2.7081115373797306,128,0.578125,128,0.0,128,0.0,128,0.578125,128,0.578125,128,0.9765625,128,0.9765625,128,0.09651472100504215,128,0.056993851289667705,128,0.10352560252937368,128,0.1014394353829756,128,0.09489471188944634,128,0.05604260647826367,128,2.7109375,128,0.0,128,2.7109375,128,0.644,125,0.048053493943070166,125,0.05269900725044275,125,128,0.12837350325059962,0.02313432971243651,54,0.8855013002352239,0.392457518821053,100,1.0,0,,34.49813258652682,125,0.40141170551647637,125,0.04426783711219668,125
2,test,change_shape_color,fill_holes_different_color,fill_holes_different_color -> change_shape_color,synthetic_pair_on_id_atomic_input,image_final_norm,128,0.12567074734451023,128,0.022576615373216456,128,2.3805589483807816,128,2.2976016286794234,128,0.0,128,0.3539594707163739,128,0.35617914675147944,54,0.3722939885006733,128,0.36269641499544064,128,0.578125,128,0.0,128,0.0,128,0.578125,128,0.578125,128,0.9765625,128,0.9765625,128,0.09711629000995324,128,0.059675735798817936,128,0.10546640649990265,128,0.10352763293294232,128,0.0957178245052697,128,0.05881079669427339,128,2.7109375,128,0.0,128,2.7109375,128,0.528,125,0.05107131869897401,125,0.05584134616204653,125,128,0.12567074734451023,0.022576615373216456,54,0.8390150416980715,0.35617914675147944,100,1.0,0,,10.724364031323676,125,0.6062421605458628,125,0.04689472327250067,125
2,test,change_shape_color,pad_right,pad_right -> change_shape_color,synthetic_pair_on_id_atomic_input,image_input_tokens,128,0.5052381446479175,128,0.1308864090668632,128,0.46809439011724374,128,0.5197264009305702,128,0.0,128,1.5411604973544243e-15,128,4.0766001685454967e-17,128,0.3407482545891374,128,0.3407482545891374,128,0.0,128,0.0,128,0.0,128,0.0,128,0.0,128,0.0,128,0.0,128,0.00020955670103205284,128,0.02987474358758803,128,0.030423938412025977,128,0.03009836771413686,128,0.0002329891868443485,128,0.03011864244753742,128,0.0,128,0.0,128,0.0,128,,,,,,,128,0.5052381446479175,0.1308864090668632,128,1.5411604973544243e-15,4.0766001685454967e-17,0,,0,,,,,,,
2,test,change_shape_color,pad_right,pad_right -> change_shape_color,synthetic_pair_on_id_atomic_input,image_block_01,128,0.8454077327813758,128,0.3914403749737554,128,11.794218329890448,128,11.696795628950628,128,0.0,128,0.4732748212034465,128,0.10184026909198765,128,14.251617248275272,128,14.355851021392755,128,0.0,128,0.0,128,0.0,128,0.0,128,0.0,128,0.0,128,0.0,128,0.07594111021356037,128,0.054984110768977384,128,0.08660364164762886,128,0.07786139133983856,128,0.0747749043517064,128,0.054911808957523955,128,0.0,128,0.0,128,0.0,128,,,,,,,128,0.8454077327813758,0.3914403749737554,128,0.4732748212034465,0.10184026909198765,0,,0,,,,,,,
2,test,change_shape_color,pad_right,pad_right -> change_shape_color,synthetic_pair_on_id_atomic_input,image_block_02,128,0.8434356093617236,128,0.3795437006137866,128,16.134022129098355,128,15.403776021935313,128,0.0,128,0.41521188785948554,128,0.08496091286908518,128,23.499277828350117,128,23.566138614340993,128,0.0,128,0.0,128,0.0,128,0.0,128,0.0,128,0.0,128,0.0,128,0.08398673360685584,128,0.07214823293403001,128,0.10112934963629264,128,0.09286149959747063,128,0.08104658489342231,128,0.07138084057271328,128,0.0,128,0.0,128,0.0,128,,,,,,,128,0.8434356093617236,0.3795437006137866,128,0.41521188785948554,0.08496091286908518,0,,0,,,,,,,
2,test,change_shape_color,pad_right,pad_right -> change_shape_color,synthetic_pair_on_id_atomic_input,image_block_03,128,0.8428165205479354,128,0.37769665315414147,128,15.568516923531439,128,14.812436158565015,128,0.0,128,0.3990885840930868,128,0.075055687704248,128,23.34928393453488,128,23.53673664291893,128,0.0,128,0.0,128,0.0,128,0.0,128,0.0,128,0.0,128,0.0,128,0.08474236796907136,128,0.0747711889888917,128,0.10219251342173401,128,0.0946248296257905,128,0.08183024822006799,128,0.07373050139671831,128,0.0,128,0.0,128,0.0,128,,,,,,,128,0.8428165205479354,0.37769665315414147,128,0.3990885840930868,0.075055687704248,0,,0,,,,,,,
2,test,change_shape_color,pad_right,pad_right -> change_shape_color,synthetic_pair_on_id_atomic_input,image_block_04,128,0.818392414396433,128,0.35250652292122797,128,16.568201498315055,128,15.351751293451668,128,0.0,128,0.40894480960899077,128,0.07845396655045758,128,24.012437532726832,128,24.153402550865348,128,0.0,128,0.0,128,0.0,128,0.0,128,0.0,128,0.0,128,0.0,128,0.09210220163161897,128,0.08177821950018135,128,0.11019673699298922,128,0.10130098064594599,128,0.08765647324829987,128,0.07966211568546114,128,0.0,128,0.0,128,0.0,128,,,,,,,128,0.818392414396433,0.35250652292122797,128,0.40894480960899077,0.07845396655045758,0,,0,,,,,,,
2,test,change_shape_color,pad_right,pad_right -> change_shape_color,synthetic_pair_on_id_atomic_input,image_block_05,128,0.8207779582176424,128,0.35204157343979364,128,15.967162275676156,128,14.724412120683668,128,0.0,128,0.3920316305355288,128,0.07420959892879023,128,23.892942999314002,128,24.02452022149762,128,0.0,128,0.0,128,0.0,128,0.0,128,0.0,128,0.0,128,0.0,128,0.0937460039325679,128,0.08814624200591598,128,0.1152688103933367,128,0.10612637314198357,128,0.09055797884630432,128,0.08843061387673916,128,0.0,128,0.0,128,0.0,128,,,,,,,128,0.8207779582176424,0.35204157343979364,128,0.3920316305355288,0.07420959892879023,0,,0,,,,,,,
2,test,change_shape_color,pad_right,pad_right -> change_shape_color,synthetic_pair_on_id_atomic_input,image_block_06,128,0.8724356594179545,128,0.39156977606246324,128,18.425019875214062,128,17.232206923834944,128,0.0,128,0.4188697499966988,128,0.09163584267836142,128,27.182988719838065,128,27.80221775310662,128,0.0,128,0.0,128,0.0,128,0.0,128,0.0,128,0.0,128,0.0,128,0.0970361922949417,128,0.09987305981961067,128,0.12485262951724203,128,0.11266875009902355,128,0.09674039867083234,128,0.09929564974004272,128,0.0,128,0.0,128,0.0,128,,,,,,,128,0.8724356594179545,0.39156977606246324,128,0.4188697499966988,0.09163584267836142,0,,0,,,,,,,
2,test,change_shape_color,pad_right,pad_right -> change_shape_color,synthetic_pair_on_id_atomic_input,image_final_norm,128,0.8443383764881005,128,0.366982529913811,128,2.3203427757307034,128,2.207529453797394,128,0.0,128,0.41244608067237815,128,0.08916429033511696,128,3.293757668946716,128,3.3652974905978033,128,0.0,128,0.0,128,0.0,128,0.0,128,0.0,128,0.0,128,0.0,128,0.09760978594972436,128,0.10296962484766722,128,0.12789964002072454,128,0.11544336317079182,128,0.09841579209179929,128,0.1024821709487177,128,0.0,128,0.0,128,0.0,128,,,,,,,128,0.8443383764881005,0.366982529913811,128,0.41244608067237815,0.08916429033511696,0,,0,,,,,,,
2,test,fill_holes_different_color,change_shape_color,change_shape_color -> fill_holes_different_color,synthetic_pair_on_id_atomic_input,image_input_tokens,128,0.29438295089167343,128,0.25031794589985656,54,0.07703745170633813,128,0.0764957906240441,128,0.578125,128,0.09993108747354279,128,0.0206620359379344,128,0.4894164376012097,128,0.4795848476879996,128,0.0,128,0.578125,128,0.578125,128,0.0,128,0.0,128,0.9765625,128,0.9765625,128,0.018840264230813433,128,0.00021680685444232215,128,0.018437065894842647,128,0.018840478782280012,128,0.018441720588480717,128,0.00021721592196915254,128,2.7109375,128,0.0,128,2.7109375,128,1.0,125,0.012371415680401721,125,0.014870957322962897,125,54,0.6977966243358187,0.25031794589985656,128,0.09993108747354279,0.0206620359379344,100,0.9997560977935791,0,,0.8264997247413244,125,0.09791438369218079,125,0.006376547511026178,125
2,test,fill_holes_different_color,change_shape_color,change_shape_color -> fill_holes_different_color,synthetic_pair_on_id_atomic_input,image_block_01,128,0.4303928174338768,128,0.4816292847200558,54,1.5911585476573449,128,1.5080345585579975,128,0.578125,128,0.13651967365212514,128,0.02477063682129633,128,12.103955025126602,128,11.427892966120476,128,0.0,128,0.578125,128,0.578125,128,0.0,128,0.0,128,0.9765625,128,0.9765625,128,0.035020542594256375,128,0.07641351890297701,128,0.07919490408959234,128,0.08129439130482943,128,0.03432001645658753,128,0.07478860114427802,128,2.7109375,128,0.0,128,2.7109375,128,0.968,125,0.029170262465913723,125,0.03242701947104489,125,54,1.0201903820654858,0.4816292847200558,128,0.13651967365212514,0.02477063682129633,100,0.9997560977935791,0,,25.693796973859083,125,0.35457786929262114,125,0.026757744511849424,125
2,test,fill_holes_different_color,change_shape_color,change_shape_color -> fill_holes_different_color,synthetic_pair_on_id_atomic_input,image_block_02,128,0.44983387343048675,128,0.5295681184498199,54,2.1145418172823054,128,2.0845959967783876,128,0.578125,128,0.1417692138981675,128,0.0268526183815443,128,16.452651343809308,128,15.600234818586545,128,0.0,128,0.578125,128,0.578125,128,0.0,128,0.0,128,0.9765625,128,0.9765625,128,0.04324293449556361,128,0.08338665994671457,128,0.08718245661828314,128,0.08920256816349022,128,0.04298070014397104,128,0.08137071157380671,128,2.7109375,128,0.0,128,2.7109375,128,0.95,125,0.03486097263436961,125,0.03912441508969387,125,54,1.0662728851685612,0.5295681184498199,128,0.1417692138981675,0.0268526183815443,100,0.9997560977935791,0,,26.88880095190491,125,0.3405256187424917,125,0.031543816033899726,125
2,test,fill_holes_different_color,change_shape_color,change_shape_color -> fill_holes_different_color,synthetic_pair_on_id_atomic_input,image_block_03,128,0.4211163816390624,128,0.472276544214346,54,2.217226107031573,128,2.1352694379666026,128,0.578125,128,0.13863791552112495,128,0.025592715502999103,128,15.836415473197867,128,15.040398395732987,128,0.0,128,0.578125,128,0.578125,128,0.0,128,0.0,128,0.9765625,128,0.9765625,128,0.04610284945178321,128,0.08415209819149842,128,0.08845079467433635,128,0.09019776898577381,128,0.046006718182455435,128,0.08222452755444062,128,2.7109375,128,0.0,128,2.7109375,128,0.908,125,0.03779122625326756,125,0.041965242780206455,125,54,0.9982017935148148,0.472276544214346,128,0.13863791552112495,0.025592715502999103,100,0.9997560977935791,0,,30.32343058124872,125,0.367316833241027,125,0.03394269733335369,125
2,test,fill_holes_different_color,change_shape_color,change_shape_color -> fill_holes_different_color,synthetic_pair_on_id_atomic_input,image_block_04,128,0.43750106917713594,128,0.5183005191941049,54,2.2604190955328693,128,2.1833383794893386,128,0.578125,128,0.13861277265311223,128,0.02515524038083554,128,16.79781692870983,128,15.922833181484908,128,0.0,128,0.578125,128,0.578125,128,0.0,128,0.0,128,0.9765625,128,0.9765625,128,0.0487455373567261,128,0.09140510556361883,128,0.09502464336421146,128,0.09694154005975929,128,0.04867519874072576,128,0.08935606516657998,128,2.7109375,128,0.0,128,2.7109375,128,0.868,125,0.0406765928187956,125,0.044924211382068265,125,54,1.0370395713828409,0.5183005191941049,128,0.13861277265311223,0.02515524038083554,100,0.9997560977935791,0,,38.35302909948286,125,0.4354256111321167,125,0.03712712440791169,125
2,test,fill_holes_different_color,change_shape_color,change_shape_color -> fill_holes_different_color,synthetic_pair_on_id_atomic_input,image_block_05,128,0.40655240625181266,128,0.45648481547780095,54,2.3000455092886476,128,2.225524808242805,128,0.578125,128,0.1328140003371838,128,0.024734330439662635,128,16.19477865295045,128,15.4451050834942,128,0.0,128,0.578125,128,0.578125,128,0.0,128,0.0,128,0.9765625,128,0.9765625,128,0.054705024414540206,128,0.09322025424844611,128,0.09763936823600483,128,0.10009189319556283,128,0.053989327676960935,128,0.09133060009721015,128,2.7109375,128,0.0,128,2.7109375,128,0.736,125,0.045476889129602405,125,0.0500746959627768,125,54,0.9636797777820744,0.45648481547780095,128,0.1328140003371838,0.024734330439662635,100,0.9997560977935791,0,,30.988836972324847,125,0.3993838204174616,125,0.04170471561050532,125
2,test,fill_holes_different_color,change_shape_color,change_shape_color -> fill_holes_different_color,synthetic_pair_on_id_atomic_input,image_block_06,128,0.37357086103673515,128,0.392457518821053,54,2.8147066415361337,128,2.7081115373797306,128,0.578125,128,0.12837350325059962,128,0.02313432971243651,128,18.822803894866798,128,18.115168397652614,128,0.0,128,0.578125,128,0.578125,128,0.0,128,0.0,128,0.9765625,128,0.9765625,128,0.056993851289667705,128,0.09651472100504215,128,0.1014394353829756,128,0.10352560252937368,128,0.05604260647826367,128,0.09489471188944634,128,2.7109375,128,0.0,128,2.7109375,128,0.644,125,0.048053493943070166,125,0.05269900725044275,125,54,0.8855013002352239,0.392457518821053,128,0.12837350325059962,0.02313432971243651,100,0.9997560977935791,0,,34.49813258652682,125,0.40141170551647637,125,0.04426783711219668,125
2,test,fill_holes_different_color,change_shape_color,change_shape_color -> fill_holes_different_color,synthetic_pair_on_id_atomic_input,image_final_norm,128,0.3539594707163739,128,0.35617914675147944,54,0.3722939885006733,128,0.36269641499544064,128,0.578125,128,0.12567074734451023,128,0.022576615373216456,128,2.3805589483807816,128,2.2976016286794234,128,0.0,128,0.578125,128,0.578125,128,0.0,128,0.0,128,0.9765625,128,0.9765625,128,0.059675735798817936,128,0.09711629000995324,128,0.10352763293294232,128,0.10546640649990265,128,0.05881079669427339,128,0.0957178245052697,128,2.7109375,128,0.0,128,2.7109375,128,0.528,125,0.05107131869897401,125,0.05584134616204653,125,54,0.8390150416980715,0.35617914675147944,128,0.12567074734451023,0.022576615373216456,100,0.9997560977935791,0,,10.724364031323676,125,0.6062421605458628,125,0.04689472327250067,125
2,test,fill_holes_different_color,fill_holes_different_color,fill_holes_different_color -> fill_holes_different_color,synthetic_pair_on_id_atomic_input,image_input_tokens,128,0.84375,128,,,0.07703745170633813,128,0.0,128,0.578125,128,0.84375,128,,,0.07703745170633813,128,0.0,128,0.578125,128,0.578125,128,1.0,128,0.578125,128,1.0,128,1.0,128,0.0,128,0.018840264230813433,128,0.018840264230813433,128,0.03539688789561202,128,0.03539688789561202,128,0.020048341146910065,128,0.020048341146910065,128,8.3125,128,2.0,128,6.3125,128,0.990234375,128,0.022788062927841232,128,0.030822421564303915,128,0,,,0,,,100,1.0,0,,,,,,,
2,test,fill_holes_different_color,fill_holes_different_color,fill_holes_different_color -> fill_holes_different_color,synthetic_pair_on_id_atomic_input,image_block_01,128,0.84375,128,,,1.5911585476573449,128,0.0,128,0.578125,128,0.84375,128,,,1.5911585476573449,128,0.0,128,0.578125,128,0.578125,128,1.0,128,0.578125,128,1.0,128,1.0,128,0.0,128,0.035020542594256375,128,0.035020542594256375,128,0.053963529662279644,128,0.053963529662279644,128,0.03227555021144926,128,0.03227555021144926,128,8.3125,128,2.0,128,6.3125,128,0.900390625,128,0.030400757704992416,128,0.042986671490554185,128,0,,,0,,,100,1.0,0,,,,,,,
2,test,fill_holes_different_color,fill_holes_different_color,fill_holes_different_color -> fill_holes_different_color,synthetic_pair_on_id_atomic_input,image_block_02,128,0.84375,128,,,2.1145418172823054,128,0.0,128,0.578125,128,0.84375,128,,,2.1145418172823054,128,0.0,128,0.578125,128,0.578125,128,1.0,128,0.578125,128,1.0,128,1.0,128,0.0,128,0.04324293449556361,128,0.04324293449556361,128,0.06297186520550124,128,0.06297186520550124,128,0.040271128744768694,128,0.040271128744768694,128,8.3125,128,2.0,128,6.3125,128,0.82421875,128,0.03480708217766166,128,0.05019097312988259,128,0,,,0,,,100,1.0,0,,,,,,,
2,test,fill_holes_different_color,fill_holes_different_color,fill_holes_different_color -> fill_holes_different_color,synthetic_pair_on_id_atomic_input,image_block_03,128,0.84375,128,,,2.217226107031573,128,0.0,128,0.578125,128,0.84375,128,,,2.217226107031573,128,0.0,128,0.578125,128,0.578125,128,1.0,128,0.578125,128,1.0,128,1.0,128,0.0,128,0.04610284945178321,128,0.04610284945178321,128,0.06712502447801258,128,0.06712502447801258,128,0.043921411794615076,128,0.043921411794615076,128,8.3125,128,2.0,128,6.3125,128,0.80859375,128,0.03787473061551594,128,0.05435140424126003,128,0,,,0,,,100,1.0,0,,,,,,,
2,test,fill_holes_different_color,fill_holes_different_color,fill_holes_different_color -> fill_holes_different_color,synthetic_pair_on_id_atomic_input,image_block_04,128,0.84375,128,,,2.2604190955328693,128,0.0,128,0.578125,128,0.84375,128,,,2.2604190955328693,128,0.0,128,0.578125,128,0.578125,128,1.0,128,0.578125,128,1.0,128,1.0,128,0.0,128,0.0487455373567261,128,0.0487455373567261,128,0.06897777412028011,128,0.06897777412028011,128,0.046702230252015337,128,0.046702230252015337,128,8.3125,128,2.0,128,6.3125,128,0.78125,128,0.038292755233913706,128,0.05523046872091304,128,0,,,0,,,100,1.0,0,,,,,,,
2,test,fill_holes_different_color,fill_holes_different_color,fill_holes_different_color -> fill_holes_different_color,synthetic_pair_on_id_atomic_input,image_block_05,128,0.84375,128,,,2.3000455092886476,128,0.0,128,0.578125,128,0.84375,128,,,2.3000455092886476,128,0.0,128,0.578125,128,0.578125,128,1.0,128,0.578125,128,1.0,128,1.0,128,0.0,128,0.054705024414540206,128,0.054705024414540206,128,0.07569058235367808,128,0.07569058235367808,128,0.052657064710300336,128,0.052657064710300336,128,8.3125,128,2.0,128,6.3125,128,0.7578125,128,0.04155222132470352,128,0.059813963601053594,128,0,,,0,,,100,1.0,0,,,,,,,
2,test,fill_holes_different_color,fill_holes_different_color,fill_holes_different_color -> fill_holes_different_color,synthetic_pair_on_id_atomic_input,image_block_06,128,0.84375,128,,,2.8147066415361337,128,0.0,128,0.578125,128,0.84375,128,,,2.8147066415361337,128,0.0,128,0.578125,128,0.578125,128,1.0,128,0.578125,128,1.0,128,1.0,128,0.0,128,0.056993851289667705,128,0.056993851289667705,128,0.0777828191861298,128,0.0777828191861298,128,0.05509505583060051,128,0.05509505583060051,128,8.3125,128,2.0,128,6.3125,128,0.740234375,128,0.04243503559483515,128,0.061140680915574654,128,0,,,0,,,100,1.0,0,,,,,,,
2,test,fill_holes_different_color,fill_holes_different_color,fill_holes_different_color -> fill_holes_different_color,synthetic_pair_on_id_atomic_input,image_final_norm,128,0.84375,128,,,0.3722939885006733,128,0.0,128,0.578125,128,0.84375,128,,,0.3722939885006733,128,0.0,128,0.578125,128,0.578125,128,1.0,128,0.578125,128,1.0,128,1.0,128,0.0,128,0.059675735798817936,128,0.059675735798817936,128,0.0815816219050874,128,0.0815816219050874,128,0.05806704486335433,128,0.05806704486335433,128,8.3125,128,2.0,128,6.3125,128,0.72265625,128,0.0448670175710136,128,0.06451818160537487,128,0,,,0,,,100,1.0,0,,,,,,,
2,test,fill_holes_different_color,pad_right,pad_right -> fill_holes_different_color,synthetic_pair_on_id_atomic_input,image_input_tokens,128,0.19858407551589397,128,0.28180669165179084,15,0.017443001424559748,128,0.039370356108528126,128,0.8359375,128,1.042335410857406e-16,128,3.5561831257524545e-17,128,0.31129439722808055,128,0.31129439722808055,128,0.0,128,0.8828125,128,0.8359375,128,0.0,128,0.0,128,0.8515625,128,0.8515625,128,0.018371317056056678,128,0.025794263491310962,128,0.03456273110246278,128,0.03459806995081521,128,0.021630997293060276,128,0.025848200963290657,128,3.453125,128,0.0,128,3.453125,128,1.0,115,0.016049253543696507,115,0.021152245447749386,115,15,0.8945841110689617,0.28180669165179084,128,1.042335410857406e-16,3.5561831257524545e-17,100,0.9997402596473693,0,,0.433436620051707,109,0.049368240346962126,109,0.005097556392615428,109
2,test,fill_holes_different_color,pad_right,pad_right -> fill_holes_different_color,synthetic_pair_on_id_atomic_input,image_block_01,128,0.22296000317366121,128,0.4580246090415197,15,0.35737188390923375,128,0.903254001620014,128,0.8359375,128,0.008128591597111464,128,0.00035151261034638715,128,13.702367203320264,128,13.680036850696172,128,0.0,128,0.8828125,128,0.8359375,128,0.0,128,0.0,128,0.8515625,128,0.8515625,128,0.03301898226406498,128,0.05545957057981699,128,0.06436074227993188,128,0.061719087481530446,128,0.03488768608277706,128,0.05522430843590166,128,3.453125,128,0.0,128,3.453125,128,0.9826086956521739,115,0.02791053780383369,115,0.033249050730385345,115,15,1.102592027081909,0.4580246090415197,128,0.008128591597111464,0.00035151261034638715,100,0.9997402596473693,0,,20.978958949117843,109,0.4120603036008643,109,0.02078725464191733,109
2,test,fill_holes_different_color,pad_right,pad_right -> fill_holes_different_color,synthetic_pair_on_id_atomic_input,image_block_02,128,0.22980954176334756,128,0.49375223376275185,15,0.46917094352638067,128,1.327343419786998,128,0.8359375,128,0.007457339298391181,128,0.00030652130838059333,128,22.336859645938276,128,22.309494518283195,128,0.0,128,0.8828125,128,0.8359375,128,0.0,128,0.0,128,0.8515625,128,0.8515625,128,0.042665468470271875,128,0.07250537755207434,128,0.08120140410463735,128,0.07768898817993454,128,0.045078033890936356,128,0.07229126874654135,128,3.453125,128,0.0,128,3.453125,128,0.9391304347826087,115,0.03609984292958355,115,0.042991851422211715,115,15,1.1610414230472326,0.49375223376275185,128,0.007457339298391181,0.00030652130838059333,100,0.9997402596473693,0,,24.937134331048128,109,0.3794113719910667,109,0.030175014546792014,109
2,test,fill_holes_different_color,pad_right,pad_right -> fill_holes_different_color,synthetic_pair_on_id_atomic_input,image_block_03,128,0.22368015473921027,128,0.44648086057507297,15,0.49607263267544777,128,1.3048256978528694,128,0.8359375,128,0.00756929222650043,128,0.000322841856137443,128,22.335787782036142,128,22.317986721257228,128,0.0,128,0.8828125,128,0.8359375,128,0.0,128,0.0,128,0.8515625,128,0.8515625,128,0.046397477602232826,128,0.07450718953164452,128,0.08369559150917462,128,0.08040083188493455,128,0.04810300086061171,128,0.0742445786151407,128,3.453125,128,0.0,128,3.453125,128,0.8760869565217392,115,0.039508525810732935,115,0.04683321569879154,115,15,1.1087373204412607,0.44648086057507297,128,0.00756929222650043,0.000322841856137443,100,0.9997402596473693,0,,27.772681254760915,109,0.3947438418528096,109,0.03275662702305063,109
2,test,fill_holes_different_color,pad_right,pad_right -> fill_holes_different_color,synthetic_pair_on_id_atomic_input,image_block_04,128,0.22620248744748944,128,0.4728919352336574,15,0.5038572367276485,128,1.344358448046584,128,0.8359375,128,0.00814133886079301,128,0.0003613007752455502,128,23.188107945601363,128,23.17483356770201,128,0.0,128,0.8828125,128,0.8359375,128,0.0,128,0.0,128,0.8515625,128,0.8515625,128,0.0499880401939926,128,0.08023681600742544,128,0.09022651908884866,128,0.08554738414980326,128,0.05118256693056075,128,0.08007926926255479,128,3.453125,128,0.0,128,3.453125,128,0.7782608695652173,115,0.043061848057318164,115,0.05058144160470636,115,15,1.1302612262185763,0.4728919352336574,128,0.00814133886079301,0.0003613007752455502,100,0.9997402596473693,0,,28.645683392768046,109,0.3949578218476926,109,0.037543791627645824,109
2,test,fill_holes_different_color,pad_right,pad_right -> fill_holes_different_color,synthetic_pair_on_id_atomic_input,image_block_05,128,0.22747376801563166,128,0.4836816971551244,15,0.5076611103216906,128,1.339757801186706,128,0.8359375,128,0.008413383104981114,128,0.0003607261518300863,128,23.162402535863436,128,23.127552258914445,128,0.0,128,0.8828125,128,0.8359375,128,0.0,128,0.0,128,0.8515625,128,0.8515625,128,0.05548176586786105,128,0.08562692384105347,128,0.09680959601648208,128,0.09208322666143265,128,0.05738221264811481,128,0.08565585403208334,128,3.453125,128,0.0,128,3.453125,128,0.6108695652173913,115,0.04878413720620494,115,0.056177012742528586,115,15,1.1411094870667235,0.4836816971551244,128,0.008413383104981114,0.0003607261518300863,100,0.9997402596473693,0,,25.940760874434474,109,0.37308668529063166,109,0.043942896192080354,109
2,test,fill_holes_different_color,pad_right,pad_right -> fill_holes_different_color,synthetic_pair_on_id_atomic_input,image_block_06,128,0.2325456097082322,128,0.5087803977018993,15,0.6251254339421385,128,1.5790216751040642,128,0.8359375,128,0.011024837476480637,128,0.0006485248978566564,128,26.606302366554946,128,26.563623388359275,128,0.0,128,0.8828125,128,0.8359375,128,0.0,128,0.0,128,0.8515625,128,0.8515625,128,0.05744024312723768,128,0.09501738598219692,128,0.10396546082598854,128,0.09928996712089373,128,0.0605968757864918,128,0.09501669417558377,128,3.453125,128,0.0,128,3.453125,128,0.4391304347826087,115,0.053033683880162524,115,0.058772831939233314,115,15,1.1843892028435816,0.5087803977018993,128,0.011024837476480637,0.0006485248978566564,100,0.9997402596473693,0,,41.430428176293006,109,0.5107823137192193,109,0.05116547067919847,109
2,test,fill_holes_different_color,pad_right,pad_right -> fill_holes_different_color,synthetic_pair_on_id_atomic_input,image_final_norm,128,0.22884062455239593,128,0.4768238208942868,15,0.08205829940826381,128,0.20360901466755726,128,0.8359375,128,0.01102373632268469,128,0.0006432791721894286,128,3.2091770616358537,128,3.204664152748527,128,0.0,128,0.8828125,128,0.8359375,128,0.0,128,0.0,128,0.8515625,128,0.8515625,128,0.0603418023045,128,0.09778029455397028,128,0.10819404909054392,128,0.10324696750967483,128,0.06539942160875095,128,0.09775769493221649,128,3.453125,128,0.0,128,3.453125,128,0.27608695652173915,115,0.05661183093651099,115,0.06247642650615989,115,15,1.1527733295137788,0.4768238208942868,128,0.01102373632268469,0.0006432791721894286,100,0.9997402596473693,0,,12.05834942822932,109,0.666056537879206,109,0.05435396261623456,109
2,test,pad_right,change_shape_color,change_shape_color -> pad_right,synthetic_pair_on_id_atomic_input,image_input_tokens,128,1.5411604973544243e-15,128,4.0766001685454967e-17,128,0.3407482545891374,128,0.3407482545891374,128,0.0,128,0.5052381446479175,128,0.1308864090668632,128,0.46809439011724374,128,0.5197264009305702,128,0.0,128,0.0,128,0.0,128,0.0,128,0.0,128,0.0,128,0.0,128,0.02987474358758803,128,0.00020955670103205284,128,0.03009836771413686,128,0.030423938412025977,128,0.03011864244753742,128,0.0002329891868443485,128,0.0,128,0.0,128,0.0,128,,,,,,,128,1.5411604973544243e-15,4.0766001685454967e-17,128,0.5052381446479175,0.1308864090668632,100,0.9975879859924316,0,,,,,,,
2,test,pad_right,change_shape_color,change_shape_color -> pad_right,synthetic_pair_on_id_atomic_input,image_block_01,128,0.4732748212034465,128,0.10184026909198765,128,14.251617248275272,128,14.355851021392755,128,0.0,128,0.8454077327813758,128,0.3914403749737554,128,11.794218329890448,128,11.696795628950628,128,0.0,128,0.0,128,0.0,128,0.0,128,0.0,128,0.0,128,0.0,128,0.054984110768977384,128,0.07594111021356037,128,0.07786139133983856,128,0.08660364164762886,128,0.054911808957523955,128,0.0747749043517064,128,0.0,128,0.0,128,0.0,128,,,,,,,128,0.4732748212034465,0.10184026909198765,128,0.8454077327813758,0.3914403749737554,100,0.9975879859924316,0,,,,,,,
2,test,pad_right,change_shape_color,change_shape_color -> pad_right,synthetic_pair_on_id_atomic_input,image_block_02,128,0.41521188785948554,128,0.08496091286908518,128,23.499277828350117,128,23.566138614340993,128,0.0,128,0.8434356093617236,128,0.3795437006137866,128,16.134022129098355,128,15.403776021935313,128,0.0,128,0.0,128,0.0,128,0.0,128,0.0,128,0.0,128,0.0,128,0.07214823293403001,128,0.08398673360685584,128,0.09286149959747063,128,0.10112934963629264,128,0.07138084057271328,128,0.08104658489342231,128,0.0,128,0.0,128,0.0,128,,,,,,,128,0.41521188785948554,0.08496091286908518,128,0.8434356093617236,0.3795437006137866,100,0.9975879859924316,0,,,,,,,
2,test,pad_right,change_shape_color,change_shape_color -> pad_right,synthetic_pair_on_id_atomic_input,image_block_03,128,0.3990885840930868,128,0.075055687704248,128,23.34928393453488,128,23.53673664291893,128,0.0,128,0.8428165205479354,128,0.37769665315414147,128,15.568516923531439,128,14.812436158565015,128,0.0,128,0.0,128,0.0,128,0.0,128,0.0,128,0.0,128,0.0,128,0.0747711889888917,128,0.08474236796907136,128,0.0946248296257905,128,0.10219251342173401,128,0.07373050139671831,128,0.08183024822006799,128,0.0,128,0.0,128,0.0,128,,,,,,,128,0.3990885840930868,0.075055687704248,128,0.8428165205479354,0.37769665315414147,100,0.9975879859924316,0,,,,,,,
2,test,pad_right,change_shape_color,change_shape_color -> pad_right,synthetic_pair_on_id_atomic_input,image_block_04,128,0.40894480960899077,128,0.07845396655045758,128,24.012437532726832,128,24.153402550865348,128,0.0,128,0.818392414396433,128,0.35250652292122797,128,16.568201498315055,128,15.351751293451668,128,0.0,128,0.0,128,0.0,128,0.0,128,0.0,128,0.0,128,0.0,128,0.08177821950018135,128,0.09210220163161897,128,0.10130098064594599,128,0.11019673699298922,128,0.07966211568546114,128,0.08765647324829987,128,0.0,128,0.0,128,0.0,128,,,,,,,128,0.40894480960899077,0.07845396655045758,128,0.818392414396433,0.35250652292122797,100,0.9975879859924316,0,,,,,,,
2,test,pad_right,change_shape_color,change_shape_color -> pad_right,synthetic_pair_on_id_atomic_input,image_block_05,128,0.3920316305355288,128,0.07420959892879023,128,23.892942999314002,128,24.02452022149762,128,0.0,128,0.8207779582176424,128,0.35204157343979364,128,15.967162275676156,128,14.724412120683668,128,0.0,128,0.0,128,0.0,128,0.0,128,0.0,128,0.0,128,0.0,128,0.08814624200591598,128,0.0937460039325679,128,0.10612637314198357,128,0.1152688103933367,128,0.08843061387673916,128,0.09055797884630432,128,0.0,128,0.0,128,0.0,128,,,,,,,128,0.3920316305355288,0.07420959892879023,128,0.8207779582176424,0.35204157343979364,100,0.9975879859924316,0,,,,,,,
2,test,pad_right,change_shape_color,change_shape_color -> pad_right,synthetic_pair_on_id_atomic_input,image_block_06,128,0.4188697499966988,128,0.09163584267836142,128,27.182988719838065,128,27.80221775310662,128,0.0,128,0.8724356594179545,128,0.39156977606246324,128,18.425019875214062,128,17.232206923834944,128,0.0,128,0.0,128,0.0,128,0.0,128,0.0,128,0.0,128,0.0,128,0.09987305981961067,128,0.0970361922949417,128,0.11266875009902355,128,0.12485262951724203,128,0.09929564974004272,128,0.09674039867083234,128,0.0,128,0.0,128,0.0,128,,,,,,,128,0.4188697499966988,0.09163584267836142,128,0.8724356594179545,0.39156977606246324,100,0.9975879859924316,0,,,,,,,
2,test,pad_right,change_shape_color,change_shape_color -> pad_right,synthetic_pair_on_id_atomic_input,image_final_norm,128,0.41244608067237815,128,0.08916429033511696,128,3.293757668946716,128,3.3652974905978033,128,0.0,128,0.8443383764881005,128,0.366982529913811,128,2.3203427757307034,128,2.207529453797394,128,0.0,128,0.0,128,0.0,128,0.0,128,0.0,128,0.0,128,0.0,128,0.10296962484766722,128,0.09760978594972436,128,0.11544336317079182,128,0.12789964002072454,128,0.1024821709487177,128,0.09841579209179929,128,0.0,128,0.0,128,0.0,128,,,,,,,128,0.41244608067237815,0.08916429033511696,128,0.8443383764881005,0.366982529913811,100,0.9975879859924316,0,,,,,,,
2,test,pad_right,fill_holes_different_color,fill_holes_different_color -> pad_right,synthetic_pair_on_id_atomic_input,image_input_tokens,128,1.042335410857406e-16,128,3.5561831257524545e-17,128,0.31129439722808055,128,0.31129439722808055,128,0.0,128,0.19858407551589397,128,0.28180669165179084,15,0.017443001424559748,128,0.039370356108528126,128,0.8359375,128,0.0,128,0.0,128,0.8828125,128,0.8359375,128,0.8515625,128,0.8515625,128,0.025794263491310962,128,0.018371317056056678,128,0.03459806995081521,128,0.03456273110246278,128,0.025848200963290657,128,0.021630997293060276,128,3.453125,128,0.0,128,3.453125,128,1.0,115,0.016049253543696507,115,0.021152245447749386,115,128,1.042335410857406e-16,3.5561831257524545e-17,15,0.8945841110689617,0.28180669165179084,0,,0,,0.433436620051707,109,0.049368240346962126,109,0.005097556392615428,109
2,test,pad_right,fill_holes_different_color,fill_holes_different_color -> pad_right,synthetic_pair_on_id_atomic_input,image_block_01,128,0.008128591597111464,128,0.00035151261034638715,128,13.702367203320264,128,13.680036850696172,128,0.0,128,0.22296000317366121,128,0.4580246090415197,15,0.35737188390923375,128,0.903254001620014,128,0.8359375,128,0.0,128,0.0,128,0.8828125,128,0.8359375,128,0.8515625,128,0.8515625,128,0.05545957057981699,128,0.03301898226406498,128,0.061719087481530446,128,0.06436074227993188,128,0.05522430843590166,128,0.03488768608277706,128,3.453125,128,0.0,128,3.453125,128,0.9826086956521739,115,0.02791053780383369,115,0.033249050730385345,115,128,0.008128591597111464,0.00035151261034638715,15,1.102592027081909,0.4580246090415197,0,,0,,20.978958949117843,109,0.4120603036008643,109,0.02078725464191733,109
2,test,pad_right,fill_holes_different_color,fill_holes_different_color -> pad_right,synthetic_pair_on_id_atomic_input,image_block_02,128,0.007457339298391181,128,0.00030652130838059333,128,22.336859645938276,128,22.309494518283195,128,0.0,128,0.22980954176334756,128,0.49375223376275185,15,0.46917094352638067,128,1.327343419786998,128,0.8359375,128,0.0,128,0.0,128,0.8828125,128,0.8359375,128,0.8515625,128,0.8515625,128,0.07250537755207434,128,0.042665468470271875,128,0.07768898817993454,128,0.08120140410463735,128,0.07229126874654135,128,0.045078033890936356,128,3.453125,128,0.0,128,3.453125,128,0.9391304347826087,115,0.03609984292958355,115,0.042991851422211715,115,128,0.007457339298391181,0.00030652130838059333,15,1.1610414230472326,0.49375223376275185,0,,0,,24.937134331048128,109,0.3794113719910667,109,0.030175014546792014,109
2,test,pad_right,fill_holes_different_color,fill_holes_different_color -> pad_right,synthetic_pair_on_id_atomic_input,image_block_03,128,0.00756929222650043,128,0.000322841856137443,128,22.335787782036142,128,22.317986721257228,128,0.0,128,0.22368015473921027,128,0.44648086057507297,15,0.49607263267544777,128,1.3048256978528694,128,0.8359375,128,0.0,128,0.0,128,0.8828125,128,0.8359375,128,0.8515625,128,0.8515625,128,0.07450718953164452,128,0.046397477602232826,128,0.08040083188493455,128,0.08369559150917462,128,0.0742445786151407,128,0.04810300086061171,128,3.453125,128,0.0,128,3.453125,128,0.8760869565217392,115,0.03950852581073294,115,0.04683321569879154,115,128,0.00756929222650043,0.000322841856137443,15,1.1087373204412607,0.44648086057507297,0,,0,,27.772681254760915,109,0.3947438418528096,109,0.03275662702305063,109
2,test,pad_right,fill_holes_different_color,fill_holes_different_color -> pad_right,synthetic_pair_on_id_atomic_input,image_block_04,128,0.00814133886079301,128,0.0003613007752455502,128,23.188107945601363,128,23.17483356770201,128,0.0,128,0.22620248744748944,128,0.4728919352336574,15,0.5038572367276485,128,1.344358448046584,128,0.8359375,128,0.0,128,0.0,128,0.8828125,128,0.8359375,128,0.8515625,128,0.8515625,128,0.08023681600742544,128,0.0499880401939926,128,0.08554738414980326,128,0.09022651908884866,128,0.08007926926255479,128,0.05118256693056075,128,3.453125,128,0.0,128,3.453125,128,0.7782608695652173,115,0.04306184805731816,115,0.05058144160470636,115,128,0.00814133886079301,0.0003613007752455502,15,1.1302612262185763,0.4728919352336574,0,,0,,28.645683392768046,109,0.3949578218476926,109,0.037543791627645824,109
2,test,pad_right,fill_holes_different_color,fill_holes_different_color -> pad_right,synthetic_pair_on_id_atomic_input,image_block_05,128,0.008413383104981114,128,0.0003607261518300863,128,23.162402535863436,128,23.127552258914445,128,0.0,128,0.22747376801563166,128,0.4836816971551244,15,0.5076611103216906,128,1.339757801186706,128,0.8359375,128,0.0,128,0.0,128,0.8828125,128,0.8359375,128,0.8515625,128,0.8515625,128,0.08562692384105347,128,0.05548176586786105,128,0.09208322666143265,128,0.09680959601648208,128,0.08565585403208334,128,0.05738221264811481,128,3.453125,128,0.0,128,3.453125,128,0.6108695652173913,115,0.04878413720620494,115,0.056177012742528586,115,128,0.008413383104981114,0.0003607261518300863,15,1.1411094870667235,0.4836816971551244,0,,0,,25.940760874434474,109,0.37308668529063166,109,0.043942896192080354,109
2,test,pad_right,fill_holes_different_color,fill_holes_different_color -> pad_right,synthetic_pair_on_id_atomic_input,image_block_06,128,0.011024837476480637,128,0.0006485248978566564,128,26.606302366554946,128,26.563623388359275,128,0.0,128,0.2325456097082322,128,0.5087803977018993,15,0.6251254339421385,128,1.5790216751040642,128,0.8359375,128,0.0,128,0.0,128,0.8828125,128,0.8359375,128,0.8515625,128,0.8515625,128,0.09501738598219692,128,0.05744024312723768,128,0.09928996712089373,128,0.10396546082598854,128,0.09501669417558377,128,0.0605968757864918,128,3.453125,128,0.0,128,3.453125,128,0.4391304347826087,115,0.053033683880162524,115,0.058772831939233314,115,128,0.011024837476480637,0.0006485248978566564,15,1.1843892028435816,0.5087803977018993,0,,0,,41.430428176293006,109,0.5107823137192193,109,0.05116547067919847,109
2,test,pad_right,fill_holes_different_color,fill_holes_different_color -> pad_right,synthetic_pair_on_id_atomic_input,image_final_norm,128,0.01102373632268469,128,0.0006432791721894286,128,3.2091770616358537,128,3.204664152748527,128,0.0,128,0.22884062455239593,128,0.4768238208942868,15,0.08205829940826381,128,0.20360901466755726,128,0.8359375,128,0.0,128,0.0,128,0.8828125,128,0.8359375,128,0.8515625,128,0.8515625,128,0.09778029455397028,128,0.0603418023045,128,0.10324696750967483,128,0.10819404909054392,128,0.09775769493221649,128,0.06539942160875095,128,3.453125,128,0.0,128,3.453125,128,0.27608695652173915,115,0.05661183093651098,115,0.06247642650615989,115,128,0.01102373632268469,0.0006432791721894286,15,1.1527733295137788,0.4768238208942868,0,,0,,12.05834942822932,109,0.666056537879206,109,0.05435396261623456,109
2,test,pad_right,pad_right,pad_right -> pad_right,synthetic_pair_on_id_atomic_input,image_input_tokens,128,0.6069810329432112,128,0.16003637135279522,128,0.3434539280919954,128,0.3288224954887572,128,0.0,128,0.6069810329432112,128,0.16003637135279522,128,0.3434539280919954,128,0.3288224954887572,128,0.0,128,0.0,128,0.0,128,0.0,128,0.0,128,1.0,128,0.0,128,0.030117353980187903,128,0.030117353980187903,128,0.05380798910025316,128,0.05380798910025316,128,0.031116289538234976,128,0.031116289538234976,128,2.0,128,2.0,128,0.0,128,,,,,,,128,0.6069810329432112,0.16003637135279522,128,0.6069810329432112,0.16003637135279522,100,0.9985336548089981,0,,,,,,,
2,test,pad_right,pad_right,pad_right -> pad_right,synthetic_pair_on_id_atomic_input,image_block_01,128,0.8091337524258873,128,0.2342277188266338,128,15.029780902783827,128,9.865375674667066,128,0.0,128,0.8091337524258873,128,0.2342277188266338,128,15.029780902783827,128,9.865375674667066,128,0.0,128,0.0,128,0.0,128,0.0,128,0.0,128,1.0,128,0.0,128,0.05741026527174357,128,0.05741026527174357,128,0.07791845955111273,128,0.07791845955111273,128,0.052618310542138017,128,0.052618310542138017,128,2.0,128,2.0,128,0.0,128,,,,,,,128,0.8091337524258873,0.2342277188266338,128,0.8091337524258873,0.2342277188266338,100,0.9985336548089981,0,,,,,,,
2,test,pad_right,pad_right,pad_right -> pad_right,synthetic_pair_on_id_atomic_input,image_block_02,128,0.8675729897111887,128,0.2504685075458022,128,25.15965447716122,128,14.668058652973656,128,0.0,128,0.8675729897111887,128,0.2504685075458022,128,25.15965447716122,128,14.668058652973656,128,0.0,128,0.0,128,0.0,128,0.0,128,0.0,128,1.0,128,0.0,128,0.07641685771775392,128,0.07641685771775392,128,0.0987184704900087,128,0.0987184704900087,128,0.06774927680675427,128,0.06774927680675427,128,2.0,128,2.0,128,0.0,128,,,,,,,128,0.8675729897111887,0.2504685075458022,128,0.8675729897111887,0.2504685075458022,100,0.9985336548089981,0,,,,,,,
2,test,pad_right,pad_right,pad_right -> pad_right,synthetic_pair_on_id_atomic_input,image_block_03,128,0.8372198583511516,128,0.24100948268875455,128,24.868982400279414,128,15.292227959954474,128,0.0,128,0.8372198583511516,128,0.24100948268875455,128,24.868982400279414,128,15.292227959954474,128,0.0,128,0.0,128,0.0,128,0.0,128,0.0,128,1.0,128,0.0,128,0.07890355758601944,128,0.07890355758601944,128,0.10247487728415196,128,0.10247487728415196,128,0.0709906577005247,128,0.0709906577005247,128,2.0,128,2.0,128,0.0,128,,,,,,,128,0.8372198583511516,0.24100948268875455,128,0.8372198583511516,0.24100948268875455,100,0.9985336548089981,0,,,,,,,
2,test,pad_right,pad_right,pad_right -> pad_right,synthetic_pair_on_id_atomic_input,image_block_04,128,0.8298109327231242,128,0.23597529492340483,128,25.69391860805807,128,15.94081046603151,128,0.0,128,0.8298109327231242,128,0.23597529492340483,128,25.69391860805807,128,15.94081046603151,128,0.0,128,0.0,128,0.0,128,0.0,128,0.0,128,1.0,128,0.0,128,0.08679513559660902,128,0.08679513559660902,128,0.10956161200595427,128,0.10956161200595427,128,0.07267041364395896,128,0.07267041364395896,128,2.0,128,2.0,128,0.0,128,,,,,,,128,0.8298109327231242,0.23597529492340483,128,0.8298109327231242,0.23597529492340483,100,0.9985336548089981,0,,,,,,,
2,test,pad_right,pad_right,pad_right -> pad_right,synthetic_pair_on_id_atomic_input,image_block_05,128,0.8187133488300953,128,0.24896625272002496,128,25.152356063451784,128,16.36116350164701,128,0.0,128,0.8187133488300953,128,0.24896625272002496,128,25.152356063451784,128,16.36116350164701,128,0.0,128,0.0,128,0.0,128,0.0,128,0.0,128,1.0,128,0.0,128,0.09086792654362685,128,0.09086792654362685,128,0.1187285002335321,128,0.1187285002335321,128,0.08265607393347871,128,0.08265607393347871,128,2.0,128,2.0,128,0.0,128,,,,,,,128,0.8187133488300953,0.24896625272002496,128,0.8187133488300953,0.24896625272002496,100,0.9985336548089981,0,,,,,,,
2,test,pad_right,pad_right,pad_right -> pad_right,synthetic_pair_on_id_atomic_input,image_block_06,128,0.8742762976815095,128,0.34062611911226043,128,28.327714750569456,128,20.48299668447649,128,0.0,128,0.8742762976815095,128,0.34062611911226043,128,28.327714750569456,128,20.48299668447649,128,0.0,128,0.0,128,0.0,128,0.0,128,0.0,128,1.0,128,0.0,128,0.10282636666835657,128,0.10282636666835657,128,0.13298779072118358,128,0.13298779072118358,128,0.0996031268552631,128,0.0996031268552631,128,2.0,128,2.0,128,0.0,128,,,,,,,128,0.8742762976815095,0.34062611911226043,128,0.8742762976815095,0.34062611911226043,100,0.9985336548089981,0,,,,,,,
2,test,pad_right,pad_right,pad_right -> pad_right,synthetic_pair_on_id_atomic_input,image_final_norm,128,0.8687338642997435,128,0.34186943241621626,128,3.417706989562096,128,2.523192322193297,128,0.0,128,0.8687338642997435,128,0.34186943241621626,128,3.417706989562096,128,2.523192322193297,128,0.0,128,0.0,128,0.0,128,0.0,128,0.0,128,1.0,128,0.0,128,0.10557973005922074,128,0.10557973005922074,128,0.13932817522595548,128,0.13932817522595548,128,0.1040405634808465,128,0.1040405634808465,128,2.0,128,2.0,128,0.0,128,,,,,,,128,0.8687338642997435,0.34186943241621626,128,0.8687338642997435,0.34186943241621626,100,0.9985336548089981,0,,,,,,,
2,test_ood,change_shape_color,pad_right,pad_right -> change_shape_color,recorded_ood_composition,image_input_tokens,128,0.5807412398302738,128,0.16931876965537296,128,0.3832559474099637,128,0.4397217481031695,128,0.0,128,1.6408350998006605e-15,128,4.683753385137379e-17,128,0.3220875537826393,128,0.32208755378263937,128,0.0,128,0.0,128,0.0,128,0.0,128,0.0,128,0.0,128,0.0,128,0.0001855545037410043,128,0.028053845054417388,128,0.02856640616188,128,0.027679750707791318,128,0.00020650113566072188,128,0.02769932048117537,128,0.0,128,0.0,128,0.0,128,,,,,,,128,0.5807412398302738,0.16931876965537296,128,1.6408350998006605e-15,4.683753385137379e-17,1000,0.11343963643349707,128,0.11066420849238057,,,,,,
2,test_ood,change_shape_color,pad_right,pad_right -> change_shape_color,recorded_ood_composition,image_block_01,128,0.8270030404499075,128,0.3610916313761474,128,11.06419518194016,128,11.036958406534907,128,0.0,128,0.48596449266787606,128,0.10486461972104257,128,13.177616810867967,128,13.61406873604938,128,0.0,128,0.0,128,0.0,128,0.0,128,0.0,128,0.0,128,0.0,128,0.07800559654850879,128,0.052127933600581364,128,0.08712240593165083,128,0.0785429116833802,128,0.07397361704006705,128,0.05440330080765146,128,0.0,128,0.0,128,0.0,128,,,,,,,128,0.8270030404499075,0.3610916313761474,128,0.48596449266787606,0.10486461972104257,1000,0.11343963643349707,128,0.11066420849238057,,,,,,
2,test_ood,change_shape_color,pad_right,pad_right -> change_shape_color,recorded_ood_composition,image_block_02,128,0.8240101314365995,128,0.3587875264202177,128,15.31944189193533,128,14.74999528011273,128,0.0,128,0.4284186195852362,128,0.0849379303378144,128,21.543186585930158,128,22.052177823514118,128,0.0,128,0.0,128,0.0,128,0.0,128,0.0,128,0.0,128,0.0,128,0.08434032655381443,128,0.06989122937772996,128,0.09890609743198289,128,0.09098718156376366,128,0.07912348017065793,128,0.07223050451550686,128,0.0,128,0.0,128,0.0,128,,,,,,,128,0.8240101314365995,0.3587875264202177,128,0.4284186195852362,0.0849379303378144,1000,0.11343963643349707,128,0.11066420849238057,,,,,,
2,test_ood,change_shape_color,pad_right,pad_right -> change_shape_color,recorded_ood_composition,image_block_03,128,0.8272435128461443,128,0.36204867198673724,128,14.717037534180692,128,14.199089396369757,128,0.0,128,0.4084222198815714,128,0.07574854440241469,128,21.500432778429378,128,22.02400179607831,128,0.0,128,0.0,128,0.0,128,0.0,128,0.0,128,0.0,128,0.0,128,0.08374465769112173,128,0.07202976301218907,128,0.10078665258532996,128,0.0927998416237431,128,0.0796393305969541,128,0.07399328513992211,128,0.0,128,0.0,128,0.0,128,,,,,,,128,0.8272435128461443,0.36204867198673724,128,0.4084222198815714,0.07574854440241469,1000,0.11343963643349707,128,0.11066420849238057,,,,,,
2,test_ood,change_shape_color,pad_right,pad_right -> change_shape_color,recorded_ood_composition,image_block_04,128,0.8140504393664765,128,0.3470766544569336,128,15.616482664999333,128,14.587639549671625,128,0.0,128,0.41699721732629247,128,0.08028971909698567,128,22.191125963737118,128,22.644093022134413,128,0.0,128,0.0,128,0.0,128,0.0,128,0.0,128,0.0,128,0.0,128,0.09007183274844813,128,0.07614146907390056,128,0.10744410694374773,128,0.09884773851026186,128,0.08537674194595539,128,0.07774332060037992,128,0.0,128,0.0,128,0.0,128,,,,,,,128,0.8140504393664765,0.3470766544569336,128,0.41699721732629247,0.08028971909698567,1000,0.11343963643349707,128,0.11066420849238057,,,,,,
2,test_ood,change_shape_color,pad_right,pad_right -> change_shape_color,recorded_ood_composition,image_block_05,128,0.8119679268585214,128,0.3420114610729391,128,15.057965929119193,128,14.020459753525259,128,0.0,128,0.3956688915111506,128,0.07304438402702285,128,22.297956951210956,128,22.630522173131745,128,0.0,128,0.0,128,0.0,128,0.0,128,0.0,128,0.0,128,0.0,128,0.09134904623417955,128,0.08443939524282043,128,0.11277229111613396,128,0.10321770201976187,128,0.0879162785640453,128,0.08629243067887274,128,0.0,128,0.0,128,0.0,128,,,,,,,128,0.8119679268585214,0.3420114610729391,128,0.3956688915111506,0.07304438402702285,1000,0.11343963643349707,128,0.11066420849238057,,,,,,
2,test_ood,change_shape_color,pad_right,pad_right -> change_shape_color,recorded_ood_composition,image_block_06,128,0.870883166959778,128,0.39067965087136347,128,17.470778062056954,128,16.491580217581554,128,0.0,128,0.40802023792013,128,0.08221961288936444,128,26.511353318479564,128,26.6278665697795,128,0.0,128,0.0,128,0.0,128,0.0,128,0.0,128,0.0,128,0.0,128,0.09444047459554561,128,0.09594168838570437,128,0.11919575157967593,128,0.11295453226820865,128,0.09129657643311873,128,0.09738799380288034,128,0.0,128,0.0,128,0.0,128,,,,,,,128,0.870883166959778,0.39067965087136347,128,0.40802023792013,0.08221961288936444,1000,0.11343963643349707,128,0.11066420849238057,,,,,,
2,test_ood,change_shape_color,pad_right,pad_right -> change_shape_color,recorded_ood_composition,image_final_norm,128,0.8474033456030365,128,0.37062479911311264,128,2.1739118118476295,128,2.0803666226223756,128,0.0,128,0.402427793105246,128,0.08081833216093827,128,3.192290287211019,128,3.2084572053118343,128,0.0,128,0.0,128,0.0,128,0.0,128,0.0,128,0.0,128,0.0,128,0.09496116020488393,128,0.0984092191103427,128,0.12154848855485217,128,0.11568422386369051,128,0.09247263138212033,128,0.10021343502458588,128,0.0,128,0.0,128,0.0,128,,,,,,,128,0.8474033456030365,0.37062479911311264,128,0.402427793105246,0.08081833216093827,1000,0.11343963643349707,128,0.11066420849238057,,,,,,
3,val,crop_bottom_side,crop_bottom_side,crop_bottom_side -> crop_bottom_side,synthetic_pair_on_id_atomic_input,image_input_tokens,128,0.8850314476561374,128,0.2534461356679462,127,0.31316389999038197,128,0.2178671005747766,128,0.0,128,0.8850314476561374,128,0.2534461356679462,127,0.31316389999038197,128,0.2178671005747766,128,0.0,128,0.0,128,0.0078125,128,0.0,128,0.0078125,128,1.0,128,0.0,128,0.022196364015067124,128,0.022196364015067124,128,0.021653627484520294,128,0.021653627484520294,128,0.016316566306607452,128,0.016316566306607452,128,2.03125,128,2.0,128,0.03125,128,1.0,1,0.014171644623358843,1,0.014171644623358843,1,127,0.8762521677164221,0.2534461356679462,127,0.8762521677164221,0.2534461356679462,111,0.9923316170503428,0,,,,,,,
3,val,crop_bottom_side,crop_bottom_side,crop_bottom_side -> crop_bottom_side,synthetic_pair_on_id_atomic_input,image_block_01,128,0.9550830040861518,128,0.3909855846631151,127,6.195621343471711,128,5.749425156669197,128,0.0,128,0.9550830040861518,128,0.3909855846631151,127,6.195621343471711,128,5.749425156669197,128,0.0,128,0.0,128,0.0078125,128,0.0,128,0.0078125,128,1.0,128,0.0,128,0.10208567347585079,128,0.10208567347585079,128,0.17205752916010242,128,0.17205752916010242,128,0.12505391260032062,128,0.12505391260032062,128,2.03125,128,2.0,128,0.03125,128,0.0,1,0.1433122517672105,1,0.1433122517672105,1,127,0.9468553112049404,0.3909855846631151,127,0.9468553112049404,0.3909855846631151,111,0.9923316170503428,0,,,,,,,
3,val,crop_bottom_side,crop_bottom_side,crop_bottom_side -> crop_bottom_side,synthetic_pair_on_id_atomic_input,image_block_02,128,0.9667957301793861,128,0.41191278481260535,127,9.200022154544019,128,8.838025149277389,128,0.0,128,0.9667957301793861,128,0.41191278481260535,127,9.200022154544019,128,8.838025149277389,128,0.0,128,0.0,128,0.0078125,128,0.0,128,0.0078125,128,1.0,128,0.0,128,0.12920496311886825,128,0.12920496311886825,128,0.2143781071166971,128,0.2143781071166971,128,0.1629201510631008,128,0.1629201510631008,128,2.03125,128,2.0,128,0.03125,128,0.0,1,0.17380147464150852,1,0.17380147464150852,1,127,0.9586602634878854,0.41191278481260535,127,0.9586602634878854,0.41191278481260535,111,0.9923316170503428,0,,,,,,,
3,val,crop_bottom_side,crop_bottom_side,crop_bottom_side -> crop_bottom_side,synthetic_pair_on_id_atomic_input,image_block_03,128,1.045118430306338,128,0.4857585027724176,127,12.395301713193625,128,12.413300509893793,128,0.0,128,1.045118430306338,128,0.4857585027724176,127,12.395301713193625,128,12.413300509893793,128,0.0,128,0.0,128,0.0078125,128,0.0,128,0.0078125,128,1.0,128,0.0,128,0.15991603285152597,128,0.15991603285152597,128,0.2614575038043208,128,0.2614575038043208,128,0.21002307815708798,128,0.21002307815708798,128,2.03125,128,2.0,128,0.03125,128,0.0,1,0.18157351176945213,1,0.18157351176945213,1,127,1.0375996777890653,0.4857585027724176,127,1.0375996777890653,0.4857585027724176,111,0.9923316170503428,0,,,,,,,
3,val,crop_bottom_side,crop_bottom_side,crop_bottom_side -> crop_bottom_side,synthetic_pair_on_id_atomic_input,image_block_04,128,1.052749778438077,128,0.4932904357520347,127,13.796509339774794,128,13.439096798099099,128,0.0,128,1.052749778438077,128,0.4932904357520347,127,13.796509339774794,128,13.439096798099099,128,0.0,128,0.0,128,0.0078125,128,0.0,128,0.0078125,128,1.0,128,0.0,128,0.17236546612974452,128,0.17236546612974452,128,0.27682520010064915,128,0.27682520010064915,128,0.22018691796710116,128,0.22018691796710116,128,2.03125,128,2.0,128,0.03125,128,0.0,1,0.22989462588396123,1,0.22989462588396123,1,127,1.0452911152761724,0.4932904357520347,127,1.0452911152761724,0.4932904357520347,111,0.9923316170503428,0,,,,,,,
3,val,crop_bottom_side,crop_bottom_side,crop_bottom_side -> crop_bottom_side,synthetic_pair_on_id_atomic_input,image_block_05,128,1.0922082415294456,128,0.5351646121838829,127,15.139296975868637,128,15.47896419713813,128,0.0,128,1.0922082415294456,128,0.5351646121838829,127,15.139296975868637,128,15.47896419713813,128,0.0,128,0.0,128,0.0078125,128,0.0,128,0.0078125,128,1.0,128,0.0,128,0.1811853994120688,128,0.1811853994120688,128,0.3019446097198223,128,0.3019446097198223,128,0.24288547349365355,128,0.24288547349365355,128,2.03125,128,2.0,128,0.03125,128,0.0,1,0.1802961864527005,1,0.1802961864527005,1,127,1.0850602749273153,0.5351646121838829,127,1.0850602749273153,0.5351646121838829,111,0.9923316170503428,0,,,,,,,
3,val,crop_bottom_side,crop_bottom_side,crop_bottom_side -> crop_bottom_side,synthetic_pair_on_id_atomic_input,image_block_06,128,1.1892807570786355,128,0.656543515572936,127,22.535232396589734,128,21.313829929907726,128,0.0,128,1.1892807570786355,128,0.656543515572936,127,22.535232396589734,128,21.313829929907726,128,0.0,128,0.0,128,0.0078125,128,0.0,128,0.0078125,128,1.0,128,0.0,128,0.2307762805521675,128,0.2307762805521675,128,0.3829595172903858,128,0.3829595172903858,128,0.31405928908182446,128,0.31405928908182446,128,2.03125,128,2.0,128,0.03125,128,0.0,1,0.2858053339131386,1,0.2858053339131386,1,127,1.182897140992641,0.656543515572936,127,1.182897140992641,0.656543515572936,111,0.9923316170503428,0,,,,,,,
3,val,crop_bottom_side,crop_bottom_side,crop_bottom_side -> crop_bottom_side,synthetic_pair_on_id_atomic_input,image_final_norm,128,1.2005089983581898,128,0.6664822491785682,127,6.02093920263699,128,5.547731404492361,128,0.0,128,1.2005089983581898,128,0.6664822491785682,127,6.02093920263699,128,5.547731404492361,128,0.0,128,0.0,128,0.0078125,128,0.0,128,0.0078125,128,1.0,128,0.0,128,0.22028528742783385,128,0.22028528742783385,128,0.3549189474873703,128,0.3549189474873703,128,0.2930227432381487,128,0.2930227432381487,128,2.03125,128,2.0,128,0.03125,128,0.0,1,0.26995706872065833,1,0.26995706872065833,1,127,1.1942137936208528,0.6664822491785682,127,1.1942137936208528,0.6664822491785682,111,0.9923316170503428,0,,,,,,,
3,val,crop_bottom_side,pad_top,pad_top -> crop_bottom_side,synthetic_pair_on_id_atomic_input,image_input_tokens,128,0.4763387476393236,128,0.07242513921946513,128,0.30612099719503866,128,0.43003965405023237,128,0.0,128,1.3294399718082358e-15,128,5.724587470723463e-17,128,0.3159422004168131,128,0.3159422004168131,128,0.0,128,0.0,128,0.0,128,0.0,128,0.0,128,0.2109375,128,0.2109375,128,0.022313055626617277,128,0.03080706794479114,128,0.039684012609202915,128,0.04117998268445853,128,0.029152879617123567,128,0.030462218402683216,128,0.2109375,128,0.0,128,0.2109375,128,1.0,27,0.010523116027931115,27,0.010523116027931115,27,128,0.4763387476393236,0.07242513921946513,128,1.3294399718082358e-15,5.724587470723463e-17,111,0.9965254911431322,0,,0.43290594377463865,27,0.06814537295593626,27,0.010523116027931115,27
3,val,crop_bottom_side,pad_top,pad_top -> crop_bottom_side,synthetic_pair_on_id_atomic_input,image_block_01,128,0.5914468691294955,128,0.12550980500374814,128,6.1397170877867,128,8.003012220973488,128,0.0,128,0.19027339568575047,128,0.016678803275515363,128,9.022231330084997,128,9.725788230719754,128,0.0,128,0.0,128,0.0,128,0.0,128,0.0,128,0.2109375,128,0.2109375,128,0.1027655533827232,128,0.06480149090014523,128,0.11900883207518692,128,0.11354307625066129,128,0.10203869548736569,128,0.07417103257894221,128,0.2109375,128,0.0,128,0.2109375,128,0.2962962962962963,27,0.05766517315544278,27,0.05766517315544278,27,128,0.5914468691294955,0.12550980500374814,128,0.19027339568575047,0.016678803275515363,111,0.9965254911431322,0,,16.50125125618297,27,0.5788845095197347,27,0.05766517315544278,27
3,val,crop_bottom_side,pad_top,pad_top -> crop_bottom_side,synthetic_pair_on_id_atomic_input,image_block_02,128,0.6127323925840629,128,0.1413285028752751,128,9.130132554966696,128,11.695552871895746,128,0.0,128,0.25679223315558963,128,0.03210939391927689,128,12.140642766279354,128,13.094383710373476,128,0.0,128,0.0,128,0.0,128,0.0,128,0.0,128,0.2109375,128,0.2109375,128,0.13080038760171353,128,0.08705984355507404,128,0.14961812211413694,128,0.14124415954557976,128,0.13030617529327837,128,0.09810440534796495,128,0.2109375,128,0.0,128,0.2109375,128,0.0,27,0.09949503961857033,27,0.09949503961857033,27,128,0.6127323925840629,0.1413285028752751,128,0.25679223315558963,0.03210939391927689,111,0.9965254911431322,0,,24.066164549701647,27,0.6599893560868577,27,0.09949503961857033,27
3,val,crop_bottom_side,pad_top,pad_top -> crop_bottom_side,synthetic_pair_on_id_atomic_input,image_block_03,128,0.6603137962463557,128,0.1747654510221544,128,12.268015591720001,128,15.069590032730687,128,0.0,128,0.3386000644693259,128,0.063679805844918,128,16.540281796310207,128,17.133957795521404,128,0.0,128,0.0,128,0.0,128,0.0,128,0.0,128,0.2109375,128,0.2109375,128,0.16032654900423804,128,0.11216712841783952,128,0.18381428248314327,128,0.16892809233815032,128,0.16530148386457644,128,0.1265762893038101,128,0.2109375,128,0.0,128,0.2109375,128,0.0,27,0.15086054270793461,27,0.15086054270793461,27,128,0.6603137962463557,0.1747654510221544,128,0.3386000644693259,0.063679805844918,111,0.9965254911431322,0,,33.69441612437777,27,0.7859781839378512,27,0.15086054270793461,27
3,val,crop_bottom_side,pad_top,pad_top -> crop_bottom_side,synthetic_pair_on_id_atomic_input,image_block_04,128,0.6583966078479947,128,0.17503528444929456,128,13.686361163800116,128,16.87979309334976,128,0.0,128,0.356405461670236,128,0.0708128955872741,128,17.717544644709932,128,18.188108265221196,128,0.0,128,0.0,128,0.0,128,0.0,128,0.0,128,0.2109375,128,0.2109375,128,0.17272563797344279,128,0.11753917797193836,128,0.196548615542844,128,0.18151871241878303,128,0.18176172491368064,128,0.13465620021785213,128,0.2109375,128,0.0,128,0.2109375,128,0.0,27,0.17480067409098285,27,0.17480067409098285,27,128,0.6583966078479947,0.17503528444929456,128,0.356405461670236,0.0708128955872741,111,0.9965254911431322,0,,28.610556340423113,27,0.6686006676942176,27,0.17480067409098285,27
3,val,crop_bottom_side,pad_top,pad_top -> crop_bottom_side,synthetic_pair_on_id_atomic_input,image_block_05,128,0.6901392593956502,128,0.1968417119940568,128,15.007632882055322,128,18.611331771425267,128,0.0,128,0.3547311501097191,128,0.07235289395462116,128,21.82204794926067,128,21.84333448992959,128,0.0,128,0.0,128,0.0,128,0.0,128,0.0,128,0.2109375,128,0.2109375,128,0.18145691271260142,128,0.13933138895324784,128,0.21052338225585013,128,0.1986409468795548,128,0.19107904576216878,128,0.15526374876071877,128,0.2109375,128,0.0,128,0.2109375,128,0.0,27,0.1974692350600351,27,0.1974692350600351,27,128,0.6901392593956502,0.1968417119940568,128,0.3547311501097191,0.07235289395462116,111,0.9965254911431322,0,,31.599444902258824,27,0.704937622973439,27,0.1974692350600351,27
3,val,crop_bottom_side,pad_top,pad_top -> crop_bottom_side,synthetic_pair_on_id_atomic_input,image_block_06,128,0.7217046852995601,128,0.23668572253990636,128,22.303399427422754,128,26.954985198040816,128,0.0,128,0.4955938770292822,128,0.13761829589132774,128,26.816580119712288,128,26.84397609003219,128,0.0,128,0.0,128,0.0,128,0.0,128,0.0,128,0.2109375,128,0.2109375,128,0.22915242253337825,128,0.16999407715446724,128,0.25867884013976383,128,0.25615202553198885,128,0.23902095470151685,128,0.1989259369806829,128,0.2109375,128,0.0,128,0.2109375,128,0.0,27,0.28696482173634097,27,0.28696482173634097,27,128,0.7217046852995601,0.23668572253990636,128,0.4955938770292822,0.13761829589132774,111,0.9965254911431322,0,,47.150450145584585,27,0.949514684092125,27,0.28696482173634097,27
3,val,crop_bottom_side,pad_top,pad_top -> crop_bottom_side,synthetic_pair_on_id_atomic_input,image_final_norm,128,0.7318221743931177,128,0.24271424368139,128,5.928689611985327,128,7.249791227089627,128,0.0,128,0.5063062728385127,128,0.14248999867681827,128,7.214258712991195,128,7.062600237868172,128,0.0,128,0.0,128,0.0,128,0.0,128,0.0,128,0.2109375,128,0.2109375,128,0.21850996938002182,128,0.16940073481752124,128,0.25092436971527166,128,0.24799009879618544,128,0.23306974809124567,128,0.1946126223908632,128,0.2109375,128,0.0,128,0.2109375,128,0.0,27,0.27574389963159196,27,0.27574389963159196,27,128,0.7318221743931177,0.24271424368139,128,0.5063062728385127,0.14248999867681827,111,0.9965254911431322,0,,19.990803499304622,27,0.9350742605137664,27,0.27574389963159196,27
3,val,crop_bottom_side,rot90,rot90 -> crop_bottom_side,synthetic_pair_on_id_atomic_input,image_input_tokens,128,0.5207477335649506,128,0.12007706749172183,128,0.31320415012294783,128,0.30427313877693524,128,0.0,128,1.1347031354123942,128,0.5990825130987079,128,0.13624934684854112,128,0.1427774900153424,128,0.0,128,0.0,128,0.0,128,0.0,128,0.0,128,0.0,128,0.0,128,0.02242034421833483,128,0.024715056735813798,128,0.027016915464141582,128,0.026655893964661122,128,0.022169939556716464,128,0.024177765636743263,128,0.0,128,0.0,128,0.0,128,,,,,,,128,0.5207477335649506,0.12007706749172183,128,1.1347031354123942,0.5990825130987079,0,,0,,,,,,,
3,val,crop_bottom_side,rot90,rot90 -> crop_bottom_side,synthetic_pair_on_id_atomic_input,image_block_01,128,0.6625935647384564,128,0.2278427867419994,128,6.172474004241907,128,6.03816976877701,128,0.0,128,1.221848345080445,128,0.6531255137680025,128,4.34583984212985,128,6.9303565429274325,128,0.0,128,0.0,128,0.0,128,0.0,128,0.0,128,0.0,128,0.0,128,0.10170290100852242,128,0.13554068610947503,128,0.1574712344365783,128,0.20174148777333262,128,0.09922662563942242,128,0.18444044376605034,128,0.0,128,0.0,128,0.0,128,,,,,,,128,0.6625935647384564,0.2278427867419994,128,1.221848345080445,0.6531255137680025,0,,0,,,,,,,
3,val,crop_bottom_side,rot90,rot90 -> crop_bottom_side,synthetic_pair_on_id_atomic_input,image_block_02,128,0.6910989462949761,128,0.24200466507460155,128,9.176762851522412,128,8.930819119567868,128,0.0,128,1.1345828884691271,128,0.573415772904606,128,7.584224651684936,128,11.145341987636506,128,0.0,128,0.0,128,0.0,128,0.0,128,0.0,128,0.0,128,0.0,128,0.1285843209416403,128,0.17409483936877782,128,0.19988093709191795,128,0.24180434342677215,128,0.1270175588221768,128,0.21490468991969375,128,0.0,128,0.0,128,0.0,128,,,,,,,128,0.6910989462949761,0.24200466507460155,128,1.1345828884691271,0.573415772904606,0,,0,,,,,,,
3,val,crop_bottom_side,rot90,rot90 -> crop_bottom_side,synthetic_pair_on_id_atomic_input,image_block_03,128,0.7347230604460335,128,0.2726376924415355,128,12.355817656734509,128,12.20855830548496,128,0.0,128,1.2367324464289848,128,0.6611889298073154,128,11.509238500034478,128,18.730014336962938,128,0.0,128,0.0,128,0.0,128,0.0,128,0.0,128,0.0,128,0.0,128,0.1596104620729097,128,0.21435593792248844,128,0.24281970953693685,128,0.2754154866366531,128,0.16726172276283896,128,0.24747040384119273,128,0.0,128,0.0,128,0.0,128,,,,,,,128,0.7347230604460335,0.2726376924415355,128,1.2367324464289848,0.6611889298073154,0,,0,,,,,,,
3,val,crop_bottom_side,rot90,rot90 -> crop_bottom_side,synthetic_pair_on_id_atomic_input,image_block_04,128,0.7250550139743829,128,0.26628026250759257,128,13.741708092536221,128,13.540118457647495,128,0.0,128,1.2404277156515815,128,0.6641920049028697,128,12.302487584990788,128,19.99261667999714,128,0.0,128,0.0,128,0.0,128,0.0,128,0.0,128,0.0,128,0.0,128,0.1719384764734656,128,0.2074107899822238,128,0.24387886113160462,128,0.2700112867650845,128,0.17731427008600753,128,0.23384141230571542,128,0.0,128,0.0,128,0.0,128,,,,,,,128,0.7250550139743829,0.26628026250759257,128,1.2404277156515815,0.6641920049028697,0,,0,,,,,,,
3,val,crop_bottom_side,rot90,rot90 -> crop_bottom_side,synthetic_pair_on_id_atomic_input,image_block_05,128,0.7443150267999201,128,0.2820506134938848,128,15.082051047219737,128,14.789756983433836,128,0.0,128,1.2032613351545873,128,0.64170703115462,128,15.892883479566219,128,23.943665126150627,128,0.0,128,0.0,128,0.0,128,0.0,128,0.0,128,0.0,128,0.0,128,0.18118944713579554,128,0.24107495525856035,128,0.27612421027838296,128,0.28760478699141523,128,0.18328763985610175,128,0.25547065472365593,128,0.0,128,0.0,128,0.0,128,,,,,,,128,0.7443150267999201,0.2820506134938848,128,1.2032613351545873,0.64170703115462,0,,0,,,,,,,
3,val,crop_bottom_side,rot90,rot90 -> crop_bottom_side,synthetic_pair_on_id_atomic_input,image_block_06,128,0.7666343301557896,128,0.31289381190908505,128,22.438837036540477,128,22.141965763822036,128,0.0,128,1.2343096915061098,128,0.6668213044211485,128,23.687146450484413,128,36.41303383305099,128,0.0,128,0.0,128,0.0,128,0.0,128,0.0,128,0.0,128,0.0,128,0.230087972670676,128,0.26097301725763833,128,0.3113642348865622,128,0.3242926700872705,128,0.23071582998938556,128,0.2805573859431161,128,0.0,128,0.0,128,0.0,128,,,,,,,128,0.7666343301557896,0.31289381190908505,128,1.2343096915061098,0.6668213044211485,0,,0,,,,,,,
3,val,crop_bottom_side,rot90,rot90 -> crop_bottom_side,synthetic_pair_on_id_atomic_input,image_final_norm,128,0.7778191159017408,128,0.3218620988454617,128,5.999840670953169,128,5.925734142839531,128,0.0,128,1.231563171119121,128,0.6684569931954372,128,6.419808820330788,128,9.684532778687675,128,0.0,128,0.0,128,0.0,128,0.0,128,0.0,128,0.0,128,0.0,128,0.2193927831092907,128,0.2542420482191863,128,0.294702650117072,128,0.3091145834673804,128,0.22054756272169607,128,0.2676929299811155,128,0.0,128,0.0,128,0.0,128,,,,,,,128,0.7778191159017408,0.3218620988454617,128,1.231563171119121,0.6684569931954372,0,,0,,,,,,,
3,val,pad_top,crop_bottom_side,crop_bottom_side -> pad_top,synthetic_pair_on_id_atomic_input,image_input_tokens,128,1.3294399718082358e-15,128,5.724587470723463e-17,128,0.3159422004168131,128,0.3159422004168131,128,0.0,128,0.4763387476393236,128,0.07242513921946513,128,0.30612099719503866,128,0.43003965405023237,128,0.0,128,0.0,128,0.0,128,0.0,128,0.0,128,0.2109375,128,0.2109375,128,0.03080706794479114,128,0.022313055626617277,128,0.04117998268445853,128,0.039684012609202915,128,0.030462218402683216,128,0.029152879617123567,128,0.2109375,128,0.0,128,0.2109375,128,1.0,27,0.010523116027931115,27,0.010523116027931115,27,128,1.3294399718082358e-15,5.724587470723463e-17,128,0.4763387476393236,0.07242513921946513,0,,0,,0.43290594377463865,27,0.06814537295593626,27,0.010523116027931115,27
3,val,pad_top,crop_bottom_side,crop_bottom_side -> pad_top,synthetic_pair_on_id_atomic_input,image_block_01,128,0.19027339568575047,128,0.016678803275515363,128,9.022231330084997,128,9.725788230719754,128,0.0,128,0.5914468691294955,128,0.12550980500374814,128,6.1397170877867,128,8.003012220973488,128,0.0,128,0.0,128,0.0,128,0.0,128,0.0,128,0.2109375,128,0.2109375,128,0.06480149090014523,128,0.1027655533827232,128,0.11354307625066129,128,0.11900883207518692,128,0.07417103257894221,128,0.10203869548736569,128,0.2109375,128,0.0,128,0.2109375,128,0.2962962962962963,27,0.05766517315544278,27,0.05766517315544278,27,128,0.19027339568575047,0.016678803275515363,128,0.5914468691294955,0.12550980500374814,0,,0,,16.50125125618297,27,0.5788845095197347,27,0.05766517315544278,27
3,val,pad_top,crop_bottom_side,crop_bottom_side -> pad_top,synthetic_pair_on_id_atomic_input,image_block_02,128,0.25679223315558963,128,0.03210939391927689,128,12.140642766279354,128,13.094383710373476,128,0.0,128,0.6127323925840629,128,0.1413285028752751,128,9.130132554966696,128,11.695552871895746,128,0.0,128,0.0,128,0.0,128,0.0,128,0.0,128,0.2109375,128,0.2109375,128,0.08705984355507404,128,0.13080038760171353,128,0.14124415954557976,128,0.14961812211413694,128,0.09810440534796495,128,0.13030617529327837,128,0.2109375,128,0.0,128,0.2109375,128,0.0,27,0.09949503961857033,27,0.09949503961857033,27,128,0.25679223315558963,0.03210939391927689,128,0.6127323925840629,0.1413285028752751,0,,0,,24.066164549701647,27,0.6599893560868577,27,0.09949503961857033,27
3,val,pad_top,crop_bottom_side,crop_bottom_side -> pad_top,synthetic_pair_on_id_atomic_input,image_block_03,128,0.3386000644693259,128,0.063679805844918,128,16.540281796310207,128,17.133957795521404,128,0.0,128,0.6603137962463557,128,0.1747654510221544,128,12.268015591720001,128,15.069590032730687,128,0.0,128,0.0,128,0.0,128,0.0,128,0.0,128,0.2109375,128,0.2109375,128,0.11216712841783952,128,0.16032654900423804,128,0.16892809233815032,128,0.18381428248314327,128,0.1265762893038101,128,0.16530148386457644,128,0.2109375,128,0.0,128,0.2109375,128,0.0,27,0.15086054270793461,27,0.15086054270793461,27,128,0.3386000644693259,0.063679805844918,128,0.6603137962463557,0.1747654510221544,0,,0,,33.69441612437777,27,0.7859781839378512,27,0.15086054270793461,27
3,val,pad_top,crop_bottom_side,crop_bottom_side -> pad_top,synthetic_pair_on_id_atomic_input,image_block_04,128,0.356405461670236,128,0.0708128955872741,128,17.717544644709932,128,18.188108265221196,128,0.0,128,0.6583966078479947,128,0.17503528444929456,128,13.686361163800116,128,16.87979309334976,128,0.0,128,0.0,128,0.0,128,0.0,128,0.0,128,0.2109375,128,0.2109375,128,0.11753917797193836,128,0.17272563797344279,128,0.18151871241878303,128,0.196548615542844,128,0.13465620021785213,128,0.18176172491368064,128,0.2109375,128,0.0,128,0.2109375,128,0.0,27,0.17480067409098285,27,0.17480067409098285,27,128,0.356405461670236,0.0708128955872741,128,0.6583966078479947,0.17503528444929456,0,,0,,28.610556340423113,27,0.6686006676942176,27,0.17480067409098285,27
3,val,pad_top,crop_bottom_side,crop_bottom_side -> pad_top,synthetic_pair_on_id_atomic_input,image_block_05,128,0.3547311501097191,128,0.07235289395462116,128,21.82204794926067,128,21.84333448992959,128,0.0,128,0.6901392593956502,128,0.1968417119940568,128,15.007632882055322,128,18.611331771425267,128,0.0,128,0.0,128,0.0,128,0.0,128,0.0,128,0.2109375,128,0.2109375,128,0.13933138895324784,128,0.18145691271260142,128,0.1986409468795548,128,0.21052338225585013,128,0.15526374876071877,128,0.19107904576216878,128,0.2109375,128,0.0,128,0.2109375,128,0.0,27,0.1974692350600351,27,0.1974692350600351,27,128,0.3547311501097191,0.07235289395462116,128,0.6901392593956502,0.1968417119940568,0,,0,,31.599444902258824,27,0.704937622973439,27,0.1974692350600351,27
3,val,pad_top,crop_bottom_side,crop_bottom_side -> pad_top,synthetic_pair_on_id_atomic_input,image_block_06,128,0.4955938770292822,128,0.13761829589132774,128,26.816580119712288,128,26.84397609003219,128,0.0,128,0.7217046852995601,128,0.23668572253990636,128,22.303399427422754,128,26.954985198040816,128,0.0,128,0.0,128,0.0,128,0.0,128,0.0,128,0.2109375,128,0.2109375,128,0.16999407715446724,128,0.22915242253337825,128,0.25615202553198885,128,0.25867884013976383,128,0.1989259369806829,128,0.23902095470151685,128,0.2109375,128,0.0,128,0.2109375,128,0.0,27,0.28696482173634097,27,0.28696482173634097,27,128,0.4955938770292822,0.13761829589132774,128,0.7217046852995601,0.23668572253990636,0,,0,,47.150450145584585,27,0.949514684092125,27,0.28696482173634097,27
3,val,pad_top,crop_bottom_side,crop_bottom_side -> pad_top,synthetic_pair_on_id_atomic_input,image_final_norm,128,0.5063062728385127,128,0.14248999867681827,128,7.214258712991195,128,7.062600237868172,128,0.0,128,0.7318221743931177,128,0.24271424368139,128,5.928689611985327,128,7.249791227089627,128,0.0,128,0.0,128,0.0,128,0.0,128,0.0,128,0.2109375,128,0.2109375,128,0.16940073481752124,128,0.21850996938002182,128,0.24799009879618544,128,0.25092436971527166,128,0.1946126223908632,128,0.23306974809124567,128,0.2109375,128,0.0,128,0.2109375,128,0.0,27,0.27574389963159196,27,0.27574389963159196,27,128,0.5063062728385127,0.14248999867681827,128,0.7318221743931177,0.24271424368139,0,,0,,19.990803499304622,27,0.9350742605137664,27,0.27574389963159196,27
3,val,pad_top,pad_top,pad_top -> pad_top,synthetic_pair_on_id_atomic_input,image_input_tokens,128,0.6252108993945027,128,0.1507307764762416,128,0.3018187138325265,128,0.3133414313468373,128,0.0,128,0.6252108993945027,128,0.1507307764762416,128,0.3018187138325265,128,0.3133414313468373,128,0.0,128,0.0,128,0.0,128,0.0,128,0.0,128,1.0,128,0.0,128,0.03154921592765379,128,0.03154921592765379,128,0.05894528647215537,128,0.05894528647215537,128,0.03319818159856143,128,0.03319818159856143,128,2.0,128,2.0,128,0.0,128,,,,,,,128,0.6252108993945027,0.1507307764762416,128,0.6252108993945027,0.1507307764762416,111,0.9921767341124045,0,,,,,,,
3,val,pad_top,pad_top,pad_top -> pad_top,synthetic_pair_on_id_atomic_input,image_block_01,128,0.553567343146692,128,0.14352860351613775,128,8.784367190362214,128,7.682702348782376,128,0.0,128,0.553567343146692,128,0.14352860351613775,128,8.784367190362214,128,7.682702348782376,128,0.0,128,0.0,128,0.0,128,0.0,128,0.0,128,1.0,128,0.0,128,0.06401874536165836,128,0.06401874536165836,128,0.08434066750373045,128,0.08434066750373045,128,0.05502769858861606,128,0.05502769858861606,128,2.0,128,2.0,128,0.0,128,,,,,,,128,0.553567343146692,0.14352860351613775,128,0.553567343146692,0.14352860351613775,111,0.9921767341124045,0,,,,,,,
3,val,pad_top,pad_top,pad_top -> pad_top,synthetic_pair_on_id_atomic_input,image_block_02,128,0.7742559579180335,128,0.26035527920744683,128,12.272784590881898,128,8.996874994844692,128,0.0,128,0.7742559579180335,128,0.26035527920744683,128,12.272784590881898,128,8.996874994844692,128,0.0,128,0.0,128,0.0,128,0.0,128,0.0,128,1.0,128,0.0,128,0.0862663420576231,128,0.0862663420576231,128,0.11090246601519427,128,0.11090246601519427,128,0.07955146477766532,128,0.07955146477766532,128,2.0,128,2.0,128,0.0,128,,,,,,,128,0.7742559579180335,0.26035527920744683,128,0.7742559579180335,0.26035527920744683,111,0.9921767341124045,0,,,,,,,
3,val,pad_top,pad_top,pad_top -> pad_top,synthetic_pair_on_id_atomic_input,image_block_03,128,1.1255212915502517,128,0.5789836618066506,128,16.773130902374675,128,10.891462589373614,128,0.0,128,1.1255212915502517,128,0.5789836618066506,128,16.773130902374675,128,10.891462589373614,128,0.0,128,0.0,128,0.0,128,0.0,128,0.0,128,1.0,128,0.0,128,0.10922126562433838,128,0.10922126562433838,128,0.14633291014386993,128,0.14633291014386993,128,0.11323225087344634,128,0.11323225087344634,128,2.0,128,2.0,128,0.0,128,,,,,,,128,1.1255212915502517,0.5789836618066506,128,1.1255212915502517,0.5789836618066506,111,0.9921767341124045,0,,,,,,,
3,val,pad_top,pad_top,pad_top -> pad_top,synthetic_pair_on_id_atomic_input,image_block_04,128,1.1462167107142598,128,0.6071198666237784,128,17.96729630083922,128,11.778801012931641,128,0.0,128,1.1462167107142598,128,0.6071198666237784,128,17.96729630083922,128,11.778801012931641,128,0.0,128,0.0,128,0.0,128,0.0,128,0.0,128,1.0,128,0.0,128,0.11376964713048027,128,0.11376964713048027,128,0.15344680371930342,128,0.15344680371930342,128,0.12106579181496258,128,0.12106579181496258,128,2.0,128,2.0,128,0.0,128,,,,,,,128,1.1462167107142598,0.6071198666237784,128,1.1462167107142598,0.6071198666237784,111,0.9921767341124045,0,,,,,,,
3,val,pad_top,pad_top,pad_top -> pad_top,synthetic_pair_on_id_atomic_input,image_block_05,128,1.3261827843817051,128,0.8441944035140596,128,22.055920727952852,128,14.842916569744485,128,0.0,128,1.3261827843817051,128,0.8441944035140596,128,22.055920727952852,128,14.842916569744485,128,0.0,128,0.0,128,0.0,128,0.0,128,0.0,128,1.0,128,0.0,128,0.13610891141041304,128,0.13610891141041304,128,0.1780395125737763,128,0.1780395125737763,128,0.14593129786021,128,0.14593129786021,128,2.0,128,2.0,128,0.0,128,,,,,,,128,1.3261827843817051,0.8441944035140596,128,1.3261827843817051,0.8441944035140596,111,0.9921767341124045,0,,,,,,,
3,val,pad_top,pad_top,pad_top -> pad_top,synthetic_pair_on_id_atomic_input,image_block_06,128,1.3306598291139968,128,0.8505940034364821,128,26.94272017180395,128,18.476344791292945,128,0.0,128,1.3306598291139968,128,0.8505940034364821,128,26.94272017180395,128,18.476344791292945,128,0.0,128,0.0,128,0.0,128,0.0,128,0.0,128,1.0,128,0.0,128,0.16272506842977497,128,0.16272506842977497,128,0.2261808937182174,128,0.2261808937182174,128,0.183957868458149,128,0.183957868458149,128,2.0,128,2.0,128,0.0,128,,,,,,,128,1.3306598291139968,0.8505940034364821,128,1.3306598291139968,0.8505940034364821,111,0.9921767341124045,0,,,,,,,
3,val,pad_top,pad_top,pad_top -> pad_top,synthetic_pair_on_id_atomic_input,image_final_norm,128,1.3305504773313053,128,0.8508770514488941,128,7.212918248861065,128,4.975111679763705,128,0.0,128,1.3305504773313053,128,0.8508770514488941,128,7.212918248861065,128,4.975111679763705,128,0.0,128,0.0,128,0.0,128,0.0,128,0.0,128,1.0,128,0.0,128,0.16178217611916973,128,0.16178217611916973,128,0.22992532665474222,128,0.22992532665474222,128,0.18651143027717298,128,0.18651143027717298,128,2.0,128,2.0,128,0.0,128,,,,,,,128,1.3305504773313053,0.8508770514488941,128,1.3305504773313053,0.8508770514488941,111,0.9921767341124045,0,,,,,,,
3,val,pad_top,rot90,rot90 -> pad_top,synthetic_pair_on_id_atomic_input,image_input_tokens,128,0.11449665333158464,128,0.015242006193114601,128,0.3205090013216042,128,0.32380092497085944,128,0.0,128,1.4194489835941049,128,0.7941611228134807,128,0.12920315530202486,128,0.255977562218175,128,0.0,128,0.0,128,0.0,128,0.0,128,0.0,128,0.0,128,0.0,128,0.030999690674427136,128,0.02423773204945305,128,0.04268691628911714,128,0.05242420332201037,128,0.031110250652854773,128,0.044028223686765615,128,0.0,128,0.0,128,0.0,128,,,,,,,128,0.11449665333158464,0.015242006193114601,128,1.4194489835941049,0.7941611228134807,111,0.9806333484950366,0,,,,,,,
3,val,pad_top,rot90,rot90 -> pad_top,synthetic_pair_on_id_atomic_input,image_block_01,128,0.26146789397545456,128,0.04320261306514492,128,9.149953358390661,128,9.102237520246032,128,0.0,128,1.116535540815305,128,0.5691942040932847,128,4.298466020979353,128,5.61661857635175,128,0.0,128,0.0,128,0.0,128,0.0,128,0.0,128,0.0,128,0.0,128,0.06429393083601123,128,0.13337929372720628,128,0.1284160198552734,128,0.15924830764923048,128,0.06144763289422952,128,0.15655007272181856,128,0.0,128,0.0,128,0.0,128,,,,,,,128,0.26146789397545456,0.04320261306514492,128,1.116535540815305,0.5691942040932847,111,0.9806333484950366,0,,,,,,,
3,val,pad_top,rot90,rot90 -> pad_top,synthetic_pair_on_id_atomic_input,image_block_02,128,0.4091658185208342,128,0.09270861607520639,128,12.321856798789899,128,12.291946820591805,128,0.0,128,1.1002780625453665,128,0.5818458951808569,128,7.591842429136921,128,9.255125219421581,128,0.0,128,0.0,128,0.0,128,0.0,128,0.0,128,0.0,128,0.0,128,0.08752702476478075,128,0.1747016981285394,128,0.1552159080687432,128,0.20241293119496756,128,0.08689927648080195,128,0.19863223922869505,128,0.0,128,0.0,128,0.0,128,,,,,,,128,0.4091658185208342,0.09270861607520639,128,1.1002780625453665,0.5818458951808569,111,0.9806333484950366,0,,,,,,,
3,val,pad_top,rot90,rot90 -> pad_top,synthetic_pair_on_id_atomic_input,image_block_03,128,0.4928567432429826,128,0.13547590905330126,128,16.80466104038866,128,16.90428631793872,128,0.0,128,1.1624565595762477,128,0.6239516102508385,128,11.478762527782258,128,15.802207614310962,128,0.0,128,0.0,128,0.0,128,0.0,128,0.0,128,0.0,128,0.0,128,0.11123692648219291,128,0.20967250885248268,128,0.18721222390361048,128,0.259623032326811,128,0.11192847159784941,128,0.2512271956886376,128,0.0,128,0.0,128,0.0,128,,,,,,,128,0.4928567432429826,0.13547590905330126,128,1.1624565595762477,0.6239516102508385,111,0.9806333484950366,0,,,,,,,
3,val,pad_top,rot90,rot90 -> pad_top,synthetic_pair_on_id_atomic_input,image_block_04,128,0.48762478722248065,128,0.13103372067769686,128,17.95016081797882,128,17.9932641799654,128,0.0,128,1.1684244639832628,128,0.6269292801879007,128,12.259132394646887,128,17.235711396516272,128,0.0,128,0.0,128,0.0,128,0.0,128,0.0,128,0.0,128,0.0,128,0.11632277416216796,128,0.20109082339282616,128,0.18051462310299288,128,0.2542874487609937,128,0.11690732194919254,128,0.24878847051844832,128,0.0,128,0.0,128,0.0,128,,,,,,,128,0.48762478722248065,0.13103372067769686,128,1.1684244639832628,0.6269292801879007,111,0.9806333484950366,0,,,,,,,
3,val,pad_top,rot90,rot90 -> pad_top,synthetic_pair_on_id_atomic_input,image_block_05,128,0.6605458248145689,128,0.23478193714586243,128,22.155639133133324,128,22.330284369151077,128,0.0,128,1.1835608641452522,128,0.65942702004992,128,16.045758066293573,128,22.26004203847522,128,0.0,128,0.0,128,0.0,128,0.0,128,0.0,128,0.0,128,0.0,128,0.13756007599006437,128,0.23513794508303082,128,0.20835907706586498,128,0.28465293863213126,128,0.1391145857088879,128,0.27791588673196477,128,0.0,128,0.0,128,0.0,128,,,,,,,128,0.6605458248145689,0.23478193714586243,128,1.1835608641452522,0.65942702004992,111,0.9806333484950366,0,,,,,,,
3,val,pad_top,rot90,rot90 -> pad_top,synthetic_pair_on_id_atomic_input,image_block_06,128,0.7531928925366276,128,0.30691979283116605,128,26.99403378010937,128,27.138407525710953,128,0.0,128,1.1267069795856146,128,0.6103496482845849,128,23.706964279563895,128,30.2880632861781,128,0.0,128,0.0,128,0.0,128,0.0,128,0.0,128,0.0,128,0.0,128,0.16413450410893834,128,0.2532311181124298,128,0.2285348891038032,128,0.3095151230817772,128,0.16536573776878238,128,0.29787779951169435,128,0.0,128,0.0,128,0.0,128,,,,,,,128,0.7531928925366276,0.30691979283116605,128,1.1267069795856146,0.6103496482845849,111,0.9806333484950366,0,,,,,,,
3,val,pad_top,rot90,rot90 -> pad_top,synthetic_pair_on_id_atomic_input,image_final_norm,128,0.7542328112926044,128,0.3073483643380133,128,7.276102023241541,128,7.321221237972727,128,0.0,128,1.1287456750531328,128,0.6104197787729359,128,6.391072834290089,128,8.261087712585095,128,0.0,128,0.0,128,0.0,128,0.0,128,0.0,128,0.0,128,0.0,128,0.16328155381664033,128,0.24656311823891625,128,0.22653241696224963,128,0.30437080370656994,128,0.164533348869416,128,0.2931460169090123,128,0.0,128,0.0,128,0.0,128,,,,,,,128,0.7542328112926044,0.3073483643380133,128,1.1287456750531328,0.6104197787729359,111,0.9806333484950366,0,,,,,,,
3,val,rot90,crop_bottom_side,crop_bottom_side -> rot90,synthetic_pair_on_id_atomic_input,image_input_tokens,128,1.1347031354123942,128,0.5990825130987079,128,0.13624934684854112,128,0.1427774900153424,128,0.0,128,0.5207477335649506,128,0.12007706749172183,128,0.31320415012294783,128,0.30427313877693524,128,0.0,128,0.0,128,0.0,128,0.0,128,0.0,128,0.0,128,0.0,128,0.024715056735813798,128,0.02242034421833483,128,0.026655893964661122,128,0.027016915464141582,128,0.024177765636743263,128,0.022169939556716464,128,0.0,128,0.0,128,0.0,128,,,,,,,128,1.1347031354123942,0.5990825130987079,128,0.5207477335649506,0.12007706749172183,111,0.9925330496049142,0,,,,,,,
3,val,rot90,crop_bottom_side,crop_bottom_side -> rot90,synthetic_pair_on_id_atomic_input,image_block_01,128,1.221848345080445,128,0.6531255137680025,128,4.34583984212985,128,6.9303565429274325,128,0.0,128,0.6625935647384564,128,0.2278427867419994,128,6.172474004241907,128,6.03816976877701,128,0.0,128,0.0,128,0.0,128,0.0,128,0.0,128,0.0,128,0.0,128,0.13554068610947503,128,0.10170290100852242,128,0.20174148777333262,128,0.1574712344365783,128,0.18444044376605034,128,0.09922662563942242,128,0.0,128,0.0,128,0.0,128,,,,,,,128,1.221848345080445,0.6531255137680025,128,0.6625935647384564,0.2278427867419994,111,0.9925330496049142,0,,,,,,,
3,val,rot90,crop_bottom_side,crop_bottom_side -> rot90,synthetic_pair_on_id_atomic_input,image_block_02,128,1.1345828884691271,128,0.573415772904606,128,7.584224651684936,128,11.145341987636506,128,0.0,128,0.6910989462949761,128,0.24200466507460155,128,9.176762851522412,128,8.930819119567868,128,0.0,128,0.0,128,0.0,128,0.0,128,0.0,128,0.0,128,0.0,128,0.17409483936877782,128,0.1285843209416403,128,0.24180434342677215,128,0.19988093709191795,128,0.21490468991969375,128,0.1270175588221768,128,0.0,128,0.0,128,0.0,128,,,,,,,128,1.1345828884691271,0.573415772904606,128,0.6910989462949761,0.24200466507460155,111,0.9925330496049142,0,,,,,,,
3,val,rot90,crop_bottom_side,crop_bottom_side -> rot90,synthetic_pair_on_id_atomic_input,image_block_03,128,1.2367324464289848,128,0.6611889298073154,128,11.509238500034478,128,18.730014336962938,128,0.0,128,0.7347230604460335,128,0.2726376924415355,128,12.355817656734509,128,12.20855830548496,128,0.0,128,0.0,128,0.0,128,0.0,128,0.0,128,0.0,128,0.0,128,0.21435593792248844,128,0.1596104620729097,128,0.2754154866366531,128,0.24281970953693685,128,0.24747040384119273,128,0.16726172276283896,128,0.0,128,0.0,128,0.0,128,,,,,,,128,1.2367324464289848,0.6611889298073154,128,0.7347230604460335,0.2726376924415355,111,0.9925330496049142,0,,,,,,,
3,val,rot90,crop_bottom_side,crop_bottom_side -> rot90,synthetic_pair_on_id_atomic_input,image_block_04,128,1.2404277156515815,128,0.6641920049028697,128,12.302487584990788,128,19.99261667999714,128,0.0,128,0.7250550139743829,128,0.26628026250759257,128,13.741708092536221,128,13.540118457647495,128,0.0,128,0.0,128,0.0,128,0.0,128,0.0,128,0.0,128,0.0,128,0.2074107899822238,128,0.1719384764734656,128,0.2700112867650845,128,0.24387886113160462,128,0.23384141230571542,128,0.17731427008600753,128,0.0,128,0.0,128,0.0,128,,,,,,,128,1.2404277156515815,0.6641920049028697,128,0.7250550139743829,0.26628026250759257,111,0.9925330496049142,0,,,,,,,
3,val,rot90,crop_bottom_side,crop_bottom_side -> rot90,synthetic_pair_on_id_atomic_input,image_block_05,128,1.2032613351545873,128,0.64170703115462,128,15.892883479566219,128,23.943665126150627,128,0.0,128,0.7443150267999201,128,0.2820506134938848,128,15.082051047219737,128,14.789756983433836,128,0.0,128,0.0,128,0.0,128,0.0,128,0.0,128,0.0,128,0.0,128,0.24107495525856035,128,0.18118944713579554,128,0.28760478699141523,128,0.27612421027838296,128,0.25547065472365593,128,0.18328763985610175,128,0.0,128,0.0,128,0.0,128,,,,,,,128,1.2032613351545873,0.64170703115462,128,0.7443150267999201,0.2820506134938848,111,0.9925330496049142,0,,,,,,,
3,val,rot90,crop_bottom_side,crop_bottom_side -> rot90,synthetic_pair_on_id_atomic_input,image_block_06,128,1.2343096915061098,128,0.6668213044211485,128,23.687146450484413,128,36.41303383305099,128,0.0,128,0.7666343301557896,128,0.31289381190908505,128,22.438837036540477,128,22.141965763822036,128,0.0,128,0.0,128,0.0,128,0.0,128,0.0,128,0.0,128,0.0,128,0.26097301725763833,128,0.230087972670676,128,0.3242926700872705,128,0.3113642348865622,128,0.2805573859431161,128,0.23071582998938556,128,0.0,128,0.0,128,0.0,128,,,,,,,128,1.2343096915061098,0.6668213044211485,128,0.7666343301557896,0.31289381190908505,111,0.9925330496049142,0,,,,,,,
3,val,rot90,crop_bottom_side,crop_bottom_side -> rot90,synthetic_pair_on_id_atomic_input,image_final_norm,128,1.231563171119121,128,0.6684569931954372,128,6.419808820330788,128,9.684532778687675,128,0.0,128,0.7778191159017408,128,0.3218620988454617,128,5.999840670953169,128,5.925734142839531,128,0.0,128,0.0,128,0.0,128,0.0,128,0.0,128,0.0,128,0.0,128,0.2542420482191863,128,0.2193927831092907,128,0.3091145834673804,128,0.294702650117072,128,0.2676929299811155,128,0.22054756272169607,128,0.0,128,0.0,128,0.0,128,,,,,,,128,1.231563171119121,0.6684569931954372,128,0.7778191159017408,0.3218620988454617,111,0.9925330496049142,0,,,,,,,
3,val,rot90,pad_top,pad_top -> rot90,synthetic_pair_on_id_atomic_input,image_input_tokens,128,1.4194489835941049,128,0.7941611228134807,128,0.12920315530202486,128,0.255977562218175,128,0.0,128,0.11449665333158464,128,0.015242006193114601,128,0.3205090013216042,128,0.32380092497085944,128,0.0,128,0.0,128,0.0,128,0.0,128,0.0,128,0.0,128,0.0,128,0.02423773204945305,128,0.030999690674427136,128,0.05242420332201037,128,0.04268691628911714,128,0.044028223686765615,128,0.031110250652854773,128,0.0,128,0.0,128,0.0,128,,,,,,,128,1.4194489835941049,0.7941611228134807,128,0.11449665333158464,0.015242006193114601,0,,0,,,,,,,
3,val,rot90,pad_top,pad_top -> rot90,synthetic_pair_on_id_atomic_input,image_block_01,128,1.116535540815305,128,0.5691942040932847,128,4.298466020979353,128,5.61661857635175,128,0.0,128,0.26146789397545456,128,0.04320261306514492,128,9.149953358390661,128,9.102237520246032,128,0.0,128,0.0,128,0.0,128,0.0,128,0.0,128,0.0,128,0.0,128,0.13337929372720628,128,0.06429393083601123,128,0.15924830764923048,128,0.1284160198552734,128,0.15655007272181856,128,0.06144763289422952,128,0.0,128,0.0,128,0.0,128,,,,,,,128,1.116535540815305,0.5691942040932847,128,0.26146789397545456,0.04320261306514492,0,,0,,,,,,,
3,val,rot90,pad_top,pad_top -> rot90,synthetic_pair_on_id_atomic_input,image_block_02,128,1.1002780625453665,128,0.5818458951808569,128,7.591842429136921,128,9.255125219421581,128,0.0,128,0.4091658185208342,128,0.09270861607520639,128,12.321856798789899,128,12.291946820591805,128,0.0,128,0.0,128,0.0,128,0.0,128,0.0,128,0.0,128,0.0,128,0.1747016981285394,128,0.08752702476478075,128,0.20241293119496756,128,0.1552159080687432,128,0.19863223922869505,128,0.08689927648080195,128,0.0,128,0.0,128,0.0,128,,,,,,,128,1.1002780625453665,0.5818458951808569,128,0.4091658185208342,0.09270861607520639,0,,0,,,,,,,
3,val,rot90,pad_top,pad_top -> rot90,synthetic_pair_on_id_atomic_input,image_block_03,128,1.1624565595762477,128,0.6239516102508385,128,11.478762527782258,128,15.802207614310962,128,0.0,128,0.4928567432429826,128,0.13547590905330126,128,16.80466104038866,128,16.90428631793872,128,0.0,128,0.0,128,0.0,128,0.0,128,0.0,128,0.0,128,0.0,128,0.20967250885248268,128,0.11123692648219291,128,0.259623032326811,128,0.18721222390361048,128,0.2512271956886376,128,0.11192847159784941,128,0.0,128,0.0,128,0.0,128,,,,,,,128,1.1624565595762477,0.6239516102508385,128,0.4928567432429826,0.13547590905330126,0,,0,,,,,,,
3,val,rot90,pad_top,pad_top -> rot90,synthetic_pair_on_id_atomic_input,image_block_04,128,1.1684244639832628,128,0.6269292801879007,128,12.259132394646887,128,17.235711396516272,128,0.0,128,0.48762478722248065,128,0.13103372067769686,128,17.95016081797882,128,17.9932641799654,128,0.0,128,0.0,128,0.0,128,0.0,128,0.0,128,0.0,128,0.0,128,0.20109082339282616,128,0.11632277416216796,128,0.2542874487609937,128,0.18051462310299288,128,0.24878847051844832,128,0.11690732194919254,128,0.0,128,0.0,128,0.0,128,,,,,,,128,1.1684244639832628,0.6269292801879007,128,0.48762478722248065,0.13103372067769686,0,,0,,,,,,,
3,val,rot90,pad_top,pad_top -> rot90,synthetic_pair_on_id_atomic_input,image_block_05,128,1.1835608641452522,128,0.65942702004992,128,16.045758066293573,128,22.26004203847522,128,0.0,128,0.6605458248145689,128,0.23478193714586243,128,22.155639133133324,128,22.330284369151077,128,0.0,128,0.0,128,0.0,128,0.0,128,0.0,128,0.0,128,0.0,128,0.23513794508303082,128,0.13756007599006437,128,0.28465293863213126,128,0.20835907706586498,128,0.27791588673196477,128,0.1391145857088879,128,0.0,128,0.0,128,0.0,128,,,,,,,128,1.1835608641452522,0.65942702004992,128,0.6605458248145689,0.23478193714586243,0,,0,,,,,,,
3,val,rot90,pad_top,pad_top -> rot90,synthetic_pair_on_id_atomic_input,image_block_06,128,1.1267069795856146,128,0.6103496482845849,128,23.706964279563895,128,30.2880632861781,128,0.0,128,0.7531928925366276,128,0.30691979283116605,128,26.99403378010937,128,27.138407525710953,128,0.0,128,0.0,128,0.0,128,0.0,128,0.0,128,0.0,128,0.0,128,0.2532311181124298,128,0.16413450410893834,128,0.3095151230817772,128,0.2285348891038032,128,0.29787779951169435,128,0.16536573776878238,128,0.0,128,0.0,128,0.0,128,,,,,,,128,1.1267069795856146,0.6103496482845849,128,0.7531928925366276,0.30691979283116605,0,,0,,,,,,,
3,val,rot90,pad_top,pad_top -> rot90,synthetic_pair_on_id_atomic_input,image_final_norm,128,1.1287456750531328,128,0.6104197787729359,128,6.391072834290089,128,8.261087712585095,128,0.0,128,0.7542328112926044,128,0.3073483643380133,128,7.276102023241541,128,7.321221237972727,128,0.0,128,0.0,128,0.0,128,0.0,128,0.0,128,0.0,128,0.0,128,0.24656311823891625,128,0.16328155381664033,128,0.30437080370656994,128,0.22653241696224963,128,0.2931460169090123,128,0.164533348869416,128,0.0,128,0.0,128,0.0,128,,,,,,,128,1.1287456750531328,0.6104197787729359,128,0.7542328112926044,0.3073483643380133,0,,0,,,,,,,
3,val,rot90,rot90,rot90 -> rot90,synthetic_pair_on_id_atomic_input,image_input_tokens,128,1.6897801750212893,128,1.3853469908727494,128,0.13624934684854112,128,0.14117549070718627,128,0.0,128,1.6897801750212893,128,1.3853469908727494,128,0.13624934684854112,128,0.14117549070718627,128,0.0,128,0.0,128,0.0,128,0.0,128,0.0,128,1.0,128,0.0,128,0.024715056735813798,128,0.024715056735813798,128,0.03221130591796827,128,0.03221130591796827,128,0.0257514351981995,128,0.0257514351981995,128,2.03125,128,2.0,128,0.03125,128,0.5,2,0.03652822071147927,2,0.03652822071147927,2,128,1.6897801750212893,1.3853469908727494,128,1.6897801750212893,1.3853469908727494,111,0.9616777848553013,0,,,,,,,
3,val,rot90,rot90,rot90 -> rot90,synthetic_pair_on_id_atomic_input,image_block_01,128,1.7239165889237853,128,1.5014496355047244,128,4.34583984212985,128,4.237863202951748,128,0.0,128,1.7239165889237853,128,1.5014496355047244,128,4.34583984212985,128,4.237863202951748,128,0.0,128,0.0,128,0.0,128,0.0,128,0.0,128,1.0,128,0.0,128,0.13554068610947503,128,0.13554068610947503,128,0.16128145424621176,128,0.16128145424621176,128,0.1359770362163205,128,0.1359770362163205,128,2.03125,128,2.0,128,0.03125,128,0.0,2,0.11906459381849702,2,0.11906459381849702,2,128,1.7239165889237853,1.5014496355047244,128,1.7239165889237853,1.5014496355047244,111,0.9616777848553013,0,,,,,,,
3,val,rot90,rot90,rot90 -> rot90,synthetic_pair_on_id_atomic_input,image_block_02,128,1.7264556030415041,128,1.5027272091451171,128,7.584224651684936,128,7.390388490058893,128,0.0,128,1.7264556030415041,128,1.5027272091451171,128,7.584224651684936,128,7.390388490058893,128,0.0,128,0.0,128,0.0,128,0.0,128,0.0,128,1.0,128,0.0,128,0.17409483936877782,128,0.17409483936877782,128,0.20704170004895908,128,0.20704170004895908,128,0.1770685166991841,128,0.1770685166991841,128,2.03125,128,2.0,128,0.03125,128,0.0,2,0.19738112719647433,2,0.19738112719647433,2,128,1.7264556030415041,1.5027272091451171,128,1.7264556030415041,1.5027272091451171,111,0.9616777848553013,0,,,,,,,
3,val,rot90,rot90,rot90 -> rot90,synthetic_pair_on_id_atomic_input,image_block_03,128,1.761880755565439,128,1.5596076631914548,128,11.509238500034478,128,11.692464892448822,128,0.0,128,1.761880755565439,128,1.5596076631914548,128,11.509238500034478,128,11.692464892448822,128,0.0,128,0.0,128,0.0,128,0.0,128,0.0,128,1.0,128,0.0,128,0.21435593792248844,128,0.21435593792248844,128,0.24799729940719678,128,0.24799729940719678,128,0.21448178577328303,128,0.21448178577328303,128,2.03125,128,2.0,128,0.03125,128,0.0,2,0.22615320435615122,2,0.22615320435615122,2,128,1.761880755565439,1.5596076631914548,128,1.761880755565439,1.5596076631914548,111,0.9616777848553013,0,,,,,,,
3,val,rot90,rot90,rot90 -> rot90,synthetic_pair_on_id_atomic_input,image_block_04,128,1.7624552476050246,128,1.5614747164458957,128,12.302487584990788,128,12.427758203306464,128,0.0,128,1.7624552476050246,128,1.5614747164458957,128,12.302487584990788,128,12.427758203306464,128,0.0,128,0.0,128,0.0,128,0.0,128,0.0,128,1.0,128,0.0,128,0.2074107899822238,128,0.2074107899822238,128,0.23994540060603708,128,0.23994540060603708,128,0.2071708919469221,128,0.2071708919469221,128,2.03125,128,2.0,128,0.03125,128,0.0,2,0.20872614707884263,2,0.20872614707884263,2,128,1.7624552476050246,1.5614747164458957,128,1.7624552476050246,1.5614747164458957,111,0.9616777848553013,0,,,,,,,
3,val,rot90,rot90,rot90 -> rot90,synthetic_pair_on_id_atomic_input,image_block_05,128,1.7719385931002072,128,1.577335302323227,128,15.892883479566219,128,16.07779732641243,128,0.0,128,1.7719385931002072,128,1.577335302323227,128,15.892883479566219,128,16.07779732641243,128,0.0,128,0.0,128,0.0,128,0.0,128,0.0,128,1.0,128,0.0,128,0.24107495525856035,128,0.24107495525856035,128,0.27356051852146385,128,0.27356051852146385,128,0.24073477344565425,128,0.24073477344565425,128,2.03125,128,2.0,128,0.03125,128,0.0,2,0.25615247120084417,2,0.25615247120084417,2,128,1.7719385931002072,1.577335302323227,128,1.7719385931002072,1.577335302323227,111,0.9616777848553013,0,,,,,,,
3,val,rot90,rot90,rot90 -> rot90,synthetic_pair_on_id_atomic_input,image_block_06,128,1.7853338978223654,128,1.6015992423156074,128,23.687146450484413,128,23.871162072471947,128,0.0,128,1.7853338978223654,128,1.6015992423156074,128,23.687146450484413,128,23.871162072471947,128,0.0,128,0.0,128,0.0,128,0.0,128,0.0,128,1.0,128,0.0,128,0.26097301725763833,128,0.26097301725763833,128,0.29389367362914404,128,0.29389367362914404,128,0.2603214317029128,128,0.2603214317029128,128,2.03125,128,2.0,128,0.03125,128,0.0,2,0.2722214237335181,2,0.2722214237335181,2,128,1.7853338978223654,1.6015992423156074,128,1.7853338978223654,1.6015992423156074,111,0.9616777848553013,0,,,,,,,
3,val,rot90,rot90,rot90 -> rot90,synthetic_pair_on_id_atomic_input,image_final_norm,128,1.7849470791397812,128,1.6009560880594327,128,6.419808820330788,128,6.460756260229676,128,0.0,128,1.7849470791397812,128,1.6009560880594327,128,6.419808820330788,128,6.460756260229676,128,0.0,128,0.0,128,0.0,128,0.0,128,0.0,128,1.0,128,0.0,128,0.2542420482191863,128,0.2542420482191863,128,0.28561506417974036,128,0.28561506417974036,128,0.25322641308136656,128,0.25322641308136656,128,2.03125,128,2.0,128,0.03125,128,0.0,2,0.26219894233497365,2,0.26219894233497365,2,128,1.7849470791397812,1.6009560880594327,128,1.7849470791397812,1.6009560880594327,111,0.9616777848553013,0,,,,,,,
3,val_ood,crop_bottom_side,rot90,rot90 -> crop_bottom_side,recorded_ood_composition,image_input_tokens,128,0.47141672004556145,128,0.11245951077375546,128,0.39982909038383885,128,0.39242483596911726,128,0.0,128,1.107418267872653,128,0.5920371224698109,128,0.16187197268481704,128,0.18477215342902642,128,0.0,128,0.0,128,0.0,128,0.0,128,0.0,128,0.0,128,0.0,128,0.026308118103446118,128,0.03124270573077051,128,0.03283515058631978,128,0.03343842867286766,128,0.026927761112002575,128,0.031304717773599604,128,0.0,128,0.0,128,0.0,128,,,,,,,128,0.47141672004556145,0.11245951077375546,128,1.107418267872653,0.5920371224698109,1000,0.2885233739819378,128,0.29480255785165355,,,,,,
3,val_ood,crop_bottom_side,rot90,rot90 -> crop_bottom_side,recorded_ood_composition,image_block_01,128,0.6041091238169705,128,0.18599686396908885,128,7.078156520526754,128,6.568784297989229,128,0.0,128,1.3162833503672342,128,0.7102166701128696,128,4.473930308613189,128,7.58941570103763,128,0.0,128,0.0,128,0.0,128,0.0,128,0.0,128,0.0,128,0.0,128,0.0897866865659338,128,0.14317981906943184,128,0.1560037083373066,128,0.20188399852843567,128,0.09645614469846854,128,0.1901844536179731,128,0.0,128,0.0,128,0.0,128,,,,,,,128,0.6041091238169705,0.18599686396908885,128,1.3162833503672342,0.7102166701128696,1000,0.2885233739819378,128,0.29480255785165355,,,,,,
3,val_ood,crop_bottom_side,rot90,rot90 -> crop_bottom_side,recorded_ood_composition,image_block_02,128,0.6329952867999395,128,0.203568455437386,128,10.420010279806565,128,9.63001858831548,128,0.0,128,1.2345637521725474,128,0.6432116502553574,128,7.749854972037502,128,11.99946481789284,128,0.0,128,0.0,128,0.0,128,0.0,128,0.0,128,0.0,128,0.0,128,0.11558681433518181,128,0.1829241853156646,128,0.2010021603933098,128,0.24099318941648648,128,0.1212130167277328,128,0.22533711951174656,128,0.0,128,0.0,128,0.0,128,,,,,,,128,0.6329952867999395,0.203568455437386,128,1.2345637521725474,0.6432116502553574,1000,0.2885233739819378,128,0.29480255785165355,,,,,,
3,val_ood,crop_bottom_side,rot90,rot90 -> crop_bottom_side,recorded_ood_composition,image_block_03,128,0.6466912582756359,128,0.21380594258545346,128,13.987364892288792,128,12.855511933490781,128,0.0,128,1.3501001249204307,128,0.743688671519722,128,11.49665649814283,128,20.207371835180084,128,0.0,128,0.0,128,0.0,128,0.0,128,0.0,128,0.0,128,0.0,128,0.15170371399900562,128,0.2201461874321606,128,0.24124134831824284,128,0.2760605076414644,128,0.15750738994174465,128,0.26088551750300876,128,0.0,128,0.0,128,0.0,128,,,,,,,128,0.6466912582756359,0.21380594258545346,128,1.3501001249204307,0.743688671519722,1000,0.2885233739819378,128,0.29480255785165355,,,,,,
3,val_ood,crop_bottom_side,rot90,rot90 -> crop_bottom_side,recorded_ood_composition,image_block_04,128,0.6411572399758196,128,0.2120231873967835,128,15.740135710685857,128,14.38077925319392,128,0.0,128,1.3590394176933884,128,0.7531934914812952,128,12.324178059989261,128,21.746063325996694,128,0.0,128,0.0,128,0.0,128,0.0,128,0.0,128,0.0,128,0.0,128,0.15933525345153032,128,0.21188260689339639,128,0.23775090861659215,128,0.2653353907170563,128,0.16694355396168625,128,0.24635029616119541,128,0.0,128,0.0,128,0.0,128,,,,,,,128,0.6411572399758196,0.2120231873967835,128,1.3590394176933884,0.7531934914812952,1000,0.2885233739819378,128,0.29480255785165355,,,,,,
3,val_ood,crop_bottom_side,rot90,rot90 -> crop_bottom_side,recorded_ood_composition,image_block_05,128,0.6634191867114301,128,0.2266948208590592,128,17.322462387097353,128,15.789501198545175,128,0.0,128,1.3124312577455424,128,0.7295140122823429,128,15.897364668489782,128,25.998858451308223,128,0.0,128,0.0,128,0.0,128,0.0,128,0.0,128,0.0,128,0.0,128,0.1695867157382242,128,0.24299106423255662,128,0.2656119694997988,128,0.28716482588532427,128,0.17833811767246593,128,0.2704821868570467,128,0.0,128,0.0,128,0.0,128,,,,,,,128,0.6634191867114301,0.2266948208590592,128,1.3124312577455424,0.7295140122823429,1000,0.2885233739819378,128,0.29480255785165355,,,,,,
3,val_ood,crop_bottom_side,rot90,rot90 -> crop_bottom_side,recorded_ood_composition,image_block_06,128,0.6790549556234668,128,0.2526218910145718,128,26.295861044418057,128,24.37625908171727,128,0.0,128,1.366056354137434,128,0.7770705779369296,128,23.198642559383487,128,39.68765271808559,128,0.0,128,0.0,128,0.0,128,0.0,128,0.0,128,0.0,128,0.0,128,0.20487364682995512,128,0.2620966969056746,128,0.30005183881908953,128,0.31741251601318154,128,0.2175005511452558,128,0.2886401824743362,128,0.0,128,0.0,128,0.0,128,,,,,,,128,0.6790549556234668,0.2526218910145718,128,1.366056354137434,0.7770705779369296,1000,0.2885233739819378,128,0.29480255785165355,,,,,,
3,val_ood,crop_bottom_side,rot90,rot90 -> crop_bottom_side,recorded_ood_composition,image_final_norm,128,0.6873113782110238,128,0.2600810924234628,128,7.048860007970592,128,6.542321539186042,128,0.0,128,1.363451764154052,128,0.7792143987011119,128,6.3066592755679896,128,10.598337929700495,128,0.0,128,0.0,128,0.0,128,0.0,128,0.0,128,0.0,128,0.0,128,0.19425197418290496,128,0.253884530732457,128,0.2829604347707741,128,0.3016252974874636,128,0.2068683295472143,128,0.27390744240049514,128,0.0,128,0.0,128,0.0,128,,,,,,,128,0.6873113782110238,0.2600810924234628,128,1.363451764154052,0.7792143987011119,1000,0.2885233739819378,128,0.29480255785165355,,,,,,
3,test,crop_bottom_side,crop_bottom_side,crop_bottom_side -> crop_bottom_side,synthetic_pair_on_id_atomic_input,image_input_tokens,128,0.9213935419181718,128,0.25462739756536656,125,0.3175761117286586,128,0.20886674031075053,128,0.0,128,0.9213935419181718,128,0.25462739756536656,125,0.3175761117286586,128,0.20886674031075053,128,0.0,128,0.0,128,0.0234375,128,0.0,128,0.0234375,128,1.0,128,0.0,128,0.021239780009856483,128,0.021239780009856483,128,0.02202868517558889,128,0.02202868517558889,128,0.017341781085568955,128,0.017341781085568955,128,2.09375,128,2.0,128,0.09375,128,1.0,3,0.018151906148526156,3,0.018151906148526156,3,125,0.8955069869242078,0.25462739756536656,125,0.8955069869242078,0.25462739756536656,111,0.9915849918180758,0,,,,,,,
3,test,crop_bottom_side,crop_bottom_side,crop_bottom_side -> crop_bottom_side,synthetic_pair_on_id_atomic_input,image_block_01,128,0.9977112326929737,128,0.42322053421382094,125,6.2894394456307285,128,5.368881354290979,128,0.0,128,0.9977112326929737,128,0.42322053421382094,125,6.2894394456307285,128,5.368881354290979,128,0.0,128,0.0,128,0.0234375,128,0.0,128,0.0234375,128,1.0,128,0.0,128,0.09622663081822201,128,0.09622663081822201,128,0.16696043201331578,128,0.16696043201331578,128,0.12805978779379978,128,0.12805978779379978,128,2.09375,128,2.0,128,0.09375,128,0.0,3,0.16379385125739832,3,0.16379385125739832,3,125,0.9736563022776051,0.42322053421382094,125,0.9736563022776051,0.42322053421382094,111,0.9915849918180758,0,,,,,,,
3,test,crop_bottom_side,crop_bottom_side,crop_bottom_side -> crop_bottom_side,synthetic_pair_on_id_atomic_input,image_block_02,128,1.0039483995452507,128,0.43732411692044676,125,9.313141573276289,128,8.288640812242955,128,0.0,128,1.0039483995452507,128,0.43732411692044676,125,9.313141573276289,128,8.288640812242955,128,0.0,128,0.0,128,0.0234375,128,0.0,128,0.0234375,128,1.0,128,0.0,128,0.12372167965379993,128,0.12372167965379993,128,0.2119880360692576,128,0.2119880360692576,128,0.1670001338463486,128,0.1670001338463486,128,2.09375,128,2.0,128,0.09375,128,0.0,3,0.18768228963620778,3,0.18768228963620778,3,125,0.9800431611343366,0.43732411692044676,125,0.9800431611343366,0.43732411692044676,111,0.9915849918180758,0,,,,,,,
3,test,crop_bottom_side,crop_bottom_side,crop_bottom_side -> crop_bottom_side,synthetic_pair_on_id_atomic_input,image_block_03,128,1.065147970899969,128,0.4964157067349363,125,12.512212452336641,128,11.431195576435304,128,0.0,128,1.065147970899969,128,0.4964157067349363,125,12.512212452336641,128,11.431195576435304,128,0.0,128,0.0,128,0.0234375,128,0.0,128,0.0234375,128,1.0,128,0.0,128,0.15859371031892266,128,0.15859371031892266,128,0.2551958262595042,128,0.2551958262595042,128,0.20552813034692735,128,0.20552813034692735,128,2.09375,128,2.0,128,0.09375,128,0.0,3,0.2133416845391797,3,0.2133416845391797,3,125,1.0427115222015682,0.4964157067349363,125,1.0427115222015682,0.4964157067349363,111,0.9915849918180758,0,,,,,,,
3,test,crop_bottom_side,crop_bottom_side,crop_bottom_side -> crop_bottom_side,synthetic_pair_on_id_atomic_input,image_block_04,128,1.0713509360409104,128,0.4987840865587171,125,13.944698881330599,128,12.382292357777606,128,0.0,128,1.0713509360409104,128,0.4987840865587171,125,13.944698881330599,128,12.382292357777606,128,0.0,128,0.0,128,0.0234375,128,0.0,128,0.0234375,128,1.0,128,0.0,128,0.16724960572382866,128,0.16724960572382866,128,0.27454900557892675,128,0.27454900557892675,128,0.22103576131154568,128,0.22103576131154568,128,2.09375,128,2.0,128,0.09375,128,0.0,3,0.22092483551812056,3,0.22092483551812056,3,125,1.0490633585058922,0.4987840865587171,125,1.0490633585058922,0.4987840865587171,111,0.9915849918180758,0,,,,,,,
3,test,crop_bottom_side,crop_bottom_side,crop_bottom_side -> crop_bottom_side,synthetic_pair_on_id_atomic_input,image_block_05,128,1.1050667864462682,128,0.5355745421048956,125,15.329595995316348,128,14.15668176713921,128,0.0,128,1.1050667864462682,128,0.5355745421048956,125,15.329595995316348,128,14.15668176713921,128,0.0,128,0.0,128,0.0234375,128,0.0,128,0.0234375,128,1.0,128,0.0,128,0.17710450292113092,128,0.17710450292113092,128,0.2895541083203398,128,0.2895541083203398,128,0.23621956474259803,128,0.23621956474259803,128,2.09375,128,2.0,128,0.09375,128,0.0,3,0.20848132355010596,3,0.20848132355010596,3,125,1.0835883893209783,0.5355745421048956,125,1.0835883893209783,0.5355745421048956,111,0.9915849918180758,0,,,,,,,
3,test,crop_bottom_side,crop_bottom_side,crop_bottom_side -> crop_bottom_side,synthetic_pair_on_id_atomic_input,image_block_06,128,1.1855171309313257,128,0.6308992210682391,125,22.91973195741729,128,19.122940238645583,128,0.0,128,1.1855171309313257,128,0.6308992210682391,125,22.91973195741729,128,19.122940238645583,128,0.0,128,0.0,128,0.0234375,128,0.0,128,0.0234375,128,1.0,128,0.0,128,0.2227042975096064,128,0.2227042975096064,128,0.38162668389804966,128,0.38162668389804966,128,0.3087586708655634,128,0.3087586708655634,128,2.09375,128,2.0,128,0.09375,128,0.0,3,0.316276440969896,3,0.316276440969896,3,125,1.1659695420736773,0.6308992210682391,125,1.1659695420736773,0.6308992210682391,111,0.9915849918180758,0,,,,,,,
3,test,crop_bottom_side,crop_bottom_side,crop_bottom_side -> crop_bottom_side,synthetic_pair_on_id_atomic_input,image_final_norm,128,1.196547703183395,128,0.6404258424608951,125,6.122414801602923,128,4.994931500004318,128,0.0,128,1.196547703183395,128,0.6404258424608951,125,6.122414801602923,128,4.994931500004318,128,0.0,128,0.0,128,0.0234375,128,0.0,128,0.0234375,128,1.0,128,0.0,128,0.21160603782648224,128,0.21160603782648224,128,0.3515636585274444,128,0.3515636585274444,128,0.2865555643933588,128,0.2865555643933588,128,2.09375,128,2.0,128,0.09375,128,0.0,3,0.29367814394413355,3,0.29367814394413355,3,125,1.1772648480597967,0.6404258424608951,125,1.1772648480597967,0.6404258424608951,111,0.9915849918180758,0,,,,,,,
3,test,crop_bottom_side,pad_top,pad_top -> crop_bottom_side,synthetic_pair_on_id_atomic_input,image_input_tokens,128,0.3912626606743934,128,0.05006309998006006,128,0.32486173819801145,128,0.43330886596979457,128,0.0,128,1.2502622276559684e-15,128,5.377642775528102e-17,128,0.31493782857630426,128,0.3149378285763043,128,0.0,128,0.0,128,0.0,128,0.0,128,0.0,128,0.2578125,128,0.2578125,128,0.021468421393985252,128,0.03127616632771676,128,0.038962164470078026,128,0.03994514407850941,128,0.0292982730095501,128,0.029829186010631396,128,0.2578125,128,0.0,128,0.2578125,128,1.0,33,0.010340245795568212,33,0.010340245795568212,33,128,0.3912626606743934,0.05006309998006006,128,1.2502622276559684e-15,5.377642775528102e-17,111,1.0,0,,0.4329059437746386,33,0.06814537295593626,33,0.010340245795568212,33
3,test,crop_bottom_side,pad_top,pad_top -> crop_bottom_side,synthetic_pair_on_id_atomic_input,image_block_01,128,0.5447437053409319,128,0.11411429771874543,128,6.3044792943894015,128,7.845863005294238,128,0.0,128,0.19089683763048673,128,0.016255308710350757,128,8.954626945474347,128,9.69011798440761,128,0.0,128,0.0,128,0.0,128,0.0,128,0.0,128,0.2578125,128,0.2578125,128,0.09649900062991523,128,0.06469326802421693,128,0.11757241767867696,128,0.10660069878723522,128,0.10230725907164183,128,0.07173687979923082,128,0.2578125,128,0.0,128,0.2578125,128,0.18181818181818182,33,0.059129212833197005,33,0.059129212833197005,33,128,0.5447437053409319,0.11411429771874543,128,0.19089683763048673,0.016255308710350757,111,1.0,0,,16.50125125618297,33,0.5788845095197347,33,0.059129212833197005,33
3,test,crop_bottom_side,pad_top,pad_top -> crop_bottom_side,synthetic_pair_on_id_atomic_input,image_block_02,128,0.5766697162852499,128,0.13463682445150008,128,9.357186392195093,128,11.479890905600813,128,0.0,128,0.260864019554532,128,0.032158766264949165,128,11.953305396634862,128,12.96365835218888,128,0.0,128,0.0,128,0.0,128,0.0,128,0.0,128,0.2578125,128,0.2578125,128,0.12369146708923218,128,0.08813814660608504,128,0.147859674191802,128,0.13495716284625736,128,0.1298685144684977,128,0.09664908096735249,128,0.2578125,128,0.0,128,0.2578125,128,0.0,33,0.1003177280956858,33,0.1003177280956858,33,128,0.5766697162852499,0.13463682445150008,128,0.260864019554532,0.032158766264949165,111,1.0,0,,24.06616454970165,33,0.6599893560868577,33,0.1003177280956858,33
3,test,crop_bottom_side,pad_top,pad_top -> crop_bottom_side,synthetic_pair_on_id_atomic_input,image_block_03,128,0.6233875606017281,128,0.16609981963332615,128,12.597696103069794,128,14.735388738892146,128,0.0,128,0.34634754656105626,128,0.06693449597308505,128,16.313003304751646,128,16.842250521229534,128,0.0,128,0.0,128,0.0,128,0.0,128,0.0,128,0.2578125,128,0.2578125,128,0.1596529502365083,128,0.11214228416029176,128,0.18128675976923295,128,0.16489169562850045,128,0.16661555096475278,128,0.1259293271308129,128,0.2578125,128,0.0,128,0.2578125,128,0.0,33,0.14558802303767127,33,0.14558802303767127,33,128,0.6233875606017281,0.16609981963332615,128,0.34634754656105626,0.06693449597308505,111,1.0,0,,33.69441612437777,33,0.7859781839378515,33,0.14558802303767127,33
3,test,crop_bottom_side,pad_top,pad_top -> crop_bottom_side,synthetic_pair_on_id_atomic_input,image_block_04,128,0.6177358483329938,128,0.16273443920432284,128,14.009659937452916,128,16.428399649969013,128,0.0,128,0.3652593620062415,128,0.074071955601927,128,17.415829305525715,128,17.88189468500055,128,0.0,128,0.0,128,0.0,128,0.0,128,0.0,128,0.2578125,128,0.2578125,128,0.16738868999693957,128,0.11607706252621974,128,0.19379535375243132,128,0.17339657312334517,128,0.1822165660413669,128,0.13330091430288377,128,0.2578125,128,0.0,128,0.2578125,128,0.0,33,0.16952170260285915,33,0.16952170260285915,33,128,0.6177358483329938,0.16273443920432284,128,0.3652593620062415,0.074071955601927,111,1.0,0,,28.610556340423106,33,0.6686006676942176,33,0.16952170260285915,33
3,test,crop_bottom_side,pad_top,pad_top -> crop_bottom_side,synthetic_pair_on_id_atomic_input,image_block_05,128,0.6479675216597205,128,0.1819621122739648,128,15.399927807877159,128,18.229479687060806,128,0.0,128,0.3604025719486138,128,0.0727466387713791,128,21.346302214951976,128,21.42478935785497,128,0.0,128,0.0,128,0.0,128,0.0,128,0.0,128,0.2578125,128,0.2578125,128,0.1778932397580114,128,0.13833442088281617,128,0.21230199223697777,128,0.1917742966168712,128,0.1932857734250258,128,0.15305878972579315,128,0.2578125,128,0.0,128,0.2578125,128,0.0,33,0.20141465704722245,33,0.20141465704722245,33,128,0.6479675216597205,0.1819621122739648,128,0.3604025719486138,0.0727466387713791,111,1.0,0,,31.59944490225882,33,0.7049376229734389,33,0.20141465704722245,33
3,test,crop_bottom_side,pad_top,pad_top -> crop_bottom_side,synthetic_pair_on_id_atomic_input,image_block_06,128,0.6780669544909702,128,0.21865242824228664,128,23.094141916128095,128,26.530748632557085,128,0.0,128,0.5141108742736167,128,0.1460808996206715,128,25.90821979389672,128,25.95180264239211,128,0.0,128,0.0,128,0.0,128,0.0,128,0.0,128,0.2578125,128,0.2578125,128,0.22415287894429792,128,0.1672746397363099,128,0.2631882416676591,128,0.24787244944983797,128,0.2395593994078466,128,0.19889651886805484,128,0.2578125,128,0.0,128,0.2578125,128,0.0,33,0.2941269694960089,33,0.2941269694960089,33,128,0.6780669544909702,0.21865242824228664,128,0.5141108742736167,0.1460808996206715,111,1.0,0,,47.1504501455846,33,0.9495146840921249,33,0.2941269694960089,33
3,test,crop_bottom_side,pad_top,pad_top -> crop_bottom_side,synthetic_pair_on_id_atomic_input,image_final_norm,128,0.6900471928169485,128,0.22483257274241486,128,6.1423784831484,128,7.163622041931608,128,0.0,128,0.5258000106727342,128,0.15174359579435628,128,7.0153849960820915,128,6.833723033380597,128,0.0,128,0.0,128,0.0,128,0.0,128,0.0,128,0.2578125,128,0.2578125,128,0.2126602083114144,128,0.1660202170191002,128,0.2544633201245537,128,0.23924230003967406,128,0.23259748991673518,128,0.19300249986283857,128,0.2578125,128,0.0,128,0.2578125,128,0.0,33,0.2819162951502121,33,0.2819162951502121,33,128,0.6900471928169485,0.22483257274241486,128,0.5258000106727342,0.15174359579435628,111,1.0,0,,19.990803499304622,33,0.9350742605137666,33,0.2819162951502121,33
3,test,crop_bottom_side,rot90,rot90 -> crop_bottom_side,synthetic_pair_on_id_atomic_input,image_input_tokens,128,0.4477680738037487,128,0.09955139052245987,128,0.3178085739361334,128,0.31907889546750606,128,0.0,128,1.0976539210683556,128,0.5878266864130421,128,0.15272889742803414,128,0.1633598878423388,128,0.0,128,0.0,128,0.0,128,0.0,128,0.0,128,0.0,128,0.0,128,0.021386767898885224,128,0.028332619920531578,128,0.0269769047610106,128,0.027810382475330638,128,0.021191675808532602,128,0.026937525820914042,128,0.0078125,128,0.0,128,0.0078125,128,1.0,1,0.011844487064925172,1,0.011844487064925172,1,128,0.4477680738037487,0.09955139052245987,128,1.0976539210683556,0.5878266864130421,0,,0,,,,,,,
3,test,crop_bottom_side,rot90,rot90 -> crop_bottom_side,synthetic_pair_on_id_atomic_input,image_block_01,128,0.6003040812812843,128,0.1873660263743643,128,6.285739307458671,128,6.183382999842877,128,0.0,128,1.220461171041487,128,0.6436618692807506,128,4.314027598827477,128,7.321912986705904,128,0.0,128,0.0,128,0.0,128,0.0,128,0.0,128,0.0,128,0.0,128,0.09646306909637285,128,0.137457007757219,128,0.15395089096405107,128,0.19885931304507484,128,0.09202199645205231,128,0.18546793349734172,128,0.0078125,128,0.0,128,0.0078125,128,0.0,1,0.10008360871764527,1,0.10008360871764527,1,128,0.6003040812812843,0.1873660263743643,128,1.220461171041487,0.6436618692807506,0,,0,,,,,,,
3,test,crop_bottom_side,rot90,rot90 -> crop_bottom_side,synthetic_pair_on_id_atomic_input,image_block_02,128,0.6292070916923724,128,0.20257538214213525,128,9.325785828134714,128,9.247795515045095,128,0.0,128,1.1486686628446505,128,0.58989620380982,128,7.426199175533234,128,11.718867776198131,128,0.0,128,0.0,128,0.0,128,0.0,128,0.0,128,0.0,128,0.0,128,0.12415996625358229,128,0.1785826943041101,128,0.20181087196927383,128,0.24587316134081877,128,0.12339149935639117,128,0.22406723361084668,128,0.0078125,128,0.0,128,0.0078125,128,0.0,1,0.12737785568097595,1,0.12737785568097595,1,128,0.6292070916923724,0.20257538214213525,128,1.1486686628446505,0.58989620380982,0,,0,,,,,,,
3,test,crop_bottom_side,rot90,rot90 -> crop_bottom_side,synthetic_pair_on_id_atomic_input,image_block_03,128,0.6728133180063679,128,0.22995521369676722,128,12.726944019752988,128,12.483701362799685,128,0.0,128,1.2748721061807131,128,0.6977089801094112,128,11.042334340204581,128,19.148357585953825,128,0.0,128,0.0,128,0.0,128,0.0,128,0.0,128,0.0,128,0.0,128,0.1621807547064275,128,0.2132670914457751,128,0.2364350778506311,128,0.279039903906233,128,0.15703981080950358,128,0.2528896136227287,128,0.0078125,128,0.0,128,0.0078125,128,0.0,1,0.16500373243973704,1,0.16500373243973704,1,128,0.6728133180063679,0.22995521369676722,128,1.2748721061807131,0.6977089801094112,0,,0,,,,,,,
3,test,crop_bottom_side,rot90,rot90 -> crop_bottom_side,synthetic_pair_on_id_atomic_input,image_block_04,128,0.6665260452219481,128,0.2270851591434305,128,14.143594447752218,128,13.897583672983345,128,0.0,128,1.2850472010421523,128,0.708149427301393,128,11.750403413844426,128,20.545680545306503,128,0.0,128,0.0,128,0.0,128,0.0,128,0.0,128,0.0,128,0.0,128,0.17077436362687476,128,0.2062215502359928,128,0.23432959299579725,128,0.26914912783670103,128,0.16536637005022825,128,0.23834090712379857,128,0.0078125,128,0.0,128,0.0078125,128,0.0,1,0.1563884639450378,1,0.1563884639450378,1,128,0.6665260452219481,0.2270851591434305,128,1.2850472010421523,0.708149427301393,0,,0,,,,,,,
3,test,crop_bottom_side,rot90,rot90 -> crop_bottom_side,synthetic_pair_on_id_atomic_input,image_block_05,128,0.6890630614367297,128,0.24217943666123498,128,15.533463415590386,128,15.16846897081463,128,0.0,128,1.2382955395527824,128,0.6796401081897205,128,15.12705943755887,128,24.74743624326408,128,0.0,128,0.0,128,0.0,128,0.0,128,0.0,128,0.0,128,0.0,128,0.18072232732982862,128,0.23843416317229146,128,0.26368250005188953,128,0.2904313294375832,128,0.1786448812440386,128,0.2653308715826037,128,0.0078125,128,0.0,128,0.0078125,128,0.0,1,0.1737768140479218,1,0.1737768140479218,1,128,0.6890630614367297,0.24217943666123498,128,1.2382955395527824,0.6796401081897205,0,,0,,,,,,,
3,test,crop_bottom_side,rot90,rot90 -> crop_bottom_side,synthetic_pair_on_id_atomic_input,image_block_06,128,0.7007196994516668,128,0.2667741767567979,128,23.357697619344506,128,23.135266636850574,128,0.0,128,1.2864401314510232,128,0.72051710270121,128,21.86613294755781,128,37.70857335326993,128,0.0,128,0.0,128,0.0,128,0.0,128,0.0,128,0.0,128,0.0,128,0.2252714790135547,128,0.25775401110648555,128,0.300878555913206,128,0.32306157385246764,128,0.22438698854102196,128,0.28647811714501775,128,0.0078125,128,0.0,128,0.0078125,128,0.0,1,0.2227684834850375,1,0.2227684834850375,1,128,0.7007196994516668,0.2667741767567979,128,1.2864401314510232,0.72051710270121,0,,0,,,,,,,
3,test,crop_bottom_side,rot90,rot90 -> crop_bottom_side,synthetic_pair_on_id_atomic_input,image_final_norm,128,0.7093754144191482,128,0.27341832520774767,128,6.2501938880279475,128,6.192099938986287,128,0.0,128,1.2840888333806693,128,0.7225353110356559,128,5.916242612550127,128,10.012680451434495,128,0.0,128,0.0,128,0.0,128,0.0,128,0.0,128,0.0,128,0.0,128,0.2139565136920424,128,0.2508933985014372,128,0.2838965727769147,128,0.30767970664610644,128,0.21389919172990618,128,0.2724705916977767,128,0.0078125,128,0.0,128,0.0078125,128,0.0,1,0.19857161517585573,1,0.19857161517585573,1,128,0.7093754144191482,0.27341832520774767,128,1.2840888333806693,0.7225353110356559,0,,0,,,,,,,
3,test,pad_top,crop_bottom_side,crop_bottom_side -> pad_top,synthetic_pair_on_id_atomic_input,image_input_tokens,128,1.2502622276559684e-15,128,5.377642775528102e-17,128,0.31493782857630426,128,0.3149378285763043,128,0.0,128,0.3912626606743934,128,0.05006309998006006,128,0.32486173819801145,128,0.43330886596979457,128,0.0,128,0.0,128,0.0,128,0.0,128,0.0,128,0.2578125,128,0.2578125,128,0.03127616632771676,128,0.021468421393985252,128,0.03994514407850941,128,0.038962164470078026,128,0.029829186010631396,128,0.0292982730095501,128,0.2578125,128,0.0,128,0.2578125,128,1.0,33,0.010340245795568212,33,0.010340245795568212,33,128,1.2502622276559684e-15,5.377642775528102e-17,128,0.3912626606743934,0.05006309998006006,0,,0,,0.4329059437746386,33,0.06814537295593626,33,0.010340245795568212,33
3,test,pad_top,crop_bottom_side,crop_bottom_side -> pad_top,synthetic_pair_on_id_atomic_input,image_block_01,128,0.19089683763048673,128,0.016255308710350757,128,8.954626945474347,128,9.69011798440761,128,0.0,128,0.5447437053409319,128,0.11411429771874543,128,6.3044792943894015,128,7.845863005294238,128,0.0,128,0.0,128,0.0,128,0.0,128,0.0,128,0.2578125,128,0.2578125,128,0.06469326802421693,128,0.09649900062991523,128,0.10660069878723522,128,0.11757241767867696,128,0.07173687979923082,128,0.10230725907164183,128,0.2578125,128,0.0,128,0.2578125,128,0.18181818181818182,33,0.059129212833197005,33,0.059129212833197005,33,128,0.19089683763048673,0.016255308710350757,128,0.5447437053409319,0.11411429771874543,0,,0,,16.50125125618297,33,0.5788845095197347,33,0.059129212833197005,33
3,test,pad_top,crop_bottom_side,crop_bottom_side -> pad_top,synthetic_pair_on_id_atomic_input,image_block_02,128,0.260864019554532,128,0.032158766264949165,128,11.953305396634862,128,12.96365835218888,128,0.0,128,0.5766697162852499,128,0.13463682445150008,128,9.357186392195093,128,11.479890905600813,128,0.0,128,0.0,128,0.0,128,0.0,128,0.0,128,0.2578125,128,0.2578125,128,0.08813814660608504,128,0.12369146708923218,128,0.13495716284625736,128,0.147859674191802,128,0.09664908096735249,128,0.1298685144684977,128,0.2578125,128,0.0,128,0.2578125,128,0.0,33,0.1003177280956858,33,0.1003177280956858,33,128,0.260864019554532,0.032158766264949165,128,0.5766697162852499,0.13463682445150008,0,,0,,24.06616454970165,33,0.6599893560868577,33,0.1003177280956858,33
3,test,pad_top,crop_bottom_side,crop_bottom_side -> pad_top,synthetic_pair_on_id_atomic_input,image_block_03,128,0.34634754656105626,128,0.06693449597308505,128,16.313003304751646,128,16.842250521229534,128,0.0,128,0.6233875606017281,128,0.16609981963332615,128,12.597696103069794,128,14.735388738892146,128,0.0,128,0.0,128,0.0,128,0.0,128,0.0,128,0.2578125,128,0.2578125,128,0.11214228416029176,128,0.1596529502365083,128,0.16489169562850045,128,0.18128675976923295,128,0.1259293271308129,128,0.16661555096475278,128,0.2578125,128,0.0,128,0.2578125,128,0.0,33,0.14558802303767127,33,0.14558802303767127,33,128,0.34634754656105626,0.06693449597308505,128,0.6233875606017281,0.16609981963332615,0,,0,,33.69441612437777,33,0.7859781839378515,33,0.14558802303767127,33
3,test,pad_top,crop_bottom_side,crop_bottom_side -> pad_top,synthetic_pair_on_id_atomic_input,image_block_04,128,0.3652593620062415,128,0.074071955601927,128,17.415829305525715,128,17.88189468500055,128,0.0,128,0.6177358483329938,128,0.16273443920432284,128,14.009659937452916,128,16.428399649969013,128,0.0,128,0.0,128,0.0,128,0.0,128,0.0,128,0.2578125,128,0.2578125,128,0.11607706252621974,128,0.16738868999693957,128,0.17339657312334517,128,0.19379535375243132,128,0.13330091430288377,128,0.1822165660413669,128,0.2578125,128,0.0,128,0.2578125,128,0.0,33,0.16952170260285915,33,0.16952170260285915,33,128,0.3652593620062415,0.074071955601927,128,0.6177358483329938,0.16273443920432284,0,,0,,28.610556340423106,33,0.6686006676942176,33,0.16952170260285915,33
3,test,pad_top,crop_bottom_side,crop_bottom_side -> pad_top,synthetic_pair_on_id_atomic_input,image_block_05,128,0.3604025719486138,128,0.0727466387713791,128,21.346302214951976,128,21.42478935785497,128,0.0,128,0.6479675216597205,128,0.1819621122739648,128,15.399927807877159,128,18.229479687060806,128,0.0,128,0.0,128,0.0,128,0.0,128,0.0,128,0.2578125,128,0.2578125,128,0.13833442088281617,128,0.1778932397580114,128,0.1917742966168712,128,0.21230199223697777,128,0.15305878972579315,128,0.1932857734250258,128,0.2578125,128,0.0,128,0.2578125,128,0.0,33,0.20141465704722245,33,0.20141465704722245,33,128,0.3604025719486138,0.0727466387713791,128,0.6479675216597205,0.1819621122739648,0,,0,,31.59944490225882,33,0.7049376229734389,33,0.20141465704722245,33
3,test,pad_top,crop_bottom_side,crop_bottom_side -> pad_top,synthetic_pair_on_id_atomic_input,image_block_06,128,0.5141108742736167,128,0.1460808996206715,128,25.90821979389672,128,25.95180264239211,128,0.0,128,0.6780669544909702,128,0.21865242824228664,128,23.094141916128095,128,26.530748632557085,128,0.0,128,0.0,128,0.0,128,0.0,128,0.0,128,0.2578125,128,0.2578125,128,0.1672746397363099,128,0.22415287894429792,128,0.24787244944983797,128,0.2631882416676591,128,0.19889651886805484,128,0.2395593994078466,128,0.2578125,128,0.0,128,0.2578125,128,0.0,33,0.2941269694960089,33,0.2941269694960089,33,128,0.5141108742736167,0.1460808996206715,128,0.6780669544909702,0.21865242824228664,0,,0,,47.1504501455846,33,0.9495146840921249,33,0.2941269694960089,33
3,test,pad_top,crop_bottom_side,crop_bottom_side -> pad_top,synthetic_pair_on_id_atomic_input,image_final_norm,128,0.5258000106727342,128,0.15174359579435628,128,7.0153849960820915,128,6.833723033380597,128,0.0,128,0.6900471928169485,128,0.22483257274241486,128,6.1423784831484,128,7.163622041931608,128,0.0,128,0.0,128,0.0,128,0.0,128,0.0,128,0.2578125,128,0.2578125,128,0.1660202170191002,128,0.2126602083114144,128,0.23924230003967406,128,0.2544633201245537,128,0.19300249986283857,128,0.23259748991673518,128,0.2578125,128,0.0,128,0.2578125,128,0.0,33,0.2819162951502121,33,0.2819162951502121,33,128,0.5258000106727342,0.15174359579435628,128,0.6900471928169485,0.22483257274241486,0,,0,,19.990803499304622,33,0.9350742605137666,33,0.2819162951502121,33
3,test,pad_top,pad_top,pad_top -> pad_top,synthetic_pair_on_id_atomic_input,image_input_tokens,128,0.5641802166791281,128,0.1387368055956159,128,0.2971215205658647,128,0.3198674901103087,128,0.0,128,0.5641802166791281,128,0.1387368055956159,128,0.2971215205658647,128,0.3198674901103087,128,0.0,128,0.0,128,0.0,128,0.0,128,0.0,128,1.0,128,0.0,128,0.03246576883208328,128,0.03246576883208328,128,0.06118573244734743,128,0.06118573244734743,128,0.034065166445930925,128,0.034065166445930925,128,2.0,128,2.0,128,0.0,128,,,,,,,128,0.5641802166791281,0.1387368055956159,128,0.5641802166791281,0.1387368055956159,111,0.9929794357703613,0,,,,,,,
3,test,pad_top,pad_top,pad_top -> pad_top,synthetic_pair_on_id_atomic_input,image_block_01,128,0.5419176875392486,128,0.1367419277900579,128,8.714546352653894,128,7.8022303284415,128,0.0,128,0.5419176875392486,128,0.1367419277900579,128,8.714546352653894,128,7.8022303284415,128,0.0,128,0.0,128,0.0,128,0.0,128,0.0,128,1.0,128,0.0,128,0.06550414474402398,128,0.06550414474402398,128,0.08901035734577814,128,0.08901035734577814,128,0.059348520228507395,128,0.059348520228507395,128,2.0,128,2.0,128,0.0,128,,,,,,,128,0.5419176875392486,0.1367419277900579,128,0.5419176875392486,0.1367419277900579,111,0.9929794357703613,0,,,,,,,
3,test,pad_top,pad_top,pad_top -> pad_top,synthetic_pair_on_id_atomic_input,image_block_02,128,0.75529458964203,128,0.25007424749800167,128,12.03373209992062,128,9.096399507268128,128,0.0,128,0.75529458964203,128,0.25007424749800167,128,12.03373209992062,128,9.096399507268128,128,0.0,128,0.0,128,0.0,128,0.0,128,0.0,128,1.0,128,0.0,128,0.08787967726814508,128,0.08787967726814508,128,0.11604891086366269,128,0.11604891086366269,128,0.08420538948929371,128,0.08420538948929371,128,2.0,128,2.0,128,0.0,128,,,,,,,128,0.75529458964203,0.25007424749800167,128,0.75529458964203,0.25007424749800167,111,0.9929794357703613,0,,,,,,,
3,test,pad_top,pad_top,pad_top -> pad_top,synthetic_pair_on_id_atomic_input,image_block_03,128,1.0994529262190738,128,0.5563296824372618,128,16.38406090114329,128,10.980272019137962,128,0.0,128,1.0994529262190738,128,0.5563296824372618,128,16.38406090114329,128,10.980272019137962,128,0.0,128,0.0,128,0.0,128,0.0,128,0.0,128,1.0,128,0.0,128,0.11087987474782678,128,0.11087987474782678,128,0.15177840248437,128,0.15177840248437,128,0.1173912579514492,128,0.1173912579514492,128,2.0,128,2.0,128,0.0,128,,,,,,,128,1.0994529262190738,0.5563296824372618,128,1.0994529262190738,0.5563296824372618,111,0.9929794357703613,0,,,,,,,
3,test,pad_top,pad_top,pad_top -> pad_top,synthetic_pair_on_id_atomic_input,image_block_04,128,1.1206858541183031,128,0.5857262089946083,128,17.491675674701437,128,11.944845521010762,128,0.0,128,1.1206858541183031,128,0.5857262089946083,128,17.491675674701437,128,11.944845521010762,128,0.0,128,0.0,128,0.0,128,0.0,128,0.0,128,1.0,128,0.0,128,0.1142660558385803,128,0.1142660558385803,128,0.15771108976859938,128,0.15771108976859938,128,0.12496178595310292,128,0.12496178595310292,128,2.0,128,2.0,128,0.0,128,,,,,,,128,1.1206858541183031,0.5857262089946083,128,1.1206858541183031,0.5857262089946083,111,0.9929794357703613,0,,,,,,,
3,test,pad_top,pad_top,pad_top -> pad_top,synthetic_pair_on_id_atomic_input,image_block_05,128,1.309582216048897,128,0.8300563808225279,128,21.389732552273845,128,15.04295876427662,128,0.0,128,1.309582216048897,128,0.8300563808225279,128,21.389732552273845,128,15.04295876427662,128,0.0,128,0.0,128,0.0,128,0.0,128,0.0,128,1.0,128,0.0,128,0.136141682916322,128,0.136141682916322,128,0.18391843753713022,128,0.18391843753713022,128,0.15079442571882148,128,0.15079442571882148,128,2.0,128,2.0,128,0.0,128,,,,,,,128,1.309582216048897,0.8300563808225279,128,1.309582216048897,0.8300563808225279,111,0.9929794357703613,0,,,,,,,
3,test,pad_top,pad_top,pad_top -> pad_top,synthetic_pair_on_id_atomic_input,image_block_06,128,1.3054171872451872,128,0.823880129766468,128,25.98691318284172,128,18.68105466628477,128,0.0,128,1.3054171872451872,128,0.823880129766468,128,25.98691318284172,128,18.68105466628477,128,0.0,128,0.0,128,0.0,128,0.0,128,0.0,128,1.0,128,0.0,128,0.1624114129710531,128,0.1624114129710531,128,0.23271132313307977,128,0.23271132313307977,128,0.18927035759417024,128,0.18927035759417024,128,2.0,128,2.0,128,0.0,128,,,,,,,128,1.3054171872451872,0.823880129766468,128,1.3054171872451872,0.823880129766468,111,0.9929794357703613,0,,,,,,,
3,test,pad_top,pad_top,pad_top -> pad_top,synthetic_pair_on_id_atomic_input,image_final_norm,128,1.3058233277150713,128,0.8245152519319208,128,6.983357916567145,128,5.055877745001185,128,0.0,128,1.3058233277150713,128,0.8245152519319208,128,6.983357916567145,128,5.055877745001185,128,0.0,128,0.0,128,0.0,128,0.0,128,0.0,128,1.0,128,0.0,128,0.1609750792930996,128,0.1609750792930996,128,0.23560464168484035,128,0.23560464168484035,128,0.19196283306616668,128,0.19196283306616668,128,2.0,128,2.0,128,0.0,128,,,,,,,128,1.3058233277150713,0.8245152519319208,128,1.3058233277150713,0.8245152519319208,111,0.9929794357703613,0,,,,,,,
3,test,pad_top,rot90,rot90 -> pad_top,synthetic_pair_on_id_atomic_input,image_input_tokens,128,0.124334668695158,128,0.015846406483517456,128,0.3182924035025003,128,0.31740158962325393,128,0.0,128,1.3263778729775804,128,0.7454769321311729,128,0.14606204245128257,128,0.260487271536543,128,0.0,128,0.0,128,0.0,128,0.0,128,0.0,128,0.0,128,0.0,128,0.031424701662059996,128,0.02724041038023624,128,0.04386345012638688,128,0.05096859358772264,128,0.0317679291103628,128,0.042712552219625034,128,0.0,128,0.0,128,0.0,128,,,,,,,128,0.124334668695158,0.015846406483517456,128,1.3263778729775804,0.7454769321311729,111,0.9897045439428037,0,,,,,,,
3,test,pad_top,rot90,rot90 -> pad_top,synthetic_pair_on_id_atomic_input,image_block_01,128,0.2293684203081357,128,0.03373702576944075,128,9.170442842147718,128,9.16788269650067,128,0.0,128,1.1005971920167186,128,0.5265761352169571,128,4.213653922748233,128,5.695363830590006,128,0.0,128,0.0,128,0.0,128,0.0,128,0.0,128,0.0,128,0.0,128,0.06527036186523774,128,0.13505766999282898,128,0.13117130985483855,128,0.1630022623706314,128,0.0626139350326005,128,0.16036590393351058,128,0.0,128,0.0,128,0.0,128,,,,,,,128,0.2293684203081357,0.03373702576944075,128,1.1005971920167186,0.5265761352169571,111,0.9897045439428037,0,,,,,,,
3,test,pad_top,rot90,rot90 -> pad_top,synthetic_pair_on_id_atomic_input,image_block_02,128,0.3657010084266023,128,0.07578770750085982,128,12.298059215178935,128,12.265716815117994,128,0.0,128,1.0858264640035598,128,0.543125376157614,128,7.398928020117246,128,9.487122775895472,128,0.0,128,0.0,128,0.0,128,0.0,128,0.0,128,0.0,128,0.0,128,0.08858586477330777,128,0.1784723948353683,128,0.1615335070999795,128,0.2079485077280111,128,0.08699781140937464,128,0.20355973527753696,128,0.0,128,0.0,128,0.0,128,,,,,,,128,0.3657010084266023,0.07578770750085982,128,1.0858264640035598,0.543125376157614,111,0.9897045439428037,0,,,,,,,
3,test,pad_top,rot90,rot90 -> pad_top,synthetic_pair_on_id_atomic_input,image_block_03,128,0.4521174896345931,128,0.11839271689579832,128,16.664924267235243,128,16.724031076822953,128,0.0,128,1.1475174789178277,128,0.5886224219522624,128,11.05938831139709,128,15.651142018398332,128,0.0,128,0.0,128,0.0,128,0.0,128,0.0,128,0.0,128,0.0,128,0.11145192840823942,128,0.20986079766711954,128,0.18509017937469494,128,0.2577672562175968,128,0.10964242533824337,128,0.24688752682009163,128,0.0,128,0.0,128,0.0,128,,,,,,,128,0.4521174896345931,0.11839271689579832,128,1.1475174789178277,0.5886224219522624,111,0.9897045439428037,0,,,,,,,
3,test,pad_top,rot90,rot90 -> pad_top,synthetic_pair_on_id_atomic_input,image_block_04,128,0.4489198137645941,128,0.11614947373323273,128,17.80123213202794,128,17.79523671716923,128,0.0,128,1.1550845250638373,128,0.5891909278404642,128,11.787979798254945,128,17.24588255686279,128,0.0,128,0.0,128,0.0,128,0.0,128,0.0,128,0.0,128,0.0,128,0.11616072800019046,128,0.2031274827407652,128,0.18235189703638258,128,0.2537635914238774,128,0.11484252063350063,128,0.24961394033139367,128,0.0,128,0.0,128,0.0,128,,,,,,,128,0.4489198137645941,0.11614947373323273,128,1.1550845250638373,0.5891909278404642,111,0.9897045439428037,0,,,,,,,
3,test,pad_top,rot90,rot90 -> pad_top,synthetic_pair_on_id_atomic_input,image_block_05,128,0.5664119239084413,128,0.17699522460865202,128,21.8666848400155,128,21.729128500857293,128,0.0,128,1.1760490084310873,128,0.611226175128939,128,14.932140728198355,128,22.398578442581737,128,0.0,128,0.0,128,0.0,128,0.0,128,0.0,128,0.0,128,0.0,128,0.13967608414521726,128,0.23559418032094032,128,0.21109740711644193,128,0.28698849576716157,128,0.13774387490949022,128,0.2798127208570747,128,0.0,128,0.0,128,0.0,128,,,,,,,128,0.5664119239084413,0.17699522460865202,128,1.1760490084310873,0.611226175128939,111,0.9897045439428037,0,,,,,,,
3,test,pad_top,rot90,rot90 -> pad_top,synthetic_pair_on_id_atomic_input,image_block_06,128,0.6539362363916357,128,0.23852972785393436,128,26.678070740297123,128,26.360511993215383,128,0.0,128,1.1445141394416376,128,0.591728211549192,128,21.498606844339797,128,30.102975936739057,128,0.0,128,0.0,128,0.0,128,0.0,128,0.0,128,0.0,128,0.0,128,0.1672571685973913,128,0.2508785527026971,128,0.23287039926394615,128,0.31147885408900944,128,0.16497472940282754,128,0.29966928685796806,128,0.0,128,0.0,128,0.0,128,,,,,,,128,0.6539362363916357,0.23852972785393436,128,1.1445141394416376,0.591728211549192,111,0.9897045439428037,0,,,,,,,
3,test,pad_top,rot90,rot90 -> pad_top,synthetic_pair_on_id_atomic_input,image_final_norm,128,0.6561059807406904,128,0.24054137059312897,128,7.218219408539307,128,7.127929423655464,128,0.0,128,1.1487425488426743,128,0.5932474264709221,128,5.776016856802251,128,8.230146181958737,128,0.0,128,0.0,128,0.0,128,0.0,128,0.0,128,0.0,128,0.0,128,0.16590520198107242,128,0.24368027704888856,128,0.2304625862650375,128,0.30624741769646247,128,0.1636783468360582,128,0.2950729833065254,128,0.0,128,0.0,128,0.0,128,,,,,,,128,0.6561059807406904,0.24054137059312897,128,1.1487425488426743,0.5932474264709221,111,0.9897045439428037,0,,,,,,,
3,test,rot90,crop_bottom_side,crop_bottom_side -> rot90,synthetic_pair_on_id_atomic_input,image_input_tokens,128,1.0976539210683556,128,0.5878266864130421,128,0.15272889742803414,128,0.1633598878423388,128,0.0,128,0.4477680738037487,128,0.09955139052245987,128,0.3178085739361334,128,0.31907889546750606,128,0.0,128,0.0,128,0.0,128,0.0,128,0.0,128,0.0,128,0.0,128,0.028332619920531578,128,0.021386767898885224,128,0.027810382475330638,128,0.0269769047610106,128,0.026937525820914042,128,0.021191675808532602,128,0.0078125,128,0.0,128,0.0078125,128,1.0,1,0.011844487064925172,1,0.011844487064925172,1,128,1.0976539210683556,0.5878266864130421,128,0.4477680738037487,0.09955139052245987,111,0.9844530922872526,0,,,,,,,
3,test,rot90,crop_bottom_side,crop_bottom_side -> rot90,synthetic_pair_on_id_atomic_input,image_block_01,128,1.220461171041487,128,0.6436618692807506,128,4.314027598827477,128,7.321912986705904,128,0.0,128,0.6003040812812843,128,0.1873660263743643,128,6.285739307458671,128,6.183382999842877,128,0.0,128,0.0,128,0.0,128,0.0,128,0.0,128,0.0,128,0.0,128,0.137457007757219,128,0.09646306909637285,128,0.19885931304507484,128,0.15395089096405107,128,0.18546793349734172,128,0.09202199645205231,128,0.0078125,128,0.0,128,0.0078125,128,0.0,1,0.10008360871764527,1,0.10008360871764527,1,128,1.220461171041487,0.6436618692807506,128,0.6003040812812843,0.1873660263743643,111,0.9844530922872526,0,,,,,,,
3,test,rot90,crop_bottom_side,crop_bottom_side -> rot90,synthetic_pair_on_id_atomic_input,image_block_02,128,1.1486686628446505,128,0.58989620380982,128,7.426199175533234,128,11.718867776198131,128,0.0,128,0.6292070916923724,128,0.20257538214213525,128,9.325785828134714,128,9.247795515045095,128,0.0,128,0.0,128,0.0,128,0.0,128,0.0,128,0.0,128,0.0,128,0.1785826943041101,128,0.12415996625358229,128,0.24587316134081877,128,0.20181087196927383,128,0.22406723361084668,128,0.12339149935639117,128,0.0078125,128,0.0,128,0.0078125,128,0.0,1,0.12737785568097595,1,0.12737785568097595,1,128,1.1486686628446505,0.58989620380982,128,0.6292070916923724,0.20257538214213525,111,0.9844530922872526,0,,,,,,,
3,test,rot90,crop_bottom_side,crop_bottom_side -> rot90,synthetic_pair_on_id_atomic_input,image_block_03,128,1.2748721061807131,128,0.6977089801094112,128,11.042334340204581,128,19.148357585953825,128,0.0,128,0.6728133180063679,128,0.22995521369676722,128,12.726944019752988,128,12.483701362799685,128,0.0,128,0.0,128,0.0,128,0.0,128,0.0,128,0.0,128,0.0,128,0.2132670914457751,128,0.1621807547064275,128,0.279039903906233,128,0.2364350778506311,128,0.2528896136227287,128,0.15703981080950358,128,0.0078125,128,0.0,128,0.0078125,128,0.0,1,0.16500373243973704,1,0.16500373243973704,1,128,1.2748721061807131,0.6977089801094112,128,0.6728133180063679,0.22995521369676722,111,0.9844530922872526,0,,,,,,,
3,test,rot90,crop_bottom_side,crop_bottom_side -> rot90,synthetic_pair_on_id_atomic_input,image_block_04,128,1.2850472010421523,128,0.708149427301393,128,11.750403413844426,128,20.545680545306503,128,0.0,128,0.6665260452219481,128,0.2270851591434305,128,14.143594447752218,128,13.897583672983345,128,0.0,128,0.0,128,0.0,128,0.0,128,0.0,128,0.0,128,0.0,128,0.2062215502359928,128,0.17077436362687476,128,0.26914912783670103,128,0.23432959299579725,128,0.23834090712379857,128,0.16536637005022825,128,0.0078125,128,0.0,128,0.0078125,128,0.0,1,0.1563884639450378,1,0.1563884639450378,1,128,1.2850472010421523,0.708149427301393,128,0.6665260452219481,0.2270851591434305,111,0.9844530922872526,0,,,,,,,
3,test,rot90,crop_bottom_side,crop_bottom_side -> rot90,synthetic_pair_on_id_atomic_input,image_block_05,128,1.2382955395527824,128,0.6796401081897205,128,15.12705943755887,128,24.74743624326408,128,0.0,128,0.6890630614367297,128,0.24217943666123498,128,15.533463415590386,128,15.16846897081463,128,0.0,128,0.0,128,0.0,128,0.0,128,0.0,128,0.0,128,0.0,128,0.23843416317229146,128,0.18072232732982862,128,0.2904313294375832,128,0.26368250005188953,128,0.2653308715826037,128,0.1786448812440386,128,0.0078125,128,0.0,128,0.0078125,128,0.0,1,0.1737768140479218,1,0.1737768140479218,1,128,1.2382955395527824,0.6796401081897205,128,0.6890630614367297,0.24217943666123498,111,0.9844530922872526,0,,,,,,,
3,test,rot90,crop_bottom_side,crop_bottom_side -> rot90,synthetic_pair_on_id_atomic_input,image_block_06,128,1.2864401314510232,128,0.72051710270121,128,21.86613294755781,128,37.70857335326993,128,0.0,128,0.7007196994516668,128,0.2667741767567979,128,23.357697619344506,128,23.135266636850574,128,0.0,128,0.0,128,0.0,128,0.0,128,0.0,128,0.0,128,0.0,128,0.25775401110648555,128,0.2252714790135547,128,0.32306157385246764,128,0.300878555913206,128,0.28647811714501775,128,0.22438698854102196,128,0.0078125,128,0.0,128,0.0078125,128,0.0,1,0.2227684834850375,1,0.2227684834850375,1,128,1.2864401314510232,0.72051710270121,128,0.7007196994516668,0.2667741767567979,111,0.9844530922872526,0,,,,,,,
3,test,rot90,crop_bottom_side,crop_bottom_side -> rot90,synthetic_pair_on_id_atomic_input,image_final_norm,128,1.2840888333806693,128,0.7225353110356559,128,5.916242612550127,128,10.012680451434495,128,0.0,128,0.7093754144191482,128,0.27341832520774767,128,6.2501938880279475,128,6.192099938986287,128,0.0,128,0.0,128,0.0,128,0.0,128,0.0,128,0.0,128,0.0,128,0.2508933985014372,128,0.2139565136920424,128,0.30767970664610644,128,0.2838965727769147,128,0.2724705916977767,128,0.21389919172990618,128,0.0078125,128,0.0,128,0.0078125,128,0.0,1,0.19857161517585573,1,0.19857161517585573,1,128,1.2840888333806693,0.7225353110356559,128,0.7093754144191482,0.27341832520774767,111,0.9844530922872526,0,,,,,,,
3,test,rot90,pad_top,pad_top -> rot90,synthetic_pair_on_id_atomic_input,image_input_tokens,128,1.3263778729775804,128,0.7454769321311729,128,0.14606204245128257,128,0.260487271536543,128,0.0,128,0.124334668695158,128,0.015846406483517456,128,0.3182924035025003,128,0.31740158962325393,128,0.0,128,0.0,128,0.0,128,0.0,128,0.0,128,0.0,128,0.0,128,0.02724041038023624,128,0.031424701662059996,128,0.05096859358772264,128,0.04386345012638688,128,0.042712552219625034,128,0.0317679291103628,128,0.0,128,0.0,128,0.0,128,,,,,,,128,1.3263778729775804,0.7454769321311729,128,0.124334668695158,0.015846406483517456,0,,0,,,,,,,
3,test,rot90,pad_top,pad_top -> rot90,synthetic_pair_on_id_atomic_input,image_block_01,128,1.1005971920167186,128,0.5265761352169571,128,4.213653922748233,128,5.695363830590006,128,0.0,128,0.2293684203081357,128,0.03373702576944075,128,9.170442842147718,128,9.16788269650067,128,0.0,128,0.0,128,0.0,128,0.0,128,0.0,128,0.0,128,0.0,128,0.13505766999282898,128,0.06527036186523774,128,0.1630022623706314,128,0.13117130985483855,128,0.16036590393351058,128,0.0626139350326005,128,0.0,128,0.0,128,0.0,128,,,,,,,128,1.1005971920167186,0.5265761352169571,128,0.2293684203081357,0.03373702576944075,0,,0,,,,,,,
3,test,rot90,pad_top,pad_top -> rot90,synthetic_pair_on_id_atomic_input,image_block_02,128,1.0858264640035598,128,0.543125376157614,128,7.398928020117246,128,9.487122775895472,128,0.0,128,0.3657010084266023,128,0.07578770750085982,128,12.298059215178935,128,12.265716815117994,128,0.0,128,0.0,128,0.0,128,0.0,128,0.0,128,0.0,128,0.0,128,0.1784723948353683,128,0.08858586477330777,128,0.2079485077280111,128,0.1615335070999795,128,0.20355973527753696,128,0.08699781140937464,128,0.0,128,0.0,128,0.0,128,,,,,,,128,1.0858264640035598,0.543125376157614,128,0.3657010084266023,0.07578770750085982,0,,0,,,,,,,
3,test,rot90,pad_top,pad_top -> rot90,synthetic_pair_on_id_atomic_input,image_block_03,128,1.1475174789178277,128,0.5886224219522624,128,11.05938831139709,128,15.651142018398332,128,0.0,128,0.4521174896345931,128,0.11839271689579832,128,16.664924267235243,128,16.724031076822953,128,0.0,128,0.0,128,0.0,128,0.0,128,0.0,128,0.0,128,0.0,128,0.20986079766711954,128,0.11145192840823942,128,0.2577672562175968,128,0.18509017937469494,128,0.24688752682009163,128,0.10964242533824337,128,0.0,128,0.0,128,0.0,128,,,,,,,128,1.1475174789178277,0.5886224219522624,128,0.4521174896345931,0.11839271689579832,0,,0,,,,,,,
3,test,rot90,pad_top,pad_top -> rot90,synthetic_pair_on_id_atomic_input,image_block_04,128,1.1550845250638373,128,0.5891909278404642,128,11.787979798254945,128,17.24588255686279,128,0.0,128,0.4489198137645941,128,0.11614947373323273,128,17.80123213202794,128,17.79523671716923,128,0.0,128,0.0,128,0.0,128,0.0,128,0.0,128,0.0,128,0.0,128,0.2031274827407652,128,0.11616072800019046,128,0.2537635914238774,128,0.18235189703638258,128,0.24961394033139367,128,0.11484252063350063,128,0.0,128,0.0,128,0.0,128,,,,,,,128,1.1550845250638373,0.5891909278404642,128,0.4489198137645941,0.11614947373323273,0,,0,,,,,,,
3,test,rot90,pad_top,pad_top -> rot90,synthetic_pair_on_id_atomic_input,image_block_05,128,1.1760490084310873,128,0.611226175128939,128,14.932140728198355,128,22.398578442581737,128,0.0,128,0.5664119239084413,128,0.17699522460865202,128,21.8666848400155,128,21.729128500857293,128,0.0,128,0.0,128,0.0,128,0.0,128,0.0,128,0.0,128,0.0,128,0.23559418032094032,128,0.13967608414521726,128,0.28698849576716157,128,0.21109740711644193,128,0.2798127208570747,128,0.13774387490949022,128,0.0,128,0.0,128,0.0,128,,,,,,,128,1.1760490084310873,0.611226175128939,128,0.5664119239084413,0.17699522460865202,0,,0,,,,,,,
3,test,rot90,pad_top,pad_top -> rot90,synthetic_pair_on_id_atomic_input,image_block_06,128,1.1445141394416376,128,0.591728211549192,128,21.498606844339797,128,30.102975936739057,128,0.0,128,0.6539362363916357,128,0.23852972785393436,128,26.678070740297123,128,26.360511993215383,128,0.0,128,0.0,128,0.0,128,0.0,128,0.0,128,0.0,128,0.0,128,0.2508785527026971,128,0.1672571685973913,128,0.31147885408900944,128,0.23287039926394615,128,0.29966928685796806,128,0.16497472940282754,128,0.0,128,0.0,128,0.0,128,,,,,,,128,1.1445141394416376,0.591728211549192,128,0.6539362363916357,0.23852972785393436,0,,0,,,,,,,
3,test,rot90,pad_top,pad_top -> rot90,synthetic_pair_on_id_atomic_input,image_final_norm,128,1.1487425488426743,128,0.5932474264709221,128,5.776016856802251,128,8.230146181958737,128,0.0,128,0.6561059807406904,128,0.24054137059312897,128,7.218219408539307,128,7.127929423655464,128,0.0,128,0.0,128,0.0,128,0.0,128,0.0,128,0.0,128,0.0,128,0.24368027704888856,128,0.16590520198107242,128,0.30624741769646247,128,0.2304625862650375,128,0.2950729833065254,128,0.1636783468360582,128,0.0,128,0.0,128,0.0,128,,,,,,,128,1.1487425488426743,0.5932474264709221,128,0.6561059807406904,0.24054137059312897,0,,0,,,,,,,
3,test,rot90,rot90,rot90 -> rot90,synthetic_pair_on_id_atomic_input,image_input_tokens,128,1.6797282297222311,128,1.3675489676264485,128,0.15272889742803414,128,0.153279340088248,128,0.0,128,1.6797282297222311,128,1.3675489676264485,128,0.15272889742803414,128,0.153279340088248,128,0.0,128,0.0,128,0.0,128,0.0,128,0.0,128,1.0,128,0.0,128,0.028332619920531578,128,0.028332619920531578,128,0.0363592843004668,128,0.0363592843004668,128,0.02828318716316873,128,0.02828318716316873,128,2.0,128,2.0,128,0.0,128,,,,,,,128,1.6797282297222311,1.3675489676264485,128,1.6797282297222311,1.3675489676264485,111,0.9625058490950782,0,,,,,,,
3,test,rot90,rot90,rot90 -> rot90,synthetic_pair_on_id_atomic_input,image_block_01,128,1.7312390020255073,128,1.5152142673495637,128,4.314027598827477,128,4.304488577822402,128,0.0,128,1.7312390020255073,128,1.5152142673495637,128,4.314027598827477,128,4.304488577822402,128,0.0,128,0.0,128,0.0,128,0.0,128,0.0,128,1.0,128,0.0,128,0.137457007757219,128,0.137457007757219,128,0.1588649756928167,128,0.1588649756928167,128,0.13387051306111708,128,0.13387051306111708,128,2.0,128,2.0,128,0.0,128,,,,,,,128,1.7312390020255073,1.5152142673495637,128,1.7312390020255073,1.5152142673495637,111,0.9625058490950782,0,,,,,,,
3,test,rot90,rot90,rot90 -> rot90,synthetic_pair_on_id_atomic_input,image_block_02,128,1.7216671406362825,128,1.5001458939034154,128,7.426199175533234,128,7.311898070732777,128,0.0,128,1.7216671406362825,128,1.5001458939034154,128,7.426199175533234,128,7.311898070732777,128,0.0,128,0.0,128,0.0,128,0.0,128,0.0,128,1.0,128,0.0,128,0.1785826943041101,128,0.1785826943041101,128,0.20417017157212314,128,0.20417017157212314,128,0.1768362360156711,128,0.1768362360156711,128,2.0,128,2.0,128,0.0,128,,,,,,,128,1.7216671406362825,1.5001458939034154,128,1.7216671406362825,1.5001458939034154,111,0.9625058490950782,0,,,,,,,
3,test,rot90,rot90,rot90 -> rot90,synthetic_pair_on_id_atomic_input,image_block_03,128,1.7537507567301456,128,1.5480810686409754,128,11.042334340204581,128,10.869837650999244,128,0.0,128,1.7537507567301456,128,1.5480810686409754,128,11.042334340204581,128,10.869837650999244,128,0.0,128,0.0,128,0.0,128,0.0,128,0.0,128,1.0,128,0.0,128,0.2132670914457751,128,0.2132670914457751,128,0.24104652659261522,128,0.24104652659261522,128,0.21218760148502358,128,0.21218760148502358,128,2.0,128,2.0,128,0.0,128,,,,,,,128,1.7537507567301456,1.5480810686409754,128,1.7537507567301456,1.5480810686409754,111,0.9625058490950782,0,,,,,,,
3,test,rot90,rot90,rot90 -> rot90,synthetic_pair_on_id_atomic_input,image_block_04,128,1.7538801266734545,128,1.5483964246628992,128,11.750403413844426,128,11.616873869826922,128,0.0,128,1.7538801266734545,128,1.5483964246628992,128,11.750403413844426,128,11.616873869826922,128,0.0,128,0.0,128,0.0,128,0.0,128,0.0,128,1.0,128,0.0,128,0.2062215502359928,128,0.2062215502359928,128,0.23416555421553306,128,0.23416555421553306,128,0.2061937907862798,128,0.2061937907862798,128,2.0,128,2.0,128,0.0,128,,,,,,,128,1.7538801266734545,1.5483964246628992,128,1.7538801266734545,1.5483964246628992,111,0.9625058490950782,0,,,,,,,
3,test,rot90,rot90,rot90 -> rot90,synthetic_pair_on_id_atomic_input,image_block_05,128,1.7451507342866812,128,1.529873723846447,128,15.12705943755887,128,15.127717038435055,128,0.0,128,1.7451507342866812,128,1.529873723846447,128,15.12705943755887,128,15.127717038435055,128,0.0,128,0.0,128,0.0,128,0.0,128,0.0,128,1.0,128,0.0,128,0.23843416317229146,128,0.23843416317229146,128,0.2676739895118425,128,0.2676739895118425,128,0.2382486581378425,128,0.2382486581378425,128,2.0,128,2.0,128,0.0,128,,,,,,,128,1.7451507342866812,1.529873723846447,128,1.7451507342866812,1.529873723846447,111,0.9625058490950782,0,,,,,,,
3,test,rot90,rot90,rot90 -> rot90,synthetic_pair_on_id_atomic_input,image_block_06,128,1.7492060046207973,128,1.5352687756000267,128,21.86613294755781,128,22.04443131408555,128,0.0,128,1.7492060046207973,128,1.5352687756000267,128,21.86613294755781,128,22.04443131408555,128,0.0,128,0.0,128,0.0,128,0.0,128,0.0,128,1.0,128,0.0,128,0.25775401110648555,128,0.25775401110648555,128,0.29424060938416624,128,0.29424060938416624,128,0.2534358397887023,128,0.2534358397887023,128,2.0,128,2.0,128,0.0,128,,,,,,,128,1.7492060046207973,1.5352687756000267,128,1.7492060046207973,1.5352687756000267,111,0.9625058490950782,0,,,,,,,
3,test,rot90,rot90,rot90 -> rot90,synthetic_pair_on_id_atomic_input,image_final_norm,128,1.748108229043412,128,1.533464073309608,128,5.916242612550127,128,5.962949038134536,128,0.0,128,1.748108229043412,128,1.533464073309608,128,5.916242612550127,128,5.962949038134536,128,0.0,128,0.0,128,0.0,128,0.0,128,0.0,128,1.0,128,0.0,128,0.2508933985014372,128,0.2508933985014372,128,0.2870982381518957,128,0.2870982381518957,128,0.24680089063409696,128,0.24680089063409696,128,2.0,128,2.0,128,0.0,128,,,,,,,128,1.748108229043412,1.533464073309608,128,1.748108229043412,1.533464073309608,111,0.9625058490950782,0,,,,,,,
3,test_ood,crop_bottom_side,rot90,rot90 -> crop_bottom_side,recorded_ood_composition,image_input_tokens,128,0.4600668946794567,128,0.10165829005573288,128,0.39031431805308003,128,0.38141898203920216,128,0.0,128,1.1719042434910807,128,0.6362382472551021,128,0.1503960312592367,128,0.1801059515129872,128,0.0,128,0.0,128,0.0,128,0.0,128,0.0,128,0.0,128,0.0,128,0.02532544010874245,128,0.028830764449999907,128,0.031023176129084173,128,0.03398830147400643,128,0.02643074255019465,128,0.03085766759786896,128,0.0,128,0.0,128,0.0,128,,,,,,,128,0.4600668946794567,0.10165829005573288,128,1.1719042434910807,0.6362382472551021,1000,0.28904882980510593,128,0.2968888886098284,,,,,,
3,test_ood,crop_bottom_side,rot90,rot90 -> crop_bottom_side,recorded_ood_composition,image_block_01,128,0.6003667528802716,128,0.1863860452559279,128,7.136483814859217,128,6.670649550036128,128,0.0,128,1.3211512211311829,128,0.7167501658084556,128,4.407339937482824,128,7.571330507240976,128,0.0,128,0.0,128,0.0,128,0.0,128,0.0,128,0.0,128,0.0,128,0.08934870687475865,128,0.13547387858786325,128,0.14814316502939673,128,0.19639518554984686,128,0.09311223133967919,128,0.18684008448858325,128,0.0,128,0.0,128,0.0,128,,,,,,,128,0.6003667528802716,0.1863860452559279,128,1.3211512211311829,0.7167501658084556,1000,0.28904882980510593,128,0.2968888886098284,,,,,,
3,test_ood,crop_bottom_side,rot90,rot90 -> crop_bottom_side,recorded_ood_composition,image_block_02,128,0.6367537818378676,128,0.2076777205476504,128,10.42229425466055,128,9.719756204501238,128,0.0,128,1.2429736232543742,128,0.6589900487760763,128,7.65790534483573,128,12.03705265570901,128,0.0,128,0.0,128,0.0,128,0.0,128,0.0,128,0.0,128,0.0,128,0.11567224900825358,128,0.17903451779463658,128,0.19759573384563583,128,0.23847664738524865,128,0.1180757894055626,128,0.2228741141919901,128,0.0,128,0.0,128,0.0,128,,,,,,,128,0.6367537818378676,0.2076777205476504,128,1.2429736232543742,0.6589900487760763,1000,0.28904882980510593,128,0.2968888886098284,,,,,,
3,test_ood,crop_bottom_side,rot90,rot90 -> crop_bottom_side,recorded_ood_composition,image_block_03,128,0.6594973335763258,128,0.22604272239638962,128,13.91977952348232,128,13.21611177260604,128,0.0,128,1.3647077660056863,128,0.7760510661402535,128,11.58132239923917,128,20.33937010721713,128,0.0,128,0.0,128,0.0,128,0.0,128,0.0,128,0.0,128,0.0,128,0.15073529213978726,128,0.224652907391154,128,0.240255427622325,128,0.27743517895673137,128,0.15456041534844903,128,0.26107070048113373,128,0.0,128,0.0,128,0.0,128,,,,,,,128,0.6594973335763258,0.22604272239638962,128,1.3647077660056863,0.7760510661402535,1000,0.28904882980510593,128,0.2968888886098284,,,,,,
3,test_ood,crop_bottom_side,rot90,rot90 -> crop_bottom_side,recorded_ood_composition,image_block_04,128,0.6523706102595163,128,0.22266772451703615,128,15.750745131048781,128,14.707766969666823,128,0.0,128,1.3713891044548179,128,0.7829128977772648,128,12.399454883434057,128,21.980770816022172,128,0.0,128,0.0,128,0.0,128,0.0,128,0.0,128,0.0,128,0.0,128,0.16176538424975687,128,0.21699538620288517,128,0.2431514649849117,128,0.2699680929358155,128,0.16822198736597993,128,0.251720088149992,128,0.0,128,0.0,128,0.0,128,,,,,,,128,0.6523706102595163,0.22266772451703615,128,1.3713891044548179,0.7829128977772648,1000,0.28904882980510593,128,0.2968888886098284,,,,,,
3,test_ood,crop_bottom_side,rot90,rot90 -> crop_bottom_side,recorded_ood_composition,image_block_05,128,0.6701948184607083,128,0.2336809308866919,128,17.226981263728636,128,16.172703072037365,128,0.0,128,1.3310119022389921,128,0.7659536931144155,128,15.758532798715098,128,26.151142560660524,128,0.0,128,0.0,128,0.0,128,0.0,128,0.0,128,0.0,128,0.0,128,0.17146784879450067,128,0.24996520993938404,128,0.27347685684677203,128,0.28976519813316104,128,0.17981609688439315,128,0.2725160957560907,128,0.0,128,0.0,128,0.0,128,,,,,,,128,0.6701948184607083,0.2336809308866919,128,1.3310119022389921,0.7659536931144155,1000,0.28904882980510593,128,0.2968888886098284,,,,,,
3,test_ood,crop_bottom_side,rot90,rot90 -> crop_bottom_side,recorded_ood_composition,image_block_06,128,0.6617516642286011,128,0.2432259267791066,128,26.542827405844456,128,24.823866071294294,128,0.0,128,1.372661826582027,128,0.7948252724304001,128,22.80825972216228,128,40.09157930196054,128,0.0,128,0.0,128,0.0,128,0.0,128,0.0,128,0.0,128,0.0,128,0.2104533373404286,128,0.26503655310630997,128,0.30185345267356245,128,0.3183665668783676,128,0.21683917848029316,128,0.28960388345727556,128,0.0,128,0.0,128,0.0,128,,,,,,,128,0.6617516642286011,0.2432259267791066,128,1.372661826582027,0.7948252724304001,1000,0.28904882980510593,128,0.2968888886098284,,,,,,
3,test_ood,crop_bottom_side,rot90,rot90 -> crop_bottom_side,recorded_ood_composition,image_final_norm,128,0.6688742301128654,128,0.2491612196786222,128,7.1359871248558004,128,6.674629078460752,128,0.0,128,1.371436514362896,128,0.7994359104252298,128,6.202036180352893,128,10.711905652295256,128,0.0,128,0.0,128,0.0,128,0.0,128,0.0,128,0.0,128,0.0,128,0.19999424377644684,128,0.2573506327717946,128,0.28500754211525636,128,0.3024189704315059,128,0.20586003192472788,128,0.27443464542727314,128,0.0,128,0.0,128,0.0,128,,,,,,,128,0.6688742301128654,0.2491612196786222,128,1.371436514362896,0.7994359104252298,1000,0.28904882980510593,128,0.2968888886098284,,,,,,
4,val,change_shape_color,change_shape_color,change_shape_color -> change_shape_color,synthetic_pair_on_id_atomic_input,image_input_tokens,34,1.6874452679013325,34,1.4280011862166522,34,0.4421941219393397,34,0.4423332841457934,34,0.0,34,1.6874452679013325,34,1.4280011862166522,34,0.4421941219393397,34,0.4423332841457934,34,0.0,34,0.0,34,0.0,34,0.0,34,0.0,34,1.0,34,0.0,34,0.0001643552554560597,34,0.0001643552554560597,34,0.0002975037487446319,34,0.0002975037487446319,34,0.0001505094358202174,34,0.0001505094358202174,34,2.0,34,2.0,34,0.0,34,,,,,,,34,1.6874452679013325,1.4280011862166522,34,1.6874452679013325,1.4280011862166522,11,1.0,0,,,,,,,
4,val,change_shape_color,change_shape_color,change_shape_color -> change_shape_color,synthetic_pair_on_id_atomic_input,image_block_01,34,1.6795870085411493,34,1.4141288697138026,34,7.053041766318486,34,7.008299014591614,34,0.0,34,1.6795870085411493,34,1.4141288697138026,34,7.053041766318486,34,7.008299014591614,34,0.0,34,0.0,34,0.0,34,0.0,34,0.0,34,1.0,34,0.0,34,0.03674794993198008,34,0.03674794993198008,34,0.046074284944760464,34,0.046074284944760464,34,0.035564609858504216,34,0.035564609858504216,34,2.0,34,2.0,34,0.0,34,,,,,,,34,1.6795870085411493,1.4141288697138026,34,1.6795870085411493,1.4141288697138026,11,1.0,0,,,,,,,
4,val,change_shape_color,change_shape_color,change_shape_color -> change_shape_color,synthetic_pair_on_id_atomic_input,image_block_02,34,1.5967981901636472,34,1.2811167383349238,34,11.348085467201479,34,11.325954377130635,34,0.0,34,1.5967981901636472,34,1.2811167383349238,34,11.348085467201479,34,11.325954377130635,34,0.0,34,0.0,34,0.0,34,0.0,34,0.0,34,1.0,34,0.0,34,0.05756871238642331,34,0.05756871238642331,34,0.0718292954804219,34,0.0718292954804219,34,0.05642443330480954,34,0.05642443330480954,34,2.0,34,2.0,34,0.0,34,,,,,,,34,1.5967981901636472,1.2811167383349238,34,1.5967981901636472,1.2811167383349238,11,1.0,0,,,,,,,
4,val,change_shape_color,change_shape_color,change_shape_color -> change_shape_color,synthetic_pair_on_id_atomic_input,image_block_03,34,1.6079400062237403,34,1.3004415842375352,34,16.343024442805078,34,16.581678668438116,34,0.0,34,1.6079400062237403,34,1.3004415842375352,34,16.343024442805078,34,16.581678668438116,34,0.0,34,0.0,34,0.0,34,0.0,34,0.0,34,1.0,34,0.0,34,0.06993742731578174,34,0.06993742731578174,34,0.08856278806232576,34,0.08856278806232576,34,0.06870894598756329,34,0.06870894598756329,34,2.0,34,2.0,34,0.0,34,,,,,,,34,1.6079400062237403,1.3004415842375352,34,1.6079400062237403,1.3004415842375352,11,1.0,0,,,,,,,
4,val,change_shape_color,change_shape_color,change_shape_color -> change_shape_color,synthetic_pair_on_id_atomic_input,image_block_04,34,1.6167583363628222,34,1.3143809617340374,34,16.94478678873702,34,17.320796361049254,34,0.0,34,1.6167583363628222,34,1.3143809617340374,34,16.94478678873702,34,17.320796361049254,34,0.0,34,0.0,34,0.0,34,0.0,34,0.0,34,1.0,34,0.0,34,0.07242089384749155,34,0.07242089384749155,34,0.0912702336292917,34,0.0912702336292917,34,0.07177694866858507,34,0.07177694866858507,34,2.0,34,2.0,34,0.0,34,,,,,,,34,1.6167583363628222,1.3143809617340374,34,1.6167583363628222,1.3143809617340374,11,1.0,0,,,,,,,
4,val,change_shape_color,change_shape_color,change_shape_color -> change_shape_color,synthetic_pair_on_id_atomic_input,image_block_05,34,1.6270892186490404,34,1.330871507525709,34,17.63433141890818,34,17.99416803673655,34,0.0,34,1.6270892186490404,34,1.330871507525709,34,17.63433141890818,34,17.99416803673655,34,0.0,34,0.0,34,0.0,34,0.0,34,0.0,34,1.0,34,0.0,34,0.0805915969003598,34,0.0805915969003598,34,0.10254421489425349,34,0.10254421489425349,34,0.08063173092761758,34,0.08063173092761758,34,2.0,34,2.0,34,0.0,34,,,,,,,34,1.6270892186490404,1.330871507525709,34,1.6270892186490404,1.330871507525709,11,1.0,0,,,,,,,
4,val,change_shape_color,change_shape_color,change_shape_color -> change_shape_color,synthetic_pair_on_id_atomic_input,image_block_06,34,1.624520628474352,34,1.3267356711204028,34,19.053722791554396,34,19.24820314044836,34,0.0,34,1.624520628474352,34,1.3267356711204028,34,19.053722791554396,34,19.24820314044836,34,0.0,34,0.0,34,0.0,34,0.0,34,0.0,34,1.0,34,0.0,34,0.08906586629343637,34,0.08906586629343637,34,0.11243876414736051,34,0.11243876414736051,34,0.08787452239742477,34,0.08787452239742477,34,2.0,34,2.0,34,0.0,34,,,,,,,34,1.624520628474352,1.3267356711204028,34,1.624520628474352,1.3267356711204028,11,1.0,0,,,,,,,
4,val,change_shape_color,change_shape_color,change_shape_color -> change_shape_color,synthetic_pair_on_id_atomic_input,image_final_norm,34,1.6295231272210786,34,1.3346922119148097,34,2.9679530130533514,34,3.0048476377225604,34,0.0,34,1.6295231272210786,34,1.3346922119148097,34,2.9679530130533514,34,3.0048476377225604,34,0.0,34,0.0,34,0.0,34,0.0,34,0.0,34,1.0,34,0.0,34,0.09039264458808519,34,0.09039264458808519,34,0.1135560691578118,34,0.1135560691578118,34,0.08948590968458298,34,0.08948590968458298,34,2.0,34,2.0,34,0.0,34,,,,,,,34,1.6295231272210786,1.3346922119148097,34,1.6295231272210786,1.3346922119148097,11,1.0,0,,,,,,,
4,val,change_shape_color,crop_contours,crop_contours -> change_shape_color,synthetic_pair_on_id_atomic_input,image_input_tokens,23,0.944132741818577,23,0.12512379503007448,23,0.48022097306684847,23,0.20064072581536835,23,0.0,23,0.6413502732077,23,0.2104040643134244,23,0.4824928193234119,23,0.4835809667868034,23,0.0,23,0.0,23,0.0,23,0.0,23,0.0,23,1.0,23,1.0,23,0.00019395127651242349,23,0.023490800184881498,23,0.023456761417031343,23,0.023443596936227995,23,0.0001025710960895984,23,0.023455724971602178,23,1.0,23,0.0,23,1.0,23,1.0,23,0.012422866185429681,23,0.012422866185429681,23,23,0.944132741818577,0.12512379503007448,23,0.6413502732077,0.2104040643134244,11,1.0,0,,1.439527386797834,23,0.2372041631451145,23,0.012422866185429681,23
4,val,change_shape_color,crop_contours,crop_contours -> change_shape_color,synthetic_pair_on_id_atomic_input,image_block_01,23,0.546650745681292,23,0.12598843039957983,23,7.38531273735614,23,5.8434656418734505,23,0.0,23,0.2024496703599173,23,0.020172064149005013,23,17.07633510067466,23,17.21718604734686,23,0.0,23,0.0,23,0.0,23,0.0,23,0.0,23,1.0,23,1.0,23,0.0381488668806605,23,0.09147664829113861,23,0.10424236304458744,23,0.09639160466724656,23,0.043150633142352054,23,0.08671624681985651,23,1.0,23,0.0,23,1.0,23,0.34782608695652173,23,0.05671166429849884,23,0.05671166429849884,23,23,0.546650745681292,0.12598843039957983,23,0.2024496703599173,0.020172064149005013,11,1.0,0,,36.63362406593983,23,0.6088001642632278,23,0.05671166429849884,23
4,val,change_shape_color,crop_contours,crop_contours -> change_shape_color,synthetic_pair_on_id_atomic_input,image_block_02,23,0.5616767620475651,23,0.1671800641011826,23,11.655673845427623,23,10.239581141503713,23,0.0,23,0.21591220526830096,23,0.0235845078110484,23,27.46114543238535,23,27.162565885006583,23,0.0,23,0.0,23,0.0,23,0.0,23,0.0,23,1.0,23,1.0,23,0.05805213151958897,23,0.1557465173823529,23,0.16072735149219777,23,0.15335615739473013,23,0.06655541399105946,23,0.14534489549610016,23,1.0,23,0.0,23,1.0,23,0.0,23,0.08931448911128204,23,0.08931448911128204,23,23,0.5616767620475651,0.1671800641011826,23,0.21591220526830096,0.0235845078110484,11,1.0,0,,59.95851266952643,23,0.649109505919181,23,0.08931448911128204,23
4,val,change_shape_color,crop_contours,crop_contours -> change_shape_color,synthetic_pair_on_id_atomic_input,image_block_03,23,0.5393931450284564,23,0.15081104283773297,23,16.644983598338612,23,14.265772969009568,23,0.0,23,0.24062980321566665,23,0.029894074538264582,23,33.64635679425142,23,33.51043973824015,23,0.0,23,0.0,23,0.0,23,0.0,23,0.0,23,1.0,23,1.0,23,0.07061464536604085,23,0.18165807242657844,23,0.1844043044522705,23,0.18012968752879405,23,0.07588923940121468,23,0.1737096547636557,23,1.0,23,0.0,23,1.0,23,0.0,23,0.10846357641574186,23,0.10846357641574186,23,23,0.5393931450284564,0.15081104283773297,23,0.24062980321566665,0.029894074538264582,11,1.0,0,,68.13495522213931,23,0.6014954643049035,23,0.10846357641574186,23
4,val,change_shape_color,crop_contours,crop_contours -> change_shape_color,synthetic_pair_on_id_atomic_input,image_block_04,23,0.5557133639446076,23,0.15952629392809037,23,17.303284598267982,23,14.775821002386927,23,0.0,23,0.24437825396785118,23,0.03080200689556666,23,35.3683841210508,23,35.32766842434074,23,0.0,23,0.0,23,0.0,23,0.0,23,0.0,23,1.0,23,1.0,23,0.0727624079786271,23,0.1717479056734813,23,0.1771964597354339,23,0.1741311641709519,23,0.07918910206428861,23,0.1650901177091441,23,1.0,23,0.0,23,1.0,23,0.0,23,0.1114555987609506,23,0.1114555987609506,23,23,0.5557133639446076,0.15952629392809037,23,0.24437825396785118,0.03080200689556666,11,1.0,0,,80.49814670167488,23,0.6990888363923414,23,0.1114555987609506,23
4,val,change_shape_color,crop_contours,crop_contours -> change_shape_color,synthetic_pair_on_id_atomic_input,image_block_05,23,0.5671661325412808,23,0.16443093990268132,23,18.02966064666747,23,15.33095606525204,23,0.0,23,0.23534167953204027,23,0.02861359049921644,23,39.054680540775436,23,39.21228055581339,23,0.0,23,0.0,23,0.0,23,0.0,23,0.0,23,1.0,23,1.0,23,0.08217285866728993,23,0.1762238617287797,23,0.18496453247209094,23,0.18311385733887903,23,0.08621812995082079,23,0.17539279812290154,23,1.0,23,0.0,23,1.0,23,0.0,23,0.11731504692906601,23,0.11731504692906601,23,23,0.5671661325412808,0.16443093990268132,23,0.23534167953204027,0.02861359049921644,11,1.0,0,,81.08694880210669,23,0.7163870495540295,23,0.11731504692906601,23
4,val,change_shape_color,crop_contours,crop_contours -> change_shape_color,synthetic_pair_on_id_atomic_input,image_block_06,23,0.5848443632674819,23,0.17437764794264765,23,19.580941262782925,23,16.246320970622392,23,0.0,23,0.24910707447564526,23,0.03215888739938681,23,41.04625628357553,23,40.88516363073438,23,0.0,23,0.0,23,0.0,23,0.0,23,0.0,23,1.0,23,1.0,23,0.09150905824120892,23,0.1784373569070121,23,0.19025247633432904,23,0.18504224864845803,23,0.0934401810756751,23,0.17652347206102417,23,1.0,23,0.0,23,1.0,23,0.0,23,0.12468391546485859,23,0.12468391546485859,23,23,0.5848443632674819,0.17437764794264765,23,0.24910707447564526,0.03215888739938681,11,1.0,0,,76.64572222886596,23,0.6683893695121441,23,0.12468391546485859,23
4,val,change_shape_color,crop_contours,crop_contours -> change_shape_color,synthetic_pair_on_id_atomic_input,image_final_norm,23,0.5817382849383929,23,0.16706971981944094,23,3.069690005295917,23,2.483718409971889,23,0.0,23,0.2596680492355931,23,0.0347352563908378,23,6.062563565382804,23,6.036543929068599,23,0.0,23,0.0,23,0.0,23,0.0,23,0.0,23,1.0,23,1.0,23,0.09255117909618744,23,0.17538139235075062,23,0.18684585559745345,23,0.18025455962413642,23,0.09302471889141098,23,0.1719423123224444,23,1.0,23,0.0,23,1.0,23,0.0,23,0.12527413287697042,23,0.12527413287697042,23,23,0.5817382849383929,0.16706971981944094,23,0.2596680492355931,0.0347352563908378,11,1.0,0,,21.56457750828715,23,0.8605945144917828,23,0.12527413287697042,23
4,val,change_shape_color,double_right,double_right -> change_shape_color,synthetic_pair_on_id_atomic_input,image_input_tokens,20,0.7185701804097541,20,0.1200630451563834,20,0.39635207748375073,20,0.6891560367971655,20,0.0,20,0.5926149608544035,20,0.18094659360965126,20,0.6572020013158666,20,0.6572266526653328,20,0.0,20,0.0,20,0.0,20,0.0,20,0.0,20,1.0,20,1.0,20,0.00016519624307466464,20,0.04393870746659857,20,0.043917972810491035,20,0.04715505989176959,20,0.00025590397971370386,20,0.04714348327608542,20,1.0,20,0.0,20,1.0,20,1.0,20,0.026519598893315188,20,0.026519598893315188,20,20,0.7185701804097541,0.1200630451563834,20,0.5926149608544035,0.18094659360965126,11,1.0,0,,4.2852880519441525,20,0.31159639159665004,20,0.026519598893315188,20
4,val,change_shape_color,double_right,double_right -> change_shape_color,synthetic_pair_on_id_atomic_input,image_block_01,20,0.34274344780443533,20,0.04250199418434701,20,6.702011142140361,20,8.020945455742694,20,0.0,20,0.14574085173714021,20,0.01069503092829462,20,17.393955952995896,20,17.39553836561463,20,0.0,20,0.0,20,0.0,20,0.0,20,0.0,20,1.0,20,1.0,20,0.03393690902834044,20,0.04367345257859957,20,0.05823010975455898,20,0.05470361055726299,20,0.04048899719326075,20,0.0417558987911346,20,1.0,20,0.0,20,1.0,20,0.85,20,0.03791145689640716,20,0.03791145689640716,20,20,0.34274344780443533,0.04250199418434701,20,0.14574085173714021,0.01069503092829462,11,1.0,0,,26.716171519318642,20,0.5667734844589369,20,0.03791145689640716,20
4,val,change_shape_color,double_right,double_right -> change_shape_color,synthetic_pair_on_id_atomic_input,image_block_02,20,0.30383535254191263,20,0.04240809505371315,20,10.927263395663783,20,12.00805177347705,20,0.0,20,0.11553874366566505,20,0.006635819528006098,20,30.715059981230876,20,30.814434420070096,20,0.0,20,0.0,20,0.0,20,0.0,20,0.0,20,1.0,20,1.0,20,0.05427013408459717,20,0.08879096597497561,20,0.10273669980946531,20,0.09505511194181027,20,0.06281493846656278,20,0.08758209986874788,20,1.0,20,0.0,20,1.0,20,0.3,20,0.05831949075278566,20,0.05831949075278566,20,20,0.30383535254191263,0.04240809505371315,20,0.11553874366566505,0.006635819528006098,11,1.0,0,,48.58629071488876,20,0.5415957598125292,20,0.05831949075278566,20
4,val,change_shape_color,double_right,double_right -> change_shape_color,synthetic_pair_on_id_atomic_input,image_block_03,20,0.25955468346410326,20,0.03201532665706005,20,16.212737072240987,20,17.270915306553114,20,0.0,20,0.12508479215417334,20,0.00796138745435308,20,35.80202135322008,20,35.9358318166109,20,0.0,20,0.0,20,0.0,20,0.0,20,0.0,20,1.0,20,1.0,20,0.06797551513734487,20,0.1035646482160775,20,0.1202560077806822,20,0.11217790757643786,20,0.07827308428698727,20,0.10004696830761259,20,1.0,20,0.0,20,1.0,20,0.0,20,0.07841897949567259,20,0.07841897949567259,20,20,0.25955468346410326,0.03201532665706005,20,0.12508479215417334,0.00796138745435308,11,1.0,0,,48.84316276134747,20,0.48795671974635263,20,0.07841897949567259,20
4,val,change_shape_color,double_right,double_right -> change_shape_color,synthetic_pair_on_id_atomic_input,image_block_04,20,0.281073422978923,20,0.03752163664710782,20,16.754071657294517,20,17.950468986534034,20,0.0,20,0.12324771214005537,20,0.007782386126691704,20,41.006299000587,20,41.13341362137136,20,0.0,20,0.0,20,0.0,20,0.0,20,0.0,20,1.0,20,1.0,20,0.07001340140927394,20,0.10476950474907831,20,0.12359737574436387,20,0.11723664077232784,20,0.08265775011087427,20,0.10435010824445545,20,1.0,20,0.0,20,1.0,20,0.0,20,0.08240804499499542,20,0.08240804499499542,20,20,0.281073422978923,0.03752163664710782,20,0.12324771214005537,0.007782386126691704,11,1.0,0,,52.973358452297035,20,0.44689844695092396,20,0.08240804499499542,20
4,val,change_shape_color,double_right,double_right -> change_shape_color,synthetic_pair_on_id_atomic_input,image_block_05,20,0.30811203105688073,20,0.04556661597667787,20,17.410744185447292,20,18.895663355159634,20,0.0,20,0.1334857402058806,20,0.009215741972313451,20,43.04020498509455,20,43.26193308658364,20,0.0,20,0.0,20,0.0,20,0.0,20,0.0,20,1.0,20,1.0,20,0.07744873215565325,20,0.12202023002711908,20,0.14550701260844218,20,0.13248989741543515,20,0.09683222318823494,20,0.122380991246239,20,1.0,20,0.0,20,1.0,20,0.0,20,0.09717090031745779,20,0.09717090031745779,20,20,0.30811203105688073,0.04556661597667787,20,0.1334857402058806,0.009215741972313451,11,1.0,0,,63.408509919000515,20,0.548640371926959,20,0.09717090031745779,20
4,val,change_shape_color,double_right,double_right -> change_shape_color,synthetic_pair_on_id_atomic_input,image_block_06,20,0.36698143086119744,20,0.07082619364144616,20,18.949487323513296,20,20.62648795336013,20,0.0,20,0.1627259136902172,20,0.01462812709776708,20,46.012111273996325,20,46.361511472867015,20,0.0,20,0.0,20,0.0,20,0.0,20,0.0,20,1.0,20,1.0,20,0.08634486780898085,20,0.1373108854113934,20,0.16431730517190474,20,0.14757618012255347,20,0.11561505466825098,20,0.1371316203805267,20,1.0,20,0.0,20,1.0,20,0.0,20,0.11562542544397322,20,0.11562542544397322,20,20,0.36698143086119744,0.07082619364144616,20,0.1627259136902172,0.01462812709776708,11,1.0,0,,61.23919447738483,20,0.6409498791076734,20,0.11562542544397322,20
4,val,change_shape_color,double_right,double_right -> change_shape_color,synthetic_pair_on_id_atomic_input,image_final_norm,20,0.381615851383045,20,0.0682745149230937,20,2.9009584475878856,20,3.341116728898784,20,0.0,20,0.18462977968353197,20,0.01813576093457563,20,6.626165536846754,20,6.690635889970726,20,0.0,20,0.0,20,0.0,20,0.0,20,0.0,20,1.0,20,1.0,20,0.08770627609528944,20,0.14454687771719807,20,0.1743504419454724,20,0.1558335627100264,20,0.12346083957850577,20,0.1441333273853304,20,1.0,20,0.0,20,1.0,20,0.0,20,0.12772869358644612,20,0.12772869358644612,20,20,0.381615851383045,0.0682745149230937,20,0.18462977968353197,0.01813576093457563,11,1.0,0,,20.234168844453798,20,0.7968272911691081,20,0.12772869358644612,20
4,val,crop_contours,change_shape_color,change_shape_color -> crop_contours,synthetic_pair_on_id_atomic_input,image_input_tokens,23,0.6413502732077,23,0.2104040643134244,23,0.4824928193234119,23,0.4835809667868034,23,0.0,23,0.944132741818577,23,0.12512379503007448,23,0.48022097306684847,23,0.20064072581536835,23,0.0,23,0.0,23,0.0,23,0.0,23,0.0,23,1.0,23,1.0,23,0.023490800184881498,23,0.00019395127651242349,23,0.023443596936227995,23,0.023456761417031343,23,0.023455724971602178,23,0.0001025710960895984,23,1.0,23,0.0,23,1.0,23,1.0,23,0.012422866185429681,23,0.012422866185429681,23,23,0.6413502732077,0.2104040643134244,23,0.944132741818577,0.12512379503007448,0,,0,,1.439527386797834,23,0.2372041631451145,23,0.012422866185429681,23
4,val,crop_contours,change_shape_color,change_shape_color -> crop_contours,synthetic_pair_on_id_atomic_input,image_block_01,23,0.2024496703599173,23,0.020172064149005013,23,17.07633510067466,23,17.21718604734686,23,0.0,23,0.546650745681292,23,0.12598843039957983,23,7.38531273735614,23,5.8434656418734505,23,0.0,23,0.0,23,0.0,23,0.0,23,0.0,23,1.0,23,1.0,23,0.09147664829113861,23,0.0381488668806605,23,0.09639160466724656,23,0.10424236304458744,23,0.08671624681985651,23,0.043150633142352054,23,1.0,23,0.0,23,1.0,23,0.34782608695652173,23,0.05671166429849884,23,0.05671166429849884,23,23,0.2024496703599173,0.020172064149005013,23,0.546650745681292,0.12598843039957983,0,,0,,36.63362406593983,23,0.6088001642632278,23,0.05671166429849884,23
4,val,crop_contours,change_shape_color,change_shape_color -> crop_contours,synthetic_pair_on_id_atomic_input,image_block_02,23,0.21591220526830096,23,0.0235845078110484,23,27.46114543238535,23,27.162565885006583,23,0.0,23,0.5616767620475651,23,0.1671800641011826,23,11.655673845427623,23,10.239581141503713,23,0.0,23,0.0,23,0.0,23,0.0,23,0.0,23,1.0,23,1.0,23,0.1557465173823529,23,0.05805213151958897,23,0.15335615739473013,23,0.16072735149219777,23,0.14534489549610016,23,0.06655541399105946,23,1.0,23,0.0,23,1.0,23,0.0,23,0.08931448911128204,23,0.08931448911128204,23,23,0.21591220526830096,0.0235845078110484,23,0.5616767620475651,0.1671800641011826,0,,0,,59.95851266952643,23,0.649109505919181,23,0.08931448911128204,23
4,val,crop_contours,change_shape_color,change_shape_color -> crop_contours,synthetic_pair_on_id_atomic_input,image_block_03,23,0.24062980321566665,23,0.029894074538264582,23,33.64635679425142,23,33.51043973824015,23,0.0,23,0.5393931450284564,23,0.15081104283773297,23,16.644983598338612,23,14.265772969009568,23,0.0,23,0.0,23,0.0,23,0.0,23,0.0,23,1.0,23,1.0,23,0.18165807242657844,23,0.07061464536604085,23,0.18012968752879405,23,0.1844043044522705,23,0.1737096547636557,23,0.07588923940121468,23,1.0,23,0.0,23,1.0,23,0.0,23,0.10846357641574186,23,0.10846357641574186,23,23,0.24062980321566665,0.029894074538264582,23,0.5393931450284564,0.15081104283773297,0,,0,,68.13495522213931,23,0.6014954643049035,23,0.10846357641574186,23
4,val,crop_contours,change_shape_color,change_shape_color -> crop_contours,synthetic_pair_on_id_atomic_input,image_block_04,23,0.24437825396785118,23,0.03080200689556666,23,35.3683841210508,23,35.32766842434074,23,0.0,23,0.5557133639446076,23,0.15952629392809037,23,17.303284598267982,23,14.775821002386927,23,0.0,23,0.0,23,0.0,23,0.0,23,0.0,23,1.0,23,1.0,23,0.1717479056734813,23,0.0727624079786271,23,0.1741311641709519,23,0.1771964597354339,23,0.1650901177091441,23,0.07918910206428861,23,1.0,23,0.0,23,1.0,23,0.0,23,0.1114555987609506,23,0.1114555987609506,23,23,0.24437825396785118,0.03080200689556666,23,0.5557133639446076,0.15952629392809037,0,,0,,80.49814670167488,23,0.6990888363923414,23,0.1114555987609506,23
4,val,crop_contours,change_shape_color,change_shape_color -> crop_contours,synthetic_pair_on_id_atomic_input,image_block_05,23,0.23534167953204027,23,0.02861359049921644,23,39.054680540775436,23,39.21228055581339,23,0.0,23,0.5671661325412808,23,0.16443093990268132,23,18.02966064666747,23,15.33095606525204,23,0.0,23,0.0,23,0.0,23,0.0,23,0.0,23,1.0,23,1.0,23,0.1762238617287797,23,0.08217285866728993,23,0.18311385733887903,23,0.18496453247209094,23,0.17539279812290154,23,0.08621812995082079,23,1.0,23,0.0,23,1.0,23,0.0,23,0.11731504692906601,23,0.11731504692906601,23,23,0.23534167953204027,0.02861359049921644,23,0.5671661325412808,0.16443093990268132,0,,0,,81.08694880210669,23,0.7163870495540295,23,0.11731504692906601,23
4,val,crop_contours,change_shape_color,change_shape_color -> crop_contours,synthetic_pair_on_id_atomic_input,image_block_06,23,0.24910707447564526,23,0.03215888739938681,23,41.04625628357553,23,40.88516363073438,23,0.0,23,0.5848443632674819,23,0.17437764794264765,23,19.580941262782925,23,16.246320970622392,23,0.0,23,0.0,23,0.0,23,0.0,23,0.0,23,1.0,23,1.0,23,0.1784373569070121,23,0.09150905824120892,23,0.18504224864845803,23,0.19025247633432904,23,0.17652347206102417,23,0.0934401810756751,23,1.0,23,0.0,23,1.0,23,0.0,23,0.12468391546485859,23,0.12468391546485859,23,23,0.24910707447564526,0.03215888739938681,23,0.5848443632674819,0.17437764794264765,0,,0,,76.64572222886596,23,0.6683893695121441,23,0.12468391546485859,23
4,val,crop_contours,change_shape_color,change_shape_color -> crop_contours,synthetic_pair_on_id_atomic_input,image_final_norm,23,0.2596680492355931,23,0.0347352563908378,23,6.062563565382804,23,6.036543929068599,23,0.0,23,0.5817382849383929,23,0.16706971981944094,23,3.069690005295917,23,2.483718409971889,23,0.0,23,0.0,23,0.0,23,0.0,23,0.0,23,1.0,23,1.0,23,0.17538139235075062,23,0.09255117909618744,23,0.18025455962413642,23,0.18684585559745345,23,0.1719423123224444,23,0.09302471889141098,23,1.0,23,0.0,23,1.0,23,0.0,23,0.12527413287697042,23,0.12527413287697042,23,23,0.2596680492355931,0.0347352563908378,23,0.5817382849383929,0.16706971981944094,0,,0,,21.56457750828715,23,0.8605945144917828,23,0.12527413287697042,23
4,val,crop_contours,crop_contours,crop_contours -> crop_contours,synthetic_pair_on_id_atomic_input,image_input_tokens,3,0.4814872656210514,3,0.06506786996229792,3,0.5613043112008448,3,0.40922994960135345,3,0.0,3,0.4814872656210514,3,0.06506786996229792,3,0.5613043112008448,3,0.40922994960135345,3,0.0,3,0.0,3,0.0,3,0.0,3,0.0,3,1.0,3,0.0,3,0.017320883449406937,3,0.017320883449406937,3,0.02557314276089045,3,0.02557314276089045,3,0.027668240987328025,3,0.027668240987328025,3,2.0,3,2.0,3,0.0,3,,,,,,,3,0.4814872656210514,0.06506786996229792,3,0.4814872656210514,0.06506786996229792,11,1.0,0,,,,,,,
4,val,crop_contours,crop_contours,crop_contours -> crop_contours,synthetic_pair_on_id_atomic_input,image_block_01,3,1.0252409062636216,3,0.3527264904586218,3,12.251566049197862,3,23.741721604462995,3,0.0,3,1.0252409062636216,3,0.3527264904586218,3,12.251566049197862,3,23.741721604462995,3,0.0,3,0.0,3,0.0,3,0.0,3,0.0,3,1.0,3,0.0,3,0.08276068800135832,3,0.08276068800135832,3,0.17141158691570293,3,0.17141158691570293,3,0.17912619285383916,3,0.17912619285383916,3,2.0,3,2.0,3,0.0,3,,,,,,,3,1.0252409062636216,0.3527264904586218,3,1.0252409062636216,0.3527264904586218,11,1.0,0,,,,,,,
4,val,crop_contours,crop_contours,crop_contours -> crop_contours,synthetic_pair_on_id_atomic_input,image_block_02,3,1.0315775206057531,3,0.4368361040757473,3,21.660685853000867,3,35.44886238926858,3,0.0,3,1.0315775206057531,3,0.4368361040757473,3,21.660685853000867,3,35.44886238926858,3,0.0,3,0.0,3,0.0,3,0.0,3,0.0,3,1.0,3,0.0,3,0.13799736861181935,3,0.13799736861181935,3,0.26184936061364916,3,0.26184936061364916,3,0.2630310062215758,3,0.2630310062215758,3,2.0,3,2.0,3,0.0,3,,,,,,,3,1.0315775206057531,0.4368361040757473,3,1.0315775206057531,0.4368361040757473,11,1.0,0,,,,,,,
4,val,crop_contours,crop_contours,crop_contours -> crop_contours,synthetic_pair_on_id_atomic_input,image_block_03,3,1.0641458907836345,3,0.5229485012180394,3,28.69284100434369,3,43.68230622727199,3,0.0,3,1.0641458907836345,3,0.5229485012180394,3,28.69284100434369,3,43.68230622727199,3,0.0,3,0.0,3,0.0,3,0.0,3,0.0,3,1.0,3,0.0,3,0.16301959541505115,3,0.16301959541505115,3,0.29446130527819686,3,0.29446130527819686,3,0.2661077526235783,3,0.2661077526235783,3,2.0,3,2.0,3,0.0,3,,,,,,,3,1.0641458907836345,0.5229485012180394,3,1.0641458907836345,0.5229485012180394,11,1.0,0,,,,,,,
4,val,crop_contours,crop_contours,crop_contours -> crop_contours,synthetic_pair_on_id_atomic_input,image_block_04,3,1.022186261579357,3,0.4870921018281289,3,32.146874487468004,3,44.81365932047263,3,0.0,3,1.022186261579357,3,0.4870921018281289,3,32.146874487468004,3,44.81365932047263,3,0.0,3,0.0,3,0.0,3,0.0,3,0.0,3,1.0,3,0.0,3,0.1492469605205884,3,0.1492469605205884,3,0.2675438567267463,3,0.2675438567267463,3,0.2606433236330899,3,0.2606433236330899,3,2.0,3,2.0,3,0.0,3,,,,,,,3,1.022186261579357,0.4870921018281289,3,1.022186261579357,0.4870921018281289,11,1.0,0,,,,,,,
4,val,crop_contours,crop_contours,crop_contours -> crop_contours,synthetic_pair_on_id_atomic_input,image_block_05,3,1.0129526345591704,3,0.4897641167320788,3,38.32203365754106,3,47.465142521826785,3,0.0,3,1.0129526345591704,3,0.4897641167320788,3,38.32203365754106,3,47.465142521826785,3,0.0,3,0.0,3,0.0,3,0.0,3,0.0,3,1.0,3,0.0,3,0.15882572464362554,3,0.15882572464362554,3,0.2568169435486578,3,0.2568169435486578,3,0.2584692930444406,3,0.2584692930444406,3,2.0,3,2.0,3,0.0,3,,,,,,,3,1.0129526345591704,0.4897641167320788,3,1.0129526345591704,0.4897641167320788,11,1.0,0,,,,,,,
4,val,crop_contours,crop_contours,crop_contours -> crop_contours,synthetic_pair_on_id_atomic_input,image_block_06,3,1.033790540347505,3,0.5153761213283091,3,40.70485109462464,3,48.227736628973275,3,0.0,3,1.033790540347505,3,0.5153761213283091,3,40.70485109462464,3,48.227736628973275,3,0.0,3,0.0,3,0.0,3,0.0,3,0.0,3,1.0,3,0.0,3,0.16914683093862037,3,0.16914683093862037,3,0.2737451836474591,3,0.2737451836474591,3,0.2671067363127074,3,0.2671067363127074,3,2.0,3,2.0,3,0.0,3,,,,,,,3,1.033790540347505,0.5153761213283091,3,1.033790540347505,0.5153761213283091,11,1.0,0,,,,,,,
4,val,crop_contours,crop_contours,crop_contours -> crop_contours,synthetic_pair_on_id_atomic_input,image_final_norm,3,1.035206149802046,3,0.5180912141282293,3,6.090234207205288,3,7.06263015214608,3,0.0,3,1.035206149802046,3,0.5180912141282293,3,6.090234207205288,3,7.06263015214608,3,0.0,3,0.0,3,0.0,3,0.0,3,0.0,3,1.0,3,0.0,3,0.16492741293882265,3,0.16492741293882265,3,0.27052988820760576,3,0.27052988820760576,3,0.26533312656898345,3,0.26533312656898345,3,2.0,3,2.0,3,0.0,3,,,,,,,3,1.035206149802046,0.5180912141282293,3,1.035206149802046,0.5180912141282293,11,1.0,0,,,,,,,
4,val,crop_contours,double_right,double_right -> crop_contours,synthetic_pair_on_id_atomic_input,image_input_tokens,11,0.5597170207304838,11,0.11200960850886975,11,0.4818008820387325,11,0.6776691256979336,11,0.0,11,1.084988307578314,11,0.19996969681265908,11,0.7245264817022486,11,0.259518202601829,11,0.0,11,0.0,11,0.0,11,0.0,11,0.0,11,0.0,11,0.0,11,0.02244677532561315,11,0.04891355030037117,11,0.04804949138012296,11,0.04251700551468903,11,0.039582374443788926,11,0.028776921762046433,11,0.0,11,0.0,11,0.0,11,,,,,,,11,0.5597170207304838,0.11200960850886975,11,1.084988307578314,0.19996969681265908,0,,0,,,,,,,
4,val,crop_contours,double_right,double_right -> crop_contours,synthetic_pair_on_id_atomic_input,image_block_01,11,0.4663734730963419,11,0.098568362953813,11,17.687751461987673,11,15.823555240309453,11,0.0,11,0.7684497634434393,11,0.1768595513664219,11,18.907532030956894,11,11.162623280423194,11,0.0,11,0.0,11,0.0,11,0.0,11,0.0,11,0.0,11,0.0,11,0.07902371755688138,11,0.045220367241100616,11,0.0980075225574209,11,0.09940342259249507,11,0.09738636349214393,11,0.049858987237162644,11,0.0,11,0.0,11,0.0,11,,,,,,,11,0.4663734730963419,0.098568362953813,11,0.7684497634434393,0.1768595513664219,0,,0,,,,,,,
4,val,crop_contours,double_right,double_right -> crop_contours,synthetic_pair_on_id_atomic_input,image_block_02,11,0.5476634471538001,11,0.14226258003837913,11,27.82742255639948,11,25.073478721210265,11,0.0,11,0.8209932108818644,11,0.21515197851582543,11,32.900735653382974,11,19.149728418365477,11,0.0,11,0.0,11,0.0,11,0.0,11,0.0,11,0.0,11,0.0,11,0.1473557091475064,11,0.08593471680699018,11,0.17055419509327005,11,0.16345701178591768,11,0.16326413357010816,11,0.1073414598522266,11,0.0,11,0.0,11,0.0,11,,,,,,,11,0.5476634471538001,0.14226258003837913,11,0.8209932108818644,0.21515197851582543,0,,0,,,,,,,
4,val,crop_contours,double_right,double_right -> crop_contours,synthetic_pair_on_id_atomic_input,image_block_03,11,0.5760656992512901,11,0.15387168381557706,11,34.33742493638383,11,29.555179129505053,11,0.0,11,0.857604629461811,11,0.24774565829113596,11,38.377493711531315,11,22.24676659928426,11,0.0,11,0.0,11,0.0,11,0.0,11,0.0,11,0.0,11,0.0,11,0.17291261971951313,11,0.0984086661953314,11,0.21063694940911706,11,0.18685264590309678,11,0.21059912308113207,11,0.11311073719163628,11,0.0,11,0.0,11,0.0,11,,,,,,,11,0.5760656992512901,0.15387168381557706,11,0.857604629461811,0.24774565829113596,0,,0,,,,,,,
4,val,crop_contours,double_right,double_right -> crop_contours,synthetic_pair_on_id_atomic_input,image_block_04,11,0.5899305623725302,11,0.17012716772568223,11,35.39351172053821,11,32.259977742126566,11,0.0,11,0.8845310920741983,11,0.24395255697440243,11,44.29011623695431,11,24.207918142596963,11,0.0,11,0.0,11,0.0,11,0.0,11,0.0,11,0.0,11,0.0,11,0.15620199685671188,11,0.09946666840254831,11,0.21752522302156863,11,0.17769434999420014,11,0.21818813411203675,11,0.11608875979887462,11,0.0,11,0.0,11,0.0,11,,,,,,,11,0.5899305623725302,0.17012716772568223,11,0.8845310920741983,0.24395255697440243,0,,0,,,,,,,
4,val,crop_contours,double_right,double_right -> crop_contours,synthetic_pair_on_id_atomic_input,image_block_05,11,0.6242652742713045,11,0.1918615162655147,11,39.172255181555514,11,35.21302093614397,11,0.0,11,0.9125176917182063,11,0.2753601223134224,11,46.39630868306943,11,25.73956766548466,11,0.0,11,0.0,11,0.0,11,0.0,11,0.0,11,0.0,11,0.0,11,0.1598573268071619,11,0.11891214163082703,11,0.24509147062551226,11,0.19446480577972833,11,0.24792784080533095,11,0.1335617544456871,11,0.0,11,0.0,11,0.0,11,,,,,,,11,0.6242652742713045,0.1918615162655147,11,0.9125176917182063,0.2753601223134224,0,,0,,,,,,,
4,val,crop_contours,double_right,double_right -> crop_contours,synthetic_pair_on_id_atomic_input,image_block_06,11,0.6414919820985882,11,0.20542293219307375,11,41.35494384358025,11,38.65295375954536,11,0.0,11,0.9547896827891229,11,0.30963127104697363,11,49.01357933728152,11,26.57112585921252,11,0.0,11,0.0,11,0.0,11,0.0,11,0.0,11,0.0,11,0.0,11,0.1608894428732511,11,0.12689174936212835,11,0.2607274505247787,11,0.2061656132803372,11,0.26708419626638236,11,0.1470601173344553,11,0.0,11,0.0,11,0.0,11,,,,,,,11,0.6414919820985882,0.20542293219307375,11,0.9547896827891229,0.30963127104697363,0,,0,,,,,,,
4,val,crop_contours,double_right,double_right -> crop_contours,synthetic_pair_on_id_atomic_input,image_final_norm,11,0.6452622308592554,11,0.20965975494086642,11,6.015041516413637,11,5.975103788466035,11,0.0,11,0.9801818351182497,11,0.3312859635842869,11,7.087839621129448,11,3.799316316064061,11,0.0,11,0.0,11,0.0,11,0.0,11,0.0,11,0.0,11,0.0,11,0.15930734184242212,11,0.13497977669138964,11,0.2691705497740848,11,0.21469037814999234,11,0.2740739470990939,11,0.15520564164933218,11,0.0,11,0.0,11,0.0,11,,,,,,,11,0.6452622308592554,0.20965975494086642,11,0.9801818351182497,0.3312859635842869,0,,0,,,,,,,
4,val,double_right,change_shape_color,change_shape_color -> double_right,synthetic_pair_on_id_atomic_input,image_input_tokens,20,0.5926149608544035,20,0.18094659360965126,20,0.6572020013158666,20,0.6572266526653328,20,0.0,20,0.7185701804097541,20,0.1200630451563834,20,0.39635207748375073,20,0.6891560367971655,20,0.0,20,0.0,20,0.0,20,0.0,20,0.0,20,1.0,20,1.0,20,0.04393870746659857,20,0.00016519624307466464,20,0.04715505989176959,20,0.043917972810491035,20,0.04714348327608542,20,0.00025590397971370386,20,1.0,20,0.0,20,1.0,20,1.0,20,0.026519598893315188,20,0.026519598893315188,20,20,0.5926149608544035,0.18094659360965126,20,0.7185701804097541,0.1200630451563834,11,0.9927272742444818,0,,4.2852880519441525,20,0.31159639159665004,20,0.026519598893315188,20
4,val,double_right,change_shape_color,change_shape_color -> double_right,synthetic_pair_on_id_atomic_input,image_block_01,20,0.14574085173714021,20,0.01069503092829462,20,17.393955952995896,20,17.39553836561463,20,0.0,20,0.34274344780443533,20,0.04250199418434701,20,6.702011142140361,20,8.020945455742694,20,0.0,20,0.0,20,0.0,20,0.0,20,0.0,20,1.0,20,1.0,20,0.04367345257859957,20,0.03393690902834044,20,0.05470361055726299,20,0.05823010975455898,20,0.0417558987911346,20,0.04048899719326075,20,1.0,20,0.0,20,1.0,20,0.85,20,0.03791145689640716,20,0.03791145689640716,20,20,0.14574085173714021,0.01069503092829462,20,0.34274344780443533,0.04250199418434701,11,0.9927272742444818,0,,26.716171519318642,20,0.5667734844589369,20,0.03791145689640716,20
4,val,double_right,change_shape_color,change_shape_color -> double_right,synthetic_pair_on_id_atomic_input,image_block_02,20,0.11553874366566505,20,0.006635819528006098,20,30.715059981230876,20,30.814434420070096,20,0.0,20,0.30383535254191263,20,0.04240809505371315,20,10.927263395663783,20,12.00805177347705,20,0.0,20,0.0,20,0.0,20,0.0,20,0.0,20,1.0,20,1.0,20,0.08879096597497561,20,0.05427013408459717,20,0.09505511194181027,20,0.10273669980946531,20,0.08758209986874788,20,0.06281493846656278,20,1.0,20,0.0,20,1.0,20,0.3,20,0.05831949075278566,20,0.05831949075278566,20,20,0.11553874366566505,0.006635819528006098,20,0.30383535254191263,0.04240809505371315,11,0.9927272742444818,0,,48.58629071488876,20,0.5415957598125292,20,0.05831949075278566,20
4,val,double_right,change_shape_color,change_shape_color -> double_right,synthetic_pair_on_id_atomic_input,image_block_03,20,0.12508479215417334,20,0.00796138745435308,20,35.80202135322008,20,35.9358318166109,20,0.0,20,0.25955468346410326,20,0.03201532665706005,20,16.212737072240987,20,17.270915306553114,20,0.0,20,0.0,20,0.0,20,0.0,20,0.0,20,1.0,20,1.0,20,0.1035646482160775,20,0.06797551513734487,20,0.11217790757643786,20,0.1202560077806822,20,0.10004696830761259,20,0.07827308428698727,20,1.0,20,0.0,20,1.0,20,0.0,20,0.07841897949567259,20,0.07841897949567259,20,20,0.12508479215417334,0.00796138745435308,20,0.25955468346410326,0.03201532665706005,11,0.9927272742444818,0,,48.84316276134747,20,0.48795671974635263,20,0.07841897949567259,20
4,val,double_right,change_shape_color,change_shape_color -> double_right,synthetic_pair_on_id_atomic_input,image_block_04,20,0.12324771214005537,20,0.007782386126691704,20,41.006299000587,20,41.13341362137136,20,0.0,20,0.281073422978923,20,0.03752163664710782,20,16.754071657294517,20,17.950468986534034,20,0.0,20,0.0,20,0.0,20,0.0,20,0.0,20,1.0,20,1.0,20,0.10476950474907831,20,0.07001340140927394,20,0.11723664077232784,20,0.12359737574436387,20,0.10435010824445545,20,0.08265775011087427,20,1.0,20,0.0,20,1.0,20,0.0,20,0.08240804499499542,20,0.08240804499499542,20,20,0.12324771214005537,0.007782386126691704,20,0.281073422978923,0.03752163664710782,11,0.9927272742444818,0,,52.973358452297035,20,0.44689844695092396,20,0.08240804499499542,20
4,val,double_right,change_shape_color,change_shape_color -> double_right,synthetic_pair_on_id_atomic_input,image_block_05,20,0.1334857402058806,20,0.009215741972313451,20,43.04020498509455,20,43.26193308658364,20,0.0,20,0.30811203105688073,20,0.04556661597667787,20,17.410744185447292,20,18.895663355159634,20,0.0,20,0.0,20,0.0,20,0.0,20,0.0,20,1.0,20,1.0,20,0.12202023002711908,20,0.07744873215565325,20,0.13248989741543515,20,0.14550701260844218,20,0.122380991246239,20,0.09683222318823494,20,1.0,20,0.0,20,1.0,20,0.0,20,0.09717090031745779,20,0.09717090031745779,20,20,0.1334857402058806,0.009215741972313451,20,0.30811203105688073,0.04556661597667787,11,0.9927272742444818,0,,63.408509919000515,20,0.548640371926959,20,0.09717090031745779,20
4,val,double_right,change_shape_color,change_shape_color -> double_right,synthetic_pair_on_id_atomic_input,image_block_06,20,0.1627259136902172,20,0.01462812709776708,20,46.012111273996325,20,46.361511472867015,20,0.0,20,0.36698143086119744,20,0.07082619364144616,20,18.949487323513296,20,20.62648795336013,20,0.0,20,0.0,20,0.0,20,0.0,20,0.0,20,1.0,20,1.0,20,0.1373108854113934,20,0.08634486780898085,20,0.14757618012255347,20,0.16431730517190474,20,0.1371316203805267,20,0.11561505466825098,20,1.0,20,0.0,20,1.0,20,0.0,20,0.11562542544397322,20,0.11562542544397322,20,20,0.1627259136902172,0.01462812709776708,20,0.36698143086119744,0.07082619364144616,11,0.9927272742444818,0,,61.23919447738483,20,0.6409498791076734,20,0.11562542544397322,20
4,val,double_right,change_shape_color,change_shape_color -> double_right,synthetic_pair_on_id_atomic_input,image_final_norm,20,0.18462977968353197,20,0.01813576093457563,20,6.626165536846754,20,6.690635889970726,20,0.0,20,0.381615851383045,20,0.0682745149230937,20,2.9009584475878856,20,3.341116728898784,20,0.0,20,0.0,20,0.0,20,0.0,20,0.0,20,1.0,20,1.0,20,0.14454687771719807,20,0.08770627609528944,20,0.1558335627100264,20,0.1743504419454724,20,0.1441333273853304,20,0.12346083957850577,20,1.0,20,0.0,20,1.0,20,0.0,20,0.12772869358644612,20,0.12772869358644612,20,20,0.18462977968353197,0.01813576093457563,20,0.381615851383045,0.0682745149230937,11,0.9927272742444818,0,,20.234168844453798,20,0.7968272911691081,20,0.12772869358644612,20
4,val,double_right,crop_contours,crop_contours -> double_right,synthetic_pair_on_id_atomic_input,image_input_tokens,11,1.084988307578314,11,0.19996969681265908,11,0.7245264817022486,11,0.259518202601829,11,0.0,11,0.5597170207304838,11,0.11200960850886975,11,0.4818008820387325,11,0.6776691256979336,11,0.0,11,0.0,11,0.0,11,0.0,11,0.0,11,0.0,11,0.0,11,0.04891355030037117,11,0.02244677532561315,11,0.04251700551468903,11,0.04804949138012296,11,0.028776921762046433,11,0.039582374443788926,11,0.0,11,0.0,11,0.0,11,,,,,,,11,1.084988307578314,0.19996969681265908,11,0.5597170207304838,0.11200960850886975,0,,0,,,,,,,
4,val,double_right,crop_contours,crop_contours -> double_right,synthetic_pair_on_id_atomic_input,image_block_01,11,0.7684497634434393,11,0.1768595513664219,11,18.907532030956894,11,11.162623280423194,11,0.0,11,0.4663734730963419,11,0.098568362953813,11,17.687751461987673,11,15.823555240309453,11,0.0,11,0.0,11,0.0,11,0.0,11,0.0,11,0.0,11,0.0,11,0.045220367241100616,11,0.07902371755688138,11,0.09940342259249507,11,0.0980075225574209,11,0.049858987237162644,11,0.09738636349214393,11,0.0,11,0.0,11,0.0,11,,,,,,,11,0.7684497634434393,0.1768595513664219,11,0.4663734730963419,0.098568362953813,0,,0,,,,,,,
4,val,double_right,crop_contours,crop_contours -> double_right,synthetic_pair_on_id_atomic_input,image_block_02,11,0.8209932108818644,11,0.21515197851582543,11,32.900735653382974,11,19.149728418365477,11,0.0,11,0.5476634471538001,11,0.14226258003837913,11,27.82742255639948,11,25.073478721210265,11,0.0,11,0.0,11,0.0,11,0.0,11,0.0,11,0.0,11,0.0,11,0.08593471680699018,11,0.1473557091475064,11,0.16345701178591768,11,0.17055419509327005,11,0.1073414598522266,11,0.16326413357010816,11,0.0,11,0.0,11,0.0,11,,,,,,,11,0.8209932108818644,0.21515197851582543,11,0.5476634471538001,0.14226258003837913,0,,0,,,,,,,
4,val,double_right,crop_contours,crop_contours -> double_right,synthetic_pair_on_id_atomic_input,image_block_03,11,0.857604629461811,11,0.24774565829113596,11,38.377493711531315,11,22.24676659928426,11,0.0,11,0.5760656992512901,11,0.15387168381557706,11,34.33742493638383,11,29.555179129505053,11,0.0,11,0.0,11,0.0,11,0.0,11,0.0,11,0.0,11,0.0,11,0.0984086661953314,11,0.17291261971951313,11,0.18685264590309678,11,0.21063694940911706,11,0.11311073719163628,11,0.21059912308113207,11,0.0,11,0.0,11,0.0,11,,,,,,,11,0.857604629461811,0.24774565829113596,11,0.5760656992512901,0.15387168381557706,0,,0,,,,,,,
4,val,double_right,crop_contours,crop_contours -> double_right,synthetic_pair_on_id_atomic_input,image_block_04,11,0.8845310920741983,11,0.24395255697440243,11,44.29011623695431,11,24.207918142596963,11,0.0,11,0.5899305623725302,11,0.17012716772568223,11,35.39351172053821,11,32.259977742126566,11,0.0,11,0.0,11,0.0,11,0.0,11,0.0,11,0.0,11,0.0,11,0.09946666840254831,11,0.15620199685671188,11,0.17769434999420014,11,0.21752522302156863,11,0.11608875979887462,11,0.21818813411203675,11,0.0,11,0.0,11,0.0,11,,,,,,,11,0.8845310920741983,0.24395255697440243,11,0.5899305623725302,0.17012716772568223,0,,0,,,,,,,
4,val,double_right,crop_contours,crop_contours -> double_right,synthetic_pair_on_id_atomic_input,image_block_05,11,0.9125176917182063,11,0.2753601223134224,11,46.39630868306943,11,25.73956766548466,11,0.0,11,0.6242652742713045,11,0.1918615162655147,11,39.172255181555514,11,35.21302093614397,11,0.0,11,0.0,11,0.0,11,0.0,11,0.0,11,0.0,11,0.0,11,0.11891214163082703,11,0.1598573268071619,11,0.19446480577972833,11,0.24509147062551226,11,0.1335617544456871,11,0.24792784080533095,11,0.0,11,0.0,11,0.0,11,,,,,,,11,0.9125176917182063,0.2753601223134224,11,0.6242652742713045,0.1918615162655147,0,,0,,,,,,,
4,val,double_right,crop_contours,crop_contours -> double_right,synthetic_pair_on_id_atomic_input,image_block_06,11,0.9547896827891229,11,0.30963127104697363,11,49.01357933728152,11,26.57112585921252,11,0.0,11,0.6414919820985882,11,0.20542293219307375,11,41.35494384358025,11,38.65295375954536,11,0.0,11,0.0,11,0.0,11,0.0,11,0.0,11,0.0,11,0.0,11,0.12689174936212835,11,0.1608894428732511,11,0.2061656132803372,11,0.2607274505247787,11,0.1470601173344553,11,0.26708419626638236,11,0.0,11,0.0,11,0.0,11,,,,,,,11,0.9547896827891229,0.30963127104697363,11,0.6414919820985882,0.20542293219307375,0,,0,,,,,,,
4,val,double_right,crop_contours,crop_contours -> double_right,synthetic_pair_on_id_atomic_input,image_final_norm,11,0.9801818351182497,11,0.3312859635842869,11,7.087839621129448,11,3.799316316064061,11,0.0,11,0.6452622308592554,11,0.20965975494086642,11,6.015041516413637,11,5.975103788466035,11,0.0,11,0.0,11,0.0,11,0.0,11,0.0,11,0.0,11,0.0,11,0.13497977669138964,11,0.15930734184242212,11,0.21469037814999234,11,0.2691705497740848,11,0.15520564164933218,11,0.2740739470990939,11,0.0,11,0.0,11,0.0,11,,,,,,,11,0.9801818351182497,0.3312859635842869,11,0.6452622308592554,0.20965975494086642,0,,0,,,,,,,
4,val_ood,crop_contours,double_right,double_right -> crop_contours,recorded_ood_composition,image_input_tokens,55,0.6083613468624328,55,0.1270899565285575,55,0.4811203532263086,55,0.6799150983535324,55,0.0,55,1.0528785250709738,55,0.19385264290714713,55,0.7566756360571821,55,0.29417423100071954,55,0.0,55,0.0,55,0.0,55,0.0,55,0.0,55,0.0,55,0.0,55,0.021968190974207845,55,0.04702767176833615,55,0.05383498059008449,55,0.045645776596277846,55,0.04807598885675841,55,0.03145396882008144,55,0.0,55,0.0,55,0.0,55,,,,,,,55,0.6083613468624328,0.1270899565285575,55,1.0528785250709738,0.19385264290714713,100,0.11316587066277861,55,0.12784841145304116,,,,,,
4,val_ood,crop_contours,double_right,double_right -> crop_contours,recorded_ood_composition,image_block_01,55,0.4825923817837134,55,0.11490881838850138,55,17.702001797428906,55,15.782256464621732,55,0.0,55,0.7435588201500021,55,0.15493186133339976,55,20.367269362003626,55,11.95269674410863,55,0.0,55,0.0,55,0.0,55,0.0,55,0.0,55,0.0,55,0.0,55,0.09170741369057894,55,0.044620927817144086,55,0.1149600401747541,55,0.10842259228512283,55,0.11058124819418694,55,0.04759179954879699,55,0.0,55,0.0,55,0.0,55,,,,,,,55,0.4825923817837134,0.11490881838850138,55,0.7435588201500021,0.15493186133339976,100,0.11316587066277861,55,0.12784841145304116,,,,,,
4,val_ood,crop_contours,double_right,double_right -> crop_contours,recorded_ood_composition,image_block_02,55,0.5533881972952504,55,0.15306396604707698,55,27.330615636513517,55,24.78622839010624,55,0.0,55,0.7625722573170703,55,0.1736618583772889,55,34.93127273056103,55,20.694262711315282,55,0.0,55,0.0,55,0.0,55,0.0,55,0.0,55,0.0,55,0.0,55,0.14529360088055265,55,0.07611626841551099,55,0.182182971388073,55,0.16678016471724452,55,0.17407164756278937,55,0.09815099441127342,55,0.0,55,0.0,55,0.0,55,,,,,,,55,0.5533881972952504,0.15306396604707698,55,0.7625722573170703,0.1736618583772889,100,0.11316587066277861,55,0.12784841145304116,,,,,,
4,val_ood,crop_contours,double_right,double_right -> crop_contours,recorded_ood_composition,image_block_03,55,0.577825992916038,55,0.1648739888335244,55,32.66359993045918,55,29.02665910339708,55,0.0,55,0.8062819154302807,55,0.19962856523495817,55,40.95681256968839,55,23.660255103760417,55,0.0,55,0.0,55,0.0,55,0.0,55,0.0,55,0.0,55,0.0,55,0.16591495326311012,55,0.08731457828925143,55,0.21263664048457537,55,0.18247943381299253,55,0.21031321229226116,55,0.10652413357907403,55,0.0,55,0.0,55,0.0,55,,,,,,,55,0.577825992916038,0.1648739888335244,55,0.8062819154302807,0.19962856523495817,100,0.11316587066277861,55,0.12784841145304116,,,,,,
4,val_ood,crop_contours,double_right,double_right -> crop_contours,recorded_ood_composition,image_block_04,55,0.6053346668930807,55,0.18383012463499962,55,33.84458002157407,55,31.648017444399052,55,0.0,55,0.8384863344063801,55,0.2026390488433916,55,47.4313292526735,55,26.048584526518702,55,0.0,55,0.0,55,0.0,55,0.0,55,0.0,55,0.0,55,0.0,55,0.15295538760783026,55,0.09448290985272034,55,0.21182129531069616,55,0.17631968277416213,55,0.21169511866560348,55,0.10721922001313328,55,0.0,55,0.0,55,0.0,55,,,,,,,55,0.6053346668930807,0.18383012463499962,55,0.8384863344063801,0.2026390488433916,100,0.11316587066277861,55,0.12784841145304116,,,,,,
4,val_ood,crop_contours,double_right,double_right -> crop_contours,recorded_ood_composition,image_block_05,55,0.667589251132995,55,0.21924016320416276,55,38.17823631910615,55,34.29685165190649,55,0.0,55,0.8833628259566186,55,0.25662417740634114,55,49.70272401005807,55,28.021151309288328,55,0.0,55,0.0,55,0.0,55,0.0,55,0.0,55,0.0,55,0.0,55,0.15628038215925633,55,0.11100397633064651,55,0.24496317786112673,55,0.19054061190412472,55,0.24562784796170586,55,0.12117707448184806,55,0.0,55,0.0,55,0.0,55,,,,,,,55,0.667589251132995,0.21924016320416276,55,0.8833628259566186,0.25662417740634114,100,0.11316587066277861,55,0.12784841145304116,,,,,,
4,val_ood,crop_contours,double_right,double_right -> crop_contours,recorded_ood_composition,image_block_06,55,0.6964251551986975,55,0.24154718112903628,55,39.202012957741786,55,37.356507316351795,55,0.0,55,0.938527013940231,55,0.2915252037258091,55,52.87327118843031,55,28.578581454061787,55,0.0,55,0.0,55,0.0,55,0.0,55,0.0,55,0.0,55,0.0,55,0.15622525479731905,55,0.12876438045708546,55,0.26892262148313206,55,0.1970440085376519,55,0.2717832160085988,55,0.13558295409874885,55,0.0,55,0.0,55,0.0,55,,,,,,,55,0.6964251551986975,0.24154718112903628,55,0.938527013940231,0.2915252037258091,100,0.11316587066277861,55,0.12784841145304116,,,,,,
4,val_ood,crop_contours,double_right,double_right -> crop_contours,recorded_ood_composition,image_final_norm,55,0.7027782923681885,55,0.2466661079617373,55,5.735104558972672,55,5.811702703378634,55,0.0,55,0.9706381135563625,55,0.3209545415562947,55,7.656043151955186,55,4.105677402883628,55,0.0,55,0.0,55,0.0,55,0.0,55,0.0,55,0.0,55,0.0,55,0.15489642602827502,55,0.13970258533436172,55,0.2805852363105468,55,0.2016615651800393,55,0.28271153705397184,55,0.14126986687537618,55,0.0,55,0.0,55,0.0,55,,,,,,,55,0.7027782923681885,0.2466661079617373,55,0.9706381135563625,0.3209545415562947,100,0.11316587066277861,55,0.12784841145304116,,,,,,
4,test,change_shape_color,change_shape_color,change_shape_color -> change_shape_color,synthetic_pair_on_id_atomic_input,image_input_tokens,34,1.7068527603157573,34,1.4581541430541738,34,0.41844042585569374,34,0.4195282108113466,34,0.0,34,1.7068527603157573,34,1.4581541430541738,34,0.41844042585569374,34,0.4195282108113466,34,0.0,34,0.0,34,0.0,34,0.0,34,0.0,34,1.0,34,0.0,34,0.00014868777219784632,34,0.00014868777219784632,34,0.0002808064511438788,34,0.0002808064511438788,34,0.0001482035724428123,34,0.0001482035724428123,34,2.0,34,2.0,34,0.0,34,,,,,,,34,1.7068527603157573,1.4581541430541738,34,1.7068527603157573,1.4581541430541738,11,1.0,0,,,,,,,
4,test,change_shape_color,change_shape_color,change_shape_color -> change_shape_color,synthetic_pair_on_id_atomic_input,image_block_01,34,1.6659971241348719,34,1.3912830511269556,34,7.073941137223873,34,7.10711448651176,34,0.0,34,1.6659971241348719,34,1.3912830511269556,34,7.073941137223873,34,7.10711448651176,34,0.0,34,0.0,34,0.0,34,0.0,34,0.0,34,1.0,34,0.0,34,0.03513194610021596,34,0.03513194610021596,34,0.045048340728440085,34,0.045048340728440085,34,0.03560128036326432,34,0.03560128036326432,34,2.0,34,2.0,34,0.0,34,,,,,,,34,1.6659971241348719,1.3912830511269556,34,1.6659971241348719,1.3912830511269556,11,1.0,0,,,,,,,
4,test,change_shape_color,change_shape_color,change_shape_color -> change_shape_color,synthetic_pair_on_id_atomic_input,image_block_02,34,1.6198185059806298,34,1.3142207240331245,34,11.678682881926392,34,11.715022062490899,34,0.0,34,1.6198185059806298,34,1.3142207240331245,34,11.678682881926392,34,11.715022062490899,34,0.0,34,0.0,34,0.0,34,0.0,34,0.0,34,1.0,34,0.0,34,0.05874488165957174,34,0.05874488165957174,34,0.0738928777668641,34,0.0738928777668641,34,0.05798418515330783,34,0.05798418515330783,34,2.0,34,2.0,34,0.0,34,,,,,,,34,1.6198185059806298,1.3142207240331245,34,1.6198185059806298,1.3142207240331245,11,1.0,0,,,,,,,
4,test,change_shape_color,change_shape_color,change_shape_color -> change_shape_color,synthetic_pair_on_id_atomic_input,image_block_03,34,1.6164580226968415,34,1.3098202650090802,34,16.62070961130392,34,16.88142224668733,34,0.0,34,1.6164580226968415,34,1.3098202650090802,34,16.62070961130392,34,16.88142224668733,34,0.0,34,0.0,34,0.0,34,0.0,34,0.0,34,1.0,34,0.0,34,0.07226865701757919,34,0.07226865701757919,34,0.09236041620868404,34,0.09236041620868404,34,0.06955209985808516,34,0.06955209985808516,34,2.0,34,2.0,34,0.0,34,,,,,,,34,1.6164580226968415,1.3098202650090802,34,1.6164580226968415,1.3098202650090802,11,1.0,0,,,,,,,
4,test,change_shape_color,change_shape_color,change_shape_color -> change_shape_color,synthetic_pair_on_id_atomic_input,image_block_04,34,1.6224531719235669,34,1.3192762496400146,34,17.261010964156934,34,17.56412209364163,34,0.0,34,1.6224531719235669,34,1.3192762496400146,34,17.261010964156934,34,17.56412209364163,34,0.0,34,0.0,34,0.0,34,0.0,34,0.0,34,1.0,34,0.0,34,0.07454300933718522,34,0.07454300933718522,34,0.09525409987374048,34,0.09525409987374048,34,0.07265930797584358,34,0.07265930797584358,34,2.0,34,2.0,34,0.0,34,,,,,,,34,1.6224531719235669,1.3192762496400146,34,1.6224531719235669,1.3192762496400146,11,1.0,0,,,,,,,
4,test,change_shape_color,change_shape_color,change_shape_color -> change_shape_color,synthetic_pair_on_id_atomic_input,image_block_05,34,1.6289579559904699,34,1.3300364376780776,34,17.98562711848362,34,18.221089402382205,34,0.0,34,1.6289579559904699,34,1.3300364376780776,34,17.98562711848362,34,18.221089402382205,34,0.0,34,0.0,34,0.0,34,0.0,34,0.0,34,1.0,34,0.0,34,0.08224354636172782,34,0.08224354636172782,34,0.10584467548476975,34,0.10584467548476975,34,0.08065977755400923,34,0.08065977755400923,34,2.0,34,2.0,34,0.0,34,,,,,,,34,1.6289579559904699,1.3300364376780776,34,1.6289579559904699,1.3300364376780776,11,1.0,0,,,,,,,
4,test,change_shape_color,change_shape_color,change_shape_color -> change_shape_color,synthetic_pair_on_id_atomic_input,image_block_06,34,1.627573697074347,34,1.3277294866701963,34,19.305784916590735,34,19.501294213970176,34,0.0,34,1.627573697074347,34,1.3277294866701963,34,19.305784916590735,34,19.501294213970176,34,0.0,34,0.0,34,0.0,34,0.0,34,0.0,34,1.0,34,0.0,34,0.09057772263696026,34,0.09057772263696026,34,0.11506319590407738,34,0.11506319590407738,34,0.08852945900019239,34,0.08852945900019239,34,2.0,34,2.0,34,0.0,34,,,,,,,34,1.627573697074347,1.3277294866701963,34,1.627573697074347,1.3277294866701963,11,1.0,0,,,,,,,
4,test,change_shape_color,change_shape_color,change_shape_color -> change_shape_color,synthetic_pair_on_id_atomic_input,image_final_norm,34,1.6292658227185695,34,1.3306010080773791,34,3.017629178253505,34,3.04506895027172,34,0.0,34,1.6292658227185695,34,1.3306010080773791,34,3.017629178253505,34,3.04506895027172,34,0.0,34,0.0,34,0.0,34,0.0,34,0.0,34,1.0,34,0.0,34,0.09168580016826651,34,0.09168580016826651,34,0.11633296076047148,34,0.11633296076047148,34,0.0901659749166103,34,0.0901659749166103,34,2.0,34,2.0,34,0.0,34,,,,,,,34,1.6292658227185695,1.3306010080773791,34,1.6292658227185695,1.3306010080773791,11,1.0,0,,,,,,,
4,test,change_shape_color,crop_contours,crop_contours -> change_shape_color,synthetic_pair_on_id_atomic_input,image_input_tokens,24,0.9496797327441074,24,0.13889097829233618,24,0.4884185172461442,24,0.20418090902121258,24,0.0,24,0.6610482035304889,24,0.221673380607695,24,0.490281031919306,24,0.49072723768460874,24,0.0,24,0.0,24,0.0,24,0.0,24,0.0,24,1.0,24,1.0,24,0.00016894704756792756,24,0.023480877434321656,24,0.023488060992404584,24,0.026163225506520973,24,7.516822098861747e-05,24,0.026176575885903507,24,1.0,24,0.0,24,1.0,24,1.0,24,0.01342432133870818,24,0.01342432133870818,24,24,0.9496797327441074,0.13889097829233618,24,0.6610482035304889,0.221673380607695,11,0.976584022695368,0,,1.4395273867978338,24,0.2372041631451145,24,0.01342432133870818,24
4,test,change_shape_color,crop_contours,crop_contours -> change_shape_color,synthetic_pair_on_id_atomic_input,image_block_01,24,0.5816003601724797,24,0.15612988455336305,24,7.61616953141187,24,6.0830345297141735,24,0.0,24,0.2113250404710024,24,0.02200979871883081,24,18.406581938690085,24,18.682157528679756,24,0.0,24,0.0,24,0.0,24,0.0,24,0.0,24,1.0,24,1.0,24,0.03545490099595944,24,0.0944439542892584,24,0.10241064912642789,24,0.09801948021003631,24,0.039768657336512456,24,0.09652954233395551,24,1.0,24,0.0,24,1.0,24,0.375,24,0.052781698138686196,24,0.052781698138686196,24,24,0.5816003601724797,0.15612988455336305,24,0.2113250404710024,0.02200979871883081,11,0.976584022695368,0,,36.63362406593984,24,0.6088001642632279,24,0.052781698138686196,24
4,test,change_shape_color,crop_contours,crop_contours -> change_shape_color,synthetic_pair_on_id_atomic_input,image_block_02,24,0.6072576848304204,24,0.18638426530961008,24,12.064603523562718,24,10.599132580964278,24,0.0,24,0.23399044983642395,24,0.028139867904436653,24,29.210124966709998,24,29.2605859931778,24,0.0,24,0.0,24,0.0,24,0.0,24,0.0,24,1.0,24,1.0,24,0.05761696241163818,24,0.15646110732623708,24,0.16310546314862698,24,0.16988167647545707,24,0.07010227558504876,24,0.1624397415731477,24,1.0,24,0.0,24,1.0,24,0.0,24,0.0894916968197745,24,0.0894916968197745,24,24,0.6072576848304204,0.18638426530961008,24,0.23399044983642395,0.028139867904436653,11,0.976584022695368,0,,59.95851266952641,24,0.6491095059191809,24,0.0894916968197745,24
4,test,change_shape_color,crop_contours,crop_contours -> change_shape_color,synthetic_pair_on_id_atomic_input,image_block_03,24,0.6187413553578975,24,0.195260448841049,24,17.24625176502991,24,14.523073572741117,24,0.0,24,0.2801265858814658,24,0.041809560415590995,24,34.599484041236536,24,34.67658838626319,24,0.0,24,0.0,24,0.0,24,0.0,24,0.0,24,1.0,24,1.0,24,0.0713213353966565,24,0.1821335794295663,24,0.1861959978606443,24,0.1917142315811918,24,0.08349057622840976,24,0.1842549440327136,24,1.0,24,0.0,24,1.0,24,0.0,24,0.11064965856183577,24,0.11064965856183577,24,24,0.6187413553578975,0.195260448841049,24,0.2801265858814658,0.041809560415590995,11,0.976584022695368,0,,68.13495522213933,24,0.6014954643049034,24,0.11064965856183577,24
4,test,change_shape_color,crop_contours,crop_contours -> change_shape_color,synthetic_pair_on_id_atomic_input,image_block_04,24,0.6324284030696364,24,0.20598782266819557,24,17.969510057713375,24,15.373767380505825,24,0.0,24,0.2879235245171963,24,0.04392375309044708,24,36.303180191860356,24,36.33109617183689,24,0.0,24,0.0,24,0.0,24,0.0,24,0.0,24,1.0,24,1.0,24,0.07437342709511525,24,0.1784211712079077,24,0.1829560781435083,24,0.1882848466552264,24,0.08680674784581872,24,0.18364365690095927,24,1.0,24,0.0,24,1.0,24,0.0,24,0.11071265015307914,24,0.11071265015307914,24,24,0.6324284030696364,0.20598782266819557,24,0.2879235245171963,0.04392375309044708,11,0.976584022695368,0,,80.49814670167491,24,0.6990888363923413,24,0.11071265015307914,24
4,test,change_shape_color,crop_contours,crop_contours -> change_shape_color,synthetic_pair_on_id_atomic_input,image_block_05,24,0.6431871901544257,24,0.2087944287390536,24,18.721564879935272,24,15.974756561408546,24,0.0,24,0.2737557702607685,24,0.03942285194548576,24,40.4600651085753,24,40.52468067524415,24,0.0,24,0.0,24,0.0,24,0.0,24,0.0,24,1.0,24,1.0,24,0.08237779474166827,24,0.1814208957630528,24,0.18580899747741234,24,0.18702977574787294,24,0.09348496409233886,24,0.1894889439044043,24,1.0,24,0.0,24,1.0,24,0.0,24,0.11554064691043937,24,0.11554064691043937,24,24,0.6431871901544257,0.2087944287390536,24,0.2737557702607685,0.03942285194548576,11,0.976584022695368,0,,81.08694880210669,24,0.7163870495540295,24,0.11554064691043937,24
4,test,change_shape_color,crop_contours,crop_contours -> change_shape_color,synthetic_pair_on_id_atomic_input,image_block_06,24,0.6393876504008146,24,0.20531059663561038,24,20.153152457905822,24,17.028096370529443,24,0.0,24,0.28049306836147514,24,0.04142547635957413,24,41.92278857011219,24,42.095145625141306,24,0.0,24,0.0,24,0.0,24,0.0,24,0.0,24,1.0,24,1.0,24,0.09042754321645381,24,0.18536933988214202,24,0.19311926274898505,24,0.19247699138299265,24,0.09996945212717989,24,0.19206102785700577,24,1.0,24,0.0,24,1.0,24,0.0,24,0.12382772102108101,24,0.12382772102108101,24,24,0.6393876504008146,0.20531059663561038,24,0.28049306836147514,0.04142547635957413,11,0.976584022695368,0,,76.64572222886599,24,0.6683893695121439,24,0.12382772102108101,24
4,test,change_shape_color,crop_contours,crop_contours -> change_shape_color,synthetic_pair_on_id_atomic_input,image_final_norm,24,0.6307677633586971,24,0.19519072877555046,24,3.171393047321885,24,2.608203872055597,24,0.0,24,0.29146435998496484,24,0.044695565469238946,24,6.169236515754108,24,6.171689783929488,24,0.0,24,0.0,24,0.0,24,0.0,24,0.0,24,1.0,24,1.0,24,0.09133199297890061,24,0.18191368210946102,24,0.18907656609763043,24,0.18659868673980626,24,0.09788019503380424,24,0.18626000547039415,24,1.0,24,0.0,24,1.0,24,0.0,24,0.1254821832907668,24,0.1254821832907668,24,24,0.6307677633586971,0.19519072877555046,24,0.29146435998496484,0.044695565469238946,11,0.976584022695368,0,,21.564577508287158,24,0.8605945144917827,24,0.1254821832907668,24
4,test,change_shape_color,double_right,double_right -> change_shape_color,synthetic_pair_on_id_atomic_input,image_input_tokens,17,0.7316976381427915,17,0.1277036690981479,17,0.3735571259919497,17,0.6421815528425342,17,0.0,17,0.626258208147933,17,0.19797015509992,17,0.5953943816358658,17,0.5981709335834834,17,0.0,17,0.0,17,0.0,17,0.0,17,0.0,17,1.0,17,1.0,17,0.00014654207200989918,17,0.03733061540697277,17,0.037573628292623236,17,0.04031081331572978,17,0.00024319122096339208,17,0.04036306111792722,17,1.0,17,0.0,17,1.0,17,0.8823529411764706,17,0.026315688417799767,17,0.026315688417799767,17,17,0.7316976381427915,0.1277036690981479,17,0.626258208147933,0.19797015509992,11,0.9910873445597562,0,,4.285288051944153,17,0.31159639159665004,17,0.026315688417799767,17
4,test,change_shape_color,double_right,double_right -> change_shape_color,synthetic_pair_on_id_atomic_input,image_block_01,17,0.3362790342176867,17,0.04302914248735329,17,6.8436105864477765,17,8.03029348391465,17,0.0,17,0.1469145157693736,17,0.010631998145702416,17,17.13021678711304,17,17.18793737637382,17,0.0,17,0.0,17,0.0,17,0.0,17,0.0,17,1.0,17,1.0,17,0.03580370102581314,17,0.04058648982380568,17,0.055238581314984686,17,0.05622446265651957,17,0.04078623321905844,17,0.03946589934211384,17,1.0,17,0.0,17,1.0,17,0.9411764705882353,17,0.03737610489510692,17,0.03737610489510692,17,17,0.3362790342176867,0.04302914248735329,17,0.1469145157693736,0.010631998145702416,11,0.9910873445597562,0,,26.716171519318635,17,0.566773484458937,17,0.03737610489510692,17
4,test,change_shape_color,double_right,double_right -> change_shape_color,synthetic_pair_on_id_atomic_input,image_block_02,17,0.2816084011835818,17,0.03724619798785238,17,11.856840418432062,17,12.871722310463914,17,0.0,17,0.12632720554713792,17,0.00811713051998633,17,28.188086202129984,17,28.110035112271067,17,0.0,17,0.0,17,0.0,17,0.0,17,0.0,17,1.0,17,1.0,17,0.059493783406878394,17,0.0802973524160506,17,0.09944216803884864,17,0.09325763249836193,17,0.06438930711239206,17,0.07948379176505986,17,1.0,17,0.0,17,1.0,17,0.35294117647058826,17,0.056235423035158084,17,0.056235423035158084,17,17,0.2816084011835818,0.03724619798785238,17,0.12632720554713792,0.00811713051998633,11,0.9910873445597562,0,,48.586290714888776,17,0.5415957598125293,17,0.056235423035158084,17
4,test,change_shape_color,double_right,double_right -> change_shape_color,synthetic_pair_on_id_atomic_input,image_block_03,17,0.2462343828798373,17,0.029193276708292186,17,16.790499284267472,17,17.8692217013839,17,0.0,17,0.1329651670484513,17,0.009083188177843357,17,32.90797765258963,17,32.809458377706186,17,0.0,17,0.0,17,0.0,17,0.0,17,0.0,17,1.0,17,1.0,17,0.07136514089214423,17,0.0959280298422752,17,0.11699807752823004,17,0.1115321019717639,17,0.07767419866658481,17,0.09723886443514664,17,1.0,17,0.0,17,1.0,17,0.0,17,0.0773562907484965,17,0.0773562907484965,17,17,0.2462343828798373,0.029193276708292186,17,0.1329651670484513,0.009083188177843357,11,0.9910873445597562,0,,48.84316276134747,17,0.48795671974635274,17,0.0773562907484965,17
4,test,change_shape_color,double_right,double_right -> change_shape_color,synthetic_pair_on_id_atomic_input,image_block_04,17,0.2644557396209618,17,0.03361291141825966,17,17.325531527679864,17,18.553009228993332,17,0.0,17,0.13007410001092665,17,0.008766770396022335,17,37.66141222715859,17,37.51165932644524,17,0.0,17,0.0,17,0.0,17,0.0,17,0.0,17,1.0,17,1.0,17,0.07293998735733469,17,0.10086591026932,17,0.11947454787022842,17,0.11314506261336892,17,0.08070313491215589,17,0.1029963840940965,17,1.0,17,0.0,17,1.0,17,0.0,17,0.08181843492090599,17,0.08181843492090599,17,17,0.2644557396209618,0.03361291141825966,17,0.13007410001092665,0.008766770396022335,11,0.9910873445597562,0,,52.97335845229703,17,0.446898446950924,17,0.08181843492090599,17
4,test,change_shape_color,double_right,double_right -> change_shape_color,synthetic_pair_on_id_atomic_input,image_block_05,17,0.29706651124488337,17,0.04369599243729872,17,18.11540461895958,17,19.47603489070248,17,0.0,17,0.1428068387900201,17,0.01051523812110187,17,40.36272837057135,17,39.96033244810576,17,0.0,17,0.0,17,0.0,17,0.0,17,0.0,17,1.0,17,1.0,17,0.08067349104588752,17,0.11172011094522723,17,0.1359153056089565,17,0.12793735988512184,17,0.0931273568396632,17,0.1167149530009108,17,1.0,17,0.0,17,1.0,17,0.0,17,0.09289787585511189,17,0.09289787585511189,17,17,0.29706651124488337,0.04369599243729872,17,0.1428068387900201,0.01051523812110187,11,0.9910873445597562,0,,63.4085099190005,17,0.5486403719269589,17,0.09289787585511189,17
4,test,change_shape_color,double_right,double_right -> change_shape_color,synthetic_pair_on_id_atomic_input,image_block_06,17,0.33118722726663874,17,0.0562883590943947,17,19.422753554373944,17,21.179652060683924,17,0.0,17,0.16074708906312024,17,0.012944610199967843,17,42.958657095935486,17,42.31415125776049,17,0.0,17,0.0,17,0.0,17,0.0,17,0.0,17,1.0,17,1.0,17,0.08834704274658864,17,0.1280462050812392,17,0.15408343955053705,17,0.14482220741530213,17,0.10936374186477855,17,0.13088213488683556,17,1.0,17,0.0,17,1.0,17,0.0,17,0.10700993325543609,17,0.10700993325543609,17,17,0.33118722726663874,0.0562883590943947,17,0.16074708906312024,0.012944610199967843,11,0.9910873445597562,0,,61.23919447738482,17,0.6409498791076735,17,0.10700993325543609,17
4,test,change_shape_color,double_right,double_right -> change_shape_color,synthetic_pair_on_id_atomic_input,image_final_norm,17,0.354166691499564,17,0.0563857843394467,17,2.987146483873629,17,3.453711970061448,17,0.0,17,0.18567380396739377,17,0.016745985321239637,17,6.274642316794064,17,6.184231616616554,17,0.0,17,0.0,17,0.0,17,0.0,17,0.0,17,1.0,17,1.0,17,0.08997817510047153,17,0.13748787730323353,17,0.1632101876719223,17,0.1538339279785857,17,0.11631191424087331,17,0.13920191729576922,17,1.0,17,0.0,17,1.0,17,0.0,17,0.11831584480959434,17,0.11831584480959434,17,17,0.354166691499564,0.0563857843394467,17,0.18567380396739377,0.016745985321239637,11,0.9910873445597562,0,,20.234168844453798,17,0.796827291169108,17,0.11831584480959434,17
4,test,crop_contours,change_shape_color,change_shape_color -> crop_contours,synthetic_pair_on_id_atomic_input,image_input_tokens,24,0.6610482035304889,24,0.221673380607695,24,0.490281031919306,24,0.49072723768460874,24,0.0,24,0.9496797327441074,24,0.13889097829233618,24,0.4884185172461442,24,0.20418090902121258,24,0.0,24,0.0,24,0.0,24,0.0,24,0.0,24,1.0,24,1.0,24,0.023480877434321656,24,0.00016894704756792756,24,0.026163225506520973,24,0.023488060992404584,24,0.026176575885903507,24,7.516822098861747e-05,24,1.0,24,0.0,24,1.0,24,1.0,24,0.01342432133870818,24,0.01342432133870818,24,24,0.6610482035304889,0.221673380607695,24,0.9496797327441074,0.13889097829233618,0,,0,,1.4395273867978338,24,0.2372041631451145,24,0.01342432133870818,24
4,test,crop_contours,change_shape_color,change_shape_color -> crop_contours,synthetic_pair_on_id_atomic_input,image_block_01,24,0.2113250404710024,24,0.02200979871883081,24,18.406581938690085,24,18.682157528679756,24,0.0,24,0.5816003601724797,24,0.15612988455336305,24,7.61616953141187,24,6.0830345297141735,24,0.0,24,0.0,24,0.0,24,0.0,24,0.0,24,1.0,24,1.0,24,0.0944439542892584,24,0.03545490099595944,24,0.09801948021003631,24,0.10241064912642789,24,0.09652954233395551,24,0.039768657336512456,24,1.0,24,0.0,24,1.0,24,0.375,24,0.052781698138686196,24,0.052781698138686196,24,24,0.2113250404710024,0.02200979871883081,24,0.5816003601724797,0.15612988455336305,0,,0,,36.63362406593984,24,0.6088001642632279,24,0.052781698138686196,24
4,test,crop_contours,change_shape_color,change_shape_color -> crop_contours,synthetic_pair_on_id_atomic_input,image_block_02,24,0.23399044983642395,24,0.028139867904436653,24,29.210124966709998,24,29.2605859931778,24,0.0,24,0.6072576848304204,24,0.18638426530961008,24,12.064603523562718,24,10.599132580964278,24,0.0,24,0.0,24,0.0,24,0.0,24,0.0,24,1.0,24,1.0,24,0.15646110732623708,24,0.05761696241163818,24,0.16988167647545707,24,0.16310546314862698,24,0.1624397415731477,24,0.07010227558504876,24,1.0,24,0.0,24,1.0,24,0.0,24,0.0894916968197745,24,0.0894916968197745,24,24,0.23399044983642395,0.028139867904436653,24,0.6072576848304204,0.18638426530961008,0,,0,,59.95851266952641,24,0.6491095059191809,24,0.0894916968197745,24
4,test,crop_contours,change_shape_color,change_shape_color -> crop_contours,synthetic_pair_on_id_atomic_input,image_block_03,24,0.2801265858814658,24,0.041809560415590995,24,34.599484041236536,24,34.67658838626319,24,0.0,24,0.6187413553578975,24,0.195260448841049,24,17.24625176502991,24,14.523073572741117,24,0.0,24,0.0,24,0.0,24,0.0,24,0.0,24,1.0,24,1.0,24,0.1821335794295663,24,0.0713213353966565,24,0.1917142315811918,24,0.1861959978606443,24,0.1842549440327136,24,0.08349057622840976,24,1.0,24,0.0,24,1.0,24,0.0,24,0.11064965856183577,24,0.11064965856183577,24,24,0.2801265858814658,0.041809560415590995,24,0.6187413553578975,0.195260448841049,0,,0,,68.13495522213933,24,0.6014954643049034,24,0.11064965856183577,24
4,test,crop_contours,change_shape_color,change_shape_color -> crop_contours,synthetic_pair_on_id_atomic_input,image_block_04,24,0.2879235245171963,24,0.04392375309044708,24,36.303180191860356,24,36.33109617183689,24,0.0,24,0.6324284030696364,24,0.20598782266819557,24,17.969510057713375,24,15.373767380505825,24,0.0,24,0.0,24,0.0,24,0.0,24,0.0,24,1.0,24,1.0,24,0.1784211712079077,24,0.07437342709511525,24,0.1882848466552264,24,0.1829560781435083,24,0.18364365690095927,24,0.08680674784581872,24,1.0,24,0.0,24,1.0,24,0.0,24,0.11071265015307914,24,0.11071265015307914,24,24,0.2879235245171963,0.04392375309044708,24,0.6324284030696364,0.20598782266819557,0,,0,,80.49814670167491,24,0.6990888363923413,24,0.11071265015307914,24
4,test,crop_contours,change_shape_color,change_shape_color -> crop_contours,synthetic_pair_on_id_atomic_input,image_block_05,24,0.2737557702607685,24,0.03942285194548576,24,40.4600651085753,24,40.52468067524415,24,0.0,24,0.6431871901544257,24,0.2087944287390536,24,18.721564879935272,24,15.974756561408546,24,0.0,24,0.0,24,0.0,24,0.0,24,0.0,24,1.0,24,1.0,24,0.1814208957630528,24,0.08237779474166827,24,0.18702977574787294,24,0.18580899747741234,24,0.1894889439044043,24,0.09348496409233886,24,1.0,24,0.0,24,1.0,24,0.0,24,0.11554064691043937,24,0.11554064691043937,24,24,0.2737557702607685,0.03942285194548576,24,0.6431871901544257,0.2087944287390536,0,,0,,81.08694880210669,24,0.7163870495540295,24,0.11554064691043937,24
4,test,crop_contours,change_shape_color,change_shape_color -> crop_contours,synthetic_pair_on_id_atomic_input,image_block_06,24,0.28049306836147514,24,0.04142547635957413,24,41.92278857011219,24,42.095145625141306,24,0.0,24,0.6393876504008146,24,0.20531059663561038,24,20.153152457905822,24,17.028096370529443,24,0.0,24,0.0,24,0.0,24,0.0,24,0.0,24,1.0,24,1.0,24,0.18536933988214202,24,0.09042754321645381,24,0.19247699138299265,24,0.19311926274898505,24,0.19206102785700577,24,0.09996945212717989,24,1.0,24,0.0,24,1.0,24,0.0,24,0.12382772102108101,24,0.12382772102108101,24,24,0.28049306836147514,0.04142547635957413,24,0.6393876504008146,0.20531059663561038,0,,0,,76.64572222886599,24,0.6683893695121439,24,0.12382772102108101,24
4,test,crop_contours,change_shape_color,change_shape_color -> crop_contours,synthetic_pair_on_id_atomic_input,image_final_norm,24,0.29146435998496484,24,0.044695565469238946,24,6.169236515754108,24,6.171689783929488,24,0.0,24,0.6307677633586971,24,0.19519072877555046,24,3.171393047321885,24,2.608203872055597,24,0.0,24,0.0,24,0.0,24,0.0,24,0.0,24,1.0,24,1.0,24,0.18191368210946102,24,0.09133199297890061,24,0.18659868673980626,24,0.18907656609763043,24,0.18626000547039415,24,0.09788019503380424,24,1.0,24,0.0,24,1.0,24,0.0,24,0.1254821832907668,24,0.1254821832907668,24,24,0.29146435998496484,0.044695565469238946,24,0.6307677633586971,0.19519072877555046,0,,0,,21.564577508287158,24,0.8605945144917827,24,0.1254821832907668,24
4,test,crop_contours,crop_contours,crop_contours -> crop_contours,synthetic_pair_on_id_atomic_input,image_input_tokens,1,0.1139254686923423,1,0.0053237559693040115,1,0.4525165603077987,1,0.4749377722114129,1,0.0,1,0.1139254686923423,1,0.0053237559693040115,1,0.4525165603077987,1,0.4749377722114129,1,0.0,1,0.0,1,0.0,1,0.0,1,0.0,1,1.0,1,0.0,1,0.03454327343811056,1,0.03454327343811056,1,0.02475852886217777,1,0.02475852886217777,1,0.029247419519628743,1,0.029247419519628743,1,2.0,1,2.0,1,0.0,1,,,,,,,1,0.1139254686923423,0.0053237559693040115,1,0.1139254686923423,0.0053237559693040115,11,1.0,0,,,,,,,
4,test,crop_contours,crop_contours,crop_contours -> crop_contours,synthetic_pair_on_id_atomic_input,image_block_01,1,1.0628542186027963,1,0.3314368253724851,1,11.950522410729786,1,26.23009834223821,1,0.0,1,1.0628542186027963,1,0.3314368253724851,1,11.950522410729786,1,26.23009834223821,1,0.0,1,0.0,1,0.0,1,0.0,1,0.0,1,1.0,1,0.0,1,0.07740869882777388,1,0.07740869882777388,1,0.11529644296112194,1,0.11529644296112194,1,0.161179452070186,1,0.161179452070186,1,2.0,1,2.0,1,0.0,1,,,,,,,1,1.0628542186027963,0.3314368253724851,1,1.0628542186027963,0.3314368253724851,11,1.0,0,,,,,,,
4,test,crop_contours,crop_contours,crop_contours -> crop_contours,synthetic_pair_on_id_atomic_input,image_block_02,1,1.0514032147695473,1,0.4267258717411443,1,20.56970283375205,1,36.80712074490827,1,0.0,1,1.0514032147695473,1,0.4267258717411443,1,20.56970283375205,1,36.80712074490827,1,0.0,1,0.0,1,0.0,1,0.0,1,0.0,1,1.0,1,0.0,1,0.12757279552088902,1,0.12757279552088902,1,0.18211992036331962,1,0.18211992036331962,1,0.20942876725991,1,0.20942876725991,1,2.0,1,2.0,1,0.0,1,,,,,,,1,1.0514032147695473,0.4267258717411443,1,1.0514032147695473,0.4267258717411443,11,1.0,0,,,,,,,
4,test,crop_contours,crop_contours,crop_contours -> crop_contours,synthetic_pair_on_id_atomic_input,image_block_03,1,1.0014256214257176,1,0.40443910192986565,1,25.731903757924965,1,42.57211457858213,1,0.0,1,1.0014256214257176,1,0.40443910192986565,1,25.731903757924965,1,42.57211457858213,1,0.0,1,0.0,1,0.0,1,0.0,1,0.0,1,1.0,1,0.0,1,0.13176690469470728,1,0.13176690469470728,1,0.2112160339559492,1,0.2112160339559492,1,0.2340892126439105,1,0.2340892126439105,1,2.0,1,2.0,1,0.0,1,,,,,,,1,1.0014256214257176,0.40443910192986565,1,1.0014256214257176,0.40443910192986565,11,1.0,0,,,,,,,
4,test,crop_contours,crop_contours,crop_contours -> crop_contours,synthetic_pair_on_id_atomic_input,image_block_04,1,1.019126380610268,1,0.44353143513738846,1,27.14074642358859,1,42.508818283726214,1,0.0,1,1.019126380610268,1,0.44353143513738846,1,27.14074642358859,1,42.508818283726214,1,0.0,1,0.0,1,0.0,1,0.0,1,0.0,1,1.0,1,0.0,1,0.12442785582943214,1,0.12442785582943214,1,0.2097431210943727,1,0.2097431210943727,1,0.20841543424983897,1,0.20841543424983897,1,2.0,1,2.0,1,0.0,1,,,,,,,1,1.019126380610268,0.44353143513738846,1,1.019126380610268,0.44353143513738846,11,1.0,0,,,,,,,
4,test,crop_contours,crop_contours,crop_contours -> crop_contours,synthetic_pair_on_id_atomic_input,image_block_05,1,1.0175016922919706,1,0.46201049877898626,1,30.500117737918057,1,44.82836486027567,1,0.0,1,1.0175016922919706,1,0.46201049877898626,1,30.500117737918057,1,44.82836486027567,1,0.0,1,0.0,1,0.0,1,0.0,1,0.0,1,1.0,1,0.0,1,0.135063431093803,1,0.135063431093803,1,0.1837146649907157,1,0.1837146649907157,1,0.19876605913427192,1,0.19876605913427192,1,2.0,1,2.0,1,0.0,1,,,,,,,1,1.0175016922919706,0.46201049877898626,1,1.0175016922919706,0.46201049877898626,11,1.0,0,,,,,,,
4,test,crop_contours,crop_contours,crop_contours -> crop_contours,synthetic_pair_on_id_atomic_input,image_block_06,1,1.042309635338841,1,0.4995093844161417,1,32.646393621704156,1,46.081062132648576,1,0.0,1,1.042309635338841,1,0.4995093844161417,1,32.646393621704156,1,46.081062132648576,1,0.0,1,0.0,1,0.0,1,0.0,1,0.0,1,1.0,1,0.0,1,0.13760310668541878,1,0.13760310668541878,1,0.2089398187743084,1,0.2089398187743084,1,0.19403781868745423,1,0.19403781868745423,1,2.0,1,2.0,1,0.0,1,,,,,,,1,1.042309635338841,0.4995093844161417,1,1.042309635338841,0.4995093844161417,11,1.0,0,,,,,,,
4,test,crop_contours,crop_contours,crop_contours -> crop_contours,synthetic_pair_on_id_atomic_input,image_final_norm,1,1.0594194893817823,1,0.5174338298478696,1,5.003205211727596,1,7.078704114497807,1,0.0,1,1.0594194893817823,1,0.5174338298478696,1,5.003205211727596,1,7.078704114497807,1,0.0,1,0.0,1,0.0,1,0.0,1,0.0,1,1.0,1,0.0,1,0.14929992729116676,1,0.14929992729116676,1,0.21127090472149782,1,0.21127090472149782,1,0.1992718347528256,1,0.1992718347528256,1,2.0,1,2.0,1,0.0,1,,,,,,,1,1.0594194893817823,0.5174338298478696,1,1.0594194893817823,0.5174338298478696,11,1.0,0,,,,,,,
4,test,crop_contours,double_right,double_right -> crop_contours,synthetic_pair_on_id_atomic_input,image_input_tokens,8,0.6683532044899645,8,0.18600469376044734,8,0.5851296245376489,8,0.7967428701124326,8,0.0,8,1.2152473097486682,8,0.2828541670401837,8,0.8207368200239626,8,0.2791800884804167,8,0.0,8,0.0,8,0.0,8,0.0,8,0.0,8,0.0,8,0.0,8,0.025657847171087135,8,0.04700667452537714,8,0.047792038126529865,8,0.04912928512163356,8,0.0448274011542316,8,0.0315612822531533,8,0.0,8,0.0,8,0.0,8,,,,,,,8,0.6683532044899645,0.18600469376044734,8,1.2152473097486682,0.2828541670401837,0,,0,,,,,,,
4,test,crop_contours,double_right,double_right -> crop_contours,synthetic_pair_on_id_atomic_input,image_block_01,8,0.5254588858210567,8,0.12810398763681596,8,20.0175039584582,8,17.347375575534812,8,0.0,8,0.8019581540023706,8,0.20025324671345304,8,20.249635632780937,8,11.831637893903233,8,0.0,8,0.0,8,0.0,8,0.0,8,0.0,8,0.0,8,0.0,8,0.08875084590499115,8,0.04254910753369574,8,0.10495177499009811,8,0.1100141375261794,8,0.1023456186750829,8,0.05172704801124456,8,0.0,8,0.0,8,0.0,8,,,,,,,8,0.5254588858210567,0.12810398763681596,8,0.8019581540023706,0.20025324671345304,0,,0,,,,,,,
4,test,crop_contours,double_right,double_right -> crop_contours,synthetic_pair_on_id_atomic_input,image_block_02,8,0.5576325832376237,8,0.1441214268772335,8,31.770148989789494,8,27.237264140286122,8,0.0,8,0.8127752084976967,8,0.24138201385284214,8,33.83597239078752,8,21.006535531845156,8,0.0,8,0.0,8,0.0,8,0.0,8,0.0,8,0.0,8,0.0,8,0.15385503492044839,8,0.08095417577504285,8,0.17881850196288995,8,0.1780496294041271,8,0.1722463205601326,8,0.10824183760784759,8,0.0,8,0.0,8,0.0,8,,,,,,,8,0.5576325832376237,0.1441214268772335,8,0.8127752084976967,0.24138201385284214,0,,0,,,,,,,
4,test,crop_contours,double_right,double_right -> crop_contours,synthetic_pair_on_id_atomic_input,image_block_03,8,0.5942462759987669,8,0.16215327858771755,8,38.159604541688424,8,31.81659421039348,8,0.0,8,0.8652020083403626,8,0.28931673297700145,8,39.40106796349848,8,24.977391266311276,8,0.0,8,0.0,8,0.0,8,0.0,8,0.0,8,0.0,8,0.0,8,0.17605026493815007,8,0.09122506659315113,8,0.2108277096028413,8,0.19587374609793934,8,0.2086288359502934,8,0.12274061318210348,8,0.0,8,0.0,8,0.0,8,,,,,,,8,0.5942462759987669,0.16215327858771755,8,0.8652020083403626,0.28931673297700145,0,,0,,,,,,,
4,test,crop_contours,double_right,double_right -> crop_contours,synthetic_pair_on_id_atomic_input,image_block_04,8,0.6167775567439041,8,0.1838564908058281,8,38.98098270400169,8,34.419419581706265,8,0.0,8,0.8909822761723705,8,0.27807211615389976,8,45.539400163240515,8,26.46475793056974,8,0.0,8,0.0,8,0.0,8,0.0,8,0.0,8,0.0,8,0.0,8,0.16682487339001495,8,0.0950757467398436,8,0.2115946711652658,8,0.19543526821038382,8,0.21269072306061604,8,0.12478035982501047,8,0.0,8,0.0,8,0.0,8,,,,,,,8,0.6167775567439041,0.1838564908058281,8,0.8909822761723705,0.27807211615389976,0,,0,,,,,,,
4,test,crop_contours,double_right,double_right -> crop_contours,synthetic_pair_on_id_atomic_input,image_block_05,8,0.6657208739890692,8,0.21341027590515316,8,42.813381152602496,8,36.982617392043146,8,0.0,8,0.9279287649871371,8,0.316155763125032,8,47.95341135686613,8,28.231322556619777,8,0.0,8,0.0,8,0.0,8,0.0,8,0.0,8,0.0,8,0.0,8,0.16678703510457243,8,0.10541755124372418,8,0.23481840551508035,8,0.20234285807423907,8,0.23834256579609805,8,0.13680945458609498,8,0.0,8,0.0,8,0.0,8,,,,,,,8,0.6657208739890692,0.21341027590515316,8,0.9279287649871371,0.316155763125032,0,,0,,,,,,,
4,test,crop_contours,double_right,double_right -> crop_contours,synthetic_pair_on_id_atomic_input,image_block_06,8,0.6841905930930197,8,0.22929039714802602,8,44.08696014353407,8,39.615452731697644,8,0.0,8,0.9710659306819472,8,0.3426218313682189,8,50.20773176174173,8,28.38798772796568,8,0.0,8,0.0,8,0.0,8,0.0,8,0.0,8,0.0,8,0.0,8,0.1738908668782779,8,0.11159984736801465,8,0.25461759040804166,8,0.21307969078211242,8,0.25608331257322314,8,0.15564813677194717,8,0.0,8,0.0,8,0.0,8,,,,,,,8,0.6841905930930197,0.22929039714802602,8,0.9710659306819472,0.3426218313682189,0,,0,,,,,,,
4,test,crop_contours,double_right,double_right -> crop_contours,synthetic_pair_on_id_atomic_input,image_final_norm,8,0.6890992872515695,8,0.23657341325730363,8,6.420203339690066,8,6.171834095255113,8,0.0,8,1.0037538153164176,8,0.36947606343166906,8,7.327553263582835,8,4.083337523696605,8,0.0,8,0.0,8,0.0,8,0.0,8,0.0,8,0.0,8,0.0,8,0.16836107982416007,8,0.12302230212443788,8,0.2616725310523465,8,0.2146216963399986,8,0.26289111956073313,8,0.158090661208861,8,0.0,8,0.0,8,0.0,8,,,,,,,8,0.6890992872515695,0.23657341325730363,8,1.0037538153164176,0.36947606343166906,0,,0,,,,,,,
4,test,double_right,change_shape_color,change_shape_color -> double_right,synthetic_pair_on_id_atomic_input,image_input_tokens,17,0.626258208147933,17,0.19797015509992,17,0.5953943816358658,17,0.5981709335834834,17,0.0,17,0.7316976381427915,17,0.1277036690981479,17,0.3735571259919497,17,0.6421815528425342,17,0.0,17,0.0,17,0.0,17,0.0,17,0.0,17,1.0,17,1.0,17,0.03733061540697277,17,0.00014654207200989918,17,0.04031081331572978,17,0.037573628292623236,17,0.04036306111792722,17,0.00024319122096339208,17,1.0,17,0.0,17,1.0,17,0.8823529411764706,17,0.026315688417799767,17,0.026315688417799767,17,17,0.626258208147933,0.19797015509992,17,0.7316976381427915,0.1277036690981479,11,1.0,0,,4.285288051944153,17,0.31159639159665004,17,0.026315688417799767,17
4,test,double_right,change_shape_color,change_shape_color -> double_right,synthetic_pair_on_id_atomic_input,image_block_01,17,0.1469145157693736,17,0.010631998145702416,17,17.13021678711304,17,17.18793737637382,17,0.0,17,0.3362790342176867,17,0.04302914248735329,17,6.8436105864477765,17,8.03029348391465,17,0.0,17,0.0,17,0.0,17,0.0,17,0.0,17,1.0,17,1.0,17,0.04058648982380568,17,0.03580370102581314,17,0.05622446265651957,17,0.055238581314984686,17,0.03946589934211384,17,0.04078623321905844,17,1.0,17,0.0,17,1.0,17,0.9411764705882353,17,0.03737610489510692,17,0.03737610489510692,17,17,0.1469145157693736,0.010631998145702416,17,0.3362790342176867,0.04302914248735329,11,1.0,0,,26.716171519318635,17,0.566773484458937,17,0.03737610489510692,17
4,test,double_right,change_shape_color,change_shape_color -> double_right,synthetic_pair_on_id_atomic_input,image_block_02,17,0.12632720554713792,17,0.00811713051998633,17,28.188086202129984,17,28.110035112271067,17,0.0,17,0.2816084011835818,17,0.03724619798785238,17,11.856840418432062,17,12.871722310463914,17,0.0,17,0.0,17,0.0,17,0.0,17,0.0,17,1.0,17,1.0,17,0.0802973524160506,17,0.059493783406878394,17,0.09325763249836193,17,0.09944216803884864,17,0.07948379176505986,17,0.06438930711239206,17,1.0,17,0.0,17,1.0,17,0.35294117647058826,17,0.056235423035158084,17,0.056235423035158084,17,17,0.12632720554713792,0.00811713051998633,17,0.2816084011835818,0.03724619798785238,11,1.0,0,,48.586290714888776,17,0.5415957598125293,17,0.056235423035158084,17
4,test,double_right,change_shape_color,change_shape_color -> double_right,synthetic_pair_on_id_atomic_input,image_block_03,17,0.1329651670484513,17,0.009083188177843357,17,32.90797765258963,17,32.809458377706186,17,0.0,17,0.2462343828798373,17,0.029193276708292186,17,16.790499284267472,17,17.8692217013839,17,0.0,17,0.0,17,0.0,17,0.0,17,0.0,17,1.0,17,1.0,17,0.0959280298422752,17,0.07136514089214423,17,0.1115321019717639,17,0.11699807752823004,17,0.09723886443514664,17,0.07767419866658481,17,1.0,17,0.0,17,1.0,17,0.0,17,0.0773562907484965,17,0.0773562907484965,17,17,0.1329651670484513,0.009083188177843357,17,0.2462343828798373,0.029193276708292186,11,1.0,0,,48.84316276134747,17,0.48795671974635274,17,0.0773562907484965,17
4,test,double_right,change_shape_color,change_shape_color -> double_right,synthetic_pair_on_id_atomic_input,image_block_04,17,0.13007410001092665,17,0.008766770396022335,17,37.66141222715859,17,37.51165932644524,17,0.0,17,0.2644557396209618,17,0.03361291141825966,17,17.325531527679864,17,18.553009228993332,17,0.0,17,0.0,17,0.0,17,0.0,17,0.0,17,1.0,17,1.0,17,0.10086591026932,17,0.07293998735733469,17,0.11314506261336892,17,0.11947454787022842,17,0.1029963840940965,17,0.08070313491215589,17,1.0,17,0.0,17,1.0,17,0.0,17,0.08181843492090599,17,0.08181843492090599,17,17,0.13007410001092665,0.008766770396022335,17,0.2644557396209618,0.03361291141825966,11,1.0,0,,52.97335845229703,17,0.446898446950924,17,0.08181843492090599,17
4,test,double_right,change_shape_color,change_shape_color -> double_right,synthetic_pair_on_id_atomic_input,image_block_05,17,0.1428068387900201,17,0.01051523812110187,17,40.36272837057135,17,39.96033244810576,17,0.0,17,0.29706651124488337,17,0.04369599243729872,17,18.11540461895958,17,19.47603489070248,17,0.0,17,0.0,17,0.0,17,0.0,17,0.0,17,1.0,17,1.0,17,0.11172011094522723,17,0.08067349104588752,17,0.12793735988512184,17,0.1359153056089565,17,0.1167149530009108,17,0.0931273568396632,17,1.0,17,0.0,17,1.0,17,0.0,17,0.09289787585511189,17,0.09289787585511189,17,17,0.1428068387900201,0.01051523812110187,17,0.29706651124488337,0.04369599243729872,11,1.0,0,,63.4085099190005,17,0.5486403719269589,17,0.09289787585511189,17
4,test,double_right,change_shape_color,change_shape_color -> double_right,synthetic_pair_on_id_atomic_input,image_block_06,17,0.16074708906312024,17,0.012944610199967843,17,42.958657095935486,17,42.31415125776049,17,0.0,17,0.33118722726663874,17,0.0562883590943947,17,19.422753554373944,17,21.179652060683924,17,0.0,17,0.0,17,0.0,17,0.0,17,0.0,17,1.0,17,1.0,17,0.1280462050812392,17,0.08834704274658864,17,0.14482220741530213,17,0.15408343955053705,17,0.13088213488683556,17,0.10936374186477855,17,1.0,17,0.0,17,1.0,17,0.0,17,0.10700993325543609,17,0.10700993325543609,17,17,0.16074708906312024,0.012944610199967843,17,0.33118722726663874,0.0562883590943947,11,1.0,0,,61.23919447738482,17,0.6409498791076735,17,0.10700993325543609,17
4,test,double_right,change_shape_color,change_shape_color -> double_right,synthetic_pair_on_id_atomic_input,image_final_norm,17,0.18567380396739377,17,0.016745985321239637,17,6.274642316794064,17,6.184231616616554,17,0.0,17,0.354166691499564,17,0.0563857843394467,17,2.987146483873629,17,3.453711970061448,17,0.0,17,0.0,17,0.0,17,0.0,17,0.0,17,1.0,17,1.0,17,0.13748787730323353,17,0.08997817510047153,17,0.1538339279785857,17,0.1632101876719223,17,0.13920191729576922,17,0.11631191424087331,17,1.0,17,0.0,17,1.0,17,0.0,17,0.11831584480959434,17,0.11831584480959434,17,17,0.18567380396739377,0.016745985321239637,17,0.354166691499564,0.0563857843394467,11,1.0,0,,20.234168844453798,17,0.796827291169108,17,0.11831584480959434,17
4,test,double_right,crop_contours,crop_contours -> double_right,synthetic_pair_on_id_atomic_input,image_input_tokens,8,1.2152473097486682,8,0.2828541670401837,8,0.8207368200239626,8,0.2791800884804167,8,0.0,8,0.6683532044899645,8,0.18600469376044734,8,0.5851296245376489,8,0.7967428701124326,8,0.0,8,0.0,8,0.0,8,0.0,8,0.0,8,0.0,8,0.0,8,0.04700667452537714,8,0.025657847171087135,8,0.04912928512163356,8,0.047792038126529865,8,0.0315612822531533,8,0.0448274011542316,8,0.0,8,0.0,8,0.0,8,,,,,,,8,1.2152473097486682,0.2828541670401837,8,0.6683532044899645,0.18600469376044734,0,,0,,,,,,,
4,test,double_right,crop_contours,crop_contours -> double_right,synthetic_pair_on_id_atomic_input,image_block_01,8,0.8019581540023706,8,0.20025324671345304,8,20.249635632780937,8,11.831637893903233,8,0.0,8,0.5254588858210567,8,0.12810398763681596,8,20.0175039584582,8,17.347375575534812,8,0.0,8,0.0,8,0.0,8,0.0,8,0.0,8,0.0,8,0.0,8,0.04254910753369574,8,0.08875084590499115,8,0.1100141375261794,8,0.10495177499009811,8,0.05172704801124456,8,0.1023456186750829,8,0.0,8,0.0,8,0.0,8,,,,,,,8,0.8019581540023706,0.20025324671345304,8,0.5254588858210567,0.12810398763681596,0,,0,,,,,,,
4,test,double_right,crop_contours,crop_contours -> double_right,synthetic_pair_on_id_atomic_input,image_block_02,8,0.8127752084976967,8,0.24138201385284214,8,33.83597239078752,8,21.006535531845156,8,0.0,8,0.5576325832376237,8,0.1441214268772335,8,31.770148989789494,8,27.237264140286122,8,0.0,8,0.0,8,0.0,8,0.0,8,0.0,8,0.0,8,0.0,8,0.08095417577504285,8,0.15385503492044839,8,0.1780496294041271,8,0.17881850196288995,8,0.10824183760784759,8,0.1722463205601326,8,0.0,8,0.0,8,0.0,8,,,,,,,8,0.8127752084976967,0.24138201385284214,8,0.5576325832376237,0.1441214268772335,0,,0,,,,,,,
4,test,double_right,crop_contours,crop_contours -> double_right,synthetic_pair_on_id_atomic_input,image_block_03,8,0.8652020083403626,8,0.28931673297700145,8,39.40106796349848,8,24.977391266311276,8,0.0,8,0.5942462759987669,8,0.16215327858771755,8,38.159604541688424,8,31.81659421039348,8,0.0,8,0.0,8,0.0,8,0.0,8,0.0,8,0.0,8,0.0,8,0.09122506659315113,8,0.17605026493815007,8,0.19587374609793934,8,0.2108277096028413,8,0.12274061318210348,8,0.2086288359502934,8,0.0,8,0.0,8,0.0,8,,,,,,,8,0.8652020083403626,0.28931673297700145,8,0.5942462759987669,0.16215327858771755,0,,0,,,,,,,
4,test,double_right,crop_contours,crop_contours -> double_right,synthetic_pair_on_id_atomic_input,image_block_04,8,0.8909822761723705,8,0.27807211615389976,8,45.539400163240515,8,26.46475793056974,8,0.0,8,0.6167775567439041,8,0.1838564908058281,8,38.98098270400169,8,34.419419581706265,8,0.0,8,0.0,8,0.0,8,0.0,8,0.0,8,0.0,8,0.0,8,0.0950757467398436,8,0.16682487339001495,8,0.19543526821038382,8,0.2115946711652658,8,0.12478035982501047,8,0.21269072306061604,8,0.0,8,0.0,8,0.0,8,,,,,,,8,0.8909822761723705,0.27807211615389976,8,0.6167775567439041,0.1838564908058281,0,,0,,,,,,,
4,test,double_right,crop_contours,crop_contours -> double_right,synthetic_pair_on_id_atomic_input,image_block_05,8,0.9279287649871371,8,0.316155763125032,8,47.95341135686613,8,28.231322556619777,8,0.0,8,0.6657208739890692,8,0.21341027590515316,8,42.813381152602496,8,36.982617392043146,8,0.0,8,0.0,8,0.0,8,0.0,8,0.0,8,0.0,8,0.0,8,0.10541755124372418,8,0.16678703510457243,8,0.20234285807423907,8,0.23481840551508035,8,0.13680945458609498,8,0.23834256579609805,8,0.0,8,0.0,8,0.0,8,,,,,,,8,0.9279287649871371,0.316155763125032,8,0.6657208739890692,0.21341027590515316,0,,0,,,,,,,
4,test,double_right,crop_contours,crop_contours -> double_right,synthetic_pair_on_id_atomic_input,image_block_06,8,0.9710659306819472,8,0.3426218313682189,8,50.20773176174173,8,28.38798772796568,8,0.0,8,0.6841905930930197,8,0.22929039714802602,8,44.08696014353407,8,39.615452731697644,8,0.0,8,0.0,8,0.0,8,0.0,8,0.0,8,0.0,8,0.0,8,0.11159984736801465,8,0.1738908668782779,8,0.21307969078211242,8,0.25461759040804166,8,0.15564813677194717,8,0.25608331257322314,8,0.0,8,0.0,8,0.0,8,,,,,,,8,0.9710659306819472,0.3426218313682189,8,0.6841905930930197,0.22929039714802602,0,,0,,,,,,,
4,test,double_right,crop_contours,crop_contours -> double_right,synthetic_pair_on_id_atomic_input,image_final_norm,8,1.0037538153164176,8,0.36947606343166906,8,7.327553263582835,8,4.083337523696605,8,0.0,8,0.6890992872515695,8,0.23657341325730363,8,6.420203339690066,8,6.171834095255113,8,0.0,8,0.0,8,0.0,8,0.0,8,0.0,8,0.0,8,0.0,8,0.12302230212443788,8,0.16836107982416007,8,0.2146216963399986,8,0.2616725310523465,8,0.158090661208861,8,0.26289111956073313,8,0.0,8,0.0,8,0.0,8,,,,,,,8,1.0037538153164176,0.36947606343166906,8,0.6890992872515695,0.23657341325730363,0,,0,,,,,,,
4,test_ood,crop_contours,double_right,double_right -> crop_contours,recorded_ood_composition,image_input_tokens,61,0.65129572592856,61,0.15911324566543317,61,0.481664800608276,61,0.6865323958435774,61,0.0,61,1.031619979842743,61,0.21165884837353305,61,0.8151802775892771,61,0.3261657635151752,61,0.0,61,0.0,61,0.0,61,0.0,61,0.0,61,0.0,61,0.0,61,0.02310645674281793,61,0.050093040040330904,61,0.057051904452791784,61,0.04749050731829643,61,0.05277952189710137,61,0.031453890425662316,61,0.0,61,0.0,61,0.0,61,,,,,,,61,0.65129572592856,0.15911324566543317,61,1.031619979842743,0.21165884837353305,100,0.12019165270030499,61,0.12573785569946297,,,,,,
4,test_ood,crop_contours,double_right,double_right -> crop_contours,recorded_ood_composition,image_block_01,61,0.4951124482021144,61,0.11987685506245102,61,16.372942985889637,61,15.350214768435652,61,0.0,61,0.7474026279361222,61,0.15319810658480584,61,21.2080908445047,61,12.297274112529399,61,0.0,61,0.0,61,0.0,61,0.0,61,0.0,61,0.0,61,0.0,61,0.08493940301573297,61,0.04620788424616328,61,0.12351967611312789,61,0.09976846870330669,61,0.12326929748502574,61,0.047787159452004964,61,0.0,61,0.0,61,0.0,61,,,,,,,61,0.4951124482021144,0.11987685506245102,61,0.7474026279361222,0.15319810658480584,100,0.12019165270030499,61,0.12573785569946297,,,,,,
4,test_ood,crop_contours,double_right,double_right -> crop_contours,recorded_ood_composition,image_block_02,61,0.570152222910252,61,0.16474651310543734,61,26.082825124947785,61,24.547776529367393,61,0.0,61,0.7656210808410107,61,0.17675967243410326,61,35.79600352075753,61,21.111391865351848,61,0.0,61,0.0,61,0.0,61,0.0,61,0.0,61,0.0,61,0.0,61,0.14270472614490853,61,0.08007496141484767,61,0.183798168031211,61,0.15679012885898824,61,0.17943204409143243,61,0.09209256558961136,61,0.0,61,0.0,61,0.0,61,,,,,,,61,0.570152222910252,0.16474651310543734,61,0.7656210808410107,0.17675967243410326,100,0.12019165270030499,61,0.12573785569946297,,,,,,
4,test_ood,crop_contours,double_right,double_right -> crop_contours,recorded_ood_composition,image_block_03,61,0.586445345191161,61,0.1720335470425274,61,31.665868649962956,61,28.92859960289668,61,0.0,61,0.7993432923175526,61,0.19520554255658212,61,42.06548332817945,61,24.43186691950436,61,0.0,61,0.0,61,0.0,61,0.0,61,0.0,61,0.0,61,0.0,61,0.16227157075887272,61,0.09452980612528608,61,0.2176750206505939,61,0.17683949145089517,61,0.2189151370545143,61,0.10394534111886257,61,0.0,61,0.0,61,0.0,61,,,,,,,61,0.586445345191161,0.1720335470425274,61,0.7993432923175526,0.19520554255658212,100,0.12019165270030499,61,0.12573785569946297,,,,,,
4,test_ood,crop_contours,double_right,double_right -> crop_contours,recorded_ood_composition,image_block_04,61,0.6159895311994862,61,0.19129457620150112,61,33.09380135009001,61,31.53886304142171,61,0.0,61,0.8321528193128157,61,0.2012145828051034,61,48.57473596155647,61,26.87903441816811,61,0.0,61,0.0,61,0.0,61,0.0,61,0.0,61,0.0,61,0.0,61,0.1508266783604944,61,0.09968274079782048,61,0.21583356134253315,61,0.170422879284553,61,0.2182180555570512,61,0.10812859063549743,61,0.0,61,0.0,61,0.0,61,,,,,,,61,0.6159895311994862,0.19129457620150112,61,0.8321528193128157,0.2012145828051034,100,0.12019165270030499,61,0.12573785569946297,,,,,,
4,test_ood,crop_contours,double_right,double_right -> crop_contours,recorded_ood_composition,image_block_05,61,0.6856513449741299,61,0.23231534254937322,61,37.37031050332323,61,34.15466819530317,61,0.0,61,0.8803233667710427,61,0.25434959769708043,61,51.20852934594141,61,28.944840733579795,61,0.0,61,0.0,61,0.0,61,0.0,61,0.0,61,0.0,61,0.0,61,0.15389839028197272,61,0.11767868838109599,61,0.2528110904040965,61,0.1814983357310599,61,0.25925360599766445,61,0.1209784674875553,61,0.0,61,0.0,61,0.0,61,,,,,,,61,0.6856513449741299,0.23231534254937322,61,0.8803233667710427,0.25434959769708043,100,0.12019165270030499,61,0.12573785569946297,,,,,,
4,test_ood,crop_contours,double_right,double_right -> crop_contours,recorded_ood_composition,image_block_06,61,0.7148259288934175,61,0.25510592859580083,61,38.76616836241919,61,37.456608552698114,61,0.0,61,0.9388127615495262,61,0.2885257352177822,61,54.51878230141399,61,29.371040849268482,61,0.0,61,0.0,61,0.0,61,0.0,61,0.0,61,0.0,61,0.0,61,0.15705644275281427,61,0.13131734403447778,61,0.2844489034905632,61,0.19169072754157346,61,0.2888390675830298,61,0.13643488477788046,61,0.0,61,0.0,61,0.0,61,,,,,,,61,0.7148259288934175,0.25510592859580083,61,0.9388127615495262,0.2885257352177822,100,0.12019165270030499,61,0.12573785569946297,,,,,,
4,test_ood,crop_contours,double_right,double_right -> crop_contours,recorded_ood_composition,image_final_norm,61,0.7224531190006284,61,0.2607045949178964,61,5.669161145906826,61,5.812355647393191,61,0.0,61,0.9743935027992835,61,0.31985258787298065,61,7.922223561100905,61,4.217324270324674,61,0.0,61,0.0,61,0.0,61,0.0,61,0.0,61,0.0,61,0.0,61,0.15506385522891605,61,0.13911851181393883,61,0.2938305186795505,61,0.19619378629962614,61,0.29591806610628135,61,0.13975723820067762,61,0.0,61,0.0,61,0.0,61,,,,,,,61,0.7224531190006284,0.2607045949178964,61,0.9743935027992835,0.31985258787298065,100,0.12019165270030499,61,0.12573785569946297,,,,,,
5,val,extend_contours_same_color,extend_contours_same_color,extend_contours_same_color -> extend_contours_same_color,synthetic_pair_on_id_atomic_input,image_input_tokens,44,0.46127149698085324,44,0.07199570881481816,44,0.579842333554341,44,0.5504830316404252,44,0.0,44,0.46127149698085324,44,0.07199570881481816,44,0.579842333554341,44,0.5504830316404252,44,0.0,44,0.0,44,0.0,44,0.0,44,0.0,44,1.0,44,0.0,44,0.04381197703610733,44,0.04381197703610733,44,0.1018674048267119,44,0.1018674048267119,44,0.06150162290633141,44,0.06150162290633141,44,2.0,44,2.0,44,0.0,44,,,,,,,44,0.46127149698085324,0.07199570881481816,44,0.46127149698085324,0.07199570881481816,111,0.9965365346487578,0,,,,,,,
5,val,extend_contours_same_color,extend_contours_same_color,extend_contours_same_color -> extend_contours_same_color,synthetic_pair_on_id_atomic_input,image_block_01,44,0.6636333187517595,44,0.19876991298157928,44,16.33527098668827,44,15.606727730091736,44,0.0,44,0.6636333187517595,44,0.19876991298157928,44,16.33527098668827,44,15.606727730091736,44,0.0,44,0.0,44,0.0,44,0.0,44,0.0,44,1.0,44,0.0,44,0.06267976312279445,44,0.06267976312279445,44,0.09340209537487681,44,0.09340209537487681,44,0.06388207871172825,44,0.06388207871172825,44,2.0,44,2.0,44,0.0,44,,,,,,,44,0.6636333187517595,0.19876991298157928,44,0.6636333187517595,0.19876991298157928,111,0.9965365346487578,0,,,,,,,
5,val,extend_contours_same_color,extend_contours_same_color,extend_contours_same_color -> extend_contours_same_color,synthetic_pair_on_id_atomic_input,image_block_02,44,0.6801930238172044,44,0.22109717314588692,44,21.73938385612357,44,20.26755894560023,44,0.0,44,0.6801930238172044,44,0.22109717314588692,44,21.73938385612357,44,20.26755894560023,44,0.0,44,0.0,44,0.0,44,0.0,44,0.0,44,1.0,44,0.0,44,0.06351687732889998,44,0.06351687732889998,44,0.09337854411317807,44,0.09337854411317807,44,0.06305872349614935,44,0.06305872349614935,44,2.0,44,2.0,44,0.0,44,,,,,,,44,0.6801930238172044,0.22109717314588692,44,0.6801930238172044,0.22109717314588692,111,0.9965365346487578,0,,,,,,,
5,val,extend_contours_same_color,extend_contours_same_color,extend_contours_same_color -> extend_contours_same_color,synthetic_pair_on_id_atomic_input,image_block_03,44,0.7816573073588562,44,0.29614743621566386,44,26.319565129234544,44,24.040527316970444,44,0.0,44,0.7816573073588562,44,0.29614743621566386,44,26.319565129234544,44,24.040527316970444,44,0.0,44,0.0,44,0.0,44,0.0,44,0.0,44,1.0,44,0.0,44,0.0764465521579162,44,0.0764465521579162,44,0.1047813476602144,44,0.1047813476602144,44,0.07320269678761943,44,0.07320269678761943,44,2.0,44,2.0,44,0.0,44,,,,,,,44,0.7816573073588562,0.29614743621566386,44,0.7816573073588562,0.29614743621566386,111,0.9965365346487578,0,,,,,,,
5,val,extend_contours_same_color,extend_contours_same_color,extend_contours_same_color -> extend_contours_same_color,synthetic_pair_on_id_atomic_input,image_block_04,44,0.8377741059874694,44,0.3457779599999214,44,29.534190493296183,44,27.47444649753515,44,0.0,44,0.8377741059874694,44,0.3457779599999214,44,29.534190493296183,44,27.47444649753515,44,0.0,44,0.0,44,0.0,44,0.0,44,0.0,44,1.0,44,0.0,44,0.08089893363213968,44,0.08089893363213968,44,0.11236047818524836,44,0.11236047818524836,44,0.08081937409541363,44,0.08081937409541363,44,2.0,44,2.0,44,0.0,44,,,,,,,44,0.8377741059874694,0.3457779599999214,44,0.8377741059874694,0.3457779599999214,111,0.9965365346487578,0,,,,,,,
5,val,extend_contours_same_color,extend_contours_same_color,extend_contours_same_color -> extend_contours_same_color,synthetic_pair_on_id_atomic_input,image_block_05,44,0.8367815358423488,44,0.34824192277830956,44,39.49774354435374,44,35.58695496316547,44,0.0,44,0.8367815358423488,44,0.34824192277830956,44,39.49774354435374,44,35.58695496316547,44,0.0,44,0.0,44,0.0,44,0.0,44,0.0,44,1.0,44,0.0,44,0.09150804006829753,44,0.09150804006829753,44,0.12378377722671363,44,0.12378377722671363,44,0.09216138937204867,44,0.09216138937204867,44,2.0,44,2.0,44,0.0,44,,,,,,,44,0.8367815358423488,0.34824192277830956,44,0.8367815358423488,0.34824192277830956,111,0.9965365346487578,0,,,,,,,
5,val,extend_contours_same_color,extend_contours_same_color,extend_contours_same_color -> extend_contours_same_color,synthetic_pair_on_id_atomic_input,image_block_06,44,0.88900972417401,44,0.39241796962204023,44,39.72345775603136,44,38.91946054840553,44,0.0,44,0.88900972417401,44,0.39241796962204023,44,39.72345775603136,44,38.91946054840553,44,0.0,44,0.0,44,0.0,44,0.0,44,0.0,44,1.0,44,0.0,44,0.08144121457365433,44,0.08144121457365433,44,0.11479628795109385,44,0.11479628795109385,44,0.08706898553232077,44,0.08706898553232077,44,2.0,44,2.0,44,0.0,44,,,,,,,44,0.88900972417401,0.39241796962204023,44,0.88900972417401,0.39241796962204023,111,0.9965365346487578,0,,,,,,,
5,val,extend_contours_same_color,extend_contours_same_color,extend_contours_same_color -> extend_contours_same_color,synthetic_pair_on_id_atomic_input,image_final_norm,44,0.8833671561631022,44,0.38903676777733326,44,3.1662566128680036,44,3.211173363101602,44,0.0,44,0.8833671561631022,44,0.38903676777733326,44,3.1662566128680036,44,3.211173363101602,44,0.0,44,0.0,44,0.0,44,0.0,44,0.0,44,1.0,44,0.0,44,0.08448019426562273,44,0.08448019426562273,44,0.12369731187000532,44,0.12369731187000532,44,0.09509994440755704,44,0.09509994440755704,44,2.0,44,2.0,44,0.0,44,,,,,,,44,0.8833671561631022,0.38903676777733326,44,0.8833671561631022,0.38903676777733326,111,0.9965365346487578,0,,,,,,,
5,val,extend_contours_same_color,mirror_vertical,mirror_vertical -> extend_contours_same_color,synthetic_pair_on_id_atomic_input,image_input_tokens,128,0.19453236122396406,128,0.03212575542774533,128,0.6412477868485389,128,0.6385140192140986,128,0.0,128,0.8492720329517955,128,0.27376199228365755,120,0.09267040539760493,128,0.17794438465500717,128,0.0625,128,0.0,128,0.0,128,0.0625,128,0.0625,128,1.0,128,1.0,128,0.04667276979477211,128,0.014983672014899425,128,0.054728065036925136,128,0.05480105665664148,128,0.04722389682028119,128,0.029322342822579946,128,1.1875,128,0.0,128,1.1875,128,1.0,128,0.005114036954212453,128,0.005348115966335978,128,128,0.19453236122396406,0.03212575542774533,120,0.9058901684819153,0.27376199228365755,0,,0,,0.6793306367358396,128,0.055249944813126055,128,0.0048901656784851,128
5,val,extend_contours_same_color,mirror_vertical,mirror_vertical -> extend_contours_same_color,synthetic_pair_on_id_atomic_input,image_block_01,128,0.31980265668871305,128,0.06649691342269637,128,17.37846122017737,128,17.567803174028892,128,0.0,128,0.5500118500867326,128,0.12989006211556123,120,8.275679539529756,128,11.030109747046373,128,0.0625,128,0.0,128,0.0,128,0.0625,128,0.0625,128,1.0,128,1.0,128,0.0661776118941875,128,0.07413214023214072,128,0.1035728346906385,128,0.10845522516854511,128,0.06835414163587557,128,0.09876511828041565,128,1.1875,128,0.0,128,1.1875,128,0.85546875,128,0.03834938134643773,128,0.03888503945367799,128,128,0.31980265668871305,0.06649691342269637,120,0.5866793067591815,0.12989006211556123,0,,0,,34.890746731777355,128,0.5195301326974161,128,0.03786841700204451,128
5,val,extend_contours_same_color,mirror_vertical,mirror_vertical -> extend_contours_same_color,synthetic_pair_on_id_atomic_input,image_block_02,128,0.3309816791355956,128,0.07150372440898986,128,22.959145212230418,128,23.06164118065778,128,0.0,128,0.5416313331874281,128,0.1337337072389967,120,11.812538865565458,128,15.25396790428761,128,0.0625,128,0.0,128,0.0,128,0.0625,128,0.0625,128,1.0,128,1.0,128,0.07175862438454063,128,0.08463681923289729,128,0.10784797917024799,128,0.11658025563891472,128,0.07310141141222914,128,0.10858945683425904,128,1.1875,128,0.0,128,1.1875,128,0.482421875,128,0.053304288329956984,128,0.05402204685863739,128,128,0.3309816791355956,0.07150372440898986,120,0.5777400887332566,0.1337337072389967,0,,0,,53.551291094483524,128,0.451243719514645,128,0.05299088918795779,128
5,val,extend_contours_same_color,mirror_vertical,mirror_vertical -> extend_contours_same_color,synthetic_pair_on_id_atomic_input,image_block_03,128,0.3673545407362763,128,0.0848129303713664,128,27.505554380675022,128,27.601784651565332,128,0.0,128,0.5652792119685505,128,0.1564434574912178,120,15.295880705979087,128,19.105927290779167,128,0.0625,128,0.0,128,0.0,128,0.0625,128,0.0625,128,1.0,128,1.0,128,0.08386567845418555,128,0.09842329737032544,128,0.12021270242072561,128,0.1301593802292867,128,0.08405274581876913,128,0.12228886042005452,128,1.1875,128,0.0,128,1.1875,128,0.09765625,128,0.06728148755967087,128,0.06794564136014213,128,128,0.3673545407362763,0.0848129303713664,120,0.6029644927664537,0.1564434574912178,0,,0,,71.99547847926785,128,0.6267205827613348,128,0.06724611631159988,128
5,val,extend_contours_same_color,mirror_vertical,mirror_vertical -> extend_contours_same_color,synthetic_pair_on_id_atomic_input,image_block_04,128,0.38433499296294343,128,0.09117700230213234,128,31.003453247116305,128,30.70638085072342,128,0.0,128,0.5857848029962013,128,0.1746594635704776,120,17.495135616231792,128,21.509115770189187,128,0.0625,128,0.0,128,0.0,128,0.0625,128,0.0625,128,1.0,128,1.0,128,0.09005474578853385,128,0.10182681187874049,128,0.12506584834259926,128,0.13151264517210343,128,0.08879731226912184,128,0.12312810212793886,128,1.1875,128,0.0,128,1.1875,128,0.0390625,128,0.07461702488245164,128,0.07536818444276758,128,128,0.38433499296294343,0.09117700230213234,120,0.6248371231959479,0.1746594635704776,0,,0,,88.20569907502984,128,0.6237776381835248,128,0.07406135033036651,128
5,val,extend_contours_same_color,mirror_vertical,mirror_vertical -> extend_contours_same_color,synthetic_pair_on_id_atomic_input,image_block_05,128,0.35811486841947815,128,0.08123858442871151,128,40.97735187277484,128,40.8595556964661,128,0.0,128,0.6254703161854701,128,0.2016267433193694,120,20.075834284134938,128,25.317857624820384,128,0.0625,128,0.0,128,0.0,128,0.0625,128,0.0625,128,1.0,128,1.0,128,0.1015344584993998,128,0.10555365974029138,128,0.13650405966960272,128,0.14522213100215858,128,0.10138956087816023,128,0.1334596051177423,128,1.1875,128,0.0,128,1.1875,128,0.0,128,0.08711959701130395,128,0.08814866958920736,128,128,0.35811486841947815,0.08123858442871151,120,0.6671683372645014,0.2016267433193694,0,,0,,98.3875393727949,128,0.7556945494297634,128,0.0871183305426544,128
5,val,extend_contours_same_color,mirror_vertical,mirror_vertical -> extend_contours_same_color,synthetic_pair_on_id_atomic_input,image_block_06,128,0.3632958553956588,128,0.083446216785104,128,42.96755418675285,128,42.78621621747422,128,0.0,128,0.650961030448931,128,0.21847387399865573,120,20.140823069139188,128,25.58312391273508,128,0.0625,128,0.0,128,0.0,128,0.0625,128,0.0625,128,1.0,128,1.0,128,0.08909529992163634,128,0.08574304572402,128,0.1145337329672627,128,0.12323085424629464,128,0.08852449313133391,128,0.10878337472635985,128,1.1875,128,0.0,128,1.1875,128,0.0078125,128,0.0768917563925405,128,0.07753145963758673,128,128,0.3632958553956588,0.083446216785104,120,0.6943584324788598,0.21847387399865573,0,,0,,102.39961668481435,128,0.7456358764230925,128,0.0771044905944327,128
5,val,extend_contours_same_color,mirror_vertical,mirror_vertical -> extend_contours_same_color,synthetic_pair_on_id_atomic_input,image_final_norm,128,0.3604096127151426,128,0.08294837282758454,128,3.4262155500488713,128,3.4219438571329697,128,0.0,128,0.6683076794298608,128,0.2245097078154801,120,1.5010683265918745,128,1.976126571050342,128,0.0625,128,0.0,128,0.0,128,0.0625,128,0.0625,128,1.0,128,1.0,128,0.09360806682664027,128,0.08563363679018665,128,0.11940355489510708,128,0.12898543292473413,128,0.09359224293099505,128,0.11340800000895396,128,1.1875,128,0.0,128,1.1875,128,0.0,128,0.08440030963083706,128,0.08516740586686122,128,128,0.3604096127151426,0.08294837282758454,120,0.7128615247251848,0.2245097078154801,0,,0,,25.347924264209457,128,0.9124182712136073,128,0.08492437773814118,128
5,val,extend_contours_same_color,pad_left,pad_left -> extend_contours_same_color,synthetic_pair_on_id_atomic_input,image_input_tokens,122,0.5166724203140087,122,0.0835490603205122,122,0.6453297236566277,122,0.8679545235624606,122,0.0,122,0.7187002396789418,122,0.15420287488731707,122,0.29874984202994115,122,0.490581361174809,122,0.0,122,0.0,122,0.0,122,0.0,122,0.0,122,0.0,122,0.0,122,0.045057839969418666,122,0.03009414982766093,122,0.07623912885439463,122,0.07271177891711271,122,0.05785522488493967,122,0.04812615811413364,122,0.0,122,0.0,122,0.0,122,,,,,,,122,0.5166724203140087,0.0835490603205122,122,0.7187002396789418,0.15420287488731707,0,,0,,,,,,,
5,val,extend_contours_same_color,pad_left,pad_left -> extend_contours_same_color,synthetic_pair_on_id_atomic_input,image_block_01,122,0.4015519857758245,122,0.0733540933614942,122,17.244095110595175,122,20.114638479972832,122,0.0,122,0.618443888791652,122,0.14559750116782713,122,11.495062608707432,122,15.461828623168739,122,0.0,122,0.0,122,0.0,122,0.0,122,0.0,122,0.0,122,0.0,122,0.06693182803121837,122,0.048441063475254224,122,0.07990411763800209,122,0.08208282273722084,122,0.07015569106647852,122,0.06384844123909883,122,0.0,122,0.0,122,0.0,122,,,,,,,122,0.4015519857758245,0.0733540933614942,122,0.618443888791652,0.14559750116782713,0,,0,,,,,,,
5,val,extend_contours_same_color,pad_left,pad_left -> extend_contours_same_color,synthetic_pair_on_id_atomic_input,image_block_02,122,0.437251097623611,122,0.09781658314337703,122,23.279545455245636,122,24.705023566813313,122,0.0,122,0.5919123637432876,122,0.16975965981400093,122,19.122947774950646,122,21.836992154627545,122,0.0,122,0.0,122,0.0,122,0.0,122,0.0,122,0.0,122,0.0,122,0.07348358219403904,122,0.059915350119908194,122,0.08696476348488358,122,0.09101348218188737,122,0.07349215154449848,122,0.07086186989439522,122,0.0,122,0.0,122,0.0,122,,,,,,,122,0.437251097623611,0.09781658314337703,122,0.5919123637432876,0.16975965981400093,0,,0,,,,,,,
5,val,extend_contours_same_color,pad_left,pad_left -> extend_contours_same_color,synthetic_pair_on_id_atomic_input,image_block_03,122,0.4994995199964492,122,0.12675822068730794,122,27.91206001114057,122,29.299307381529395,122,0.0,122,0.6772884380512785,122,0.2252361094070055,122,22.920564379730855,122,25.916835265707885,122,0.0,122,0.0,122,0.0,122,0.0,122,0.0,122,0.0,122,0.0,122,0.08676189687004446,122,0.06855468323124653,122,0.0993654929369873,122,0.10708945768575627,122,0.08391872930454113,122,0.08279178722259137,122,0.0,122,0.0,122,0.0,122,,,,,,,122,0.4994995199964492,0.12675822068730794,122,0.6772884380512785,0.2252361094070055,0,,0,,,,,,,
5,val,extend_contours_same_color,pad_left,pad_left -> extend_contours_same_color,synthetic_pair_on_id_atomic_input,image_block_04,122,0.5615215465827506,122,0.16103906435010412,122,31.09536319646224,122,33.24536920500669,122,0.0,122,0.7293806183253052,122,0.25890040312244134,122,28.060887550756988,122,31.296924199386194,122,0.0,122,0.0,122,0.0,122,0.0,122,0.0,122,0.0,122,0.0,122,0.09152759378696404,122,0.07644404184290136,122,0.10479752155116416,122,0.11118653350729077,122,0.08859395672766308,122,0.09125338275442661,122,0.0,122,0.0,122,0.0,122,,,,,,,122,0.5615215465827506,0.16103906435010412,122,0.7293806183253052,0.25890040312244134,0,,0,,,,,,,
5,val,extend_contours_same_color,pad_left,pad_left -> extend_contours_same_color,synthetic_pair_on_id_atomic_input,image_block_05,122,0.5875471856783777,122,0.1914487079118731,122,42.08962666813329,122,43.63012635279368,122,0.0,122,0.8375372288686468,122,0.33631717707153336,122,33.04011628993856,122,38.713268370402766,122,0.0,122,0.0,122,0.0,122,0.0,122,0.0,122,0.0,122,0.0,122,0.10515008024558686,122,0.09208265704059235,122,0.12326711694744301,122,0.13499325519914543,122,0.10333180732422383,122,0.11565418064916741,122,0.0,122,0.0,122,0.0,122,,,,,,,122,0.5875471856783777,0.1914487079118731,122,0.8375372288686468,0.33631717707153336,0,,0,,,,,,,
5,val,extend_contours_same_color,pad_left,pad_left -> extend_contours_same_color,synthetic_pair_on_id_atomic_input,image_block_06,122,0.5844902987778733,122,0.18028295856169677,122,43.7849169864775,122,48.36422954253645,122,0.0,122,0.8736557753937477,122,0.35987324878518223,122,32.252963583164615,122,40.32568956682383,122,0.0,122,0.0,122,0.0,122,0.0,122,0.0,122,0.0,122,0.0,122,0.09117972417340342,122,0.07536791016011068,122,0.10898974429766878,122,0.11564980320576412,122,0.0928453574841754,122,0.0988997366003751,122,0.0,122,0.0,122,0.0,122,,,,,,,122,0.5844902987778733,0.18028295856169677,122,0.8736557753937477,0.35987324878518223,0,,0,,,,,,,
5,val,extend_contours_same_color,pad_left,pad_left -> extend_contours_same_color,synthetic_pair_on_id_atomic_input,image_final_norm,122,0.5760500391876175,122,0.17443544851185386,122,3.5096722632816277,122,3.8753969837297157,122,0.0,122,0.8492443207663979,122,0.33469728026444145,122,2.5638453773030268,122,3.2798225574607707,122,0.0,122,0.0,122,0.0,122,0.0,122,0.0,122,0.0,122,0.0,122,0.09530409671951212,122,0.07595379160205915,122,0.11671508126534379,122,0.12332926639371228,122,0.10047479086641799,122,0.10558520552246271,122,0.0,122,0.0,122,0.0,122,,,,,,,122,0.5760500391876175,0.17443544851185386,122,0.8492443207663979,0.33469728026444145,0,,0,,,,,,,
5,val,mirror_vertical,extend_contours_same_color,extend_contours_same_color -> mirror_vertical,synthetic_pair_on_id_atomic_input,image_input_tokens,128,0.8492720329517955,128,0.27376199228365755,120,0.09267040539760493,128,0.17794438465500717,128,0.0625,128,0.19453236122396406,128,0.03212575542774533,128,0.6412477868485389,128,0.6385140192140986,128,0.0,128,0.0625,128,0.0625,128,0.0,128,0.0,128,1.0,128,1.0,128,0.014983672014899425,128,0.04667276979477211,128,0.05480105665664148,128,0.054728065036925136,128,0.029322342822579946,128,0.04722389682028119,128,1.1875,128,0.0,128,1.1875,128,1.0,128,0.005114036954212453,128,0.005348115966335978,128,120,0.9058901684819153,0.27376199228365755,128,0.19453236122396406,0.03212575542774533,111,0.9974657850222545,0,,0.6793306367358396,128,0.055249944813126055,128,0.0048901656784851,128
5,val,mirror_vertical,extend_contours_same_color,extend_contours_same_color -> mirror_vertical,synthetic_pair_on_id_atomic_input,image_block_01,128,0.5500118500867326,128,0.12989006211556123,120,8.275679539529756,128,11.030109747046373,128,0.0625,128,0.31980265668871305,128,0.06649691342269637,128,17.37846122017737,128,17.567803174028892,128,0.0,128,0.0625,128,0.0625,128,0.0,128,0.0,128,1.0,128,1.0,128,0.07413214023214072,128,0.0661776118941875,128,0.10845522516854511,128,0.1035728346906385,128,0.09876511828041565,128,0.06835414163587557,128,1.1875,128,0.0,128,1.1875,128,0.85546875,128,0.03834938134643773,128,0.03888503945367799,128,120,0.5866793067591815,0.12989006211556123,128,0.31980265668871305,0.06649691342269637,111,0.9974657850222545,0,,34.890746731777355,128,0.5195301326974161,128,0.03786841700204451,128
5,val,mirror_vertical,extend_contours_same_color,extend_contours_same_color -> mirror_vertical,synthetic_pair_on_id_atomic_input,image_block_02,128,0.5416313331874281,128,0.1337337072389967,120,11.812538865565458,128,15.25396790428761,128,0.0625,128,0.3309816791355956,128,0.07150372440898986,128,22.959145212230418,128,23.06164118065778,128,0.0,128,0.0625,128,0.0625,128,0.0,128,0.0,128,1.0,128,1.0,128,0.08463681923289729,128,0.07175862438454063,128,0.11658025563891472,128,0.10784797917024799,128,0.10858945683425904,128,0.07310141141222914,128,1.1875,128,0.0,128,1.1875,128,0.482421875,128,0.053304288329956984,128,0.05402204685863739,128,120,0.5777400887332566,0.1337337072389967,128,0.3309816791355956,0.07150372440898986,111,0.9974657850222545,0,,53.551291094483524,128,0.451243719514645,128,0.05299088918795779,128
5,val,mirror_vertical,extend_contours_same_color,extend_contours_same_color -> mirror_vertical,synthetic_pair_on_id_atomic_input,image_block_03,128,0.5652792119685505,128,0.1564434574912178,120,15.295880705979087,128,19.105927290779167,128,0.0625,128,0.3673545407362763,128,0.0848129303713664,128,27.505554380675022,128,27.601784651565332,128,0.0,128,0.0625,128,0.0625,128,0.0,128,0.0,128,1.0,128,1.0,128,0.09842329737032544,128,0.08386567845418555,128,0.1301593802292867,128,0.12021270242072561,128,0.12228886042005452,128,0.08405274581876913,128,1.1875,128,0.0,128,1.1875,128,0.09765625,128,0.06728148755967087,128,0.06794564136014213,128,120,0.6029644927664537,0.1564434574912178,128,0.3673545407362763,0.0848129303713664,111,0.9974657850222545,0,,71.99547847926785,128,0.6267205827613348,128,0.06724611631159988,128
5,val,mirror_vertical,extend_contours_same_color,extend_contours_same_color -> mirror_vertical,synthetic_pair_on_id_atomic_input,image_block_04,128,0.5857848029962013,128,0.1746594635704776,120,17.495135616231792,128,21.509115770189187,128,0.0625,128,0.38433499296294343,128,0.09117700230213234,128,31.003453247116305,128,30.70638085072342,128,0.0,128,0.0625,128,0.0625,128,0.0,128,0.0,128,1.0,128,1.0,128,0.10182681187874049,128,0.09005474578853385,128,0.13151264517210343,128,0.12506584834259926,128,0.12312810212793886,128,0.08879731226912184,128,1.1875,128,0.0,128,1.1875,128,0.0390625,128,0.07461702488245164,128,0.07536818444276758,128,120,0.6248371231959479,0.1746594635704776,128,0.38433499296294343,0.09117700230213234,111,0.9974657850222545,0,,88.20569907502984,128,0.6237776381835248,128,0.07406135033036651,128
5,val,mirror_vertical,extend_contours_same_color,extend_contours_same_color -> mirror_vertical,synthetic_pair_on_id_atomic_input,image_block_05,128,0.6254703161854701,128,0.2016267433193694,120,20.075834284134938,128,25.317857624820384,128,0.0625,128,0.35811486841947815,128,0.08123858442871151,128,40.97735187277484,128,40.8595556964661,128,0.0,128,0.0625,128,0.0625,128,0.0,128,0.0,128,1.0,128,1.0,128,0.10555365974029138,128,0.1015344584993998,128,0.14522213100215858,128,0.13650405966960272,128,0.1334596051177423,128,0.10138956087816023,128,1.1875,128,0.0,128,1.1875,128,0.0,128,0.08711959701130395,128,0.08814866958920736,128,120,0.6671683372645014,0.2016267433193694,128,0.35811486841947815,0.08123858442871151,111,0.9974657850222545,0,,98.3875393727949,128,0.7556945494297634,128,0.0871183305426544,128
5,val,mirror_vertical,extend_contours_same_color,extend_contours_same_color -> mirror_vertical,synthetic_pair_on_id_atomic_input,image_block_06,128,0.650961030448931,128,0.21847387399865573,120,20.140823069139188,128,25.58312391273508,128,0.0625,128,0.3632958553956588,128,0.083446216785104,128,42.96755418675285,128,42.78621621747422,128,0.0,128,0.0625,128,0.0625,128,0.0,128,0.0,128,1.0,128,1.0,128,0.08574304572402,128,0.08909529992163634,128,0.12323085424629464,128,0.1145337329672627,128,0.10878337472635985,128,0.08852449313133391,128,1.1875,128,0.0,128,1.1875,128,0.0078125,128,0.0768917563925405,128,0.07753145963758673,128,120,0.6943584324788598,0.21847387399865573,128,0.3632958553956588,0.083446216785104,111,0.9974657850222545,0,,102.39961668481435,128,0.7456358764230925,128,0.0771044905944327,128
5,val,mirror_vertical,extend_contours_same_color,extend_contours_same_color -> mirror_vertical,synthetic_pair_on_id_atomic_input,image_final_norm,128,0.6683076794298608,128,0.2245097078154801,120,1.5010683265918745,128,1.976126571050342,128,0.0625,128,0.3604096127151426,128,0.08294837282758454,128,3.4262155500488713,128,3.4219438571329697,128,0.0,128,0.0625,128,0.0625,128,0.0,128,0.0,128,1.0,128,1.0,128,0.08563363679018665,128,0.09360806682664027,128,0.12898543292473413,128,0.11940355489510708,128,0.11340800000895396,128,0.09359224293099505,128,1.1875,128,0.0,128,1.1875,128,0.0,128,0.08440030963083706,128,0.08516740586686122,128,120,0.7128615247251848,0.2245097078154801,128,0.3604096127151426,0.08294837282758454,111,0.9974657850222545,0,,25.347924264209457,128,0.9124182712136073,128,0.08492437773814118,128
5,val,mirror_vertical,mirror_vertical,mirror_vertical -> mirror_vertical,synthetic_pair_on_id_atomic_input,image_input_tokens,128,1.890625,128,2.0,121,0.09143040998731419,128,0.09143040998731419,128,0.0546875,128,1.890625,128,2.0,121,0.09143040998731419,128,0.09143040998731419,128,0.0546875,128,0.0546875,128,0.0546875,128,0.0546875,128,0.0546875,128,1.0,128,0.0,128,0.015086229181982488,128,0.015086229181982488,128,0.012601767255069675,128,0.012601767255069675,128,0.016034664254645337,128,0.016034664254645337,128,4.328125,128,2.0,128,2.328125,128,1.0,128,0.012337911389322009,128,0.012601767255069675,128,121,2.0,2.0,121,2.0,2.0,111,0.9971221841133393,0,,,,,,,
5,val,mirror_vertical,mirror_vertical,mirror_vertical -> mirror_vertical,synthetic_pair_on_id_atomic_input,image_block_01,128,1.890625,128,2.0,121,8.402019735181918,128,8.402019735181918,128,0.0546875,128,1.890625,128,2.0,121,8.402019735181918,128,8.402019735181918,128,0.0546875,128,0.0546875,128,0.0546875,128,0.0546875,128,0.0546875,128,1.0,128,0.0,128,0.0778801733553571,128,0.0778801733553571,128,0.06977362153512745,128,0.06977362153512745,128,0.0784916015218696,128,0.0784916015218696,128,4.328125,128,2.0,128,2.328125,128,0.142578125,128,0.06826270907867849,128,0.06977362153512745,128,121,2.0,2.0,121,2.0,2.0,111,0.9971221841133393,0,,,,,,,
5,val,mirror_vertical,mirror_vertical,mirror_vertical -> mirror_vertical,synthetic_pair_on_id_atomic_input,image_block_02,128,1.890625,128,2.0,121,12.79020310105926,128,12.79020310105926,128,0.0546875,128,1.890625,128,2.0,121,12.79020310105926,128,12.79020310105926,128,0.0546875,128,0.0546875,128,0.0546875,128,0.0546875,128,0.0546875,128,1.0,128,0.0,128,0.09334053546110264,128,0.09334053546110264,128,0.0886848405198585,128,0.0886848405198585,128,0.09357117758559746,128,0.09357117758559746,128,4.328125,128,2.0,128,2.328125,128,0.052734375,128,0.08671216938108174,128,0.0886848405198585,128,121,2.0,2.0,121,2.0,2.0,111,0.9971221841133393,0,,,,,,,
5,val,mirror_vertical,mirror_vertical,mirror_vertical -> mirror_vertical,synthetic_pair_on_id_atomic_input,image_block_03,128,1.890625,128,2.0,121,16.19694337622537,128,16.19694337622537,128,0.0546875,128,1.890625,128,2.0,121,16.19694337622537,128,16.19694337622537,128,0.0546875,128,0.0546875,128,0.0546875,128,0.0546875,128,0.0546875,128,1.0,128,0.0,128,0.10724901066733444,128,0.10724901066733444,128,0.10449798349784947,128,0.10449798349784947,128,0.10598054572250994,128,0.10598054572250994,128,4.328125,128,2.0,128,2.328125,128,0.017578125,128,0.10245837047725606,128,0.10449798349784947,128,121,2.0,2.0,121,2.0,2.0,111,0.9971221841133393,0,,,,,,,
5,val,mirror_vertical,mirror_vertical,mirror_vertical -> mirror_vertical,synthetic_pair_on_id_atomic_input,image_block_04,128,1.890625,128,2.0,121,18.30183649640393,128,18.30183649640393,128,0.0546875,128,1.890625,128,2.0,121,18.30183649640393,128,18.30183649640393,128,0.0546875,128,0.0546875,128,0.0546875,128,0.0546875,128,0.0546875,128,1.0,128,0.0,128,0.11074234496566948,128,0.11074234496566948,128,0.10990290055402101,128,0.10990290055402101,128,0.1085504264845191,128,0.1085504264845191,128,4.328125,128,2.0,128,2.328125,128,0.009765625,128,0.10772733090487732,128,0.10990290055402101,128,121,2.0,2.0,121,2.0,2.0,111,0.9971221841133393,0,,,,,,,
5,val,mirror_vertical,mirror_vertical,mirror_vertical -> mirror_vertical,synthetic_pair_on_id_atomic_input,image_block_05,128,1.890625,128,2.0,121,21.1035604538383,128,21.1035604538383,128,0.0546875,128,1.890625,128,2.0,121,21.1035604538383,128,21.1035604538383,128,0.0546875,128,0.0546875,128,0.0546875,128,0.0546875,128,0.0546875,128,1.0,128,0.0,128,0.11595969093075591,128,0.11595969093075591,128,0.11530366883421847,128,0.11530366883421847,128,0.11688734862934502,128,0.11688734862934502,128,4.328125,128,2.0,128,2.328125,128,0.013671875,128,0.11324455707713957,128,0.11530366883421847,128,121,2.0,2.0,121,2.0,2.0,111,0.9971221841133393,0,,,,,,,
5,val,mirror_vertical,mirror_vertical,mirror_vertical -> mirror_vertical,synthetic_pair_on_id_atomic_input,image_block_06,128,1.890625,128,2.0,121,21.049626323892166,128,21.049626323892166,128,0.0546875,128,1.890625,128,2.0,121,21.049626323892166,128,21.049626323892166,128,0.0546875,128,0.0546875,128,0.0546875,128,0.0546875,128,0.0546875,128,1.0,128,0.0,128,0.09273773868189238,128,0.09273773868189238,128,0.09494027622916523,128,0.09494027622916523,128,0.09271730700932596,128,0.09271730700932596,128,4.328125,128,2.0,128,2.328125,128,0.017578125,128,0.09326182332683944,128,0.09494027622916523,128,121,2.0,2.0,121,2.0,2.0,111,0.9971221841133393,0,,,,,,,
5,val,mirror_vertical,mirror_vertical,mirror_vertical -> mirror_vertical,synthetic_pair_on_id_atomic_input,image_final_norm,128,1.890625,128,2.0,121,1.5793132496040139,128,1.5793132496040139,128,0.0546875,128,1.890625,128,2.0,121,1.5793132496040139,128,1.5793132496040139,128,0.0546875,128,0.0546875,128,0.0546875,128,0.0546875,128,0.0546875,128,1.0,128,0.0,128,0.09261645689736976,128,0.09261645689736976,128,0.09574191093825661,128,0.09574191093825661,128,0.09233303808840287,128,0.09233303808840287,128,4.328125,128,2.0,128,2.328125,128,0.021484375,128,0.09410319860167297,128,0.09574191093825661,128,121,2.0,2.0,121,2.0,2.0,111,0.9971221841133393,0,,,,,,,
5,val,mirror_vertical,pad_left,pad_left -> mirror_vertical,synthetic_pair_on_id_atomic_input,image_input_tokens,128,1.4757498397480806,128,0.7797703312079127,122,0.09572293115830136,128,0.18928835637308294,128,0.0,128,1.3134536444993248e-15,128,5.551115123125783e-17,128,0.3252016337837933,128,0.3252016337837933,128,0.0,128,0.046875,128,0.0,128,0.0,128,0.0,128,0.0,128,0.0,128,0.015655270650771023,128,0.029698656633371144,128,0.03639363780538109,128,0.035526142654107126,128,0.02773486652988677,128,0.02960121023859212,128,0.09375,128,0.0,128,0.09375,128,1.0,6,0.00612686131229941,6,0.00646541967895026,6,122,1.449967044981593,0.7797703312079127,128,1.3134536444993248e-15,5.551115123125783e-17,0,,0,,,,,,,
5,val,mirror_vertical,pad_left,pad_left -> mirror_vertical,synthetic_pair_on_id_atomic_input,image_block_01,128,1.1756853614460796,128,0.63471034165164,122,8.528135933731633,128,10.103533884717226,128,0.0,128,0.2880479882374511,128,0.044644999074976224,128,11.511175452998286,128,11.553059817738362,128,0.0,128,0.046875,128,0.0,128,0.0,128,0.0,128,0.0,128,0.0,128,0.07674860501249336,128,0.04990460037665566,128,0.09162186230361732,128,0.08243027285944546,128,0.08703386563070811,128,0.04984500209134527,128,0.09375,128,0.0,128,0.09375,128,0.6666666666666666,6,0.048112604483976806,6,0.0506416429449171,6,122,1.1351452972549032,0.63471034165164,128,0.2880479882374511,0.044644999074976224,0,,0,,,,,,,
5,val,mirror_vertical,pad_left,pad_left -> mirror_vertical,synthetic_pair_on_id_atomic_input,image_block_02,128,1.1879634139551603,128,0.6493674830061662,122,12.861705429279063,128,14.70267463947211,128,0.0,128,0.37424121373589814,128,0.07889423571327625,128,18.998094715281518,128,18.945368688703716,128,0.0,128,0.046875,128,0.0,128,0.0,128,0.0,128,0.0,128,0.0,128,0.09167169490621407,128,0.061511840531330735,128,0.10527709540884372,128,0.09246369303146257,128,0.10101852349863495,128,0.06172117401712691,128,0.09375,128,0.0,128,0.09375,128,0.16666666666666666,6,0.0642501183277724,6,0.07275993053703002,6,122,1.1480271884119715,0.6493674830061662,128,0.37424121373589814,0.07889423571327625,0,,0,,,,,,,
5,val,mirror_vertical,pad_left,pad_left -> mirror_vertical,synthetic_pair_on_id_atomic_input,image_block_03,128,1.2243319012068623,128,0.6726015036484335,122,16.403071852025633,128,20.779147687768784,128,0.0,128,0.3999136473613771,128,0.09176304232417458,128,22.855446714970178,128,22.822219368071572,128,0.0,128,0.046875,128,0.0,128,0.0,128,0.0,128,0.0,128,0.0,128,0.10625055164603067,128,0.07131481304335237,128,0.12050149856614426,128,0.10761774453758184,128,0.1153648254683182,128,0.07170730434485678,128,0.09375,128,0.0,128,0.09375,128,0.0,6,0.07506213449397199,6,0.0860944829365603,6,122,1.1861842897908066,0.6726015036484335,128,0.3999136473613771,0.09176304232417458,0,,0,,,,,,,
5,val,mirror_vertical,pad_left,pad_left -> mirror_vertical,synthetic_pair_on_id_atomic_input,image_block_04,128,1.2342256102023001,128,0.6824409967314111,122,18.61423427005859,128,23.524670553654285,128,0.0,128,0.4377906924187157,128,0.10920357882007717,128,28.010820131001353,128,27.727291733009544,128,0.0,128,0.046875,128,0.0,128,0.0,128,0.0,128,0.0,128,0.0,128,0.11066285342417181,128,0.08103557080710122,128,0.12862546021575705,128,0.11411724728233943,128,0.12152195172180318,128,0.08254070539737168,128,0.09375,128,0.0,128,0.09375,128,0.08333333333333333,6,0.08111915841376499,6,0.09118973085388528,6,122,1.1965645746384788,0.6824409967314111,128,0.4377906924187157,0.10920357882007717,0,,0,,,,,,,
5,val,mirror_vertical,pad_left,pad_left -> mirror_vertical,synthetic_pair_on_id_atomic_input,image_block_05,128,1.2376858718261174,128,0.6825883633045274,122,21.49880184094199,128,26.718467427767862,128,0.0,128,0.43982919841976353,128,0.1068786598822701,128,32.77410149759385,128,32.05984541824489,128,0.0,128,0.046875,128,0.0,128,0.0,128,0.0,128,0.0,128,0.0,128,0.11625066923505273,128,0.09584868145529678,128,0.14412129454038647,128,0.1276584797606228,128,0.12942477175517642,128,0.09814338007207758,128,0.09375,128,0.0,128,0.09375,128,0.0,6,0.09273789020104027,6,0.09789836088937633,6,122,1.200195013063468,0.6825883633045274,128,0.43982919841976353,0.1068786598822701,0,,0,,,,,,,
5,val,mirror_vertical,pad_left,pad_left -> mirror_vertical,synthetic_pair_on_id_atomic_input,image_block_06,128,1.2525931620355069,128,0.6951563643221454,122,21.37928970328547,128,27.803932473174367,128,0.0,128,0.44347789950371197,128,0.11074120052324178,128,32.61987111770542,128,32.13102337677394,128,0.0,128,0.046875,128,0.0,128,0.0,128,0.0,128,0.0,128,0.0,128,0.09282782468748807,128,0.07932133568292378,128,0.11668512767387051,128,0.10317993942382472,128,0.10522521511886046,128,0.08003117125655451,128,0.09375,128,0.0,128,0.09375,128,0.0,6,0.07313933067374535,6,0.07632736073032559,6,122,1.2158354486929905,0.6951563643221454,128,0.44347789950371197,0.11074120052324178,0,,0,,,,,,,
5,val,mirror_vertical,pad_left,pad_left -> mirror_vertical,synthetic_pair_on_id_atomic_input,image_final_norm,128,1.2608736574401223,128,0.7016338550662522,122,1.6058597095535365,128,2.1515837367967423,128,0.0,128,0.42142705862139107,128,0.10020089474578799,128,2.5965386275361952,128,2.5605091921372463,128,0.0,128,0.046875,128,0.0,128,0.0,128,0.0,128,0.0,128,0.0,128,0.0919800077641085,128,0.08003884587946573,128,0.11867145343277916,128,0.10393511603108,128,0.1055913486681433,128,0.08054251611490881,128,0.09375,128,0.0,128,0.09375,128,0.0,6,0.07403336705371276,6,0.07764422281158455,6,122,1.2245231815765218,0.7016338550662522,128,0.42142705862139107,0.10020089474578799,0,,0,,,,,,,
5,val,pad_left,extend_contours_same_color,extend_contours_same_color -> pad_left,synthetic_pair_on_id_atomic_input,image_input_tokens,122,0.7187002396789418,122,0.15420287488731707,122,0.29874984202994115,122,0.490581361174809,122,0.0,122,0.5166724203140087,122,0.0835490603205122,122,0.6453297236566277,122,0.8679545235624606,122,0.0,122,0.0,122,0.0,122,0.0,122,0.0,122,0.0,122,0.0,122,0.03009414982766093,122,0.045057839969418666,122,0.07271177891711271,122,0.07623912885439463,122,0.04812615811413364,122,0.05785522488493967,122,0.0,122,0.0,122,0.0,122,,,,,,,122,0.7187002396789418,0.15420287488731707,122,0.5166724203140087,0.0835490603205122,111,0.9963439004915254,0,,,,,,,
5,val,pad_left,extend_contours_same_color,extend_contours_same_color -> pad_left,synthetic_pair_on_id_atomic_input,image_block_01,122,0.618443888791652,122,0.14559750116782713,122,11.495062608707432,122,15.461828623168739,122,0.0,122,0.4015519857758245,122,0.0733540933614942,122,17.244095110595175,122,20.114638479972832,122,0.0,122,0.0,122,0.0,122,0.0,122,0.0,122,0.0,122,0.0,122,0.048441063475254224,122,0.06693182803121837,122,0.08208282273722084,122,0.07990411763800209,122,0.06384844123909883,122,0.07015569106647852,122,0.0,122,0.0,122,0.0,122,,,,,,,122,0.618443888791652,0.14559750116782713,122,0.4015519857758245,0.0733540933614942,111,0.9963439004915254,0,,,,,,,
5,val,pad_left,extend_contours_same_color,extend_contours_same_color -> pad_left,synthetic_pair_on_id_atomic_input,image_block_02,122,0.5919123637432876,122,0.16975965981400093,122,19.122947774950646,122,21.836992154627545,122,0.0,122,0.437251097623611,122,0.09781658314337703,122,23.279545455245636,122,24.705023566813313,122,0.0,122,0.0,122,0.0,122,0.0,122,0.0,122,0.0,122,0.0,122,0.059915350119908194,122,0.07348358219403904,122,0.09101348218188737,122,0.08696476348488358,122,0.07086186989439522,122,0.07349215154449848,122,0.0,122,0.0,122,0.0,122,,,,,,,122,0.5919123637432876,0.16975965981400093,122,0.437251097623611,0.09781658314337703,111,0.9963439004915254,0,,,,,,,
5,val,pad_left,extend_contours_same_color,extend_contours_same_color -> pad_left,synthetic_pair_on_id_atomic_input,image_block_03,122,0.6772884380512785,122,0.2252361094070055,122,22.920564379730855,122,25.916835265707885,122,0.0,122,0.4994995199964492,122,0.12675822068730794,122,27.91206001114057,122,29.299307381529395,122,0.0,122,0.0,122,0.0,122,0.0,122,0.0,122,0.0,122,0.0,122,0.06855468323124653,122,0.08676189687004446,122,0.10708945768575627,122,0.0993654929369873,122,0.08279178722259137,122,0.08391872930454113,122,0.0,122,0.0,122,0.0,122,,,,,,,122,0.6772884380512785,0.2252361094070055,122,0.4994995199964492,0.12675822068730794,111,0.9963439004915254,0,,,,,,,
5,val,pad_left,extend_contours_same_color,extend_contours_same_color -> pad_left,synthetic_pair_on_id_atomic_input,image_block_04,122,0.7293806183253052,122,0.25890040312244134,122,28.060887550756988,122,31.296924199386194,122,0.0,122,0.5615215465827506,122,0.16103906435010412,122,31.09536319646224,122,33.24536920500669,122,0.0,122,0.0,122,0.0,122,0.0,122,0.0,122,0.0,122,0.0,122,0.07644404184290136,122,0.09152759378696404,122,0.11118653350729077,122,0.10479752155116416,122,0.09125338275442661,122,0.08859395672766308,122,0.0,122,0.0,122,0.0,122,,,,,,,122,0.7293806183253052,0.25890040312244134,122,0.5615215465827506,0.16103906435010412,111,0.9963439004915254,0,,,,,,,
5,val,pad_left,extend_contours_same_color,extend_contours_same_color -> pad_left,synthetic_pair_on_id_atomic_input,image_block_05,122,0.8375372288686468,122,0.33631717707153336,122,33.04011628993856,122,38.713268370402766,122,0.0,122,0.5875471856783777,122,0.1914487079118731,122,42.08962666813329,122,43.63012635279368,122,0.0,122,0.0,122,0.0,122,0.0,122,0.0,122,0.0,122,0.0,122,0.09208265704059235,122,0.10515008024558686,122,0.13499325519914543,122,0.12326711694744301,122,0.11565418064916741,122,0.10333180732422383,122,0.0,122,0.0,122,0.0,122,,,,,,,122,0.8375372288686468,0.33631717707153336,122,0.5875471856783777,0.1914487079118731,111,0.9963439004915254,0,,,,,,,
5,val,pad_left,extend_contours_same_color,extend_contours_same_color -> pad_left,synthetic_pair_on_id_atomic_input,image_block_06,122,0.8736557753937477,122,0.35987324878518223,122,32.252963583164615,122,40.32568956682383,122,0.0,122,0.5844902987778733,122,0.18028295856169677,122,43.7849169864775,122,48.36422954253645,122,0.0,122,0.0,122,0.0,122,0.0,122,0.0,122,0.0,122,0.0,122,0.07536791016011068,122,0.09117972417340342,122,0.11564980320576412,122,0.10898974429766878,122,0.0988997366003751,122,0.0928453574841754,122,0.0,122,0.0,122,0.0,122,,,,,,,122,0.8736557753937477,0.35987324878518223,122,0.5844902987778733,0.18028295856169677,111,0.9963439004915254,0,,,,,,,
5,val,pad_left,extend_contours_same_color,extend_contours_same_color -> pad_left,synthetic_pair_on_id_atomic_input,image_final_norm,122,0.8492443207663979,122,0.33469728026444145,122,2.5638453773030268,122,3.2798225574607707,122,0.0,122,0.5760500391876175,122,0.17443544851185386,122,3.5096722632816277,122,3.8753969837297157,122,0.0,122,0.0,122,0.0,122,0.0,122,0.0,122,0.0,122,0.0,122,0.07595379160205915,122,0.09530409671951212,122,0.12332926639371228,122,0.11671508126534379,122,0.10558520552246271,122,0.10047479086641799,122,0.0,122,0.0,122,0.0,122,,,,,,,122,0.8492443207663979,0.33469728026444145,122,0.5760500391876175,0.17443544851185386,111,0.9963439004915254,0,,,,,,,
5,val,pad_left,mirror_vertical,mirror_vertical -> pad_left,synthetic_pair_on_id_atomic_input,image_input_tokens,128,1.3134536444993248e-15,128,5.551115123125783e-17,128,0.3252016337837933,128,0.3252016337837933,128,0.0,128,1.4757498397480806,128,0.7797703312079127,122,0.09572293115830136,128,0.18928835637308294,128,0.0,128,0.0,128,0.0,128,0.046875,128,0.0,128,0.0,128,0.0,128,0.029698656633371144,128,0.015655270650771023,128,0.035526142654107126,128,0.03639363780538109,128,0.02960121023859212,128,0.02773486652988677,128,0.09375,128,0.0,128,0.09375,128,1.0,6,0.00612686131229941,6,0.00646541967895026,6,128,1.3134536444993248e-15,5.551115123125783e-17,122,1.449967044981593,0.7797703312079127,111,0.994988257283563,0,,,,,,,
5,val,pad_left,mirror_vertical,mirror_vertical -> pad_left,synthetic_pair_on_id_atomic_input,image_block_01,128,0.2880479882374511,128,0.044644999074976224,128,11.511175452998286,128,11.553059817738362,128,0.0,128,1.1756853614460796,128,0.63471034165164,122,8.528135933731633,128,10.103533884717226,128,0.0,128,0.0,128,0.0,128,0.046875,128,0.0,128,0.0,128,0.0,128,0.04990460037665566,128,0.07674860501249336,128,0.08243027285944546,128,0.09162186230361732,128,0.04984500209134527,128,0.08703386563070811,128,0.09375,128,0.0,128,0.09375,128,0.6666666666666666,6,0.048112604483976806,6,0.0506416429449171,6,128,0.2880479882374511,0.044644999074976224,122,1.1351452972549032,0.63471034165164,111,0.994988257283563,0,,,,,,,
5,val,pad_left,mirror_vertical,mirror_vertical -> pad_left,synthetic_pair_on_id_atomic_input,image_block_02,128,0.37424121373589814,128,0.07889423571327625,128,18.998094715281518,128,18.945368688703716,128,0.0,128,1.1879634139551603,128,0.6493674830061662,122,12.861705429279063,128,14.70267463947211,128,0.0,128,0.0,128,0.0,128,0.046875,128,0.0,128,0.0,128,0.0,128,0.061511840531330735,128,0.09167169490621407,128,0.09246369303146257,128,0.10527709540884372,128,0.06172117401712691,128,0.10101852349863495,128,0.09375,128,0.0,128,0.09375,128,0.16666666666666666,6,0.0642501183277724,6,0.07275993053703002,6,128,0.37424121373589814,0.07889423571327625,122,1.1480271884119715,0.6493674830061662,111,0.994988257283563,0,,,,,,,
5,val,pad_left,mirror_vertical,mirror_vertical -> pad_left,synthetic_pair_on_id_atomic_input,image_block_03,128,0.3999136473613771,128,0.09176304232417458,128,22.855446714970178,128,22.822219368071572,128,0.0,128,1.2243319012068623,128,0.6726015036484335,122,16.403071852025633,128,20.779147687768784,128,0.0,128,0.0,128,0.0,128,0.046875,128,0.0,128,0.0,128,0.0,128,0.07131481304335237,128,0.10625055164603067,128,0.10761774453758184,128,0.12050149856614426,128,0.07170730434485678,128,0.1153648254683182,128,0.09375,128,0.0,128,0.09375,128,0.0,6,0.07506213449397199,6,0.0860944829365603,6,128,0.3999136473613771,0.09176304232417458,122,1.1861842897908066,0.6726015036484335,111,0.994988257283563,0,,,,,,,
5,val,pad_left,mirror_vertical,mirror_vertical -> pad_left,synthetic_pair_on_id_atomic_input,image_block_04,128,0.4377906924187157,128,0.10920357882007717,128,28.010820131001353,128,27.727291733009544,128,0.0,128,1.2342256102023001,128,0.6824409967314111,122,18.61423427005859,128,23.524670553654285,128,0.0,128,0.0,128,0.0,128,0.046875,128,0.0,128,0.0,128,0.0,128,0.08103557080710122,128,0.11066285342417181,128,0.11411724728233943,128,0.12862546021575705,128,0.08254070539737168,128,0.12152195172180318,128,0.09375,128,0.0,128,0.09375,128,0.08333333333333333,6,0.08111915841376499,6,0.09118973085388528,6,128,0.4377906924187157,0.10920357882007717,122,1.1965645746384788,0.6824409967314111,111,0.994988257283563,0,,,,,,,
5,val,pad_left,mirror_vertical,mirror_vertical -> pad_left,synthetic_pair_on_id_atomic_input,image_block_05,128,0.43982919841976353,128,0.1068786598822701,128,32.77410149759385,128,32.05984541824489,128,0.0,128,1.2376858718261174,128,0.6825883633045274,122,21.49880184094199,128,26.718467427767862,128,0.0,128,0.0,128,0.0,128,0.046875,128,0.0,128,0.0,128,0.0,128,0.09584868145529678,128,0.11625066923505273,128,0.1276584797606228,128,0.14412129454038647,128,0.09814338007207758,128,0.12942477175517642,128,0.09375,128,0.0,128,0.09375,128,0.0,6,0.09273789020104027,6,0.09789836088937633,6,128,0.43982919841976353,0.1068786598822701,122,1.200195013063468,0.6825883633045274,111,0.994988257283563,0,,,,,,,
5,val,pad_left,mirror_vertical,mirror_vertical -> pad_left,synthetic_pair_on_id_atomic_input,image_block_06,128,0.44347789950371197,128,0.11074120052324178,128,32.61987111770542,128,32.13102337677394,128,0.0,128,1.2525931620355069,128,0.6951563643221454,122,21.37928970328547,128,27.803932473174367,128,0.0,128,0.0,128,0.0,128,0.046875,128,0.0,128,0.0,128,0.0,128,0.07932133568292378,128,0.09282782468748807,128,0.10317993942382472,128,0.11668512767387051,128,0.08003117125655451,128,0.10522521511886046,128,0.09375,128,0.0,128,0.09375,128,0.0,6,0.07313933067374535,6,0.07632736073032559,6,128,0.44347789950371197,0.11074120052324178,122,1.2158354486929905,0.6951563643221454,111,0.994988257283563,0,,,,,,,
5,val,pad_left,mirror_vertical,mirror_vertical -> pad_left,synthetic_pair_on_id_atomic_input,image_final_norm,128,0.42142705862139107,128,0.10020089474578799,128,2.5965386275361952,128,2.5605091921372463,128,0.0,128,1.2608736574401223,128,0.7016338550662522,122,1.6058597095535365,128,2.1515837367967423,128,0.0,128,0.0,128,0.0,128,0.046875,128,0.0,128,0.0,128,0.0,128,0.08003884587946573,128,0.0919800077641085,128,0.10393511603108,128,0.11867145343277916,128,0.08054251611490881,128,0.1055913486681433,128,0.09375,128,0.0,128,0.09375,128,0.0,6,0.07403336705371276,6,0.07764422281158455,6,128,0.42142705862139107,0.10020089474578799,122,1.2245231815765218,0.7016338550662522,111,0.994988257283563,0,,,,,,,
5,val,pad_left,pad_left,pad_left -> pad_left,synthetic_pair_on_id_atomic_input,image_input_tokens,128,0.5886541927095901,128,0.1284449482950643,128,0.3204553831042846,128,0.3344652574547471,128,0.0,128,0.5886541927095901,128,0.1284449482950643,128,0.3204553831042846,128,0.3344652574547471,128,0.0,128,0.0,128,0.0,128,0.0,128,0.0,128,1.0,128,0.0,128,0.030980416565375618,128,0.030980416565375618,128,0.05790425721536065,128,0.05790425721536065,128,0.03216128477192691,128,0.03216128477192691,128,2.0,128,2.0,128,0.0,128,,,,,,,128,0.5886541927095901,0.1284449482950643,128,0.5886541927095901,0.1284449482950643,111,0.9951418724145975,0,,,,,,,
5,val,pad_left,pad_left,pad_left -> pad_left,synthetic_pair_on_id_atomic_input,image_block_01,128,0.7069421175816237,128,0.19787538712832223,128,12.035753021703215,128,9.628721522286067,128,0.0,128,0.7069421175816237,128,0.19787538712832223,128,12.035753021703215,128,9.628721522286067,128,0.0,128,0.0,128,0.0,128,0.0,128,0.0,128,1.0,128,0.0,128,0.049589626548014666,128,0.049589626548014666,128,0.07018088525182084,128,0.07018088525182084,128,0.04621153509607065,128,0.04621153509607065,128,2.0,128,2.0,128,0.0,128,,,,,,,128,0.7069421175816237,0.19787538712832223,128,0.7069421175816237,0.19787538712832223,111,0.9951418724145975,0,,,,,,,
5,val,pad_left,pad_left,pad_left -> pad_left,synthetic_pair_on_id_atomic_input,image_block_02,128,0.7298088987077092,128,0.22725328447494034,128,19.803670571901726,128,14.748561936413772,128,0.0,128,0.7298088987077092,128,0.22725328447494034,128,19.803670571901726,128,14.748561936413772,128,0.0,128,0.0,128,0.0,128,0.0,128,0.0,128,1.0,128,0.0,128,0.06234526629301636,128,0.06234526629301636,128,0.0822301870012727,128,0.0822301870012727,128,0.05511064911809754,128,0.05511064911809754,128,2.0,128,2.0,128,0.0,128,,,,,,,128,0.7298088987077092,0.22725328447494034,128,0.7298088987077092,0.22725328447494034,111,0.9951418724145975,0,,,,,,,
5,val,pad_left,pad_left,pad_left -> pad_left,synthetic_pair_on_id_atomic_input,image_block_03,128,0.7769391192619493,128,0.26288932237920615,128,23.738316766258993,128,17.68721053079644,128,0.0,128,0.7769391192619493,128,0.26288932237920615,128,23.738316766258993,128,17.68721053079644,128,0.0,128,0.0,128,0.0,128,0.0,128,0.0,128,1.0,128,0.0,128,0.072518534734281,128,0.072518534734281,128,0.09657363491438845,128,0.09657363491438845,128,0.06700483248767175,128,0.06700483248767175,128,2.0,128,2.0,128,0.0,128,,,,,,,128,0.7769391192619493,0.26288932237920615,128,0.7769391192619493,0.26288932237920615,111,0.9951418724145975,0,,,,,,,
5,val,pad_left,pad_left,pad_left -> pad_left,synthetic_pair_on_id_atomic_input,image_block_04,128,0.9050236303364882,128,0.36127382117069134,128,29.195701943125123,128,19.991052376139343,128,0.0,128,0.9050236303364882,128,0.36127382117069134,128,29.195701943125123,128,19.991052376139343,128,0.0,128,0.0,128,0.0,128,0.0,128,0.0,128,1.0,128,0.0,128,0.0833357932409495,128,0.0833357932409495,128,0.1088104563262296,128,0.1088104563262296,128,0.07738169491809509,128,0.07738169491809509,128,2.0,128,2.0,128,0.0,128,,,,,,,128,0.9050236303364882,0.36127382117069134,128,0.9050236303364882,0.36127382117069134,111,0.9951418724145975,0,,,,,,,
5,val,pad_left,pad_left,pad_left -> pad_left,synthetic_pair_on_id_atomic_input,image_block_05,128,0.8831624827673545,128,0.3520919865269411,128,33.947752034090264,128,24.467873306462764,128,0.0,128,0.8831624827673545,128,0.3520919865269411,128,33.947752034090264,128,24.467873306462764,128,0.0,128,0.0,128,0.0,128,0.0,128,0.0,128,1.0,128,0.0,128,0.09737212511648614,128,0.09737212511648614,128,0.13124346889248031,128,0.13124346889248031,128,0.09084576891119964,128,0.09084576891119964,128,2.0,128,2.0,128,0.0,128,,,,,,,128,0.8831624827673545,0.3520919865269411,128,0.8831624827673545,0.3520919865269411,111,0.9951418724145975,0,,,,,,,
5,val,pad_left,pad_left,pad_left -> pad_left,synthetic_pair_on_id_atomic_input,image_block_06,128,0.9033550137566472,128,0.37634924900630273,128,33.56867490415452,128,25.425432457943415,128,0.0,128,0.9033550137566472,128,0.37634924900630273,128,33.56867490415452,128,25.425432457943415,128,0.0,128,0.0,128,0.0,128,0.0,128,0.0,128,1.0,128,0.0,128,0.07989719436851579,128,0.07989719436851579,128,0.1078923729341537,128,0.1078923729341537,128,0.0775528333364564,128,0.0775528333364564,128,2.0,128,2.0,128,0.0,128,,,,,,,128,0.9033550137566472,0.37634924900630273,128,0.9033550137566472,0.37634924900630273,111,0.9951418724145975,0,,,,,,,
5,val,pad_left,pad_left,pad_left -> pad_left,synthetic_pair_on_id_atomic_input,image_final_norm,128,0.8576537350580846,128,0.3390073140839306,128,2.684489616360723,128,2.0658428856300146,128,0.0,128,0.8576537350580846,128,0.3390073140839306,128,2.684489616360723,128,2.0658428856300146,128,0.0,128,0.0,128,0.0,128,0.0,128,0.0,128,1.0,128,0.0,128,0.08031787117461514,128,0.08031787117461514,128,0.10974287772681357,128,0.10974287772681357,128,0.07984568209929926,128,0.07984568209929926,128,2.0,128,2.0,128,0.0,128,,,,,,,128,0.8576537350580846,0.3390073140839306,128,0.8576537350580846,0.3390073140839306,111,0.9951418724145975,0,,,,,,,
5,val_ood,extend_contours_same_color,pad_left,pad_left -> extend_contours_same_color,recorded_ood_composition,image_input_tokens,128,0.5057295895569329,128,0.08023418819478609,128,0.6274132402347858,128,0.8421561435419029,128,0.0,128,0.7351881029304921,128,0.14520997980320974,128,0.2840332675431827,128,0.4724146044137142,128,0.0,128,0.0,128,0.0,128,0.0,128,0.0,128,0.0,128,0.0,128,0.04258035332373408,128,0.027968694823620292,128,0.07267950989666917,128,0.06993670297735327,128,0.05604110207497219,128,0.04523711221699484,128,0.0,128,0.0,128,0.0,128,,,,,,,128,0.5057295895569329,0.08023418819478609,128,0.7351881029304921,0.14520997980320974,1000,0.6311179080903531,128,0.6177102641668171,,,,,,
5,val_ood,extend_contours_same_color,pad_left,pad_left -> extend_contours_same_color,recorded_ood_composition,image_block_01,128,0.3877401128909884,128,0.06641583650122157,128,17.07967191094889,128,19.82112944282532,128,0.0,128,0.6093838326804051,128,0.1419973140388746,128,11.708943375036231,128,15.719400691954746,128,0.0,128,0.0,128,0.0,128,0.0,128,0.0,128,0.0,128,0.0,128,0.0622451633287404,128,0.05106339853154533,128,0.0785775700921039,128,0.07983905746859409,128,0.06772284860229398,128,0.061187087891722614,128,0.0,128,0.0,128,0.0,128,,,,,,,128,0.3877401128909884,0.06641583650122157,128,0.6093838326804051,0.1419973140388746,1000,0.6311179080903531,128,0.6177102641668171,,,,,,
5,val_ood,extend_contours_same_color,pad_left,pad_left -> extend_contours_same_color,recorded_ood_composition,image_block_02,128,0.445826918095497,128,0.1011697718249926,128,23.253154682857073,128,24.512478941164048,128,0.0,128,0.5904411746358872,128,0.16752201106733244,128,19.632276465997553,128,22.679760713706475,128,0.0,128,0.0,128,0.0,128,0.0,128,0.0,128,0.0,128,0.0,128,0.07251602069412423,128,0.06295731895017857,128,0.08635974640306243,128,0.08918766866798755,128,0.07199536177457483,128,0.07166825494287032,128,0.0,128,0.0,128,0.0,128,,,,,,,128,0.445826918095497,0.1011697718249926,128,0.5904411746358872,0.16752201106733244,1000,0.6311179080903531,128,0.6177102641668171,,,,,,
5,val_ood,extend_contours_same_color,pad_left,pad_left -> extend_contours_same_color,recorded_ood_composition,image_block_03,128,0.506487387024607,128,0.1312745151924976,128,28.004362982594895,128,28.97592997117278,128,0.0,128,0.6721968586957383,128,0.22025402335348784,128,23.585216220335177,128,26.47926187409819,128,0.0,128,0.0,128,0.0,128,0.0,128,0.0,128,0.0,128,0.0,128,0.08492284502975009,128,0.071852900940298,128,0.09788745663622359,128,0.10244908408302596,128,0.08220185394425909,128,0.0832604854576154,128,0.0,128,0.0,128,0.0,128,,,,,,,128,0.506487387024607,0.1312745151924976,128,0.6721968586957383,0.22025402335348784,1000,0.6311179080903531,128,0.6177102641668171,,,,,,
5,val_ood,extend_contours_same_color,pad_left,pad_left -> extend_contours_same_color,recorded_ood_composition,image_block_04,128,0.5522706970712546,128,0.15753727886689436,128,31.20220470146807,128,32.812150070160314,128,0.0,128,0.7031219161298286,128,0.24021369588633573,128,28.49121116247686,128,31.515574364377144,128,0.0,128,0.0,128,0.0,128,0.0,128,0.0,128,0.0,128,0.0,128,0.09085308131518355,128,0.07994506116248348,128,0.10538661042065274,128,0.1090705418214247,128,0.08889835479971972,128,0.09164048461717032,128,0.0,128,0.0,128,0.0,128,,,,,,,128,0.5522706970712546,0.15753727886689436,128,0.7031219161298286,0.24021369588633573,1000,0.6311179080903531,128,0.6177102641668171,,,,,,
5,val_ood,extend_contours_same_color,pad_left,pad_left -> extend_contours_same_color,recorded_ood_composition,image_block_05,128,0.5552812355513834,128,0.16229537348725975,128,41.74142580636895,128,43.02793642163082,128,0.0,128,0.8045553335601245,128,0.30753329969793897,128,32.84994998947978,128,38.39495998528649,128,0.0,128,0.0,128,0.0,128,0.0,128,0.0,128,0.0,128,0.0,128,0.10629849725999002,128,0.09506183897497889,128,0.12344885153168081,128,0.13193922788920406,128,0.1070274349321487,128,0.11399677163278563,128,0.0,128,0.0,128,0.0,128,,,,,,,128,0.5552812355513834,0.16229537348725975,128,0.8045553335601245,0.30753329969793897,1000,0.6311179080903531,128,0.6177102641668171,,,,,,
5,val_ood,extend_contours_same_color,pad_left,pad_left -> extend_contours_same_color,recorded_ood_composition,image_block_06,128,0.5567444551930032,128,0.15996274543471228,128,43.944023340380866,128,48.958460595787336,128,0.0,128,0.8496236333160396,128,0.3412746913603265,128,32.48924072599284,128,40.54458915592889,128,0.0,128,0.0,128,0.0,128,0.0,128,0.0,128,0.0,128,0.0,128,0.09253465219697996,128,0.08064342859002775,128,0.11243450416595938,128,0.11415148321034552,128,0.0969265875570716,128,0.09762121571359275,128,0.0,128,0.0,128,0.0,128,,,,,,,128,0.5567444551930032,0.15996274543471228,128,0.8496236333160396,0.3412746913603265,1000,0.6311179080903531,128,0.6177102641668171,,,,,,
5,val_ood,extend_contours_same_color,pad_left,pad_left -> extend_contours_same_color,recorded_ood_composition,image_final_norm,128,0.555994152882423,128,0.15855976310344483,128,3.48283802599574,128,3.920111745671354,128,0.0,128,0.831465891178486,128,0.3201671931766771,128,2.5668529703680156,128,3.347379754729442,128,0.0,128,0.0,128,0.0,128,0.0,128,0.0,128,0.0,128,0.0,128,0.09788755836805983,128,0.0811525218376211,128,0.11966133315911762,128,0.1228956513837228,128,0.10431248378091536,128,0.10456202044010621,128,0.0,128,0.0,128,0.0,128,,,,,,,128,0.555994152882423,0.15855976310344483,128,0.831465891178486,0.3201671931766771,1000,0.6311179080903531,128,0.6177102641668171,,,,,,
5,test,extend_contours_same_color,extend_contours_same_color,extend_contours_same_color -> extend_contours_same_color,synthetic_pair_on_id_atomic_input,image_input_tokens,43,0.45665786911255046,43,0.0741035880642216,43,0.57433457469729,43,0.5239523089910787,43,0.0,43,0.45665786911255046,43,0.0741035880642216,43,0.57433457469729,43,0.5239523089910787,43,0.0,43,0.0,43,0.0,43,0.0,43,0.0,43,1.0,43,0.0,43,0.04117539114018376,43,0.04117539114018376,43,0.09604717923052845,43,0.09604717923052845,43,0.06421151480384053,43,0.06421151480384053,43,2.0,43,2.0,43,0.0,43,,,,,,,43,0.45665786911255046,0.0741035880642216,43,0.45665786911255046,0.0741035880642216,111,0.9975043535232544,0,,,,,,,
5,test,extend_contours_same_color,extend_contours_same_color,extend_contours_same_color -> extend_contours_same_color,synthetic_pair_on_id_atomic_input,image_block_01,43,0.6536181588582242,43,0.1963488326753404,43,16.324430820247077,43,15.636074266147213,43,0.0,43,0.6536181588582242,43,0.1963488326753404,43,16.324430820247077,43,15.636074266147213,43,0.0,43,0.0,43,0.0,43,0.0,43,0.0,43,1.0,43,0.0,43,0.06166077592647917,43,0.06166077592647917,43,0.09881107429580079,43,0.09881107429580079,43,0.067537511865566,43,0.067537511865566,43,2.0,43,2.0,43,0.0,43,,,,,,,43,0.6536181588582242,0.1963488326753404,43,0.6536181588582242,0.1963488326753404,111,0.9975043535232544,0,,,,,,,
5,test,extend_contours_same_color,extend_contours_same_color,extend_contours_same_color -> extend_contours_same_color,synthetic_pair_on_id_atomic_input,image_block_02,43,0.6595739799572453,43,0.20856497294076537,43,22.62328427911462,43,20.685611709853607,43,0.0,43,0.6595739799572453,43,0.20856497294076537,43,22.62328427911462,43,20.685611709853607,43,0.0,43,0.0,43,0.0,43,0.0,43,0.0,43,1.0,43,0.0,43,0.06678574147283349,43,0.06678574147283349,43,0.09818927923676173,43,0.09818927923676173,43,0.06571589543874241,43,0.06571589543874241,43,2.0,43,2.0,43,0.0,43,,,,,,,43,0.6595739799572453,0.20856497294076537,43,0.6595739799572453,0.20856497294076537,111,0.9975043535232544,0,,,,,,,
5,test,extend_contours_same_color,extend_contours_same_color,extend_contours_same_color -> extend_contours_same_color,synthetic_pair_on_id_atomic_input,image_block_03,43,0.7789338141722664,43,0.294604009237655,43,27.444183639866836,43,24.367821513809464,43,0.0,43,0.7789338141722664,43,0.294604009237655,43,27.444183639866836,43,24.367821513809464,43,0.0,43,0.0,43,0.0,43,0.0,43,0.0,43,1.0,43,0.0,43,0.08007263292312743,43,0.08007263292312743,43,0.11335714744758887,43,0.11335714744758887,43,0.07534391631493345,43,0.07534391631493345,43,2.0,43,2.0,43,0.0,43,,,,,,,43,0.7789338141722664,0.294604009237655,43,0.7789338141722664,0.294604009237655,111,0.9975043535232544,0,,,,,,,
5,test,extend_contours_same_color,extend_contours_same_color,extend_contours_same_color -> extend_contours_same_color,synthetic_pair_on_id_atomic_input,image_block_04,43,0.8291114304607501,43,0.33716555358572914,43,30.31233010893836,43,27.75104087493971,43,0.0,43,0.8291114304607501,43,0.33716555358572914,43,30.31233010893836,43,27.75104087493971,43,0.0,43,0.0,43,0.0,43,0.0,43,0.0,43,1.0,43,0.0,43,0.08459208828086372,43,0.08459208828086372,43,0.11419502307299836,43,0.11419502307299836,43,0.08253370584310664,43,0.08253370584310664,43,2.0,43,2.0,43,0.0,43,,,,,,,43,0.8291114304607501,0.33716555358572914,43,0.8291114304607501,0.33716555358572914,111,0.9975043535232544,0,,,,,,,
5,test,extend_contours_same_color,extend_contours_same_color,extend_contours_same_color -> extend_contours_same_color,synthetic_pair_on_id_atomic_input,image_block_05,43,0.8589594187745212,43,0.3734971026294653,43,40.421114995119986,43,35.8141332516137,43,0.0,43,0.8589594187745212,43,0.3734971026294653,43,40.421114995119986,43,35.8141332516137,43,0.0,43,0.0,43,0.0,43,0.0,43,0.0,43,1.0,43,0.0,43,0.09641509309699169,43,0.09641509309699169,43,0.1302220564861865,43,0.1302220564861865,43,0.09831402778069025,43,0.09831402778069025,43,2.0,43,2.0,43,0.0,43,,,,,,,43,0.8589594187745212,0.3734971026294653,43,0.8589594187745212,0.3734971026294653,111,0.9975043535232544,0,,,,,,,
5,test,extend_contours_same_color,extend_contours_same_color,extend_contours_same_color -> extend_contours_same_color,synthetic_pair_on_id_atomic_input,image_block_06,43,0.8741851695783714,43,0.3818290731636329,43,41.40917812978803,43,39.84268955994689,43,0.0,43,0.8741851695783714,43,0.3818290731636329,43,41.40917812978803,43,39.84268955994689,43,0.0,43,0.0,43,0.0,43,0.0,43,0.0,43,1.0,43,0.0,43,0.08337295826628255,43,0.08337295826628255,43,0.12012621872074424,43,0.12012621872074424,43,0.09178670823371769,43,0.09178670823371769,43,2.0,43,2.0,43,0.0,43,,,,,,,43,0.8741851695783714,0.3818290731636329,43,0.8741851695783714,0.3818290731636329,111,0.9975043535232544,0,,,,,,,
5,test,extend_contours_same_color,extend_contours_same_color,extend_contours_same_color -> extend_contours_same_color,synthetic_pair_on_id_atomic_input,image_final_norm,43,0.8703233687683373,43,0.37942519100071137,43,3.25403007013802,43,3.2256754832619747,43,0.0,43,0.8703233687683373,43,0.37942519100071137,43,3.25403007013802,43,3.2256754832619747,43,0.0,43,0.0,43,0.0,43,0.0,43,0.0,43,1.0,43,0.0,43,0.08870731298848239,43,0.08870731298848239,43,0.13169640171406374,43,0.13169640171406374,43,0.1030884398966552,43,0.1030884398966552,43,2.0,43,2.0,43,0.0,43,,,,,,,43,0.8703233687683373,0.37942519100071137,43,0.8703233687683373,0.37942519100071137,111,0.9975043535232544,0,,,,,,,
5,test,extend_contours_same_color,mirror_vertical,mirror_vertical -> extend_contours_same_color,synthetic_pair_on_id_atomic_input,image_input_tokens,128,0.17778016390976842,128,0.027082855566162953,128,0.6462575229135581,128,0.6473333281147247,128,0.0,128,0.8715261565502967,128,0.31734634391315863,115,0.07758455782422725,128,0.15511013993632558,128,0.1015625,128,0.0,128,0.0,128,0.1015625,128,0.1015625,128,1.0,128,1.0,128,0.05073342970695662,128,0.014240777925394446,128,0.05720861938631207,128,0.05760850102523901,128,0.05053653772366123,128,0.027730646092467802,128,1.3046875,128,0.0,128,1.3046875,128,0.99609375,128,0.005775338493631793,128,0.006360159653084834,128,128,0.17778016390976842,0.027082855566162953,115,0.9700465046820694,0.31734634391315863,0,,0,,0.6793306367358396,128,0.055249944813126055,128,0.0050601706226045045,128
5,test,extend_contours_same_color,mirror_vertical,mirror_vertical -> extend_contours_same_color,synthetic_pair_on_id_atomic_input,image_block_01,128,0.29841775435341167,128,0.05988379296732487,128,17.05668328951561,128,16.97031775695237,128,0.0,128,0.5169946961883545,128,0.12417822276538824,115,7.269757288078345,128,9.676950970170648,128,0.1015625,128,0.0,128,0.0,128,0.1015625,128,0.1015625,128,1.0,128,1.0,128,0.06741582162651233,128,0.06823120374584793,128,0.09525753677363516,128,0.10045156955767742,128,0.068587122267707,128,0.09010242070358415,128,1.3046875,128,0.0,128,1.3046875,128,0.890625,128,0.03716527045746608,128,0.03840263672734083,128,128,0.29841775435341167,0.05988379296732487,115,0.5754375748879075,0.12417822276538824,0,,0,,34.890746731777355,128,0.5195301326974161,128,0.036174029567595314,128
5,test,extend_contours_same_color,mirror_vertical,mirror_vertical -> extend_contours_same_color,synthetic_pair_on_id_atomic_input,image_block_02,128,0.3122591504636362,128,0.06435883564846961,128,23.11197176202785,128,23.14161928567751,128,0.0,128,0.5055365534462154,128,0.13116130745303017,115,10.944041484397408,128,13.953609837818814,128,0.1015625,128,0.0,128,0.0,128,0.1015625,128,0.1015625,128,1.0,128,1.0,128,0.07167289136412526,128,0.08394532953700343,128,0.10670910900183414,128,0.11178747396840198,128,0.07293931618419079,128,0.10138734141862579,128,1.3046875,128,0.0,128,1.3046875,128,0.494140625,128,0.052909244347076015,128,0.054233877422314385,128,128,0.3122591504636362,0.06435883564846961,115,0.5626841638357876,0.13116130745303017,0,,0,,53.551291094483524,128,0.451243719514645,128,0.05192101207565877,128
5,test,extend_contours_same_color,mirror_vertical,mirror_vertical -> extend_contours_same_color,synthetic_pair_on_id_atomic_input,image_block_03,128,0.3506914258346045,128,0.08055692926545499,128,27.856643680218333,128,27.739405289049884,128,0.0,128,0.5353058451303991,128,0.15844555696172738,115,14.249141438662171,128,17.81136940399498,128,0.1015625,128,0.0,128,0.0,128,0.1015625,128,0.1015625,128,1.0,128,1.0,128,0.08470748027989948,128,0.09758896725065384,128,0.120478898912699,128,0.12575257163146047,128,0.08729396091134786,128,0.1156764761137665,128,1.3046875,128,0.0,128,1.3046875,128,0.11328125,128,0.06837551670213414,128,0.06980732020372246,128,128,0.3506914258346045,0.08055692926545499,115,0.5958186797973138,0.15844555696172738,0,,0,,71.99547847926785,128,0.6267205827613348,128,0.06763311510626902,128
5,test,extend_contours_same_color,mirror_vertical,mirror_vertical -> extend_contours_same_color,synthetic_pair_on_id_atomic_input,image_block_04,128,0.3722757927842869,128,0.09059487154185754,128,30.724450066659685,128,30.57368609694875,128,0.0,128,0.5522711196576182,128,0.16917337501322818,115,16.177023520251648,128,20.318753514140468,128,0.1015625,128,0.0,128,0.0,128,0.1015625,128,0.1015625,128,1.0,128,1.0,128,0.08987852664981305,128,0.09843137232444915,128,0.12375744461135078,128,0.12835249787809835,128,0.0912748158440722,128,0.11954704817431938,128,1.3046875,128,0.0,128,1.3046875,128,0.048828125,128,0.07458762519382459,128,0.07577259818407187,128,128,0.3722757927842869,0.09059487154185754,115,0.6147017679667404,0.16917337501322818,0,,0,,88.20569907502984,128,0.6237776381835248,128,0.0745237207103561,128
5,test,extend_contours_same_color,mirror_vertical,mirror_vertical -> extend_contours_same_color,synthetic_pair_on_id_atomic_input,image_block_05,128,0.354538009510055,128,0.0841929611970848,128,40.647811046026554,128,40.5626571624234,128,0.0,128,0.5906441257623176,128,0.1922158915187129,115,18.70760943399988,128,24.348982491199635,128,0.1015625,128,0.0,128,0.0,128,0.1015625,128,0.1015625,128,1.0,128,1.0,128,0.10529191141537611,128,0.10377954097276876,128,0.13699178780539328,128,0.14490360678971273,128,0.10516152868402373,128,0.13302556702984386,128,1.3046875,128,0.0,128,1.3046875,128,0.0078125,128,0.08911598813528798,128,0.09077711538409988,128,128,0.354538009510055,0.0841929611970848,115,0.6574125921528403,0.1922158915187129,0,,0,,98.3875393727949,128,0.7556945494297634,128,0.08946445157138536,128
5,test,extend_contours_same_color,mirror_vertical,mirror_vertical -> extend_contours_same_color,synthetic_pair_on_id_atomic_input,image_block_06,128,0.3648117126257544,128,0.08979269582043758,128,42.5137824841016,128,42.10704007881,128,0.0,128,0.6228897646861545,128,0.2129814787355074,115,18.386691659463644,128,24.556820484161797,128,0.1015625,128,0.0,128,0.0,128,0.1015625,128,0.1015625,128,1.0,128,1.0,128,0.08920819838053937,128,0.08214976957193246,128,0.11418498950721498,128,0.12214488619473583,128,0.08958870013245639,128,0.10809471030171815,128,1.3046875,128,0.0,128,1.3046875,128,0.04296875,128,0.07727846908690038,128,0.07857879425385414,128,128,0.3648117126257544,0.08979269582043758,115,0.693303390259372,0.2129814787355074,0,,0,,102.39961668481435,128,0.7456358764230925,128,0.07771699388586342,128
5,test,extend_contours_same_color,mirror_vertical,mirror_vertical -> extend_contours_same_color,synthetic_pair_on_id_atomic_input,image_final_norm,128,0.36246176000761443,128,0.08834556650405308,128,3.3902413329703798,128,3.3469768347150124,128,0.0,128,0.6400375112368548,128,0.21951903369031212,115,1.3797135263991007,128,1.9026981600116053,128,0.1015625,128,0.0,128,0.0,128,0.1015625,128,0.1015625,128,1.0,128,1.0,128,0.0952071221776906,128,0.08274947175373373,128,0.11866361474143791,128,0.12895229265992159,128,0.09523250887944826,128,0.11292998501591402,128,1.3046875,128,0.0,128,1.3046875,128,0.0,128,0.08536634612000293,128,0.0870071949514537,128,128,0.36246176000761443,0.08834556650405308,115,0.7123895777244992,0.21951903369031212,0,,0,,25.347924264209457,128,0.9124182712136073,128,0.08631980955740168,128
5,test,extend_contours_same_color,pad_left,pad_left -> extend_contours_same_color,synthetic_pair_on_id_atomic_input,image_input_tokens,125,0.5228155071493374,125,0.08399097787659454,125,0.6390983214692635,125,0.8656060992964103,125,0.0,125,0.7789210209400697,125,0.17303503079207025,125,0.28750709784897455,125,0.49437470113412746,125,0.0,125,0.0,125,0.0,125,0.0,125,0.0,125,0.0,125,0.0,125,0.04700016911960789,125,0.02731382392449306,125,0.07687819919289346,125,0.07626145364535102,125,0.06026218464076854,125,0.05005320209202083,125,0.0,125,0.0,125,0.0,125,,,,,,,125,0.5228155071493374,0.08399097787659454,125,0.7789210209400697,0.17303503079207025,0,,0,,,,,,,
5,test,extend_contours_same_color,pad_left,pad_left -> extend_contours_same_color,synthetic_pair_on_id_atomic_input,image_block_01,125,0.41444097722377005,125,0.07481148409016786,125,16.72658750574804,125,20.01037168526845,125,0.0,125,0.6321998952221981,125,0.14204534219829096,125,11.519305985692903,125,16.143382152193123,125,0.0,125,0.0,125,0.0,125,0.0,125,0.0,125,0.0,125,0.0,125,0.06666454060690923,125,0.048032112593423736,125,0.08041625786137842,125,0.08625890241235325,125,0.07258928906278826,125,0.06573290373534608,125,0.0,125,0.0,125,0.0,125,,,,,,,125,0.41444097722377005,0.07481148409016786,125,0.6321998952221981,0.14204534219829096,0,,0,,,,,,,
5,test,extend_contours_same_color,pad_left,pad_left -> extend_contours_same_color,synthetic_pair_on_id_atomic_input,image_block_02,125,0.47170898552416357,125,0.11457064879499225,125,22.761297166418487,125,24.472604438431258,125,0.0,125,0.6076721441554084,125,0.17348035072766987,125,20.15181703130338,125,23.169638836752053,125,0.0,125,0.0,125,0.0,125,0.0,125,0.0,125,0.0,125,0.0,125,0.07463377610673076,125,0.06507193203703884,125,0.09046318554142703,125,0.09635860132209358,125,0.07538672912562785,125,0.07820108946469989,125,0.0,125,0.0,125,0.0,125,,,,,,,125,0.47170898552416357,0.11457064879499225,125,0.6076721441554084,0.17348035072766987,0,,0,,,,,,,
5,test,extend_contours_same_color,pad_left,pad_left -> extend_contours_same_color,synthetic_pair_on_id_atomic_input,image_block_03,125,0.537597183307993,125,0.14800444308862734,125,27.413201673139607,125,28.9741464581152,125,0.0,125,0.6952102543966968,125,0.23473292404353574,125,24.127925370185377,125,27.300179944465746,125,0.0,125,0.0,125,0.0,125,0.0,125,0.0,125,0.0,125,0.0,125,0.08804118951364286,125,0.0738496574860043,125,0.10256518153567655,125,0.1098267630586141,125,0.08603733420322653,125,0.08899589658956611,125,0.0,125,0.0,125,0.0,125,,,,,,,125,0.537597183307993,0.14800444308862734,125,0.6952102543966968,0.23473292404353574,0,,0,,,,,,,
5,test,extend_contours_same_color,pad_left,pad_left -> extend_contours_same_color,synthetic_pair_on_id_atomic_input,image_block_04,125,0.5866432249184401,125,0.17676667965719023,125,30.327015356565354,125,32.759220177586435,125,0.0,125,0.7273918771570547,125,0.2589707176260209,125,29.298580615658828,125,32.66594993568678,125,0.0,125,0.0,125,0.0,125,0.0,125,0.0,125,0.0,125,0.0,125,0.09372433665290847,125,0.08168877514006045,125,0.10921481802439621,125,0.11604113882098128,125,0.09248888333830269,125,0.09754423827040719,125,0.0,125,0.0,125,0.0,125,,,,,,,125,0.5866432249184401,0.17676667965719023,125,0.7273918771570547,0.2589707176260209,0,,0,,,,,,,
5,test,extend_contours_same_color,pad_left,pad_left -> extend_contours_same_color,synthetic_pair_on_id_atomic_input,image_block_05,125,0.5831789589795587,125,0.1814531374921372,125,40.64129688817514,125,43.00310649717784,125,0.0,125,0.8336905613045816,125,0.33571879252205605,125,32.93865997394158,125,39.5487160518047,125,0.0,125,0.0,125,0.0,125,0.0,125,0.0,125,0.0,125,0.0,125,0.10793281295357596,125,0.0956596352759196,125,0.1313713546776065,125,0.14509228026880988,125,0.11075342437696874,125,0.12438080017622391,125,0.0,125,0.0,125,0.0,125,,,,,,,125,0.5831789589795587,0.1814531374921372,125,0.8336905613045816,0.33571879252205605,0,,0,,,,,,,
5,test,extend_contours_same_color,pad_left,pad_left -> extend_contours_same_color,synthetic_pair_on_id_atomic_input,image_block_06,125,0.5860344056837459,125,0.1773055591459979,125,42.936821978480445,125,48.613011810169695,125,0.0,125,0.8698594203534954,125,0.3578393782602164,125,32.62490343490114,125,41.63965675781693,125,0.0,125,0.0,125,0.0,125,0.0,125,0.0,125,0.0,125,0.0,125,0.09239554052651743,125,0.07793834560085848,125,0.11216758934301127,125,0.12028119732471405,125,0.09757176775267291,125,0.10310220992712894,125,0.0,125,0.0,125,0.0,125,,,,,,,125,0.5860344056837459,0.1773055591459979,125,0.8698594203534954,0.3578393782602164,0,,0,,,,,,,
5,test,extend_contours_same_color,pad_left,pad_left -> extend_contours_same_color,synthetic_pair_on_id_atomic_input,image_final_norm,125,0.5723031565014007,125,0.16940419310748192,125,3.4413739861145136,125,3.8830094125848786,125,0.0,125,0.8363803513237893,125,0.32300144632556343,125,2.5876975040043493,125,3.4032636412086217,125,0.0,125,0.0,125,0.0,125,0.0,125,0.0,125,0.0,125,0.0,125,0.09788755785573722,125,0.07803574684618411,125,0.1200976999287329,125,0.1279695937399488,125,0.10469865353030366,125,0.10884647989506903,125,0.0,125,0.0,125,0.0,125,,,,,,,125,0.5723031565014007,0.16940419310748192,125,0.8363803513237893,0.32300144632556343,0,,0,,,,,,,
5,test,mirror_vertical,extend_contours_same_color,extend_contours_same_color -> mirror_vertical,synthetic_pair_on_id_atomic_input,image_input_tokens,128,0.8715261565502967,128,0.31734634391315863,115,0.07758455782422725,128,0.15511013993632558,128,0.1015625,128,0.17778016390976842,128,0.027082855566162953,128,0.6462575229135581,128,0.6473333281147247,128,0.0,128,0.1015625,128,0.1015625,128,0.0,128,0.0,128,1.0,128,1.0,128,0.014240777925394446,128,0.05073342970695662,128,0.05760850102523901,128,0.05720861938631207,128,0.027730646092467802,128,0.05053653772366123,128,1.3046875,128,0.0,128,1.3046875,128,0.99609375,128,0.005775338493631793,128,0.006360159653084834,128,115,0.9700465046820694,0.31734634391315863,128,0.17778016390976842,0.027082855566162953,111,0.9893995922830727,0,,0.6793306367358396,128,0.055249944813126055,128,0.0050601706226045045,128
5,test,mirror_vertical,extend_contours_same_color,extend_contours_same_color -> mirror_vertical,synthetic_pair_on_id_atomic_input,image_block_01,128,0.5169946961883545,128,0.12417822276538824,115,7.269757288078345,128,9.676950970170648,128,0.1015625,128,0.29841775435341167,128,0.05988379296732487,128,17.05668328951561,128,16.97031775695237,128,0.0,128,0.1015625,128,0.1015625,128,0.0,128,0.0,128,1.0,128,1.0,128,0.06823120374584793,128,0.06741582162651233,128,0.10045156955767742,128,0.09525753677363516,128,0.09010242070358415,128,0.068587122267707,128,1.3046875,128,0.0,128,1.3046875,128,0.890625,128,0.03716527045746608,128,0.03840263672734083,128,115,0.5754375748879075,0.12417822276538824,128,0.29841775435341167,0.05988379296732487,111,0.9893995922830727,0,,34.890746731777355,128,0.5195301326974161,128,0.036174029567595314,128
5,test,mirror_vertical,extend_contours_same_color,extend_contours_same_color -> mirror_vertical,synthetic_pair_on_id_atomic_input,image_block_02,128,0.5055365534462154,128,0.13116130745303017,115,10.944041484397408,128,13.953609837818814,128,0.1015625,128,0.3122591504636362,128,0.06435883564846961,128,23.11197176202785,128,23.14161928567751,128,0.0,128,0.1015625,128,0.1015625,128,0.0,128,0.0,128,1.0,128,1.0,128,0.08394532953700343,128,0.07167289136412526,128,0.11178747396840198,128,0.10670910900183414,128,0.10138734141862579,128,0.07293931618419079,128,1.3046875,128,0.0,128,1.3046875,128,0.494140625,128,0.052909244347076015,128,0.054233877422314385,128,115,0.5626841638357876,0.13116130745303017,128,0.3122591504636362,0.06435883564846961,111,0.9893995922830727,0,,53.551291094483524,128,0.451243719514645,128,0.05192101207565877,128
5,test,mirror_vertical,extend_contours_same_color,extend_contours_same_color -> mirror_vertical,synthetic_pair_on_id_atomic_input,image_block_03,128,0.5353058451303991,128,0.15844555696172738,115,14.249141438662171,128,17.81136940399498,128,0.1015625,128,0.3506914258346045,128,0.08055692926545499,128,27.856643680218333,128,27.739405289049884,128,0.0,128,0.1015625,128,0.1015625,128,0.0,128,0.0,128,1.0,128,1.0,128,0.09758896725065384,128,0.08470748027989948,128,0.12575257163146047,128,0.120478898912699,128,0.1156764761137665,128,0.08729396091134786,128,1.3046875,128,0.0,128,1.3046875,128,0.11328125,128,0.06837551670213414,128,0.06980732020372246,128,115,0.5958186797973138,0.15844555696172738,128,0.3506914258346045,0.08055692926545499,111,0.9893995922830727,0,,71.99547847926785,128,0.6267205827613348,128,0.06763311510626902,128
5,test,mirror_vertical,extend_contours_same_color,extend_contours_same_color -> mirror_vertical,synthetic_pair_on_id_atomic_input,image_block_04,128,0.5522711196576182,128,0.16917337501322818,115,16.177023520251648,128,20.318753514140468,128,0.1015625,128,0.3722757927842869,128,0.09059487154185754,128,30.724450066659685,128,30.57368609694875,128,0.0,128,0.1015625,128,0.1015625,128,0.0,128,0.0,128,1.0,128,1.0,128,0.09843137232444915,128,0.08987852664981305,128,0.12835249787809835,128,0.12375744461135078,128,0.11954704817431938,128,0.0912748158440722,128,1.3046875,128,0.0,128,1.3046875,128,0.048828125,128,0.07458762519382459,128,0.07577259818407187,128,115,0.6147017679667404,0.16917337501322818,128,0.3722757927842869,0.09059487154185754,111,0.9893995922830727,0,,88.20569907502984,128,0.6237776381835248,128,0.0745237207103561,128
5,test,mirror_vertical,extend_contours_same_color,extend_contours_same_color -> mirror_vertical,synthetic_pair_on_id_atomic_input,image_block_05,128,0.5906441257623176,128,0.1922158915187129,115,18.70760943399988,128,24.348982491199635,128,0.1015625,128,0.354538009510055,128,0.0841929611970848,128,40.647811046026554,128,40.5626571624234,128,0.0,128,0.1015625,128,0.1015625,128,0.0,128,0.0,128,1.0,128,1.0,128,0.10377954097276876,128,0.10529191141537611,128,0.14490360678971273,128,0.13699178780539328,128,0.13302556702984386,128,0.10516152868402373,128,1.3046875,128,0.0,128,1.3046875,128,0.0078125,128,0.08911598813528798,128,0.09077711538409988,128,115,0.6574125921528403,0.1922158915187129,128,0.354538009510055,0.0841929611970848,111,0.9893995922830727,0,,98.3875393727949,128,0.7556945494297634,128,0.08946445157138536,128
5,test,mirror_vertical,extend_contours_same_color,extend_contours_same_color -> mirror_vertical,synthetic_pair_on_id_atomic_input,image_block_06,128,0.6228897646861545,128,0.2129814787355074,115,18.386691659463644,128,24.556820484161797,128,0.1015625,128,0.3648117126257544,128,0.08979269582043758,128,42.5137824841016,128,42.10704007881,128,0.0,128,0.1015625,128,0.1015625,128,0.0,128,0.0,128,1.0,128,1.0,128,0.08214976957193246,128,0.08920819838053937,128,0.12214488619473583,128,0.11418498950721498,128,0.10809471030171815,128,0.08958870013245639,128,1.3046875,128,0.0,128,1.3046875,128,0.04296875,128,0.07727846908690038,128,0.07857879425385414,128,115,0.693303390259372,0.2129814787355074,128,0.3648117126257544,0.08979269582043758,111,0.9893995922830727,0,,102.39961668481435,128,0.7456358764230925,128,0.07771699388586342,128
5,test,mirror_vertical,extend_contours_same_color,extend_contours_same_color -> mirror_vertical,synthetic_pair_on_id_atomic_input,image_final_norm,128,0.6400375112368548,128,0.21951903369031212,115,1.3797135263991007,128,1.9026981600116053,128,0.1015625,128,0.36246176000761443,128,0.08834556650405308,128,3.3902413329703798,128,3.3469768347150124,128,0.0,128,0.1015625,128,0.1015625,128,0.0,128,0.0,128,1.0,128,1.0,128,0.08274947175373373,128,0.0952071221776906,128,0.12895229265992159,128,0.11866361474143791,128,0.11292998501591402,128,0.09523250887944826,128,1.3046875,128,0.0,128,1.3046875,128,0.0,128,0.08536634612000293,128,0.0870071949514537,128,115,0.7123895777244992,0.21951903369031212,128,0.36246176000761443,0.08834556650405308,111,0.9893995922830727,0,,25.347924264209457,128,0.9124182712136073,128,0.08631980955740168,128
5,test,mirror_vertical,mirror_vertical,mirror_vertical -> mirror_vertical,synthetic_pair_on_id_atomic_input,image_input_tokens,128,1.828125,128,2.0,117,0.08975935927460918,128,0.08975935927460918,128,0.0859375,128,1.828125,128,2.0,117,0.08975935927460918,128,0.08975935927460918,128,0.0859375,128,0.0859375,128,0.0859375,128,0.0859375,128,0.0859375,128,1.0,128,0.0,128,0.016001505047963632,128,0.016001505047963632,128,0.013842491963301194,128,0.013842491963301194,128,0.016222344896348495,128,0.016222344896348495,128,4.515625,128,2.0,128,2.515625,128,0.998046875,128,0.013183984900641835,128,0.013842491963301194,128,117,2.0,2.0,117,2.0,2.0,111,0.998240548211175,0,,,,,,,
5,test,mirror_vertical,mirror_vertical,mirror_vertical -> mirror_vertical,synthetic_pair_on_id_atomic_input,image_block_01,128,1.828125,128,2.0,117,7.5862875288468885,128,7.5862875288468885,128,0.0859375,128,1.828125,128,2.0,117,7.5862875288468885,128,7.5862875288468885,128,0.0859375,128,0.0859375,128,0.0859375,128,0.0859375,128,0.0859375,128,1.0,128,0.0,128,0.0749570873832265,128,0.0749570873832265,128,0.07307869691985588,128,0.07307869691985588,128,0.07475520403585986,128,0.07475520403585986,128,4.515625,128,2.0,128,2.515625,128,0.134765625,128,0.070379203298804,128,0.07307869691985588,128,117,2.0,2.0,117,2.0,2.0,111,0.998240548211175,0,,,,,,,
5,test,mirror_vertical,mirror_vertical,mirror_vertical -> mirror_vertical,synthetic_pair_on_id_atomic_input,image_block_02,128,1.828125,128,2.0,117,11.345617055294982,128,11.345617055294982,128,0.0859375,128,1.828125,128,2.0,117,11.345617055294982,128,11.345617055294982,128,0.0859375,128,0.0859375,128,0.0859375,128,0.0859375,128,0.0859375,128,1.0,128,0.0,128,0.08762358397374231,128,0.08762358397374231,128,0.08785917314330975,128,0.08785917314330975,128,0.08599708535825745,128,0.08599708535825745,128,4.515625,128,2.0,128,2.515625,128,0.052734375,128,0.08519467294301014,128,0.08785917314330975,128,117,2.0,2.0,117,2.0,2.0,111,0.998240548211175,0,,,,,,,
5,test,mirror_vertical,mirror_vertical,mirror_vertical -> mirror_vertical,synthetic_pair_on_id_atomic_input,image_block_03,128,1.828125,128,2.0,117,14.587378420666345,128,14.587378420666345,128,0.0859375,128,1.828125,128,2.0,117,14.587378420666345,128,14.587378420666345,128,0.0859375,128,0.0859375,128,0.0859375,128,0.0859375,128,0.0859375,128,1.0,128,0.0,128,0.09999826626798815,128,0.09999826626798815,128,0.10466535178176903,128,0.10466535178176903,128,0.099959800036815,128,0.099959800036815,128,4.515625,128,2.0,128,2.515625,128,0.02734375,128,0.10145279011308353,128,0.10466535178176903,128,117,2.0,2.0,117,2.0,2.0,111,0.998240548211175,0,,,,,,,
5,test,mirror_vertical,mirror_vertical,mirror_vertical -> mirror_vertical,synthetic_pair_on_id_atomic_input,image_block_04,128,1.828125,128,2.0,117,16.503156538157455,128,16.503156538157455,128,0.0859375,128,1.828125,128,2.0,117,16.503156538157455,128,16.503156538157455,128,0.0859375,128,0.0859375,128,0.0859375,128,0.0859375,128,0.0859375,128,1.0,128,0.0,128,0.10201295738534745,128,0.10201295738534745,128,0.1082912830292122,128,0.1082912830292122,128,0.10180591196007777,128,0.10180591196007777,128,4.515625,128,2.0,128,2.515625,128,0.02734375,128,0.10480953137440234,128,0.1082912830292122,128,117,2.0,2.0,117,2.0,2.0,111,0.998240548211175,0,,,,,,,
5,test,mirror_vertical,mirror_vertical,mirror_vertical -> mirror_vertical,synthetic_pair_on_id_atomic_input,image_block_05,128,1.828125,128,2.0,117,19.413655750554728,128,19.413655750554728,128,0.0859375,128,1.828125,128,2.0,117,19.413655750554728,128,19.413655750554728,128,0.0859375,128,0.0859375,128,0.0859375,128,0.0859375,128,0.0859375,128,1.0,128,0.0,128,0.10894290419983454,128,0.10894290419983454,128,0.11104531997968085,128,0.11104531997968085,128,0.1081958771071405,128,0.1081958771071405,128,4.515625,128,2.0,128,2.515625,128,0.01953125,128,0.10771132568779462,128,0.11104531997968085,128,117,2.0,2.0,117,2.0,2.0,111,0.998240548211175,0,,,,,,,
5,test,mirror_vertical,mirror_vertical,mirror_vertical -> mirror_vertical,synthetic_pair_on_id_atomic_input,image_block_06,128,1.828125,128,2.0,117,19.265035280625497,128,19.265035280625497,128,0.0859375,128,1.828125,128,2.0,117,19.265035280625497,128,19.265035280625497,128,0.0859375,128,0.0859375,128,0.0859375,128,0.0859375,128,0.0859375,128,1.0,128,0.0,128,0.08658344231866395,128,0.08658344231866395,128,0.09040498627104193,128,0.09040498627104193,128,0.08553197092298515,128,0.08553197092298515,128,4.515625,128,2.0,128,2.515625,128,0.03515625,128,0.0876106994958156,128,0.09040498627104193,128,117,2.0,2.0,117,2.0,2.0,111,0.998240548211175,0,,,,,,,
5,test,mirror_vertical,mirror_vertical,mirror_vertical -> mirror_vertical,synthetic_pair_on_id_atomic_input,image_final_norm,128,1.828125,128,2.0,117,1.4685949685514053,128,1.4685949685514053,128,0.0859375,128,1.828125,128,2.0,117,1.4685949685514053,128,1.4685949685514053,128,0.0859375,128,0.0859375,128,0.0859375,128,0.0859375,128,0.0859375,128,1.0,128,0.0,128,0.0871225050602917,128,0.0871225050602917,128,0.09148852429709234,128,0.09148852429709234,128,0.0861636944394118,128,0.0861636944394118,128,4.515625,128,2.0,128,2.515625,128,0.03125,128,0.088774348960865,128,0.09148852429709234,128,117,2.0,2.0,117,2.0,2.0,111,0.998240548211175,0,,,,,,,
5,test,mirror_vertical,pad_left,pad_left -> mirror_vertical,synthetic_pair_on_id_atomic_input,image_input_tokens,128,1.5059941439727256,128,0.8072127805611814,116,0.08774987948605519,128,0.20013441755027145,128,0.0,128,1.14528077357587e-15,128,3.9898639947466563e-17,128,0.34872313673089433,128,0.3487231367308944,128,0.0,128,0.09375,128,0.0,128,0.0,128,0.0,128,0.0,128,0.0,128,0.015725978907751993,128,0.031198335589900136,128,0.03637524258635301,128,0.03548810414124343,128,0.029664981699549474,128,0.031392675931333214,128,0.1875,128,0.0,128,0.1875,128,1.0,12,0.011372310459897688,12,0.011956523517831177,12,116,1.4548900899009385,0.8072127805611814,128,1.14528077357587e-15,3.9898639947466563e-17,0,,0,,,,,,,
5,test,mirror_vertical,pad_left,pad_left -> mirror_vertical,synthetic_pair_on_id_atomic_input,image_block_01,128,1.2381333639780754,128,0.6717274002699261,116,7.6379662475384285,128,9.407979563023115,128,0.0,128,0.2565138851873855,128,0.036890042582161706,128,12.143292931668018,128,12.046287654992707,128,0.0,128,0.09375,128,0.0,128,0.0,128,0.0,128,0.0,128,0.0,128,0.07433468787241124,128,0.050402395608679096,128,0.08655577035859324,128,0.08002663580925962,128,0.08343646594916718,128,0.052157168718901144,128,0.1875,128,0.0,128,0.1875,128,0.6666666666666666,12,0.04834054268208412,12,0.051751131776468416,12,116,1.1593195740447726,0.6717274002699261,128,0.2565138851873855,0.036890042582161706,0,,0,,,,,,,
5,test,mirror_vertical,pad_left,pad_left -> mirror_vertical,synthetic_pair_on_id_atomic_input,image_block_02,128,1.2191671378450755,128,0.6465098935661341,116,11.484297614483587,128,13.692147995922737,128,0.0,128,0.3523086793450113,128,0.06975500319712924,128,19.326318328701923,128,18.89303328609926,128,0.0,128,0.09375,128,0.0,128,0.0,128,0.0,128,0.0,128,0.0,128,0.08829405717008434,128,0.06461173791422686,128,0.10159886120587586,128,0.09045736823954004,128,0.09807523392822924,128,0.06481837165836864,128,0.1875,128,0.0,128,0.1875,128,0.3333333333333333,12,0.05655389513883896,12,0.06205494727494166,12,116,1.138391324518704,0.6465098935661341,128,0.3523086793450113,0.06975500319712924,0,,0,,,,,,,
5,test,mirror_vertical,pad_left,pad_left -> mirror_vertical,synthetic_pair_on_id_atomic_input,image_block_03,128,1.2403871292054909,128,0.6602961163156242,116,14.817464638792337,128,19.78646887145018,128,0.0,128,0.36710044346357595,128,0.0745535134064734,128,23.234796781473086,128,22.850680694390586,128,0.0,128,0.09375,128,0.0,128,0.0,128,0.0,128,0.0,128,0.0,128,0.10089744360215572,128,0.07419350809194072,128,0.11779096675530146,128,0.10492025812084227,128,0.11322749801301585,128,0.07421756989884792,128,0.1875,128,0.0,128,0.1875,128,0.08333333333333333,12,0.06976882142991941,12,0.07711653970201136,12,116,1.1618064873991623,0.6602961163156242,128,0.36710044346357595,0.0745535134064734,0,,0,,,,,,,
5,test,mirror_vertical,pad_left,pad_left -> mirror_vertical,synthetic_pair_on_id_atomic_input,image_block_04,128,1.2431957161519143,128,0.6656155541480726,116,16.774882654123346,128,22.192763432812654,128,0.0,128,0.40555744612132477,128,0.08681530089687053,128,27.819289056992346,128,27.258759032049298,128,0.0,128,0.09375,128,0.0,128,0.0,128,0.0,128,0.0,128,0.0,128,0.10336745895015491,128,0.08206085598658933,128,0.12421197300663991,128,0.10895363172221786,128,0.11773571082938254,128,0.08186975944555394,128,0.1875,128,0.0,128,0.1875,128,0.08333333333333333,12,0.07715257053851493,12,0.08528383284498119,12,116,1.1649056178228019,0.6656155541480726,128,0.40555744612132477,0.08681530089687053,0,,0,,,,,,,
5,test,mirror_vertical,pad_left,pad_left -> mirror_vertical,synthetic_pair_on_id_atomic_input,image_block_05,128,1.2369928076879135,128,0.6561411158446908,116,19.873153604071284,128,25.357659572350826,128,0.0,128,0.41191659368252487,128,0.08925053090966505,128,32.42937896562157,128,31.123474087046965,128,0.0,128,0.09375,128,0.0,128,0.0,128,0.0,128,0.0,128,0.0,128,0.11169807490824346,128,0.09673863732440977,128,0.13674845666919852,128,0.12056429899945813,128,0.12415235855708884,128,0.09439470722741211,128,0.1875,128,0.0,128,0.1875,128,0.0,12,0.08526024361536226,12,0.09161393752752027,12,116,1.1580610291728701,0.6561411158446908,128,0.41191659368252487,0.08925053090966505,0,,0,,,,,,,
5,test,mirror_vertical,pad_left,pad_left -> mirror_vertical,synthetic_pair_on_id_atomic_input,image_block_06,128,1.256322190873348,128,0.6750361822368491,116,19.468949343773534,128,26.28005413228238,128,0.0,128,0.4048304242423943,128,0.0880851841375107,128,32.45974417076371,128,31.370072994066867,128,0.0,128,0.09375,128,0.0,128,0.0,128,0.0,128,0.0,128,0.0,128,0.08748901389017963,128,0.07859160368259271,128,0.11125491338628056,128,0.09790399546491277,128,0.10170247340976282,128,0.07790565922344733,128,0.1875,128,0.0,128,0.1875,128,0.125,12,0.0701516880417285,12,0.07363650407655696,12,116,1.1793900037223153,0.6750361822368491,128,0.4048304242423943,0.0880851841375107,0,,0,,,,,,,
5,test,mirror_vertical,pad_left,pad_left -> mirror_vertical,synthetic_pair_on_id_atomic_input,image_final_norm,128,1.2630425950068853,128,0.679337481475158,116,1.4791295224213683,128,2.055251963898444,128,0.0,128,0.3883604358838625,128,0.08145843186422226,128,2.5768814066693584,128,2.488352662468726,128,0.0,128,0.09375,128,0.0,128,0.0,128,0.0,128,0.0,128,0.0,128,0.08768630591696094,128,0.08019951372887049,128,0.1134597525741648,128,0.09925129596599698,128,0.10322832241526256,128,0.07950339426066005,128,0.1875,128,0.0,128,0.1875,128,0.041666666666666664,12,0.07194973652505364,12,0.07518587421697513,12,116,1.186805622076563,0.679337481475158,128,0.3883604358838625,0.08145843186422226,0,,0,,,,,,,
5,test,pad_left,extend_contours_same_color,extend_contours_same_color -> pad_left,synthetic_pair_on_id_atomic_input,image_input_tokens,125,0.7789210209400697,125,0.17303503079207025,125,0.28750709784897455,125,0.49437470113412746,125,0.0,125,0.5228155071493374,125,0.08399097787659454,125,0.6390983214692635,125,0.8656060992964103,125,0.0,125,0.0,125,0.0,125,0.0,125,0.0,125,0.0,125,0.0,125,0.02731382392449306,125,0.04700016911960789,125,0.07626145364535102,125,0.07687819919289346,125,0.05005320209202083,125,0.06026218464076854,125,0.0,125,0.0,125,0.0,125,,,,,,,125,0.7789210209400697,0.17303503079207025,125,0.5228155071493374,0.08399097787659454,111,0.9984712235562436,0,,,,,,,
5,test,pad_left,extend_contours_same_color,extend_contours_same_color -> pad_left,synthetic_pair_on_id_atomic_input,image_block_01,125,0.6321998952221981,125,0.14204534219829096,125,11.519305985692903,125,16.143382152193123,125,0.0,125,0.41444097722377005,125,0.07481148409016786,125,16.72658750574804,125,20.01037168526845,125,0.0,125,0.0,125,0.0,125,0.0,125,0.0,125,0.0,125,0.0,125,0.048032112593423736,125,0.06666454060690923,125,0.08625890241235325,125,0.08041625786137842,125,0.06573290373534608,125,0.07258928906278826,125,0.0,125,0.0,125,0.0,125,,,,,,,125,0.6321998952221981,0.14204534219829096,125,0.41444097722377005,0.07481148409016786,111,0.9984712235562436,0,,,,,,,
5,test,pad_left,extend_contours_same_color,extend_contours_same_color -> pad_left,synthetic_pair_on_id_atomic_input,image_block_02,125,0.6076721441554084,125,0.17348035072766987,125,20.15181703130338,125,23.169638836752053,125,0.0,125,0.47170898552416357,125,0.11457064879499225,125,22.761297166418487,125,24.472604438431258,125,0.0,125,0.0,125,0.0,125,0.0,125,0.0,125,0.0,125,0.0,125,0.06507193203703884,125,0.07463377610673076,125,0.09635860132209358,125,0.09046318554142703,125,0.07820108946469989,125,0.07538672912562785,125,0.0,125,0.0,125,0.0,125,,,,,,,125,0.6076721441554084,0.17348035072766987,125,0.47170898552416357,0.11457064879499225,111,0.9984712235562436,0,,,,,,,
5,test,pad_left,extend_contours_same_color,extend_contours_same_color -> pad_left,synthetic_pair_on_id_atomic_input,image_block_03,125,0.6952102543966968,125,0.23473292404353574,125,24.127925370185377,125,27.300179944465746,125,0.0,125,0.537597183307993,125,0.14800444308862734,125,27.413201673139607,125,28.9741464581152,125,0.0,125,0.0,125,0.0,125,0.0,125,0.0,125,0.0,125,0.0,125,0.0738496574860043,125,0.08804118951364286,125,0.1098267630586141,125,0.10256518153567655,125,0.08899589658956611,125,0.08603733420322653,125,0.0,125,0.0,125,0.0,125,,,,,,,125,0.6952102543966968,0.23473292404353574,125,0.537597183307993,0.14800444308862734,111,0.9984712235562436,0,,,,,,,
5,test,pad_left,extend_contours_same_color,extend_contours_same_color -> pad_left,synthetic_pair_on_id_atomic_input,image_block_04,125,0.7273918771570547,125,0.2589707176260209,125,29.298580615658828,125,32.66594993568678,125,0.0,125,0.5866432249184401,125,0.17676667965719023,125,30.327015356565354,125,32.759220177586435,125,0.0,125,0.0,125,0.0,125,0.0,125,0.0,125,0.0,125,0.0,125,0.08168877514006045,125,0.09372433665290847,125,0.11604113882098128,125,0.10921481802439621,125,0.09754423827040719,125,0.09248888333830269,125,0.0,125,0.0,125,0.0,125,,,,,,,125,0.7273918771570547,0.2589707176260209,125,0.5866432249184401,0.17676667965719023,111,0.9984712235562436,0,,,,,,,
5,test,pad_left,extend_contours_same_color,extend_contours_same_color -> pad_left,synthetic_pair_on_id_atomic_input,image_block_05,125,0.8336905613045816,125,0.33571879252205605,125,32.93865997394158,125,39.5487160518047,125,0.0,125,0.5831789589795587,125,0.1814531374921372,125,40.64129688817514,125,43.00310649717784,125,0.0,125,0.0,125,0.0,125,0.0,125,0.0,125,0.0,125,0.0,125,0.0956596352759196,125,0.10793281295357596,125,0.14509228026880988,125,0.1313713546776065,125,0.12438080017622391,125,0.11075342437696874,125,0.0,125,0.0,125,0.0,125,,,,,,,125,0.8336905613045816,0.33571879252205605,125,0.5831789589795587,0.1814531374921372,111,0.9984712235562436,0,,,,,,,
5,test,pad_left,extend_contours_same_color,extend_contours_same_color -> pad_left,synthetic_pair_on_id_atomic_input,image_block_06,125,0.8698594203534954,125,0.3578393782602164,125,32.62490343490114,125,41.63965675781693,125,0.0,125,0.5860344056837459,125,0.1773055591459979,125,42.936821978480445,125,48.613011810169695,125,0.0,125,0.0,125,0.0,125,0.0,125,0.0,125,0.0,125,0.0,125,0.07793834560085848,125,0.09239554052651743,125,0.12028119732471405,125,0.11216758934301127,125,0.10310220992712894,125,0.09757176775267291,125,0.0,125,0.0,125,0.0,125,,,,,,,125,0.8698594203534954,0.3578393782602164,125,0.5860344056837459,0.1773055591459979,111,0.9984712235562436,0,,,,,,,
5,test,pad_left,extend_contours_same_color,extend_contours_same_color -> pad_left,synthetic_pair_on_id_atomic_input,image_final_norm,125,0.8363803513237893,125,0.32300144632556343,125,2.5876975040043493,125,3.4032636412086217,125,0.0,125,0.5723031565014007,125,0.16940419310748192,125,3.4413739861145136,125,3.8830094125848786,125,0.0,125,0.0,125,0.0,125,0.0,125,0.0,125,0.0,125,0.0,125,0.07803574684618411,125,0.09788755785573722,125,0.1279695937399488,125,0.1200976999287329,125,0.10884647989506903,125,0.10469865353030366,125,0.0,125,0.0,125,0.0,125,,,,,,,125,0.8363803513237893,0.32300144632556343,125,0.5723031565014007,0.16940419310748192,111,0.9984712235562436,0,,,,,,,
5,test,pad_left,mirror_vertical,mirror_vertical -> pad_left,synthetic_pair_on_id_atomic_input,image_input_tokens,128,1.14528077357587e-15,128,3.9898639947466563e-17,128,0.34872313673089433,128,0.3487231367308944,128,0.0,128,1.5059941439727256,128,0.8072127805611814,116,0.08774987948605519,128,0.20013441755027145,128,0.0,128,0.0,128,0.0,128,0.09375,128,0.0,128,0.0,128,0.0,128,0.031198335589900136,128,0.015725978907751993,128,0.03548810414124343,128,0.03637524258635301,128,0.031392675931333214,128,0.029664981699549474,128,0.1875,128,0.0,128,0.1875,128,1.0,12,0.011372310459897688,12,0.011956523517831177,12,128,1.14528077357587e-15,3.9898639947466563e-17,116,1.4548900899009385,0.8072127805611814,111,0.9948388241432808,0,,,,,,,
5,test,pad_left,mirror_vertical,mirror_vertical -> pad_left,synthetic_pair_on_id_atomic_input,image_block_01,128,0.2565138851873855,128,0.036890042582161706,128,12.143292931668018,128,12.046287654992707,128,0.0,128,1.2381333639780754,128,0.6717274002699261,116,7.6379662475384285,128,9.407979563023115,128,0.0,128,0.0,128,0.0,128,0.09375,128,0.0,128,0.0,128,0.0,128,0.050402395608679096,128,0.07433468787241124,128,0.08002663580925962,128,0.08655577035859324,128,0.052157168718901144,128,0.08343646594916718,128,0.1875,128,0.0,128,0.1875,128,0.6666666666666666,12,0.04834054268208412,12,0.051751131776468416,12,128,0.2565138851873855,0.036890042582161706,116,1.1593195740447726,0.6717274002699261,111,0.9948388241432808,0,,,,,,,
5,test,pad_left,mirror_vertical,mirror_vertical -> pad_left,synthetic_pair_on_id_atomic_input,image_block_02,128,0.3523086793450113,128,0.06975500319712924,128,19.326318328701923,128,18.89303328609926,128,0.0,128,1.2191671378450755,128,0.6465098935661341,116,11.484297614483587,128,13.692147995922737,128,0.0,128,0.0,128,0.0,128,0.09375,128,0.0,128,0.0,128,0.0,128,0.06461173791422686,128,0.08829405717008434,128,0.09045736823954004,128,0.10159886120587586,128,0.06481837165836864,128,0.09807523392822924,128,0.1875,128,0.0,128,0.1875,128,0.3333333333333333,12,0.05655389513883896,12,0.06205494727494166,12,128,0.3523086793450113,0.06975500319712924,116,1.138391324518704,0.6465098935661341,111,0.9948388241432808,0,,,,,,,
5,test,pad_left,mirror_vertical,mirror_vertical -> pad_left,synthetic_pair_on_id_atomic_input,image_block_03,128,0.36710044346357595,128,0.0745535134064734,128,23.234796781473086,128,22.850680694390586,128,0.0,128,1.2403871292054909,128,0.6602961163156242,116,14.817464638792337,128,19.78646887145018,128,0.0,128,0.0,128,0.0,128,0.09375,128,0.0,128,0.0,128,0.0,128,0.07419350809194072,128,0.10089744360215572,128,0.10492025812084227,128,0.11779096675530146,128,0.07421756989884792,128,0.11322749801301585,128,0.1875,128,0.0,128,0.1875,128,0.08333333333333333,12,0.06976882142991941,12,0.07711653970201136,12,128,0.36710044346357595,0.0745535134064734,116,1.1618064873991623,0.6602961163156242,111,0.9948388241432808,0,,,,,,,
5,test,pad_left,mirror_vertical,mirror_vertical -> pad_left,synthetic_pair_on_id_atomic_input,image_block_04,128,0.40555744612132477,128,0.08681530089687053,128,27.819289056992346,128,27.258759032049298,128,0.0,128,1.2431957161519143,128,0.6656155541480726,116,16.774882654123346,128,22.192763432812654,128,0.0,128,0.0,128,0.0,128,0.09375,128,0.0,128,0.0,128,0.0,128,0.08206085598658933,128,0.10336745895015491,128,0.10895363172221786,128,0.12421197300663991,128,0.08186975944555394,128,0.11773571082938254,128,0.1875,128,0.0,128,0.1875,128,0.08333333333333333,12,0.07715257053851493,12,0.08528383284498119,12,128,0.40555744612132477,0.08681530089687053,116,1.1649056178228019,0.6656155541480726,111,0.9948388241432808,0,,,,,,,
5,test,pad_left,mirror_vertical,mirror_vertical -> pad_left,synthetic_pair_on_id_atomic_input,image_block_05,128,0.41191659368252487,128,0.08925053090966505,128,32.42937896562157,128,31.123474087046965,128,0.0,128,1.2369928076879135,128,0.6561411158446908,116,19.873153604071284,128,25.357659572350826,128,0.0,128,0.0,128,0.0,128,0.09375,128,0.0,128,0.0,128,0.0,128,0.09673863732440977,128,0.11169807490824346,128,0.12056429899945813,128,0.13674845666919852,128,0.09439470722741211,128,0.12415235855708884,128,0.1875,128,0.0,128,0.1875,128,0.0,12,0.08526024361536226,12,0.09161393752752027,12,128,0.41191659368252487,0.08925053090966505,116,1.1580610291728701,0.6561411158446908,111,0.9948388241432808,0,,,,,,,
5,test,pad_left,mirror_vertical,mirror_vertical -> pad_left,synthetic_pair_on_id_atomic_input,image_block_06,128,0.4048304242423943,128,0.0880851841375107,128,32.45974417076371,128,31.370072994066867,128,0.0,128,1.256322190873348,128,0.6750361822368491,116,19.468949343773534,128,26.28005413228238,128,0.0,128,0.0,128,0.0,128,0.09375,128,0.0,128,0.0,128,0.0,128,0.07859160368259271,128,0.08748901389017963,128,0.09790399546491277,128,0.11125491338628056,128,0.07790565922344733,128,0.10170247340976282,128,0.1875,128,0.0,128,0.1875,128,0.125,12,0.0701516880417285,12,0.07363650407655696,12,128,0.4048304242423943,0.0880851841375107,116,1.1793900037223153,0.6750361822368491,111,0.9948388241432808,0,,,,,,,
5,test,pad_left,mirror_vertical,mirror_vertical -> pad_left,synthetic_pair_on_id_atomic_input,image_final_norm,128,0.3883604358838625,128,0.08145843186422226,128,2.5768814066693584,128,2.488352662468726,128,0.0,128,1.2630425950068853,128,0.679337481475158,116,1.4791295224213683,128,2.055251963898444,128,0.0,128,0.0,128,0.0,128,0.09375,128,0.0,128,0.0,128,0.0,128,0.08019951372887049,128,0.08768630591696094,128,0.09925129596599698,128,0.1134597525741648,128,0.07950339426066005,128,0.10322832241526256,128,0.1875,128,0.0,128,0.1875,128,0.041666666666666664,12,0.07194973652505364,12,0.07518587421697513,12,128,0.3883604358838625,0.08145843186422226,116,1.186805622076563,0.679337481475158,111,0.9948388241432808,0,,,,,,,
5,test,pad_left,pad_left,pad_left -> pad_left,synthetic_pair_on_id_atomic_input,image_input_tokens,128,0.6427456828486762,128,0.14989994134611345,128,0.3251992985348972,128,0.33187202324788045,128,0.0,128,0.6427456828486762,128,0.14989994134611345,128,0.3251992985348972,128,0.33187202324788045,128,0.0,128,0.0,128,0.0,128,0.0,128,0.0,128,1.0,128,0.0,128,0.031102336723074678,128,0.031102336723074678,128,0.05730033857449815,128,0.05730033857449815,128,0.0320485224632155,128,0.0320485224632155,128,2.0,128,2.0,128,0.0,128,,,,,,,128,0.6427456828486762,0.14989994134611345,128,0.6427456828486762,0.14989994134611345,111,0.9971789970054282,0,,,,,,,
5,test,pad_left,pad_left,pad_left -> pad_left,synthetic_pair_on_id_atomic_input,image_block_01,128,0.7025143648492675,128,0.18780566526662784,128,12.306064818438198,128,9.903973975405732,128,0.0,128,0.7025143648492675,128,0.18780566526662784,128,12.306064818438198,128,9.903973975405732,128,0.0,128,0.0,128,0.0,128,0.0,128,0.0,128,1.0,128,0.0,128,0.05035385720400672,128,0.05035385720400672,128,0.0703280656578775,128,0.0703280656578775,128,0.04601852651994202,128,0.04601852651994202,128,2.0,128,2.0,128,0.0,128,,,,,,,128,0.7025143648492675,0.18780566526662784,128,0.7025143648492675,0.18780566526662784,111,0.9971789970054282,0,,,,,,,
5,test,pad_left,pad_left,pad_left -> pad_left,synthetic_pair_on_id_atomic_input,image_block_02,128,0.7313457511942603,128,0.22656197496141794,128,20.090366430448555,128,14.967772443990789,128,0.0,128,0.7313457511942603,128,0.22656197496141794,128,20.090366430448555,128,14.967772443990789,128,0.0,128,0.0,128,0.0,128,0.0,128,0.0,128,1.0,128,0.0,128,0.06706888359291768,128,0.06706888359291768,128,0.08679310538076117,128,0.08679310538076117,128,0.05678524603937947,128,0.05678524603937947,128,2.0,128,2.0,128,0.0,128,,,,,,,128,0.7313457511942603,0.22656197496141794,128,0.7313457511942603,0.22656197496141794,111,0.9971789970054282,0,,,,,,,
5,test,pad_left,pad_left,pad_left -> pad_left,synthetic_pair_on_id_atomic_input,image_block_03,128,0.7778410441053523,128,0.26198252045036974,128,23.914705988467706,128,17.815098131248366,128,0.0,128,0.7778410441053523,128,0.26198252045036974,128,23.914705988467706,128,17.815098131248366,128,0.0,128,0.0,128,0.0,128,0.0,128,0.0,128,1.0,128,0.0,128,0.07588117434513941,128,0.07588117434513941,128,0.10053548664713563,128,0.10053548664713563,128,0.06817718636788216,128,0.06817718636788216,128,2.0,128,2.0,128,0.0,128,,,,,,,128,0.7778410441053523,0.26198252045036974,128,0.7778410441053523,0.26198252045036974,111,0.9971789970054282,0,,,,,,,
5,test,pad_left,pad_left,pad_left -> pad_left,synthetic_pair_on_id_atomic_input,image_block_04,128,0.8849256751991325,128,0.34458642066960077,128,28.816004538792246,128,19.917232273423238,128,0.0,128,0.8849256751991325,128,0.34458642066960077,128,28.816004538792246,128,19.917232273423238,128,0.0,128,0.0,128,0.0,128,0.0,128,0.0,128,1.0,128,0.0,128,0.0823462188359795,128,0.0823462188359795,128,0.10789038207217613,128,0.10789038207217613,128,0.07581871802480339,128,0.07581871802480339,128,2.0,128,2.0,128,0.0,128,,,,,,,128,0.8849256751991325,0.34458642066960077,128,0.8849256751991325,0.34458642066960077,111,0.9971789970054282,0,,,,,,,
5,test,pad_left,pad_left,pad_left -> pad_left,synthetic_pair_on_id_atomic_input,image_block_05,128,0.8637982067653922,128,0.3362905966697084,128,33.15391889745307,128,24.779335284821748,128,0.0,128,0.8637982067653922,128,0.3362905966697084,128,33.15391889745307,128,24.779335284821748,128,0.0,128,0.0,128,0.0,128,0.0,128,0.0,128,1.0,128,0.0,128,0.09644801070522074,128,0.09644801070522074,128,0.13026110083855108,128,0.13026110083855108,128,0.09093073133470811,128,0.09093073133470811,128,2.0,128,2.0,128,0.0,128,,,,,,,128,0.8637982067653922,0.3362905966697084,128,0.8637982067653922,0.3362905966697084,111,0.9971789970054282,0,,,,,,,
5,test,pad_left,pad_left,pad_left -> pad_left,synthetic_pair_on_id_atomic_input,image_block_06,128,0.881467140079029,128,0.35657817381792944,128,33.2564843579118,128,25.443321771709066,128,0.0,128,0.881467140079029,128,0.35657817381792944,128,33.2564843579118,128,25.443321771709066,128,0.0,128,0.0,128,0.0,128,0.0,128,0.0,128,1.0,128,0.0,128,0.07965263754534288,128,0.07965263754534288,128,0.10736450424475749,128,0.10736450424475749,128,0.07656692371452112,128,0.07656692371452112,128,2.0,128,2.0,128,0.0,128,,,,,,,128,0.881467140079029,0.35657817381792944,128,0.881467140079029,0.35657817381792944,111,0.9971789970054282,0,,,,,,,
5,test,pad_left,pad_left,pad_left -> pad_left,synthetic_pair_on_id_atomic_input,image_final_norm,128,0.8307757202400011,128,0.31684843873721263,128,2.6425933551968077,128,2.0342159840660203,128,0.0,128,0.8307757202400011,128,0.31684843873721263,128,2.6425933551968077,128,2.0342159840660203,128,0.0,128,0.0,128,0.0,128,0.0,128,0.0,128,1.0,128,0.0,128,0.08088001358727114,128,0.08088001358727114,128,0.10971610512280952,128,0.10971610512280952,128,0.0789076109774842,128,0.0789076109774842,128,2.0,128,2.0,128,0.0,128,,,,,,,128,0.8307757202400011,0.31684843873721263,128,0.8307757202400011,0.31684843873721263,111,0.9971789970054282,0,,,,,,,
5,test_ood,extend_contours_same_color,pad_left,pad_left -> extend_contours_same_color,recorded_ood_composition,image_input_tokens,128,0.49550958141752366,128,0.08249000497081281,128,0.6870969464290733,128,0.90579300120463,128,0.0,128,0.7854663423423,128,0.15958107313655312,128,0.29161228448787585,128,0.5131130731526621,128,0.0,128,0.0,128,0.0,128,0.0,128,0.0,128,0.0,128,0.0,128,0.04947955639103302,128,0.02893899244659665,128,0.0802795709695035,128,0.07747201918974804,128,0.06260468337385382,128,0.04846566390629217,128,0.0,128,0.0,128,0.0,128,,,,,,,128,0.49550958141752366,0.08249000497081281,128,0.7854663423423,0.15958107313655312,1000,0.6321958031654358,128,0.6323538944125175,,,,,,
5,test_ood,extend_contours_same_color,pad_left,pad_left -> extend_contours_same_color,recorded_ood_composition,image_block_01,128,0.39568504706875274,128,0.07005935428611648,128,17.516699995910663,128,20.544186180649874,128,0.0,128,0.6202894694071319,128,0.13421535531690684,128,11.67950725351458,128,16.150663162068668,128,0.0,128,0.0,128,0.0,128,0.0,128,0.0,128,0.0,128,0.0,128,0.06621783653005464,128,0.050106133881819614,128,0.08540515472881846,128,0.08638419371514586,128,0.07258779633681231,128,0.06643622679790005,128,0.0,128,0.0,128,0.0,128,,,,,,,128,0.39568504706875274,0.07005935428611648,128,0.6202894694071319,0.13421535531690684,1000,0.6321958031654358,128,0.6323538944125175,,,,,,
5,test_ood,extend_contours_same_color,pad_left,pad_left -> extend_contours_same_color,recorded_ood_composition,image_block_02,128,0.44682148084686385,128,0.10130250643029787,128,23.657719324615336,128,25.045110695936746,128,0.0,128,0.6010086260749494,128,0.16889486092247513,128,19.40082752828127,128,22.29620430953194,128,0.0,128,0.0,128,0.0,128,0.0,128,0.0,128,0.0,128,0.0,128,0.07275999997623248,128,0.06008729371428434,128,0.08794105686465895,128,0.09233786756590585,128,0.07324218087706047,128,0.07207915694065747,128,0.0,128,0.0,128,0.0,128,,,,,,,128,0.44682148084686385,0.10130250643029787,128,0.6010086260749494,0.16889486092247513,1000,0.6321958031654358,128,0.6323538944125175,,,,,,
5,test_ood,extend_contours_same_color,pad_left,pad_left -> extend_contours_same_color,recorded_ood_composition,image_block_03,128,0.5152752190406322,128,0.1354067881006343,128,28.161312657717573,128,29.62972171942327,128,0.0,128,0.6929705009550068,128,0.2286733582106192,128,23.026088261468992,128,26.23784720126108,128,0.0,128,0.0,128,0.0,128,0.0,128,0.0,128,0.0,128,0.0,128,0.08492705068717492,128,0.06781599782065477,128,0.09903940608262793,128,0.1045244441996151,128,0.08376256238241961,128,0.08307877883599302,128,0.0,128,0.0,128,0.0,128,,,,,,,128,0.5152752190406322,0.1354067881006343,128,0.6929705009550068,0.2286733582106192,1000,0.6321958031654358,128,0.6323538944125175,,,,,,
5,test_ood,extend_contours_same_color,pad_left,pad_left -> extend_contours_same_color,recorded_ood_composition,image_block_04,128,0.5638672600058592,128,0.1616733888774782,128,31.3012332284747,128,33.54159163470615,128,0.0,128,0.7408586937881633,128,0.262172451178073,128,27.534010385374202,128,30.89909932363527,128,0.0,128,0.0,128,0.0,128,0.0,128,0.0,128,0.0,128,0.0,128,0.08938812782087543,128,0.07409341926771015,128,0.10384786751368048,128,0.11138434287367865,128,0.08895378064035933,128,0.09232228806693182,128,0.0,128,0.0,128,0.0,128,,,,,,,128,0.5638672600058592,0.1616733888774782,128,0.7408586937881633,0.262172451178073,1000,0.6321958031654358,128,0.6323538944125175,,,,,,
5,test_ood,extend_contours_same_color,pad_left,pad_left -> extend_contours_same_color,recorded_ood_composition,image_block_05,128,0.5961609717102834,128,0.19263192352446748,128,41.76881213512364,128,44.34814075513482,128,0.0,128,0.8583112147175925,128,0.3458197489793766,128,31.69295132425019,128,38.636968440573696,128,0.0,128,0.0,128,0.0,128,0.0,128,0.0,128,0.0,128,0.0,128,0.10504778114174382,128,0.09007115331452115,128,0.1314684229629858,128,0.13886911699100196,128,0.1116042396345577,128,0.12219514931139097,128,0.0,128,0.0,128,0.0,128,,,,,,,128,0.5961609717102834,0.19263192352446748,128,0.8583112147175925,0.3458197489793766,1000,0.6321958031654358,128,0.6323538944125175,,,,,,
5,test_ood,extend_contours_same_color,pad_left,pad_left -> extend_contours_same_color,recorded_ood_composition,image_block_06,128,0.5905119554325247,128,0.18188020417698447,128,44.675711402298546,128,50.484884902230824,128,0.0,128,0.8830874553826731,128,0.36174810221475107,128,32.11498578032212,128,40.88235046017728,128,0.0,128,0.0,128,0.0,128,0.0,128,0.0,128,0.0,128,0.0,128,0.0924637088686177,128,0.07710395771351924,128,0.11482586433489034,128,0.12018800682717601,128,0.09808037748815303,128,0.10382928816168303,128,0.0,128,0.0,128,0.0,128,,,,,,,128,0.5905119554325247,0.18188020417698447,128,0.8830874553826731,0.36174810221475107,1000,0.6321958031654358,128,0.6323538944125175,,,,,,
5,test_ood,extend_contours_same_color,pad_left,pad_left -> extend_contours_same_color,recorded_ood_composition,image_final_norm,128,0.5806346891247142,128,0.174692317343682,128,3.5695295674044676,128,4.031132196495825,128,0.0,128,0.8503101549832328,128,0.32831030844720294,128,2.567378117306701,128,3.355349119881606,128,0.0,128,0.0,128,0.0,128,0.0,128,0.0,128,0.0,128,0.0,128,0.09860650484023192,128,0.07844677436453401,128,0.12366978942890412,128,0.12915636413849457,128,0.1070289900460617,128,0.11038348445849637,128,0.0,128,0.0,128,0.0,128,,,,,,,128,0.5806346891247142,0.174692317343682,128,0.8503101549832328,0.32831030844720294,1000,0.6321958031654358,128,0.6323538944125175,,,,,,
