checkpoint_path,checkpoint_sha256,git_commit,experiment_id,split,f,g,program,function_ordering,oracle_valid_count,model_sample_count,sample_count,layer,seed,global_step,probe_fit_sample_count,g_probe_fit_sample_count,ridge,pool_grid,pca_settings,source_kind,context,rank_setting,pca_rank,id_projection_error,projection_error,energy_error,random_projection_error,random_energy_error,principal_angle_defect,effective_id_rank,effective_ood_rank,ood_pca_role,pca_status
/home/ubuntu/cogitao-research/checkpoints/cogitao_vit_cross_attention/cogitao_c1_experiment_3_vit6_function_mlp_cross_attention/run_000/last.ckpt,900674f94996e9b2f5190e7cd8bac4486d09332daaf131226f7f107123274de1,dfec9cbb2afe6616194c1fb41430c0c5d2bc4208,3,val,crop_bottom_side,rot90,rot90 -> crop_bottom_side,"pair (f,g): fgx=f(g(x)); task-token order [g,f] means g -> f",128,128,128,image_input_tokens,42,78000,256,256,0.01,2,"{""fixed_ranks"": [1, 2, 4, 8, 16, 32], ""variance_thresholds"": [0.9, 0.95]}",synthetic_context_on_atomic_id,f_given_g,k1,1,0.9260284375352899,0.9261438114570709,0.8623731370875642,0.9995298678862398,0.9990603082138043,0.9616185422190711,255,127,descriptive_only; never used for ID projection,ok
/home/ubuntu/cogitao-research/checkpoints/cogitao_vit_cross_attention/cogitao_c1_experiment_3_vit6_function_mlp_cross_attention/run_000/last.ckpt,900674f94996e9b2f5190e7cd8bac4486d09332daaf131226f7f107123274de1,dfec9cbb2afe6616194c1fb41430c0c5d2bc4208,3,val,crop_bottom_side,rot90,rot90 -> crop_bottom_side,"pair (f,g): fgx=f(g(x)); task-token order [g,f] means g -> f",128,128,128,image_input_tokens,42,78000,256,256,0.01,2,"{""fixed_ranks"": [1, 2, 4, 8, 16, 32], ""variance_thresholds"": [0.9, 0.95]}",synthetic_context_on_atomic_id,f_given_g,k2,2,0.8376697710180563,0.8302274777194617,0.6999976350387236,0.9980383824492195,0.99608300589806,0.13659349607671628,255,127,descriptive_only; never used for ID projection,ok
/home/ubuntu/cogitao-research/checkpoints/cogitao_vit_cross_attention/cogitao_c1_experiment_3_vit6_function_mlp_cross_attention/run_000/last.ckpt,900674f94996e9b2f5190e7cd8bac4486d09332daaf131226f7f107123274de1,dfec9cbb2afe6616194c1fb41430c0c5d2bc4208,3,val,crop_bottom_side,rot90,rot90 -> crop_bottom_side,"pair (f,g): fgx=f(g(x)); task-token order [g,f] means g -> f",128,128,128,image_input_tokens,42,78000,256,256,0.01,2,"{""fixed_ranks"": [1, 2, 4, 8, 16, 32], ""variance_thresholds"": [0.9, 0.95]}",synthetic_context_on_atomic_id,f_given_g,k4,4,0.48295556388338057,0.48162531702695666,0.23764380414248554,0.9951093373436897,0.990247417132078,0.04828899223914901,255,127,descriptive_only; never used for ID projection,ok
/home/ubuntu/cogitao-research/checkpoints/cogitao_vit_cross_attention/cogitao_c1_experiment_3_vit6_function_mlp_cross_attention/run_000/last.ckpt,900674f94996e9b2f5190e7cd8bac4486d09332daaf131226f7f107123274de1,dfec9cbb2afe6616194c1fb41430c0c5d2bc4208,3,val,crop_bottom_side,rot90,rot90 -> crop_bottom_side,"pair (f,g): fgx=f(g(x)); task-token order [g,f] means g -> f",128,128,128,image_input_tokens,42,78000,256,256,0.01,2,"{""fixed_ranks"": [1, 2, 4, 8, 16, 32], ""variance_thresholds"": [0.9, 0.95]}",synthetic_context_on_atomic_id,f_given_g,k8,8,0.4348890796561483,0.4301000499091536,0.19264950371477838,0.9933050954640844,0.9866637920934614,0.37885288493009356,255,127,descriptive_only; never used for ID projection,ok
/home/ubuntu/cogitao-research/checkpoints/cogitao_vit_cross_attention/cogitao_c1_experiment_3_vit6_function_mlp_cross_attention/run_000/last.ckpt,900674f94996e9b2f5190e7cd8bac4486d09332daaf131226f7f107123274de1,dfec9cbb2afe6616194c1fb41430c0c5d2bc4208,3,val,crop_bottom_side,rot90,rot90 -> crop_bottom_side,"pair (f,g): fgx=f(g(x)); task-token order [g,f] means g -> f",128,128,128,image_input_tokens,42,78000,256,256,0.01,2,"{""fixed_ranks"": [1, 2, 4, 8, 16, 32], ""variance_thresholds"": [0.9, 0.95]}",synthetic_context_on_atomic_id,f_given_g,k16,16,0.3385582739184835,0.3390348029201229,0.12339678339695,0.9824481688806133,0.9652252863595504,0.3500145056088323,255,127,descriptive_only; never used for ID projection,ok
/home/ubuntu/cogitao-research/checkpoints/cogitao_vit_cross_attention/cogitao_c1_experiment_3_vit6_function_mlp_cross_attention/run_000/last.ckpt,900674f94996e9b2f5190e7cd8bac4486d09332daaf131226f7f107123274de1,dfec9cbb2afe6616194c1fb41430c0c5d2bc4208,3,val,crop_bottom_side,rot90,rot90 -> crop_bottom_side,"pair (f,g): fgx=f(g(x)); task-token order [g,f] means g -> f",128,128,128,image_input_tokens,42,78000,256,256,0.01,2,"{""fixed_ranks"": [1, 2, 4, 8, 16, 32], ""variance_thresholds"": [0.9, 0.95]}",synthetic_context_on_atomic_id,f_given_g,k32,32,0.10584649788601132,0.1121352214280806,0.02378127314730696,0.9679251241270967,0.9369082601122019,0.09170079938263055,255,127,descriptive_only; never used for ID projection,ok
/home/ubuntu/cogitao-research/checkpoints/cogitao_vit_cross_attention/cogitao_c1_experiment_3_vit6_function_mlp_cross_attention/run_000/last.ckpt,900674f94996e9b2f5190e7cd8bac4486d09332daaf131226f7f107123274de1,dfec9cbb2afe6616194c1fb41430c0c5d2bc4208,3,val,crop_bottom_side,rot90,rot90 -> crop_bottom_side,"pair (f,g): fgx=f(g(x)); task-token order [g,f] means g -> f",128,128,128,image_input_tokens,42,78000,256,256,0.01,2,"{""fixed_ranks"": [1, 2, 4, 8, 16, 32], ""variance_thresholds"": [0.9, 0.95]}",synthetic_context_on_atomic_id,f_given_g,variance_0.9,18,0.31526623262630055,0.3141847705608796,0.10840517758232837,0.9827062974171861,0.9657316306227827,0.31845895318042383,255,127,descriptive_only; never used for ID projection,ok
/home/ubuntu/cogitao-research/checkpoints/cogitao_vit_cross_attention/cogitao_c1_experiment_3_vit6_function_mlp_cross_attention/run_000/last.ckpt,900674f94996e9b2f5190e7cd8bac4486d09332daaf131226f7f107123274de1,dfec9cbb2afe6616194c1fb41430c0c5d2bc4208,3,val,crop_bottom_side,rot90,rot90 -> crop_bottom_side,"pair (f,g): fgx=f(g(x)); task-token order [g,f] means g -> f",128,128,128,image_input_tokens,42,78000,256,256,0.01,2,"{""fixed_ranks"": [1, 2, 4, 8, 16, 32], ""variance_thresholds"": [0.9, 0.95]}",synthetic_context_on_atomic_id,f_given_g,variance_0.95,25,0.23111665796593578,0.2385546253689513,0.0678381242813878,0.9794368061905507,0.9593225637473533,0.22375979401376966,255,127,descriptive_only; never used for ID projection,ok
/home/ubuntu/cogitao-research/checkpoints/cogitao_vit_cross_attention/cogitao_c1_experiment_3_vit6_function_mlp_cross_attention/run_000/last.ckpt,900674f94996e9b2f5190e7cd8bac4486d09332daaf131226f7f107123274de1,dfec9cbb2afe6616194c1fb41430c0c5d2bc4208,3,val,crop_bottom_side,rot90,rot90 -> crop_bottom_side,"pair (f,g): fgx=f(g(x)); task-token order [g,f] means g -> f",128,128,128,image_input_tokens,42,78000,256,256,0.01,2,"{""fixed_ranks"": [1, 2, 4, 8, 16, 32], ""variance_thresholds"": [0.9, 0.95]}",synthetic_context_on_atomic_id,g_given_f,k1,1,0.9386966964823948,0.9010560256408584,0.8226372692322952,0.9992269407102714,0.9986934362260866,0.5325827231687259,255,127,descriptive_only; never used for ID projection,ok
/home/ubuntu/cogitao-research/checkpoints/cogitao_vit_cross_attention/cogitao_c1_experiment_3_vit6_function_mlp_cross_attention/run_000/last.ckpt,900674f94996e9b2f5190e7cd8bac4486d09332daaf131226f7f107123274de1,dfec9cbb2afe6616194c1fb41430c0c5d2bc4208,3,val,crop_bottom_side,rot90,rot90 -> crop_bottom_side,"pair (f,g): fgx=f(g(x)); task-token order [g,f] means g -> f",128,128,128,image_input_tokens,42,78000,256,256,0.01,2,"{""fixed_ranks"": [1, 2, 4, 8, 16, 32], ""variance_thresholds"": [0.9, 0.95]}",synthetic_context_on_atomic_id,g_given_f,k2,2,0.8794322444575979,0.8028862575343199,0.6624701547101421,0.998269336831773,0.9968091120984834,0.31495287511298076,255,127,descriptive_only; never used for ID projection,ok
/home/ubuntu/cogitao-research/checkpoints/cogitao_vit_cross_attention/cogitao_c1_experiment_3_vit6_function_mlp_cross_attention/run_000/last.ckpt,900674f94996e9b2f5190e7cd8bac4486d09332daaf131226f7f107123274de1,dfec9cbb2afe6616194c1fb41430c0c5d2bc4208,3,val,crop_bottom_side,rot90,rot90 -> crop_bottom_side,"pair (f,g): fgx=f(g(x)); task-token order [g,f] means g -> f",128,128,128,image_input_tokens,42,78000,256,256,0.01,2,"{""fixed_ranks"": [1, 2, 4, 8, 16, 32], ""variance_thresholds"": [0.9, 0.95]}",synthetic_context_on_atomic_id,g_given_f,k4,4,0.7788416080856768,0.6339288014727407,0.4318148738452165,0.9956792380875914,0.991761172847113,0.0997538606032558,255,127,descriptive_only; never used for ID projection,ok
/home/ubuntu/cogitao-research/checkpoints/cogitao_vit_cross_attention/cogitao_c1_experiment_3_vit6_function_mlp_cross_attention/run_000/last.ckpt,900674f94996e9b2f5190e7cd8bac4486d09332daaf131226f7f107123274de1,dfec9cbb2afe6616194c1fb41430c0c5d2bc4208,3,val,crop_bottom_side,rot90,rot90 -> crop_bottom_side,"pair (f,g): fgx=f(g(x)); task-token order [g,f] means g -> f",128,128,128,image_input_tokens,42,78000,256,256,0.01,2,"{""fixed_ranks"": [1, 2, 4, 8, 16, 32], ""variance_thresholds"": [0.9, 0.95]}",synthetic_context_on_atomic_id,g_given_f,k8,8,0.7001371354388453,0.5670615720274704,0.35751824404665167,0.9931719600472849,0.986967312967189,0.3662401719667824,255,127,descriptive_only; never used for ID projection,ok
/home/ubuntu/cogitao-research/checkpoints/cogitao_vit_cross_attention/cogitao_c1_experiment_3_vit6_function_mlp_cross_attention/run_000/last.ckpt,900674f94996e9b2f5190e7cd8bac4486d09332daaf131226f7f107123274de1,dfec9cbb2afe6616194c1fb41430c0c5d2bc4208,3,val,crop_bottom_side,rot90,rot90 -> crop_bottom_side,"pair (f,g): fgx=f(g(x)); task-token order [g,f] means g -> f",128,128,128,image_input_tokens,42,78000,256,256,0.01,2,"{""fixed_ranks"": [1, 2, 4, 8, 16, 32], ""variance_thresholds"": [0.9, 0.95]}",synthetic_context_on_atomic_id,g_given_f,k16,16,0.571253524193911,0.45968157951789984,0.2508727271580609,0.984994228957432,0.9718378522568389,0.33144444084431435,255,127,descriptive_only; never used for ID projection,ok
/home/ubuntu/cogitao-research/checkpoints/cogitao_vit_cross_attention/cogitao_c1_experiment_3_vit6_function_mlp_cross_attention/run_000/last.ckpt,900674f94996e9b2f5190e7cd8bac4486d09332daaf131226f7f107123274de1,dfec9cbb2afe6616194c1fb41430c0c5d2bc4208,3,val,crop_bottom_side,rot90,rot90 -> crop_bottom_side,"pair (f,g): fgx=f(g(x)); task-token order [g,f] means g -> f",128,128,128,image_input_tokens,42,78000,256,256,0.01,2,"{""fixed_ranks"": [1, 2, 4, 8, 16, 32], ""variance_thresholds"": [0.9, 0.95]}",synthetic_context_on_atomic_id,g_given_f,k32,32,0.2279646946237789,0.1965529355845077,0.0832364925826216,0.9701464894418641,0.9445564482961896,0.08754138843991136,255,127,descriptive_only; never used for ID projection,ok
/home/ubuntu/cogitao-research/checkpoints/cogitao_vit_cross_attention/cogitao_c1_experiment_3_vit6_function_mlp_cross_attention/run_000/last.ckpt,900674f94996e9b2f5190e7cd8bac4486d09332daaf131226f7f107123274de1,dfec9cbb2afe6616194c1fb41430c0c5d2bc4208,3,val,crop_bottom_side,rot90,rot90 -> crop_bottom_side,"pair (f,g): fgx=f(g(x)); task-token order [g,f] means g -> f",128,128,128,image_input_tokens,42,78000,256,256,0.01,2,"{""fixed_ranks"": [1, 2, 4, 8, 16, 32], ""variance_thresholds"": [0.9, 0.95]}",synthetic_context_on_atomic_id,g_given_f,variance_0.9,20,0.5000543915212603,0.4015351070176819,0.20150509545201878,0.9823832459820692,0.9672022408649291,0.29284884418848145,255,127,descriptive_only; never used for ID projection,ok
/home/ubuntu/cogitao-research/checkpoints/cogitao_vit_cross_attention/cogitao_c1_experiment_3_vit6_function_mlp_cross_attention/run_000/last.ckpt,900674f94996e9b2f5190e7cd8bac4486d09332daaf131226f7f107123274de1,dfec9cbb2afe6616194c1fb41430c0c5d2bc4208,3,val,crop_bottom_side,rot90,rot90 -> crop_bottom_side,"pair (f,g): fgx=f(g(x)); task-token order [g,f] means g -> f",128,128,128,image_input_tokens,42,78000,256,256,0.01,2,"{""fixed_ranks"": [1, 2, 4, 8, 16, 32], ""variance_thresholds"": [0.9, 0.95]}",synthetic_context_on_atomic_id,g_given_f,variance_0.95,26,0.38252174116371074,0.3075453551962039,0.1367585291842558,0.9733074355841758,0.9499680546355218,0.20268740862384535,255,127,descriptive_only; never used for ID projection,ok
/home/ubuntu/cogitao-research/checkpoints/cogitao_vit_cross_attention/cogitao_c1_experiment_3_vit6_function_mlp_cross_attention/run_000/last.ckpt,900674f94996e9b2f5190e7cd8bac4486d09332daaf131226f7f107123274de1,dfec9cbb2afe6616194c1fb41430c0c5d2bc4208,3,val,crop_bottom_side,rot90,rot90 -> crop_bottom_side,"pair (f,g): fgx=f(g(x)); task-token order [g,f] means g -> f",128,128,128,image_block_01,42,78000,256,256,0.01,2,"{""fixed_ranks"": [1, 2, 4, 8, 16, 32], ""variance_thresholds"": [0.9, 0.95]}",synthetic_context_on_atomic_id,f_given_g,k1,1,0.9399191623703205,0.9390892099280155,0.8859683437546718,0.9995037366305404,0.9990081251399914,0.08592756200794716,255,127,descriptive_only; never used for ID projection,ok
/home/ubuntu/cogitao-research/checkpoints/cogitao_vit_cross_attention/cogitao_c1_experiment_3_vit6_function_mlp_cross_attention/run_000/last.ckpt,900674f94996e9b2f5190e7cd8bac4486d09332daaf131226f7f107123274de1,dfec9cbb2afe6616194c1fb41430c0c5d2bc4208,3,val,crop_bottom_side,rot90,rot90 -> crop_bottom_side,"pair (f,g): fgx=f(g(x)); task-token order [g,f] means g -> f",128,128,128,image_block_01,42,78000,256,256,0.01,2,"{""fixed_ranks"": [1, 2, 4, 8, 16, 32], ""variance_thresholds"": [0.9, 0.95]}",synthetic_context_on_atomic_id,f_given_g,k2,2,0.8395433322801336,0.8299953325281824,0.7007166113698495,0.9973192782040967,0.9946511928601841,0.09772938796308628,255,127,descriptive_only; never used for ID projection,ok
/home/ubuntu/cogitao-research/checkpoints/cogitao_vit_cross_attention/cogitao_c1_experiment_3_vit6_function_mlp_cross_attention/run_000/last.ckpt,900674f94996e9b2f5190e7cd8bac4486d09332daaf131226f7f107123274de1,dfec9cbb2afe6616194c1fb41430c0c5d2bc4208,3,val,crop_bottom_side,rot90,rot90 -> crop_bottom_side,"pair (f,g): fgx=f(g(x)); task-token order [g,f] means g -> f",128,128,128,image_block_01,42,78000,256,256,0.01,2,"{""fixed_ranks"": [1, 2, 4, 8, 16, 32], ""variance_thresholds"": [0.9, 0.95]}",synthetic_context_on_atomic_id,f_given_g,k4,4,0.7922668673740932,0.781442373536408,0.623005985599574,0.9957830974343577,0.9915927163057803,0.2897587938861525,255,127,descriptive_only; never used for ID projection,ok
/home/ubuntu/cogitao-research/checkpoints/cogitao_vit_cross_attention/cogitao_c1_experiment_3_vit6_function_mlp_cross_attention/run_000/last.ckpt,900674f94996e9b2f5190e7cd8bac4486d09332daaf131226f7f107123274de1,dfec9cbb2afe6616194c1fb41430c0c5d2bc4208,3,val,crop_bottom_side,rot90,rot90 -> crop_bottom_side,"pair (f,g): fgx=f(g(x)); task-token order [g,f] means g -> f",128,128,128,image_block_01,42,78000,256,256,0.01,2,"{""fixed_ranks"": [1, 2, 4, 8, 16, 32], ""variance_thresholds"": [0.9, 0.95]}",synthetic_context_on_atomic_id,f_given_g,k8,8,0.6062578609240248,0.5893502608961505,0.3590075462464212,0.9945243018388246,0.9890820013538464,0.22253223533664862,255,127,descriptive_only; never used for ID projection,ok
/home/ubuntu/cogitao-research/checkpoints/cogitao_vit_cross_attention/cogitao_c1_experiment_3_vit6_function_mlp_cross_attention/run_000/last.ckpt,900674f94996e9b2f5190e7cd8bac4486d09332daaf131226f7f107123274de1,dfec9cbb2afe6616194c1fb41430c0c5d2bc4208,3,val,crop_bottom_side,rot90,rot90 -> crop_bottom_side,"pair (f,g): fgx=f(g(x)); task-token order [g,f] means g -> f",128,128,128,image_block_01,42,78000,256,256,0.01,2,"{""fixed_ranks"": [1, 2, 4, 8, 16, 32], ""variance_thresholds"": [0.9, 0.95]}",synthetic_context_on_atomic_id,f_given_g,k16,16,0.4257355660186923,0.41396031579245735,0.17999006044775762,0.9870626787615311,0.9743030570795557,0.2469383104165498,255,127,descriptive_only; never used for ID projection,ok
/home/ubuntu/cogitao-research/checkpoints/cogitao_vit_cross_attention/cogitao_c1_experiment_3_vit6_function_mlp_cross_attention/run_000/last.ckpt,900674f94996e9b2f5190e7cd8bac4486d09332daaf131226f7f107123274de1,dfec9cbb2afe6616194c1fb41430c0c5d2bc4208,3,val,crop_bottom_side,rot90,rot90 -> crop_bottom_side,"pair (f,g): fgx=f(g(x)); task-token order [g,f] means g -> f",128,128,128,image_block_01,42,78000,256,256,0.01,2,"{""fixed_ranks"": [1, 2, 4, 8, 16, 32], ""variance_thresholds"": [0.9, 0.95]}",synthetic_context_on_atomic_id,f_given_g,k32,32,0.31596529806784335,0.306853816399756,0.09939179585563954,0.966767995191045,0.9346865083408487,0.26053776607292845,255,127,descriptive_only; never used for ID projection,ok
/home/ubuntu/cogitao-research/checkpoints/cogitao_vit_cross_attention/cogitao_c1_experiment_3_vit6_function_mlp_cross_attention/run_000/last.ckpt,900674f94996e9b2f5190e7cd8bac4486d09332daaf131226f7f107123274de1,dfec9cbb2afe6616194c1fb41430c0c5d2bc4208,3,val,crop_bottom_side,rot90,rot90 -> crop_bottom_side,"pair (f,g): fgx=f(g(x)); task-token order [g,f] means g -> f",128,128,128,image_block_01,42,78000,256,256,0.01,2,"{""fixed_ranks"": [1, 2, 4, 8, 16, 32], ""variance_thresholds"": [0.9, 0.95]}",synthetic_context_on_atomic_id,f_given_g,variance_0.9,28,0.33841070071542734,0.3282994467044575,0.11403384998065125,0.9736428077219832,0.9480042935818489,0.273880070833133,255,127,descriptive_only; never used for ID projection,ok
/home/ubuntu/cogitao-research/checkpoints/cogitao_vit_cross_attention/cogitao_c1_experiment_3_vit6_function_mlp_cross_attention/run_000/last.ckpt,900674f94996e9b2f5190e7cd8bac4486d09332daaf131226f7f107123274de1,dfec9cbb2afe6616194c1fb41430c0c5d2bc4208,3,val,crop_bottom_side,rot90,rot90 -> crop_bottom_side,"pair (f,g): fgx=f(g(x)); task-token order [g,f] means g -> f",128,128,128,image_block_01,42,78000,256,256,0.01,2,"{""fixed_ranks"": [1, 2, 4, 8, 16, 32], ""variance_thresholds"": [0.9, 0.95]}",synthetic_context_on_atomic_id,f_given_g,variance_0.95,45,0.25705043360720475,0.24589806383331436,0.0638549014646525,0.9564302690982897,0.9148029881076709,0.265572386970234,255,127,descriptive_only; never used for ID projection,ok
/home/ubuntu/cogitao-research/checkpoints/cogitao_vit_cross_attention/cogitao_c1_experiment_3_vit6_function_mlp_cross_attention/run_000/last.ckpt,900674f94996e9b2f5190e7cd8bac4486d09332daaf131226f7f107123274de1,dfec9cbb2afe6616194c1fb41430c0c5d2bc4208,3,val,crop_bottom_side,rot90,rot90 -> crop_bottom_side,"pair (f,g): fgx=f(g(x)); task-token order [g,f] means g -> f",128,128,128,image_block_01,42,78000,256,256,0.01,2,"{""fixed_ranks"": [1, 2, 4, 8, 16, 32], ""variance_thresholds"": [0.9, 0.95]}",synthetic_context_on_atomic_id,g_given_f,k1,1,0.9381406078973058,0.8757352165704535,0.7791618171032052,0.999166000036458,0.9983337407076267,0.6037249018319761,255,127,descriptive_only; never used for ID projection,ok
/home/ubuntu/cogitao-research/checkpoints/cogitao_vit_cross_attention/cogitao_c1_experiment_3_vit6_function_mlp_cross_attention/run_000/last.ckpt,900674f94996e9b2f5190e7cd8bac4486d09332daaf131226f7f107123274de1,dfec9cbb2afe6616194c1fb41430c0c5d2bc4208,3,val,crop_bottom_side,rot90,rot90 -> crop_bottom_side,"pair (f,g): fgx=f(g(x)); task-token order [g,f] means g -> f",128,128,128,image_block_01,42,78000,256,256,0.01,2,"{""fixed_ranks"": [1, 2, 4, 8, 16, 32], ""variance_thresholds"": [0.9, 0.95]}",synthetic_context_on_atomic_id,g_given_f,k2,2,0.8757369661902901,0.8250923562681695,0.6949503234371193,0.9982902622037948,0.9965865108686722,0.5670789119735962,255,127,descriptive_only; never used for ID projection,ok
/home/ubuntu/cogitao-research/checkpoints/cogitao_vit_cross_attention/cogitao_c1_experiment_3_vit6_function_mlp_cross_attention/run_000/last.ckpt,900674f94996e9b2f5190e7cd8bac4486d09332daaf131226f7f107123274de1,dfec9cbb2afe6616194c1fb41430c0c5d2bc4208,3,val,crop_bottom_side,rot90,rot90 -> crop_bottom_side,"pair (f,g): fgx=f(g(x)); task-token order [g,f] means g -> f",128,128,128,image_block_01,42,78000,256,256,0.01,2,"{""fixed_ranks"": [1, 2, 4, 8, 16, 32], ""variance_thresholds"": [0.9, 0.95]}",synthetic_context_on_atomic_id,g_given_f,k4,4,0.7885954134413317,0.708414461939558,0.5171514252248846,0.9959583838312809,0.9919386736277092,0.32171286740846605,255,127,descriptive_only; never used for ID projection,ok
/home/ubuntu/cogitao-research/checkpoints/cogitao_vit_cross_attention/cogitao_c1_experiment_3_vit6_function_mlp_cross_attention/run_000/last.ckpt,900674f94996e9b2f5190e7cd8bac4486d09332daaf131226f7f107123274de1,dfec9cbb2afe6616194c1fb41430c0c5d2bc4208,3,val,crop_bottom_side,rot90,rot90 -> crop_bottom_side,"pair (f,g): fgx=f(g(x)); task-token order [g,f] means g -> f",128,128,128,image_block_01,42,78000,256,256,0.01,2,"{""fixed_ranks"": [1, 2, 4, 8, 16, 32], ""variance_thresholds"": [0.9, 0.95]}",synthetic_context_on_atomic_id,g_given_f,k8,8,0.6946221539161929,0.5517688551887403,0.3135374015400879,0.9937013994488718,0.9874484452663512,0.2266135463859928,255,127,descriptive_only; never used for ID projection,ok
/home/ubuntu/cogitao-research/checkpoints/cogitao_vit_cross_attention/cogitao_c1_experiment_3_vit6_function_mlp_cross_attention/run_000/last.ckpt,900674f94996e9b2f5190e7cd8bac4486d09332daaf131226f7f107123274de1,dfec9cbb2afe6616194c1fb41430c0c5d2bc4208,3,val,crop_bottom_side,rot90,rot90 -> crop_bottom_side,"pair (f,g): fgx=f(g(x)); task-token order [g,f] means g -> f",128,128,128,image_block_01,42,78000,256,256,0.01,2,"{""fixed_ranks"": [1, 2, 4, 8, 16, 32], ""variance_thresholds"": [0.9, 0.95]}",synthetic_context_on_atomic_id,g_given_f,k16,16,0.5836208205932776,0.4318121292773416,0.19355744851492257,0.9817506035770422,0.9638669471925095,0.26971805992485615,255,127,descriptive_only; never used for ID projection,ok
/home/ubuntu/cogitao-research/checkpoints/cogitao_vit_cross_attention/cogitao_c1_experiment_3_vit6_function_mlp_cross_attention/run_000/last.ckpt,900674f94996e9b2f5190e7cd8bac4486d09332daaf131226f7f107123274de1,dfec9cbb2afe6616194c1fb41430c0c5d2bc4208,3,val,crop_bottom_side,rot90,rot90 -> crop_bottom_side,"pair (f,g): fgx=f(g(x)); task-token order [g,f] means g -> f",128,128,128,image_block_01,42,78000,256,256,0.01,2,"{""fixed_ranks"": [1, 2, 4, 8, 16, 32], ""variance_thresholds"": [0.9, 0.95]}",synthetic_context_on_atomic_id,g_given_f,k32,32,0.47065650943979176,0.345795771890019,0.12430966434938454,0.9705535575438868,0.9420363652492622,0.339338444472428,255,127,descriptive_only; never used for ID projection,ok
/home/ubuntu/cogitao-research/checkpoints/cogitao_vit_cross_attention/cogitao_c1_experiment_3_vit6_function_mlp_cross_attention/run_000/last.ckpt,900674f94996e9b2f5190e7cd8bac4486d09332daaf131226f7f107123274de1,dfec9cbb2afe6616194c1fb41430c0c5d2bc4208,3,val,crop_bottom_side,rot90,rot90 -> crop_bottom_side,"pair (f,g): fgx=f(g(x)); task-token order [g,f] means g -> f",128,128,128,image_block_01,42,78000,256,256,0.01,2,"{""fixed_ranks"": [1, 2, 4, 8, 16, 32], ""variance_thresholds"": [0.9, 0.95]}",synthetic_context_on_atomic_id,g_given_f,variance_0.9,28,0.49358036309019016,0.3637490883237722,0.13740768682418006,0.9692465561473781,0.9394983550179785,0.33870725357404163,255,127,descriptive_only; never used for ID projection,ok
/home/ubuntu/cogitao-research/checkpoints/cogitao_vit_cross_attention/cogitao_c1_experiment_3_vit6_function_mlp_cross_attention/run_000/last.ckpt,900674f94996e9b2f5190e7cd8bac4486d09332daaf131226f7f107123274de1,dfec9cbb2afe6616194c1fb41430c0c5d2bc4208,3,val,crop_bottom_side,rot90,rot90 -> crop_bottom_side,"pair (f,g): fgx=f(g(x)); task-token order [g,f] means g -> f",128,128,128,image_block_01,42,78000,256,256,0.01,2,"{""fixed_ranks"": [1, 2, 4, 8, 16, 32], ""variance_thresholds"": [0.9, 0.95]}",synthetic_context_on_atomic_id,g_given_f,variance_0.95,46,0.4000226926899403,0.2946630173915641,0.09024317247169365,0.9561686093415629,0.9143361671490624,0.33188828701638823,255,127,descriptive_only; never used for ID projection,ok
/home/ubuntu/cogitao-research/checkpoints/cogitao_vit_cross_attention/cogitao_c1_experiment_3_vit6_function_mlp_cross_attention/run_000/last.ckpt,900674f94996e9b2f5190e7cd8bac4486d09332daaf131226f7f107123274de1,dfec9cbb2afe6616194c1fb41430c0c5d2bc4208,3,val,crop_bottom_side,rot90,rot90 -> crop_bottom_side,"pair (f,g): fgx=f(g(x)); task-token order [g,f] means g -> f",128,128,128,image_block_02,42,78000,256,256,0.01,2,"{""fixed_ranks"": [1, 2, 4, 8, 16, 32], ""variance_thresholds"": [0.9, 0.95]}",synthetic_context_on_atomic_id,f_given_g,k1,1,0.940075830278472,0.9392076002979803,0.8857487308139625,0.9996237516406667,0.9992479112708093,0.08373346330155962,255,127,descriptive_only; never used for ID projection,ok
/home/ubuntu/cogitao-research/checkpoints/cogitao_vit_cross_attention/cogitao_c1_experiment_3_vit6_function_mlp_cross_attention/run_000/last.ckpt,900674f94996e9b2f5190e7cd8bac4486d09332daaf131226f7f107123274de1,dfec9cbb2afe6616194c1fb41430c0c5d2bc4208,3,val,crop_bottom_side,rot90,rot90 -> crop_bottom_side,"pair (f,g): fgx=f(g(x)); task-token order [g,f] means g -> f",128,128,128,image_block_02,42,78000,256,256,0.01,2,"{""fixed_ranks"": [1, 2, 4, 8, 16, 32], ""variance_thresholds"": [0.9, 0.95]}",synthetic_context_on_atomic_id,f_given_g,k2,2,0.8827554795177792,0.8761628603017914,0.7745973927201015,0.9973902307004434,0.9947933078134417,0.15002343198728074,255,127,descriptive_only; never used for ID projection,ok
/home/ubuntu/cogitao-research/checkpoints/cogitao_vit_cross_attention/cogitao_c1_experiment_3_vit6_function_mlp_cross_attention/run_000/last.ckpt,900674f94996e9b2f5190e7cd8bac4486d09332daaf131226f7f107123274de1,dfec9cbb2afe6616194c1fb41430c0c5d2bc4208,3,val,crop_bottom_side,rot90,rot90 -> crop_bottom_side,"pair (f,g): fgx=f(g(x)); task-token order [g,f] means g -> f",128,128,128,image_block_02,42,78000,256,256,0.01,2,"{""fixed_ranks"": [1, 2, 4, 8, 16, 32], ""variance_thresholds"": [0.9, 0.95]}",synthetic_context_on_atomic_id,f_given_g,k4,4,0.8061709675846409,0.7976126949097537,0.6426572134222159,0.9977273993468498,0.9954620169408912,0.3117670107875889,255,127,descriptive_only; never used for ID projection,ok
/home/ubuntu/cogitao-research/checkpoints/cogitao_vit_cross_attention/cogitao_c1_experiment_3_vit6_function_mlp_cross_attention/run_000/last.ckpt,900674f94996e9b2f5190e7cd8bac4486d09332daaf131226f7f107123274de1,dfec9cbb2afe6616194c1fb41430c0c5d2bc4208,3,val,crop_bottom_side,rot90,rot90 -> crop_bottom_side,"pair (f,g): fgx=f(g(x)); task-token order [g,f] means g -> f",128,128,128,image_block_02,42,78000,256,256,0.01,2,"{""fixed_ranks"": [1, 2, 4, 8, 16, 32], ""variance_thresholds"": [0.9, 0.95]}",synthetic_context_on_atomic_id,f_given_g,k8,8,0.6801256479089004,0.6675984056114922,0.453986034430133,0.9933568825024972,0.9867682998258749,0.29713071094822285,255,127,descriptive_only; never used for ID projection,ok
/home/ubuntu/cogitao-research/checkpoints/cogitao_vit_cross_attention/cogitao_c1_experiment_3_vit6_function_mlp_cross_attention/run_000/last.ckpt,900674f94996e9b2f5190e7cd8bac4486d09332daaf131226f7f107123274de1,dfec9cbb2afe6616194c1fb41430c0c5d2bc4208,3,val,crop_bottom_side,rot90,rot90 -> crop_bottom_side,"pair (f,g): fgx=f(g(x)); task-token order [g,f] means g -> f",128,128,128,image_block_02,42,78000,256,256,0.01,2,"{""fixed_ranks"": [1, 2, 4, 8, 16, 32], ""variance_thresholds"": [0.9, 0.95]}",synthetic_context_on_atomic_id,f_given_g,k16,16,0.4914930045236381,0.48645451226049746,0.24481186761353946,0.9864567895054351,0.9731102263503477,0.312941745540414,255,127,descriptive_only; never used for ID projection,ok
/home/ubuntu/cogitao-research/checkpoints/cogitao_vit_cross_attention/cogitao_c1_experiment_3_vit6_function_mlp_cross_attention/run_000/last.ckpt,900674f94996e9b2f5190e7cd8bac4486d09332daaf131226f7f107123274de1,dfec9cbb2afe6616194c1fb41430c0c5d2bc4208,3,val,crop_bottom_side,rot90,rot90 -> crop_bottom_side,"pair (f,g): fgx=f(g(x)); task-token order [g,f] means g -> f",128,128,128,image_block_02,42,78000,256,256,0.01,2,"{""fixed_ranks"": [1, 2, 4, 8, 16, 32], ""variance_thresholds"": [0.9, 0.95]}",synthetic_context_on_atomic_id,f_given_g,k32,32,0.38183807631108424,0.3758497016892236,0.14660044055834914,0.9662901944525644,0.9337594748154572,0.3269346574524705,255,127,descriptive_only; never used for ID projection,ok
/home/ubuntu/cogitao-research/checkpoints/cogitao_vit_cross_attention/cogitao_c1_experiment_3_vit6_function_mlp_cross_attention/run_000/last.ckpt,900674f94996e9b2f5190e7cd8bac4486d09332daaf131226f7f107123274de1,dfec9cbb2afe6616194c1fb41430c0c5d2bc4208,3,val,crop_bottom_side,rot90,rot90 -> crop_bottom_side,"pair (f,g): fgx=f(g(x)); task-token order [g,f] means g -> f",128,128,128,image_block_02,42,78000,256,256,0.01,2,"{""fixed_ranks"": [1, 2, 4, 8, 16, 32], ""variance_thresholds"": [0.9, 0.95]}",synthetic_context_on_atomic_id,f_given_g,variance_0.9,41,0.35210199813568993,0.34708304847621324,0.1252104018613202,0.9639039755779524,0.9291615436833807,0.33290363609035556,255,127,descriptive_only; never used for ID projection,ok
/home/ubuntu/cogitao-research/checkpoints/cogitao_vit_cross_attention/cogitao_c1_experiment_3_vit6_function_mlp_cross_attention/run_000/last.ckpt,900674f94996e9b2f5190e7cd8bac4486d09332daaf131226f7f107123274de1,dfec9cbb2afe6616194c1fb41430c0c5d2bc4208,3,val,crop_bottom_side,rot90,rot90 -> crop_bottom_side,"pair (f,g): fgx=f(g(x)); task-token order [g,f] means g -> f",128,128,128,image_block_02,42,78000,256,256,0.01,2,"{""fixed_ranks"": [1, 2, 4, 8, 16, 32], ""variance_thresholds"": [0.9, 0.95]}",synthetic_context_on_atomic_id,f_given_g,variance_0.95,65,0.28757677542648613,0.28398737478701686,0.08421149973877817,0.9278439969208135,0.8610073574797878,0.3431896384121905,255,127,descriptive_only; never used for ID projection,ok
/home/ubuntu/cogitao-research/checkpoints/cogitao_vit_cross_attention/cogitao_c1_experiment_3_vit6_function_mlp_cross_attention/run_000/last.ckpt,900674f94996e9b2f5190e7cd8bac4486d09332daaf131226f7f107123274de1,dfec9cbb2afe6616194c1fb41430c0c5d2bc4208,3,val,crop_bottom_side,rot90,rot90 -> crop_bottom_side,"pair (f,g): fgx=f(g(x)); task-token order [g,f] means g -> f",128,128,128,image_block_02,42,78000,256,256,0.01,2,"{""fixed_ranks"": [1, 2, 4, 8, 16, 32], ""variance_thresholds"": [0.9, 0.95]}",synthetic_context_on_atomic_id,g_given_f,k1,1,0.9518359544474249,0.8592051516374589,0.7508558947722255,0.9994826001410826,0.9989657981891247,0.6559405470213864,255,127,descriptive_only; never used for ID projection,ok
/home/ubuntu/cogitao-research/checkpoints/cogitao_vit_cross_attention/cogitao_c1_experiment_3_vit6_function_mlp_cross_attention/run_000/last.ckpt,900674f94996e9b2f5190e7cd8bac4486d09332daaf131226f7f107123274de1,dfec9cbb2afe6616194c1fb41430c0c5d2bc4208,3,val,crop_bottom_side,rot90,rot90 -> crop_bottom_side,"pair (f,g): fgx=f(g(x)); task-token order [g,f] means g -> f",128,128,128,image_block_02,42,78000,256,256,0.01,2,"{""fixed_ranks"": [1, 2, 4, 8, 16, 32], ""variance_thresholds"": [0.9, 0.95]}",synthetic_context_on_atomic_id,g_given_f,k2,2,0.9149058465306869,0.8065021114289288,0.6647001114781129,0.9982355878986762,0.9964772272691096,0.5001225449760396,255,127,descriptive_only; never used for ID projection,ok
/home/ubuntu/cogitao-research/checkpoints/cogitao_vit_cross_attention/cogitao_c1_experiment_3_vit6_function_mlp_cross_attention/run_000/last.ckpt,900674f94996e9b2f5190e7cd8bac4486d09332daaf131226f7f107123274de1,dfec9cbb2afe6616194c1fb41430c0c5d2bc4208,3,val,crop_bottom_side,rot90,rot90 -> crop_bottom_side,"pair (f,g): fgx=f(g(x)); task-token order [g,f] means g -> f",128,128,128,image_block_02,42,78000,256,256,0.01,2,"{""fixed_ranks"": [1, 2, 4, 8, 16, 32], ""variance_thresholds"": [0.9, 0.95]}",synthetic_context_on_atomic_id,g_given_f,k4,4,0.8491270842045342,0.7303416508752167,0.5468615205380388,0.9966184376753747,0.9932527636664823,0.3765830438001945,255,127,descriptive_only; never used for ID projection,ok
/home/ubuntu/cogitao-research/checkpoints/cogitao_vit_cross_attention/cogitao_c1_experiment_3_vit6_function_mlp_cross_attention/run_000/last.ckpt,900674f94996e9b2f5190e7cd8bac4486d09332daaf131226f7f107123274de1,dfec9cbb2afe6616194c1fb41430c0c5d2bc4208,3,val,crop_bottom_side,rot90,rot90 -> crop_bottom_side,"pair (f,g): fgx=f(g(x)); task-token order [g,f] means g -> f",128,128,128,image_block_02,42,78000,256,256,0.01,2,"{""fixed_ranks"": [1, 2, 4, 8, 16, 32], ""variance_thresholds"": [0.9, 0.95]}",synthetic_context_on_atomic_id,g_given_f,k8,8,0.7659669948832974,0.6375739582067259,0.41778510200944113,0.9933862094492277,0.9868270641427757,0.3833962009996591,255,127,descriptive_only; never used for ID projection,ok
/home/ubuntu/cogitao-research/checkpoints/cogitao_vit_cross_attention/cogitao_c1_experiment_3_vit6_function_mlp_cross_attention/run_000/last.ckpt,900674f94996e9b2f5190e7cd8bac4486d09332daaf131226f7f107123274de1,dfec9cbb2afe6616194c1fb41430c0c5d2bc4208,3,val,crop_bottom_side,rot90,rot90 -> crop_bottom_side,"pair (f,g): fgx=f(g(x)); task-token order [g,f] means g -> f",128,128,128,image_block_02,42,78000,256,256,0.01,2,"{""fixed_ranks"": [1, 2, 4, 8, 16, 32], ""variance_thresholds"": [0.9, 0.95]}",synthetic_context_on_atomic_id,g_given_f,k16,16,0.6668432753986336,0.5344115052362072,0.29378985355925713,0.9820441313146387,0.9644403821028633,0.35337984152091917,255,127,descriptive_only; never used for ID projection,ok
/home/ubuntu/cogitao-research/checkpoints/cogitao_vit_cross_attention/cogitao_c1_experiment_3_vit6_function_mlp_cross_attention/run_000/last.ckpt,900674f94996e9b2f5190e7cd8bac4486d09332daaf131226f7f107123274de1,dfec9cbb2afe6616194c1fb41430c0c5d2bc4208,3,val,crop_bottom_side,rot90,rot90 -> crop_bottom_side,"pair (f,g): fgx=f(g(x)); task-token order [g,f] means g -> f",128,128,128,image_block_02,42,78000,256,256,0.01,2,"{""fixed_ranks"": [1, 2, 4, 8, 16, 32], ""variance_thresholds"": [0.9, 0.95]}",synthetic_context_on_atomic_id,g_given_f,k32,32,0.5392817362193103,0.4329124265608467,0.19368133708917076,0.9706206351705116,0.9421556412564308,0.36668666985858234,255,127,descriptive_only; never used for ID projection,ok
/home/ubuntu/cogitao-research/checkpoints/cogitao_vit_cross_attention/cogitao_c1_experiment_3_vit6_function_mlp_cross_attention/run_000/last.ckpt,900674f94996e9b2f5190e7cd8bac4486d09332daaf131226f7f107123274de1,dfec9cbb2afe6616194c1fb41430c0c5d2bc4208,3,val,crop_bottom_side,rot90,rot90 -> crop_bottom_side,"pair (f,g): fgx=f(g(x)); task-token order [g,f] means g -> f",128,128,128,image_block_02,42,78000,256,256,0.01,2,"{""fixed_ranks"": [1, 2, 4, 8, 16, 32], ""variance_thresholds"": [0.9, 0.95]}",synthetic_context_on_atomic_id,g_given_f,variance_0.9,42,0.493154506616461,0.3943809243707651,0.1604047381951742,0.9507133012255173,0.9039612904062706,0.3713550892822556,255,127,descriptive_only; never used for ID projection,ok
/home/ubuntu/cogitao-research/checkpoints/cogitao_vit_cross_attention/cogitao_c1_experiment_3_vit6_function_mlp_cross_attention/run_000/last.ckpt,900674f94996e9b2f5190e7cd8bac4486d09332daaf131226f7f107123274de1,dfec9cbb2afe6616194c1fb41430c0c5d2bc4208,3,val,crop_bottom_side,rot90,rot90 -> crop_bottom_side,"pair (f,g): fgx=f(g(x)); task-token order [g,f] means g -> f",128,128,128,image_block_02,42,78000,256,256,0.01,2,"{""fixed_ranks"": [1, 2, 4, 8, 16, 32], ""variance_thresholds"": [0.9, 0.95]}",synthetic_context_on_atomic_id,g_given_f,variance_0.95,67,0.4146814570464984,0.33411977394738973,0.11539742451066587,0.9317688607821611,0.8682983051360483,0.3852114838467262,255,127,descriptive_only; never used for ID projection,ok
/home/ubuntu/cogitao-research/checkpoints/cogitao_vit_cross_attention/cogitao_c1_experiment_3_vit6_function_mlp_cross_attention/run_000/last.ckpt,900674f94996e9b2f5190e7cd8bac4486d09332daaf131226f7f107123274de1,dfec9cbb2afe6616194c1fb41430c0c5d2bc4208,3,val,crop_bottom_side,rot90,rot90 -> crop_bottom_side,"pair (f,g): fgx=f(g(x)); task-token order [g,f] means g -> f",128,128,128,image_block_03,42,78000,256,256,0.01,2,"{""fixed_ranks"": [1, 2, 4, 8, 16, 32], ""variance_thresholds"": [0.9, 0.95]}",synthetic_context_on_atomic_id,f_given_g,k1,1,0.9655278508718286,0.9654985392348097,0.9340957061530075,0.9996384479715256,0.9992772351624752,0.9247383688250334,255,127,descriptive_only; never used for ID projection,ok
/home/ubuntu/cogitao-research/checkpoints/cogitao_vit_cross_attention/cogitao_c1_experiment_3_vit6_function_mlp_cross_attention/run_000/last.ckpt,900674f94996e9b2f5190e7cd8bac4486d09332daaf131226f7f107123274de1,dfec9cbb2afe6616194c1fb41430c0c5d2bc4208,3,val,crop_bottom_side,rot90,rot90 -> crop_bottom_side,"pair (f,g): fgx=f(g(x)); task-token order [g,f] means g -> f",128,128,128,image_block_03,42,78000,256,256,0.01,2,"{""fixed_ranks"": [1, 2, 4, 8, 16, 32], ""variance_thresholds"": [0.9, 0.95]}",synthetic_context_on_atomic_id,f_given_g,k2,2,0.9392986479271814,0.9271608316474627,0.867312714239963,0.9981121193822277,0.9962317445604058,0.09291970448630998,255,127,descriptive_only; never used for ID projection,ok
/home/ubuntu/cogitao-research/checkpoints/cogitao_vit_cross_attention/cogitao_c1_experiment_3_vit6_function_mlp_cross_attention/run_000/last.ckpt,900674f94996e9b2f5190e7cd8bac4486d09332daaf131226f7f107123274de1,dfec9cbb2afe6616194c1fb41430c0c5d2bc4208,3,val,crop_bottom_side,rot90,rot90 -> crop_bottom_side,"pair (f,g): fgx=f(g(x)); task-token order [g,f] means g -> f",128,128,128,image_block_03,42,78000,256,256,0.01,2,"{""fixed_ranks"": [1, 2, 4, 8, 16, 32], ""variance_thresholds"": [0.9, 0.95]}",synthetic_context_on_atomic_id,f_given_g,k4,4,0.873493762914775,0.8581860009034123,0.7436271052144956,0.9974727169348271,0.9949556059152616,0.23477856820415846,255,127,descriptive_only; never used for ID projection,ok
/home/ubuntu/cogitao-research/checkpoints/cogitao_vit_cross_attention/cogitao_c1_experiment_3_vit6_function_mlp_cross_attention/run_000/last.ckpt,900674f94996e9b2f5190e7cd8bac4486d09332daaf131226f7f107123274de1,dfec9cbb2afe6616194c1fb41430c0c5d2bc4208,3,val,crop_bottom_side,rot90,rot90 -> crop_bottom_side,"pair (f,g): fgx=f(g(x)); task-token order [g,f] means g -> f",128,128,128,image_block_03,42,78000,256,256,0.01,2,"{""fixed_ranks"": [1, 2, 4, 8, 16, 32], ""variance_thresholds"": [0.9, 0.95]}",synthetic_context_on_atomic_id,f_given_g,k8,8,0.6698606687140598,0.6575338296453352,0.4373863965182081,0.9932524078925455,0.986561573148245,0.28622442244746604,255,127,descriptive_only; never used for ID projection,ok
/home/ubuntu/cogitao-research/checkpoints/cogitao_vit_cross_attention/cogitao_c1_experiment_3_vit6_function_mlp_cross_attention/run_000/last.ckpt,900674f94996e9b2f5190e7cd8bac4486d09332daaf131226f7f107123274de1,dfec9cbb2afe6616194c1fb41430c0c5d2bc4208,3,val,crop_bottom_side,rot90,rot90 -> crop_bottom_side,"pair (f,g): fgx=f(g(x)); task-token order [g,f] means g -> f",128,128,128,image_block_03,42,78000,256,256,0.01,2,"{""fixed_ranks"": [1, 2, 4, 8, 16, 32], ""variance_thresholds"": [0.9, 0.95]}",synthetic_context_on_atomic_id,f_given_g,k16,16,0.5034762178624145,0.4964651784721524,0.25145471720169266,0.9866220056466546,0.9734437679076875,0.3410860658259478,255,127,descriptive_only; never used for ID projection,ok
/home/ubuntu/cogitao-research/checkpoints/cogitao_vit_cross_attention/cogitao_c1_experiment_3_vit6_function_mlp_cross_attention/run_000/last.ckpt,900674f94996e9b2f5190e7cd8bac4486d09332daaf131226f7f107123274de1,dfec9cbb2afe6616194c1fb41430c0c5d2bc4208,3,val,crop_bottom_side,rot90,rot90 -> crop_bottom_side,"pair (f,g): fgx=f(g(x)); task-token order [g,f] means g -> f",128,128,128,image_block_03,42,78000,256,256,0.01,2,"{""fixed_ranks"": [1, 2, 4, 8, 16, 32], ""variance_thresholds"": [0.9, 0.95]}",synthetic_context_on_atomic_id,f_given_g,k32,32,0.4129754036075093,0.4053214900088511,0.16851061871088208,0.9633293434175846,0.9280503826889203,0.36916269369145616,255,127,descriptive_only; never used for ID projection,ok
/home/ubuntu/cogitao-research/checkpoints/cogitao_vit_cross_attention/cogitao_c1_experiment_3_vit6_function_mlp_cross_attention/run_000/last.ckpt,900674f94996e9b2f5190e7cd8bac4486d09332daaf131226f7f107123274de1,dfec9cbb2afe6616194c1fb41430c0c5d2bc4208,3,val,crop_bottom_side,rot90,rot90 -> crop_bottom_side,"pair (f,g): fgx=f(g(x)); task-token order [g,f] means g -> f",128,128,128,image_block_03,42,78000,256,256,0.01,2,"{""fixed_ranks"": [1, 2, 4, 8, 16, 32], ""variance_thresholds"": [0.9, 0.95]}",synthetic_context_on_atomic_id,f_given_g,variance_0.9,46,0.367172910150123,0.3604548916827323,0.13354509073144727,0.9600889575310192,0.9218439807387153,0.3744701013100524,255,127,descriptive_only; never used for ID projection,ok
/home/ubuntu/cogitao-research/checkpoints/cogitao_vit_cross_attention/cogitao_c1_experiment_3_vit6_function_mlp_cross_attention/run_000/last.ckpt,900674f94996e9b2f5190e7cd8bac4486d09332daaf131226f7f107123274de1,dfec9cbb2afe6616194c1fb41430c0c5d2bc4208,3,val,crop_bottom_side,rot90,rot90 -> crop_bottom_side,"pair (f,g): fgx=f(g(x)); task-token order [g,f] means g -> f",128,128,128,image_block_03,42,78000,256,256,0.01,2,"{""fixed_ranks"": [1, 2, 4, 8, 16, 32], ""variance_thresholds"": [0.9, 0.95]}",synthetic_context_on_atomic_id,f_given_g,variance_0.95,72,0.3057476635609484,0.3023813097566927,0.09423622604603762,0.9237634672929385,0.8534911471199855,0.3777360469889964,255,127,descriptive_only; never used for ID projection,ok
/home/ubuntu/cogitao-research/checkpoints/cogitao_vit_cross_attention/cogitao_c1_experiment_3_vit6_function_mlp_cross_attention/run_000/last.ckpt,900674f94996e9b2f5190e7cd8bac4486d09332daaf131226f7f107123274de1,dfec9cbb2afe6616194c1fb41430c0c5d2bc4208,3,val,crop_bottom_side,rot90,rot90 -> crop_bottom_side,"pair (f,g): fgx=f(g(x)); task-token order [g,f] means g -> f",128,128,128,image_block_03,42,78000,256,256,0.01,2,"{""fixed_ranks"": [1, 2, 4, 8, 16, 32], ""variance_thresholds"": [0.9, 0.95]}",synthetic_context_on_atomic_id,g_given_f,k1,1,0.9487680776473606,0.7521257193035108,0.5896821409079219,0.9994684280220664,0.9989376552103452,0.15207381211772053,255,127,descriptive_only; never used for ID projection,ok
/home/ubuntu/cogitao-research/checkpoints/cogitao_vit_cross_attention/cogitao_c1_experiment_3_vit6_function_mlp_cross_attention/run_000/last.ckpt,900674f94996e9b2f5190e7cd8bac4486d09332daaf131226f7f107123274de1,dfec9cbb2afe6616194c1fb41430c0c5d2bc4208,3,val,crop_bottom_side,rot90,rot90 -> crop_bottom_side,"pair (f,g): fgx=f(g(x)); task-token order [g,f] means g -> f",128,128,128,image_block_03,42,78000,256,256,0.01,2,"{""fixed_ranks"": [1, 2, 4, 8, 16, 32], ""variance_thresholds"": [0.9, 0.95]}",synthetic_context_on_atomic_id,g_given_f,k2,2,0.8554211189866271,0.6996579576948667,0.5167139623719768,0.9989143668757485,0.9978309646153045,0.2470819060947852,255,127,descriptive_only; never used for ID projection,ok
/home/ubuntu/cogitao-research/checkpoints/cogitao_vit_cross_attention/cogitao_c1_experiment_3_vit6_function_mlp_cross_attention/run_000/last.ckpt,900674f94996e9b2f5190e7cd8bac4486d09332daaf131226f7f107123274de1,dfec9cbb2afe6616194c1fb41430c0c5d2bc4208,3,val,crop_bottom_side,rot90,rot90 -> crop_bottom_side,"pair (f,g): fgx=f(g(x)); task-token order [g,f] means g -> f",128,128,128,image_block_03,42,78000,256,256,0.01,2,"{""fixed_ranks"": [1, 2, 4, 8, 16, 32], ""variance_thresholds"": [0.9, 0.95]}",synthetic_context_on_atomic_id,g_given_f,k4,4,0.7987103743912873,0.6228841368246705,0.4070480753774679,0.9945775688244192,0.9891935422391034,0.26561380288988434,255,127,descriptive_only; never used for ID projection,ok
/home/ubuntu/cogitao-research/checkpoints/cogitao_vit_cross_attention/cogitao_c1_experiment_3_vit6_function_mlp_cross_attention/run_000/last.ckpt,900674f94996e9b2f5190e7cd8bac4486d09332daaf131226f7f107123274de1,dfec9cbb2afe6616194c1fb41430c0c5d2bc4208,3,val,crop_bottom_side,rot90,rot90 -> crop_bottom_side,"pair (f,g): fgx=f(g(x)); task-token order [g,f] means g -> f",128,128,128,image_block_03,42,78000,256,256,0.01,2,"{""fixed_ranks"": [1, 2, 4, 8, 16, 32], ""variance_thresholds"": [0.9, 0.95]}",synthetic_context_on_atomic_id,g_given_f,k8,8,0.7175627916284499,0.5295331175767569,0.298042602365738,0.9926183061449105,0.9852993834996339,0.30605989510346293,255,127,descriptive_only; never used for ID projection,ok
/home/ubuntu/cogitao-research/checkpoints/cogitao_vit_cross_attention/cogitao_c1_experiment_3_vit6_function_mlp_cross_attention/run_000/last.ckpt,900674f94996e9b2f5190e7cd8bac4486d09332daaf131226f7f107123274de1,dfec9cbb2afe6616194c1fb41430c0c5d2bc4208,3,val,crop_bottom_side,rot90,rot90 -> crop_bottom_side,"pair (f,g): fgx=f(g(x)); task-token order [g,f] means g -> f",128,128,128,image_block_03,42,78000,256,256,0.01,2,"{""fixed_ranks"": [1, 2, 4, 8, 16, 32], ""variance_thresholds"": [0.9, 0.95]}",synthetic_context_on_atomic_id,g_given_f,k16,16,0.620347341694327,0.4487369422274956,0.21441739325309694,0.9814006767596001,0.9631698066985309,0.3320135098714776,255,127,descriptive_only; never used for ID projection,ok
/home/ubuntu/cogitao-research/checkpoints/cogitao_vit_cross_attention/cogitao_c1_experiment_3_vit6_function_mlp_cross_attention/run_000/last.ckpt,900674f94996e9b2f5190e7cd8bac4486d09332daaf131226f7f107123274de1,dfec9cbb2afe6616194c1fb41430c0c5d2bc4208,3,val,crop_bottom_side,rot90,rot90 -> crop_bottom_side,"pair (f,g): fgx=f(g(x)); task-token order [g,f] means g -> f",128,128,128,image_block_03,42,78000,256,256,0.01,2,"{""fixed_ranks"": [1, 2, 4, 8, 16, 32], ""variance_thresholds"": [0.9, 0.95]}",synthetic_context_on_atomic_id,g_given_f,k32,32,0.5068813755426369,0.3681056772819503,0.14405886674705282,0.9675903407413211,0.9362761875048229,0.3786762310420102,255,127,descriptive_only; never used for ID projection,ok
/home/ubuntu/cogitao-research/checkpoints/cogitao_vit_cross_attention/cogitao_c1_experiment_3_vit6_function_mlp_cross_attention/run_000/last.ckpt,900674f94996e9b2f5190e7cd8bac4486d09332daaf131226f7f107123274de1,dfec9cbb2afe6616194c1fb41430c0c5d2bc4208,3,val,crop_bottom_side,rot90,rot90 -> crop_bottom_side,"pair (f,g): fgx=f(g(x)); task-token order [g,f] means g -> f",128,128,128,image_block_03,42,78000,256,256,0.01,2,"{""fixed_ranks"": [1, 2, 4, 8, 16, 32], ""variance_thresholds"": [0.9, 0.95]}",synthetic_context_on_atomic_id,g_given_f,variance_0.9,34,0.4983429691223235,0.36215818260811006,0.13952748796961642,0.9625448028674257,0.9265699509027712,0.37426495248452124,255,127,descriptive_only; never used for ID projection,ok
/home/ubuntu/cogitao-research/checkpoints/cogitao_vit_cross_attention/cogitao_c1_experiment_3_vit6_function_mlp_cross_attention/run_000/last.ckpt,900674f94996e9b2f5190e7cd8bac4486d09332daaf131226f7f107123274de1,dfec9cbb2afe6616194c1fb41430c0c5d2bc4208,3,val,crop_bottom_side,rot90,rot90 -> crop_bottom_side,"pair (f,g): fgx=f(g(x)); task-token order [g,f] means g -> f",128,128,128,image_block_03,42,78000,256,256,0.01,2,"{""fixed_ranks"": [1, 2, 4, 8, 16, 32], ""variance_thresholds"": [0.9, 0.95]}",synthetic_context_on_atomic_id,g_given_f,variance_0.95,59,0.4162477389582001,0.3071646553941411,0.10030850784631368,0.9354760417867108,0.8752664379534534,0.4079086706588713,255,127,descriptive_only; never used for ID projection,ok
/home/ubuntu/cogitao-research/checkpoints/cogitao_vit_cross_attention/cogitao_c1_experiment_3_vit6_function_mlp_cross_attention/run_000/last.ckpt,900674f94996e9b2f5190e7cd8bac4486d09332daaf131226f7f107123274de1,dfec9cbb2afe6616194c1fb41430c0c5d2bc4208,3,val,crop_bottom_side,rot90,rot90 -> crop_bottom_side,"pair (f,g): fgx=f(g(x)); task-token order [g,f] means g -> f",128,128,128,image_block_04,42,78000,256,256,0.01,2,"{""fixed_ranks"": [1, 2, 4, 8, 16, 32], ""variance_thresholds"": [0.9, 0.95]}",synthetic_context_on_atomic_id,f_given_g,k1,1,0.9734651071390426,0.9716879864274819,0.9458521423251629,0.99874935532473,0.9975013738584999,0.8297813646883038,255,127,descriptive_only; never used for ID projection,ok
/home/ubuntu/cogitao-research/checkpoints/cogitao_vit_cross_attention/cogitao_c1_experiment_3_vit6_function_mlp_cross_attention/run_000/last.ckpt,900674f94996e9b2f5190e7cd8bac4486d09332daaf131226f7f107123274de1,dfec9cbb2afe6616194c1fb41430c0c5d2bc4208,3,val,crop_bottom_side,rot90,rot90 -> crop_bottom_side,"pair (f,g): fgx=f(g(x)); task-token order [g,f] means g -> f",128,128,128,image_block_04,42,78000,256,256,0.01,2,"{""fixed_ranks"": [1, 2, 4, 8, 16, 32], ""variance_thresholds"": [0.9, 0.95]}",synthetic_context_on_atomic_id,f_given_g,k2,2,0.9489115832484731,0.9375886280130544,0.8851169985660119,0.998369157139516,0.9967433028235467,0.1506482907538731,255,127,descriptive_only; never used for ID projection,ok
/home/ubuntu/cogitao-research/checkpoints/cogitao_vit_cross_attention/cogitao_c1_experiment_3_vit6_function_mlp_cross_attention/run_000/last.ckpt,900674f94996e9b2f5190e7cd8bac4486d09332daaf131226f7f107123274de1,dfec9cbb2afe6616194c1fb41430c0c5d2bc4208,3,val,crop_bottom_side,rot90,rot90 -> crop_bottom_side,"pair (f,g): fgx=f(g(x)); task-token order [g,f] means g -> f",128,128,128,image_block_04,42,78000,256,256,0.01,2,"{""fixed_ranks"": [1, 2, 4, 8, 16, 32], ""variance_thresholds"": [0.9, 0.95]}",synthetic_context_on_atomic_id,f_given_g,k4,4,0.8608400530043759,0.848938193206833,0.7265433944234683,0.997271785975459,0.9945553174094679,0.24995528170219397,255,127,descriptive_only; never used for ID projection,ok
/home/ubuntu/cogitao-research/checkpoints/cogitao_vit_cross_attention/cogitao_c1_experiment_3_vit6_function_mlp_cross_attention/run_000/last.ckpt,900674f94996e9b2f5190e7cd8bac4486d09332daaf131226f7f107123274de1,dfec9cbb2afe6616194c1fb41430c0c5d2bc4208,3,val,crop_bottom_side,rot90,rot90 -> crop_bottom_side,"pair (f,g): fgx=f(g(x)); task-token order [g,f] means g -> f",128,128,128,image_block_04,42,78000,256,256,0.01,2,"{""fixed_ranks"": [1, 2, 4, 8, 16, 32], ""variance_thresholds"": [0.9, 0.95]}",synthetic_context_on_atomic_id,f_given_g,k8,8,0.7806678337079556,0.7667807520296552,0.5929225140582411,0.9920162516205024,0.9841130399632372,0.3130844225458807,255,127,descriptive_only; never used for ID projection,ok
/home/ubuntu/cogitao-research/checkpoints/cogitao_vit_cross_attention/cogitao_c1_experiment_3_vit6_function_mlp_cross_attention/run_000/last.ckpt,900674f94996e9b2f5190e7cd8bac4486d09332daaf131226f7f107123274de1,dfec9cbb2afe6616194c1fb41430c0c5d2bc4208,3,val,crop_bottom_side,rot90,rot90 -> crop_bottom_side,"pair (f,g): fgx=f(g(x)); task-token order [g,f] means g -> f",128,128,128,image_block_04,42,78000,256,256,0.01,2,"{""fixed_ranks"": [1, 2, 4, 8, 16, 32], ""variance_thresholds"": [0.9, 0.95]}",synthetic_context_on_atomic_id,f_given_g,k16,16,0.5361206323501857,0.5351990176148855,0.2916484243985376,0.9863426693867895,0.9728911886353225,0.3777024121354194,255,127,descriptive_only; never used for ID projection,ok
/home/ubuntu/cogitao-research/checkpoints/cogitao_vit_cross_attention/cogitao_c1_experiment_3_vit6_function_mlp_cross_attention/run_000/last.ckpt,900674f94996e9b2f5190e7cd8bac4486d09332daaf131226f7f107123274de1,dfec9cbb2afe6616194c1fb41430c0c5d2bc4208,3,val,crop_bottom_side,rot90,rot90 -> crop_bottom_side,"pair (f,g): fgx=f(g(x)); task-token order [g,f] means g -> f",128,128,128,image_block_04,42,78000,256,256,0.01,2,"{""fixed_ranks"": [1, 2, 4, 8, 16, 32], ""variance_thresholds"": [0.9, 0.95]}",synthetic_context_on_atomic_id,f_given_g,k32,32,0.4454421474728306,0.4414670475701774,0.1992804486049402,0.9623803443929421,0.9262368705095543,0.38340208879785187,255,127,descriptive_only; never used for ID projection,ok
/home/ubuntu/cogitao-research/checkpoints/cogitao_vit_cross_attention/cogitao_c1_experiment_3_vit6_function_mlp_cross_attention/run_000/last.ckpt,900674f94996e9b2f5190e7cd8bac4486d09332daaf131226f7f107123274de1,dfec9cbb2afe6616194c1fb41430c0c5d2bc4208,3,val,crop_bottom_side,rot90,rot90 -> crop_bottom_side,"pair (f,g): fgx=f(g(x)); task-token order [g,f] means g -> f",128,128,128,image_block_04,42,78000,256,256,0.01,2,"{""fixed_ranks"": [1, 2, 4, 8, 16, 32], ""variance_thresholds"": [0.9, 0.95]}",synthetic_context_on_atomic_id,f_given_g,variance_0.9,52,0.3769069174496056,0.3722729177624015,0.14188209217589115,0.9419448975562933,0.8873279675994488,0.39115156997001094,255,127,descriptive_only; never used for ID projection,ok
/home/ubuntu/cogitao-research/checkpoints/cogitao_vit_cross_attention/cogitao_c1_experiment_3_vit6_function_mlp_cross_attention/run_000/last.ckpt,900674f94996e9b2f5190e7cd8bac4486d09332daaf131226f7f107123274de1,dfec9cbb2afe6616194c1fb41430c0c5d2bc4208,3,val,crop_bottom_side,rot90,rot90 -> crop_bottom_side,"pair (f,g): fgx=f(g(x)); task-token order [g,f] means g -> f",128,128,128,image_block_04,42,78000,256,256,0.01,2,"{""fixed_ranks"": [1, 2, 4, 8, 16, 32], ""variance_thresholds"": [0.9, 0.95]}",synthetic_context_on_atomic_id,f_given_g,variance_0.95,81,0.3196941846787542,0.3165486268509735,0.10294724466195335,0.9195284356687485,0.845626812561437,0.3997313210751806,255,127,descriptive_only; never used for ID projection,ok
/home/ubuntu/cogitao-research/checkpoints/cogitao_vit_cross_attention/cogitao_c1_experiment_3_vit6_function_mlp_cross_attention/run_000/last.ckpt,900674f94996e9b2f5190e7cd8bac4486d09332daaf131226f7f107123274de1,dfec9cbb2afe6616194c1fb41430c0c5d2bc4208,3,val,crop_bottom_side,rot90,rot90 -> crop_bottom_side,"pair (f,g): fgx=f(g(x)); task-token order [g,f] means g -> f",128,128,128,image_block_04,42,78000,256,256,0.01,2,"{""fixed_ranks"": [1, 2, 4, 8, 16, 32], ""variance_thresholds"": [0.9, 0.95]}",synthetic_context_on_atomic_id,g_given_f,k1,1,0.9529393510879398,0.7550780694961321,0.5925061619966596,0.9993835701654739,0.9987680888401254,0.09720045898150609,255,127,descriptive_only; never used for ID projection,ok
/home/ubuntu/cogitao-research/checkpoints/cogitao_vit_cross_attention/cogitao_c1_experiment_3_vit6_function_mlp_cross_attention/run_000/last.ckpt,900674f94996e9b2f5190e7cd8bac4486d09332daaf131226f7f107123274de1,dfec9cbb2afe6616194c1fb41430c0c5d2bc4208,3,val,crop_bottom_side,rot90,rot90 -> crop_bottom_side,"pair (f,g): fgx=f(g(x)); task-token order [g,f] means g -> f",128,128,128,image_block_04,42,78000,256,256,0.01,2,"{""fixed_ranks"": [1, 2, 4, 8, 16, 32], ""variance_thresholds"": [0.9, 0.95]}",synthetic_context_on_atomic_id,g_given_f,k2,2,0.8688271552153146,0.712983808326002,0.5320977084255923,0.9990525984430837,0.9981069615492555,0.5256464059707762,255,127,descriptive_only; never used for ID projection,ok
/home/ubuntu/cogitao-research/checkpoints/cogitao_vit_cross_attention/cogitao_c1_experiment_3_vit6_function_mlp_cross_attention/run_000/last.ckpt,900674f94996e9b2f5190e7cd8bac4486d09332daaf131226f7f107123274de1,dfec9cbb2afe6616194c1fb41430c0c5d2bc4208,3,val,crop_bottom_side,rot90,rot90 -> crop_bottom_side,"pair (f,g): fgx=f(g(x)); task-token order [g,f] means g -> f",128,128,128,image_block_04,42,78000,256,256,0.01,2,"{""fixed_ranks"": [1, 2, 4, 8, 16, 32], ""variance_thresholds"": [0.9, 0.95]}",synthetic_context_on_atomic_id,g_given_f,k4,4,0.8078248879250531,0.6342996393068953,0.4201084996336766,0.995393827712777,0.9908155087111141,0.2624812418314455,255,127,descriptive_only; never used for ID projection,ok
/home/ubuntu/cogitao-research/checkpoints/cogitao_vit_cross_attention/cogitao_c1_experiment_3_vit6_function_mlp_cross_attention/run_000/last.ckpt,900674f94996e9b2f5190e7cd8bac4486d09332daaf131226f7f107123274de1,dfec9cbb2afe6616194c1fb41430c0c5d2bc4208,3,val,crop_bottom_side,rot90,rot90 -> crop_bottom_side,"pair (f,g): fgx=f(g(x)); task-token order [g,f] means g -> f",128,128,128,image_block_04,42,78000,256,256,0.01,2,"{""fixed_ranks"": [1, 2, 4, 8, 16, 32], ""variance_thresholds"": [0.9, 0.95]}",synthetic_context_on_atomic_id,g_given_f,k8,8,0.743380016636112,0.5526204016029995,0.32292864778467956,0.9921474656963177,0.9843669004352424,0.3215054460803963,255,127,descriptive_only; never used for ID projection,ok
/home/ubuntu/cogitao-research/checkpoints/cogitao_vit_cross_attention/cogitao_c1_experiment_3_vit6_function_mlp_cross_attention/run_000/last.ckpt,900674f94996e9b2f5190e7cd8bac4486d09332daaf131226f7f107123274de1,dfec9cbb2afe6616194c1fb41430c0c5d2bc4208,3,val,crop_bottom_side,rot90,rot90 -> crop_bottom_side,"pair (f,g): fgx=f(g(x)); task-token order [g,f] means g -> f",128,128,128,image_block_04,42,78000,256,256,0.01,2,"{""fixed_ranks"": [1, 2, 4, 8, 16, 32], ""variance_thresholds"": [0.9, 0.95]}",synthetic_context_on_atomic_id,g_given_f,k16,16,0.6456147061174756,0.48056441367322106,0.24452968789056265,0.9845432662888106,0.9693473921263815,0.3879309605930952,255,127,descriptive_only; never used for ID projection,ok
/home/ubuntu/cogitao-research/checkpoints/cogitao_vit_cross_attention/cogitao_c1_experiment_3_vit6_function_mlp_cross_attention/run_000/last.ckpt,900674f94996e9b2f5190e7cd8bac4486d09332daaf131226f7f107123274de1,dfec9cbb2afe6616194c1fb41430c0c5d2bc4208,3,val,crop_bottom_side,rot90,rot90 -> crop_bottom_side,"pair (f,g): fgx=f(g(x)); task-token order [g,f] means g -> f",128,128,128,image_block_04,42,78000,256,256,0.01,2,"{""fixed_ranks"": [1, 2, 4, 8, 16, 32], ""variance_thresholds"": [0.9, 0.95]}",synthetic_context_on_atomic_id,g_given_f,k32,32,0.5379941506125125,0.3991901739566003,0.16887715690733218,0.9623870147374013,0.9262419979311036,0.3941594436938767,255,127,descriptive_only; never used for ID projection,ok
/home/ubuntu/cogitao-research/checkpoints/cogitao_vit_cross_attention/cogitao_c1_experiment_3_vit6_function_mlp_cross_attention/run_000/last.ckpt,900674f94996e9b2f5190e7cd8bac4486d09332daaf131226f7f107123274de1,dfec9cbb2afe6616194c1fb41430c0c5d2bc4208,3,val,crop_bottom_side,rot90,rot90 -> crop_bottom_side,"pair (f,g): fgx=f(g(x)); task-token order [g,f] means g -> f",128,128,128,image_block_04,42,78000,256,256,0.01,2,"{""fixed_ranks"": [1, 2, 4, 8, 16, 32], ""variance_thresholds"": [0.9, 0.95]}",synthetic_context_on_atomic_id,g_given_f,variance_0.9,39,0.507244691992726,0.3783658416840692,0.15146290335964166,0.9587886709805542,0.9193282684400439,0.4100501331280531,255,127,descriptive_only; never used for ID projection,ok
/home/ubuntu/cogitao-research/checkpoints/cogitao_vit_cross_attention/cogitao_c1_experiment_3_vit6_function_mlp_cross_attention/run_000/last.ckpt,900674f94996e9b2f5190e7cd8bac4486d09332daaf131226f7f107123274de1,dfec9cbb2afe6616194c1fb41430c0c5d2bc4208,3,val,crop_bottom_side,rot90,rot90 -> crop_bottom_side,"pair (f,g): fgx=f(g(x)); task-token order [g,f] means g -> f",128,128,128,image_block_04,42,78000,256,256,0.01,2,"{""fixed_ranks"": [1, 2, 4, 8, 16, 32], ""variance_thresholds"": [0.9, 0.95]}",synthetic_context_on_atomic_id,g_given_f,variance_0.95,66,0.43085024349639645,0.3249906418510167,0.11183066093815242,0.9376399926387815,0.8792739580652713,0.4308538421756674,255,127,descriptive_only; never used for ID projection,ok
/home/ubuntu/cogitao-research/checkpoints/cogitao_vit_cross_attention/cogitao_c1_experiment_3_vit6_function_mlp_cross_attention/run_000/last.ckpt,900674f94996e9b2f5190e7cd8bac4486d09332daaf131226f7f107123274de1,dfec9cbb2afe6616194c1fb41430c0c5d2bc4208,3,val,crop_bottom_side,rot90,rot90 -> crop_bottom_side,"pair (f,g): fgx=f(g(x)); task-token order [g,f] means g -> f",128,128,128,image_block_05,42,78000,256,256,0.01,2,"{""fixed_ranks"": [1, 2, 4, 8, 16, 32], ""variance_thresholds"": [0.9, 0.95]}",synthetic_context_on_atomic_id,f_given_g,k1,1,0.9745211904546092,0.9706663204579363,0.9438342227838172,0.9983462316124921,0.9966969299135126,0.696923246107938,255,127,descriptive_only; never used for ID projection,ok
/home/ubuntu/cogitao-research/checkpoints/cogitao_vit_cross_attention/cogitao_c1_experiment_3_vit6_function_mlp_cross_attention/run_000/last.ckpt,900674f94996e9b2f5190e7cd8bac4486d09332daaf131226f7f107123274de1,dfec9cbb2afe6616194c1fb41430c0c5d2bc4208,3,val,crop_bottom_side,rot90,rot90 -> crop_bottom_side,"pair (f,g): fgx=f(g(x)); task-token order [g,f] means g -> f",128,128,128,image_block_05,42,78000,256,256,0.01,2,"{""fixed_ranks"": [1, 2, 4, 8, 16, 32], ""variance_thresholds"": [0.9, 0.95]}",synthetic_context_on_atomic_id,f_given_g,k2,2,0.9515501503727293,0.9401888759607986,0.8893292215440955,0.9979723941193702,0.995951364270661,0.5811964660234337,255,127,descriptive_only; never used for ID projection,ok
/home/ubuntu/cogitao-research/checkpoints/cogitao_vit_cross_attention/cogitao_c1_experiment_3_vit6_function_mlp_cross_attention/run_000/last.ckpt,900674f94996e9b2f5190e7cd8bac4486d09332daaf131226f7f107123274de1,dfec9cbb2afe6616194c1fb41430c0c5d2bc4208,3,val,crop_bottom_side,rot90,rot90 -> crop_bottom_side,"pair (f,g): fgx=f(g(x)); task-token order [g,f] means g -> f",128,128,128,image_block_05,42,78000,256,256,0.01,2,"{""fixed_ranks"": [1, 2, 4, 8, 16, 32], ""variance_thresholds"": [0.9, 0.95]}",synthetic_context_on_atomic_id,f_given_g,k4,4,0.8448923000743851,0.8344576355655778,0.7021162202014278,0.9966366744569104,0.9932889910216935,0.26929770738629355,255,127,descriptive_only; never used for ID projection,ok
/home/ubuntu/cogitao-research/checkpoints/cogitao_vit_cross_attention/cogitao_c1_experiment_3_vit6_function_mlp_cross_attention/run_000/last.ckpt,900674f94996e9b2f5190e7cd8bac4486d09332daaf131226f7f107123274de1,dfec9cbb2afe6616194c1fb41430c0c5d2bc4208,3,val,crop_bottom_side,rot90,rot90 -> crop_bottom_side,"pair (f,g): fgx=f(g(x)); task-token order [g,f] means g -> f",128,128,128,image_block_05,42,78000,256,256,0.01,2,"{""fixed_ranks"": [1, 2, 4, 8, 16, 32], ""variance_thresholds"": [0.9, 0.95]}",synthetic_context_on_atomic_id,f_given_g,k8,8,0.7879372920270568,0.7783635989497966,0.6108343229788532,0.9925985478568686,0.9852641375166056,0.35989348480619404,255,127,descriptive_only; never used for ID projection,ok
/home/ubuntu/cogitao-research/checkpoints/cogitao_vit_cross_attention/cogitao_c1_experiment_3_vit6_function_mlp_cross_attention/run_000/last.ckpt,900674f94996e9b2f5190e7cd8bac4486d09332daaf131226f7f107123274de1,dfec9cbb2afe6616194c1fb41430c0c5d2bc4208,3,val,crop_bottom_side,rot90,rot90 -> crop_bottom_side,"pair (f,g): fgx=f(g(x)); task-token order [g,f] means g -> f",128,128,128,image_block_05,42,78000,256,256,0.01,2,"{""fixed_ranks"": [1, 2, 4, 8, 16, 32], ""variance_thresholds"": [0.9, 0.95]}",synthetic_context_on_atomic_id,f_given_g,k16,16,0.5735272063424023,0.568935100871703,0.32841345221961754,0.9872651926209066,0.9747074587309299,0.3865787601106945,255,127,descriptive_only; never used for ID projection,ok
/home/ubuntu/cogitao-research/checkpoints/cogitao_vit_cross_attention/cogitao_c1_experiment_3_vit6_function_mlp_cross_attention/run_000/last.ckpt,900674f94996e9b2f5190e7cd8bac4486d09332daaf131226f7f107123274de1,dfec9cbb2afe6616194c1fb41430c0c5d2bc4208,3,val,crop_bottom_side,rot90,rot90 -> crop_bottom_side,"pair (f,g): fgx=f(g(x)); task-token order [g,f] means g -> f",128,128,128,image_block_05,42,78000,256,256,0.01,2,"{""fixed_ranks"": [1, 2, 4, 8, 16, 32], ""variance_thresholds"": [0.9, 0.95]}",synthetic_context_on_atomic_id,f_given_g,k32,32,0.4659437860434176,0.46037918385840226,0.21756471238424702,0.9581097639782556,0.9180439704162426,0.41185835803947163,255,127,descriptive_only; never used for ID projection,ok
/home/ubuntu/cogitao-research/checkpoints/cogitao_vit_cross_attention/cogitao_c1_experiment_3_vit6_function_mlp_cross_attention/run_000/last.ckpt,900674f94996e9b2f5190e7cd8bac4486d09332daaf131226f7f107123274de1,dfec9cbb2afe6616194c1fb41430c0c5d2bc4208,3,val,crop_bottom_side,rot90,rot90 -> crop_bottom_side,"pair (f,g): fgx=f(g(x)); task-token order [g,f] means g -> f",128,128,128,image_block_05,42,78000,256,256,0.01,2,"{""fixed_ranks"": [1, 2, 4, 8, 16, 32], ""variance_thresholds"": [0.9, 0.95]}",synthetic_context_on_atomic_id,f_given_g,variance_0.9,58,0.38818529098687293,0.38250935104682293,0.15063117630416697,0.943231654780502,0.8897829708506,0.42378906763612556,255,127,descriptive_only; never used for ID projection,ok
/home/ubuntu/cogitao-research/checkpoints/cogitao_vit_cross_attention/cogitao_c1_experiment_3_vit6_function_mlp_cross_attention/run_000/last.ckpt,900674f94996e9b2f5190e7cd8bac4486d09332daaf131226f7f107123274de1,dfec9cbb2afe6616194c1fb41430c0c5d2bc4208,3,val,crop_bottom_side,rot90,rot90 -> crop_bottom_side,"pair (f,g): fgx=f(g(x)); task-token order [g,f] means g -> f",128,128,128,image_block_05,42,78000,256,256,0.01,2,"{""fixed_ranks"": [1, 2, 4, 8, 16, 32], ""variance_thresholds"": [0.9, 0.95]}",synthetic_context_on_atomic_id,f_given_g,variance_0.95,89,0.33367359438070066,0.3277858499989588,0.11067569360171099,0.8979549173919854,0.8064508081583963,0.42617448458536994,255,127,descriptive_only; never used for ID projection,ok
/home/ubuntu/cogitao-research/checkpoints/cogitao_vit_cross_attention/cogitao_c1_experiment_3_vit6_function_mlp_cross_attention/run_000/last.ckpt,900674f94996e9b2f5190e7cd8bac4486d09332daaf131226f7f107123274de1,dfec9cbb2afe6616194c1fb41430c0c5d2bc4208,3,val,crop_bottom_side,rot90,rot90 -> crop_bottom_side,"pair (f,g): fgx=f(g(x)); task-token order [g,f] means g -> f",128,128,128,image_block_05,42,78000,256,256,0.01,2,"{""fixed_ranks"": [1, 2, 4, 8, 16, 32], ""variance_thresholds"": [0.9, 0.95]}",synthetic_context_on_atomic_id,g_given_f,k1,1,0.9602392421379717,0.7782788621858463,0.6244309018011394,0.9989000863489317,0.9978029992796252,0.13758056368444982,255,127,descriptive_only; never used for ID projection,ok
/home/ubuntu/cogitao-research/checkpoints/cogitao_vit_cross_attention/cogitao_c1_experiment_3_vit6_function_mlp_cross_attention/run_000/last.ckpt,900674f94996e9b2f5190e7cd8bac4486d09332daaf131226f7f107123274de1,dfec9cbb2afe6616194c1fb41430c0c5d2bc4208,3,val,crop_bottom_side,rot90,rot90 -> crop_bottom_side,"pair (f,g): fgx=f(g(x)); task-token order [g,f] means g -> f",128,128,128,image_block_05,42,78000,256,256,0.01,2,"{""fixed_ranks"": [1, 2, 4, 8, 16, 32], ""variance_thresholds"": [0.9, 0.95]}",synthetic_context_on_atomic_id,g_given_f,k2,2,0.8980211009280072,0.7404762251678922,0.5659796880747747,0.9988668614695613,0.9977359649096595,0.3937844927318109,255,127,descriptive_only; never used for ID projection,ok
/home/ubuntu/cogitao-research/checkpoints/cogitao_vit_cross_attention/cogitao_c1_experiment_3_vit6_function_mlp_cross_attention/run_000/last.ckpt,900674f94996e9b2f5190e7cd8bac4486d09332daaf131226f7f107123274de1,dfec9cbb2afe6616194c1fb41430c0c5d2bc4208,3,val,crop_bottom_side,rot90,rot90 -> crop_bottom_side,"pair (f,g): fgx=f(g(x)); task-token order [g,f] means g -> f",128,128,128,image_block_05,42,78000,256,256,0.01,2,"{""fixed_ranks"": [1, 2, 4, 8, 16, 32], ""variance_thresholds"": [0.9, 0.95]}",synthetic_context_on_atomic_id,g_given_f,k4,4,0.831598627353654,0.6671174247319482,0.45897711054031787,0.9952115789578158,0.9904511565074756,0.3544357199030333,255,127,descriptive_only; never used for ID projection,ok
/home/ubuntu/cogitao-research/checkpoints/cogitao_vit_cross_attention/cogitao_c1_experiment_3_vit6_function_mlp_cross_attention/run_000/last.ckpt,900674f94996e9b2f5190e7cd8bac4486d09332daaf131226f7f107123274de1,dfec9cbb2afe6616194c1fb41430c0c5d2bc4208,3,val,crop_bottom_side,rot90,rot90 -> crop_bottom_side,"pair (f,g): fgx=f(g(x)); task-token order [g,f] means g -> f",128,128,128,image_block_05,42,78000,256,256,0.01,2,"{""fixed_ranks"": [1, 2, 4, 8, 16, 32], ""variance_thresholds"": [0.9, 0.95]}",synthetic_context_on_atomic_id,g_given_f,k8,8,0.7394894340053197,0.5655912674838222,0.3321929585520536,0.9926682579869667,0.9854006464435605,0.2818214107258097,255,127,descriptive_only; never used for ID projection,ok
/home/ubuntu/cogitao-research/checkpoints/cogitao_vit_cross_attention/cogitao_c1_experiment_3_vit6_function_mlp_cross_attention/run_000/last.ckpt,900674f94996e9b2f5190e7cd8bac4486d09332daaf131226f7f107123274de1,dfec9cbb2afe6616194c1fb41430c0c5d2bc4208,3,val,crop_bottom_side,rot90,rot90 -> crop_bottom_side,"pair (f,g): fgx=f(g(x)); task-token order [g,f] means g -> f",128,128,128,image_block_05,42,78000,256,256,0.01,2,"{""fixed_ranks"": [1, 2, 4, 8, 16, 32], ""variance_thresholds"": [0.9, 0.95]}",synthetic_context_on_atomic_id,g_given_f,k16,16,0.6403878786325958,0.4994583292029799,0.2608697842450962,0.9856274035150405,0.9714816489864204,0.39755357797271174,255,127,descriptive_only; never used for ID projection,ok
/home/ubuntu/cogitao-research/checkpoints/cogitao_vit_cross_attention/cogitao_c1_experiment_3_vit6_function_mlp_cross_attention/run_000/last.ckpt,900674f94996e9b2f5190e7cd8bac4486d09332daaf131226f7f107123274de1,dfec9cbb2afe6616194c1fb41430c0c5d2bc4208,3,val,crop_bottom_side,rot90,rot90 -> crop_bottom_side,"pair (f,g): fgx=f(g(x)); task-token order [g,f] means g -> f",128,128,128,image_block_05,42,78000,256,256,0.01,2,"{""fixed_ranks"": [1, 2, 4, 8, 16, 32], ""variance_thresholds"": [0.9, 0.95]}",synthetic_context_on_atomic_id,g_given_f,k32,32,0.5259519951082394,0.41043429712572904,0.17678243012987724,0.9617841624797862,0.9251019901654838,0.38765026726977503,255,127,descriptive_only; never used for ID projection,ok
/home/ubuntu/cogitao-research/checkpoints/cogitao_vit_cross_attention/cogitao_c1_experiment_3_vit6_function_mlp_cross_attention/run_000/last.ckpt,900674f94996e9b2f5190e7cd8bac4486d09332daaf131226f7f107123274de1,dfec9cbb2afe6616194c1fb41430c0c5d2bc4208,3,val,crop_bottom_side,rot90,rot90 -> crop_bottom_side,"pair (f,g): fgx=f(g(x)); task-token order [g,f] means g -> f",128,128,128,image_block_05,42,78000,256,256,0.01,2,"{""fixed_ranks"": [1, 2, 4, 8, 16, 32], ""variance_thresholds"": [0.9, 0.95]}",synthetic_context_on_atomic_id,g_given_f,variance_0.9,42,0.47996514922263295,0.3810862707141135,0.15216847682432028,0.9592728929653408,0.9202502266660942,0.3989301116131384,255,127,descriptive_only; never used for ID projection,ok
/home/ubuntu/cogitao-research/checkpoints/cogitao_vit_cross_attention/cogitao_c1_experiment_3_vit6_function_mlp_cross_attention/run_000/last.ckpt,900674f94996e9b2f5190e7cd8bac4486d09332daaf131226f7f107123274de1,dfec9cbb2afe6616194c1fb41430c0c5d2bc4208,3,val,crop_bottom_side,rot90,rot90 -> crop_bottom_side,"pair (f,g): fgx=f(g(x)); task-token order [g,f] means g -> f",128,128,128,image_block_05,42,78000,256,256,0.01,2,"{""fixed_ranks"": [1, 2, 4, 8, 16, 32], ""variance_thresholds"": [0.9, 0.95]}",synthetic_context_on_atomic_id,g_given_f,variance_0.95,69,0.40403622918004456,0.3225122634117925,0.10879002469116053,0.9278773878968989,0.8610416577894462,0.4168021486950509,255,127,descriptive_only; never used for ID projection,ok
/home/ubuntu/cogitao-research/checkpoints/cogitao_vit_cross_attention/cogitao_c1_experiment_3_vit6_function_mlp_cross_attention/run_000/last.ckpt,900674f94996e9b2f5190e7cd8bac4486d09332daaf131226f7f107123274de1,dfec9cbb2afe6616194c1fb41430c0c5d2bc4208,3,val,crop_bottom_side,rot90,rot90 -> crop_bottom_side,"pair (f,g): fgx=f(g(x)); task-token order [g,f] means g -> f",128,128,128,image_block_06,42,78000,256,256,0.01,2,"{""fixed_ranks"": [1, 2, 4, 8, 16, 32], ""variance_thresholds"": [0.9, 0.95]}",synthetic_context_on_atomic_id,f_given_g,k1,1,0.964736942615619,0.9677748262507622,0.9376270636718744,0.9988838766927957,0.9977701108889183,0.5068729774154057,255,127,descriptive_only; never used for ID projection,ok
/home/ubuntu/cogitao-research/checkpoints/cogitao_vit_cross_attention/cogitao_c1_experiment_3_vit6_function_mlp_cross_attention/run_000/last.ckpt,900674f94996e9b2f5190e7cd8bac4486d09332daaf131226f7f107123274de1,dfec9cbb2afe6616194c1fb41430c0c5d2bc4208,3,val,crop_bottom_side,rot90,rot90 -> crop_bottom_side,"pair (f,g): fgx=f(g(x)); task-token order [g,f] means g -> f",128,128,128,image_block_06,42,78000,256,256,0.01,2,"{""fixed_ranks"": [1, 2, 4, 8, 16, 32], ""variance_thresholds"": [0.9, 0.95]}",synthetic_context_on_atomic_id,f_given_g,k2,2,0.9514947505146136,0.9490548487100818,0.9028133675963612,0.9983046730894118,0.9966151387584287,0.5571814086093957,255,127,descriptive_only; never used for ID projection,ok
/home/ubuntu/cogitao-research/checkpoints/cogitao_vit_cross_attention/cogitao_c1_experiment_3_vit6_function_mlp_cross_attention/run_000/last.ckpt,900674f94996e9b2f5190e7cd8bac4486d09332daaf131226f7f107123274de1,dfec9cbb2afe6616194c1fb41430c0c5d2bc4208,3,val,crop_bottom_side,rot90,rot90 -> crop_bottom_side,"pair (f,g): fgx=f(g(x)); task-token order [g,f] means g -> f",128,128,128,image_block_06,42,78000,256,256,0.01,2,"{""fixed_ranks"": [1, 2, 4, 8, 16, 32], ""variance_thresholds"": [0.9, 0.95]}",synthetic_context_on_atomic_id,f_given_g,k4,4,0.9259252049798192,0.9220758381586833,0.8525065336505389,0.9973773839492901,0.9947655184620373,0.4413710742568837,255,127,descriptive_only; never used for ID projection,ok
/home/ubuntu/cogitao-research/checkpoints/cogitao_vit_cross_attention/cogitao_c1_experiment_3_vit6_function_mlp_cross_attention/run_000/last.ckpt,900674f94996e9b2f5190e7cd8bac4486d09332daaf131226f7f107123274de1,dfec9cbb2afe6616194c1fb41430c0c5d2bc4208,3,val,crop_bottom_side,rot90,rot90 -> crop_bottom_side,"pair (f,g): fgx=f(g(x)); task-token order [g,f] means g -> f",128,128,128,image_block_06,42,78000,256,256,0.01,2,"{""fixed_ranks"": [1, 2, 4, 8, 16, 32], ""variance_thresholds"": [0.9, 0.95]}",synthetic_context_on_atomic_id,f_given_g,k8,8,0.8397872780416045,0.8355079828233538,0.7023046679104457,0.990604718157114,0.9813097434826099,0.34975181542071965,255,127,descriptive_only; never used for ID projection,ok
/home/ubuntu/cogitao-research/checkpoints/cogitao_vit_cross_attention/cogitao_c1_experiment_3_vit6_function_mlp_cross_attention/run_000/last.ckpt,900674f94996e9b2f5190e7cd8bac4486d09332daaf131226f7f107123274de1,dfec9cbb2afe6616194c1fb41430c0c5d2bc4208,3,val,crop_bottom_side,rot90,rot90 -> crop_bottom_side,"pair (f,g): fgx=f(g(x)); task-token order [g,f] means g -> f",128,128,128,image_block_06,42,78000,256,256,0.01,2,"{""fixed_ranks"": [1, 2, 4, 8, 16, 32], ""variance_thresholds"": [0.9, 0.95]}",synthetic_context_on_atomic_id,f_given_g,k16,16,0.7361057492173018,0.7344149679109129,0.5433002267935438,0.9886936428342161,0.9775283429062458,0.3838499043132968,255,127,descriptive_only; never used for ID projection,ok
/home/ubuntu/cogitao-research/checkpoints/cogitao_vit_cross_attention/cogitao_c1_experiment_3_vit6_function_mlp_cross_attention/run_000/last.ckpt,900674f94996e9b2f5190e7cd8bac4486d09332daaf131226f7f107123274de1,dfec9cbb2afe6616194c1fb41430c0c5d2bc4208,3,val,crop_bottom_side,rot90,rot90 -> crop_bottom_side,"pair (f,g): fgx=f(g(x)); task-token order [g,f] means g -> f",128,128,128,image_block_06,42,78000,256,256,0.01,2,"{""fixed_ranks"": [1, 2, 4, 8, 16, 32], ""variance_thresholds"": [0.9, 0.95]}",synthetic_context_on_atomic_id,f_given_g,k32,32,0.6005409674304614,0.5993164575680598,0.36294032901464657,0.9548851051300978,0.9119385936228923,0.41576928202592944,255,127,descriptive_only; never used for ID projection,ok
/home/ubuntu/cogitao-research/checkpoints/cogitao_vit_cross_attention/cogitao_c1_experiment_3_vit6_function_mlp_cross_attention/run_000/last.ckpt,900674f94996e9b2f5190e7cd8bac4486d09332daaf131226f7f107123274de1,dfec9cbb2afe6616194c1fb41430c0c5d2bc4208,3,val,crop_bottom_side,rot90,rot90 -> crop_bottom_side,"pair (f,g): fgx=f(g(x)); task-token order [g,f] means g -> f",128,128,128,image_block_06,42,78000,256,256,0.01,2,"{""fixed_ranks"": [1, 2, 4, 8, 16, 32], ""variance_thresholds"": [0.9, 0.95]}",synthetic_context_on_atomic_id,f_given_g,variance_0.9,57,0.4887453494252251,0.48521062075174554,0.23836110983254966,0.9497204215070089,0.9020303861616026,0.4210583739338071,255,127,descriptive_only; never used for ID projection,ok
/home/ubuntu/cogitao-research/checkpoints/cogitao_vit_cross_attention/cogitao_c1_experiment_3_vit6_function_mlp_cross_attention/run_000/last.ckpt,900674f94996e9b2f5190e7cd8bac4486d09332daaf131226f7f107123274de1,dfec9cbb2afe6616194c1fb41430c0c5d2bc4208,3,val,crop_bottom_side,rot90,rot90 -> crop_bottom_side,"pair (f,g): fgx=f(g(x)); task-token order [g,f] means g -> f",128,128,128,image_block_06,42,78000,256,256,0.01,2,"{""fixed_ranks"": [1, 2, 4, 8, 16, 32], ""variance_thresholds"": [0.9, 0.95]}",synthetic_context_on_atomic_id,f_given_g,variance_0.95,88,0.42121404968293835,0.4171222946481743,0.17636232079998948,0.9121891296602558,0.8321927102016297,0.4257140754060693,255,127,descriptive_only; never used for ID projection,ok
/home/ubuntu/cogitao-research/checkpoints/cogitao_vit_cross_attention/cogitao_c1_experiment_3_vit6_function_mlp_cross_attention/run_000/last.ckpt,900674f94996e9b2f5190e7cd8bac4486d09332daaf131226f7f107123274de1,dfec9cbb2afe6616194c1fb41430c0c5d2bc4208,3,val,crop_bottom_side,rot90,rot90 -> crop_bottom_side,"pair (f,g): fgx=f(g(x)); task-token order [g,f] means g -> f",128,128,128,image_block_06,42,78000,256,256,0.01,2,"{""fixed_ranks"": [1, 2, 4, 8, 16, 32], ""variance_thresholds"": [0.9, 0.95]}",synthetic_context_on_atomic_id,g_given_f,k1,1,0.9480941182993041,0.7378030032393653,0.5674312649529867,0.9991002492223269,0.9982021463587425,0.0452802763379786,255,127,descriptive_only; never used for ID projection,ok
/home/ubuntu/cogitao-research/checkpoints/cogitao_vit_cross_attention/cogitao_c1_experiment_3_vit6_function_mlp_cross_attention/run_000/last.ckpt,900674f94996e9b2f5190e7cd8bac4486d09332daaf131226f7f107123274de1,dfec9cbb2afe6616194c1fb41430c0c5d2bc4208,3,val,crop_bottom_side,rot90,rot90 -> crop_bottom_side,"pair (f,g): fgx=f(g(x)); task-token order [g,f] means g -> f",128,128,128,image_block_06,42,78000,256,256,0.01,2,"{""fixed_ranks"": [1, 2, 4, 8, 16, 32], ""variance_thresholds"": [0.9, 0.95]}",synthetic_context_on_atomic_id,g_given_f,k2,2,0.8992497285560636,0.6952594138153414,0.504281745741566,0.9983828795121215,0.9967700582458253,0.3657934380245644,255,127,descriptive_only; never used for ID projection,ok
/home/ubuntu/cogitao-research/checkpoints/cogitao_vit_cross_attention/cogitao_c1_experiment_3_vit6_function_mlp_cross_attention/run_000/last.ckpt,900674f94996e9b2f5190e7cd8bac4486d09332daaf131226f7f107123274de1,dfec9cbb2afe6616194c1fb41430c0c5d2bc4208,3,val,crop_bottom_side,rot90,rot90 -> crop_bottom_side,"pair (f,g): fgx=f(g(x)); task-token order [g,f] means g -> f",128,128,128,image_block_06,42,78000,256,256,0.01,2,"{""fixed_ranks"": [1, 2, 4, 8, 16, 32], ""variance_thresholds"": [0.9, 0.95]}",synthetic_context_on_atomic_id,g_given_f,k4,4,0.8205442657890416,0.6173745967176727,0.3985058440621448,0.9960493129358222,0.9921185168122499,0.3408070204979051,255,127,descriptive_only; never used for ID projection,ok
/home/ubuntu/cogitao-research/checkpoints/cogitao_vit_cross_attention/cogitao_c1_experiment_3_vit6_function_mlp_cross_attention/run_000/last.ckpt,900674f94996e9b2f5190e7cd8bac4486d09332daaf131226f7f107123274de1,dfec9cbb2afe6616194c1fb41430c0c5d2bc4208,3,val,crop_bottom_side,rot90,rot90 -> crop_bottom_side,"pair (f,g): fgx=f(g(x)); task-token order [g,f] means g -> f",128,128,128,image_block_06,42,78000,256,256,0.01,2,"{""fixed_ranks"": [1, 2, 4, 8, 16, 32], ""variance_thresholds"": [0.9, 0.95]}",synthetic_context_on_atomic_id,g_given_f,k8,8,0.6997119490524827,0.5392176134180373,0.3048581826042421,0.9924974308477882,0.9850626798724291,0.3241738581785677,255,127,descriptive_only; never used for ID projection,ok
/home/ubuntu/cogitao-research/checkpoints/cogitao_vit_cross_attention/cogitao_c1_experiment_3_vit6_function_mlp_cross_attention/run_000/last.ckpt,900674f94996e9b2f5190e7cd8bac4486d09332daaf131226f7f107123274de1,dfec9cbb2afe6616194c1fb41430c0c5d2bc4208,3,val,crop_bottom_side,rot90,rot90 -> crop_bottom_side,"pair (f,g): fgx=f(g(x)); task-token order [g,f] means g -> f",128,128,128,image_block_06,42,78000,256,256,0.01,2,"{""fixed_ranks"": [1, 2, 4, 8, 16, 32], ""variance_thresholds"": [0.9, 0.95]}",synthetic_context_on_atomic_id,g_given_f,k16,16,0.6112249154062535,0.46382785156093576,0.22813734285310705,0.9893860533599514,0.9789042406068993,0.37367501591134356,255,127,descriptive_only; never used for ID projection,ok
/home/ubuntu/cogitao-research/checkpoints/cogitao_vit_cross_attention/cogitao_c1_experiment_3_vit6_function_mlp_cross_attention/run_000/last.ckpt,900674f94996e9b2f5190e7cd8bac4486d09332daaf131226f7f107123274de1,dfec9cbb2afe6616194c1fb41430c0c5d2bc4208,3,val,crop_bottom_side,rot90,rot90 -> crop_bottom_side,"pair (f,g): fgx=f(g(x)); task-token order [g,f] means g -> f",128,128,128,image_block_06,42,78000,256,256,0.01,2,"{""fixed_ranks"": [1, 2, 4, 8, 16, 32], ""variance_thresholds"": [0.9, 0.95]}",synthetic_context_on_atomic_id,g_given_f,k32,32,0.510024889492364,0.390346721055132,0.16336905286822254,0.9560558044613987,0.9141932966113253,0.3955786152245966,255,127,descriptive_only; never used for ID projection,ok
/home/ubuntu/cogitao-research/checkpoints/cogitao_vit_cross_attention/cogitao_c1_experiment_3_vit6_function_mlp_cross_attention/run_000/last.ckpt,900674f94996e9b2f5190e7cd8bac4486d09332daaf131226f7f107123274de1,dfec9cbb2afe6616194c1fb41430c0c5d2bc4208,3,val,crop_bottom_side,rot90,rot90 -> crop_bottom_side,"pair (f,g): fgx=f(g(x)); task-token order [g,f] means g -> f",128,128,128,image_block_06,42,78000,256,256,0.01,2,"{""fixed_ranks"": [1, 2, 4, 8, 16, 32], ""variance_thresholds"": [0.9, 0.95]}",synthetic_context_on_atomic_id,g_given_f,variance_0.9,37,0.4814650392498487,0.37490057847884384,0.15082081383573076,0.9678428926332566,0.9367668906952532,0.3989807208392203,255,127,descriptive_only; never used for ID projection,ok
/home/ubuntu/cogitao-research/checkpoints/cogitao_vit_cross_attention/cogitao_c1_experiment_3_vit6_function_mlp_cross_attention/run_000/last.ckpt,900674f94996e9b2f5190e7cd8bac4486d09332daaf131226f7f107123274de1,dfec9cbb2afe6616194c1fb41430c0c5d2bc4208,3,val,crop_bottom_side,rot90,rot90 -> crop_bottom_side,"pair (f,g): fgx=f(g(x)); task-token order [g,f] means g -> f",128,128,128,image_block_06,42,78000,256,256,0.01,2,"{""fixed_ranks"": [1, 2, 4, 8, 16, 32], ""variance_thresholds"": [0.9, 0.95]}",synthetic_context_on_atomic_id,g_given_f,variance_0.95,63,0.3973924287365549,0.3142811538851239,0.10601342408004294,0.9396161514669348,0.8829497398033376,0.4117021398210726,255,127,descriptive_only; never used for ID projection,ok
/home/ubuntu/cogitao-research/checkpoints/cogitao_vit_cross_attention/cogitao_c1_experiment_3_vit6_function_mlp_cross_attention/run_000/last.ckpt,900674f94996e9b2f5190e7cd8bac4486d09332daaf131226f7f107123274de1,dfec9cbb2afe6616194c1fb41430c0c5d2bc4208,3,val,crop_bottom_side,rot90,rot90 -> crop_bottom_side,"pair (f,g): fgx=f(g(x)); task-token order [g,f] means g -> f",128,128,128,image_final_norm,42,78000,256,256,0.01,2,"{""fixed_ranks"": [1, 2, 4, 8, 16, 32], ""variance_thresholds"": [0.9, 0.95]}",synthetic_context_on_atomic_id,f_given_g,k1,1,0.9634933649368201,0.9660656772022346,0.9342794824481814,0.9988129355356458,0.9976285942447896,0.4961781932607976,255,127,descriptive_only; never used for ID projection,ok
/home/ubuntu/cogitao-research/checkpoints/cogitao_vit_cross_attention/cogitao_c1_experiment_3_vit6_function_mlp_cross_attention/run_000/last.ckpt,900674f94996e9b2f5190e7cd8bac4486d09332daaf131226f7f107123274de1,dfec9cbb2afe6616194c1fb41430c0c5d2bc4208,3,val,crop_bottom_side,rot90,rot90 -> crop_bottom_side,"pair (f,g): fgx=f(g(x)); task-token order [g,f] means g -> f",128,128,128,image_final_norm,42,78000,256,256,0.01,2,"{""fixed_ranks"": [1, 2, 4, 8, 16, 32], ""variance_thresholds"": [0.9, 0.95]}",synthetic_context_on_atomic_id,f_given_g,k2,2,0.949296458796739,0.9465961196888742,0.8980257445700273,0.998299388748319,0.9966042738619469,0.5704601576800767,255,127,descriptive_only; never used for ID projection,ok
/home/ubuntu/cogitao-research/checkpoints/cogitao_vit_cross_attention/cogitao_c1_experiment_3_vit6_function_mlp_cross_attention/run_000/last.ckpt,900674f94996e9b2f5190e7cd8bac4486d09332daaf131226f7f107123274de1,dfec9cbb2afe6616194c1fb41430c0c5d2bc4208,3,val,crop_bottom_side,rot90,rot90 -> crop_bottom_side,"pair (f,g): fgx=f(g(x)); task-token order [g,f] means g -> f",128,128,128,image_final_norm,42,78000,256,256,0.01,2,"{""fixed_ranks"": [1, 2, 4, 8, 16, 32], ""variance_thresholds"": [0.9, 0.95]}",synthetic_context_on_atomic_id,f_given_g,k4,4,0.9208347859524104,0.9171279208257064,0.8435239578999204,0.9973292271323009,0.9946697250761777,0.41570769759355153,255,127,descriptive_only; never used for ID projection,ok
/home/ubuntu/cogitao-research/checkpoints/cogitao_vit_cross_attention/cogitao_c1_experiment_3_vit6_function_mlp_cross_attention/run_000/last.ckpt,900674f94996e9b2f5190e7cd8bac4486d09332daaf131226f7f107123274de1,dfec9cbb2afe6616194c1fb41430c0c5d2bc4208,3,val,crop_bottom_side,rot90,rot90 -> crop_bottom_side,"pair (f,g): fgx=f(g(x)); task-token order [g,f] means g -> f",128,128,128,image_final_norm,42,78000,256,256,0.01,2,"{""fixed_ranks"": [1, 2, 4, 8, 16, 32], ""variance_thresholds"": [0.9, 0.95]}",synthetic_context_on_atomic_id,f_given_g,k8,8,0.8403557210438776,0.8373455526237898,0.7055048360035712,0.9901118044821312,0.9803344583061353,0.35219763492368994,255,127,descriptive_only; never used for ID projection,ok
/home/ubuntu/cogitao-research/checkpoints/cogitao_vit_cross_attention/cogitao_c1_experiment_3_vit6_function_mlp_cross_attention/run_000/last.ckpt,900674f94996e9b2f5190e7cd8bac4486d09332daaf131226f7f107123274de1,dfec9cbb2afe6616194c1fb41430c0c5d2bc4208,3,val,crop_bottom_side,rot90,rot90 -> crop_bottom_side,"pair (f,g): fgx=f(g(x)); task-token order [g,f] means g -> f",128,128,128,image_final_norm,42,78000,256,256,0.01,2,"{""fixed_ranks"": [1, 2, 4, 8, 16, 32], ""variance_thresholds"": [0.9, 0.95]}",synthetic_context_on_atomic_id,f_given_g,k16,16,0.761069619406193,0.7574002455586221,0.5777767321111053,0.9888252403352056,0.9777884536676507,0.3810448333054445,255,127,descriptive_only; never used for ID projection,ok
/home/ubuntu/cogitao-research/checkpoints/cogitao_vit_cross_attention/cogitao_c1_experiment_3_vit6_function_mlp_cross_attention/run_000/last.ckpt,900674f94996e9b2f5190e7cd8bac4486d09332daaf131226f7f107123274de1,dfec9cbb2afe6616194c1fb41430c0c5d2bc4208,3,val,crop_bottom_side,rot90,rot90 -> crop_bottom_side,"pair (f,g): fgx=f(g(x)); task-token order [g,f] means g -> f",128,128,128,image_final_norm,42,78000,256,256,0.01,2,"{""fixed_ranks"": [1, 2, 4, 8, 16, 32], ""variance_thresholds"": [0.9, 0.95]}",synthetic_context_on_atomic_id,f_given_g,k32,32,0.621605886578015,0.6199130117089988,0.3884285927922515,0.9562977278659912,0.9146335602907734,0.41147800703533005,255,127,descriptive_only; never used for ID projection,ok
/home/ubuntu/cogitao-research/checkpoints/cogitao_vit_cross_attention/cogitao_c1_experiment_3_vit6_function_mlp_cross_attention/run_000/last.ckpt,900674f94996e9b2f5190e7cd8bac4486d09332daaf131226f7f107123274de1,dfec9cbb2afe6616194c1fb41430c0c5d2bc4208,3,val,crop_bottom_side,rot90,rot90 -> crop_bottom_side,"pair (f,g): fgx=f(g(x)); task-token order [g,f] means g -> f",128,128,128,image_final_norm,42,78000,256,256,0.01,2,"{""fixed_ranks"": [1, 2, 4, 8, 16, 32], ""variance_thresholds"": [0.9, 0.95]}",synthetic_context_on_atomic_id,f_given_g,variance_0.9,58,0.5072291471828626,0.5033783920148862,0.256449804535162,0.943619872175613,0.8905153114582198,0.42269464399295603,255,127,descriptive_only; never used for ID projection,ok
/home/ubuntu/cogitao-research/checkpoints/cogitao_vit_cross_attention/cogitao_c1_experiment_3_vit6_function_mlp_cross_attention/run_000/last.ckpt,900674f94996e9b2f5190e7cd8bac4486d09332daaf131226f7f107123274de1,dfec9cbb2afe6616194c1fb41430c0c5d2bc4208,3,val,crop_bottom_side,rot90,rot90 -> crop_bottom_side,"pair (f,g): fgx=f(g(x)); task-token order [g,f] means g -> f",128,128,128,image_final_norm,42,78000,256,256,0.01,2,"{""fixed_ranks"": [1, 2, 4, 8, 16, 32], ""variance_thresholds"": [0.9, 0.95]}",synthetic_context_on_atomic_id,f_given_g,variance_0.95,89,0.42856628615254616,0.4243832249483625,0.1826027452413146,0.9017189446512293,0.8132276168756487,0.426359823830742,255,127,descriptive_only; never used for ID projection,ok
/home/ubuntu/cogitao-research/checkpoints/cogitao_vit_cross_attention/cogitao_c1_experiment_3_vit6_function_mlp_cross_attention/run_000/last.ckpt,900674f94996e9b2f5190e7cd8bac4486d09332daaf131226f7f107123274de1,dfec9cbb2afe6616194c1fb41430c0c5d2bc4208,3,val,crop_bottom_side,rot90,rot90 -> crop_bottom_side,"pair (f,g): fgx=f(g(x)); task-token order [g,f] means g -> f",128,128,128,image_final_norm,42,78000,256,256,0.01,2,"{""fixed_ranks"": [1, 2, 4, 8, 16, 32], ""variance_thresholds"": [0.9, 0.95]}",synthetic_context_on_atomic_id,g_given_f,k1,1,0.9473646159191822,0.7332766619562987,0.5610677403289459,0.9991483078037134,0.9982981762402882,0.04527573003378638,255,127,descriptive_only; never used for ID projection,ok
/home/ubuntu/cogitao-research/checkpoints/cogitao_vit_cross_attention/cogitao_c1_experiment_3_vit6_function_mlp_cross_attention/run_000/last.ckpt,900674f94996e9b2f5190e7cd8bac4486d09332daaf131226f7f107123274de1,dfec9cbb2afe6616194c1fb41430c0c5d2bc4208,3,val,crop_bottom_side,rot90,rot90 -> crop_bottom_side,"pair (f,g): fgx=f(g(x)); task-token order [g,f] means g -> f",128,128,128,image_final_norm,42,78000,256,256,0.01,2,"{""fixed_ranks"": [1, 2, 4, 8, 16, 32], ""variance_thresholds"": [0.9, 0.95]}",synthetic_context_on_atomic_id,g_given_f,k2,2,0.8872782743646834,0.6914778234493161,0.49945890482744415,0.9984168062644605,0.9968378106396059,0.3115841838241859,255,127,descriptive_only; never used for ID projection,ok
/home/ubuntu/cogitao-research/checkpoints/cogitao_vit_cross_attention/cogitao_c1_experiment_3_vit6_function_mlp_cross_attention/run_000/last.ckpt,900674f94996e9b2f5190e7cd8bac4486d09332daaf131226f7f107123274de1,dfec9cbb2afe6616194c1fb41430c0c5d2bc4208,3,val,crop_bottom_side,rot90,rot90 -> crop_bottom_side,"pair (f,g): fgx=f(g(x)); task-token order [g,f] means g -> f",128,128,128,image_final_norm,42,78000,256,256,0.01,2,"{""fixed_ranks"": [1, 2, 4, 8, 16, 32], ""variance_thresholds"": [0.9, 0.95]}",synthetic_context_on_atomic_id,g_given_f,k4,4,0.8202574337845019,0.6151123422347746,0.39608437711362776,0.9959322019967674,0.9918853291154994,0.32152979421405664,255,127,descriptive_only; never used for ID projection,ok
/home/ubuntu/cogitao-research/checkpoints/cogitao_vit_cross_attention/cogitao_c1_experiment_3_vit6_function_mlp_cross_attention/run_000/last.ckpt,900674f94996e9b2f5190e7cd8bac4486d09332daaf131226f7f107123274de1,dfec9cbb2afe6616194c1fb41430c0c5d2bc4208,3,val,crop_bottom_side,rot90,rot90 -> crop_bottom_side,"pair (f,g): fgx=f(g(x)); task-token order [g,f] means g -> f",128,128,128,image_final_norm,42,78000,256,256,0.01,2,"{""fixed_ranks"": [1, 2, 4, 8, 16, 32], ""variance_thresholds"": [0.9, 0.95]}",synthetic_context_on_atomic_id,g_given_f,k8,8,0.7001523815450987,0.5375447190185636,0.3033004196010926,0.9923943136941682,0.9848570189505343,0.3265503013896169,255,127,descriptive_only; never used for ID projection,ok
/home/ubuntu/cogitao-research/checkpoints/cogitao_vit_cross_attention/cogitao_c1_experiment_3_vit6_function_mlp_cross_attention/run_000/last.ckpt,900674f94996e9b2f5190e7cd8bac4486d09332daaf131226f7f107123274de1,dfec9cbb2afe6616194c1fb41430c0c5d2bc4208,3,val,crop_bottom_side,rot90,rot90 -> crop_bottom_side,"pair (f,g): fgx=f(g(x)); task-token order [g,f] means g -> f",128,128,128,image_final_norm,42,78000,256,256,0.01,2,"{""fixed_ranks"": [1, 2, 4, 8, 16, 32], ""variance_thresholds"": [0.9, 0.95]}",synthetic_context_on_atomic_id,g_given_f,k16,16,0.6108269669170534,0.4636213220725591,0.2281435667393087,0.9893289688360161,0.9787913732260187,0.3757686783830251,255,127,descriptive_only; never used for ID projection,ok
/home/ubuntu/cogitao-research/checkpoints/cogitao_vit_cross_attention/cogitao_c1_experiment_3_vit6_function_mlp_cross_attention/run_000/last.ckpt,900674f94996e9b2f5190e7cd8bac4486d09332daaf131226f7f107123274de1,dfec9cbb2afe6616194c1fb41430c0c5d2bc4208,3,val,crop_bottom_side,rot90,rot90 -> crop_bottom_side,"pair (f,g): fgx=f(g(x)); task-token order [g,f] means g -> f",128,128,128,image_final_norm,42,78000,256,256,0.01,2,"{""fixed_ranks"": [1, 2, 4, 8, 16, 32], ""variance_thresholds"": [0.9, 0.95]}",synthetic_context_on_atomic_id,g_given_f,k32,32,0.5116046228148263,0.3919388039299257,0.16479629195724793,0.9563150148396594,0.9146940577604215,0.40206328750398934,255,127,descriptive_only; never used for ID projection,ok
/home/ubuntu/cogitao-research/checkpoints/cogitao_vit_cross_attention/cogitao_c1_experiment_3_vit6_function_mlp_cross_attention/run_000/last.ckpt,900674f94996e9b2f5190e7cd8bac4486d09332daaf131226f7f107123274de1,dfec9cbb2afe6616194c1fb41430c0c5d2bc4208,3,val,crop_bottom_side,rot90,rot90 -> crop_bottom_side,"pair (f,g): fgx=f(g(x)); task-token order [g,f] means g -> f",128,128,128,image_final_norm,42,78000,256,256,0.01,2,"{""fixed_ranks"": [1, 2, 4, 8, 16, 32], ""variance_thresholds"": [0.9, 0.95]}",synthetic_context_on_atomic_id,g_given_f,variance_0.9,38,0.4789499130253663,0.3728987185093856,0.14934654725025642,0.9632204944354583,0.9278317971928778,0.4053798001753649,255,127,descriptive_only; never used for ID projection,ok
/home/ubuntu/cogitao-research/checkpoints/cogitao_vit_cross_attention/cogitao_c1_experiment_3_vit6_function_mlp_cross_attention/run_000/last.ckpt,900674f94996e9b2f5190e7cd8bac4486d09332daaf131226f7f107123274de1,dfec9cbb2afe6616194c1fb41430c0c5d2bc4208,3,val,crop_bottom_side,rot90,rot90 -> crop_bottom_side,"pair (f,g): fgx=f(g(x)); task-token order [g,f] means g -> f",128,128,128,image_final_norm,42,78000,256,256,0.01,2,"{""fixed_ranks"": [1, 2, 4, 8, 16, 32], ""variance_thresholds"": [0.9, 0.95]}",synthetic_context_on_atomic_id,g_given_f,variance_0.95,65,0.39520556186270506,0.31258968392710207,0.10497407433123698,0.9414922786255385,0.8864744332804744,0.41467564345550556,255,127,descriptive_only; never used for ID projection,ok
/home/ubuntu/cogitao-research/checkpoints/cogitao_vit_cross_attention/cogitao_c1_experiment_3_vit6_function_mlp_cross_attention/run_000/last.ckpt,900674f94996e9b2f5190e7cd8bac4486d09332daaf131226f7f107123274de1,dfec9cbb2afe6616194c1fb41430c0c5d2bc4208,3,test,crop_bottom_side,rot90,rot90 -> crop_bottom_side,"pair (f,g): fgx=f(g(x)); task-token order [g,f] means g -> f",128,128,128,image_input_tokens,42,78000,256,256,0.01,2,"{""fixed_ranks"": [1, 2, 4, 8, 16, 32], ""variance_thresholds"": [0.9, 0.95]}",synthetic_context_on_atomic_id,f_given_g,k1,1,0.9180463672487733,0.9140107564286583,0.8414312843683645,0.9995000134108111,0.9990005895828163,0.19939915463969649,255,127,descriptive_only; never used for ID projection,ok
/home/ubuntu/cogitao-research/checkpoints/cogitao_vit_cross_attention/cogitao_c1_experiment_3_vit6_function_mlp_cross_attention/run_000/last.ckpt,900674f94996e9b2f5190e7cd8bac4486d09332daaf131226f7f107123274de1,dfec9cbb2afe6616194c1fb41430c0c5d2bc4208,3,test,crop_bottom_side,rot90,rot90 -> crop_bottom_side,"pair (f,g): fgx=f(g(x)); task-token order [g,f] means g -> f",128,128,128,image_input_tokens,42,78000,256,256,0.01,2,"{""fixed_ranks"": [1, 2, 4, 8, 16, 32], ""variance_thresholds"": [0.9, 0.95]}",synthetic_context_on_atomic_id,f_given_g,k2,2,0.8382086424889592,0.8418928491179596,0.7184612785655311,0.9979589980159873,0.9959258081649695,0.28649701617856255,255,127,descriptive_only; never used for ID projection,ok
/home/ubuntu/cogitao-research/checkpoints/cogitao_vit_cross_attention/cogitao_c1_experiment_3_vit6_function_mlp_cross_attention/run_000/last.ckpt,900674f94996e9b2f5190e7cd8bac4486d09332daaf131226f7f107123274de1,dfec9cbb2afe6616194c1fb41430c0c5d2bc4208,3,test,crop_bottom_side,rot90,rot90 -> crop_bottom_side,"pair (f,g): fgx=f(g(x)); task-token order [g,f] means g -> f",128,128,128,image_input_tokens,42,78000,256,256,0.01,2,"{""fixed_ranks"": [1, 2, 4, 8, 16, 32], ""variance_thresholds"": [0.9, 0.95]}",synthetic_context_on_atomic_id,f_given_g,k4,4,0.46121372956687773,0.4653702708455989,0.2218973038664293,0.9954624200272747,0.9909505389091045,0.036294572570903044,255,127,descriptive_only; never used for ID projection,ok
/home/ubuntu/cogitao-research/checkpoints/cogitao_vit_cross_attention/cogitao_c1_experiment_3_vit6_function_mlp_cross_attention/run_000/last.ckpt,900674f94996e9b2f5190e7cd8bac4486d09332daaf131226f7f107123274de1,dfec9cbb2afe6616194c1fb41430c0c5d2bc4208,3,test,crop_bottom_side,rot90,rot90 -> crop_bottom_side,"pair (f,g): fgx=f(g(x)); task-token order [g,f] means g -> f",128,128,128,image_input_tokens,42,78000,256,256,0.01,2,"{""fixed_ranks"": [1, 2, 4, 8, 16, 32], ""variance_thresholds"": [0.9, 0.95]}",synthetic_context_on_atomic_id,f_given_g,k8,8,0.4115031964969258,0.41840271885655017,0.18124703712881907,0.9935561793051582,0.9871620383492259,0.4489246638741525,255,127,descriptive_only; never used for ID projection,ok
/home/ubuntu/cogitao-research/checkpoints/cogitao_vit_cross_attention/cogitao_c1_experiment_3_vit6_function_mlp_cross_attention/run_000/last.ckpt,900674f94996e9b2f5190e7cd8bac4486d09332daaf131226f7f107123274de1,dfec9cbb2afe6616194c1fb41430c0c5d2bc4208,3,test,crop_bottom_side,rot90,rot90 -> crop_bottom_side,"pair (f,g): fgx=f(g(x)); task-token order [g,f] means g -> f",128,128,128,image_input_tokens,42,78000,256,256,0.01,2,"{""fixed_ranks"": [1, 2, 4, 8, 16, 32], ""variance_thresholds"": [0.9, 0.95]}",synthetic_context_on_atomic_id,f_given_g,k16,16,0.31804575888533576,0.32355614835891705,0.111040814173133,0.9827987046767084,0.9659156358330511,0.349255607329264,255,127,descriptive_only; never used for ID projection,ok
/home/ubuntu/cogitao-research/checkpoints/cogitao_vit_cross_attention/cogitao_c1_experiment_3_vit6_function_mlp_cross_attention/run_000/last.ckpt,900674f94996e9b2f5190e7cd8bac4486d09332daaf131226f7f107123274de1,dfec9cbb2afe6616194c1fb41430c0c5d2bc4208,3,test,crop_bottom_side,rot90,rot90 -> crop_bottom_side,"pair (f,g): fgx=f(g(x)); task-token order [g,f] means g -> f",128,128,128,image_input_tokens,42,78000,256,256,0.01,2,"{""fixed_ranks"": [1, 2, 4, 8, 16, 32], ""variance_thresholds"": [0.9, 0.95]}",synthetic_context_on_atomic_id,f_given_g,k32,32,0.09167857117351404,0.10223147423344096,0.018248853526348818,0.967575062543653,0.9362268106614503,0.09617199459944113,255,127,descriptive_only; never used for ID projection,ok
/home/ubuntu/cogitao-research/checkpoints/cogitao_vit_cross_attention/cogitao_c1_experiment_3_vit6_function_mlp_cross_attention/run_000/last.ckpt,900674f94996e9b2f5190e7cd8bac4486d09332daaf131226f7f107123274de1,dfec9cbb2afe6616194c1fb41430c0c5d2bc4208,3,test,crop_bottom_side,rot90,rot90 -> crop_bottom_side,"pair (f,g): fgx=f(g(x)); task-token order [g,f] means g -> f",128,128,128,image_input_tokens,42,78000,256,256,0.01,2,"{""fixed_ranks"": [1, 2, 4, 8, 16, 32], ""variance_thresholds"": [0.9, 0.95]}",synthetic_context_on_atomic_id,f_given_g,variance_0.9,18,0.29300409894905266,0.29900013861108665,0.0960842158744736,0.9834174850936748,0.9671270826137877,0.31800306014816615,255,127,descriptive_only; never used for ID projection,ok
/home/ubuntu/cogitao-research/checkpoints/cogitao_vit_cross_attention/cogitao_c1_experiment_3_vit6_function_mlp_cross_attention/run_000/last.ckpt,900674f94996e9b2f5190e7cd8bac4486d09332daaf131226f7f107123274de1,dfec9cbb2afe6616194c1fb41430c0c5d2bc4208,3,test,crop_bottom_side,rot90,rot90 -> crop_bottom_side,"pair (f,g): fgx=f(g(x)); task-token order [g,f] means g -> f",128,128,128,image_input_tokens,42,78000,256,256,0.01,2,"{""fixed_ranks"": [1, 2, 4, 8, 16, 32], ""variance_thresholds"": [0.9, 0.95]}",synthetic_context_on_atomic_id,f_given_g,variance_0.95,25,0.209794197796824,0.21842317177133067,0.05535522648988246,0.979494096908076,0.9594337480379811,0.21399638002577726,255,127,descriptive_only; never used for ID projection,ok
/home/ubuntu/cogitao-research/checkpoints/cogitao_vit_cross_attention/cogitao_c1_experiment_3_vit6_function_mlp_cross_attention/run_000/last.ckpt,900674f94996e9b2f5190e7cd8bac4486d09332daaf131226f7f107123274de1,dfec9cbb2afe6616194c1fb41430c0c5d2bc4208,3,test,crop_bottom_side,rot90,rot90 -> crop_bottom_side,"pair (f,g): fgx=f(g(x)); task-token order [g,f] means g -> f",128,128,128,image_input_tokens,42,78000,256,256,0.01,2,"{""fixed_ranks"": [1, 2, 4, 8, 16, 32], ""variance_thresholds"": [0.9, 0.95]}",synthetic_context_on_atomic_id,g_given_f,k1,1,0.9392880789031894,0.8947804767129232,0.8126252486264927,0.9994119302930929,0.9988994547846464,0.41001046106085115,255,127,descriptive_only; never used for ID projection,ok
/home/ubuntu/cogitao-research/checkpoints/cogitao_vit_cross_attention/cogitao_c1_experiment_3_vit6_function_mlp_cross_attention/run_000/last.ckpt,900674f94996e9b2f5190e7cd8bac4486d09332daaf131226f7f107123274de1,dfec9cbb2afe6616194c1fb41430c0c5d2bc4208,3,test,crop_bottom_side,rot90,rot90 -> crop_bottom_side,"pair (f,g): fgx=f(g(x)); task-token order [g,f] means g -> f",128,128,128,image_input_tokens,42,78000,256,256,0.01,2,"{""fixed_ranks"": [1, 2, 4, 8, 16, 32], ""variance_thresholds"": [0.9, 0.95]}",synthetic_context_on_atomic_id,g_given_f,k2,2,0.8746497736756895,0.7907762534131125,0.6399638366474268,0.9979499565716867,0.9960026501973092,0.16548730878211204,255,127,descriptive_only; never used for ID projection,ok
/home/ubuntu/cogitao-research/checkpoints/cogitao_vit_cross_attention/cogitao_c1_experiment_3_vit6_function_mlp_cross_attention/run_000/last.ckpt,900674f94996e9b2f5190e7cd8bac4486d09332daaf131226f7f107123274de1,dfec9cbb2afe6616194c1fb41430c0c5d2bc4208,3,test,crop_bottom_side,rot90,rot90 -> crop_bottom_side,"pair (f,g): fgx=f(g(x)); task-token order [g,f] means g -> f",128,128,128,image_input_tokens,42,78000,256,256,0.01,2,"{""fixed_ranks"": [1, 2, 4, 8, 16, 32], ""variance_thresholds"": [0.9, 0.95]}",synthetic_context_on_atomic_id,g_given_f,k4,4,0.7703765576176844,0.6176789801538353,0.4048435284488565,0.9958854484523709,0.9919507085919337,0.09889602833825281,255,127,descriptive_only; never used for ID projection,ok
/home/ubuntu/cogitao-research/checkpoints/cogitao_vit_cross_attention/cogitao_c1_experiment_3_vit6_function_mlp_cross_attention/run_000/last.ckpt,900674f94996e9b2f5190e7cd8bac4486d09332daaf131226f7f107123274de1,dfec9cbb2afe6616194c1fb41430c0c5d2bc4208,3,test,crop_bottom_side,rot90,rot90 -> crop_bottom_side,"pair (f,g): fgx=f(g(x)); task-token order [g,f] means g -> f",128,128,128,image_input_tokens,42,78000,256,256,0.01,2,"{""fixed_ranks"": [1, 2, 4, 8, 16, 32], ""variance_thresholds"": [0.9, 0.95]}",synthetic_context_on_atomic_id,g_given_f,k8,8,0.6956037925232079,0.562218271819568,0.34206355268533695,0.9934843568473254,0.9874356037653322,0.4068265143150269,255,127,descriptive_only; never used for ID projection,ok
/home/ubuntu/cogitao-research/checkpoints/cogitao_vit_cross_attention/cogitao_c1_experiment_3_vit6_function_mlp_cross_attention/run_000/last.ckpt,900674f94996e9b2f5190e7cd8bac4486d09332daaf131226f7f107123274de1,dfec9cbb2afe6616194c1fb41430c0c5d2bc4208,3,test,crop_bottom_side,rot90,rot90 -> crop_bottom_side,"pair (f,g): fgx=f(g(x)); task-token order [g,f] means g -> f",128,128,128,image_input_tokens,42,78000,256,256,0.01,2,"{""fixed_ranks"": [1, 2, 4, 8, 16, 32], ""variance_thresholds"": [0.9, 0.95]}",synthetic_context_on_atomic_id,g_given_f,k16,16,0.5410613097676045,0.446911576342486,0.22697347146745242,0.9848980631741403,0.9709547810081083,0.33422011762768494,255,127,descriptive_only; never used for ID projection,ok
/home/ubuntu/cogitao-research/checkpoints/cogitao_vit_cross_attention/cogitao_c1_experiment_3_vit6_function_mlp_cross_attention/run_000/last.ckpt,900674f94996e9b2f5190e7cd8bac4486d09332daaf131226f7f107123274de1,dfec9cbb2afe6616194c1fb41430c0c5d2bc4208,3,test,crop_bottom_side,rot90,rot90 -> crop_bottom_side,"pair (f,g): fgx=f(g(x)); task-token order [g,f] means g -> f",128,128,128,image_input_tokens,42,78000,256,256,0.01,2,"{""fixed_ranks"": [1, 2, 4, 8, 16, 32], ""variance_thresholds"": [0.9, 0.95]}",synthetic_context_on_atomic_id,g_given_f,k32,32,0.21236116158781143,0.17878763711080126,0.05608784339785476,0.969938103279934,0.9420508840283437,0.07714172111558613,255,127,descriptive_only; never used for ID projection,ok
/home/ubuntu/cogitao-research/checkpoints/cogitao_vit_cross_attention/cogitao_c1_experiment_3_vit6_function_mlp_cross_attention/run_000/last.ckpt,900674f94996e9b2f5190e7cd8bac4486d09332daaf131226f7f107123274de1,dfec9cbb2afe6616194c1fb41430c0c5d2bc4208,3,test,crop_bottom_side,rot90,rot90 -> crop_bottom_side,"pair (f,g): fgx=f(g(x)); task-token order [g,f] means g -> f",128,128,128,image_input_tokens,42,78000,256,256,0.01,2,"{""fixed_ranks"": [1, 2, 4, 8, 16, 32], ""variance_thresholds"": [0.9, 0.95]}",synthetic_context_on_atomic_id,g_given_f,variance_0.9,20,0.4689475518589505,0.38502297110183986,0.17525286444223087,0.9828945094012872,0.9673719303366459,0.27125552099061717,255,127,descriptive_only; never used for ID projection,ok
/home/ubuntu/cogitao-research/checkpoints/cogitao_vit_cross_attention/cogitao_c1_experiment_3_vit6_function_mlp_cross_attention/run_000/last.ckpt,900674f94996e9b2f5190e7cd8bac4486d09332daaf131226f7f107123274de1,dfec9cbb2afe6616194c1fb41430c0c5d2bc4208,3,test,crop_bottom_side,rot90,rot90 -> crop_bottom_side,"pair (f,g): fgx=f(g(x)); task-token order [g,f] means g -> f",128,128,128,image_input_tokens,42,78000,256,256,0.01,2,"{""fixed_ranks"": [1, 2, 4, 8, 16, 32], ""variance_thresholds"": [0.9, 0.95]}",synthetic_context_on_atomic_id,g_given_f,variance_0.95,26,0.3579504818651958,0.2964722161545953,0.1151020670246454,0.9717470365675663,0.9453482092667617,0.18342628046475612,255,127,descriptive_only; never used for ID projection,ok
/home/ubuntu/cogitao-research/checkpoints/cogitao_vit_cross_attention/cogitao_c1_experiment_3_vit6_function_mlp_cross_attention/run_000/last.ckpt,900674f94996e9b2f5190e7cd8bac4486d09332daaf131226f7f107123274de1,dfec9cbb2afe6616194c1fb41430c0c5d2bc4208,3,test,crop_bottom_side,rot90,rot90 -> crop_bottom_side,"pair (f,g): fgx=f(g(x)); task-token order [g,f] means g -> f",128,128,128,image_block_01,42,78000,256,256,0.01,2,"{""fixed_ranks"": [1, 2, 4, 8, 16, 32], ""variance_thresholds"": [0.9, 0.95]}",synthetic_context_on_atomic_id,f_given_g,k1,1,0.9315070617954082,0.9358648337189227,0.8796902523018564,0.9994404852923198,0.9988816768294784,0.07378551341200246,255,127,descriptive_only; never used for ID projection,ok
/home/ubuntu/cogitao-research/checkpoints/cogitao_vit_cross_attention/cogitao_c1_experiment_3_vit6_function_mlp_cross_attention/run_000/last.ckpt,900674f94996e9b2f5190e7cd8bac4486d09332daaf131226f7f107123274de1,dfec9cbb2afe6616194c1fb41430c0c5d2bc4208,3,test,crop_bottom_side,rot90,rot90 -> crop_bottom_side,"pair (f,g): fgx=f(g(x)); task-token order [g,f] means g -> f",128,128,128,image_block_01,42,78000,256,256,0.01,2,"{""fixed_ranks"": [1, 2, 4, 8, 16, 32], ""variance_thresholds"": [0.9, 0.95]}",synthetic_context_on_atomic_id,f_given_g,k2,2,0.8321037202906665,0.8259379508408491,0.6928421691893065,0.9974897051309755,0.9949899646398483,0.061392795125111255,255,127,descriptive_only; never used for ID projection,ok
/home/ubuntu/cogitao-research/checkpoints/cogitao_vit_cross_attention/cogitao_c1_experiment_3_vit6_function_mlp_cross_attention/run_000/last.ckpt,900674f94996e9b2f5190e7cd8bac4486d09332daaf131226f7f107123274de1,dfec9cbb2afe6616194c1fb41430c0c5d2bc4208,3,test,crop_bottom_side,rot90,rot90 -> crop_bottom_side,"pair (f,g): fgx=f(g(x)); task-token order [g,f] means g -> f",128,128,128,image_block_01,42,78000,256,256,0.01,2,"{""fixed_ranks"": [1, 2, 4, 8, 16, 32], ""variance_thresholds"": [0.9, 0.95]}",synthetic_context_on_atomic_id,f_given_g,k4,4,0.7855256166907346,0.777471226946837,0.6159459322182883,0.9959139647912731,0.9918506426970972,0.12324081940575546,255,127,descriptive_only; never used for ID projection,ok
/home/ubuntu/cogitao-research/checkpoints/cogitao_vit_cross_attention/cogitao_c1_experiment_3_vit6_function_mlp_cross_attention/run_000/last.ckpt,900674f94996e9b2f5190e7cd8bac4486d09332daaf131226f7f107123274de1,dfec9cbb2afe6616194c1fb41430c0c5d2bc4208,3,test,crop_bottom_side,rot90,rot90 -> crop_bottom_side,"pair (f,g): fgx=f(g(x)); task-token order [g,f] means g -> f",128,128,128,image_block_01,42,78000,256,256,0.01,2,"{""fixed_ranks"": [1, 2, 4, 8, 16, 32], ""variance_thresholds"": [0.9, 0.95]}",synthetic_context_on_atomic_id,f_given_g,k8,8,0.5893136886164703,0.5898846145892257,0.3571131535482096,0.9945037617681222,0.9890430446252869,0.2205469234099136,255,127,descriptive_only; never used for ID projection,ok
/home/ubuntu/cogitao-research/checkpoints/cogitao_vit_cross_attention/cogitao_c1_experiment_3_vit6_function_mlp_cross_attention/run_000/last.ckpt,900674f94996e9b2f5190e7cd8bac4486d09332daaf131226f7f107123274de1,dfec9cbb2afe6616194c1fb41430c0c5d2bc4208,3,test,crop_bottom_side,rot90,rot90 -> crop_bottom_side,"pair (f,g): fgx=f(g(x)); task-token order [g,f] means g -> f",128,128,128,image_block_01,42,78000,256,256,0.01,2,"{""fixed_ranks"": [1, 2, 4, 8, 16, 32], ""variance_thresholds"": [0.9, 0.95]}",synthetic_context_on_atomic_id,f_given_g,k16,16,0.40688763051422694,0.41072165272441863,0.1766734005705199,0.9876773102802539,0.9755178644416176,0.23956520403619044,255,127,descriptive_only; never used for ID projection,ok
/home/ubuntu/cogitao-research/checkpoints/cogitao_vit_cross_attention/cogitao_c1_experiment_3_vit6_function_mlp_cross_attention/run_000/last.ckpt,900674f94996e9b2f5190e7cd8bac4486d09332daaf131226f7f107123274de1,dfec9cbb2afe6616194c1fb41430c0c5d2bc4208,3,test,crop_bottom_side,rot90,rot90 -> crop_bottom_side,"pair (f,g): fgx=f(g(x)); task-token order [g,f] means g -> f",128,128,128,image_block_01,42,78000,256,256,0.01,2,"{""fixed_ranks"": [1, 2, 4, 8, 16, 32], ""variance_thresholds"": [0.9, 0.95]}",synthetic_context_on_atomic_id,f_given_g,k32,32,0.29928795216445725,0.30510136900668006,0.09832625838032172,0.9678605057564524,0.9367929683604936,0.24945299261465087,255,127,descriptive_only; never used for ID projection,ok
/home/ubuntu/cogitao-research/checkpoints/cogitao_vit_cross_attention/cogitao_c1_experiment_3_vit6_function_mlp_cross_attention/run_000/last.ckpt,900674f94996e9b2f5190e7cd8bac4486d09332daaf131226f7f107123274de1,dfec9cbb2afe6616194c1fb41430c0c5d2bc4208,3,test,crop_bottom_side,rot90,rot90 -> crop_bottom_side,"pair (f,g): fgx=f(g(x)); task-token order [g,f] means g -> f",128,128,128,image_block_01,42,78000,256,256,0.01,2,"{""fixed_ranks"": [1, 2, 4, 8, 16, 32], ""variance_thresholds"": [0.9, 0.95]}",synthetic_context_on_atomic_id,f_given_g,variance_0.9,28,0.32011230674736935,0.3252876203530829,0.1115575111447282,0.973342588215357,0.9474235012753243,0.26097698891399757,255,127,descriptive_only; never used for ID projection,ok
/home/ubuntu/cogitao-research/checkpoints/cogitao_vit_cross_attention/cogitao_c1_experiment_3_vit6_function_mlp_cross_attention/run_000/last.ckpt,900674f94996e9b2f5190e7cd8bac4486d09332daaf131226f7f107123274de1,dfec9cbb2afe6616194c1fb41430c0c5d2bc4208,3,test,crop_bottom_side,rot90,rot90 -> crop_bottom_side,"pair (f,g): fgx=f(g(x)); task-token order [g,f] means g -> f",128,128,128,image_block_01,42,78000,256,256,0.01,2,"{""fixed_ranks"": [1, 2, 4, 8, 16, 32], ""variance_thresholds"": [0.9, 0.95]}",synthetic_context_on_atomic_id,f_given_g,variance_0.95,45,0.24217587138618038,0.24332504213226347,0.06233221656367688,0.9570132504924396,0.9159140155754066,0.25443505542499034,255,127,descriptive_only; never used for ID projection,ok
/home/ubuntu/cogitao-research/checkpoints/cogitao_vit_cross_attention/cogitao_c1_experiment_3_vit6_function_mlp_cross_attention/run_000/last.ckpt,900674f94996e9b2f5190e7cd8bac4486d09332daaf131226f7f107123274de1,dfec9cbb2afe6616194c1fb41430c0c5d2bc4208,3,test,crop_bottom_side,rot90,rot90 -> crop_bottom_side,"pair (f,g): fgx=f(g(x)); task-token order [g,f] means g -> f",128,128,128,image_block_01,42,78000,256,256,0.01,2,"{""fixed_ranks"": [1, 2, 4, 8, 16, 32], ""variance_thresholds"": [0.9, 0.95]}",synthetic_context_on_atomic_id,g_given_f,k1,1,0.945697404294231,0.8810550634989844,0.7880087238709103,0.999122817074338,0.9982476094918828,0.6286191702143389,255,127,descriptive_only; never used for ID projection,ok
/home/ubuntu/cogitao-research/checkpoints/cogitao_vit_cross_attention/cogitao_c1_experiment_3_vit6_function_mlp_cross_attention/run_000/last.ckpt,900674f94996e9b2f5190e7cd8bac4486d09332daaf131226f7f107123274de1,dfec9cbb2afe6616194c1fb41430c0c5d2bc4208,3,test,crop_bottom_side,rot90,rot90 -> crop_bottom_side,"pair (f,g): fgx=f(g(x)); task-token order [g,f] means g -> f",128,128,128,image_block_01,42,78000,256,256,0.01,2,"{""fixed_ranks"": [1, 2, 4, 8, 16, 32], ""variance_thresholds"": [0.9, 0.95]}",synthetic_context_on_atomic_id,g_given_f,k2,2,0.8904544491483378,0.8321808149942884,0.7073939273773424,0.9982971838921488,0.9965997430692235,0.5554921981068839,255,127,descriptive_only; never used for ID projection,ok
/home/ubuntu/cogitao-research/checkpoints/cogitao_vit_cross_attention/cogitao_c1_experiment_3_vit6_function_mlp_cross_attention/run_000/last.ckpt,900674f94996e9b2f5190e7cd8bac4486d09332daaf131226f7f107123274de1,dfec9cbb2afe6616194c1fb41430c0c5d2bc4208,3,test,crop_bottom_side,rot90,rot90 -> crop_bottom_side,"pair (f,g): fgx=f(g(x)); task-token order [g,f] means g -> f",128,128,128,image_block_01,42,78000,256,256,0.01,2,"{""fixed_ranks"": [1, 2, 4, 8, 16, 32], ""variance_thresholds"": [0.9, 0.95]}",synthetic_context_on_atomic_id,g_given_f,k4,4,0.803053918301739,0.7164620677595476,0.5287616878827891,0.9958093797713945,0.991642737265622,0.3615713624852927,255,127,descriptive_only; never used for ID projection,ok
/home/ubuntu/cogitao-research/checkpoints/cogitao_vit_cross_attention/cogitao_c1_experiment_3_vit6_function_mlp_cross_attention/run_000/last.ckpt,900674f94996e9b2f5190e7cd8bac4486d09332daaf131226f7f107123274de1,dfec9cbb2afe6616194c1fb41430c0c5d2bc4208,3,test,crop_bottom_side,rot90,rot90 -> crop_bottom_side,"pair (f,g): fgx=f(g(x)); task-token order [g,f] means g -> f",128,128,128,image_block_01,42,78000,256,256,0.01,2,"{""fixed_ranks"": [1, 2, 4, 8, 16, 32], ""variance_thresholds"": [0.9, 0.95]}",synthetic_context_on_atomic_id,g_given_f,k8,8,0.6962141076182693,0.5617289743479694,0.3270737322704901,0.9937561051742887,0.9875594568219649,0.2364300338850721,255,127,descriptive_only; never used for ID projection,ok
/home/ubuntu/cogitao-research/checkpoints/cogitao_vit_cross_attention/cogitao_c1_experiment_3_vit6_function_mlp_cross_attention/run_000/last.ckpt,900674f94996e9b2f5190e7cd8bac4486d09332daaf131226f7f107123274de1,dfec9cbb2afe6616194c1fb41430c0c5d2bc4208,3,test,crop_bottom_side,rot90,rot90 -> crop_bottom_side,"pair (f,g): fgx=f(g(x)); task-token order [g,f] means g -> f",128,128,128,image_block_01,42,78000,256,256,0.01,2,"{""fixed_ranks"": [1, 2, 4, 8, 16, 32], ""variance_thresholds"": [0.9, 0.95]}",synthetic_context_on_atomic_id,g_given_f,k16,16,0.5950911639511801,0.44596270983055253,0.20754744196076202,0.9826105771659812,0.965557588591445,0.27430267622905624,255,127,descriptive_only; never used for ID projection,ok
/home/ubuntu/cogitao-research/checkpoints/cogitao_vit_cross_attention/cogitao_c1_experiment_3_vit6_function_mlp_cross_attention/run_000/last.ckpt,900674f94996e9b2f5190e7cd8bac4486d09332daaf131226f7f107123274de1,dfec9cbb2afe6616194c1fb41430c0c5d2bc4208,3,test,crop_bottom_side,rot90,rot90 -> crop_bottom_side,"pair (f,g): fgx=f(g(x)); task-token order [g,f] means g -> f",128,128,128,image_block_01,42,78000,256,256,0.01,2,"{""fixed_ranks"": [1, 2, 4, 8, 16, 32], ""variance_thresholds"": [0.9, 0.95]}",synthetic_context_on_atomic_id,g_given_f,k32,32,0.478144910123457,0.3525501561045541,0.1298448058557619,0.9703546825507963,0.9416381079616825,0.3296131861080181,255,127,descriptive_only; never used for ID projection,ok
/home/ubuntu/cogitao-research/checkpoints/cogitao_vit_cross_attention/cogitao_c1_experiment_3_vit6_function_mlp_cross_attention/run_000/last.ckpt,900674f94996e9b2f5190e7cd8bac4486d09332daaf131226f7f107123274de1,dfec9cbb2afe6616194c1fb41430c0c5d2bc4208,3,test,crop_bottom_side,rot90,rot90 -> crop_bottom_side,"pair (f,g): fgx=f(g(x)); task-token order [g,f] means g -> f",128,128,128,image_block_01,42,78000,256,256,0.01,2,"{""fixed_ranks"": [1, 2, 4, 8, 16, 32], ""variance_thresholds"": [0.9, 0.95]}",synthetic_context_on_atomic_id,g_given_f,variance_0.9,28,0.5028936000200979,0.3721203691584676,0.14479134827993276,0.970134189794613,0.9412177594134828,0.3213177965531012,255,127,descriptive_only; never used for ID projection,ok
/home/ubuntu/cogitao-research/checkpoints/cogitao_vit_cross_attention/cogitao_c1_experiment_3_vit6_function_mlp_cross_attention/run_000/last.ckpt,900674f94996e9b2f5190e7cd8bac4486d09332daaf131226f7f107123274de1,dfec9cbb2afe6616194c1fb41430c0c5d2bc4208,3,test,crop_bottom_side,rot90,rot90 -> crop_bottom_side,"pair (f,g): fgx=f(g(x)); task-token order [g,f] means g -> f",128,128,128,image_block_01,42,78000,256,256,0.01,2,"{""fixed_ranks"": [1, 2, 4, 8, 16, 32], ""variance_thresholds"": [0.9, 0.95]}",synthetic_context_on_atomic_id,g_given_f,variance_0.95,46,0.4030671567232811,0.3008100476975224,0.0945942759434654,0.9562634672029241,0.9145245746004583,0.3222957234480916,255,127,descriptive_only; never used for ID projection,ok
/home/ubuntu/cogitao-research/checkpoints/cogitao_vit_cross_attention/cogitao_c1_experiment_3_vit6_function_mlp_cross_attention/run_000/last.ckpt,900674f94996e9b2f5190e7cd8bac4486d09332daaf131226f7f107123274de1,dfec9cbb2afe6616194c1fb41430c0c5d2bc4208,3,test,crop_bottom_side,rot90,rot90 -> crop_bottom_side,"pair (f,g): fgx=f(g(x)); task-token order [g,f] means g -> f",128,128,128,image_block_02,42,78000,256,256,0.01,2,"{""fixed_ranks"": [1, 2, 4, 8, 16, 32], ""variance_thresholds"": [0.9, 0.95]}",synthetic_context_on_atomic_id,f_given_g,k1,1,0.9458354188398652,0.9465160752326169,0.899551156479824,0.9997171144334499,0.999434476272265,0.15726925509321577,255,127,descriptive_only; never used for ID projection,ok
/home/ubuntu/cogitao-research/checkpoints/cogitao_vit_cross_attention/cogitao_c1_experiment_3_vit6_function_mlp_cross_attention/run_000/last.ckpt,900674f94996e9b2f5190e7cd8bac4486d09332daaf131226f7f107123274de1,dfec9cbb2afe6616194c1fb41430c0c5d2bc4208,3,test,crop_bottom_side,rot90,rot90 -> crop_bottom_side,"pair (f,g): fgx=f(g(x)); task-token order [g,f] means g -> f",128,128,128,image_block_02,42,78000,256,256,0.01,2,"{""fixed_ranks"": [1, 2, 4, 8, 16, 32], ""variance_thresholds"": [0.9, 0.95]}",synthetic_context_on_atomic_id,f_given_g,k2,2,0.8925325398393276,0.8844026115492847,0.7888270963348076,0.9975081371518082,0.9950271940689579,0.10398770515402761,255,127,descriptive_only; never used for ID projection,ok
/home/ubuntu/cogitao-research/checkpoints/cogitao_vit_cross_attention/cogitao_c1_experiment_3_vit6_function_mlp_cross_attention/run_000/last.ckpt,900674f94996e9b2f5190e7cd8bac4486d09332daaf131226f7f107123274de1,dfec9cbb2afe6616194c1fb41430c0c5d2bc4208,3,test,crop_bottom_side,rot90,rot90 -> crop_bottom_side,"pair (f,g): fgx=f(g(x)); task-token order [g,f] means g -> f",128,128,128,image_block_02,42,78000,256,256,0.01,2,"{""fixed_ranks"": [1, 2, 4, 8, 16, 32], ""variance_thresholds"": [0.9, 0.95]}",synthetic_context_on_atomic_id,f_given_g,k4,4,0.8084746033748951,0.8011259206655597,0.6488577755115918,0.9974013406115196,0.9948123292083927,0.10973161543356633,255,127,descriptive_only; never used for ID projection,ok
/home/ubuntu/cogitao-research/checkpoints/cogitao_vit_cross_attention/cogitao_c1_experiment_3_vit6_function_mlp_cross_attention/run_000/last.ckpt,900674f94996e9b2f5190e7cd8bac4486d09332daaf131226f7f107123274de1,dfec9cbb2afe6616194c1fb41430c0c5d2bc4208,3,test,crop_bottom_side,rot90,rot90 -> crop_bottom_side,"pair (f,g): fgx=f(g(x)); task-token order [g,f] means g -> f",128,128,128,image_block_02,42,78000,256,256,0.01,2,"{""fixed_ranks"": [1, 2, 4, 8, 16, 32], ""variance_thresholds"": [0.9, 0.95]}",synthetic_context_on_atomic_id,f_given_g,k8,8,0.6778082005491693,0.6755227870903975,0.46421554601804493,0.99315901999473,0.9863750719986086,0.26116231315954563,255,127,descriptive_only; never used for ID projection,ok
/home/ubuntu/cogitao-research/checkpoints/cogitao_vit_cross_attention/cogitao_c1_experiment_3_vit6_function_mlp_cross_attention/run_000/last.ckpt,900674f94996e9b2f5190e7cd8bac4486d09332daaf131226f7f107123274de1,dfec9cbb2afe6616194c1fb41430c0c5d2bc4208,3,test,crop_bottom_side,rot90,rot90 -> crop_bottom_side,"pair (f,g): fgx=f(g(x)); task-token order [g,f] means g -> f",128,128,128,image_block_02,42,78000,256,256,0.01,2,"{""fixed_ranks"": [1, 2, 4, 8, 16, 32], ""variance_thresholds"": [0.9, 0.95]}",synthetic_context_on_atomic_id,f_given_g,k16,16,0.47894581707652684,0.47869212825651586,0.2357046856629515,0.986799246540764,0.9737864012404844,0.30942383346204,255,127,descriptive_only; never used for ID projection,ok
/home/ubuntu/cogitao-research/checkpoints/cogitao_vit_cross_attention/cogitao_c1_experiment_3_vit6_function_mlp_cross_attention/run_000/last.ckpt,900674f94996e9b2f5190e7cd8bac4486d09332daaf131226f7f107123274de1,dfec9cbb2afe6616194c1fb41430c0c5d2bc4208,3,test,crop_bottom_side,rot90,rot90 -> crop_bottom_side,"pair (f,g): fgx=f(g(x)); task-token order [g,f] means g -> f",128,128,128,image_block_02,42,78000,256,256,0.01,2,"{""fixed_ranks"": [1, 2, 4, 8, 16, 32], ""variance_thresholds"": [0.9, 0.95]}",synthetic_context_on_atomic_id,f_given_g,k32,32,0.36960558765965984,0.37095206181216783,0.14224092103434738,0.9669514494589624,0.9350396096016526,0.31977404626169253,255,127,descriptive_only; never used for ID projection,ok
/home/ubuntu/cogitao-research/checkpoints/cogitao_vit_cross_attention/cogitao_c1_experiment_3_vit6_function_mlp_cross_attention/run_000/last.ckpt,900674f94996e9b2f5190e7cd8bac4486d09332daaf131226f7f107123274de1,dfec9cbb2afe6616194c1fb41430c0c5d2bc4208,3,test,crop_bottom_side,rot90,rot90 -> crop_bottom_side,"pair (f,g): fgx=f(g(x)); task-token order [g,f] means g -> f",128,128,128,image_block_02,42,78000,256,256,0.01,2,"{""fixed_ranks"": [1, 2, 4, 8, 16, 32], ""variance_thresholds"": [0.9, 0.95]}",synthetic_context_on_atomic_id,f_given_g,variance_0.9,41,0.33976431658570505,0.3421126560271782,0.12113119413095115,0.9638871143211853,0.929125649269838,0.32323665522776196,255,127,descriptive_only; never used for ID projection,ok
/home/ubuntu/cogitao-research/checkpoints/cogitao_vit_cross_attention/cogitao_c1_experiment_3_vit6_function_mlp_cross_attention/run_000/last.ckpt,900674f94996e9b2f5190e7cd8bac4486d09332daaf131226f7f107123274de1,dfec9cbb2afe6616194c1fb41430c0c5d2bc4208,3,test,crop_bottom_side,rot90,rot90 -> crop_bottom_side,"pair (f,g): fgx=f(g(x)); task-token order [g,f] means g -> f",128,128,128,image_block_02,42,78000,256,256,0.01,2,"{""fixed_ranks"": [1, 2, 4, 8, 16, 32], ""variance_thresholds"": [0.9, 0.95]}",synthetic_context_on_atomic_id,f_given_g,variance_0.95,65,0.27716189664844726,0.27801640222894375,0.0803067836445839,0.9301275674378544,0.8652633908082155,0.33336652104762576,255,127,descriptive_only; never used for ID projection,ok
/home/ubuntu/cogitao-research/checkpoints/cogitao_vit_cross_attention/cogitao_c1_experiment_3_vit6_function_mlp_cross_attention/run_000/last.ckpt,900674f94996e9b2f5190e7cd8bac4486d09332daaf131226f7f107123274de1,dfec9cbb2afe6616194c1fb41430c0c5d2bc4208,3,test,crop_bottom_side,rot90,rot90 -> crop_bottom_side,"pair (f,g): fgx=f(g(x)); task-token order [g,f] means g -> f",128,128,128,image_block_02,42,78000,256,256,0.01,2,"{""fixed_ranks"": [1, 2, 4, 8, 16, 32], ""variance_thresholds"": [0.9, 0.95]}",synthetic_context_on_atomic_id,g_given_f,k1,1,0.9539171176353048,0.8672863063653753,0.7650043875549979,0.9993596418707464,0.9987203127834738,0.7929504080347326,255,127,descriptive_only; never used for ID projection,ok
/home/ubuntu/cogitao-research/checkpoints/cogitao_vit_cross_attention/cogitao_c1_experiment_3_vit6_function_mlp_cross_attention/run_000/last.ckpt,900674f94996e9b2f5190e7cd8bac4486d09332daaf131226f7f107123274de1,dfec9cbb2afe6616194c1fb41430c0c5d2bc4208,3,test,crop_bottom_side,rot90,rot90 -> crop_bottom_side,"pair (f,g): fgx=f(g(x)); task-token order [g,f] means g -> f",128,128,128,image_block_02,42,78000,256,256,0.01,2,"{""fixed_ranks"": [1, 2, 4, 8, 16, 32], ""variance_thresholds"": [0.9, 0.95]}",synthetic_context_on_atomic_id,g_given_f,k2,2,0.9107624311211804,0.8196677051377713,0.6870864742817391,0.998271555555174,0.996548468565513,0.45204761623672257,255,127,descriptive_only; never used for ID projection,ok
/home/ubuntu/cogitao-research/checkpoints/cogitao_vit_cross_attention/cogitao_c1_experiment_3_vit6_function_mlp_cross_attention/run_000/last.ckpt,900674f94996e9b2f5190e7cd8bac4486d09332daaf131226f7f107123274de1,dfec9cbb2afe6616194c1fb41430c0c5d2bc4208,3,test,crop_bottom_side,rot90,rot90 -> crop_bottom_side,"pair (f,g): fgx=f(g(x)); task-token order [g,f] means g -> f",128,128,128,image_block_02,42,78000,256,256,0.01,2,"{""fixed_ranks"": [1, 2, 4, 8, 16, 32], ""variance_thresholds"": [0.9, 0.95]}",synthetic_context_on_atomic_id,g_given_f,k4,4,0.8492539564768727,0.7362397418077926,0.5576634085543851,0.9962051262001376,0.9924301550285153,0.38527871492679283,255,127,descriptive_only; never used for ID projection,ok
/home/ubuntu/cogitao-research/checkpoints/cogitao_vit_cross_attention/cogitao_c1_experiment_3_vit6_function_mlp_cross_attention/run_000/last.ckpt,900674f94996e9b2f5190e7cd8bac4486d09332daaf131226f7f107123274de1,dfec9cbb2afe6616194c1fb41430c0c5d2bc4208,3,test,crop_bottom_side,rot90,rot90 -> crop_bottom_side,"pair (f,g): fgx=f(g(x)); task-token order [g,f] means g -> f",128,128,128,image_block_02,42,78000,256,256,0.01,2,"{""fixed_ranks"": [1, 2, 4, 8, 16, 32], ""variance_thresholds"": [0.9, 0.95]}",synthetic_context_on_atomic_id,g_given_f,k8,8,0.7663071031449191,0.6427582275937567,0.4263643795566229,0.9936679563705579,0.987388110342351,0.40226130994427106,255,127,descriptive_only; never used for ID projection,ok
/home/ubuntu/cogitao-research/checkpoints/cogitao_vit_cross_attention/cogitao_c1_experiment_3_vit6_function_mlp_cross_attention/run_000/last.ckpt,900674f94996e9b2f5190e7cd8bac4486d09332daaf131226f7f107123274de1,dfec9cbb2afe6616194c1fb41430c0c5d2bc4208,3,test,crop_bottom_side,rot90,rot90 -> crop_bottom_side,"pair (f,g): fgx=f(g(x)); task-token order [g,f] means g -> f",128,128,128,image_block_02,42,78000,256,256,0.01,2,"{""fixed_ranks"": [1, 2, 4, 8, 16, 32], ""variance_thresholds"": [0.9, 0.95]}",synthetic_context_on_atomic_id,g_given_f,k16,16,0.6550566080782781,0.5412989676247995,0.303096103052959,0.9828480514659175,0.9660145591142797,0.3483786435563896,255,127,descriptive_only; never used for ID projection,ok
/home/ubuntu/cogitao-research/checkpoints/cogitao_vit_cross_attention/cogitao_c1_experiment_3_vit6_function_mlp_cross_attention/run_000/last.ckpt,900674f94996e9b2f5190e7cd8bac4486d09332daaf131226f7f107123274de1,dfec9cbb2afe6616194c1fb41430c0c5d2bc4208,3,test,crop_bottom_side,rot90,rot90 -> crop_bottom_side,"pair (f,g): fgx=f(g(x)); task-token order [g,f] means g -> f",128,128,128,image_block_02,42,78000,256,256,0.01,2,"{""fixed_ranks"": [1, 2, 4, 8, 16, 32], ""variance_thresholds"": [0.9, 0.95]}",synthetic_context_on_atomic_id,g_given_f,k32,32,0.5437259408917648,0.4368516071790143,0.19722332762638448,0.9703049596787754,0.941551449086,0.3589554806855185,255,127,descriptive_only; never used for ID projection,ok
/home/ubuntu/cogitao-research/checkpoints/cogitao_vit_cross_attention/cogitao_c1_experiment_3_vit6_function_mlp_cross_attention/run_000/last.ckpt,900674f94996e9b2f5190e7cd8bac4486d09332daaf131226f7f107123274de1,dfec9cbb2afe6616194c1fb41430c0c5d2bc4208,3,test,crop_bottom_side,rot90,rot90 -> crop_bottom_side,"pair (f,g): fgx=f(g(x)); task-token order [g,f] means g -> f",128,128,128,image_block_02,42,78000,256,256,0.01,2,"{""fixed_ranks"": [1, 2, 4, 8, 16, 32], ""variance_thresholds"": [0.9, 0.95]}",synthetic_context_on_atomic_id,g_given_f,variance_0.9,42,0.49941766152909994,0.39892297434371315,0.16425351704439717,0.9505535531321785,0.903679424560637,0.36921299492556514,255,127,descriptive_only; never used for ID projection,ok
/home/ubuntu/cogitao-research/checkpoints/cogitao_vit_cross_attention/cogitao_c1_experiment_3_vit6_function_mlp_cross_attention/run_000/last.ckpt,900674f94996e9b2f5190e7cd8bac4486d09332daaf131226f7f107123274de1,dfec9cbb2afe6616194c1fb41430c0c5d2bc4208,3,test,crop_bottom_side,rot90,rot90 -> crop_bottom_side,"pair (f,g): fgx=f(g(x)); task-token order [g,f] means g -> f",128,128,128,image_block_02,42,78000,256,256,0.01,2,"{""fixed_ranks"": [1, 2, 4, 8, 16, 32], ""variance_thresholds"": [0.9, 0.95]}",synthetic_context_on_atomic_id,g_given_f,variance_0.95,67,0.41583247844457716,0.3335221754959564,0.11516051612490705,0.9307631694707091,0.8664275041513462,0.3752566471196031,255,127,descriptive_only; never used for ID projection,ok
/home/ubuntu/cogitao-research/checkpoints/cogitao_vit_cross_attention/cogitao_c1_experiment_3_vit6_function_mlp_cross_attention/run_000/last.ckpt,900674f94996e9b2f5190e7cd8bac4486d09332daaf131226f7f107123274de1,dfec9cbb2afe6616194c1fb41430c0c5d2bc4208,3,test,crop_bottom_side,rot90,rot90 -> crop_bottom_side,"pair (f,g): fgx=f(g(x)); task-token order [g,f] means g -> f",128,128,128,image_block_03,42,78000,256,256,0.01,2,"{""fixed_ranks"": [1, 2, 4, 8, 16, 32], ""variance_thresholds"": [0.9, 0.95]}",synthetic_context_on_atomic_id,f_given_g,k1,1,0.966500938169698,0.968676170997766,0.9397682472271482,0.9996815987678885,0.9993634901510788,0.9360541860200982,255,127,descriptive_only; never used for ID projection,ok
/home/ubuntu/cogitao-research/checkpoints/cogitao_vit_cross_attention/cogitao_c1_experiment_3_vit6_function_mlp_cross_attention/run_000/last.ckpt,900674f94996e9b2f5190e7cd8bac4486d09332daaf131226f7f107123274de1,dfec9cbb2afe6616194c1fb41430c0c5d2bc4208,3,test,crop_bottom_side,rot90,rot90 -> crop_bottom_side,"pair (f,g): fgx=f(g(x)); task-token order [g,f] means g -> f",128,128,128,image_block_03,42,78000,256,256,0.01,2,"{""fixed_ranks"": [1, 2, 4, 8, 16, 32], ""variance_thresholds"": [0.9, 0.95]}",synthetic_context_on_atomic_id,f_given_g,k2,2,0.9371972809779604,0.9394559217479554,0.8873712275777039,0.9982222085216885,0.9964507582123836,0.12080815500140729,255,127,descriptive_only; never used for ID projection,ok
/home/ubuntu/cogitao-research/checkpoints/cogitao_vit_cross_attention/cogitao_c1_experiment_3_vit6_function_mlp_cross_attention/run_000/last.ckpt,900674f94996e9b2f5190e7cd8bac4486d09332daaf131226f7f107123274de1,dfec9cbb2afe6616194c1fb41430c0c5d2bc4208,3,test,crop_bottom_side,rot90,rot90 -> crop_bottom_side,"pair (f,g): fgx=f(g(x)); task-token order [g,f] means g -> f",128,128,128,image_block_03,42,78000,256,256,0.01,2,"{""fixed_ranks"": [1, 2, 4, 8, 16, 32], ""variance_thresholds"": [0.9, 0.95]}",synthetic_context_on_atomic_id,f_given_g,k4,4,0.8697188359206229,0.8697074744605522,0.7624697495322003,0.9973673155318282,0.9947447661700817,0.19601299902974764,255,127,descriptive_only; never used for ID projection,ok
/home/ubuntu/cogitao-research/checkpoints/cogitao_vit_cross_attention/cogitao_c1_experiment_3_vit6_function_mlp_cross_attention/run_000/last.ckpt,900674f94996e9b2f5190e7cd8bac4486d09332daaf131226f7f107123274de1,dfec9cbb2afe6616194c1fb41430c0c5d2bc4208,3,test,crop_bottom_side,rot90,rot90 -> crop_bottom_side,"pair (f,g): fgx=f(g(x)); task-token order [g,f] means g -> f",128,128,128,image_block_03,42,78000,256,256,0.01,2,"{""fixed_ranks"": [1, 2, 4, 8, 16, 32], ""variance_thresholds"": [0.9, 0.95]}",synthetic_context_on_atomic_id,f_given_g,k8,8,0.6579059318406634,0.6625250764403114,0.44369232751862797,0.9929651099936567,0.9859884165823629,0.271905635485935,255,127,descriptive_only; never used for ID projection,ok
/home/ubuntu/cogitao-research/checkpoints/cogitao_vit_cross_attention/cogitao_c1_experiment_3_vit6_function_mlp_cross_attention/run_000/last.ckpt,900674f94996e9b2f5190e7cd8bac4486d09332daaf131226f7f107123274de1,dfec9cbb2afe6616194c1fb41430c0c5d2bc4208,3,test,crop_bottom_side,rot90,rot90 -> crop_bottom_side,"pair (f,g): fgx=f(g(x)); task-token order [g,f] means g -> f",128,128,128,image_block_03,42,78000,256,256,0.01,2,"{""fixed_ranks"": [1, 2, 4, 8, 16, 32], ""variance_thresholds"": [0.9, 0.95]}",synthetic_context_on_atomic_id,f_given_g,k16,16,0.4937617400527441,0.4978730434323865,0.2537430320395185,0.9873113610635259,0.9748035610768757,0.3142913850731998,255,127,descriptive_only; never used for ID projection,ok
/home/ubuntu/cogitao-research/checkpoints/cogitao_vit_cross_attention/cogitao_c1_experiment_3_vit6_function_mlp_cross_attention/run_000/last.ckpt,900674f94996e9b2f5190e7cd8bac4486d09332daaf131226f7f107123274de1,dfec9cbb2afe6616194c1fb41430c0c5d2bc4208,3,test,crop_bottom_side,rot90,rot90 -> crop_bottom_side,"pair (f,g): fgx=f(g(x)); task-token order [g,f] means g -> f",128,128,128,image_block_03,42,78000,256,256,0.01,2,"{""fixed_ranks"": [1, 2, 4, 8, 16, 32], ""variance_thresholds"": [0.9, 0.95]}",synthetic_context_on_atomic_id,f_given_g,k32,32,0.39899815531201055,0.40330438030730853,0.16754264207404773,0.9635920869030317,0.9285686534762587,0.3434393898498278,255,127,descriptive_only; never used for ID projection,ok
/home/ubuntu/cogitao-research/checkpoints/cogitao_vit_cross_attention/cogitao_c1_experiment_3_vit6_function_mlp_cross_attention/run_000/last.ckpt,900674f94996e9b2f5190e7cd8bac4486d09332daaf131226f7f107123274de1,dfec9cbb2afe6616194c1fb41430c0c5d2bc4208,3,test,crop_bottom_side,rot90,rot90 -> crop_bottom_side,"pair (f,g): fgx=f(g(x)); task-token order [g,f] means g -> f",128,128,128,image_block_03,42,78000,256,256,0.01,2,"{""fixed_ranks"": [1, 2, 4, 8, 16, 32], ""variance_thresholds"": [0.9, 0.95]}",synthetic_context_on_atomic_id,f_given_g,variance_0.9,46,0.35414891887468714,0.35933906535055843,0.13320530374078504,0.9608181213890993,0.9232314314487131,0.3618090375027193,255,127,descriptive_only; never used for ID projection,ok
/home/ubuntu/cogitao-research/checkpoints/cogitao_vit_cross_attention/cogitao_c1_experiment_3_vit6_function_mlp_cross_attention/run_000/last.ckpt,900674f94996e9b2f5190e7cd8bac4486d09332daaf131226f7f107123274de1,dfec9cbb2afe6616194c1fb41430c0c5d2bc4208,3,test,crop_bottom_side,rot90,rot90 -> crop_bottom_side,"pair (f,g): fgx=f(g(x)); task-token order [g,f] means g -> f",128,128,128,image_block_03,42,78000,256,256,0.01,2,"{""fixed_ranks"": [1, 2, 4, 8, 16, 32], ""variance_thresholds"": [0.9, 0.95]}",synthetic_context_on_atomic_id,f_given_g,variance_0.95,72,0.29511182549671966,0.30008713602409975,0.09304178584437794,0.9227294067580852,0.8515989814884397,0.3698119647757622,255,127,descriptive_only; never used for ID projection,ok
/home/ubuntu/cogitao-research/checkpoints/cogitao_vit_cross_attention/cogitao_c1_experiment_3_vit6_function_mlp_cross_attention/run_000/last.ckpt,900674f94996e9b2f5190e7cd8bac4486d09332daaf131226f7f107123274de1,dfec9cbb2afe6616194c1fb41430c0c5d2bc4208,3,test,crop_bottom_side,rot90,rot90 -> crop_bottom_side,"pair (f,g): fgx=f(g(x)); task-token order [g,f] means g -> f",128,128,128,image_block_03,42,78000,256,256,0.01,2,"{""fixed_ranks"": [1, 2, 4, 8, 16, 32], ""variance_thresholds"": [0.9, 0.95]}",synthetic_context_on_atomic_id,g_given_f,k1,1,0.9480252826116103,0.7679073683236839,0.6124840993199794,0.9993698133913167,0.9987406635571844,0.13426589168519887,255,127,descriptive_only; never used for ID projection,ok
/home/ubuntu/cogitao-research/checkpoints/cogitao_vit_cross_attention/cogitao_c1_experiment_3_vit6_function_mlp_cross_attention/run_000/last.ckpt,900674f94996e9b2f5190e7cd8bac4486d09332daaf131226f7f107123274de1,dfec9cbb2afe6616194c1fb41430c0c5d2bc4208,3,test,crop_bottom_side,rot90,rot90 -> crop_bottom_side,"pair (f,g): fgx=f(g(x)); task-token order [g,f] means g -> f",128,128,128,image_block_03,42,78000,256,256,0.01,2,"{""fixed_ranks"": [1, 2, 4, 8, 16, 32], ""variance_thresholds"": [0.9, 0.95]}",synthetic_context_on_atomic_id,g_given_f,k2,2,0.8606022846355699,0.7305919519275957,0.5589256552319632,0.9988485266518334,0.9976995503794184,0.4970823620458047,255,127,descriptive_only; never used for ID projection,ok
/home/ubuntu/cogitao-research/checkpoints/cogitao_vit_cross_attention/cogitao_c1_experiment_3_vit6_function_mlp_cross_attention/run_000/last.ckpt,900674f94996e9b2f5190e7cd8bac4486d09332daaf131226f7f107123274de1,dfec9cbb2afe6616194c1fb41430c0c5d2bc4208,3,test,crop_bottom_side,rot90,rot90 -> crop_bottom_side,"pair (f,g): fgx=f(g(x)); task-token order [g,f] means g -> f",128,128,128,image_block_03,42,78000,256,256,0.01,2,"{""fixed_ranks"": [1, 2, 4, 8, 16, 32], ""variance_thresholds"": [0.9, 0.95]}",synthetic_context_on_atomic_id,g_given_f,k4,4,0.7988019630410286,0.6431234390026166,0.4343268269363193,0.9950503663825632,0.9901342560961738,0.2683911242251508,255,127,descriptive_only; never used for ID projection,ok
/home/ubuntu/cogitao-research/checkpoints/cogitao_vit_cross_attention/cogitao_c1_experiment_3_vit6_function_mlp_cross_attention/run_000/last.ckpt,900674f94996e9b2f5190e7cd8bac4486d09332daaf131226f7f107123274de1,dfec9cbb2afe6616194c1fb41430c0c5d2bc4208,3,test,crop_bottom_side,rot90,rot90 -> crop_bottom_side,"pair (f,g): fgx=f(g(x)); task-token order [g,f] means g -> f",128,128,128,image_block_03,42,78000,256,256,0.01,2,"{""fixed_ranks"": [1, 2, 4, 8, 16, 32], ""variance_thresholds"": [0.9, 0.95]}",synthetic_context_on_atomic_id,g_given_f,k8,8,0.7189790504783888,0.5443381643014555,0.3148548308438621,0.9926991415552212,0.9854583199920424,0.3083039739061876,255,127,descriptive_only; never used for ID projection,ok
/home/ubuntu/cogitao-research/checkpoints/cogitao_vit_cross_attention/cogitao_c1_experiment_3_vit6_function_mlp_cross_attention/run_000/last.ckpt,900674f94996e9b2f5190e7cd8bac4486d09332daaf131226f7f107123274de1,dfec9cbb2afe6616194c1fb41430c0c5d2bc4208,3,test,crop_bottom_side,rot90,rot90 -> crop_bottom_side,"pair (f,g): fgx=f(g(x)); task-token order [g,f] means g -> f",128,128,128,image_block_03,42,78000,256,256,0.01,2,"{""fixed_ranks"": [1, 2, 4, 8, 16, 32], ""variance_thresholds"": [0.9, 0.95]}",synthetic_context_on_atomic_id,g_given_f,k16,16,0.6262789866900227,0.46474225131215147,0.2286757798753577,0.9827608312661145,0.9658376979206806,0.35539116839498097,255,127,descriptive_only; never used for ID projection,ok
/home/ubuntu/cogitao-research/checkpoints/cogitao_vit_cross_attention/cogitao_c1_experiment_3_vit6_function_mlp_cross_attention/run_000/last.ckpt,900674f94996e9b2f5190e7cd8bac4486d09332daaf131226f7f107123274de1,dfec9cbb2afe6616194c1fb41430c0c5d2bc4208,3,test,crop_bottom_side,rot90,rot90 -> crop_bottom_side,"pair (f,g): fgx=f(g(x)); task-token order [g,f] means g -> f",128,128,128,image_block_03,42,78000,256,256,0.01,2,"{""fixed_ranks"": [1, 2, 4, 8, 16, 32], ""variance_thresholds"": [0.9, 0.95]}",synthetic_context_on_atomic_id,g_given_f,k32,32,0.5165501825756219,0.37812690363456614,0.1513057243500277,0.9679343956367901,0.9369446643904473,0.36447333014176597,255,127,descriptive_only; never used for ID projection,ok
/home/ubuntu/cogitao-research/checkpoints/cogitao_vit_cross_attention/cogitao_c1_experiment_3_vit6_function_mlp_cross_attention/run_000/last.ckpt,900674f94996e9b2f5190e7cd8bac4486d09332daaf131226f7f107123274de1,dfec9cbb2afe6616194c1fb41430c0c5d2bc4208,3,test,crop_bottom_side,rot90,rot90 -> crop_bottom_side,"pair (f,g): fgx=f(g(x)); task-token order [g,f] means g -> f",128,128,128,image_block_03,42,78000,256,256,0.01,2,"{""fixed_ranks"": [1, 2, 4, 8, 16, 32], ""variance_thresholds"": [0.9, 0.95]}",synthetic_context_on_atomic_id,g_given_f,variance_0.9,34,0.5073070190183864,0.37192028808625555,0.14633295416963527,0.961490879662922,0.9245299173996679,0.37105310689044546,255,127,descriptive_only; never used for ID projection,ok
/home/ubuntu/cogitao-research/checkpoints/cogitao_vit_cross_attention/cogitao_c1_experiment_3_vit6_function_mlp_cross_attention/run_000/last.ckpt,900674f94996e9b2f5190e7cd8bac4486d09332daaf131226f7f107123274de1,dfec9cbb2afe6616194c1fb41430c0c5d2bc4208,3,test,crop_bottom_side,rot90,rot90 -> crop_bottom_side,"pair (f,g): fgx=f(g(x)); task-token order [g,f] means g -> f",128,128,128,image_block_03,42,78000,256,256,0.01,2,"{""fixed_ranks"": [1, 2, 4, 8, 16, 32], ""variance_thresholds"": [0.9, 0.95]}",synthetic_context_on_atomic_id,g_given_f,variance_0.95,59,0.4251688193189389,0.3137650374730816,0.10452496581141715,0.934293754700775,0.87304776615159,0.401696464783962,255,127,descriptive_only; never used for ID projection,ok
/home/ubuntu/cogitao-research/checkpoints/cogitao_vit_cross_attention/cogitao_c1_experiment_3_vit6_function_mlp_cross_attention/run_000/last.ckpt,900674f94996e9b2f5190e7cd8bac4486d09332daaf131226f7f107123274de1,dfec9cbb2afe6616194c1fb41430c0c5d2bc4208,3,test,crop_bottom_side,rot90,rot90 -> crop_bottom_side,"pair (f,g): fgx=f(g(x)); task-token order [g,f] means g -> f",128,128,128,image_block_04,42,78000,256,256,0.01,2,"{""fixed_ranks"": [1, 2, 4, 8, 16, 32], ""variance_thresholds"": [0.9, 0.95]}",synthetic_context_on_atomic_id,f_given_g,k1,1,0.9764274790875775,0.9771032856173847,0.9555966634965651,0.998703973906817,0.9974106283817025,0.9401396678095281,255,127,descriptive_only; never used for ID projection,ok
/home/ubuntu/cogitao-research/checkpoints/cogitao_vit_cross_attention/cogitao_c1_experiment_3_vit6_function_mlp_cross_attention/run_000/last.ckpt,900674f94996e9b2f5190e7cd8bac4486d09332daaf131226f7f107123274de1,dfec9cbb2afe6616194c1fb41430c0c5d2bc4208,3,test,crop_bottom_side,rot90,rot90 -> crop_bottom_side,"pair (f,g): fgx=f(g(x)); task-token order [g,f] means g -> f",128,128,128,image_block_04,42,78000,256,256,0.01,2,"{""fixed_ranks"": [1, 2, 4, 8, 16, 32], ""variance_thresholds"": [0.9, 0.95]}",synthetic_context_on_atomic_id,f_given_g,k2,2,0.9469894030352974,0.951793868813956,0.9093918659090147,0.9984984561779187,0.997000923627112,0.26363894237624913,255,127,descriptive_only; never used for ID projection,ok
/home/ubuntu/cogitao-research/checkpoints/cogitao_vit_cross_attention/cogitao_c1_experiment_3_vit6_function_mlp_cross_attention/run_000/last.ckpt,900674f94996e9b2f5190e7cd8bac4486d09332daaf131226f7f107123274de1,dfec9cbb2afe6616194c1fb41430c0c5d2bc4208,3,test,crop_bottom_side,rot90,rot90 -> crop_bottom_side,"pair (f,g): fgx=f(g(x)); task-token order [g,f] means g -> f",128,128,128,image_block_04,42,78000,256,256,0.01,2,"{""fixed_ranks"": [1, 2, 4, 8, 16, 32], ""variance_thresholds"": [0.9, 0.95]}",synthetic_context_on_atomic_id,f_given_g,k4,4,0.8609931017367929,0.8640402060000074,0.7510221721246548,0.9973345962408622,0.9946798202233709,0.26092891219510983,255,127,descriptive_only; never used for ID projection,ok
/home/ubuntu/cogitao-research/checkpoints/cogitao_vit_cross_attention/cogitao_c1_experiment_3_vit6_function_mlp_cross_attention/run_000/last.ckpt,900674f94996e9b2f5190e7cd8bac4486d09332daaf131226f7f107123274de1,dfec9cbb2afe6616194c1fb41430c0c5d2bc4208,3,test,crop_bottom_side,rot90,rot90 -> crop_bottom_side,"pair (f,g): fgx=f(g(x)); task-token order [g,f] means g -> f",128,128,128,image_block_04,42,78000,256,256,0.01,2,"{""fixed_ranks"": [1, 2, 4, 8, 16, 32], ""variance_thresholds"": [0.9, 0.95]}",synthetic_context_on_atomic_id,f_given_g,k8,8,0.7768287317001574,0.777221724676928,0.6099053835790653,0.9914599982911385,0.9830046778849244,0.28606230781688124,255,127,descriptive_only; never used for ID projection,ok
/home/ubuntu/cogitao-research/checkpoints/cogitao_vit_cross_attention/cogitao_c1_experiment_3_vit6_function_mlp_cross_attention/run_000/last.ckpt,900674f94996e9b2f5190e7cd8bac4486d09332daaf131226f7f107123274de1,dfec9cbb2afe6616194c1fb41430c0c5d2bc4208,3,test,crop_bottom_side,rot90,rot90 -> crop_bottom_side,"pair (f,g): fgx=f(g(x)); task-token order [g,f] means g -> f",128,128,128,image_block_04,42,78000,256,256,0.01,2,"{""fixed_ranks"": [1, 2, 4, 8, 16, 32], ""variance_thresholds"": [0.9, 0.95]}",synthetic_context_on_atomic_id,f_given_g,k16,16,0.5287254515676212,0.5341000912264773,0.2916272160927219,0.9870511529480954,0.9742863820655634,0.3586580381106297,255,127,descriptive_only; never used for ID projection,ok
/home/ubuntu/cogitao-research/checkpoints/cogitao_vit_cross_attention/cogitao_c1_experiment_3_vit6_function_mlp_cross_attention/run_000/last.ckpt,900674f94996e9b2f5190e7cd8bac4486d09332daaf131226f7f107123274de1,dfec9cbb2afe6616194c1fb41430c0c5d2bc4208,3,test,crop_bottom_side,rot90,rot90 -> crop_bottom_side,"pair (f,g): fgx=f(g(x)); task-token order [g,f] means g -> f",128,128,128,image_block_04,42,78000,256,256,0.01,2,"{""fixed_ranks"": [1, 2, 4, 8, 16, 32], ""variance_thresholds"": [0.9, 0.95]}",synthetic_context_on_atomic_id,f_given_g,k32,32,0.43499354114017297,0.4394997514046111,0.19764081330050837,0.9619796478122863,0.9254584107099291,0.36686539084790926,255,127,descriptive_only; never used for ID projection,ok
/home/ubuntu/cogitao-research/checkpoints/cogitao_vit_cross_attention/cogitao_c1_experiment_3_vit6_function_mlp_cross_attention/run_000/last.ckpt,900674f94996e9b2f5190e7cd8bac4486d09332daaf131226f7f107123274de1,dfec9cbb2afe6616194c1fb41430c0c5d2bc4208,3,test,crop_bottom_side,rot90,rot90 -> crop_bottom_side,"pair (f,g): fgx=f(g(x)); task-token order [g,f] means g -> f",128,128,128,image_block_04,42,78000,256,256,0.01,2,"{""fixed_ranks"": [1, 2, 4, 8, 16, 32], ""variance_thresholds"": [0.9, 0.95]}",synthetic_context_on_atomic_id,f_given_g,variance_0.9,52,0.36492319678941426,0.3696777027528241,0.14052934949235882,0.9422468469316695,0.8878922010058676,0.38433820571495403,255,127,descriptive_only; never used for ID projection,ok
/home/ubuntu/cogitao-research/checkpoints/cogitao_vit_cross_attention/cogitao_c1_experiment_3_vit6_function_mlp_cross_attention/run_000/last.ckpt,900674f94996e9b2f5190e7cd8bac4486d09332daaf131226f7f107123274de1,dfec9cbb2afe6616194c1fb41430c0c5d2bc4208,3,test,crop_bottom_side,rot90,rot90 -> crop_bottom_side,"pair (f,g): fgx=f(g(x)); task-token order [g,f] means g -> f",128,128,128,image_block_04,42,78000,256,256,0.01,2,"{""fixed_ranks"": [1, 2, 4, 8, 16, 32], ""variance_thresholds"": [0.9, 0.95]}",synthetic_context_on_atomic_id,f_given_g,variance_0.95,81,0.309033677853054,0.3134302637752463,0.10126982210127122,0.9191040785616742,0.8448625151994409,0.3999205404942777,255,127,descriptive_only; never used for ID projection,ok
/home/ubuntu/cogitao-research/checkpoints/cogitao_vit_cross_attention/cogitao_c1_experiment_3_vit6_function_mlp_cross_attention/run_000/last.ckpt,900674f94996e9b2f5190e7cd8bac4486d09332daaf131226f7f107123274de1,dfec9cbb2afe6616194c1fb41430c0c5d2bc4208,3,test,crop_bottom_side,rot90,rot90 -> crop_bottom_side,"pair (f,g): fgx=f(g(x)); task-token order [g,f] means g -> f",128,128,128,image_block_04,42,78000,256,256,0.01,2,"{""fixed_ranks"": [1, 2, 4, 8, 16, 32], ""variance_thresholds"": [0.9, 0.95]}",synthetic_context_on_atomic_id,g_given_f,k1,1,0.9501449322046749,0.7626883674301344,0.6029286390227805,0.9992109494855899,0.9984235454846945,0.10758053950279256,255,127,descriptive_only; never used for ID projection,ok
/home/ubuntu/cogitao-research/checkpoints/cogitao_vit_cross_attention/cogitao_c1_experiment_3_vit6_function_mlp_cross_attention/run_000/last.ckpt,900674f94996e9b2f5190e7cd8bac4486d09332daaf131226f7f107123274de1,dfec9cbb2afe6616194c1fb41430c0c5d2bc4208,3,test,crop_bottom_side,rot90,rot90 -> crop_bottom_side,"pair (f,g): fgx=f(g(x)); task-token order [g,f] means g -> f",128,128,128,image_block_04,42,78000,256,256,0.01,2,"{""fixed_ranks"": [1, 2, 4, 8, 16, 32], ""variance_thresholds"": [0.9, 0.95]}",synthetic_context_on_atomic_id,g_given_f,k2,2,0.8713586043416364,0.7317670766574617,0.5587275526008304,0.9990809172292443,0.9981635415554877,0.5136484638433656,255,127,descriptive_only; never used for ID projection,ok
/home/ubuntu/cogitao-research/checkpoints/cogitao_vit_cross_attention/cogitao_c1_experiment_3_vit6_function_mlp_cross_attention/run_000/last.ckpt,900674f94996e9b2f5190e7cd8bac4486d09332daaf131226f7f107123274de1,dfec9cbb2afe6616194c1fb41430c0c5d2bc4208,3,test,crop_bottom_side,rot90,rot90 -> crop_bottom_side,"pair (f,g): fgx=f(g(x)); task-token order [g,f] means g -> f",128,128,128,image_block_04,42,78000,256,256,0.01,2,"{""fixed_ranks"": [1, 2, 4, 8, 16, 32], ""variance_thresholds"": [0.9, 0.95]}",synthetic_context_on_atomic_id,g_given_f,k4,4,0.8041146954903643,0.6467611837318425,0.4358047698016527,0.9954280215060253,0.9908854607496368,0.30247674116821177,255,127,descriptive_only; never used for ID projection,ok
/home/ubuntu/cogitao-research/checkpoints/cogitao_vit_cross_attention/cogitao_c1_experiment_3_vit6_function_mlp_cross_attention/run_000/last.ckpt,900674f94996e9b2f5190e7cd8bac4486d09332daaf131226f7f107123274de1,dfec9cbb2afe6616194c1fb41430c0c5d2bc4208,3,test,crop_bottom_side,rot90,rot90 -> crop_bottom_side,"pair (f,g): fgx=f(g(x)); task-token order [g,f] means g -> f",128,128,128,image_block_04,42,78000,256,256,0.01,2,"{""fixed_ranks"": [1, 2, 4, 8, 16, 32], ""variance_thresholds"": [0.9, 0.95]}",synthetic_context_on_atomic_id,g_given_f,k8,8,0.7415935887528167,0.5642721963386125,0.33566128782016125,0.9921242404116981,0.9843225294616181,0.3418380538278156,255,127,descriptive_only; never used for ID projection,ok
/home/ubuntu/cogitao-research/checkpoints/cogitao_vit_cross_attention/cogitao_c1_experiment_3_vit6_function_mlp_cross_attention/run_000/last.ckpt,900674f94996e9b2f5190e7cd8bac4486d09332daaf131226f7f107123274de1,dfec9cbb2afe6616194c1fb41430c0c5d2bc4208,3,test,crop_bottom_side,rot90,rot90 -> crop_bottom_side,"pair (f,g): fgx=f(g(x)); task-token order [g,f] means g -> f",128,128,128,image_block_04,42,78000,256,256,0.01,2,"{""fixed_ranks"": [1, 2, 4, 8, 16, 32], ""variance_thresholds"": [0.9, 0.95]}",synthetic_context_on_atomic_id,g_given_f,k16,16,0.6560970000914375,0.4917935944074016,0.25463248685988754,0.9855496400649811,0.9713228060941246,0.3903478095096921,255,127,descriptive_only; never used for ID projection,ok
/home/ubuntu/cogitao-research/checkpoints/cogitao_vit_cross_attention/cogitao_c1_experiment_3_vit6_function_mlp_cross_attention/run_000/last.ckpt,900674f94996e9b2f5190e7cd8bac4486d09332daaf131226f7f107123274de1,dfec9cbb2afe6616194c1fb41430c0c5d2bc4208,3,test,crop_bottom_side,rot90,rot90 -> crop_bottom_side,"pair (f,g): fgx=f(g(x)); task-token order [g,f] means g -> f",128,128,128,image_block_04,42,78000,256,256,0.01,2,"{""fixed_ranks"": [1, 2, 4, 8, 16, 32], ""variance_thresholds"": [0.9, 0.95]}",synthetic_context_on_atomic_id,g_given_f,k32,32,0.5488288821764526,0.4075647328728795,0.17556558999463368,0.963039623482217,0.927512619686691,0.39273082277313875,255,127,descriptive_only; never used for ID projection,ok
/home/ubuntu/cogitao-research/checkpoints/cogitao_vit_cross_attention/cogitao_c1_experiment_3_vit6_function_mlp_cross_attention/run_000/last.ckpt,900674f94996e9b2f5190e7cd8bac4486d09332daaf131226f7f107123274de1,dfec9cbb2afe6616194c1fb41430c0c5d2bc4208,3,test,crop_bottom_side,rot90,rot90 -> crop_bottom_side,"pair (f,g): fgx=f(g(x)); task-token order [g,f] means g -> f",128,128,128,image_block_04,42,78000,256,256,0.01,2,"{""fixed_ranks"": [1, 2, 4, 8, 16, 32], ""variance_thresholds"": [0.9, 0.95]}",synthetic_context_on_atomic_id,g_given_f,variance_0.9,39,0.5193719751981931,0.3835373225077025,0.15524945090828843,0.9604416220975371,0.9224921404129784,0.4042629408498106,255,127,descriptive_only; never used for ID projection,ok
/home/ubuntu/cogitao-research/checkpoints/cogitao_vit_cross_attention/cogitao_c1_experiment_3_vit6_function_mlp_cross_attention/run_000/last.ckpt,900674f94996e9b2f5190e7cd8bac4486d09332daaf131226f7f107123274de1,dfec9cbb2afe6616194c1fb41430c0c5d2bc4208,3,test,crop_bottom_side,rot90,rot90 -> crop_bottom_side,"pair (f,g): fgx=f(g(x)); task-token order [g,f] means g -> f",128,128,128,image_block_04,42,78000,256,256,0.01,2,"{""fixed_ranks"": [1, 2, 4, 8, 16, 32], ""variance_thresholds"": [0.9, 0.95]}",synthetic_context_on_atomic_id,g_given_f,variance_0.95,66,0.4424351473298169,0.3296003852832746,0.11482730352544762,0.9359235334607865,0.8760538792132618,0.4284142622330285,255,127,descriptive_only; never used for ID projection,ok
/home/ubuntu/cogitao-research/checkpoints/cogitao_vit_cross_attention/cogitao_c1_experiment_3_vit6_function_mlp_cross_attention/run_000/last.ckpt,900674f94996e9b2f5190e7cd8bac4486d09332daaf131226f7f107123274de1,dfec9cbb2afe6616194c1fb41430c0c5d2bc4208,3,test,crop_bottom_side,rot90,rot90 -> crop_bottom_side,"pair (f,g): fgx=f(g(x)); task-token order [g,f] means g -> f",128,128,128,image_block_05,42,78000,256,256,0.01,2,"{""fixed_ranks"": [1, 2, 4, 8, 16, 32], ""variance_thresholds"": [0.9, 0.95]}",synthetic_context_on_atomic_id,f_given_g,k1,1,0.9767844912271604,0.9764502752431644,0.954214137782434,0.9982190298921227,0.9964427600265205,0.8124635866020158,255,127,descriptive_only; never used for ID projection,ok
/home/ubuntu/cogitao-research/checkpoints/cogitao_vit_cross_attention/cogitao_c1_experiment_3_vit6_function_mlp_cross_attention/run_000/last.ckpt,900674f94996e9b2f5190e7cd8bac4486d09332daaf131226f7f107123274de1,dfec9cbb2afe6616194c1fb41430c0c5d2bc4208,3,test,crop_bottom_side,rot90,rot90 -> crop_bottom_side,"pair (f,g): fgx=f(g(x)); task-token order [g,f] means g -> f",128,128,128,image_block_05,42,78000,256,256,0.01,2,"{""fixed_ranks"": [1, 2, 4, 8, 16, 32], ""variance_thresholds"": [0.9, 0.95]}",synthetic_context_on_atomic_id,f_given_g,k2,2,0.9484339957489705,0.9524305308376569,0.9102679701800872,0.9980036944072531,0.9960135412536117,0.50847004806602,255,127,descriptive_only; never used for ID projection,ok
/home/ubuntu/cogitao-research/checkpoints/cogitao_vit_cross_attention/cogitao_c1_experiment_3_vit6_function_mlp_cross_attention/run_000/last.ckpt,900674f94996e9b2f5190e7cd8bac4486d09332daaf131226f7f107123274de1,dfec9cbb2afe6616194c1fb41430c0c5d2bc4208,3,test,crop_bottom_side,rot90,rot90 -> crop_bottom_side,"pair (f,g): fgx=f(g(x)); task-token order [g,f] means g -> f",128,128,128,image_block_05,42,78000,256,256,0.01,2,"{""fixed_ranks"": [1, 2, 4, 8, 16, 32], ""variance_thresholds"": [0.9, 0.95]}",synthetic_context_on_atomic_id,f_given_g,k4,4,0.8420041284664979,0.8415267420647821,0.7136763984645942,0.996807092885343,0.9936281404536742,0.2486072751341617,255,127,descriptive_only; never used for ID projection,ok
/home/ubuntu/cogitao-research/checkpoints/cogitao_vit_cross_attention/cogitao_c1_experiment_3_vit6_function_mlp_cross_attention/run_000/last.ckpt,900674f94996e9b2f5190e7cd8bac4486d09332daaf131226f7f107123274de1,dfec9cbb2afe6616194c1fb41430c0c5d2bc4208,3,test,crop_bottom_side,rot90,rot90 -> crop_bottom_side,"pair (f,g): fgx=f(g(x)); task-token order [g,f] means g -> f",128,128,128,image_block_05,42,78000,256,256,0.01,2,"{""fixed_ranks"": [1, 2, 4, 8, 16, 32], ""variance_thresholds"": [0.9, 0.95]}",synthetic_context_on_atomic_id,f_given_g,k8,8,0.7890972123681512,0.7878057591206378,0.6261513508696754,0.9912896405783673,0.9826660343980858,0.344370169608581,255,127,descriptive_only; never used for ID projection,ok
/home/ubuntu/cogitao-research/checkpoints/cogitao_vit_cross_attention/cogitao_c1_experiment_3_vit6_function_mlp_cross_attention/run_000/last.ckpt,900674f94996e9b2f5190e7cd8bac4486d09332daaf131226f7f107123274de1,dfec9cbb2afe6616194c1fb41430c0c5d2bc4208,3,test,crop_bottom_side,rot90,rot90 -> crop_bottom_side,"pair (f,g): fgx=f(g(x)); task-token order [g,f] means g -> f",128,128,128,image_block_05,42,78000,256,256,0.01,2,"{""fixed_ranks"": [1, 2, 4, 8, 16, 32], ""variance_thresholds"": [0.9, 0.95]}",synthetic_context_on_atomic_id,f_given_g,k16,16,0.5673996217518151,0.567237800538482,0.32804707356234997,0.9879004868182264,0.9759593703541218,0.36333759002852145,255,127,descriptive_only; never used for ID projection,ok
/home/ubuntu/cogitao-research/checkpoints/cogitao_vit_cross_attention/cogitao_c1_experiment_3_vit6_function_mlp_cross_attention/run_000/last.ckpt,900674f94996e9b2f5190e7cd8bac4486d09332daaf131226f7f107123274de1,dfec9cbb2afe6616194c1fb41430c0c5d2bc4208,3,test,crop_bottom_side,rot90,rot90 -> crop_bottom_side,"pair (f,g): fgx=f(g(x)); task-token order [g,f] means g -> f",128,128,128,image_block_05,42,78000,256,256,0.01,2,"{""fixed_ranks"": [1, 2, 4, 8, 16, 32], ""variance_thresholds"": [0.9, 0.95]}",synthetic_context_on_atomic_id,f_given_g,k32,32,0.45531347038271586,0.4566049256544525,0.21453176991070252,0.9577386381185584,0.9173344440230563,0.3896987832881554,255,127,descriptive_only; never used for ID projection,ok
/home/ubuntu/cogitao-research/checkpoints/cogitao_vit_cross_attention/cogitao_c1_experiment_3_vit6_function_mlp_cross_attention/run_000/last.ckpt,900674f94996e9b2f5190e7cd8bac4486d09332daaf131226f7f107123274de1,dfec9cbb2afe6616194c1fb41430c0c5d2bc4208,3,test,crop_bottom_side,rot90,rot90 -> crop_bottom_side,"pair (f,g): fgx=f(g(x)); task-token order [g,f] means g -> f",128,128,128,image_block_05,42,78000,256,256,0.01,2,"{""fixed_ranks"": [1, 2, 4, 8, 16, 32], ""variance_thresholds"": [0.9, 0.95]}",synthetic_context_on_atomic_id,f_given_g,variance_0.9,58,0.37679979110046063,0.3802458738288069,0.1494743763709148,0.9433302646347889,0.8899558333381402,0.41517836562661176,255,127,descriptive_only; never used for ID projection,ok
/home/ubuntu/cogitao-research/checkpoints/cogitao_vit_cross_attention/cogitao_c1_experiment_3_vit6_function_mlp_cross_attention/run_000/last.ckpt,900674f94996e9b2f5190e7cd8bac4486d09332daaf131226f7f107123274de1,dfec9cbb2afe6616194c1fb41430c0c5d2bc4208,3,test,crop_bottom_side,rot90,rot90 -> crop_bottom_side,"pair (f,g): fgx=f(g(x)); task-token order [g,f] means g -> f",128,128,128,image_block_05,42,78000,256,256,0.01,2,"{""fixed_ranks"": [1, 2, 4, 8, 16, 32], ""variance_thresholds"": [0.9, 0.95]}",synthetic_context_on_atomic_id,f_given_g,variance_0.95,89,0.3238446498302141,0.3269580988664175,0.11063924680603626,0.896433998970566,0.8036973532538678,0.4308547413670154,255,127,descriptive_only; never used for ID projection,ok
/home/ubuntu/cogitao-research/checkpoints/cogitao_vit_cross_attention/cogitao_c1_experiment_3_vit6_function_mlp_cross_attention/run_000/last.ckpt,900674f94996e9b2f5190e7cd8bac4486d09332daaf131226f7f107123274de1,dfec9cbb2afe6616194c1fb41430c0c5d2bc4208,3,test,crop_bottom_side,rot90,rot90 -> crop_bottom_side,"pair (f,g): fgx=f(g(x)); task-token order [g,f] means g -> f",128,128,128,image_block_05,42,78000,256,256,0.01,2,"{""fixed_ranks"": [1, 2, 4, 8, 16, 32], ""variance_thresholds"": [0.9, 0.95]}",synthetic_context_on_atomic_id,g_given_f,k1,1,0.95747896068227,0.7841192745917598,0.6330385844995204,0.9987074497845203,0.9974185377924432,0.17637483064615056,255,127,descriptive_only; never used for ID projection,ok
/home/ubuntu/cogitao-research/checkpoints/cogitao_vit_cross_attention/cogitao_c1_experiment_3_vit6_function_mlp_cross_attention/run_000/last.ckpt,900674f94996e9b2f5190e7cd8bac4486d09332daaf131226f7f107123274de1,dfec9cbb2afe6616194c1fb41430c0c5d2bc4208,3,test,crop_bottom_side,rot90,rot90 -> crop_bottom_side,"pair (f,g): fgx=f(g(x)); task-token order [g,f] means g -> f",128,128,128,image_block_05,42,78000,256,256,0.01,2,"{""fixed_ranks"": [1, 2, 4, 8, 16, 32], ""variance_thresholds"": [0.9, 0.95]}",synthetic_context_on_atomic_id,g_given_f,k2,2,0.9054170858068737,0.7509497448835913,0.5807552095416353,0.9989101092251675,0.9978223347286284,0.4688783335599625,255,127,descriptive_only; never used for ID projection,ok
/home/ubuntu/cogitao-research/checkpoints/cogitao_vit_cross_attention/cogitao_c1_experiment_3_vit6_function_mlp_cross_attention/run_000/last.ckpt,900674f94996e9b2f5190e7cd8bac4486d09332daaf131226f7f107123274de1,dfec9cbb2afe6616194c1fb41430c0c5d2bc4208,3,test,crop_bottom_side,rot90,rot90 -> crop_bottom_side,"pair (f,g): fgx=f(g(x)); task-token order [g,f] means g -> f",128,128,128,image_block_05,42,78000,256,256,0.01,2,"{""fixed_ranks"": [1, 2, 4, 8, 16, 32], ""variance_thresholds"": [0.9, 0.95]}",synthetic_context_on_atomic_id,g_given_f,k4,4,0.8319864113415769,0.6691334634487718,0.460498561415562,0.9950854522128275,0.9902011215466408,0.3949481822241289,255,127,descriptive_only; never used for ID projection,ok
/home/ubuntu/cogitao-research/checkpoints/cogitao_vit_cross_attention/cogitao_c1_experiment_3_vit6_function_mlp_cross_attention/run_000/last.ckpt,900674f94996e9b2f5190e7cd8bac4486d09332daaf131226f7f107123274de1,dfec9cbb2afe6616194c1fb41430c0c5d2bc4208,3,test,crop_bottom_side,rot90,rot90 -> crop_bottom_side,"pair (f,g): fgx=f(g(x)); task-token order [g,f] means g -> f",128,128,128,image_block_05,42,78000,256,256,0.01,2,"{""fixed_ranks"": [1, 2, 4, 8, 16, 32], ""variance_thresholds"": [0.9, 0.95]}",synthetic_context_on_atomic_id,g_given_f,k8,8,0.7573980029375049,0.5757308342530941,0.3425514610912339,0.9926996515171198,0.9854644929660082,0.2913209724156826,255,127,descriptive_only; never used for ID projection,ok
/home/ubuntu/cogitao-research/checkpoints/cogitao_vit_cross_attention/cogitao_c1_experiment_3_vit6_function_mlp_cross_attention/run_000/last.ckpt,900674f94996e9b2f5190e7cd8bac4486d09332daaf131226f7f107123274de1,dfec9cbb2afe6616194c1fb41430c0c5d2bc4208,3,test,crop_bottom_side,rot90,rot90 -> crop_bottom_side,"pair (f,g): fgx=f(g(x)); task-token order [g,f] means g -> f",128,128,128,image_block_05,42,78000,256,256,0.01,2,"{""fixed_ranks"": [1, 2, 4, 8, 16, 32], ""variance_thresholds"": [0.9, 0.95]}",synthetic_context_on_atomic_id,g_given_f,k16,16,0.6525306369791883,0.507448947351175,0.26790257834039344,0.9859545637235001,0.972122365905588,0.41173097308359613,255,127,descriptive_only; never used for ID projection,ok
/home/ubuntu/cogitao-research/checkpoints/cogitao_vit_cross_attention/cogitao_c1_experiment_3_vit6_function_mlp_cross_attention/run_000/last.ckpt,900674f94996e9b2f5190e7cd8bac4486d09332daaf131226f7f107123274de1,dfec9cbb2afe6616194c1fb41430c0c5d2bc4208,3,test,crop_bottom_side,rot90,rot90 -> crop_bottom_side,"pair (f,g): fgx=f(g(x)); task-token order [g,f] means g -> f",128,128,128,image_block_05,42,78000,256,256,0.01,2,"{""fixed_ranks"": [1, 2, 4, 8, 16, 32], ""variance_thresholds"": [0.9, 0.95]}",synthetic_context_on_atomic_id,g_given_f,k32,32,0.5401906632927997,0.41814894077427645,0.18209462721230352,0.9622064142201864,0.9259088320007014,0.3806269109184952,255,127,descriptive_only; never used for ID projection,ok
/home/ubuntu/cogitao-research/checkpoints/cogitao_vit_cross_attention/cogitao_c1_experiment_3_vit6_function_mlp_cross_attention/run_000/last.ckpt,900674f94996e9b2f5190e7cd8bac4486d09332daaf131226f7f107123274de1,dfec9cbb2afe6616194c1fb41430c0c5d2bc4208,3,test,crop_bottom_side,rot90,rot90 -> crop_bottom_side,"pair (f,g): fgx=f(g(x)); task-token order [g,f] means g -> f",128,128,128,image_block_05,42,78000,256,256,0.01,2,"{""fixed_ranks"": [1, 2, 4, 8, 16, 32], ""variance_thresholds"": [0.9, 0.95]}",synthetic_context_on_atomic_id,g_given_f,variance_0.9,42,0.4932235863239211,0.3860577915664034,0.1555601110816071,0.9590917859549573,0.9199199507735509,0.3985313520136615,255,127,descriptive_only; never used for ID projection,ok
/home/ubuntu/cogitao-research/checkpoints/cogitao_vit_cross_attention/cogitao_c1_experiment_3_vit6_function_mlp_cross_attention/run_000/last.ckpt,900674f94996e9b2f5190e7cd8bac4486d09332daaf131226f7f107123274de1,dfec9cbb2afe6616194c1fb41430c0c5d2bc4208,3,test,crop_bottom_side,rot90,rot90 -> crop_bottom_side,"pair (f,g): fgx=f(g(x)); task-token order [g,f] means g -> f",128,128,128,image_block_05,42,78000,256,256,0.01,2,"{""fixed_ranks"": [1, 2, 4, 8, 16, 32], ""variance_thresholds"": [0.9, 0.95]}",synthetic_context_on_atomic_id,g_given_f,variance_0.95,69,0.4140723913835648,0.3264896794483603,0.11145967838624177,0.9289101436147345,0.8629499491517414,0.4215301411243543,255,127,descriptive_only; never used for ID projection,ok
/home/ubuntu/cogitao-research/checkpoints/cogitao_vit_cross_attention/cogitao_c1_experiment_3_vit6_function_mlp_cross_attention/run_000/last.ckpt,900674f94996e9b2f5190e7cd8bac4486d09332daaf131226f7f107123274de1,dfec9cbb2afe6616194c1fb41430c0c5d2bc4208,3,test,crop_bottom_side,rot90,rot90 -> crop_bottom_side,"pair (f,g): fgx=f(g(x)); task-token order [g,f] means g -> f",128,128,128,image_block_06,42,78000,256,256,0.01,2,"{""fixed_ranks"": [1, 2, 4, 8, 16, 32], ""variance_thresholds"": [0.9, 0.95]}",synthetic_context_on_atomic_id,f_given_g,k1,1,0.9646872012956194,0.9685778288481646,0.9387099833899313,0.9988845750194392,0.9977714919070331,0.6756697137092307,255,127,descriptive_only; never used for ID projection,ok
/home/ubuntu/cogitao-research/checkpoints/cogitao_vit_cross_attention/cogitao_c1_experiment_3_vit6_function_mlp_cross_attention/run_000/last.ckpt,900674f94996e9b2f5190e7cd8bac4486d09332daaf131226f7f107123274de1,dfec9cbb2afe6616194c1fb41430c0c5d2bc4208,3,test,crop_bottom_side,rot90,rot90 -> crop_bottom_side,"pair (f,g): fgx=f(g(x)); task-token order [g,f] means g -> f",128,128,128,image_block_06,42,78000,256,256,0.01,2,"{""fixed_ranks"": [1, 2, 4, 8, 16, 32], ""variance_thresholds"": [0.9, 0.95]}",synthetic_context_on_atomic_id,f_given_g,k2,2,0.9457875514453796,0.9501172762073391,0.9041452659257884,0.9982629942339756,0.9965308287470115,0.5554101887364726,255,127,descriptive_only; never used for ID projection,ok
/home/ubuntu/cogitao-research/checkpoints/cogitao_vit_cross_attention/cogitao_c1_experiment_3_vit6_function_mlp_cross_attention/run_000/last.ckpt,900674f94996e9b2f5190e7cd8bac4486d09332daaf131226f7f107123274de1,dfec9cbb2afe6616194c1fb41430c0c5d2bc4208,3,test,crop_bottom_side,rot90,rot90 -> crop_bottom_side,"pair (f,g): fgx=f(g(x)); task-token order [g,f] means g -> f",128,128,128,image_block_06,42,78000,256,256,0.01,2,"{""fixed_ranks"": [1, 2, 4, 8, 16, 32], ""variance_thresholds"": [0.9, 0.95]}",synthetic_context_on_atomic_id,f_given_g,k4,4,0.9133376614279933,0.9167857133880752,0.8424917429515872,0.9976125738110468,0.9952333646358988,0.39855370586945094,255,127,descriptive_only; never used for ID projection,ok
/home/ubuntu/cogitao-research/checkpoints/cogitao_vit_cross_attention/cogitao_c1_experiment_3_vit6_function_mlp_cross_attention/run_000/last.ckpt,900674f94996e9b2f5190e7cd8bac4486d09332daaf131226f7f107123274de1,dfec9cbb2afe6616194c1fb41430c0c5d2bc4208,3,test,crop_bottom_side,rot90,rot90 -> crop_bottom_side,"pair (f,g): fgx=f(g(x)); task-token order [g,f] means g -> f",128,128,128,image_block_06,42,78000,256,256,0.01,2,"{""fixed_ranks"": [1, 2, 4, 8, 16, 32], ""variance_thresholds"": [0.9, 0.95]}",synthetic_context_on_atomic_id,f_given_g,k8,8,0.8251357425787499,0.834310331656723,0.6995753699773295,0.9897129479502541,0.9795438334304131,0.31716242264720834,255,127,descriptive_only; never used for ID projection,ok
/home/ubuntu/cogitao-research/checkpoints/cogitao_vit_cross_attention/cogitao_c1_experiment_3_vit6_function_mlp_cross_attention/run_000/last.ckpt,900674f94996e9b2f5190e7cd8bac4486d09332daaf131226f7f107123274de1,dfec9cbb2afe6616194c1fb41430c0c5d2bc4208,3,test,crop_bottom_side,rot90,rot90 -> crop_bottom_side,"pair (f,g): fgx=f(g(x)); task-token order [g,f] means g -> f",128,128,128,image_block_06,42,78000,256,256,0.01,2,"{""fixed_ranks"": [1, 2, 4, 8, 16, 32], ""variance_thresholds"": [0.9, 0.95]}",synthetic_context_on_atomic_id,f_given_g,k16,16,0.7192684980409914,0.7281826416751898,0.5332443827569397,0.9884261496437485,0.9770011130228653,0.367159456948392,255,127,descriptive_only; never used for ID projection,ok
/home/ubuntu/cogitao-research/checkpoints/cogitao_vit_cross_attention/cogitao_c1_experiment_3_vit6_function_mlp_cross_attention/run_000/last.ckpt,900674f94996e9b2f5190e7cd8bac4486d09332daaf131226f7f107123274de1,dfec9cbb2afe6616194c1fb41430c0c5d2bc4208,3,test,crop_bottom_side,rot90,rot90 -> crop_bottom_side,"pair (f,g): fgx=f(g(x)); task-token order [g,f] means g -> f",128,128,128,image_block_06,42,78000,256,256,0.01,2,"{""fixed_ranks"": [1, 2, 4, 8, 16, 32], ""variance_thresholds"": [0.9, 0.95]}",synthetic_context_on_atomic_id,f_given_g,k32,32,0.5884963173154238,0.5943259233263417,0.35716312025631286,0.954192713021795,0.9105979582948878,0.40391733783117545,255,127,descriptive_only; never used for ID projection,ok
/home/ubuntu/cogitao-research/checkpoints/cogitao_vit_cross_attention/cogitao_c1_experiment_3_vit6_function_mlp_cross_attention/run_000/last.ckpt,900674f94996e9b2f5190e7cd8bac4486d09332daaf131226f7f107123274de1,dfec9cbb2afe6616194c1fb41430c0c5d2bc4208,3,test,crop_bottom_side,rot90,rot90 -> crop_bottom_side,"pair (f,g): fgx=f(g(x)); task-token order [g,f] means g -> f",128,128,128,image_block_06,42,78000,256,256,0.01,2,"{""fixed_ranks"": [1, 2, 4, 8, 16, 32], ""variance_thresholds"": [0.9, 0.95]}",synthetic_context_on_atomic_id,f_given_g,variance_0.9,57,0.4792302067085533,0.48246767041906247,0.23590664250973023,0.9511890513023007,0.9048315390886918,0.4178516232473203,255,127,descriptive_only; never used for ID projection,ok
/home/ubuntu/cogitao-research/checkpoints/cogitao_vit_cross_attention/cogitao_c1_experiment_3_vit6_function_mlp_cross_attention/run_000/last.ckpt,900674f94996e9b2f5190e7cd8bac4486d09332daaf131226f7f107123274de1,dfec9cbb2afe6616194c1fb41430c0c5d2bc4208,3,test,crop_bottom_side,rot90,rot90 -> crop_bottom_side,"pair (f,g): fgx=f(g(x)); task-token order [g,f] means g -> f",128,128,128,image_block_06,42,78000,256,256,0.01,2,"{""fixed_ranks"": [1, 2, 4, 8, 16, 32], ""variance_thresholds"": [0.9, 0.95]}",synthetic_context_on_atomic_id,f_given_g,variance_0.95,88,0.4114267694504386,0.41639676258599695,0.17605659316890993,0.9108747769878678,0.8298236209961056,0.4275407012805276,255,127,descriptive_only; never used for ID projection,ok
/home/ubuntu/cogitao-research/checkpoints/cogitao_vit_cross_attention/cogitao_c1_experiment_3_vit6_function_mlp_cross_attention/run_000/last.ckpt,900674f94996e9b2f5190e7cd8bac4486d09332daaf131226f7f107123274de1,dfec9cbb2afe6616194c1fb41430c0c5d2bc4208,3,test,crop_bottom_side,rot90,rot90 -> crop_bottom_side,"pair (f,g): fgx=f(g(x)); task-token order [g,f] means g -> f",128,128,128,image_block_06,42,78000,256,256,0.01,2,"{""fixed_ranks"": [1, 2, 4, 8, 16, 32], ""variance_thresholds"": [0.9, 0.95]}",synthetic_context_on_atomic_id,g_given_f,k1,1,0.9529008201746219,0.726737138185855,0.549486706515009,0.9990719379465924,0.9981455484707191,0.09788950544815123,255,127,descriptive_only; never used for ID projection,ok
/home/ubuntu/cogitao-research/checkpoints/cogitao_vit_cross_attention/cogitao_c1_experiment_3_vit6_function_mlp_cross_attention/run_000/last.ckpt,900674f94996e9b2f5190e7cd8bac4486d09332daaf131226f7f107123274de1,dfec9cbb2afe6616194c1fb41430c0c5d2bc4208,3,test,crop_bottom_side,rot90,rot90 -> crop_bottom_side,"pair (f,g): fgx=f(g(x)); task-token order [g,f] means g -> f",128,128,128,image_block_06,42,78000,256,256,0.01,2,"{""fixed_ranks"": [1, 2, 4, 8, 16, 32], ""variance_thresholds"": [0.9, 0.95]}",synthetic_context_on_atomic_id,g_given_f,k2,2,0.9066018184871873,0.6835064366335051,0.48681058906746744,0.9984134593872132,0.996831271827604,0.1374429999773274,255,127,descriptive_only; never used for ID projection,ok
/home/ubuntu/cogitao-research/checkpoints/cogitao_vit_cross_attention/cogitao_c1_experiment_3_vit6_function_mlp_cross_attention/run_000/last.ckpt,900674f94996e9b2f5190e7cd8bac4486d09332daaf131226f7f107123274de1,dfec9cbb2afe6616194c1fb41430c0c5d2bc4208,3,test,crop_bottom_side,rot90,rot90 -> crop_bottom_side,"pair (f,g): fgx=f(g(x)); task-token order [g,f] means g -> f",128,128,128,image_block_06,42,78000,256,256,0.01,2,"{""fixed_ranks"": [1, 2, 4, 8, 16, 32], ""variance_thresholds"": [0.9, 0.95]}",synthetic_context_on_atomic_id,g_given_f,k4,4,0.834801473890961,0.6024318212711104,0.3784387194452996,0.9958855264905994,0.9917914085587287,0.17137198976623147,255,127,descriptive_only; never used for ID projection,ok
/home/ubuntu/cogitao-research/checkpoints/cogitao_vit_cross_attention/cogitao_c1_experiment_3_vit6_function_mlp_cross_attention/run_000/last.ckpt,900674f94996e9b2f5190e7cd8bac4486d09332daaf131226f7f107123274de1,dfec9cbb2afe6616194c1fb41430c0c5d2bc4208,3,test,crop_bottom_side,rot90,rot90 -> crop_bottom_side,"pair (f,g): fgx=f(g(x)); task-token order [g,f] means g -> f",128,128,128,image_block_06,42,78000,256,256,0.01,2,"{""fixed_ranks"": [1, 2, 4, 8, 16, 32], ""variance_thresholds"": [0.9, 0.95]}",synthetic_context_on_atomic_id,g_given_f,k8,8,0.7312377230748666,0.5435168232623657,0.308718027048419,0.9927563867239924,0.9855762843954479,0.41383747518941005,255,127,descriptive_only; never used for ID projection,ok
/home/ubuntu/cogitao-research/checkpoints/cogitao_vit_cross_attention/cogitao_c1_experiment_3_vit6_function_mlp_cross_attention/run_000/last.ckpt,900674f94996e9b2f5190e7cd8bac4486d09332daaf131226f7f107123274de1,dfec9cbb2afe6616194c1fb41430c0c5d2bc4208,3,test,crop_bottom_side,rot90,rot90 -> crop_bottom_side,"pair (f,g): fgx=f(g(x)); task-token order [g,f] means g -> f",128,128,128,image_block_06,42,78000,256,256,0.01,2,"{""fixed_ranks"": [1, 2, 4, 8, 16, 32], ""variance_thresholds"": [0.9, 0.95]}",synthetic_context_on_atomic_id,g_given_f,k16,16,0.6406698420992614,0.4680083677058468,0.2326398026030848,0.9895730981943891,0.9792683567732194,0.3942268528654903,255,127,descriptive_only; never used for ID projection,ok
/home/ubuntu/cogitao-research/checkpoints/cogitao_vit_cross_attention/cogitao_c1_experiment_3_vit6_function_mlp_cross_attention/run_000/last.ckpt,900674f94996e9b2f5190e7cd8bac4486d09332daaf131226f7f107123274de1,dfec9cbb2afe6616194c1fb41430c0c5d2bc4208,3,test,crop_bottom_side,rot90,rot90 -> crop_bottom_side,"pair (f,g): fgx=f(g(x)); task-token order [g,f] means g -> f",128,128,128,image_block_06,42,78000,256,256,0.01,2,"{""fixed_ranks"": [1, 2, 4, 8, 16, 32], ""variance_thresholds"": [0.9, 0.95]}",synthetic_context_on_atomic_id,g_given_f,k32,32,0.52927208620335,0.3910842320838306,0.16346054109001112,0.9563288549367318,0.9146981244373569,0.3900008527597138,255,127,descriptive_only; never used for ID projection,ok
/home/ubuntu/cogitao-research/checkpoints/cogitao_vit_cross_attention/cogitao_c1_experiment_3_vit6_function_mlp_cross_attention/run_000/last.ckpt,900674f94996e9b2f5190e7cd8bac4486d09332daaf131226f7f107123274de1,dfec9cbb2afe6616194c1fb41430c0c5d2bc4208,3,test,crop_bottom_side,rot90,rot90 -> crop_bottom_side,"pair (f,g): fgx=f(g(x)); task-token order [g,f] means g -> f",128,128,128,image_block_06,42,78000,256,256,0.01,2,"{""fixed_ranks"": [1, 2, 4, 8, 16, 32], ""variance_thresholds"": [0.9, 0.95]}",synthetic_context_on_atomic_id,g_given_f,variance_0.9,37,0.503455285121159,0.37790226874095084,0.15269541116758623,0.9678588119209731,0.9368065139029514,0.4000311093730714,255,127,descriptive_only; never used for ID projection,ok
/home/ubuntu/cogitao-research/checkpoints/cogitao_vit_cross_attention/cogitao_c1_experiment_3_vit6_function_mlp_cross_attention/run_000/last.ckpt,900674f94996e9b2f5190e7cd8bac4486d09332daaf131226f7f107123274de1,dfec9cbb2afe6616194c1fb41430c0c5d2bc4208,3,test,crop_bottom_side,rot90,rot90 -> crop_bottom_side,"pair (f,g): fgx=f(g(x)); task-token order [g,f] means g -> f",128,128,128,image_block_06,42,78000,256,256,0.01,2,"{""fixed_ranks"": [1, 2, 4, 8, 16, 32], ""variance_thresholds"": [0.9, 0.95]}",synthetic_context_on_atomic_id,g_given_f,variance_0.95,63,0.4202749159040089,0.3177283312647965,0.10854210752343625,0.9393464018816703,0.882440469214109,0.412454479927954,255,127,descriptive_only; never used for ID projection,ok
/home/ubuntu/cogitao-research/checkpoints/cogitao_vit_cross_attention/cogitao_c1_experiment_3_vit6_function_mlp_cross_attention/run_000/last.ckpt,900674f94996e9b2f5190e7cd8bac4486d09332daaf131226f7f107123274de1,dfec9cbb2afe6616194c1fb41430c0c5d2bc4208,3,test,crop_bottom_side,rot90,rot90 -> crop_bottom_side,"pair (f,g): fgx=f(g(x)); task-token order [g,f] means g -> f",128,128,128,image_final_norm,42,78000,256,256,0.01,2,"{""fixed_ranks"": [1, 2, 4, 8, 16, 32], ""variance_thresholds"": [0.9, 0.95]}",synthetic_context_on_atomic_id,f_given_g,k1,1,0.9630888747199223,0.9670459799242934,0.9357272394549693,0.9988296001735255,0.9976618275511869,0.7050304045769755,255,127,descriptive_only; never used for ID projection,ok
/home/ubuntu/cogitao-research/checkpoints/cogitao_vit_cross_attention/cogitao_c1_experiment_3_vit6_function_mlp_cross_attention/run_000/last.ckpt,900674f94996e9b2f5190e7cd8bac4486d09332daaf131226f7f107123274de1,dfec9cbb2afe6616194c1fb41430c0c5d2bc4208,3,test,crop_bottom_side,rot90,rot90 -> crop_bottom_side,"pair (f,g): fgx=f(g(x)); task-token order [g,f] means g -> f",128,128,128,image_final_norm,42,78000,256,256,0.01,2,"{""fixed_ranks"": [1, 2, 4, 8, 16, 32], ""variance_thresholds"": [0.9, 0.95]}",synthetic_context_on_atomic_id,f_given_g,k2,2,0.9414589727144813,0.9461869815659657,0.89676801829103,0.9982437557333309,0.9964923718414447,0.5639561397224828,255,127,descriptive_only; never used for ID projection,ok
/home/ubuntu/cogitao-research/checkpoints/cogitao_vit_cross_attention/cogitao_c1_experiment_3_vit6_function_mlp_cross_attention/run_000/last.ckpt,900674f94996e9b2f5190e7cd8bac4486d09332daaf131226f7f107123274de1,dfec9cbb2afe6616194c1fb41430c0c5d2bc4208,3,test,crop_bottom_side,rot90,rot90 -> crop_bottom_side,"pair (f,g): fgx=f(g(x)); task-token order [g,f] means g -> f",128,128,128,image_final_norm,42,78000,256,256,0.01,2,"{""fixed_ranks"": [1, 2, 4, 8, 16, 32], ""variance_thresholds"": [0.9, 0.95]}",synthetic_context_on_atomic_id,f_given_g,k4,4,0.9112722706297794,0.913777847397441,0.8368753383179379,0.9975256061803852,0.9950602302568043,0.4255031382111768,255,127,descriptive_only; never used for ID projection,ok
/home/ubuntu/cogitao-research/checkpoints/cogitao_vit_cross_attention/cogitao_c1_experiment_3_vit6_function_mlp_cross_attention/run_000/last.ckpt,900674f94996e9b2f5190e7cd8bac4486d09332daaf131226f7f107123274de1,dfec9cbb2afe6616194c1fb41430c0c5d2bc4208,3,test,crop_bottom_side,rot90,rot90 -> crop_bottom_side,"pair (f,g): fgx=f(g(x)); task-token order [g,f] means g -> f",128,128,128,image_final_norm,42,78000,256,256,0.01,2,"{""fixed_ranks"": [1, 2, 4, 8, 16, 32], ""variance_thresholds"": [0.9, 0.95]}",synthetic_context_on_atomic_id,f_given_g,k8,8,0.8246744714848183,0.83412865256758,0.6995414493772998,0.9891486887239,0.9784293412412981,0.3276732513490835,255,127,descriptive_only; never used for ID projection,ok
/home/ubuntu/cogitao-research/checkpoints/cogitao_vit_cross_attention/cogitao_c1_experiment_3_vit6_function_mlp_cross_attention/run_000/last.ckpt,900674f94996e9b2f5190e7cd8bac4486d09332daaf131226f7f107123274de1,dfec9cbb2afe6616194c1fb41430c0c5d2bc4208,3,test,crop_bottom_side,rot90,rot90 -> crop_bottom_side,"pair (f,g): fgx=f(g(x)); task-token order [g,f] means g -> f",128,128,128,image_final_norm,42,78000,256,256,0.01,2,"{""fixed_ranks"": [1, 2, 4, 8, 16, 32], ""variance_thresholds"": [0.9, 0.95]}",synthetic_context_on_atomic_id,f_given_g,k16,16,0.7425069625310211,0.7520625254977065,0.568693563385795,0.9886498768585866,0.9774435670357542,0.3587521035330128,255,127,descriptive_only; never used for ID projection,ok
/home/ubuntu/cogitao-research/checkpoints/cogitao_vit_cross_attention/cogitao_c1_experiment_3_vit6_function_mlp_cross_attention/run_000/last.ckpt,900674f94996e9b2f5190e7cd8bac4486d09332daaf131226f7f107123274de1,dfec9cbb2afe6616194c1fb41430c0c5d2bc4208,3,test,crop_bottom_side,rot90,rot90 -> crop_bottom_side,"pair (f,g): fgx=f(g(x)); task-token order [g,f] means g -> f",128,128,128,image_final_norm,42,78000,256,256,0.01,2,"{""fixed_ranks"": [1, 2, 4, 8, 16, 32], ""variance_thresholds"": [0.9, 0.95]}",synthetic_context_on_atomic_id,f_given_g,k32,32,0.6083297675170244,0.6135343071702202,0.38066083902923775,0.9556702002921469,0.9134130050366996,0.4032901370335734,255,127,descriptive_only; never used for ID projection,ok
/home/ubuntu/cogitao-research/checkpoints/cogitao_vit_cross_attention/cogitao_c1_experiment_3_vit6_function_mlp_cross_attention/run_000/last.ckpt,900674f94996e9b2f5190e7cd8bac4486d09332daaf131226f7f107123274de1,dfec9cbb2afe6616194c1fb41430c0c5d2bc4208,3,test,crop_bottom_side,rot90,rot90 -> crop_bottom_side,"pair (f,g): fgx=f(g(x)); task-token order [g,f] means g -> f",128,128,128,image_final_norm,42,78000,256,256,0.01,2,"{""fixed_ranks"": [1, 2, 4, 8, 16, 32], ""variance_thresholds"": [0.9, 0.95]}",synthetic_context_on_atomic_id,f_given_g,variance_0.9,58,0.4963573522406627,0.4997012246085535,0.2527472280127352,0.9465152811649586,0.8959650278412725,0.41801131964456023,255,127,descriptive_only; never used for ID projection,ok
/home/ubuntu/cogitao-research/checkpoints/cogitao_vit_cross_attention/cogitao_c1_experiment_3_vit6_function_mlp_cross_attention/run_000/last.ckpt,900674f94996e9b2f5190e7cd8bac4486d09332daaf131226f7f107123274de1,dfec9cbb2afe6616194c1fb41430c0c5d2bc4208,3,test,crop_bottom_side,rot90,rot90 -> crop_bottom_side,"pair (f,g): fgx=f(g(x)); task-token order [g,f] means g -> f",128,128,128,image_final_norm,42,78000,256,256,0.01,2,"{""fixed_ranks"": [1, 2, 4, 8, 16, 32], ""variance_thresholds"": [0.9, 0.95]}",synthetic_context_on_atomic_id,f_given_g,variance_0.95,89,0.41761170529516817,0.42270787772052487,0.18132984564580484,0.8998649340318767,0.8098663040363514,0.430161047957591,255,127,descriptive_only; never used for ID projection,ok
/home/ubuntu/cogitao-research/checkpoints/cogitao_vit_cross_attention/cogitao_c1_experiment_3_vit6_function_mlp_cross_attention/run_000/last.ckpt,900674f94996e9b2f5190e7cd8bac4486d09332daaf131226f7f107123274de1,dfec9cbb2afe6616194c1fb41430c0c5d2bc4208,3,test,crop_bottom_side,rot90,rot90 -> crop_bottom_side,"pair (f,g): fgx=f(g(x)); task-token order [g,f] means g -> f",128,128,128,image_final_norm,42,78000,256,256,0.01,2,"{""fixed_ranks"": [1, 2, 4, 8, 16, 32], ""variance_thresholds"": [0.9, 0.95]}",synthetic_context_on_atomic_id,g_given_f,k1,1,0.9523500537833416,0.7222601417276147,0.5432575715994582,0.9991189550074412,0.9982394787537919,0.09466022137150809,255,127,descriptive_only; never used for ID projection,ok
/home/ubuntu/cogitao-research/checkpoints/cogitao_vit_cross_attention/cogitao_c1_experiment_3_vit6_function_mlp_cross_attention/run_000/last.ckpt,900674f94996e9b2f5190e7cd8bac4486d09332daaf131226f7f107123274de1,dfec9cbb2afe6616194c1fb41430c0c5d2bc4208,3,test,crop_bottom_side,rot90,rot90 -> crop_bottom_side,"pair (f,g): fgx=f(g(x)); task-token order [g,f] means g -> f",128,128,128,image_final_norm,42,78000,256,256,0.01,2,"{""fixed_ranks"": [1, 2, 4, 8, 16, 32], ""variance_thresholds"": [0.9, 0.95]}",synthetic_context_on_atomic_id,g_given_f,k2,2,0.8983149921671966,0.6822905643777863,0.4860462566782622,0.9984463445304215,0.9968967263952477,0.17042499900780184,255,127,descriptive_only; never used for ID projection,ok
/home/ubuntu/cogitao-research/checkpoints/cogitao_vit_cross_attention/cogitao_c1_experiment_3_vit6_function_mlp_cross_attention/run_000/last.ckpt,900674f94996e9b2f5190e7cd8bac4486d09332daaf131226f7f107123274de1,dfec9cbb2afe6616194c1fb41430c0c5d2bc4208,3,test,crop_bottom_side,rot90,rot90 -> crop_bottom_side,"pair (f,g): fgx=f(g(x)); task-token order [g,f] means g -> f",128,128,128,image_final_norm,42,78000,256,256,0.01,2,"{""fixed_ranks"": [1, 2, 4, 8, 16, 32], ""variance_thresholds"": [0.9, 0.95]}",synthetic_context_on_atomic_id,g_given_f,k4,4,0.8354030280982726,0.6011317486486636,0.37710821931576144,0.9957856916908487,0.9915928769473006,0.17796412625418095,255,127,descriptive_only; never used for ID projection,ok
/home/ubuntu/cogitao-research/checkpoints/cogitao_vit_cross_attention/cogitao_c1_experiment_3_vit6_function_mlp_cross_attention/run_000/last.ckpt,900674f94996e9b2f5190e7cd8bac4486d09332daaf131226f7f107123274de1,dfec9cbb2afe6616194c1fb41430c0c5d2bc4208,3,test,crop_bottom_side,rot90,rot90 -> crop_bottom_side,"pair (f,g): fgx=f(g(x)); task-token order [g,f] means g -> f",128,128,128,image_final_norm,42,78000,256,256,0.01,2,"{""fixed_ranks"": [1, 2, 4, 8, 16, 32], ""variance_thresholds"": [0.9, 0.95]}",synthetic_context_on_atomic_id,g_given_f,k8,8,0.7319323169377561,0.5419922029424755,0.30732253760654904,0.9926364732175813,0.9853376738594972,0.4140243554341086,255,127,descriptive_only; never used for ID projection,ok
/home/ubuntu/cogitao-research/checkpoints/cogitao_vit_cross_attention/cogitao_c1_experiment_3_vit6_function_mlp_cross_attention/run_000/last.ckpt,900674f94996e9b2f5190e7cd8bac4486d09332daaf131226f7f107123274de1,dfec9cbb2afe6616194c1fb41430c0c5d2bc4208,3,test,crop_bottom_side,rot90,rot90 -> crop_bottom_side,"pair (f,g): fgx=f(g(x)); task-token order [g,f] means g -> f",128,128,128,image_final_norm,42,78000,256,256,0.01,2,"{""fixed_ranks"": [1, 2, 4, 8, 16, 32], ""variance_thresholds"": [0.9, 0.95]}",synthetic_context_on_atomic_id,g_given_f,k16,16,0.6415986490547345,0.4684214916728704,0.2333356378612867,0.9894942479858938,0.97911252767315,0.3985634268513504,255,127,descriptive_only; never used for ID projection,ok
/home/ubuntu/cogitao-research/checkpoints/cogitao_vit_cross_attention/cogitao_c1_experiment_3_vit6_function_mlp_cross_attention/run_000/last.ckpt,900674f94996e9b2f5190e7cd8bac4486d09332daaf131226f7f107123274de1,dfec9cbb2afe6616194c1fb41430c0c5d2bc4208,3,test,crop_bottom_side,rot90,rot90 -> crop_bottom_side,"pair (f,g): fgx=f(g(x)); task-token order [g,f] means g -> f",128,128,128,image_final_norm,42,78000,256,256,0.01,2,"{""fixed_ranks"": [1, 2, 4, 8, 16, 32], ""variance_thresholds"": [0.9, 0.95]}",synthetic_context_on_atomic_id,g_given_f,k32,32,0.531824878560427,0.3929511211931565,0.16525869260216935,0.9564945320262017,0.9150167317109905,0.3986490784439003,255,127,descriptive_only; never used for ID projection,ok
/home/ubuntu/cogitao-research/checkpoints/cogitao_vit_cross_attention/cogitao_c1_experiment_3_vit6_function_mlp_cross_attention/run_000/last.ckpt,900674f94996e9b2f5190e7cd8bac4486d09332daaf131226f7f107123274de1,dfec9cbb2afe6616194c1fb41430c0c5d2bc4208,3,test,crop_bottom_side,rot90,rot90 -> crop_bottom_side,"pair (f,g): fgx=f(g(x)); task-token order [g,f] means g -> f",128,128,128,image_final_norm,42,78000,256,256,0.01,2,"{""fixed_ranks"": [1, 2, 4, 8, 16, 32], ""variance_thresholds"": [0.9, 0.95]}",synthetic_context_on_atomic_id,g_given_f,variance_0.9,38,0.5012692975307742,0.37634893438010786,0.15169012749861283,0.9633740483659121,0.9281272770981126,0.4061015344428889,255,127,descriptive_only; never used for ID projection,ok
/home/ubuntu/cogitao-research/checkpoints/cogitao_vit_cross_attention/cogitao_c1_experiment_3_vit6_function_mlp_cross_attention/run_000/last.ckpt,900674f94996e9b2f5190e7cd8bac4486d09332daaf131226f7f107123274de1,dfec9cbb2afe6616194c1fb41430c0c5d2bc4208,3,test,crop_bottom_side,rot90,rot90 -> crop_bottom_side,"pair (f,g): fgx=f(g(x)); task-token order [g,f] means g -> f",128,128,128,image_final_norm,42,78000,256,256,0.01,2,"{""fixed_ranks"": [1, 2, 4, 8, 16, 32], ""variance_thresholds"": [0.9, 0.95]}",synthetic_context_on_atomic_id,g_given_f,variance_0.95,65,0.41863339007613054,0.31632967726537514,0.10778445975547553,0.9417027700147669,0.8868795971394906,0.42041400422582914,255,127,descriptive_only; never used for ID projection,ok
/home/ubuntu/cogitao-research/checkpoints/cogitao_vit_cross_attention/cogitao_c1_experiment_3_vit6_function_mlp_cross_attention/run_000/last.ckpt,900674f94996e9b2f5190e7cd8bac4486d09332daaf131226f7f107123274de1,dfec9cbb2afe6616194c1fb41430c0c5d2bc4208,3,val_ood,crop_bottom_side,rot90,rot90 -> crop_bottom_side,"pair (f,g): fgx=f(g(x)); task-token order [g,f] means g -> f",128,128,128,image_input_tokens,42,78000,256,256,0.01,2,"{""fixed_ranks"": [1, 2, 4, 8, 16, 32], ""variance_thresholds"": [0.9, 0.95]}",recorded_ood,f_given_g,k1,1,0.9305516333708086,0.9303780512122548,0.8707997798459531,0.9995213670260019,0.9990433642455024,0.9662515325201403,255,127,descriptive_only; never used for ID projection,ok
/home/ubuntu/cogitao-research/checkpoints/cogitao_vit_cross_attention/cogitao_c1_experiment_3_vit6_function_mlp_cross_attention/run_000/last.ckpt,900674f94996e9b2f5190e7cd8bac4486d09332daaf131226f7f107123274de1,dfec9cbb2afe6616194c1fb41430c0c5d2bc4208,3,val_ood,crop_bottom_side,rot90,rot90 -> crop_bottom_side,"pair (f,g): fgx=f(g(x)); task-token order [g,f] means g -> f",128,128,128,image_input_tokens,42,78000,256,256,0.01,2,"{""fixed_ranks"": [1, 2, 4, 8, 16, 32], ""variance_thresholds"": [0.9, 0.95]}",recorded_ood,f_given_g,k2,2,0.8613805929298284,0.8568948959361464,0.7414557099876244,0.998166855094001,0.9963396663493029,0.2824125361755035,255,127,descriptive_only; never used for ID projection,ok
/home/ubuntu/cogitao-research/checkpoints/cogitao_vit_cross_attention/cogitao_c1_experiment_3_vit6_function_mlp_cross_attention/run_000/last.ckpt,900674f94996e9b2f5190e7cd8bac4486d09332daaf131226f7f107123274de1,dfec9cbb2afe6616194c1fb41430c0c5d2bc4208,3,val_ood,crop_bottom_side,rot90,rot90 -> crop_bottom_side,"pair (f,g): fgx=f(g(x)); task-token order [g,f] means g -> f",128,128,128,image_input_tokens,42,78000,256,256,0.01,2,"{""fixed_ranks"": [1, 2, 4, 8, 16, 32], ""variance_thresholds"": [0.9, 0.95]}",recorded_ood,f_given_g,k4,4,0.46311946066467846,0.4725085889318752,0.22789982836521114,0.9952052911849016,0.9904390329243238,0.057997992952295574,255,127,descriptive_only; never used for ID projection,ok
/home/ubuntu/cogitao-research/checkpoints/cogitao_vit_cross_attention/cogitao_c1_experiment_3_vit6_function_mlp_cross_attention/run_000/last.ckpt,900674f94996e9b2f5190e7cd8bac4486d09332daaf131226f7f107123274de1,dfec9cbb2afe6616194c1fb41430c0c5d2bc4208,3,val_ood,crop_bottom_side,rot90,rot90 -> crop_bottom_side,"pair (f,g): fgx=f(g(x)); task-token order [g,f] means g -> f",128,128,128,image_input_tokens,42,78000,256,256,0.01,2,"{""fixed_ranks"": [1, 2, 4, 8, 16, 32], ""variance_thresholds"": [0.9, 0.95]}",recorded_ood,f_given_g,k8,8,0.4123233434974263,0.4238084526911378,0.18571750628953154,0.9933856801456505,0.9868233273680358,0.3611060759013226,255,127,descriptive_only; never used for ID projection,ok
/home/ubuntu/cogitao-research/checkpoints/cogitao_vit_cross_attention/cogitao_c1_experiment_3_vit6_function_mlp_cross_attention/run_000/last.ckpt,900674f94996e9b2f5190e7cd8bac4486d09332daaf131226f7f107123274de1,dfec9cbb2afe6616194c1fb41430c0c5d2bc4208,3,val_ood,crop_bottom_side,rot90,rot90 -> crop_bottom_side,"pair (f,g): fgx=f(g(x)); task-token order [g,f] means g -> f",128,128,128,image_input_tokens,42,78000,256,256,0.01,2,"{""fixed_ranks"": [1, 2, 4, 8, 16, 32], ""variance_thresholds"": [0.9, 0.95]}",recorded_ood,f_given_g,k16,16,0.31979930391220046,0.32636747485410517,0.11333785766392429,0.9826416680817491,0.9656064473896114,0.38681091350463864,255,127,descriptive_only; never used for ID projection,ok
/home/ubuntu/cogitao-research/checkpoints/cogitao_vit_cross_attention/cogitao_c1_experiment_3_vit6_function_mlp_cross_attention/run_000/last.ckpt,900674f94996e9b2f5190e7cd8bac4486d09332daaf131226f7f107123274de1,dfec9cbb2afe6616194c1fb41430c0c5d2bc4208,3,val_ood,crop_bottom_side,rot90,rot90 -> crop_bottom_side,"pair (f,g): fgx=f(g(x)); task-token order [g,f] means g -> f",128,128,128,image_input_tokens,42,78000,256,256,0.01,2,"{""fixed_ranks"": [1, 2, 4, 8, 16, 32], ""variance_thresholds"": [0.9, 0.95]}",recorded_ood,f_given_g,k32,32,0.09322591727847332,0.08767644433452751,0.013851399594552873,0.9683009333400658,0.937629604541083,0.08785529256449731,255,127,descriptive_only; never used for ID projection,ok
/home/ubuntu/cogitao-research/checkpoints/cogitao_vit_cross_attention/cogitao_c1_experiment_3_vit6_function_mlp_cross_attention/run_000/last.ckpt,900674f94996e9b2f5190e7cd8bac4486d09332daaf131226f7f107123274de1,dfec9cbb2afe6616194c1fb41430c0c5d2bc4208,3,val_ood,crop_bottom_side,rot90,rot90 -> crop_bottom_side,"pair (f,g): fgx=f(g(x)); task-token order [g,f] means g -> f",128,128,128,image_input_tokens,42,78000,256,256,0.01,2,"{""fixed_ranks"": [1, 2, 4, 8, 16, 32], ""variance_thresholds"": [0.9, 0.95]}",recorded_ood,f_given_g,variance_0.9,18,0.2973592346675168,0.3014257258724937,0.09875642326717314,0.9833539470744298,0.9669993264708289,0.34969150988574427,255,127,descriptive_only; never used for ID projection,ok
/home/ubuntu/cogitao-research/checkpoints/cogitao_vit_cross_attention/cogitao_c1_experiment_3_vit6_function_mlp_cross_attention/run_000/last.ckpt,900674f94996e9b2f5190e7cd8bac4486d09332daaf131226f7f107123274de1,dfec9cbb2afe6616194c1fb41430c0c5d2bc4208,3,val_ood,crop_bottom_side,rot90,rot90 -> crop_bottom_side,"pair (f,g): fgx=f(g(x)); task-token order [g,f] means g -> f",128,128,128,image_input_tokens,42,78000,256,256,0.01,2,"{""fixed_ranks"": [1, 2, 4, 8, 16, 32], ""variance_thresholds"": [0.9, 0.95]}",recorded_ood,f_given_g,variance_0.95,25,0.21480262357932683,0.2165818098165942,0.05448052555381287,0.9788955713870319,0.9582624292433515,0.209600028681838,255,127,descriptive_only; never used for ID projection,ok
/home/ubuntu/cogitao-research/checkpoints/cogitao_vit_cross_attention/cogitao_c1_experiment_3_vit6_function_mlp_cross_attention/run_000/last.ckpt,900674f94996e9b2f5190e7cd8bac4486d09332daaf131226f7f107123274de1,dfec9cbb2afe6616194c1fb41430c0c5d2bc4208,3,val_ood,crop_bottom_side,rot90,rot90 -> crop_bottom_side,"pair (f,g): fgx=f(g(x)); task-token order [g,f] means g -> f",128,128,128,image_input_tokens,42,78000,256,256,0.01,2,"{""fixed_ranks"": [1, 2, 4, 8, 16, 32], ""variance_thresholds"": [0.9, 0.95]}",recorded_ood,g_given_f,k1,1,0.9272836626645579,0.8946573728268762,0.8118911654294553,0.9993618258363204,0.9987675150936035,0.44965475199153393,255,127,descriptive_only; never used for ID projection,ok
/home/ubuntu/cogitao-research/checkpoints/cogitao_vit_cross_attention/cogitao_c1_experiment_3_vit6_function_mlp_cross_attention/run_000/last.ckpt,900674f94996e9b2f5190e7cd8bac4486d09332daaf131226f7f107123274de1,dfec9cbb2afe6616194c1fb41430c0c5d2bc4208,3,val_ood,crop_bottom_side,rot90,rot90 -> crop_bottom_side,"pair (f,g): fgx=f(g(x)); task-token order [g,f] means g -> f",128,128,128,image_input_tokens,42,78000,256,256,0.01,2,"{""fixed_ranks"": [1, 2, 4, 8, 16, 32], ""variance_thresholds"": [0.9, 0.95]}",recorded_ood,g_given_f,k2,2,0.8667259257845017,0.7757259438816039,0.6176040348815942,0.9979622795569065,0.9960054917037588,0.296569829649712,255,127,descriptive_only; never used for ID projection,ok
/home/ubuntu/cogitao-research/checkpoints/cogitao_vit_cross_attention/cogitao_c1_experiment_3_vit6_function_mlp_cross_attention/run_000/last.ckpt,900674f94996e9b2f5190e7cd8bac4486d09332daaf131226f7f107123274de1,dfec9cbb2afe6616194c1fb41430c0c5d2bc4208,3,val_ood,crop_bottom_side,rot90,rot90 -> crop_bottom_side,"pair (f,g): fgx=f(g(x)); task-token order [g,f] means g -> f",128,128,128,image_input_tokens,42,78000,256,256,0.01,2,"{""fixed_ranks"": [1, 2, 4, 8, 16, 32], ""variance_thresholds"": [0.9, 0.95]}",recorded_ood,g_given_f,k4,4,0.7790167119536705,0.6016987248600507,0.3812749757295777,0.9957237858957377,0.9916305037527786,0.10087645193479738,255,127,descriptive_only; never used for ID projection,ok
/home/ubuntu/cogitao-research/checkpoints/cogitao_vit_cross_attention/cogitao_c1_experiment_3_vit6_function_mlp_cross_attention/run_000/last.ckpt,900674f94996e9b2f5190e7cd8bac4486d09332daaf131226f7f107123274de1,dfec9cbb2afe6616194c1fb41430c0c5d2bc4208,3,val_ood,crop_bottom_side,rot90,rot90 -> crop_bottom_side,"pair (f,g): fgx=f(g(x)); task-token order [g,f] means g -> f",128,128,128,image_input_tokens,42,78000,256,256,0.01,2,"{""fixed_ranks"": [1, 2, 4, 8, 16, 32], ""variance_thresholds"": [0.9, 0.95]}",recorded_ood,g_given_f,k8,8,0.7122265940777612,0.5483530560485605,0.32212898753415975,0.992774513609872,0.9858267938309887,0.42596384633303436,255,127,descriptive_only; never used for ID projection,ok
/home/ubuntu/cogitao-research/checkpoints/cogitao_vit_cross_attention/cogitao_c1_experiment_3_vit6_function_mlp_cross_attention/run_000/last.ckpt,900674f94996e9b2f5190e7cd8bac4486d09332daaf131226f7f107123274de1,dfec9cbb2afe6616194c1fb41430c0c5d2bc4208,3,val_ood,crop_bottom_side,rot90,rot90 -> crop_bottom_side,"pair (f,g): fgx=f(g(x)); task-token order [g,f] means g -> f",128,128,128,image_input_tokens,42,78000,256,256,0.01,2,"{""fixed_ranks"": [1, 2, 4, 8, 16, 32], ""variance_thresholds"": [0.9, 0.95]}",recorded_ood,g_given_f,k16,16,0.5737689986282214,0.4387381996168508,0.21472825678574226,0.9847831304453378,0.9701803462596965,0.38355201992631305,255,127,descriptive_only; never used for ID projection,ok
/home/ubuntu/cogitao-research/checkpoints/cogitao_vit_cross_attention/cogitao_c1_experiment_3_vit6_function_mlp_cross_attention/run_000/last.ckpt,900674f94996e9b2f5190e7cd8bac4486d09332daaf131226f7f107123274de1,dfec9cbb2afe6616194c1fb41430c0c5d2bc4208,3,val_ood,crop_bottom_side,rot90,rot90 -> crop_bottom_side,"pair (f,g): fgx=f(g(x)); task-token order [g,f] means g -> f",128,128,128,image_input_tokens,42,78000,256,256,0.01,2,"{""fixed_ranks"": [1, 2, 4, 8, 16, 32], ""variance_thresholds"": [0.9, 0.95]}",recorded_ood,g_given_f,k32,32,0.21254523076696463,0.16781280764043338,0.04626500939916511,0.9707261836247794,0.9434393241804586,0.0686204585166597,255,127,descriptive_only; never used for ID projection,ok
/home/ubuntu/cogitao-research/checkpoints/cogitao_vit_cross_attention/cogitao_c1_experiment_3_vit6_function_mlp_cross_attention/run_000/last.ckpt,900674f94996e9b2f5190e7cd8bac4486d09332daaf131226f7f107123274de1,dfec9cbb2afe6616194c1fb41430c0c5d2bc4208,3,val_ood,crop_bottom_side,rot90,rot90 -> crop_bottom_side,"pair (f,g): fgx=f(g(x)); task-token order [g,f] means g -> f",128,128,128,image_input_tokens,42,78000,256,256,0.01,2,"{""fixed_ranks"": [1, 2, 4, 8, 16, 32], ""variance_thresholds"": [0.9, 0.95]}",recorded_ood,g_given_f,variance_0.9,20,0.4984454584832614,0.37752801266349,0.1642591767877227,0.9836353074210643,0.9680019492881105,0.3035907934227143,255,127,descriptive_only; never used for ID projection,ok
/home/ubuntu/cogitao-research/checkpoints/cogitao_vit_cross_attention/cogitao_c1_experiment_3_vit6_function_mlp_cross_attention/run_000/last.ckpt,900674f94996e9b2f5190e7cd8bac4486d09332daaf131226f7f107123274de1,dfec9cbb2afe6616194c1fb41430c0c5d2bc4208,3,val_ood,crop_bottom_side,rot90,rot90 -> crop_bottom_side,"pair (f,g): fgx=f(g(x)); task-token order [g,f] means g -> f",128,128,128,image_input_tokens,42,78000,256,256,0.01,2,"{""fixed_ranks"": [1, 2, 4, 8, 16, 32], ""variance_thresholds"": [0.9, 0.95]}",recorded_ood,g_given_f,variance_0.95,26,0.3815205613634669,0.2920664510466644,0.10797280643875741,0.9730411144845157,0.9477643990449622,0.20420994906763165,255,127,descriptive_only; never used for ID projection,ok
/home/ubuntu/cogitao-research/checkpoints/cogitao_vit_cross_attention/cogitao_c1_experiment_3_vit6_function_mlp_cross_attention/run_000/last.ckpt,900674f94996e9b2f5190e7cd8bac4486d09332daaf131226f7f107123274de1,dfec9cbb2afe6616194c1fb41430c0c5d2bc4208,3,val_ood,crop_bottom_side,rot90,rot90 -> crop_bottom_side,"pair (f,g): fgx=f(g(x)); task-token order [g,f] means g -> f",128,128,128,image_block_01,42,78000,256,256,0.01,2,"{""fixed_ranks"": [1, 2, 4, 8, 16, 32], ""variance_thresholds"": [0.9, 0.95]}",recorded_ood,f_given_g,k1,1,0.932918685984983,0.9311272952356302,0.8709107978240438,0.999452740960699,0.9989062106131852,0.05244454617465055,255,127,descriptive_only; never used for ID projection,ok
/home/ubuntu/cogitao-research/checkpoints/cogitao_vit_cross_attention/cogitao_c1_experiment_3_vit6_function_mlp_cross_attention/run_000/last.ckpt,900674f94996e9b2f5190e7cd8bac4486d09332daaf131226f7f107123274de1,dfec9cbb2afe6616194c1fb41430c0c5d2bc4208,3,val_ood,crop_bottom_side,rot90,rot90 -> crop_bottom_side,"pair (f,g): fgx=f(g(x)); task-token order [g,f] means g -> f",128,128,128,image_block_01,42,78000,256,256,0.01,2,"{""fixed_ranks"": [1, 2, 4, 8, 16, 32], ""variance_thresholds"": [0.9, 0.95]}",recorded_ood,f_given_g,k2,2,0.8203472729631283,0.8190776233535011,0.6809660303985681,0.9970178468594998,0.9940512650798103,0.08364737307184761,255,127,descriptive_only; never used for ID projection,ok
/home/ubuntu/cogitao-research/checkpoints/cogitao_vit_cross_attention/cogitao_c1_experiment_3_vit6_function_mlp_cross_attention/run_000/last.ckpt,900674f94996e9b2f5190e7cd8bac4486d09332daaf131226f7f107123274de1,dfec9cbb2afe6616194c1fb41430c0c5d2bc4208,3,val_ood,crop_bottom_side,rot90,rot90 -> crop_bottom_side,"pair (f,g): fgx=f(g(x)); task-token order [g,f] means g -> f",128,128,128,image_block_01,42,78000,256,256,0.01,2,"{""fixed_ranks"": [1, 2, 4, 8, 16, 32], ""variance_thresholds"": [0.9, 0.95]}",recorded_ood,f_given_g,k4,4,0.7708293341569487,0.7712455658671613,0.6047237246275876,0.9957566710985559,0.9915383828229689,0.21539845151226308,255,127,descriptive_only; never used for ID projection,ok
/home/ubuntu/cogitao-research/checkpoints/cogitao_vit_cross_attention/cogitao_c1_experiment_3_vit6_function_mlp_cross_attention/run_000/last.ckpt,900674f94996e9b2f5190e7cd8bac4486d09332daaf131226f7f107123274de1,dfec9cbb2afe6616194c1fb41430c0c5d2bc4208,3,val_ood,crop_bottom_side,rot90,rot90 -> crop_bottom_side,"pair (f,g): fgx=f(g(x)); task-token order [g,f] means g -> f",128,128,128,image_block_01,42,78000,256,256,0.01,2,"{""fixed_ranks"": [1, 2, 4, 8, 16, 32], ""variance_thresholds"": [0.9, 0.95]}",recorded_ood,f_given_g,k8,8,0.575183994859395,0.590430209591017,0.3586010934010557,0.9944445075149044,0.988924987261038,0.23387192793903006,255,127,descriptive_only; never used for ID projection,ok
/home/ubuntu/cogitao-research/checkpoints/cogitao_vit_cross_attention/cogitao_c1_experiment_3_vit6_function_mlp_cross_attention/run_000/last.ckpt,900674f94996e9b2f5190e7cd8bac4486d09332daaf131226f7f107123274de1,dfec9cbb2afe6616194c1fb41430c0c5d2bc4208,3,val_ood,crop_bottom_side,rot90,rot90 -> crop_bottom_side,"pair (f,g): fgx=f(g(x)); task-token order [g,f] means g -> f",128,128,128,image_block_01,42,78000,256,256,0.01,2,"{""fixed_ranks"": [1, 2, 4, 8, 16, 32], ""variance_thresholds"": [0.9, 0.95]}",recorded_ood,f_given_g,k16,16,0.3876872658873862,0.40537740075473727,0.1697896748957865,0.9871384676113608,0.9744566503022387,0.24257811219520878,255,127,descriptive_only; never used for ID projection,ok
/home/ubuntu/cogitao-research/checkpoints/cogitao_vit_cross_attention/cogitao_c1_experiment_3_vit6_function_mlp_cross_attention/run_000/last.ckpt,900674f94996e9b2f5190e7cd8bac4486d09332daaf131226f7f107123274de1,dfec9cbb2afe6616194c1fb41430c0c5d2bc4208,3,val_ood,crop_bottom_side,rot90,rot90 -> crop_bottom_side,"pair (f,g): fgx=f(g(x)); task-token order [g,f] means g -> f",128,128,128,image_block_01,42,78000,256,256,0.01,2,"{""fixed_ranks"": [1, 2, 4, 8, 16, 32], ""variance_thresholds"": [0.9, 0.95]}",recorded_ood,f_given_g,k32,32,0.27990959881835165,0.2956531826629524,0.09112637287811828,0.9677161302950565,0.936511985078271,0.2566388616533823,255,127,descriptive_only; never used for ID projection,ok
/home/ubuntu/cogitao-research/checkpoints/cogitao_vit_cross_attention/cogitao_c1_experiment_3_vit6_function_mlp_cross_attention/run_000/last.ckpt,900674f94996e9b2f5190e7cd8bac4486d09332daaf131226f7f107123274de1,dfec9cbb2afe6616194c1fb41430c0c5d2bc4208,3,val_ood,crop_bottom_side,rot90,rot90 -> crop_bottom_side,"pair (f,g): fgx=f(g(x)); task-token order [g,f] means g -> f",128,128,128,image_block_01,42,78000,256,256,0.01,2,"{""fixed_ranks"": [1, 2, 4, 8, 16, 32], ""variance_thresholds"": [0.9, 0.95]}",recorded_ood,f_given_g,variance_0.9,28,0.29969701070388116,0.3170603227363517,0.10455265286448723,0.9737415987263432,0.9481944060929903,0.2665802545801819,255,127,descriptive_only; never used for ID projection,ok
/home/ubuntu/cogitao-research/checkpoints/cogitao_vit_cross_attention/cogitao_c1_experiment_3_vit6_function_mlp_cross_attention/run_000/last.ckpt,900674f94996e9b2f5190e7cd8bac4486d09332daaf131226f7f107123274de1,dfec9cbb2afe6616194c1fb41430c0c5d2bc4208,3,val_ood,crop_bottom_side,rot90,rot90 -> crop_bottom_side,"pair (f,g): fgx=f(g(x)); task-token order [g,f] means g -> f",128,128,128,image_block_01,42,78000,256,256,0.01,2,"{""fixed_ranks"": [1, 2, 4, 8, 16, 32], ""variance_thresholds"": [0.9, 0.95]}",recorded_ood,f_given_g,variance_0.95,45,0.2239014361397294,0.2370053129071153,0.058771019702572015,0.9562553113186325,0.9144589628654646,0.25225018125443627,255,127,descriptive_only; never used for ID projection,ok
/home/ubuntu/cogitao-research/checkpoints/cogitao_vit_cross_attention/cogitao_c1_experiment_3_vit6_function_mlp_cross_attention/run_000/last.ckpt,900674f94996e9b2f5190e7cd8bac4486d09332daaf131226f7f107123274de1,dfec9cbb2afe6616194c1fb41430c0c5d2bc4208,3,val_ood,crop_bottom_side,rot90,rot90 -> crop_bottom_side,"pair (f,g): fgx=f(g(x)); task-token order [g,f] means g -> f",128,128,128,image_block_01,42,78000,256,256,0.01,2,"{""fixed_ranks"": [1, 2, 4, 8, 16, 32], ""variance_thresholds"": [0.9, 0.95]}",recorded_ood,g_given_f,k1,1,0.9354449682914198,0.8680214624325698,0.7641445274914602,0.9992147868759115,0.9984310262571259,0.5891656468279017,255,127,descriptive_only; never used for ID projection,ok
/home/ubuntu/cogitao-research/checkpoints/cogitao_vit_cross_attention/cogitao_c1_experiment_3_vit6_function_mlp_cross_attention/run_000/last.ckpt,900674f94996e9b2f5190e7cd8bac4486d09332daaf131226f7f107123274de1,dfec9cbb2afe6616194c1fb41430c0c5d2bc4208,3,val_ood,crop_bottom_side,rot90,rot90 -> crop_bottom_side,"pair (f,g): fgx=f(g(x)); task-token order [g,f] means g -> f",128,128,128,image_block_01,42,78000,256,256,0.01,2,"{""fixed_ranks"": [1, 2, 4, 8, 16, 32], ""variance_thresholds"": [0.9, 0.95]}",recorded_ood,g_given_f,k2,2,0.8790005082858923,0.813991953353333,0.6754007842605039,0.9981281296919597,0.9962631286882896,0.505574299292924,255,127,descriptive_only; never used for ID projection,ok
/home/ubuntu/cogitao-research/checkpoints/cogitao_vit_cross_attention/cogitao_c1_experiment_3_vit6_function_mlp_cross_attention/run_000/last.ckpt,900674f94996e9b2f5190e7cd8bac4486d09332daaf131226f7f107123274de1,dfec9cbb2afe6616194c1fb41430c0c5d2bc4208,3,val_ood,crop_bottom_side,rot90,rot90 -> crop_bottom_side,"pair (f,g): fgx=f(g(x)); task-token order [g,f] means g -> f",128,128,128,image_block_01,42,78000,256,256,0.01,2,"{""fixed_ranks"": [1, 2, 4, 8, 16, 32], ""variance_thresholds"": [0.9, 0.95]}",recorded_ood,g_given_f,k4,4,0.8011910764934137,0.6916797445671099,0.4924270945127221,0.9960519963331593,0.9921242809509765,0.299708301883717,255,127,descriptive_only; never used for ID projection,ok
/home/ubuntu/cogitao-research/checkpoints/cogitao_vit_cross_attention/cogitao_c1_experiment_3_vit6_function_mlp_cross_attention/run_000/last.ckpt,900674f94996e9b2f5190e7cd8bac4486d09332daaf131226f7f107123274de1,dfec9cbb2afe6616194c1fb41430c0c5d2bc4208,3,val_ood,crop_bottom_side,rot90,rot90 -> crop_bottom_side,"pair (f,g): fgx=f(g(x)); task-token order [g,f] means g -> f",128,128,128,image_block_01,42,78000,256,256,0.01,2,"{""fixed_ranks"": [1, 2, 4, 8, 16, 32], ""variance_thresholds"": [0.9, 0.95]}",recorded_ood,g_given_f,k8,8,0.7200322575851126,0.5575634237892153,0.3238794659791695,0.9941617247571346,0.9883645921171582,0.28628512431005726,255,127,descriptive_only; never used for ID projection,ok
/home/ubuntu/cogitao-research/checkpoints/cogitao_vit_cross_attention/cogitao_c1_experiment_3_vit6_function_mlp_cross_attention/run_000/last.ckpt,900674f94996e9b2f5190e7cd8bac4486d09332daaf131226f7f107123274de1,dfec9cbb2afe6616194c1fb41430c0c5d2bc4208,3,val_ood,crop_bottom_side,rot90,rot90 -> crop_bottom_side,"pair (f,g): fgx=f(g(x)); task-token order [g,f] means g -> f",128,128,128,image_block_01,42,78000,256,256,0.01,2,"{""fixed_ranks"": [1, 2, 4, 8, 16, 32], ""variance_thresholds"": [0.9, 0.95]}",recorded_ood,g_given_f,k16,16,0.6133542395450234,0.43392549385926976,0.19648456209255472,0.9828148856460905,0.9659500755833241,0.2742655248802215,255,127,descriptive_only; never used for ID projection,ok
/home/ubuntu/cogitao-research/checkpoints/cogitao_vit_cross_attention/cogitao_c1_experiment_3_vit6_function_mlp_cross_attention/run_000/last.ckpt,900674f94996e9b2f5190e7cd8bac4486d09332daaf131226f7f107123274de1,dfec9cbb2afe6616194c1fb41430c0c5d2bc4208,3,val_ood,crop_bottom_side,rot90,rot90 -> crop_bottom_side,"pair (f,g): fgx=f(g(x)); task-token order [g,f] means g -> f",128,128,128,image_block_01,42,78000,256,256,0.01,2,"{""fixed_ranks"": [1, 2, 4, 8, 16, 32], ""variance_thresholds"": [0.9, 0.95]}",recorded_ood,g_given_f,k32,32,0.49800094591460026,0.3428178898244658,0.12252457686726198,0.9708534441690979,0.9426056146854813,0.3244570275554989,255,127,descriptive_only; never used for ID projection,ok
/home/ubuntu/cogitao-research/checkpoints/cogitao_vit_cross_attention/cogitao_c1_experiment_3_vit6_function_mlp_cross_attention/run_000/last.ckpt,900674f94996e9b2f5190e7cd8bac4486d09332daaf131226f7f107123274de1,dfec9cbb2afe6616194c1fb41430c0c5d2bc4208,3,val_ood,crop_bottom_side,rot90,rot90 -> crop_bottom_side,"pair (f,g): fgx=f(g(x)); task-token order [g,f] means g -> f",128,128,128,image_block_01,42,78000,256,256,0.01,2,"{""fixed_ranks"": [1, 2, 4, 8, 16, 32], ""variance_thresholds"": [0.9, 0.95]}",recorded_ood,g_given_f,variance_0.9,28,0.5229152810758773,0.3583805104522231,0.13399374673530134,0.968711093828198,0.9384585505216344,0.31957801579460143,255,127,descriptive_only; never used for ID projection,ok
/home/ubuntu/cogitao-research/checkpoints/cogitao_vit_cross_attention/cogitao_c1_experiment_3_vit6_function_mlp_cross_attention/run_000/last.ckpt,900674f94996e9b2f5190e7cd8bac4486d09332daaf131226f7f107123274de1,dfec9cbb2afe6616194c1fb41430c0c5d2bc4208,3,val_ood,crop_bottom_side,rot90,rot90 -> crop_bottom_side,"pair (f,g): fgx=f(g(x)); task-token order [g,f] means g -> f",128,128,128,image_block_01,42,78000,256,256,0.01,2,"{""fixed_ranks"": [1, 2, 4, 8, 16, 32], ""variance_thresholds"": [0.9, 0.95]}",recorded_ood,g_given_f,variance_0.95,46,0.4161220918108134,0.2890440749980129,0.08733284216496073,0.9555845553196879,0.9132531447779546,0.3241590157529771,255,127,descriptive_only; never used for ID projection,ok
/home/ubuntu/cogitao-research/checkpoints/cogitao_vit_cross_attention/cogitao_c1_experiment_3_vit6_function_mlp_cross_attention/run_000/last.ckpt,900674f94996e9b2f5190e7cd8bac4486d09332daaf131226f7f107123274de1,dfec9cbb2afe6616194c1fb41430c0c5d2bc4208,3,val_ood,crop_bottom_side,rot90,rot90 -> crop_bottom_side,"pair (f,g): fgx=f(g(x)); task-token order [g,f] means g -> f",128,128,128,image_block_02,42,78000,256,256,0.01,2,"{""fixed_ranks"": [1, 2, 4, 8, 16, 32], ""variance_thresholds"": [0.9, 0.95]}",recorded_ood,f_given_g,k1,1,0.9412160038774235,0.9403561637517869,0.8874612431929105,0.9996962528151575,0.9993927237882995,0.0735101576829269,255,127,descriptive_only; never used for ID projection,ok
/home/ubuntu/cogitao-research/checkpoints/cogitao_vit_cross_attention/cogitao_c1_experiment_3_vit6_function_mlp_cross_attention/run_000/last.ckpt,900674f94996e9b2f5190e7cd8bac4486d09332daaf131226f7f107123274de1,dfec9cbb2afe6616194c1fb41430c0c5d2bc4208,3,val_ood,crop_bottom_side,rot90,rot90 -> crop_bottom_side,"pair (f,g): fgx=f(g(x)); task-token order [g,f] means g -> f",128,128,128,image_block_02,42,78000,256,256,0.01,2,"{""fixed_ranks"": [1, 2, 4, 8, 16, 32], ""variance_thresholds"": [0.9, 0.95]}",recorded_ood,f_given_g,k2,2,0.8794394806469633,0.8776412024197207,0.7769164784722988,0.9973344746514572,0.9946819710254706,0.11535166816148912,255,127,descriptive_only; never used for ID projection,ok
/home/ubuntu/cogitao-research/checkpoints/cogitao_vit_cross_attention/cogitao_c1_experiment_3_vit6_function_mlp_cross_attention/run_000/last.ckpt,900674f94996e9b2f5190e7cd8bac4486d09332daaf131226f7f107123274de1,dfec9cbb2afe6616194c1fb41430c0c5d2bc4208,3,val_ood,crop_bottom_side,rot90,rot90 -> crop_bottom_side,"pair (f,g): fgx=f(g(x)); task-token order [g,f] means g -> f",128,128,128,image_block_02,42,78000,256,256,0.01,2,"{""fixed_ranks"": [1, 2, 4, 8, 16, 32], ""variance_thresholds"": [0.9, 0.95]}",recorded_ood,f_given_g,k4,4,0.783313700458187,0.7847879935083275,0.6208913022727118,0.9975868195968689,0.9951823123380029,0.14174964182012734,255,127,descriptive_only; never used for ID projection,ok
/home/ubuntu/cogitao-research/checkpoints/cogitao_vit_cross_attention/cogitao_c1_experiment_3_vit6_function_mlp_cross_attention/run_000/last.ckpt,900674f94996e9b2f5190e7cd8bac4486d09332daaf131226f7f107123274de1,dfec9cbb2afe6616194c1fb41430c0c5d2bc4208,3,val_ood,crop_bottom_side,rot90,rot90 -> crop_bottom_side,"pair (f,g): fgx=f(g(x)); task-token order [g,f] means g -> f",128,128,128,image_block_02,42,78000,256,256,0.01,2,"{""fixed_ranks"": [1, 2, 4, 8, 16, 32], ""variance_thresholds"": [0.9, 0.95]}",recorded_ood,f_given_g,k8,8,0.6520598291315216,0.6673228626458202,0.45139521912020164,0.9937283408503705,0.9875063532294518,0.2901642534219841,255,127,descriptive_only; never used for ID projection,ok
/home/ubuntu/cogitao-research/checkpoints/cogitao_vit_cross_attention/cogitao_c1_experiment_3_vit6_function_mlp_cross_attention/run_000/last.ckpt,900674f94996e9b2f5190e7cd8bac4486d09332daaf131226f7f107123274de1,dfec9cbb2afe6616194c1fb41430c0c5d2bc4208,3,val_ood,crop_bottom_side,rot90,rot90 -> crop_bottom_side,"pair (f,g): fgx=f(g(x)); task-token order [g,f] means g -> f",128,128,128,image_block_02,42,78000,256,256,0.01,2,"{""fixed_ranks"": [1, 2, 4, 8, 16, 32], ""variance_thresholds"": [0.9, 0.95]}",recorded_ood,f_given_g,k16,16,0.4528751121038297,0.4753509266207261,0.23073604990661944,0.986761181533178,0.9737111204688926,0.31474030982225126,255,127,descriptive_only; never used for ID projection,ok
/home/ubuntu/cogitao-research/checkpoints/cogitao_vit_cross_attention/cogitao_c1_experiment_3_vit6_function_mlp_cross_attention/run_000/last.ckpt,900674f94996e9b2f5190e7cd8bac4486d09332daaf131226f7f107123274de1,dfec9cbb2afe6616194c1fb41430c0c5d2bc4208,3,val_ood,crop_bottom_side,rot90,rot90 -> crop_bottom_side,"pair (f,g): fgx=f(g(x)); task-token order [g,f] means g -> f",128,128,128,image_block_02,42,78000,256,256,0.01,2,"{""fixed_ranks"": [1, 2, 4, 8, 16, 32], ""variance_thresholds"": [0.9, 0.95]}",recorded_ood,f_given_g,k32,32,0.34364121408486487,0.36771691925955874,0.13833929409582219,0.9673975282517167,0.9358957890701293,0.315975653221232,255,127,descriptive_only; never used for ID projection,ok
/home/ubuntu/cogitao-research/checkpoints/cogitao_vit_cross_attention/cogitao_c1_experiment_3_vit6_function_mlp_cross_attention/run_000/last.ckpt,900674f94996e9b2f5190e7cd8bac4486d09332daaf131226f7f107123274de1,dfec9cbb2afe6616194c1fb41430c0c5d2bc4208,3,val_ood,crop_bottom_side,rot90,rot90 -> crop_bottom_side,"pair (f,g): fgx=f(g(x)); task-token order [g,f] means g -> f",128,128,128,image_block_02,42,78000,256,256,0.01,2,"{""fixed_ranks"": [1, 2, 4, 8, 16, 32], ""variance_thresholds"": [0.9, 0.95]}",recorded_ood,f_given_g,variance_0.9,41,0.315379987171319,0.3350183278799389,0.115090244256562,0.9628361673243662,0.9271066218892978,0.3214168866298596,255,127,descriptive_only; never used for ID projection,ok
/home/ubuntu/cogitao-research/checkpoints/cogitao_vit_cross_attention/cogitao_c1_experiment_3_vit6_function_mlp_cross_attention/run_000/last.ckpt,900674f94996e9b2f5190e7cd8bac4486d09332daaf131226f7f107123274de1,dfec9cbb2afe6616194c1fb41430c0c5d2bc4208,3,val_ood,crop_bottom_side,rot90,rot90 -> crop_bottom_side,"pair (f,g): fgx=f(g(x)); task-token order [g,f] means g -> f",128,128,128,image_block_02,42,78000,256,256,0.01,2,"{""fixed_ranks"": [1, 2, 4, 8, 16, 32], ""variance_thresholds"": [0.9, 0.95]}",recorded_ood,f_given_g,variance_0.95,65,0.25454943948551995,0.27016089688964584,0.0750232718350388,0.9280793831811323,0.8614476042959345,0.3326554697114376,255,127,descriptive_only; never used for ID projection,ok
/home/ubuntu/cogitao-research/checkpoints/cogitao_vit_cross_attention/cogitao_c1_experiment_3_vit6_function_mlp_cross_attention/run_000/last.ckpt,900674f94996e9b2f5190e7cd8bac4486d09332daaf131226f7f107123274de1,dfec9cbb2afe6616194c1fb41430c0c5d2bc4208,3,val_ood,crop_bottom_side,rot90,rot90 -> crop_bottom_side,"pair (f,g): fgx=f(g(x)); task-token order [g,f] means g -> f",128,128,128,image_block_02,42,78000,256,256,0.01,2,"{""fixed_ranks"": [1, 2, 4, 8, 16, 32], ""variance_thresholds"": [0.9, 0.95]}",recorded_ood,g_given_f,k1,1,0.9534935023061422,0.856148751717471,0.7429239520598707,0.9994236852253873,0.9988482236194307,0.5446745051772048,255,127,descriptive_only; never used for ID projection,ok
/home/ubuntu/cogitao-research/checkpoints/cogitao_vit_cross_attention/cogitao_c1_experiment_3_vit6_function_mlp_cross_attention/run_000/last.ckpt,900674f94996e9b2f5190e7cd8bac4486d09332daaf131226f7f107123274de1,dfec9cbb2afe6616194c1fb41430c0c5d2bc4208,3,val_ood,crop_bottom_side,rot90,rot90 -> crop_bottom_side,"pair (f,g): fgx=f(g(x)); task-token order [g,f] means g -> f",128,128,128,image_block_02,42,78000,256,256,0.01,2,"{""fixed_ranks"": [1, 2, 4, 8, 16, 32], ""variance_thresholds"": [0.9, 0.95]}",recorded_ood,g_given_f,k2,2,0.9132594255122426,0.7979801367965512,0.6496721691907714,0.9980790972965589,0.9961651351939147,0.4566568239453335,255,127,descriptive_only; never used for ID projection,ok
/home/ubuntu/cogitao-research/checkpoints/cogitao_vit_cross_attention/cogitao_c1_experiment_3_vit6_function_mlp_cross_attention/run_000/last.ckpt,900674f94996e9b2f5190e7cd8bac4486d09332daaf131226f7f107123274de1,dfec9cbb2afe6616194c1fb41430c0c5d2bc4208,3,val_ood,crop_bottom_side,rot90,rot90 -> crop_bottom_side,"pair (f,g): fgx=f(g(x)); task-token order [g,f] means g -> f",128,128,128,image_block_02,42,78000,256,256,0.01,2,"{""fixed_ranks"": [1, 2, 4, 8, 16, 32], ""variance_thresholds"": [0.9, 0.95]}",recorded_ood,g_given_f,k4,4,0.8589937106658014,0.716410933841963,0.5263981616732039,0.9969742719389858,0.9939609248548698,0.36548859887355506,255,127,descriptive_only; never used for ID projection,ok
/home/ubuntu/cogitao-research/checkpoints/cogitao_vit_cross_attention/cogitao_c1_experiment_3_vit6_function_mlp_cross_attention/run_000/last.ckpt,900674f94996e9b2f5190e7cd8bac4486d09332daaf131226f7f107123274de1,dfec9cbb2afe6616194c1fb41430c0c5d2bc4208,3,val_ood,crop_bottom_side,rot90,rot90 -> crop_bottom_side,"pair (f,g): fgx=f(g(x)); task-token order [g,f] means g -> f",128,128,128,image_block_02,42,78000,256,256,0.01,2,"{""fixed_ranks"": [1, 2, 4, 8, 16, 32], ""variance_thresholds"": [0.9, 0.95]}",recorded_ood,g_given_f,k8,8,0.7742880243960839,0.6338419990860757,0.41340327975052793,0.9940526523084074,0.9881521166335164,0.3960109162043983,255,127,descriptive_only; never used for ID projection,ok
/home/ubuntu/cogitao-research/checkpoints/cogitao_vit_cross_attention/cogitao_c1_experiment_3_vit6_function_mlp_cross_attention/run_000/last.ckpt,900674f94996e9b2f5190e7cd8bac4486d09332daaf131226f7f107123274de1,dfec9cbb2afe6616194c1fb41430c0c5d2bc4208,3,val_ood,crop_bottom_side,rot90,rot90 -> crop_bottom_side,"pair (f,g): fgx=f(g(x)); task-token order [g,f] means g -> f",128,128,128,image_block_02,42,78000,256,256,0.01,2,"{""fixed_ranks"": [1, 2, 4, 8, 16, 32], ""variance_thresholds"": [0.9, 0.95]}",recorded_ood,g_given_f,k16,16,0.671922533747346,0.5390372484184336,0.29897017997941516,0.9832044062864453,0.9667114429590318,0.37982180698055923,255,127,descriptive_only; never used for ID projection,ok
/home/ubuntu/cogitao-research/checkpoints/cogitao_vit_cross_attention/cogitao_c1_experiment_3_vit6_function_mlp_cross_attention/run_000/last.ckpt,900674f94996e9b2f5190e7cd8bac4486d09332daaf131226f7f107123274de1,dfec9cbb2afe6616194c1fb41430c0c5d2bc4208,3,val_ood,crop_bottom_side,rot90,rot90 -> crop_bottom_side,"pair (f,g): fgx=f(g(x)); task-token order [g,f] means g -> f",128,128,128,image_block_02,42,78000,256,256,0.01,2,"{""fixed_ranks"": [1, 2, 4, 8, 16, 32], ""variance_thresholds"": [0.9, 0.95]}",recorded_ood,g_given_f,k32,32,0.5570298310565204,0.4290475571359232,0.18953380257270938,0.9713621451955698,0.9435867579709067,0.3645640026551248,255,127,descriptive_only; never used for ID projection,ok
/home/ubuntu/cogitao-research/checkpoints/cogitao_vit_cross_attention/cogitao_c1_experiment_3_vit6_function_mlp_cross_attention/run_000/last.ckpt,900674f94996e9b2f5190e7cd8bac4486d09332daaf131226f7f107123274de1,dfec9cbb2afe6616194c1fb41430c0c5d2bc4208,3,val_ood,crop_bottom_side,rot90,rot90 -> crop_bottom_side,"pair (f,g): fgx=f(g(x)); task-token order [g,f] means g -> f",128,128,128,image_block_02,42,78000,256,256,0.01,2,"{""fixed_ranks"": [1, 2, 4, 8, 16, 32], ""variance_thresholds"": [0.9, 0.95]}",recorded_ood,g_given_f,variance_0.9,42,0.5081905743821872,0.38913492561924773,0.15571511492175621,0.9514192460250095,0.905322295233367,0.3654915392715906,255,127,descriptive_only; never used for ID projection,ok
/home/ubuntu/cogitao-research/checkpoints/cogitao_vit_cross_attention/cogitao_c1_experiment_3_vit6_function_mlp_cross_attention/run_000/last.ckpt,900674f94996e9b2f5190e7cd8bac4486d09332daaf131226f7f107123274de1,dfec9cbb2afe6616194c1fb41430c0c5d2bc4208,3,val_ood,crop_bottom_side,rot90,rot90 -> crop_bottom_side,"pair (f,g): fgx=f(g(x)); task-token order [g,f] means g -> f",128,128,128,image_block_02,42,78000,256,256,0.01,2,"{""fixed_ranks"": [1, 2, 4, 8, 16, 32], ""variance_thresholds"": [0.9, 0.95]}",recorded_ood,g_given_f,variance_0.95,67,0.42527043559974065,0.32618324933691345,0.10946007884953339,0.9317210390030133,0.8681997758651447,0.38297143539938516,255,127,descriptive_only; never used for ID projection,ok
/home/ubuntu/cogitao-research/checkpoints/cogitao_vit_cross_attention/cogitao_c1_experiment_3_vit6_function_mlp_cross_attention/run_000/last.ckpt,900674f94996e9b2f5190e7cd8bac4486d09332daaf131226f7f107123274de1,dfec9cbb2afe6616194c1fb41430c0c5d2bc4208,3,val_ood,crop_bottom_side,rot90,rot90 -> crop_bottom_side,"pair (f,g): fgx=f(g(x)); task-token order [g,f] means g -> f",128,128,128,image_block_03,42,78000,256,256,0.01,2,"{""fixed_ranks"": [1, 2, 4, 8, 16, 32], ""variance_thresholds"": [0.9, 0.95]}",recorded_ood,f_given_g,k1,1,0.9650192082016884,0.9632762523258223,0.9297534004507864,0.9997161830100811,0.9994325998879394,0.1492373260360923,255,127,descriptive_only; never used for ID projection,ok
/home/ubuntu/cogitao-research/checkpoints/cogitao_vit_cross_attention/cogitao_c1_experiment_3_vit6_function_mlp_cross_attention/run_000/last.ckpt,900674f94996e9b2f5190e7cd8bac4486d09332daaf131226f7f107123274de1,dfec9cbb2afe6616194c1fb41430c0c5d2bc4208,3,val_ood,crop_bottom_side,rot90,rot90 -> crop_bottom_side,"pair (f,g): fgx=f(g(x)); task-token order [g,f] means g -> f",128,128,128,image_block_03,42,78000,256,256,0.01,2,"{""fixed_ranks"": [1, 2, 4, 8, 16, 32], ""variance_thresholds"": [0.9, 0.95]}",recorded_ood,f_given_g,k2,2,0.9354587718237953,0.9453710813341298,0.8968934132834491,0.9979944761750709,0.9959970177967863,0.23252212959453739,255,127,descriptive_only; never used for ID projection,ok
/home/ubuntu/cogitao-research/checkpoints/cogitao_vit_cross_attention/cogitao_c1_experiment_3_vit6_function_mlp_cross_attention/run_000/last.ckpt,900674f94996e9b2f5190e7cd8bac4486d09332daaf131226f7f107123274de1,dfec9cbb2afe6616194c1fb41430c0c5d2bc4208,3,val_ood,crop_bottom_side,rot90,rot90 -> crop_bottom_side,"pair (f,g): fgx=f(g(x)); task-token order [g,f] means g -> f",128,128,128,image_block_03,42,78000,256,256,0.01,2,"{""fixed_ranks"": [1, 2, 4, 8, 16, 32], ""variance_thresholds"": [0.9, 0.95]}",recorded_ood,f_given_g,k4,4,0.8642646821060518,0.8689342140585079,0.7594089171730842,0.9973934378491097,0.994797382679238,0.18875057838324208,255,127,descriptive_only; never used for ID projection,ok
/home/ubuntu/cogitao-research/checkpoints/cogitao_vit_cross_attention/cogitao_c1_experiment_3_vit6_function_mlp_cross_attention/run_000/last.ckpt,900674f94996e9b2f5190e7cd8bac4486d09332daaf131226f7f107123274de1,dfec9cbb2afe6616194c1fb41430c0c5d2bc4208,3,val_ood,crop_bottom_side,rot90,rot90 -> crop_bottom_side,"pair (f,g): fgx=f(g(x)); task-token order [g,f] means g -> f",128,128,128,image_block_03,42,78000,256,256,0.01,2,"{""fixed_ranks"": [1, 2, 4, 8, 16, 32], ""variance_thresholds"": [0.9, 0.95]}",recorded_ood,f_given_g,k8,8,0.6586739545176973,0.6723249085534176,0.4560905416898927,0.9935647448513201,0.9871803542950952,0.306784421968904,255,127,descriptive_only; never used for ID projection,ok
/home/ubuntu/cogitao-research/checkpoints/cogitao_vit_cross_attention/cogitao_c1_experiment_3_vit6_function_mlp_cross_attention/run_000/last.ckpt,900674f94996e9b2f5190e7cd8bac4486d09332daaf131226f7f107123274de1,dfec9cbb2afe6616194c1fb41430c0c5d2bc4208,3,val_ood,crop_bottom_side,rot90,rot90 -> crop_bottom_side,"pair (f,g): fgx=f(g(x)); task-token order [g,f] means g -> f",128,128,128,image_block_03,42,78000,256,256,0.01,2,"{""fixed_ranks"": [1, 2, 4, 8, 16, 32], ""variance_thresholds"": [0.9, 0.95]}",recorded_ood,f_given_g,k16,16,0.47518335093693576,0.4961025900730312,0.25023038358512717,0.9866781662892316,0.9735566159783167,0.32024638701411745,255,127,descriptive_only; never used for ID projection,ok
/home/ubuntu/cogitao-research/checkpoints/cogitao_vit_cross_attention/cogitao_c1_experiment_3_vit6_function_mlp_cross_attention/run_000/last.ckpt,900674f94996e9b2f5190e7cd8bac4486d09332daaf131226f7f107123274de1,dfec9cbb2afe6616194c1fb41430c0c5d2bc4208,3,val_ood,crop_bottom_side,rot90,rot90 -> crop_bottom_side,"pair (f,g): fgx=f(g(x)); task-token order [g,f] means g -> f",128,128,128,image_block_03,42,78000,256,256,0.01,2,"{""fixed_ranks"": [1, 2, 4, 8, 16, 32], ""variance_thresholds"": [0.9, 0.95]}",recorded_ood,f_given_g,k32,32,0.3756739421439533,0.3965330494977713,0.16018108852189072,0.9636164193451626,0.9285988839976524,0.3482779052789846,255,127,descriptive_only; never used for ID projection,ok
/home/ubuntu/cogitao-research/checkpoints/cogitao_vit_cross_attention/cogitao_c1_experiment_3_vit6_function_mlp_cross_attention/run_000/last.ckpt,900674f94996e9b2f5190e7cd8bac4486d09332daaf131226f7f107123274de1,dfec9cbb2afe6616194c1fb41430c0c5d2bc4208,3,val_ood,crop_bottom_side,rot90,rot90 -> crop_bottom_side,"pair (f,g): fgx=f(g(x)); task-token order [g,f] means g -> f",128,128,128,image_block_03,42,78000,256,256,0.01,2,"{""fixed_ranks"": [1, 2, 4, 8, 16, 32], ""variance_thresholds"": [0.9, 0.95]}",recorded_ood,f_given_g,variance_0.9,46,0.33153950295788415,0.3514619969075056,0.1259859461266121,0.9597550447188211,0.9211826270182253,0.3712986633133452,255,127,descriptive_only; never used for ID projection,ok
/home/ubuntu/cogitao-research/checkpoints/cogitao_vit_cross_attention/cogitao_c1_experiment_3_vit6_function_mlp_cross_attention/run_000/last.ckpt,900674f94996e9b2f5190e7cd8bac4486d09332daaf131226f7f107123274de1,dfec9cbb2afe6616194c1fb41430c0c5d2bc4208,3,val_ood,crop_bottom_side,rot90,rot90 -> crop_bottom_side,"pair (f,g): fgx=f(g(x)); task-token order [g,f] means g -> f",128,128,128,image_block_03,42,78000,256,256,0.01,2,"{""fixed_ranks"": [1, 2, 4, 8, 16, 32], ""variance_thresholds"": [0.9, 0.95]}",recorded_ood,f_given_g,variance_0.95,72,0.2757489575415475,0.29392200307349553,0.08839468872364037,0.9201678612590953,0.8468838974527797,0.37613713926828735,255,127,descriptive_only; never used for ID projection,ok
/home/ubuntu/cogitao-research/checkpoints/cogitao_vit_cross_attention/cogitao_c1_experiment_3_vit6_function_mlp_cross_attention/run_000/last.ckpt,900674f94996e9b2f5190e7cd8bac4486d09332daaf131226f7f107123274de1,dfec9cbb2afe6616194c1fb41430c0c5d2bc4208,3,val_ood,crop_bottom_side,rot90,rot90 -> crop_bottom_side,"pair (f,g): fgx=f(g(x)); task-token order [g,f] means g -> f",128,128,128,image_block_03,42,78000,256,256,0.01,2,"{""fixed_ranks"": [1, 2, 4, 8, 16, 32], ""variance_thresholds"": [0.9, 0.95]}",recorded_ood,g_given_f,k1,1,0.9506893827528448,0.7502853859858798,0.5838789412748923,0.9993447282633485,0.9986909668277241,0.2415842176082349,255,127,descriptive_only; never used for ID projection,ok
/home/ubuntu/cogitao-research/checkpoints/cogitao_vit_cross_attention/cogitao_c1_experiment_3_vit6_function_mlp_cross_attention/run_000/last.ckpt,900674f94996e9b2f5190e7cd8bac4486d09332daaf131226f7f107123274de1,dfec9cbb2afe6616194c1fb41430c0c5d2bc4208,3,val_ood,crop_bottom_side,rot90,rot90 -> crop_bottom_side,"pair (f,g): fgx=f(g(x)); task-token order [g,f] means g -> f",128,128,128,image_block_03,42,78000,256,256,0.01,2,"{""fixed_ranks"": [1, 2, 4, 8, 16, 32], ""variance_thresholds"": [0.9, 0.95]}",recorded_ood,g_given_f,k2,2,0.8686655670680284,0.6916471487672688,0.49984127897373387,0.9989477444281372,0.9978976113431421,0.19748403981999413,255,127,descriptive_only; never used for ID projection,ok
/home/ubuntu/cogitao-research/checkpoints/cogitao_vit_cross_attention/cogitao_c1_experiment_3_vit6_function_mlp_cross_attention/run_000/last.ckpt,900674f94996e9b2f5190e7cd8bac4486d09332daaf131226f7f107123274de1,dfec9cbb2afe6616194c1fb41430c0c5d2bc4208,3,val_ood,crop_bottom_side,rot90,rot90 -> crop_bottom_side,"pair (f,g): fgx=f(g(x)); task-token order [g,f] means g -> f",128,128,128,image_block_03,42,78000,256,256,0.01,2,"{""fixed_ranks"": [1, 2, 4, 8, 16, 32], ""variance_thresholds"": [0.9, 0.95]}",recorded_ood,g_given_f,k4,4,0.8204234522984901,0.6166193800811889,0.3951910766595123,0.9949043658233631,0.9898403259716207,0.2731249667770862,255,127,descriptive_only; never used for ID projection,ok
/home/ubuntu/cogitao-research/checkpoints/cogitao_vit_cross_attention/cogitao_c1_experiment_3_vit6_function_mlp_cross_attention/run_000/last.ckpt,900674f94996e9b2f5190e7cd8bac4486d09332daaf131226f7f107123274de1,dfec9cbb2afe6616194c1fb41430c0c5d2bc4208,3,val_ood,crop_bottom_side,rot90,rot90 -> crop_bottom_side,"pair (f,g): fgx=f(g(x)); task-token order [g,f] means g -> f",128,128,128,image_block_03,42,78000,256,256,0.01,2,"{""fixed_ranks"": [1, 2, 4, 8, 16, 32], ""variance_thresholds"": [0.9, 0.95]}",recorded_ood,g_given_f,k8,8,0.7359028946463204,0.5203906325505027,0.28716326868517106,0.9928392214543513,0.9857412624867967,0.33347474592747445,255,127,descriptive_only; never used for ID projection,ok
/home/ubuntu/cogitao-research/checkpoints/cogitao_vit_cross_attention/cogitao_c1_experiment_3_vit6_function_mlp_cross_attention/run_000/last.ckpt,900674f94996e9b2f5190e7cd8bac4486d09332daaf131226f7f107123274de1,dfec9cbb2afe6616194c1fb41430c0c5d2bc4208,3,val_ood,crop_bottom_side,rot90,rot90 -> crop_bottom_side,"pair (f,g): fgx=f(g(x)); task-token order [g,f] means g -> f",128,128,128,image_block_03,42,78000,256,256,0.01,2,"{""fixed_ranks"": [1, 2, 4, 8, 16, 32], ""variance_thresholds"": [0.9, 0.95]}",recorded_ood,g_given_f,k16,16,0.6363245838537688,0.4452730668109623,0.20935106194628783,0.9815257838048193,0.9634172579127931,0.37551707999213174,255,127,descriptive_only; never used for ID projection,ok
/home/ubuntu/cogitao-research/checkpoints/cogitao_vit_cross_attention/cogitao_c1_experiment_3_vit6_function_mlp_cross_attention/run_000/last.ckpt,900674f94996e9b2f5190e7cd8bac4486d09332daaf131226f7f107123274de1,dfec9cbb2afe6616194c1fb41430c0c5d2bc4208,3,val_ood,crop_bottom_side,rot90,rot90 -> crop_bottom_side,"pair (f,g): fgx=f(g(x)); task-token order [g,f] means g -> f",128,128,128,image_block_03,42,78000,256,256,0.01,2,"{""fixed_ranks"": [1, 2, 4, 8, 16, 32], ""variance_thresholds"": [0.9, 0.95]}",recorded_ood,g_given_f,k32,32,0.5295034483286485,0.3617561287329428,0.1382480990922501,0.9683681358916094,0.9377804044163366,0.381589462670739,255,127,descriptive_only; never used for ID projection,ok
/home/ubuntu/cogitao-research/checkpoints/cogitao_vit_cross_attention/cogitao_c1_experiment_3_vit6_function_mlp_cross_attention/run_000/last.ckpt,900674f94996e9b2f5190e7cd8bac4486d09332daaf131226f7f107123274de1,dfec9cbb2afe6616194c1fb41430c0c5d2bc4208,3,val_ood,crop_bottom_side,rot90,rot90 -> crop_bottom_side,"pair (f,g): fgx=f(g(x)); task-token order [g,f] means g -> f",128,128,128,image_block_03,42,78000,256,256,0.01,2,"{""fixed_ranks"": [1, 2, 4, 8, 16, 32], ""variance_thresholds"": [0.9, 0.95]}",recorded_ood,g_given_f,variance_0.9,34,0.521813987613527,0.35556484123339044,0.13382904045516417,0.9629301468842858,0.9273065724285585,0.3830790595479932,255,127,descriptive_only; never used for ID projection,ok
/home/ubuntu/cogitao-research/checkpoints/cogitao_vit_cross_attention/cogitao_c1_experiment_3_vit6_function_mlp_cross_attention/run_000/last.ckpt,900674f94996e9b2f5190e7cd8bac4486d09332daaf131226f7f107123274de1,dfec9cbb2afe6616194c1fb41430c0c5d2bc4208,3,val_ood,crop_bottom_side,rot90,rot90 -> crop_bottom_side,"pair (f,g): fgx=f(g(x)); task-token order [g,f] means g -> f",128,128,128,image_block_03,42,78000,256,256,0.01,2,"{""fixed_ranks"": [1, 2, 4, 8, 16, 32], ""variance_thresholds"": [0.9, 0.95]}",recorded_ood,g_given_f,variance_0.95,59,0.43917976444082324,0.29694594073362796,0.09310306532737418,0.9365860214302073,0.8773126199135193,0.4056223698764372,255,127,descriptive_only; never used for ID projection,ok
/home/ubuntu/cogitao-research/checkpoints/cogitao_vit_cross_attention/cogitao_c1_experiment_3_vit6_function_mlp_cross_attention/run_000/last.ckpt,900674f94996e9b2f5190e7cd8bac4486d09332daaf131226f7f107123274de1,dfec9cbb2afe6616194c1fb41430c0c5d2bc4208,3,val_ood,crop_bottom_side,rot90,rot90 -> crop_bottom_side,"pair (f,g): fgx=f(g(x)); task-token order [g,f] means g -> f",128,128,128,image_block_04,42,78000,256,256,0.01,2,"{""fixed_ranks"": [1, 2, 4, 8, 16, 32], ""variance_thresholds"": [0.9, 0.95]}",recorded_ood,f_given_g,k1,1,0.9746386100112068,0.9740419944203751,0.949637583896708,0.9985719232941694,0.9971470843410561,0.30855773115504026,255,127,descriptive_only; never used for ID projection,ok
/home/ubuntu/cogitao-research/checkpoints/cogitao_vit_cross_attention/cogitao_c1_experiment_3_vit6_function_mlp_cross_attention/run_000/last.ckpt,900674f94996e9b2f5190e7cd8bac4486d09332daaf131226f7f107123274de1,dfec9cbb2afe6616194c1fb41430c0c5d2bc4208,3,val_ood,crop_bottom_side,rot90,rot90 -> crop_bottom_side,"pair (f,g): fgx=f(g(x)); task-token order [g,f] means g -> f",128,128,128,image_block_04,42,78000,256,256,0.01,2,"{""fixed_ranks"": [1, 2, 4, 8, 16, 32], ""variance_thresholds"": [0.9, 0.95]}",recorded_ood,f_given_g,k2,2,0.9448979453680422,0.9573286059813888,0.9186292849033898,0.9982004710789137,0.9964070378946588,0.3079876207467999,255,127,descriptive_only; never used for ID projection,ok
/home/ubuntu/cogitao-research/checkpoints/cogitao_vit_cross_attention/cogitao_c1_experiment_3_vit6_function_mlp_cross_attention/run_000/last.ckpt,900674f94996e9b2f5190e7cd8bac4486d09332daaf131226f7f107123274de1,dfec9cbb2afe6616194c1fb41430c0c5d2bc4208,3,val_ood,crop_bottom_side,rot90,rot90 -> crop_bottom_side,"pair (f,g): fgx=f(g(x)); task-token order [g,f] means g -> f",128,128,128,image_block_04,42,78000,256,256,0.01,2,"{""fixed_ranks"": [1, 2, 4, 8, 16, 32], ""variance_thresholds"": [0.9, 0.95]}",recorded_ood,f_given_g,k4,4,0.8538766006333962,0.8672480472524213,0.7551573964886277,0.9971629584556717,0.9943381930839957,0.3575639030188693,255,127,descriptive_only; never used for ID projection,ok
/home/ubuntu/cogitao-research/checkpoints/cogitao_vit_cross_attention/cogitao_c1_experiment_3_vit6_function_mlp_cross_attention/run_000/last.ckpt,900674f94996e9b2f5190e7cd8bac4486d09332daaf131226f7f107123274de1,dfec9cbb2afe6616194c1fb41430c0c5d2bc4208,3,val_ood,crop_bottom_side,rot90,rot90 -> crop_bottom_side,"pair (f,g): fgx=f(g(x)); task-token order [g,f] means g -> f",128,128,128,image_block_04,42,78000,256,256,0.01,2,"{""fixed_ranks"": [1, 2, 4, 8, 16, 32], ""variance_thresholds"": [0.9, 0.95]}",recorded_ood,f_given_g,k8,8,0.769693567872484,0.7782159088061957,0.6098519270687157,0.991746655693568,0.983573693737186,0.33967544850374476,255,127,descriptive_only; never used for ID projection,ok
/home/ubuntu/cogitao-research/checkpoints/cogitao_vit_cross_attention/cogitao_c1_experiment_3_vit6_function_mlp_cross_attention/run_000/last.ckpt,900674f94996e9b2f5190e7cd8bac4486d09332daaf131226f7f107123274de1,dfec9cbb2afe6616194c1fb41430c0c5d2bc4208,3,val_ood,crop_bottom_side,rot90,rot90 -> crop_bottom_side,"pair (f,g): fgx=f(g(x)); task-token order [g,f] means g -> f",128,128,128,image_block_04,42,78000,256,256,0.01,2,"{""fixed_ranks"": [1, 2, 4, 8, 16, 32], ""variance_thresholds"": [0.9, 0.95]}",recorded_ood,f_given_g,k16,16,0.5046741630394797,0.5291854845487172,0.28459193343924105,0.9865722651633095,0.9733432046335624,0.36074717419694435,255,127,descriptive_only; never used for ID projection,ok
/home/ubuntu/cogitao-research/checkpoints/cogitao_vit_cross_attention/cogitao_c1_experiment_3_vit6_function_mlp_cross_attention/run_000/last.ckpt,900674f94996e9b2f5190e7cd8bac4486d09332daaf131226f7f107123274de1,dfec9cbb2afe6616194c1fb41430c0c5d2bc4208,3,val_ood,crop_bottom_side,rot90,rot90 -> crop_bottom_side,"pair (f,g): fgx=f(g(x)); task-token order [g,f] means g -> f",128,128,128,image_block_04,42,78000,256,256,0.01,2,"{""fixed_ranks"": [1, 2, 4, 8, 16, 32], ""variance_thresholds"": [0.9, 0.95]}",recorded_ood,f_given_g,k32,32,0.4084423532969288,0.432208036614777,0.1901895657633453,0.9608422825529669,0.9232666607183759,0.37418996746539607,255,127,descriptive_only; never used for ID projection,ok
/home/ubuntu/cogitao-research/checkpoints/cogitao_vit_cross_attention/cogitao_c1_experiment_3_vit6_function_mlp_cross_attention/run_000/last.ckpt,900674f94996e9b2f5190e7cd8bac4486d09332daaf131226f7f107123274de1,dfec9cbb2afe6616194c1fb41430c0c5d2bc4208,3,val_ood,crop_bottom_side,rot90,rot90 -> crop_bottom_side,"pair (f,g): fgx=f(g(x)); task-token order [g,f] means g -> f",128,128,128,image_block_04,42,78000,256,256,0.01,2,"{""fixed_ranks"": [1, 2, 4, 8, 16, 32], ""variance_thresholds"": [0.9, 0.95]}",recorded_ood,f_given_g,variance_0.9,52,0.34197944203163366,0.36298265876419056,0.1343808843580387,0.9437568951695718,0.8907405516682803,0.38609962842429574,255,127,descriptive_only; never used for ID projection,ok
/home/ubuntu/cogitao-research/checkpoints/cogitao_vit_cross_attention/cogitao_c1_experiment_3_vit6_function_mlp_cross_attention/run_000/last.ckpt,900674f94996e9b2f5190e7cd8bac4486d09332daaf131226f7f107123274de1,dfec9cbb2afe6616194c1fb41430c0c5d2bc4208,3,val_ood,crop_bottom_side,rot90,rot90 -> crop_bottom_side,"pair (f,g): fgx=f(g(x)); task-token order [g,f] means g -> f",128,128,128,image_block_04,42,78000,256,256,0.01,2,"{""fixed_ranks"": [1, 2, 4, 8, 16, 32], ""variance_thresholds"": [0.9, 0.95]}",recorded_ood,f_given_g,variance_0.95,81,0.2884858032406481,0.3056537591266181,0.09544350573517871,0.9180079846760961,0.842854801286999,0.40171976632167994,255,127,descriptive_only; never used for ID projection,ok
/home/ubuntu/cogitao-research/checkpoints/cogitao_vit_cross_attention/cogitao_c1_experiment_3_vit6_function_mlp_cross_attention/run_000/last.ckpt,900674f94996e9b2f5190e7cd8bac4486d09332daaf131226f7f107123274de1,dfec9cbb2afe6616194c1fb41430c0c5d2bc4208,3,val_ood,crop_bottom_side,rot90,rot90 -> crop_bottom_side,"pair (f,g): fgx=f(g(x)); task-token order [g,f] means g -> f",128,128,128,image_block_04,42,78000,256,256,0.01,2,"{""fixed_ranks"": [1, 2, 4, 8, 16, 32], ""variance_thresholds"": [0.9, 0.95]}",recorded_ood,g_given_f,k1,1,0.9492383497959495,0.747141544180379,0.5778012871464777,0.9991425207656492,0.9982870401781573,0.16619869466607673,255,127,descriptive_only; never used for ID projection,ok
/home/ubuntu/cogitao-research/checkpoints/cogitao_vit_cross_attention/cogitao_c1_experiment_3_vit6_function_mlp_cross_attention/run_000/last.ckpt,900674f94996e9b2f5190e7cd8bac4486d09332daaf131226f7f107123274de1,dfec9cbb2afe6616194c1fb41430c0c5d2bc4208,3,val_ood,crop_bottom_side,rot90,rot90 -> crop_bottom_side,"pair (f,g): fgx=f(g(x)); task-token order [g,f] means g -> f",128,128,128,image_block_04,42,78000,256,256,0.01,2,"{""fixed_ranks"": [1, 2, 4, 8, 16, 32], ""variance_thresholds"": [0.9, 0.95]}",recorded_ood,g_given_f,k2,2,0.8776473133933037,0.702206403002378,0.5126071496868987,0.9990693663697552,0.9981405648181677,0.29035926409986956,255,127,descriptive_only; never used for ID projection,ok
/home/ubuntu/cogitao-research/checkpoints/cogitao_vit_cross_attention/cogitao_c1_experiment_3_vit6_function_mlp_cross_attention/run_000/last.ckpt,900674f94996e9b2f5190e7cd8bac4486d09332daaf131226f7f107123274de1,dfec9cbb2afe6616194c1fb41430c0c5d2bc4208,3,val_ood,crop_bottom_side,rot90,rot90 -> crop_bottom_side,"pair (f,g): fgx=f(g(x)); task-token order [g,f] means g -> f",128,128,128,image_block_04,42,78000,256,256,0.01,2,"{""fixed_ranks"": [1, 2, 4, 8, 16, 32], ""variance_thresholds"": [0.9, 0.95]}",recorded_ood,g_given_f,k4,4,0.8211414527206676,0.6203233772568117,0.3997691273117632,0.9953962708523884,0.9908200594051084,0.32686098572881206,255,127,descriptive_only; never used for ID projection,ok
/home/ubuntu/cogitao-research/checkpoints/cogitao_vit_cross_attention/cogitao_c1_experiment_3_vit6_function_mlp_cross_attention/run_000/last.ckpt,900674f94996e9b2f5190e7cd8bac4486d09332daaf131226f7f107123274de1,dfec9cbb2afe6616194c1fb41430c0c5d2bc4208,3,val_ood,crop_bottom_side,rot90,rot90 -> crop_bottom_side,"pair (f,g): fgx=f(g(x)); task-token order [g,f] means g -> f",128,128,128,image_block_04,42,78000,256,256,0.01,2,"{""fixed_ranks"": [1, 2, 4, 8, 16, 32], ""variance_thresholds"": [0.9, 0.95]}",recorded_ood,g_given_f,k8,8,0.7529840810418451,0.5373375264913943,0.3064050871062382,0.9922502059807412,0.9845720477009823,0.35280570084166785,255,127,descriptive_only; never used for ID projection,ok
/home/ubuntu/cogitao-research/checkpoints/cogitao_vit_cross_attention/cogitao_c1_experiment_3_vit6_function_mlp_cross_attention/run_000/last.ckpt,900674f94996e9b2f5190e7cd8bac4486d09332daaf131226f7f107123274de1,dfec9cbb2afe6616194c1fb41430c0c5d2bc4208,3,val_ood,crop_bottom_side,rot90,rot90 -> crop_bottom_side,"pair (f,g): fgx=f(g(x)); task-token order [g,f] means g -> f",128,128,128,image_block_04,42,78000,256,256,0.01,2,"{""fixed_ranks"": [1, 2, 4, 8, 16, 32], ""variance_thresholds"": [0.9, 0.95]}",recorded_ood,g_given_f,k16,16,0.6577819990360064,0.4687653168287921,0.23255334130443112,0.9847034391752558,0.9696626348840361,0.41773796903481825,255,127,descriptive_only; never used for ID projection,ok
/home/ubuntu/cogitao-research/checkpoints/cogitao_vit_cross_attention/cogitao_c1_experiment_3_vit6_function_mlp_cross_attention/run_000/last.ckpt,900674f94996e9b2f5190e7cd8bac4486d09332daaf131226f7f107123274de1,dfec9cbb2afe6616194c1fb41430c0c5d2bc4208,3,val_ood,crop_bottom_side,rot90,rot90 -> crop_bottom_side,"pair (f,g): fgx=f(g(x)); task-token order [g,f] means g -> f",128,128,128,image_block_04,42,78000,256,256,0.01,2,"{""fixed_ranks"": [1, 2, 4, 8, 16, 32], ""variance_thresholds"": [0.9, 0.95]}",recorded_ood,g_given_f,k32,32,0.5564479333766128,0.38761664052587086,0.15881943234495643,0.9624503185522042,0.9263691427760028,0.4085006639892797,255,127,descriptive_only; never used for ID projection,ok
/home/ubuntu/cogitao-research/checkpoints/cogitao_vit_cross_attention/cogitao_c1_experiment_3_vit6_function_mlp_cross_attention/run_000/last.ckpt,900674f94996e9b2f5190e7cd8bac4486d09332daaf131226f7f107123274de1,dfec9cbb2afe6616194c1fb41430c0c5d2bc4208,3,val_ood,crop_bottom_side,rot90,rot90 -> crop_bottom_side,"pair (f,g): fgx=f(g(x)); task-token order [g,f] means g -> f",128,128,128,image_block_04,42,78000,256,256,0.01,2,"{""fixed_ranks"": [1, 2, 4, 8, 16, 32], ""variance_thresholds"": [0.9, 0.95]}",recorded_ood,g_given_f,variance_0.9,39,0.528988161471946,0.3664157573377264,0.1416686077648378,0.9589837754473719,0.9197208601118998,0.41983159186631436,255,127,descriptive_only; never used for ID projection,ok
/home/ubuntu/cogitao-research/checkpoints/cogitao_vit_cross_attention/cogitao_c1_experiment_3_vit6_function_mlp_cross_attention/run_000/last.ckpt,900674f94996e9b2f5190e7cd8bac4486d09332daaf131226f7f107123274de1,dfec9cbb2afe6616194c1fb41430c0c5d2bc4208,3,val_ood,crop_bottom_side,rot90,rot90 -> crop_bottom_side,"pair (f,g): fgx=f(g(x)); task-token order [g,f] means g -> f",128,128,128,image_block_04,42,78000,256,256,0.01,2,"{""fixed_ranks"": [1, 2, 4, 8, 16, 32], ""variance_thresholds"": [0.9, 0.95]}",recorded_ood,g_given_f,variance_0.95,66,0.45204476876006305,0.3125137879977971,0.10283913508229589,0.9377297411478462,0.8794444852032373,0.43222355908899474,255,127,descriptive_only; never used for ID projection,ok
/home/ubuntu/cogitao-research/checkpoints/cogitao_vit_cross_attention/cogitao_c1_experiment_3_vit6_function_mlp_cross_attention/run_000/last.ckpt,900674f94996e9b2f5190e7cd8bac4486d09332daaf131226f7f107123274de1,dfec9cbb2afe6616194c1fb41430c0c5d2bc4208,3,val_ood,crop_bottom_side,rot90,rot90 -> crop_bottom_side,"pair (f,g): fgx=f(g(x)); task-token order [g,f] means g -> f",128,128,128,image_block_05,42,78000,256,256,0.01,2,"{""fixed_ranks"": [1, 2, 4, 8, 16, 32], ""variance_thresholds"": [0.9, 0.95]}",recorded_ood,f_given_g,k1,1,0.9752556583876361,0.9775826962991625,0.9562482198799063,0.9981016775270691,0.9962086310680193,0.41507322382130063,255,127,descriptive_only; never used for ID projection,ok
/home/ubuntu/cogitao-research/checkpoints/cogitao_vit_cross_attention/cogitao_c1_experiment_3_vit6_function_mlp_cross_attention/run_000/last.ckpt,900674f94996e9b2f5190e7cd8bac4486d09332daaf131226f7f107123274de1,dfec9cbb2afe6616194c1fb41430c0c5d2bc4208,3,val_ood,crop_bottom_side,rot90,rot90 -> crop_bottom_side,"pair (f,g): fgx=f(g(x)); task-token order [g,f] means g -> f",128,128,128,image_block_05,42,78000,256,256,0.01,2,"{""fixed_ranks"": [1, 2, 4, 8, 16, 32], ""variance_thresholds"": [0.9, 0.95]}",recorded_ood,f_given_g,k2,2,0.9477063582316334,0.9597011852160328,0.9228163328453349,0.9976551136203096,0.9953192066374181,0.3164220054900822,255,127,descriptive_only; never used for ID projection,ok
/home/ubuntu/cogitao-research/checkpoints/cogitao_vit_cross_attention/cogitao_c1_experiment_3_vit6_function_mlp_cross_attention/run_000/last.ckpt,900674f94996e9b2f5190e7cd8bac4486d09332daaf131226f7f107123274de1,dfec9cbb2afe6616194c1fb41430c0c5d2bc4208,3,val_ood,crop_bottom_side,rot90,rot90 -> crop_bottom_side,"pair (f,g): fgx=f(g(x)); task-token order [g,f] means g -> f",128,128,128,image_block_05,42,78000,256,256,0.01,2,"{""fixed_ranks"": [1, 2, 4, 8, 16, 32], ""variance_thresholds"": [0.9, 0.95]}",recorded_ood,f_given_g,k4,4,0.829966865860901,0.8427901711185048,0.7144251719314143,0.996513966525633,0.9930443207346555,0.2951286411230987,255,127,descriptive_only; never used for ID projection,ok
/home/ubuntu/cogitao-research/checkpoints/cogitao_vit_cross_attention/cogitao_c1_experiment_3_vit6_function_mlp_cross_attention/run_000/last.ckpt,900674f94996e9b2f5190e7cd8bac4486d09332daaf131226f7f107123274de1,dfec9cbb2afe6616194c1fb41430c0c5d2bc4208,3,val_ood,crop_bottom_side,rot90,rot90 -> crop_bottom_side,"pair (f,g): fgx=f(g(x)); task-token order [g,f] means g -> f",128,128,128,image_block_05,42,78000,256,256,0.01,2,"{""fixed_ranks"": [1, 2, 4, 8, 16, 32], ""variance_thresholds"": [0.9, 0.95]}",recorded_ood,f_given_g,k8,8,0.7693259665090549,0.7852488178207326,0.6212344960103471,0.9915753296068797,0.9832335030757413,0.39640491453369886,255,127,descriptive_only; never used for ID projection,ok
/home/ubuntu/cogitao-research/checkpoints/cogitao_vit_cross_attention/cogitao_c1_experiment_3_vit6_function_mlp_cross_attention/run_000/last.ckpt,900674f94996e9b2f5190e7cd8bac4486d09332daaf131226f7f107123274de1,dfec9cbb2afe6616194c1fb41430c0c5d2bc4208,3,val_ood,crop_bottom_side,rot90,rot90 -> crop_bottom_side,"pair (f,g): fgx=f(g(x)); task-token order [g,f] means g -> f",128,128,128,image_block_05,42,78000,256,256,0.01,2,"{""fixed_ranks"": [1, 2, 4, 8, 16, 32], ""variance_thresholds"": [0.9, 0.95]}",recorded_ood,f_given_g,k16,16,0.5361211479367599,0.5615017589824405,0.31968703618178584,0.987798703463692,0.9757619547869243,0.3525537132681144,255,127,descriptive_only; never used for ID projection,ok
/home/ubuntu/cogitao-research/checkpoints/cogitao_vit_cross_attention/cogitao_c1_experiment_3_vit6_function_mlp_cross_attention/run_000/last.ckpt,900674f94996e9b2f5190e7cd8bac4486d09332daaf131226f7f107123274de1,dfec9cbb2afe6616194c1fb41430c0c5d2bc4208,3,val_ood,crop_bottom_side,rot90,rot90 -> crop_bottom_side,"pair (f,g): fgx=f(g(x)); task-token order [g,f] means g -> f",128,128,128,image_block_05,42,78000,256,256,0.01,2,"{""fixed_ranks"": [1, 2, 4, 8, 16, 32], ""variance_thresholds"": [0.9, 0.95]}",recorded_ood,f_given_g,k32,32,0.41743261298322004,0.44514904192757226,0.20250954181267533,0.9563764618060798,0.9147165688971591,0.39169696130761766,255,127,descriptive_only; never used for ID projection,ok
/home/ubuntu/cogitao-research/checkpoints/cogitao_vit_cross_attention/cogitao_c1_experiment_3_vit6_function_mlp_cross_attention/run_000/last.ckpt,900674f94996e9b2f5190e7cd8bac4486d09332daaf131226f7f107123274de1,dfec9cbb2afe6616194c1fb41430c0c5d2bc4208,3,val_ood,crop_bottom_side,rot90,rot90 -> crop_bottom_side,"pair (f,g): fgx=f(g(x)); task-token order [g,f] means g -> f",128,128,128,image_block_05,42,78000,256,256,0.01,2,"{""fixed_ranks"": [1, 2, 4, 8, 16, 32], ""variance_thresholds"": [0.9, 0.95]}",recorded_ood,f_given_g,variance_0.9,58,0.34419543995056096,0.3678451486198383,0.13834103252461494,0.9440162538636743,0.8912605443916152,0.4168192626322847,255,127,descriptive_only; never used for ID projection,ok
/home/ubuntu/cogitao-research/checkpoints/cogitao_vit_cross_attention/cogitao_c1_experiment_3_vit6_function_mlp_cross_attention/run_000/last.ckpt,900674f94996e9b2f5190e7cd8bac4486d09332daaf131226f7f107123274de1,dfec9cbb2afe6616194c1fb41430c0c5d2bc4208,3,val_ood,crop_bottom_side,rot90,rot90 -> crop_bottom_side,"pair (f,g): fgx=f(g(x)); task-token order [g,f] means g -> f",128,128,128,image_block_05,42,78000,256,256,0.01,2,"{""fixed_ranks"": [1, 2, 4, 8, 16, 32], ""variance_thresholds"": [0.9, 0.95]}",recorded_ood,f_given_g,variance_0.95,89,0.2938114451149281,0.3152629955355261,0.1018682530484184,0.8956818831079838,0.8023327842622581,0.4318618938624041,255,127,descriptive_only; never used for ID projection,ok
/home/ubuntu/cogitao-research/checkpoints/cogitao_vit_cross_attention/cogitao_c1_experiment_3_vit6_function_mlp_cross_attention/run_000/last.ckpt,900674f94996e9b2f5190e7cd8bac4486d09332daaf131226f7f107123274de1,dfec9cbb2afe6616194c1fb41430c0c5d2bc4208,3,val_ood,crop_bottom_side,rot90,rot90 -> crop_bottom_side,"pair (f,g): fgx=f(g(x)); task-token order [g,f] means g -> f",128,128,128,image_block_05,42,78000,256,256,0.01,2,"{""fixed_ranks"": [1, 2, 4, 8, 16, 32], ""variance_thresholds"": [0.9, 0.95]}",recorded_ood,g_given_f,k1,1,0.9539635128839434,0.7660503124136694,0.6033724830939058,0.9987750924606845,0.9975537335742638,0.19180910099129211,255,127,descriptive_only; never used for ID projection,ok
/home/ubuntu/cogitao-research/checkpoints/cogitao_vit_cross_attention/cogitao_c1_experiment_3_vit6_function_mlp_cross_attention/run_000/last.ckpt,900674f94996e9b2f5190e7cd8bac4486d09332daaf131226f7f107123274de1,dfec9cbb2afe6616194c1fb41430c0c5d2bc4208,3,val_ood,crop_bottom_side,rot90,rot90 -> crop_bottom_side,"pair (f,g): fgx=f(g(x)); task-token order [g,f] means g -> f",128,128,128,image_block_05,42,78000,256,256,0.01,2,"{""fixed_ranks"": [1, 2, 4, 8, 16, 32], ""variance_thresholds"": [0.9, 0.95]}",recorded_ood,g_given_f,k2,2,0.8997354264496864,0.7266275171132052,0.5435795131212521,0.9988442267443307,0.9976908760561947,0.1949938027502341,255,127,descriptive_only; never used for ID projection,ok
/home/ubuntu/cogitao-research/checkpoints/cogitao_vit_cross_attention/cogitao_c1_experiment_3_vit6_function_mlp_cross_attention/run_000/last.ckpt,900674f94996e9b2f5190e7cd8bac4486d09332daaf131226f7f107123274de1,dfec9cbb2afe6616194c1fb41430c0c5d2bc4208,3,val_ood,crop_bottom_side,rot90,rot90 -> crop_bottom_side,"pair (f,g): fgx=f(g(x)); task-token order [g,f] means g -> f",128,128,128,image_block_05,42,78000,256,256,0.01,2,"{""fixed_ranks"": [1, 2, 4, 8, 16, 32], ""variance_thresholds"": [0.9, 0.95]}",recorded_ood,g_given_f,k4,4,0.8418809868187501,0.6551619868423857,0.4418015687493149,0.9953174258471429,0.9906618048327972,0.36887245392164625,255,127,descriptive_only; never used for ID projection,ok
/home/ubuntu/cogitao-research/checkpoints/cogitao_vit_cross_attention/cogitao_c1_experiment_3_vit6_function_mlp_cross_attention/run_000/last.ckpt,900674f94996e9b2f5190e7cd8bac4486d09332daaf131226f7f107123274de1,dfec9cbb2afe6616194c1fb41430c0c5d2bc4208,3,val_ood,crop_bottom_side,rot90,rot90 -> crop_bottom_side,"pair (f,g): fgx=f(g(x)); task-token order [g,f] means g -> f",128,128,128,image_block_05,42,78000,256,256,0.01,2,"{""fixed_ranks"": [1, 2, 4, 8, 16, 32], ""variance_thresholds"": [0.9, 0.95]}",recorded_ood,g_given_f,k8,8,0.7630822809052682,0.5569782743772868,0.32322734455160823,0.9932099786608358,0.9864762115129463,0.32426727241904607,255,127,descriptive_only; never used for ID projection,ok
/home/ubuntu/cogitao-research/checkpoints/cogitao_vit_cross_attention/cogitao_c1_experiment_3_vit6_function_mlp_cross_attention/run_000/last.ckpt,900674f94996e9b2f5190e7cd8bac4486d09332daaf131226f7f107123274de1,dfec9cbb2afe6616194c1fb41430c0c5d2bc4208,3,val_ood,crop_bottom_side,rot90,rot90 -> crop_bottom_side,"pair (f,g): fgx=f(g(x)); task-token order [g,f] means g -> f",128,128,128,image_block_05,42,78000,256,256,0.01,2,"{""fixed_ranks"": [1, 2, 4, 8, 16, 32], ""variance_thresholds"": [0.9, 0.95]}",recorded_ood,g_given_f,k16,16,0.6502752188735541,0.4896640868305453,0.2512900300719054,0.9859652612269096,0.9721418703379769,0.4240341906318734,255,127,descriptive_only; never used for ID projection,ok
/home/ubuntu/cogitao-research/checkpoints/cogitao_vit_cross_attention/cogitao_c1_experiment_3_vit6_function_mlp_cross_attention/run_000/last.ckpt,900674f94996e9b2f5190e7cd8bac4486d09332daaf131226f7f107123274de1,dfec9cbb2afe6616194c1fb41430c0c5d2bc4208,3,val_ood,crop_bottom_side,rot90,rot90 -> crop_bottom_side,"pair (f,g): fgx=f(g(x)); task-token order [g,f] means g -> f",128,128,128,image_block_05,42,78000,256,256,0.01,2,"{""fixed_ranks"": [1, 2, 4, 8, 16, 32], ""variance_thresholds"": [0.9, 0.95]}",recorded_ood,g_given_f,k32,32,0.546789133768996,0.4037725892859944,0.17081079997568327,0.9620000782060992,0.92552037716936,0.40846315063152727,255,127,descriptive_only; never used for ID projection,ok
/home/ubuntu/cogitao-research/checkpoints/cogitao_vit_cross_attention/cogitao_c1_experiment_3_vit6_function_mlp_cross_attention/run_000/last.ckpt,900674f94996e9b2f5190e7cd8bac4486d09332daaf131226f7f107123274de1,dfec9cbb2afe6616194c1fb41430c0c5d2bc4208,3,val_ood,crop_bottom_side,rot90,rot90 -> crop_bottom_side,"pair (f,g): fgx=f(g(x)); task-token order [g,f] means g -> f",128,128,128,image_block_05,42,78000,256,256,0.01,2,"{""fixed_ranks"": [1, 2, 4, 8, 16, 32], ""variance_thresholds"": [0.9, 0.95]}",recorded_ood,g_given_f,variance_0.9,42,0.5037190263001939,0.37284776884248605,0.14580811839166674,0.9595637844519693,0.9208032230714405,0.4132913399056735,255,127,descriptive_only; never used for ID projection,ok
/home/ubuntu/cogitao-research/checkpoints/cogitao_vit_cross_attention/cogitao_c1_experiment_3_vit6_function_mlp_cross_attention/run_000/last.ckpt,900674f94996e9b2f5190e7cd8bac4486d09332daaf131226f7f107123274de1,dfec9cbb2afe6616194c1fb41430c0c5d2bc4208,3,val_ood,crop_bottom_side,rot90,rot90 -> crop_bottom_side,"pair (f,g): fgx=f(g(x)); task-token order [g,f] means g -> f",128,128,128,image_block_05,42,78000,256,256,0.01,2,"{""fixed_ranks"": [1, 2, 4, 8, 16, 32], ""variance_thresholds"": [0.9, 0.95]}",recorded_ood,g_given_f,variance_0.95,69,0.42225308069339385,0.3122794121718557,0.10158022117418819,0.9280936237886117,0.86142912031965,0.422700993769686,255,127,descriptive_only; never used for ID projection,ok
/home/ubuntu/cogitao-research/checkpoints/cogitao_vit_cross_attention/cogitao_c1_experiment_3_vit6_function_mlp_cross_attention/run_000/last.ckpt,900674f94996e9b2f5190e7cd8bac4486d09332daaf131226f7f107123274de1,dfec9cbb2afe6616194c1fb41430c0c5d2bc4208,3,val_ood,crop_bottom_side,rot90,rot90 -> crop_bottom_side,"pair (f,g): fgx=f(g(x)); task-token order [g,f] means g -> f",128,128,128,image_block_06,42,78000,256,256,0.01,2,"{""fixed_ranks"": [1, 2, 4, 8, 16, 32], ""variance_thresholds"": [0.9, 0.95]}",recorded_ood,f_given_g,k1,1,0.964937988774158,0.967634508500153,0.9367162368915113,0.9988856960598647,0.9977736601758614,0.6622002465277638,255,127,descriptive_only; never used for ID projection,ok
/home/ubuntu/cogitao-research/checkpoints/cogitao_vit_cross_attention/cogitao_c1_experiment_3_vit6_function_mlp_cross_attention/run_000/last.ckpt,900674f94996e9b2f5190e7cd8bac4486d09332daaf131226f7f107123274de1,dfec9cbb2afe6616194c1fb41430c0c5d2bc4208,3,val_ood,crop_bottom_side,rot90,rot90 -> crop_bottom_side,"pair (f,g): fgx=f(g(x)); task-token order [g,f] means g -> f",128,128,128,image_block_06,42,78000,256,256,0.01,2,"{""fixed_ranks"": [1, 2, 4, 8, 16, 32], ""variance_thresholds"": [0.9, 0.95]}",recorded_ood,f_given_g,k2,2,0.9483772820725225,0.9533572753001658,0.9096486087466356,0.9979889124468925,0.9959850783547521,0.6317223835893848,255,127,descriptive_only; never used for ID projection,ok
/home/ubuntu/cogitao-research/checkpoints/cogitao_vit_cross_attention/cogitao_c1_experiment_3_vit6_function_mlp_cross_attention/run_000/last.ckpt,900674f94996e9b2f5190e7cd8bac4486d09332daaf131226f7f107123274de1,dfec9cbb2afe6616194c1fb41430c0c5d2bc4208,3,val_ood,crop_bottom_side,rot90,rot90 -> crop_bottom_side,"pair (f,g): fgx=f(g(x)); task-token order [g,f] means g -> f",128,128,128,image_block_06,42,78000,256,256,0.01,2,"{""fixed_ranks"": [1, 2, 4, 8, 16, 32], ""variance_thresholds"": [0.9, 0.95]}",recorded_ood,f_given_g,k4,4,0.9144654999969629,0.9216570283468362,0.8508494392993069,0.9978035158663181,0.995613771989227,0.3830455554703883,255,127,descriptive_only; never used for ID projection,ok
/home/ubuntu/cogitao-research/checkpoints/cogitao_vit_cross_attention/cogitao_c1_experiment_3_vit6_function_mlp_cross_attention/run_000/last.ckpt,900674f94996e9b2f5190e7cd8bac4486d09332daaf131226f7f107123274de1,dfec9cbb2afe6616194c1fb41430c0c5d2bc4208,3,val_ood,crop_bottom_side,rot90,rot90 -> crop_bottom_side,"pair (f,g): fgx=f(g(x)); task-token order [g,f] means g -> f",128,128,128,image_block_06,42,78000,256,256,0.01,2,"{""fixed_ranks"": [1, 2, 4, 8, 16, 32], ""variance_thresholds"": [0.9, 0.95]}",recorded_ood,f_given_g,k8,8,0.8181042068389492,0.835020194129085,0.7005421601153805,0.9905042120896821,0.9811087685538968,0.2560100812043271,255,127,descriptive_only; never used for ID projection,ok
/home/ubuntu/cogitao-research/checkpoints/cogitao_vit_cross_attention/cogitao_c1_experiment_3_vit6_function_mlp_cross_attention/run_000/last.ckpt,900674f94996e9b2f5190e7cd8bac4486d09332daaf131226f7f107123274de1,dfec9cbb2afe6616194c1fb41430c0c5d2bc4208,3,val_ood,crop_bottom_side,rot90,rot90 -> crop_bottom_side,"pair (f,g): fgx=f(g(x)); task-token order [g,f] means g -> f",128,128,128,image_block_06,42,78000,256,256,0.01,2,"{""fixed_ranks"": [1, 2, 4, 8, 16, 32], ""variance_thresholds"": [0.9, 0.95]}",recorded_ood,f_given_g,k16,16,0.7122357249674522,0.7350030479885246,0.543145875379972,0.9884528858359445,0.9770562896448737,0.3333163328298734,255,127,descriptive_only; never used for ID projection,ok
/home/ubuntu/cogitao-research/checkpoints/cogitao_vit_cross_attention/cogitao_c1_experiment_3_vit6_function_mlp_cross_attention/run_000/last.ckpt,900674f94996e9b2f5190e7cd8bac4486d09332daaf131226f7f107123274de1,dfec9cbb2afe6616194c1fb41430c0c5d2bc4208,3,val_ood,crop_bottom_side,rot90,rot90 -> crop_bottom_side,"pair (f,g): fgx=f(g(x)); task-token order [g,f] means g -> f",128,128,128,image_block_06,42,78000,256,256,0.01,2,"{""fixed_ranks"": [1, 2, 4, 8, 16, 32], ""variance_thresholds"": [0.9, 0.95]}",recorded_ood,f_given_g,k32,32,0.5697723236909531,0.5929295418412956,0.3549431480898446,0.9515011719824593,0.9054465345278178,0.3946147036380857,255,127,descriptive_only; never used for ID projection,ok
/home/ubuntu/cogitao-research/checkpoints/cogitao_vit_cross_attention/cogitao_c1_experiment_3_vit6_function_mlp_cross_attention/run_000/last.ckpt,900674f94996e9b2f5190e7cd8bac4486d09332daaf131226f7f107123274de1,dfec9cbb2afe6616194c1fb41430c0c5d2bc4208,3,val_ood,crop_bottom_side,rot90,rot90 -> crop_bottom_side,"pair (f,g): fgx=f(g(x)); task-token order [g,f] means g -> f",128,128,128,image_block_06,42,78000,256,256,0.01,2,"{""fixed_ranks"": [1, 2, 4, 8, 16, 32], ""variance_thresholds"": [0.9, 0.95]}",recorded_ood,f_given_g,variance_0.9,57,0.4568269347881304,0.47716206688376595,0.23004898381536984,0.951285079066199,0.9050295157678133,0.4237298879623058,255,127,descriptive_only; never used for ID projection,ok
/home/ubuntu/cogitao-research/checkpoints/cogitao_vit_cross_attention/cogitao_c1_experiment_3_vit6_function_mlp_cross_attention/run_000/last.ckpt,900674f94996e9b2f5190e7cd8bac4486d09332daaf131226f7f107123274de1,dfec9cbb2afe6616194c1fb41430c0c5d2bc4208,3,val_ood,crop_bottom_side,rot90,rot90 -> crop_bottom_side,"pair (f,g): fgx=f(g(x)); task-token order [g,f] means g -> f",128,128,128,image_block_06,42,78000,256,256,0.01,2,"{""fixed_ranks"": [1, 2, 4, 8, 16, 32], ""variance_thresholds"": [0.9, 0.95]}",recorded_ood,f_given_g,variance_0.95,88,0.3927974577923038,0.41084324004472883,0.17082178697688166,0.9121949435084782,0.8322190966384828,0.43215210612368177,255,127,descriptive_only; never used for ID projection,ok
/home/ubuntu/cogitao-research/checkpoints/cogitao_vit_cross_attention/cogitao_c1_experiment_3_vit6_function_mlp_cross_attention/run_000/last.ckpt,900674f94996e9b2f5190e7cd8bac4486d09332daaf131226f7f107123274de1,dfec9cbb2afe6616194c1fb41430c0c5d2bc4208,3,val_ood,crop_bottom_side,rot90,rot90 -> crop_bottom_side,"pair (f,g): fgx=f(g(x)); task-token order [g,f] means g -> f",128,128,128,image_block_06,42,78000,256,256,0.01,2,"{""fixed_ranks"": [1, 2, 4, 8, 16, 32], ""variance_thresholds"": [0.9, 0.95]}",recorded_ood,g_given_f,k1,1,0.9449685079902863,0.7144169579646826,0.5316922577449316,0.9990056248721875,0.9980133393220814,0.04475024141705786,255,127,descriptive_only; never used for ID projection,ok
/home/ubuntu/cogitao-research/checkpoints/cogitao_vit_cross_attention/cogitao_c1_experiment_3_vit6_function_mlp_cross_attention/run_000/last.ckpt,900674f94996e9b2f5190e7cd8bac4486d09332daaf131226f7f107123274de1,dfec9cbb2afe6616194c1fb41430c0c5d2bc4208,3,val_ood,crop_bottom_side,rot90,rot90 -> crop_bottom_side,"pair (f,g): fgx=f(g(x)); task-token order [g,f] means g -> f",128,128,128,image_block_06,42,78000,256,256,0.01,2,"{""fixed_ranks"": [1, 2, 4, 8, 16, 32], ""variance_thresholds"": [0.9, 0.95]}",recorded_ood,g_given_f,k2,2,0.9125520303230807,0.6827697059914519,0.48626247923119786,0.9985199241389782,0.9970433550453766,0.5170173210428533,255,127,descriptive_only; never used for ID projection,ok
/home/ubuntu/cogitao-research/checkpoints/cogitao_vit_cross_attention/cogitao_c1_experiment_3_vit6_function_mlp_cross_attention/run_000/last.ckpt,900674f94996e9b2f5190e7cd8bac4486d09332daaf131226f7f107123274de1,dfec9cbb2afe6616194c1fb41430c0c5d2bc4208,3,val_ood,crop_bottom_side,rot90,rot90 -> crop_bottom_side,"pair (f,g): fgx=f(g(x)); task-token order [g,f] means g -> f",128,128,128,image_block_06,42,78000,256,256,0.01,2,"{""fixed_ranks"": [1, 2, 4, 8, 16, 32], ""variance_thresholds"": [0.9, 0.95]}",recorded_ood,g_given_f,k4,4,0.8438216485915504,0.5969610247366324,0.37153930192783036,0.995854552876087,0.9917306290728372,0.24298681887042137,255,127,descriptive_only; never used for ID projection,ok
/home/ubuntu/cogitao-research/checkpoints/cogitao_vit_cross_attention/cogitao_c1_experiment_3_vit6_function_mlp_cross_attention/run_000/last.ckpt,900674f94996e9b2f5190e7cd8bac4486d09332daaf131226f7f107123274de1,dfec9cbb2afe6616194c1fb41430c0c5d2bc4208,3,val_ood,crop_bottom_side,rot90,rot90 -> crop_bottom_side,"pair (f,g): fgx=f(g(x)); task-token order [g,f] means g -> f",128,128,128,image_block_06,42,78000,256,256,0.01,2,"{""fixed_ranks"": [1, 2, 4, 8, 16, 32], ""variance_thresholds"": [0.9, 0.95]}",recorded_ood,g_given_f,k8,8,0.7279137377815517,0.5206479760705114,0.2850890621531814,0.9932503929012136,0.9865572639599275,0.352677553005071,255,127,descriptive_only; never used for ID projection,ok
/home/ubuntu/cogitao-research/checkpoints/cogitao_vit_cross_attention/cogitao_c1_experiment_3_vit6_function_mlp_cross_attention/run_000/last.ckpt,900674f94996e9b2f5190e7cd8bac4486d09332daaf131226f7f107123274de1,dfec9cbb2afe6616194c1fb41430c0c5d2bc4208,3,val_ood,crop_bottom_side,rot90,rot90 -> crop_bottom_side,"pair (f,g): fgx=f(g(x)); task-token order [g,f] means g -> f",128,128,128,image_block_06,42,78000,256,256,0.01,2,"{""fixed_ranks"": [1, 2, 4, 8, 16, 32], ""variance_thresholds"": [0.9, 0.95]}",recorded_ood,g_given_f,k16,16,0.6381531802184958,0.4424835396662314,0.20991015240961786,0.9893942577430751,0.978919370491638,0.40103749302437874,255,127,descriptive_only; never used for ID projection,ok
/home/ubuntu/cogitao-research/checkpoints/cogitao_vit_cross_attention/cogitao_c1_experiment_3_vit6_function_mlp_cross_attention/run_000/last.ckpt,900674f94996e9b2f5190e7cd8bac4486d09332daaf131226f7f107123274de1,dfec9cbb2afe6616194c1fb41430c0c5d2bc4208,3,val_ood,crop_bottom_side,rot90,rot90 -> crop_bottom_side,"pair (f,g): fgx=f(g(x)); task-token order [g,f] means g -> f",128,128,128,image_block_06,42,78000,256,256,0.01,2,"{""fixed_ranks"": [1, 2, 4, 8, 16, 32], ""variance_thresholds"": [0.9, 0.95]}",recorded_ood,g_given_f,k32,32,0.5364488912456952,0.3775179672026185,0.15420152278043442,0.9555858932525463,0.9133025080996788,0.42057611940372996,255,127,descriptive_only; never used for ID projection,ok
/home/ubuntu/cogitao-research/checkpoints/cogitao_vit_cross_attention/cogitao_c1_experiment_3_vit6_function_mlp_cross_attention/run_000/last.ckpt,900674f94996e9b2f5190e7cd8bac4486d09332daaf131226f7f107123274de1,dfec9cbb2afe6616194c1fb41430c0c5d2bc4208,3,val_ood,crop_bottom_side,rot90,rot90 -> crop_bottom_side,"pair (f,g): fgx=f(g(x)); task-token order [g,f] means g -> f",128,128,128,image_block_06,42,78000,256,256,0.01,2,"{""fixed_ranks"": [1, 2, 4, 8, 16, 32], ""variance_thresholds"": [0.9, 0.95]}",recorded_ood,g_given_f,variance_0.9,37,0.5089859686820835,0.3635980225996964,0.14326656661825984,0.967184417148913,0.9354922381416093,0.4202993803619488,255,127,descriptive_only; never used for ID projection,ok
/home/ubuntu/cogitao-research/checkpoints/cogitao_vit_cross_attention/cogitao_c1_experiment_3_vit6_function_mlp_cross_attention/run_000/last.ckpt,900674f94996e9b2f5190e7cd8bac4486d09332daaf131226f7f107123274de1,dfec9cbb2afe6616194c1fb41430c0c5d2bc4208,3,val_ood,crop_bottom_side,rot90,rot90 -> crop_bottom_side,"pair (f,g): fgx=f(g(x)); task-token order [g,f] means g -> f",128,128,128,image_block_06,42,78000,256,256,0.01,2,"{""fixed_ranks"": [1, 2, 4, 8, 16, 32], ""variance_thresholds"": [0.9, 0.95]}",recorded_ood,g_given_f,variance_0.95,63,0.4247920567429956,0.3026427519680237,0.09976100666966124,0.9413917707906576,0.8862769910688392,0.41884126443611197,255,127,descriptive_only; never used for ID projection,ok
/home/ubuntu/cogitao-research/checkpoints/cogitao_vit_cross_attention/cogitao_c1_experiment_3_vit6_function_mlp_cross_attention/run_000/last.ckpt,900674f94996e9b2f5190e7cd8bac4486d09332daaf131226f7f107123274de1,dfec9cbb2afe6616194c1fb41430c0c5d2bc4208,3,val_ood,crop_bottom_side,rot90,rot90 -> crop_bottom_side,"pair (f,g): fgx=f(g(x)); task-token order [g,f] means g -> f",128,128,128,image_final_norm,42,78000,256,256,0.01,2,"{""fixed_ranks"": [1, 2, 4, 8, 16, 32], ""variance_thresholds"": [0.9, 0.95]}",recorded_ood,f_given_g,k1,1,0.9634201695477934,0.9662313516383254,0.9340151415383062,0.9988264589274587,0.997655473570028,0.718933958668398,255,127,descriptive_only; never used for ID projection,ok
/home/ubuntu/cogitao-research/checkpoints/cogitao_vit_cross_attention/cogitao_c1_experiment_3_vit6_function_mlp_cross_attention/run_000/last.ckpt,900674f94996e9b2f5190e7cd8bac4486d09332daaf131226f7f107123274de1,dfec9cbb2afe6616194c1fb41430c0c5d2bc4208,3,val_ood,crop_bottom_side,rot90,rot90 -> crop_bottom_side,"pair (f,g): fgx=f(g(x)); task-token order [g,f] means g -> f",128,128,128,image_final_norm,42,78000,256,256,0.01,2,"{""fixed_ranks"": [1, 2, 4, 8, 16, 32], ""variance_thresholds"": [0.9, 0.95]}",recorded_ood,f_given_g,k2,2,0.9456628798899696,0.950542070413952,0.9043966951103986,0.9980293993906928,0.9960659661955595,0.6552429065846098,255,127,descriptive_only; never used for ID projection,ok
/home/ubuntu/cogitao-research/checkpoints/cogitao_vit_cross_attention/cogitao_c1_experiment_3_vit6_function_mlp_cross_attention/run_000/last.ckpt,900674f94996e9b2f5190e7cd8bac4486d09332daaf131226f7f107123274de1,dfec9cbb2afe6616194c1fb41430c0c5d2bc4208,3,val_ood,crop_bottom_side,rot90,rot90 -> crop_bottom_side,"pair (f,g): fgx=f(g(x)); task-token order [g,f] means g -> f",128,128,128,image_final_norm,42,78000,256,256,0.01,2,"{""fixed_ranks"": [1, 2, 4, 8, 16, 32], ""variance_thresholds"": [0.9, 0.95]}",recorded_ood,f_given_g,k4,4,0.9105836708593611,0.9169150080776349,0.8424209921431112,0.9977428487420574,0.995492793521958,0.4331796956748123,255,127,descriptive_only; never used for ID projection,ok
/home/ubuntu/cogitao-research/checkpoints/cogitao_vit_cross_attention/cogitao_c1_experiment_3_vit6_function_mlp_cross_attention/run_000/last.ckpt,900674f94996e9b2f5190e7cd8bac4486d09332daaf131226f7f107123274de1,dfec9cbb2afe6616194c1fb41430c0c5d2bc4208,3,val_ood,crop_bottom_side,rot90,rot90 -> crop_bottom_side,"pair (f,g): fgx=f(g(x)); task-token order [g,f] means g -> f",128,128,128,image_final_norm,42,78000,256,256,0.01,2,"{""fixed_ranks"": [1, 2, 4, 8, 16, 32], ""variance_thresholds"": [0.9, 0.95]}",recorded_ood,f_given_g,k8,8,0.820170950461333,0.835617068752565,0.7018312878382844,0.9899013598443726,0.979916533716594,0.28851067957245846,255,127,descriptive_only; never used for ID projection,ok
/home/ubuntu/cogitao-research/checkpoints/cogitao_vit_cross_attention/cogitao_c1_experiment_3_vit6_function_mlp_cross_attention/run_000/last.ckpt,900674f94996e9b2f5190e7cd8bac4486d09332daaf131226f7f107123274de1,dfec9cbb2afe6616194c1fb41430c0c5d2bc4208,3,val_ood,crop_bottom_side,rot90,rot90 -> crop_bottom_side,"pair (f,g): fgx=f(g(x)); task-token order [g,f] means g -> f",128,128,128,image_final_norm,42,78000,256,256,0.01,2,"{""fixed_ranks"": [1, 2, 4, 8, 16, 32], ""variance_thresholds"": [0.9, 0.95]}",recorded_ood,f_given_g,k16,16,0.7393247490959046,0.7591940742707808,0.5793362694493144,0.9886641187728897,0.9774743494303675,0.3274324556570668,255,127,descriptive_only; never used for ID projection,ok
/home/ubuntu/cogitao-research/checkpoints/cogitao_vit_cross_attention/cogitao_c1_experiment_3_vit6_function_mlp_cross_attention/run_000/last.ckpt,900674f94996e9b2f5190e7cd8bac4486d09332daaf131226f7f107123274de1,dfec9cbb2afe6616194c1fb41430c0c5d2bc4208,3,val_ood,crop_bottom_side,rot90,rot90 -> crop_bottom_side,"pair (f,g): fgx=f(g(x)); task-token order [g,f] means g -> f",128,128,128,image_final_norm,42,78000,256,256,0.01,2,"{""fixed_ranks"": [1, 2, 4, 8, 16, 32], ""variance_thresholds"": [0.9, 0.95]}",recorded_ood,f_given_g,k32,32,0.5924715281193356,0.6124657090667348,0.37875097972645755,0.9530325108001902,0.9083587232393648,0.3933211007904016,255,127,descriptive_only; never used for ID projection,ok
/home/ubuntu/cogitao-research/checkpoints/cogitao_vit_cross_attention/cogitao_c1_experiment_3_vit6_function_mlp_cross_attention/run_000/last.ckpt,900674f94996e9b2f5190e7cd8bac4486d09332daaf131226f7f107123274de1,dfec9cbb2afe6616194c1fb41430c0c5d2bc4208,3,val_ood,crop_bottom_side,rot90,rot90 -> crop_bottom_side,"pair (f,g): fgx=f(g(x)); task-token order [g,f] means g -> f",128,128,128,image_final_norm,42,78000,256,256,0.01,2,"{""fixed_ranks"": [1, 2, 4, 8, 16, 32], ""variance_thresholds"": [0.9, 0.95]}",recorded_ood,f_given_g,variance_0.9,58,0.4766213793817651,0.49531354850762543,0.24781612675292078,0.946528335755798,0.8959842760223804,0.42600595910966793,255,127,descriptive_only; never used for ID projection,ok
/home/ubuntu/cogitao-research/checkpoints/cogitao_vit_cross_attention/cogitao_c1_experiment_3_vit6_function_mlp_cross_attention/run_000/last.ckpt,900674f94996e9b2f5190e7cd8bac4486d09332daaf131226f7f107123274de1,dfec9cbb2afe6616194c1fb41430c0c5d2bc4208,3,val_ood,crop_bottom_side,rot90,rot90 -> crop_bottom_side,"pair (f,g): fgx=f(g(x)); task-token order [g,f] means g -> f",128,128,128,image_final_norm,42,78000,256,256,0.01,2,"{""fixed_ranks"": [1, 2, 4, 8, 16, 32], ""variance_thresholds"": [0.9, 0.95]}",recorded_ood,f_given_g,variance_0.95,89,0.4005017578941046,0.41769003125741333,0.17661541247632,0.9013585847317936,0.812543611675729,0.43387989823740275,255,127,descriptive_only; never used for ID projection,ok
/home/ubuntu/cogitao-research/checkpoints/cogitao_vit_cross_attention/cogitao_c1_experiment_3_vit6_function_mlp_cross_attention/run_000/last.ckpt,900674f94996e9b2f5190e7cd8bac4486d09332daaf131226f7f107123274de1,dfec9cbb2afe6616194c1fb41430c0c5d2bc4208,3,val_ood,crop_bottom_side,rot90,rot90 -> crop_bottom_side,"pair (f,g): fgx=f(g(x)); task-token order [g,f] means g -> f",128,128,128,image_final_norm,42,78000,256,256,0.01,2,"{""fixed_ranks"": [1, 2, 4, 8, 16, 32], ""variance_thresholds"": [0.9, 0.95]}",recorded_ood,g_given_f,k1,1,0.9444442712344766,0.7105638615304914,0.5264684576621006,0.9990425368894366,0.9980870323978049,0.04427186074848444,255,127,descriptive_only; never used for ID projection,ok
/home/ubuntu/cogitao-research/checkpoints/cogitao_vit_cross_attention/cogitao_c1_experiment_3_vit6_function_mlp_cross_attention/run_000/last.ckpt,900674f94996e9b2f5190e7cd8bac4486d09332daaf131226f7f107123274de1,dfec9cbb2afe6616194c1fb41430c0c5d2bc4208,3,val_ood,crop_bottom_side,rot90,rot90 -> crop_bottom_side,"pair (f,g): fgx=f(g(x)); task-token order [g,f] means g -> f",128,128,128,image_final_norm,42,78000,256,256,0.01,2,"{""fixed_ranks"": [1, 2, 4, 8, 16, 32], ""variance_thresholds"": [0.9, 0.95]}",recorded_ood,g_given_f,k2,2,0.9013364700805202,0.6796895831971244,0.4823544813168598,0.9985527660198417,0.9971090206322428,0.46624508004765575,255,127,descriptive_only; never used for ID projection,ok
/home/ubuntu/cogitao-research/checkpoints/cogitao_vit_cross_attention/cogitao_c1_experiment_3_vit6_function_mlp_cross_attention/run_000/last.ckpt,900674f94996e9b2f5190e7cd8bac4486d09332daaf131226f7f107123274de1,dfec9cbb2afe6616194c1fb41430c0c5d2bc4208,3,val_ood,crop_bottom_side,rot90,rot90 -> crop_bottom_side,"pair (f,g): fgx=f(g(x)); task-token order [g,f] means g -> f",128,128,128,image_final_norm,42,78000,256,256,0.01,2,"{""fixed_ranks"": [1, 2, 4, 8, 16, 32], ""variance_thresholds"": [0.9, 0.95]}",recorded_ood,g_given_f,k4,4,0.8431005404268641,0.5969435589529521,0.37183473764246333,0.9957518028762443,0.9915263151473318,0.23981484100076597,255,127,descriptive_only; never used for ID projection,ok
/home/ubuntu/cogitao-research/checkpoints/cogitao_vit_cross_attention/cogitao_c1_experiment_3_vit6_function_mlp_cross_attention/run_000/last.ckpt,900674f94996e9b2f5190e7cd8bac4486d09332daaf131226f7f107123274de1,dfec9cbb2afe6616194c1fb41430c0c5d2bc4208,3,val_ood,crop_bottom_side,rot90,rot90 -> crop_bottom_side,"pair (f,g): fgx=f(g(x)); task-token order [g,f] means g -> f",128,128,128,image_final_norm,42,78000,256,256,0.01,2,"{""fixed_ranks"": [1, 2, 4, 8, 16, 32], ""variance_thresholds"": [0.9, 0.95]}",recorded_ood,g_given_f,k8,8,0.7286869875956462,0.5195028426120618,0.2844231035704667,0.9930782321831877,0.9862152049911459,0.36908430108681395,255,127,descriptive_only; never used for ID projection,ok
/home/ubuntu/cogitao-research/checkpoints/cogitao_vit_cross_attention/cogitao_c1_experiment_3_vit6_function_mlp_cross_attention/run_000/last.ckpt,900674f94996e9b2f5190e7cd8bac4486d09332daaf131226f7f107123274de1,dfec9cbb2afe6616194c1fb41430c0c5d2bc4208,3,val_ood,crop_bottom_side,rot90,rot90 -> crop_bottom_side,"pair (f,g): fgx=f(g(x)); task-token order [g,f] means g -> f",128,128,128,image_final_norm,42,78000,256,256,0.01,2,"{""fixed_ranks"": [1, 2, 4, 8, 16, 32], ""variance_thresholds"": [0.9, 0.95]}",recorded_ood,g_given_f,k16,16,0.6387511471866425,0.44215437609642083,0.21022307072480712,0.9892995199578947,0.978733220204344,0.4032018685065903,255,127,descriptive_only; never used for ID projection,ok
/home/ubuntu/cogitao-research/checkpoints/cogitao_vit_cross_attention/cogitao_c1_experiment_3_vit6_function_mlp_cross_attention/run_000/last.ckpt,900674f94996e9b2f5190e7cd8bac4486d09332daaf131226f7f107123274de1,dfec9cbb2afe6616194c1fb41430c0c5d2bc4208,3,val_ood,crop_bottom_side,rot90,rot90 -> crop_bottom_side,"pair (f,g): fgx=f(g(x)); task-token order [g,f] means g -> f",128,128,128,image_final_norm,42,78000,256,256,0.01,2,"{""fixed_ranks"": [1, 2, 4, 8, 16, 32], ""variance_thresholds"": [0.9, 0.95]}",recorded_ood,g_given_f,k32,32,0.5388211863952956,0.3802451203736074,0.15661291540210945,0.955699834841621,0.9135249986217842,0.4259163729098675,255,127,descriptive_only; never used for ID projection,ok
/home/ubuntu/cogitao-research/checkpoints/cogitao_vit_cross_attention/cogitao_c1_experiment_3_vit6_function_mlp_cross_attention/run_000/last.ckpt,900674f94996e9b2f5190e7cd8bac4486d09332daaf131226f7f107123274de1,dfec9cbb2afe6616194c1fb41430c0c5d2bc4208,3,val_ood,crop_bottom_side,rot90,rot90 -> crop_bottom_side,"pair (f,g): fgx=f(g(x)); task-token order [g,f] means g -> f",128,128,128,image_final_norm,42,78000,256,256,0.01,2,"{""fixed_ranks"": [1, 2, 4, 8, 16, 32], ""variance_thresholds"": [0.9, 0.95]}",recorded_ood,g_given_f,variance_0.9,38,0.5081144373037965,0.3619143665011169,0.14226948934726177,0.9636785966645436,0.9287066837256908,0.4263616909162739,255,127,descriptive_only; never used for ID projection,ok
/home/ubuntu/cogitao-research/checkpoints/cogitao_vit_cross_attention/cogitao_c1_experiment_3_vit6_function_mlp_cross_attention/run_000/last.ckpt,900674f94996e9b2f5190e7cd8bac4486d09332daaf131226f7f107123274de1,dfec9cbb2afe6616194c1fb41430c0c5d2bc4208,3,val_ood,crop_bottom_side,rot90,rot90 -> crop_bottom_side,"pair (f,g): fgx=f(g(x)); task-token order [g,f] means g -> f",128,128,128,image_final_norm,42,78000,256,256,0.01,2,"{""fixed_ranks"": [1, 2, 4, 8, 16, 32], ""variance_thresholds"": [0.9, 0.95]}",recorded_ood,g_given_f,variance_0.95,65,0.4213517364838303,0.3018003092600478,0.09933856877912026,0.9420320495995298,0.8875358301699356,0.4216365486388103,255,127,descriptive_only; never used for ID projection,ok
/home/ubuntu/cogitao-research/checkpoints/cogitao_vit_cross_attention/cogitao_c1_experiment_3_vit6_function_mlp_cross_attention/run_000/last.ckpt,900674f94996e9b2f5190e7cd8bac4486d09332daaf131226f7f107123274de1,dfec9cbb2afe6616194c1fb41430c0c5d2bc4208,3,test_ood,crop_bottom_side,rot90,rot90 -> crop_bottom_side,"pair (f,g): fgx=f(g(x)); task-token order [g,f] means g -> f",128,128,128,image_input_tokens,42,78000,256,256,0.01,2,"{""fixed_ranks"": [1, 2, 4, 8, 16, 32], ""variance_thresholds"": [0.9, 0.95]}",recorded_ood,f_given_g,k1,1,0.9235317567868961,0.920535141073002,0.8535506982647842,0.9995636234867208,0.9991277697894219,0.22981118950108248,255,127,descriptive_only; never used for ID projection,ok
/home/ubuntu/cogitao-research/checkpoints/cogitao_vit_cross_attention/cogitao_c1_experiment_3_vit6_function_mlp_cross_attention/run_000/last.ckpt,900674f94996e9b2f5190e7cd8bac4486d09332daaf131226f7f107123274de1,dfec9cbb2afe6616194c1fb41430c0c5d2bc4208,3,test_ood,crop_bottom_side,rot90,rot90 -> crop_bottom_side,"pair (f,g): fgx=f(g(x)); task-token order [g,f] means g -> f",128,128,128,image_input_tokens,42,78000,256,256,0.01,2,"{""fixed_ranks"": [1, 2, 4, 8, 16, 32], ""variance_thresholds"": [0.9, 0.95]}",recorded_ood,f_given_g,k2,2,0.8584686953757082,0.8510589427876443,0.7313212634853117,0.9977841808497476,0.9955761438024939,0.2064907792161152,255,127,descriptive_only; never used for ID projection,ok
/home/ubuntu/cogitao-research/checkpoints/cogitao_vit_cross_attention/cogitao_c1_experiment_3_vit6_function_mlp_cross_attention/run_000/last.ckpt,900674f94996e9b2f5190e7cd8bac4486d09332daaf131226f7f107123274de1,dfec9cbb2afe6616194c1fb41430c0c5d2bc4208,3,test_ood,crop_bottom_side,rot90,rot90 -> crop_bottom_side,"pair (f,g): fgx=f(g(x)); task-token order [g,f] means g -> f",128,128,128,image_input_tokens,42,78000,256,256,0.01,2,"{""fixed_ranks"": [1, 2, 4, 8, 16, 32], ""variance_thresholds"": [0.9, 0.95]}",recorded_ood,f_given_g,k4,4,0.4773363643407724,0.4727454067496015,0.22861699363743132,0.9951928974883502,0.9904137959193695,0.05080532646269531,255,127,descriptive_only; never used for ID projection,ok
/home/ubuntu/cogitao-research/checkpoints/cogitao_vit_cross_attention/cogitao_c1_experiment_3_vit6_function_mlp_cross_attention/run_000/last.ckpt,900674f94996e9b2f5190e7cd8bac4486d09332daaf131226f7f107123274de1,dfec9cbb2afe6616194c1fb41430c0c5d2bc4208,3,test_ood,crop_bottom_side,rot90,rot90 -> crop_bottom_side,"pair (f,g): fgx=f(g(x)); task-token order [g,f] means g -> f",128,128,128,image_input_tokens,42,78000,256,256,0.01,2,"{""fixed_ranks"": [1, 2, 4, 8, 16, 32], ""variance_thresholds"": [0.9, 0.95]}",recorded_ood,f_given_g,k8,8,0.4233008361987828,0.42325082653416757,0.18570803588403023,0.9937082449314765,0.9874641290142259,0.4654249907989067,255,127,descriptive_only; never used for ID projection,ok
/home/ubuntu/cogitao-research/checkpoints/cogitao_vit_cross_attention/cogitao_c1_experiment_3_vit6_function_mlp_cross_attention/run_000/last.ckpt,900674f94996e9b2f5190e7cd8bac4486d09332daaf131226f7f107123274de1,dfec9cbb2afe6616194c1fb41430c0c5d2bc4208,3,test_ood,crop_bottom_side,rot90,rot90 -> crop_bottom_side,"pair (f,g): fgx=f(g(x)); task-token order [g,f] means g -> f",128,128,128,image_input_tokens,42,78000,256,256,0.01,2,"{""fixed_ranks"": [1, 2, 4, 8, 16, 32], ""variance_thresholds"": [0.9, 0.95]}",recorded_ood,f_given_g,k16,16,0.3293813443670067,0.3330801836959527,0.1184245225801063,0.982595845525494,0.9655185960838004,0.37467975400794246,255,127,descriptive_only; never used for ID projection,ok
/home/ubuntu/cogitao-research/checkpoints/cogitao_vit_cross_attention/cogitao_c1_experiment_3_vit6_function_mlp_cross_attention/run_000/last.ckpt,900674f94996e9b2f5190e7cd8bac4486d09332daaf131226f7f107123274de1,dfec9cbb2afe6616194c1fb41430c0c5d2bc4208,3,test_ood,crop_bottom_side,rot90,rot90 -> crop_bottom_side,"pair (f,g): fgx=f(g(x)); task-token order [g,f] means g -> f",128,128,128,image_input_tokens,42,78000,256,256,0.01,2,"{""fixed_ranks"": [1, 2, 4, 8, 16, 32], ""variance_thresholds"": [0.9, 0.95]}",recorded_ood,f_given_g,k32,32,0.10014138130508546,0.10506018811332354,0.020143996861950477,0.9669553272123097,0.9350298054175712,0.10211528786034016,255,127,descriptive_only; never used for ID projection,ok
/home/ubuntu/cogitao-research/checkpoints/cogitao_vit_cross_attention/cogitao_c1_experiment_3_vit6_function_mlp_cross_attention/run_000/last.ckpt,900674f94996e9b2f5190e7cd8bac4486d09332daaf131226f7f107123274de1,dfec9cbb2afe6616194c1fb41430c0c5d2bc4208,3,test_ood,crop_bottom_side,rot90,rot90 -> crop_bottom_side,"pair (f,g): fgx=f(g(x)); task-token order [g,f] means g -> f",128,128,128,image_input_tokens,42,78000,256,256,0.01,2,"{""fixed_ranks"": [1, 2, 4, 8, 16, 32], ""variance_thresholds"": [0.9, 0.95]}",recorded_ood,f_given_g,variance_0.9,18,0.3061159750591489,0.30941338776343297,0.10363696442456556,0.9829778044577664,0.9662649231218781,0.35137079011735356,255,127,descriptive_only; never used for ID projection,ok
/home/ubuntu/cogitao-research/checkpoints/cogitao_vit_cross_attention/cogitao_c1_experiment_3_vit6_function_mlp_cross_attention/run_000/last.ckpt,900674f94996e9b2f5190e7cd8bac4486d09332daaf131226f7f107123274de1,dfec9cbb2afe6616194c1fb41430c0c5d2bc4208,3,test_ood,crop_bottom_side,rot90,rot90 -> crop_bottom_side,"pair (f,g): fgx=f(g(x)); task-token order [g,f] means g -> f",128,128,128,image_input_tokens,42,78000,256,256,0.01,2,"{""fixed_ranks"": [1, 2, 4, 8, 16, 32], ""variance_thresholds"": [0.9, 0.95]}",recorded_ood,f_given_g,variance_0.95,25,0.22048417651236057,0.2244438697832206,0.05933691338893436,0.9793006432692252,0.9590484791834035,0.2247384550494747,255,127,descriptive_only; never used for ID projection,ok
/home/ubuntu/cogitao-research/checkpoints/cogitao_vit_cross_attention/cogitao_c1_experiment_3_vit6_function_mlp_cross_attention/run_000/last.ckpt,900674f94996e9b2f5190e7cd8bac4486d09332daaf131226f7f107123274de1,dfec9cbb2afe6616194c1fb41430c0c5d2bc4208,3,test_ood,crop_bottom_side,rot90,rot90 -> crop_bottom_side,"pair (f,g): fgx=f(g(x)); task-token order [g,f] means g -> f",128,128,128,image_input_tokens,42,78000,256,256,0.01,2,"{""fixed_ranks"": [1, 2, 4, 8, 16, 32], ""variance_thresholds"": [0.9, 0.95]}",recorded_ood,g_given_f,k1,1,0.9389349873292916,0.8748743007056274,0.7824616833390445,0.9993384243004324,0.9986963406952216,0.15347568930408173,255,127,descriptive_only; never used for ID projection,ok
/home/ubuntu/cogitao-research/checkpoints/cogitao_vit_cross_attention/cogitao_c1_experiment_3_vit6_function_mlp_cross_attention/run_000/last.ckpt,900674f94996e9b2f5190e7cd8bac4486d09332daaf131226f7f107123274de1,dfec9cbb2afe6616194c1fb41430c0c5d2bc4208,3,test_ood,crop_bottom_side,rot90,rot90 -> crop_bottom_side,"pair (f,g): fgx=f(g(x)); task-token order [g,f] means g -> f",128,128,128,image_input_tokens,42,78000,256,256,0.01,2,"{""fixed_ranks"": [1, 2, 4, 8, 16, 32], ""variance_thresholds"": [0.9, 0.95]}",recorded_ood,g_given_f,k2,2,0.8886794615686553,0.7729688865500972,0.6157215862451664,0.9980842575326924,0.9961962231417498,0.11686856361256293,255,127,descriptive_only; never used for ID projection,ok
/home/ubuntu/cogitao-research/checkpoints/cogitao_vit_cross_attention/cogitao_c1_experiment_3_vit6_function_mlp_cross_attention/run_000/last.ckpt,900674f94996e9b2f5190e7cd8bac4486d09332daaf131226f7f107123274de1,dfec9cbb2afe6616194c1fb41430c0c5d2bc4208,3,test_ood,crop_bottom_side,rot90,rot90 -> crop_bottom_side,"pair (f,g): fgx=f(g(x)); task-token order [g,f] means g -> f",128,128,128,image_input_tokens,42,78000,256,256,0.01,2,"{""fixed_ranks"": [1, 2, 4, 8, 16, 32], ""variance_thresholds"": [0.9, 0.95]}",recorded_ood,g_given_f,k4,4,0.7984266157828362,0.5888961047791782,0.36793434774652645,0.9957346975374494,0.9915456991880919,0.13068620194379452,255,127,descriptive_only; never used for ID projection,ok
/home/ubuntu/cogitao-research/checkpoints/cogitao_vit_cross_attention/cogitao_c1_experiment_3_vit6_function_mlp_cross_attention/run_000/last.ckpt,900674f94996e9b2f5190e7cd8bac4486d09332daaf131226f7f107123274de1,dfec9cbb2afe6616194c1fb41430c0c5d2bc4208,3,test_ood,crop_bottom_side,rot90,rot90 -> crop_bottom_side,"pair (f,g): fgx=f(g(x)); task-token order [g,f] means g -> f",128,128,128,image_input_tokens,42,78000,256,256,0.01,2,"{""fixed_ranks"": [1, 2, 4, 8, 16, 32], ""variance_thresholds"": [0.9, 0.95]}",recorded_ood,g_given_f,k8,8,0.7124014285662374,0.5263759572090595,0.2996313351382439,0.9932303435511193,0.986961544908588,0.37650292772588984,255,127,descriptive_only; never used for ID projection,ok
/home/ubuntu/cogitao-research/checkpoints/cogitao_vit_cross_attention/cogitao_c1_experiment_3_vit6_function_mlp_cross_attention/run_000/last.ckpt,900674f94996e9b2f5190e7cd8bac4486d09332daaf131226f7f107123274de1,dfec9cbb2afe6616194c1fb41430c0c5d2bc4208,3,test_ood,crop_bottom_side,rot90,rot90 -> crop_bottom_side,"pair (f,g): fgx=f(g(x)); task-token order [g,f] means g -> f",128,128,128,image_input_tokens,42,78000,256,256,0.01,2,"{""fixed_ranks"": [1, 2, 4, 8, 16, 32], ""variance_thresholds"": [0.9, 0.95]}",recorded_ood,g_given_f,k16,16,0.5724133478216689,0.41451319672253323,0.1956507293080107,0.9853724071000847,0.9713933951302564,0.32441831097339463,255,127,descriptive_only; never used for ID projection,ok
/home/ubuntu/cogitao-research/checkpoints/cogitao_vit_cross_attention/cogitao_c1_experiment_3_vit6_function_mlp_cross_attention/run_000/last.ckpt,900674f94996e9b2f5190e7cd8bac4486d09332daaf131226f7f107123274de1,dfec9cbb2afe6616194c1fb41430c0c5d2bc4208,3,test_ood,crop_bottom_side,rot90,rot90 -> crop_bottom_side,"pair (f,g): fgx=f(g(x)); task-token order [g,f] means g -> f",128,128,128,image_input_tokens,42,78000,256,256,0.01,2,"{""fixed_ranks"": [1, 2, 4, 8, 16, 32], ""variance_thresholds"": [0.9, 0.95]}",recorded_ood,g_given_f,k32,32,0.241230891298857,0.1504325438069576,0.04065045104456978,0.9703846425719267,0.9425433073331815,0.07039151455164103,255,127,descriptive_only; never used for ID projection,ok
/home/ubuntu/cogitao-research/checkpoints/cogitao_vit_cross_attention/cogitao_c1_experiment_3_vit6_function_mlp_cross_attention/run_000/last.ckpt,900674f94996e9b2f5190e7cd8bac4486d09332daaf131226f7f107123274de1,dfec9cbb2afe6616194c1fb41430c0c5d2bc4208,3,test_ood,crop_bottom_side,rot90,rot90 -> crop_bottom_side,"pair (f,g): fgx=f(g(x)); task-token order [g,f] means g -> f",128,128,128,image_input_tokens,42,78000,256,256,0.01,2,"{""fixed_ranks"": [1, 2, 4, 8, 16, 32], ""variance_thresholds"": [0.9, 0.95]}",recorded_ood,g_given_f,variance_0.9,20,0.49971810040773945,0.357567764785953,0.15242585280238358,0.9831114550962843,0.9672328212221133,0.25837230183374427,255,127,descriptive_only; never used for ID projection,ok
/home/ubuntu/cogitao-research/checkpoints/cogitao_vit_cross_attention/cogitao_c1_experiment_3_vit6_function_mlp_cross_attention/run_000/last.ckpt,900674f94996e9b2f5190e7cd8bac4486d09332daaf131226f7f107123274de1,dfec9cbb2afe6616194c1fb41430c0c5d2bc4208,3,test_ood,crop_bottom_side,rot90,rot90 -> crop_bottom_side,"pair (f,g): fgx=f(g(x)); task-token order [g,f] means g -> f",128,128,128,image_input_tokens,42,78000,256,256,0.01,2,"{""fixed_ranks"": [1, 2, 4, 8, 16, 32], ""variance_thresholds"": [0.9, 0.95]}",recorded_ood,g_given_f,variance_0.95,26,0.38368949380192013,0.2628937291599209,0.09077422553139014,0.9716894216456495,0.9452055749122554,0.17436500700115834,255,127,descriptive_only; never used for ID projection,ok
/home/ubuntu/cogitao-research/checkpoints/cogitao_vit_cross_attention/cogitao_c1_experiment_3_vit6_function_mlp_cross_attention/run_000/last.ckpt,900674f94996e9b2f5190e7cd8bac4486d09332daaf131226f7f107123274de1,dfec9cbb2afe6616194c1fb41430c0c5d2bc4208,3,test_ood,crop_bottom_side,rot90,rot90 -> crop_bottom_side,"pair (f,g): fgx=f(g(x)); task-token order [g,f] means g -> f",128,128,128,image_block_01,42,78000,256,256,0.01,2,"{""fixed_ranks"": [1, 2, 4, 8, 16, 32], ""variance_thresholds"": [0.9, 0.95]}",recorded_ood,f_given_g,k1,1,0.9304433886760315,0.9319986489370633,0.8733231097518658,0.9994864272872016,0.9989734661129164,0.060737675912169053,255,127,descriptive_only; never used for ID projection,ok
/home/ubuntu/cogitao-research/checkpoints/cogitao_vit_cross_attention/cogitao_c1_experiment_3_vit6_function_mlp_cross_attention/run_000/last.ckpt,900674f94996e9b2f5190e7cd8bac4486d09332daaf131226f7f107123274de1,dfec9cbb2afe6616194c1fb41430c0c5d2bc4208,3,test_ood,crop_bottom_side,rot90,rot90 -> crop_bottom_side,"pair (f,g): fgx=f(g(x)); task-token order [g,f] means g -> f",128,128,128,image_block_01,42,78000,256,256,0.01,2,"{""fixed_ranks"": [1, 2, 4, 8, 16, 32], ""variance_thresholds"": [0.9, 0.95]}",recorded_ood,f_given_g,k2,2,0.8029803109484791,0.8093548334724905,0.6664716981842701,0.9972203648899447,0.9944539827152858,0.06293590322664244,255,127,descriptive_only; never used for ID projection,ok
/home/ubuntu/cogitao-research/checkpoints/cogitao_vit_cross_attention/cogitao_c1_experiment_3_vit6_function_mlp_cross_attention/run_000/last.ckpt,900674f94996e9b2f5190e7cd8bac4486d09332daaf131226f7f107123274de1,dfec9cbb2afe6616194c1fb41430c0c5d2bc4208,3,test_ood,crop_bottom_side,rot90,rot90 -> crop_bottom_side,"pair (f,g): fgx=f(g(x)); task-token order [g,f] means g -> f",128,128,128,image_block_01,42,78000,256,256,0.01,2,"{""fixed_ranks"": [1, 2, 4, 8, 16, 32], ""variance_thresholds"": [0.9, 0.95]}",recorded_ood,f_given_g,k4,4,0.7527415890308359,0.7578874663015238,0.5861336893981787,0.9957934299964125,0.9916117527059367,0.09866918469481215,255,127,descriptive_only; never used for ID projection,ok
/home/ubuntu/cogitao-research/checkpoints/cogitao_vit_cross_attention/cogitao_c1_experiment_3_vit6_function_mlp_cross_attention/run_000/last.ckpt,900674f94996e9b2f5190e7cd8bac4486d09332daaf131226f7f107123274de1,dfec9cbb2afe6616194c1fb41430c0c5d2bc4208,3,test_ood,crop_bottom_side,rot90,rot90 -> crop_bottom_side,"pair (f,g): fgx=f(g(x)); task-token order [g,f] means g -> f",128,128,128,image_block_01,42,78000,256,256,0.01,2,"{""fixed_ranks"": [1, 2, 4, 8, 16, 32], ""variance_thresholds"": [0.9, 0.95]}",recorded_ood,f_given_g,k8,8,0.56779087176667,0.5706226723703858,0.33493932442787294,0.9945474798898057,0.9891296423944713,0.16961353728616071,255,127,descriptive_only; never used for ID projection,ok
/home/ubuntu/cogitao-research/checkpoints/cogitao_vit_cross_attention/cogitao_c1_experiment_3_vit6_function_mlp_cross_attention/run_000/last.ckpt,900674f94996e9b2f5190e7cd8bac4486d09332daaf131226f7f107123274de1,dfec9cbb2afe6616194c1fb41430c0c5d2bc4208,3,test_ood,crop_bottom_side,rot90,rot90 -> crop_bottom_side,"pair (f,g): fgx=f(g(x)); task-token order [g,f] means g -> f",128,128,128,image_block_01,42,78000,256,256,0.01,2,"{""fixed_ranks"": [1, 2, 4, 8, 16, 32], ""variance_thresholds"": [0.9, 0.95]}",recorded_ood,f_given_g,k16,16,0.3828512496563127,0.3895857569449175,0.15654669150852138,0.9871279723234853,0.974434427196762,0.20618029152536085,255,127,descriptive_only; never used for ID projection,ok
/home/ubuntu/cogitao-research/checkpoints/cogitao_vit_cross_attention/cogitao_c1_experiment_3_vit6_function_mlp_cross_attention/run_000/last.ckpt,900674f94996e9b2f5190e7cd8bac4486d09332daaf131226f7f107123274de1,dfec9cbb2afe6616194c1fb41430c0c5d2bc4208,3,test_ood,crop_bottom_side,rot90,rot90 -> crop_bottom_side,"pair (f,g): fgx=f(g(x)); task-token order [g,f] means g -> f",128,128,128,image_block_01,42,78000,256,256,0.01,2,"{""fixed_ranks"": [1, 2, 4, 8, 16, 32], ""variance_thresholds"": [0.9, 0.95]}",recorded_ood,f_given_g,k32,32,0.2810611958482019,0.287749710126574,0.08541580497731732,0.9674909076097922,0.9360739957768207,0.2476516258695406,255,127,descriptive_only; never used for ID projection,ok
/home/ubuntu/cogitao-research/checkpoints/cogitao_vit_cross_attention/cogitao_c1_experiment_3_vit6_function_mlp_cross_attention/run_000/last.ckpt,900674f94996e9b2f5190e7cd8bac4486d09332daaf131226f7f107123274de1,dfec9cbb2afe6616194c1fb41430c0c5d2bc4208,3,test_ood,crop_bottom_side,rot90,rot90 -> crop_bottom_side,"pair (f,g): fgx=f(g(x)); task-token order [g,f] means g -> f",128,128,128,image_block_01,42,78000,256,256,0.01,2,"{""fixed_ranks"": [1, 2, 4, 8, 16, 32], ""variance_thresholds"": [0.9, 0.95]}",recorded_ood,f_given_g,variance_0.9,28,0.301871222025293,0.30614347096118444,0.09690622304246811,0.9738977513995897,0.948502731701527,0.24893678418355533,255,127,descriptive_only; never used for ID projection,ok
/home/ubuntu/cogitao-research/checkpoints/cogitao_vit_cross_attention/cogitao_c1_experiment_3_vit6_function_mlp_cross_attention/run_000/last.ckpt,900674f94996e9b2f5190e7cd8bac4486d09332daaf131226f7f107123274de1,dfec9cbb2afe6616194c1fb41430c0c5d2bc4208,3,test_ood,crop_bottom_side,rot90,rot90 -> crop_bottom_side,"pair (f,g): fgx=f(g(x)); task-token order [g,f] means g -> f",128,128,128,image_block_01,42,78000,256,256,0.01,2,"{""fixed_ranks"": [1, 2, 4, 8, 16, 32], ""variance_thresholds"": [0.9, 0.95]}",recorded_ood,f_given_g,variance_0.95,45,0.22735595002296172,0.23044595002197116,0.05500776817873149,0.9559405201827258,0.9138574618025583,0.2532037006392391,255,127,descriptive_only; never used for ID projection,ok
/home/ubuntu/cogitao-research/checkpoints/cogitao_vit_cross_attention/cogitao_c1_experiment_3_vit6_function_mlp_cross_attention/run_000/last.ckpt,900674f94996e9b2f5190e7cd8bac4486d09332daaf131226f7f107123274de1,dfec9cbb2afe6616194c1fb41430c0c5d2bc4208,3,test_ood,crop_bottom_side,rot90,rot90 -> crop_bottom_side,"pair (f,g): fgx=f(g(x)); task-token order [g,f] means g -> f",128,128,128,image_block_01,42,78000,256,256,0.01,2,"{""fixed_ranks"": [1, 2, 4, 8, 16, 32], ""variance_thresholds"": [0.9, 0.95]}",recorded_ood,g_given_f,k1,1,0.9470648004701218,0.8681649048648036,0.7640793451401814,0.9993515540808022,0.9987041926966727,0.7758357317568008,255,127,descriptive_only; never used for ID projection,ok
/home/ubuntu/cogitao-research/checkpoints/cogitao_vit_cross_attention/cogitao_c1_experiment_3_vit6_function_mlp_cross_attention/run_000/last.ckpt,900674f94996e9b2f5190e7cd8bac4486d09332daaf131226f7f107123274de1,dfec9cbb2afe6616194c1fb41430c0c5d2bc4208,3,test_ood,crop_bottom_side,rot90,rot90 -> crop_bottom_side,"pair (f,g): fgx=f(g(x)); task-token order [g,f] means g -> f",128,128,128,image_block_01,42,78000,256,256,0.01,2,"{""fixed_ranks"": [1, 2, 4, 8, 16, 32], ""variance_thresholds"": [0.9, 0.95]}",recorded_ood,g_given_f,k2,2,0.8834669251642,0.8164036371265762,0.6794188046817584,0.9984670216418432,0.9969379874159174,0.5779719770552153,255,127,descriptive_only; never used for ID projection,ok
/home/ubuntu/cogitao-research/checkpoints/cogitao_vit_cross_attention/cogitao_c1_experiment_3_vit6_function_mlp_cross_attention/run_000/last.ckpt,900674f94996e9b2f5190e7cd8bac4486d09332daaf131226f7f107123274de1,dfec9cbb2afe6616194c1fb41430c0c5d2bc4208,3,test_ood,crop_bottom_side,rot90,rot90 -> crop_bottom_side,"pair (f,g): fgx=f(g(x)); task-token order [g,f] means g -> f",128,128,128,image_block_01,42,78000,256,256,0.01,2,"{""fixed_ranks"": [1, 2, 4, 8, 16, 32], ""variance_thresholds"": [0.9, 0.95]}",recorded_ood,g_given_f,k4,4,0.788876115938062,0.6906753441050552,0.4902574426181695,0.9957674873072488,0.9915584139931912,0.2601510668072675,255,127,descriptive_only; never used for ID projection,ok
/home/ubuntu/cogitao-research/checkpoints/cogitao_vit_cross_attention/cogitao_c1_experiment_3_vit6_function_mlp_cross_attention/run_000/last.ckpt,900674f94996e9b2f5190e7cd8bac4486d09332daaf131226f7f107123274de1,dfec9cbb2afe6616194c1fb41430c0c5d2bc4208,3,test_ood,crop_bottom_side,rot90,rot90 -> crop_bottom_side,"pair (f,g): fgx=f(g(x)); task-token order [g,f] means g -> f",128,128,128,image_block_01,42,78000,256,256,0.01,2,"{""fixed_ranks"": [1, 2, 4, 8, 16, 32], ""variance_thresholds"": [0.9, 0.95]}",recorded_ood,g_given_f,k8,8,0.6960923354415043,0.5430127500347238,0.30332420279396405,0.9936717817842455,0.9873913194134691,0.21582592473740989,255,127,descriptive_only; never used for ID projection,ok
/home/ubuntu/cogitao-research/checkpoints/cogitao_vit_cross_attention/cogitao_c1_experiment_3_vit6_function_mlp_cross_attention/run_000/last.ckpt,900674f94996e9b2f5190e7cd8bac4486d09332daaf131226f7f107123274de1,dfec9cbb2afe6616194c1fb41430c0c5d2bc4208,3,test_ood,crop_bottom_side,rot90,rot90 -> crop_bottom_side,"pair (f,g): fgx=f(g(x)); task-token order [g,f] means g -> f",128,128,128,image_block_01,42,78000,256,256,0.01,2,"{""fixed_ranks"": [1, 2, 4, 8, 16, 32], ""variance_thresholds"": [0.9, 0.95]}",recorded_ood,g_given_f,k16,16,0.6019276498728146,0.4283115693361772,0.18977864353531101,0.9823173543360814,0.9649769523136906,0.2984998821143996,255,127,descriptive_only; never used for ID projection,ok
/home/ubuntu/cogitao-research/checkpoints/cogitao_vit_cross_attention/cogitao_c1_experiment_3_vit6_function_mlp_cross_attention/run_000/last.ckpt,900674f94996e9b2f5190e7cd8bac4486d09332daaf131226f7f107123274de1,dfec9cbb2afe6616194c1fb41430c0c5d2bc4208,3,test_ood,crop_bottom_side,rot90,rot90 -> crop_bottom_side,"pair (f,g): fgx=f(g(x)); task-token order [g,f] means g -> f",128,128,128,image_block_01,42,78000,256,256,0.01,2,"{""fixed_ranks"": [1, 2, 4, 8, 16, 32], ""variance_thresholds"": [0.9, 0.95]}",recorded_ood,g_given_f,k32,32,0.4833952823710339,0.33568154483350543,0.1167121324723994,0.9704607527229453,0.9418429056949612,0.332881515309957,255,127,descriptive_only; never used for ID projection,ok
/home/ubuntu/cogitao-research/checkpoints/cogitao_vit_cross_attention/cogitao_c1_experiment_3_vit6_function_mlp_cross_attention/run_000/last.ckpt,900674f94996e9b2f5190e7cd8bac4486d09332daaf131226f7f107123274de1,dfec9cbb2afe6616194c1fb41430c0c5d2bc4208,3,test_ood,crop_bottom_side,rot90,rot90 -> crop_bottom_side,"pair (f,g): fgx=f(g(x)); task-token order [g,f] means g -> f",128,128,128,image_block_01,42,78000,256,256,0.01,2,"{""fixed_ranks"": [1, 2, 4, 8, 16, 32], ""variance_thresholds"": [0.9, 0.95]}",recorded_ood,g_given_f,variance_0.9,28,0.5053101915614191,0.3513625590886853,0.12783295034271347,0.9688472267249832,0.9387093531134603,0.3283500237200467,255,127,descriptive_only; never used for ID projection,ok
/home/ubuntu/cogitao-research/checkpoints/cogitao_vit_cross_attention/cogitao_c1_experiment_3_vit6_function_mlp_cross_attention/run_000/last.ckpt,900674f94996e9b2f5190e7cd8bac4486d09332daaf131226f7f107123274de1,dfec9cbb2afe6616194c1fb41430c0c5d2bc4208,3,test_ood,crop_bottom_side,rot90,rot90 -> crop_bottom_side,"pair (f,g): fgx=f(g(x)); task-token order [g,f] means g -> f",128,128,128,image_block_01,42,78000,256,256,0.01,2,"{""fixed_ranks"": [1, 2, 4, 8, 16, 32], ""variance_thresholds"": [0.9, 0.95]}",recorded_ood,g_given_f,variance_0.95,46,0.41178563428138265,0.2850702034899212,0.08409975579378345,0.9569773416375482,0.9158821869539946,0.33236306051263453,255,127,descriptive_only; never used for ID projection,ok
/home/ubuntu/cogitao-research/checkpoints/cogitao_vit_cross_attention/cogitao_c1_experiment_3_vit6_function_mlp_cross_attention/run_000/last.ckpt,900674f94996e9b2f5190e7cd8bac4486d09332daaf131226f7f107123274de1,dfec9cbb2afe6616194c1fb41430c0c5d2bc4208,3,test_ood,crop_bottom_side,rot90,rot90 -> crop_bottom_side,"pair (f,g): fgx=f(g(x)); task-token order [g,f] means g -> f",128,128,128,image_block_02,42,78000,256,256,0.01,2,"{""fixed_ranks"": [1, 2, 4, 8, 16, 32], ""variance_thresholds"": [0.9, 0.95]}",recorded_ood,f_given_g,k1,1,0.9373393889720514,0.9397830453804009,0.8865576227358581,0.9996637540209797,0.9993278194747149,0.07618168781796841,255,127,descriptive_only; never used for ID projection,ok
/home/ubuntu/cogitao-research/checkpoints/cogitao_vit_cross_attention/cogitao_c1_experiment_3_vit6_function_mlp_cross_attention/run_000/last.ckpt,900674f94996e9b2f5190e7cd8bac4486d09332daaf131226f7f107123274de1,dfec9cbb2afe6616194c1fb41430c0c5d2bc4208,3,test_ood,crop_bottom_side,rot90,rot90 -> crop_bottom_side,"pair (f,g): fgx=f(g(x)); task-token order [g,f] means g -> f",128,128,128,image_block_02,42,78000,256,256,0.01,2,"{""fixed_ranks"": [1, 2, 4, 8, 16, 32], ""variance_thresholds"": [0.9, 0.95]}",recorded_ood,f_given_g,k2,2,0.8665847956160073,0.8715285890464544,0.766351650852898,0.9975739790122906,0.9951586935173273,0.10977757417647033,255,127,descriptive_only; never used for ID projection,ok
/home/ubuntu/cogitao-research/checkpoints/cogitao_vit_cross_attention/cogitao_c1_experiment_3_vit6_function_mlp_cross_attention/run_000/last.ckpt,900674f94996e9b2f5190e7cd8bac4486d09332daaf131226f7f107123274de1,dfec9cbb2afe6616194c1fb41430c0c5d2bc4208,3,test_ood,crop_bottom_side,rot90,rot90 -> crop_bottom_side,"pair (f,g): fgx=f(g(x)); task-token order [g,f] means g -> f",128,128,128,image_block_02,42,78000,256,256,0.01,2,"{""fixed_ranks"": [1, 2, 4, 8, 16, 32], ""variance_thresholds"": [0.9, 0.95]}",recorded_ood,f_given_g,k4,4,0.7705658949368438,0.781144093546795,0.616520409532087,0.9977636674834618,0.9955348207149219,0.10954696452978932,255,127,descriptive_only; never used for ID projection,ok
/home/ubuntu/cogitao-research/checkpoints/cogitao_vit_cross_attention/cogitao_c1_experiment_3_vit6_function_mlp_cross_attention/run_000/last.ckpt,900674f94996e9b2f5190e7cd8bac4486d09332daaf131226f7f107123274de1,dfec9cbb2afe6616194c1fb41430c0c5d2bc4208,3,test_ood,crop_bottom_side,rot90,rot90 -> crop_bottom_side,"pair (f,g): fgx=f(g(x)); task-token order [g,f] means g -> f",128,128,128,image_block_02,42,78000,256,256,0.01,2,"{""fixed_ranks"": [1, 2, 4, 8, 16, 32], ""variance_thresholds"": [0.9, 0.95]}",recorded_ood,f_given_g,k8,8,0.6421917080810859,0.6501906284543932,0.42895527611229667,0.9936522544947164,0.9873564575577972,0.22347769025417852,255,127,descriptive_only; never used for ID projection,ok
/home/ubuntu/cogitao-research/checkpoints/cogitao_vit_cross_attention/cogitao_c1_experiment_3_vit6_function_mlp_cross_attention/run_000/last.ckpt,900674f94996e9b2f5190e7cd8bac4486d09332daaf131226f7f107123274de1,dfec9cbb2afe6616194c1fb41430c0c5d2bc4208,3,test_ood,crop_bottom_side,rot90,rot90 -> crop_bottom_side,"pair (f,g): fgx=f(g(x)); task-token order [g,f] means g -> f",128,128,128,image_block_02,42,78000,256,256,0.01,2,"{""fixed_ranks"": [1, 2, 4, 8, 16, 32], ""variance_thresholds"": [0.9, 0.95]}",recorded_ood,f_given_g,k16,16,0.4495116382693294,0.4642408680513239,0.22057788747847398,0.9873077444931286,0.974787549554981,0.29327437542030454,255,127,descriptive_only; never used for ID projection,ok
/home/ubuntu/cogitao-research/checkpoints/cogitao_vit_cross_attention/cogitao_c1_experiment_3_vit6_function_mlp_cross_attention/run_000/last.ckpt,900674f94996e9b2f5190e7cd8bac4486d09332daaf131226f7f107123274de1,dfec9cbb2afe6616194c1fb41430c0c5d2bc4208,3,test_ood,crop_bottom_side,rot90,rot90 -> crop_bottom_side,"pair (f,g): fgx=f(g(x)); task-token order [g,f] means g -> f",128,128,128,image_block_02,42,78000,256,256,0.01,2,"{""fixed_ranks"": [1, 2, 4, 8, 16, 32], ""variance_thresholds"": [0.9, 0.95]}",recorded_ood,f_given_g,k32,32,0.34460307362592046,0.35623656929436975,0.12957924324324066,0.9671332128445469,0.9353869341181731,0.30549088228836274,255,127,descriptive_only; never used for ID projection,ok
/home/ubuntu/cogitao-research/checkpoints/cogitao_vit_cross_attention/cogitao_c1_experiment_3_vit6_function_mlp_cross_attention/run_000/last.ckpt,900674f94996e9b2f5190e7cd8bac4486d09332daaf131226f7f107123274de1,dfec9cbb2afe6616194c1fb41430c0c5d2bc4208,3,test_ood,crop_bottom_side,rot90,rot90 -> crop_bottom_side,"pair (f,g): fgx=f(g(x)); task-token order [g,f] means g -> f",128,128,128,image_block_02,42,78000,256,256,0.01,2,"{""fixed_ranks"": [1, 2, 4, 8, 16, 32], ""variance_thresholds"": [0.9, 0.95]}",recorded_ood,f_given_g,variance_0.9,41,0.3170038969060698,0.3266237699903739,0.10894340948848985,0.9644872632435346,0.9302895001681603,0.3192947365210566,255,127,descriptive_only; never used for ID projection,ok
/home/ubuntu/cogitao-research/checkpoints/cogitao_vit_cross_attention/cogitao_c1_experiment_3_vit6_function_mlp_cross_attention/run_000/last.ckpt,900674f94996e9b2f5190e7cd8bac4486d09332daaf131226f7f107123274de1,dfec9cbb2afe6616194c1fb41430c0c5d2bc4208,3,test_ood,crop_bottom_side,rot90,rot90 -> crop_bottom_side,"pair (f,g): fgx=f(g(x)); task-token order [g,f] means g -> f",128,128,128,image_block_02,42,78000,256,256,0.01,2,"{""fixed_ranks"": [1, 2, 4, 8, 16, 32], ""variance_thresholds"": [0.9, 0.95]}",recorded_ood,f_given_g,variance_0.95,65,0.2562763227325463,0.26532222629058,0.07201359764484969,0.9268017620315883,0.8590675549064135,0.33786073818987994,255,127,descriptive_only; never used for ID projection,ok
/home/ubuntu/cogitao-research/checkpoints/cogitao_vit_cross_attention/cogitao_c1_experiment_3_vit6_function_mlp_cross_attention/run_000/last.ckpt,900674f94996e9b2f5190e7cd8bac4486d09332daaf131226f7f107123274de1,dfec9cbb2afe6616194c1fb41430c0c5d2bc4208,3,test_ood,crop_bottom_side,rot90,rot90 -> crop_bottom_side,"pair (f,g): fgx=f(g(x)); task-token order [g,f] means g -> f",128,128,128,image_block_02,42,78000,256,256,0.01,2,"{""fixed_ranks"": [1, 2, 4, 8, 16, 32], ""variance_thresholds"": [0.9, 0.95]}",recorded_ood,g_given_f,k1,1,0.9538795123594812,0.8514444777398389,0.7354477077345855,0.999553722596787,0.9991079224872116,0.8367911345595874,255,127,descriptive_only; never used for ID projection,ok
/home/ubuntu/cogitao-research/checkpoints/cogitao_vit_cross_attention/cogitao_c1_experiment_3_vit6_function_mlp_cross_attention/run_000/last.ckpt,900674f94996e9b2f5190e7cd8bac4486d09332daaf131226f7f107123274de1,dfec9cbb2afe6616194c1fb41430c0c5d2bc4208,3,test_ood,crop_bottom_side,rot90,rot90 -> crop_bottom_side,"pair (f,g): fgx=f(g(x)); task-token order [g,f] means g -> f",128,128,128,image_block_02,42,78000,256,256,0.01,2,"{""fixed_ranks"": [1, 2, 4, 8, 16, 32], ""variance_thresholds"": [0.9, 0.95]}",recorded_ood,g_given_f,k2,2,0.9102223925366346,0.8010046110571016,0.6541690847909104,0.9983373572692198,0.9966794614538137,0.5200104093112683,255,127,descriptive_only; never used for ID projection,ok
/home/ubuntu/cogitao-research/checkpoints/cogitao_vit_cross_attention/cogitao_c1_experiment_3_vit6_function_mlp_cross_attention/run_000/last.ckpt,900674f94996e9b2f5190e7cd8bac4486d09332daaf131226f7f107123274de1,dfec9cbb2afe6616194c1fb41430c0c5d2bc4208,3,test_ood,crop_bottom_side,rot90,rot90 -> crop_bottom_side,"pair (f,g): fgx=f(g(x)); task-token order [g,f] means g -> f",128,128,128,image_block_02,42,78000,256,256,0.01,2,"{""fixed_ranks"": [1, 2, 4, 8, 16, 32], ""variance_thresholds"": [0.9, 0.95]}",recorded_ood,g_given_f,k4,4,0.8441492343198737,0.7126020969041271,0.5200895449215992,0.9962608929787882,0.992539964350037,0.40305153133622507,255,127,descriptive_only; never used for ID projection,ok
/home/ubuntu/cogitao-research/checkpoints/cogitao_vit_cross_attention/cogitao_c1_experiment_3_vit6_function_mlp_cross_attention/run_000/last.ckpt,900674f94996e9b2f5190e7cd8bac4486d09332daaf131226f7f107123274de1,dfec9cbb2afe6616194c1fb41430c0c5d2bc4208,3,test_ood,crop_bottom_side,rot90,rot90 -> crop_bottom_side,"pair (f,g): fgx=f(g(x)); task-token order [g,f] means g -> f",128,128,128,image_block_02,42,78000,256,256,0.01,2,"{""fixed_ranks"": [1, 2, 4, 8, 16, 32], ""variance_thresholds"": [0.9, 0.95]}",recorded_ood,g_given_f,k8,8,0.7634450578150465,0.6222113873982127,0.3970343929408769,0.99439159061188,0.9888228319474519,0.3499248067593473,255,127,descriptive_only; never used for ID projection,ok
/home/ubuntu/cogitao-research/checkpoints/cogitao_vit_cross_attention/cogitao_c1_experiment_3_vit6_function_mlp_cross_attention/run_000/last.ckpt,900674f94996e9b2f5190e7cd8bac4486d09332daaf131226f7f107123274de1,dfec9cbb2afe6616194c1fb41430c0c5d2bc4208,3,test_ood,crop_bottom_side,rot90,rot90 -> crop_bottom_side,"pair (f,g): fgx=f(g(x)); task-token order [g,f] means g -> f",128,128,128,image_block_02,42,78000,256,256,0.01,2,"{""fixed_ranks"": [1, 2, 4, 8, 16, 32], ""variance_thresholds"": [0.9, 0.95]}",recorded_ood,g_given_f,k16,16,0.6690752114248121,0.5304460818074499,0.2893705007015097,0.982471575267903,0.9652728552727476,0.37509563283582603,255,127,descriptive_only; never used for ID projection,ok
/home/ubuntu/cogitao-research/checkpoints/cogitao_vit_cross_attention/cogitao_c1_experiment_3_vit6_function_mlp_cross_attention/run_000/last.ckpt,900674f94996e9b2f5190e7cd8bac4486d09332daaf131226f7f107123274de1,dfec9cbb2afe6616194c1fb41430c0c5d2bc4208,3,test_ood,crop_bottom_side,rot90,rot90 -> crop_bottom_side,"pair (f,g): fgx=f(g(x)); task-token order [g,f] means g -> f",128,128,128,image_block_02,42,78000,256,256,0.01,2,"{""fixed_ranks"": [1, 2, 4, 8, 16, 32], ""variance_thresholds"": [0.9, 0.95]}",recorded_ood,g_given_f,k32,32,0.546193952477042,0.4287587517237556,0.18975929127218547,0.9709712085817879,0.9428446791392163,0.37368131085000245,255,127,descriptive_only; never used for ID projection,ok
/home/ubuntu/cogitao-research/checkpoints/cogitao_vit_cross_attention/cogitao_c1_experiment_3_vit6_function_mlp_cross_attention/run_000/last.ckpt,900674f94996e9b2f5190e7cd8bac4486d09332daaf131226f7f107123274de1,dfec9cbb2afe6616194c1fb41430c0c5d2bc4208,3,test_ood,crop_bottom_side,rot90,rot90 -> crop_bottom_side,"pair (f,g): fgx=f(g(x)); task-token order [g,f] means g -> f",128,128,128,image_block_02,42,78000,256,256,0.01,2,"{""fixed_ranks"": [1, 2, 4, 8, 16, 32], ""variance_thresholds"": [0.9, 0.95]}",recorded_ood,g_given_f,variance_0.9,42,0.5005670032459297,0.39195453987571144,0.1585452284924576,0.951182915677074,0.9048569501645198,0.38521555141892105,255,127,descriptive_only; never used for ID projection,ok
/home/ubuntu/cogitao-research/checkpoints/cogitao_vit_cross_attention/cogitao_c1_experiment_3_vit6_function_mlp_cross_attention/run_000/last.ckpt,900674f94996e9b2f5190e7cd8bac4486d09332daaf131226f7f107123274de1,dfec9cbb2afe6616194c1fb41430c0c5d2bc4208,3,test_ood,crop_bottom_side,rot90,rot90 -> crop_bottom_side,"pair (f,g): fgx=f(g(x)); task-token order [g,f] means g -> f",128,128,128,image_block_02,42,78000,256,256,0.01,2,"{""fixed_ranks"": [1, 2, 4, 8, 16, 32], ""variance_thresholds"": [0.9, 0.95]}",recorded_ood,g_given_f,variance_0.95,67,0.4172607200948204,0.3268340426761205,0.11028669256812897,0.931910800718,0.8685499556337652,0.3812177998508332,255,127,descriptive_only; never used for ID projection,ok
/home/ubuntu/cogitao-research/checkpoints/cogitao_vit_cross_attention/cogitao_c1_experiment_3_vit6_function_mlp_cross_attention/run_000/last.ckpt,900674f94996e9b2f5190e7cd8bac4486d09332daaf131226f7f107123274de1,dfec9cbb2afe6616194c1fb41430c0c5d2bc4208,3,test_ood,crop_bottom_side,rot90,rot90 -> crop_bottom_side,"pair (f,g): fgx=f(g(x)); task-token order [g,f] means g -> f",128,128,128,image_block_03,42,78000,256,256,0.01,2,"{""fixed_ranks"": [1, 2, 4, 8, 16, 32], ""variance_thresholds"": [0.9, 0.95]}",recorded_ood,f_given_g,k1,1,0.9615045707068689,0.9610298239668387,0.9255032872355151,0.9997366268131631,0.999473474139123,0.927706221397333,255,127,descriptive_only; never used for ID projection,ok
/home/ubuntu/cogitao-research/checkpoints/cogitao_vit_cross_attention/cogitao_c1_experiment_3_vit6_function_mlp_cross_attention/run_000/last.ckpt,900674f94996e9b2f5190e7cd8bac4486d09332daaf131226f7f107123274de1,dfec9cbb2afe6616194c1fb41430c0c5d2bc4208,3,test_ood,crop_bottom_side,rot90,rot90 -> crop_bottom_side,"pair (f,g): fgx=f(g(x)); task-token order [g,f] means g -> f",128,128,128,image_block_03,42,78000,256,256,0.01,2,"{""fixed_ranks"": [1, 2, 4, 8, 16, 32], ""variance_thresholds"": [0.9, 0.95]}",recorded_ood,f_given_g,k2,2,0.9365305674545338,0.9280609632939598,0.8663300218986201,0.9983060776718244,0.9966176966757303,0.08157060857214915,255,127,descriptive_only; never used for ID projection,ok
/home/ubuntu/cogitao-research/checkpoints/cogitao_vit_cross_attention/cogitao_c1_experiment_3_vit6_function_mlp_cross_attention/run_000/last.ckpt,900674f94996e9b2f5190e7cd8bac4486d09332daaf131226f7f107123274de1,dfec9cbb2afe6616194c1fb41430c0c5d2bc4208,3,test_ood,crop_bottom_side,rot90,rot90 -> crop_bottom_side,"pair (f,g): fgx=f(g(x)); task-token order [g,f] means g -> f",128,128,128,image_block_03,42,78000,256,256,0.01,2,"{""fixed_ranks"": [1, 2, 4, 8, 16, 32], ""variance_thresholds"": [0.9, 0.95]}",recorded_ood,f_given_g,k4,4,0.8638107122720297,0.8581779302410864,0.7424583968707323,0.9974553811764486,0.9949219865921768,0.12615736290603205,255,127,descriptive_only; never used for ID projection,ok
/home/ubuntu/cogitao-research/checkpoints/cogitao_vit_cross_attention/cogitao_c1_experiment_3_vit6_function_mlp_cross_attention/run_000/last.ckpt,900674f94996e9b2f5190e7cd8bac4486d09332daaf131226f7f107123274de1,dfec9cbb2afe6616194c1fb41430c0c5d2bc4208,3,test_ood,crop_bottom_side,rot90,rot90 -> crop_bottom_side,"pair (f,g): fgx=f(g(x)); task-token order [g,f] means g -> f",128,128,128,image_block_03,42,78000,256,256,0.01,2,"{""fixed_ranks"": [1, 2, 4, 8, 16, 32], ""variance_thresholds"": [0.9, 0.95]}",recorded_ood,f_given_g,k8,8,0.6539048441389489,0.6573489021826342,0.4374135469562191,0.9935480874646008,0.9871439163194886,0.23635401061481587,255,127,descriptive_only; never used for ID projection,ok
/home/ubuntu/cogitao-research/checkpoints/cogitao_vit_cross_attention/cogitao_c1_experiment_3_vit6_function_mlp_cross_attention/run_000/last.ckpt,900674f94996e9b2f5190e7cd8bac4486d09332daaf131226f7f107123274de1,dfec9cbb2afe6616194c1fb41430c0c5d2bc4208,3,test_ood,crop_bottom_side,rot90,rot90 -> crop_bottom_side,"pair (f,g): fgx=f(g(x)); task-token order [g,f] means g -> f",128,128,128,image_block_03,42,78000,256,256,0.01,2,"{""fixed_ranks"": [1, 2, 4, 8, 16, 32], ""variance_thresholds"": [0.9, 0.95]}",recorded_ood,f_given_g,k16,16,0.47272440090259693,0.4824217524021844,0.23624127643314863,0.9875985672844508,0.9753694496385641,0.2960443901329508,255,127,descriptive_only; never used for ID projection,ok
/home/ubuntu/cogitao-research/checkpoints/cogitao_vit_cross_attention/cogitao_c1_experiment_3_vit6_function_mlp_cross_attention/run_000/last.ckpt,900674f94996e9b2f5190e7cd8bac4486d09332daaf131226f7f107123274de1,dfec9cbb2afe6616194c1fb41430c0c5d2bc4208,3,test_ood,crop_bottom_side,rot90,rot90 -> crop_bottom_side,"pair (f,g): fgx=f(g(x)); task-token order [g,f] means g -> f",128,128,128,image_block_03,42,78000,256,256,0.01,2,"{""fixed_ranks"": [1, 2, 4, 8, 16, 32], ""variance_thresholds"": [0.9, 0.95]}",recorded_ood,f_given_g,k32,32,0.37676558222854084,0.38718119050125244,0.1523117071288751,0.9639953157666028,0.9293341176922828,0.32707820353463923,255,127,descriptive_only; never used for ID projection,ok
/home/ubuntu/cogitao-research/checkpoints/cogitao_vit_cross_attention/cogitao_c1_experiment_3_vit6_function_mlp_cross_attention/run_000/last.ckpt,900674f94996e9b2f5190e7cd8bac4486d09332daaf131226f7f107123274de1,dfec9cbb2afe6616194c1fb41430c0c5d2bc4208,3,test_ood,crop_bottom_side,rot90,rot90 -> crop_bottom_side,"pair (f,g): fgx=f(g(x)); task-token order [g,f] means g -> f",128,128,128,image_block_03,42,78000,256,256,0.01,2,"{""fixed_ranks"": [1, 2, 4, 8, 16, 32], ""variance_thresholds"": [0.9, 0.95]}",recorded_ood,f_given_g,variance_0.9,46,0.3321415544654456,0.34338855153358216,0.12018128105400092,0.9600148715767405,0.9217008726592195,0.360122485822743,255,127,descriptive_only; never used for ID projection,ok
/home/ubuntu/cogitao-research/checkpoints/cogitao_vit_cross_attention/cogitao_c1_experiment_3_vit6_function_mlp_cross_attention/run_000/last.ckpt,900674f94996e9b2f5190e7cd8bac4486d09332daaf131226f7f107123274de1,dfec9cbb2afe6616194c1fb41430c0c5d2bc4208,3,test_ood,crop_bottom_side,rot90,rot90 -> crop_bottom_side,"pair (f,g): fgx=f(g(x)); task-token order [g,f] means g -> f",128,128,128,image_block_03,42,78000,256,256,0.01,2,"{""fixed_ranks"": [1, 2, 4, 8, 16, 32], ""variance_thresholds"": [0.9, 0.95]}",recorded_ood,f_given_g,variance_0.95,72,0.2771961291500902,0.2866109523178547,0.08368267401987696,0.921766539950875,0.8498263402110787,0.3720500554144788,255,127,descriptive_only; never used for ID projection,ok
/home/ubuntu/cogitao-research/checkpoints/cogitao_vit_cross_attention/cogitao_c1_experiment_3_vit6_function_mlp_cross_attention/run_000/last.ckpt,900674f94996e9b2f5190e7cd8bac4486d09332daaf131226f7f107123274de1,dfec9cbb2afe6616194c1fb41430c0c5d2bc4208,3,test_ood,crop_bottom_side,rot90,rot90 -> crop_bottom_side,"pair (f,g): fgx=f(g(x)); task-token order [g,f] means g -> f",128,128,128,image_block_03,42,78000,256,256,0.01,2,"{""fixed_ranks"": [1, 2, 4, 8, 16, 32], ""variance_thresholds"": [0.9, 0.95]}",recorded_ood,g_given_f,k1,1,0.9452709217495704,0.7531021443006793,0.5891674998062018,0.9995428542997106,0.999086238962733,0.2675423504046258,255,127,descriptive_only; never used for ID projection,ok
/home/ubuntu/cogitao-research/checkpoints/cogitao_vit_cross_attention/cogitao_c1_experiment_3_vit6_function_mlp_cross_attention/run_000/last.ckpt,900674f94996e9b2f5190e7cd8bac4486d09332daaf131226f7f107123274de1,dfec9cbb2afe6616194c1fb41430c0c5d2bc4208,3,test_ood,crop_bottom_side,rot90,rot90 -> crop_bottom_side,"pair (f,g): fgx=f(g(x)); task-token order [g,f] means g -> f",128,128,128,image_block_03,42,78000,256,256,0.01,2,"{""fixed_ranks"": [1, 2, 4, 8, 16, 32], ""variance_thresholds"": [0.9, 0.95]}",recorded_ood,g_given_f,k2,2,0.8574743312836274,0.6991709479072492,0.5117085262211146,0.9989898677812803,0.9979816895166385,0.29543624006459107,255,127,descriptive_only; never used for ID projection,ok
/home/ubuntu/cogitao-research/checkpoints/cogitao_vit_cross_attention/cogitao_c1_experiment_3_vit6_function_mlp_cross_attention/run_000/last.ckpt,900674f94996e9b2f5190e7cd8bac4486d09332daaf131226f7f107123274de1,dfec9cbb2afe6616194c1fb41430c0c5d2bc4208,3,test_ood,crop_bottom_side,rot90,rot90 -> crop_bottom_side,"pair (f,g): fgx=f(g(x)); task-token order [g,f] means g -> f",128,128,128,image_block_03,42,78000,256,256,0.01,2,"{""fixed_ranks"": [1, 2, 4, 8, 16, 32], ""variance_thresholds"": [0.9, 0.95]}",recorded_ood,g_given_f,k4,4,0.7983752300810013,0.6168934384305447,0.396381963072711,0.9950873565950884,0.9902061444133832,0.3322184683061714,255,127,descriptive_only; never used for ID projection,ok
/home/ubuntu/cogitao-research/checkpoints/cogitao_vit_cross_attention/cogitao_c1_experiment_3_vit6_function_mlp_cross_attention/run_000/last.ckpt,900674f94996e9b2f5190e7cd8bac4486d09332daaf131226f7f107123274de1,dfec9cbb2afe6616194c1fb41430c0c5d2bc4208,3,test_ood,crop_bottom_side,rot90,rot90 -> crop_bottom_side,"pair (f,g): fgx=f(g(x)); task-token order [g,f] means g -> f",128,128,128,image_block_03,42,78000,256,256,0.01,2,"{""fixed_ranks"": [1, 2, 4, 8, 16, 32], ""variance_thresholds"": [0.9, 0.95]}",recorded_ood,g_given_f,k8,8,0.7119676369360031,0.5124217658070733,0.27593911852326797,0.993558917913433,0.9871660887035523,0.2945517320826642,255,127,descriptive_only; never used for ID projection,ok
/home/ubuntu/cogitao-research/checkpoints/cogitao_vit_cross_attention/cogitao_c1_experiment_3_vit6_function_mlp_cross_attention/run_000/last.ckpt,900674f94996e9b2f5190e7cd8bac4486d09332daaf131226f7f107123274de1,dfec9cbb2afe6616194c1fb41430c0c5d2bc4208,3,test_ood,crop_bottom_side,rot90,rot90 -> crop_bottom_side,"pair (f,g): fgx=f(g(x)); task-token order [g,f] means g -> f",128,128,128,image_block_03,42,78000,256,256,0.01,2,"{""fixed_ranks"": [1, 2, 4, 8, 16, 32], ""variance_thresholds"": [0.9, 0.95]}",recorded_ood,g_given_f,k16,16,0.6182886584164775,0.43856350924034604,0.20296809603442206,0.9816220493533186,0.9636052484574573,0.3593403713897182,255,127,descriptive_only; never used for ID projection,ok
/home/ubuntu/cogitao-research/checkpoints/cogitao_vit_cross_attention/cogitao_c1_experiment_3_vit6_function_mlp_cross_attention/run_000/last.ckpt,900674f94996e9b2f5190e7cd8bac4486d09332daaf131226f7f107123274de1,dfec9cbb2afe6616194c1fb41430c0c5d2bc4208,3,test_ood,crop_bottom_side,rot90,rot90 -> crop_bottom_side,"pair (f,g): fgx=f(g(x)); task-token order [g,f] means g -> f",128,128,128,image_block_03,42,78000,256,256,0.01,2,"{""fixed_ranks"": [1, 2, 4, 8, 16, 32], ""variance_thresholds"": [0.9, 0.95]}",recorded_ood,g_given_f,k32,32,0.5179062031579433,0.3575689863129702,0.1345046801294225,0.9676090914421961,0.9363098123599026,0.3849364448352171,255,127,descriptive_only; never used for ID projection,ok
/home/ubuntu/cogitao-research/checkpoints/cogitao_vit_cross_attention/cogitao_c1_experiment_3_vit6_function_mlp_cross_attention/run_000/last.ckpt,900674f94996e9b2f5190e7cd8bac4486d09332daaf131226f7f107123274de1,dfec9cbb2afe6616194c1fb41430c0c5d2bc4208,3,test_ood,crop_bottom_side,rot90,rot90 -> crop_bottom_side,"pair (f,g): fgx=f(g(x)); task-token order [g,f] means g -> f",128,128,128,image_block_03,42,78000,256,256,0.01,2,"{""fixed_ranks"": [1, 2, 4, 8, 16, 32], ""variance_thresholds"": [0.9, 0.95]}",recorded_ood,g_given_f,variance_0.9,34,0.5099013607196863,0.35189327842482376,0.1303825541381328,0.9625858936873078,0.926637090699145,0.38592953583419276,255,127,descriptive_only; never used for ID projection,ok
/home/ubuntu/cogitao-research/checkpoints/cogitao_vit_cross_attention/cogitao_c1_experiment_3_vit6_function_mlp_cross_attention/run_000/last.ckpt,900674f94996e9b2f5190e7cd8bac4486d09332daaf131226f7f107123274de1,dfec9cbb2afe6616194c1fb41430c0c5d2bc4208,3,test_ood,crop_bottom_side,rot90,rot90 -> crop_bottom_side,"pair (f,g): fgx=f(g(x)); task-token order [g,f] means g -> f",128,128,128,image_block_03,42,78000,256,256,0.01,2,"{""fixed_ranks"": [1, 2, 4, 8, 16, 32], ""variance_thresholds"": [0.9, 0.95]}",recorded_ood,g_given_f,variance_0.95,59,0.42592058622330353,0.296809717761496,0.09283949119933041,0.9368320062296778,0.877819458458299,0.4141296569875068,255,127,descriptive_only; never used for ID projection,ok
/home/ubuntu/cogitao-research/checkpoints/cogitao_vit_cross_attention/cogitao_c1_experiment_3_vit6_function_mlp_cross_attention/run_000/last.ckpt,900674f94996e9b2f5190e7cd8bac4486d09332daaf131226f7f107123274de1,dfec9cbb2afe6616194c1fb41430c0c5d2bc4208,3,test_ood,crop_bottom_side,rot90,rot90 -> crop_bottom_side,"pair (f,g): fgx=f(g(x)); task-token order [g,f] means g -> f",128,128,128,image_block_04,42,78000,256,256,0.01,2,"{""fixed_ranks"": [1, 2, 4, 8, 16, 32], ""variance_thresholds"": [0.9, 0.95]}",recorded_ood,f_given_g,k1,1,0.9689492741109671,0.9721764457775803,0.9463875944366558,0.9985557751028964,0.997114657029963,0.9976701933998491,255,127,descriptive_only; never used for ID projection,ok
/home/ubuntu/cogitao-research/checkpoints/cogitao_vit_cross_attention/cogitao_c1_experiment_3_vit6_function_mlp_cross_attention/run_000/last.ckpt,900674f94996e9b2f5190e7cd8bac4486d09332daaf131226f7f107123274de1,dfec9cbb2afe6616194c1fb41430c0c5d2bc4208,3,test_ood,crop_bottom_side,rot90,rot90 -> crop_bottom_side,"pair (f,g): fgx=f(g(x)); task-token order [g,f] means g -> f",128,128,128,image_block_04,42,78000,256,256,0.01,2,"{""fixed_ranks"": [1, 2, 4, 8, 16, 32], ""variance_thresholds"": [0.9, 0.95]}",recorded_ood,f_given_g,k2,2,0.9435251053650725,0.9411204259643886,0.8900771952560504,0.9986280188949872,0.9972596432632983,0.20291996246368932,255,127,descriptive_only; never used for ID projection,ok
/home/ubuntu/cogitao-research/checkpoints/cogitao_vit_cross_attention/cogitao_c1_experiment_3_vit6_function_mlp_cross_attention/run_000/last.ckpt,900674f94996e9b2f5190e7cd8bac4486d09332daaf131226f7f107123274de1,dfec9cbb2afe6616194c1fb41430c0c5d2bc4208,3,test_ood,crop_bottom_side,rot90,rot90 -> crop_bottom_side,"pair (f,g): fgx=f(g(x)); task-token order [g,f] means g -> f",128,128,128,image_block_04,42,78000,256,256,0.01,2,"{""fixed_ranks"": [1, 2, 4, 8, 16, 32], ""variance_thresholds"": [0.9, 0.95]}",recorded_ood,f_given_g,k4,4,0.8468082737916696,0.8598047640100692,0.7430856282816334,0.9971767579728414,0.9943665372881163,0.24670995567116946,255,127,descriptive_only; never used for ID projection,ok
/home/ubuntu/cogitao-research/checkpoints/cogitao_vit_cross_attention/cogitao_c1_experiment_3_vit6_function_mlp_cross_attention/run_000/last.ckpt,900674f94996e9b2f5190e7cd8bac4486d09332daaf131226f7f107123274de1,dfec9cbb2afe6616194c1fb41430c0c5d2bc4208,3,test_ood,crop_bottom_side,rot90,rot90 -> crop_bottom_side,"pair (f,g): fgx=f(g(x)); task-token order [g,f] means g -> f",128,128,128,image_block_04,42,78000,256,256,0.01,2,"{""fixed_ranks"": [1, 2, 4, 8, 16, 32], ""variance_thresholds"": [0.9, 0.95]}",recorded_ood,f_given_g,k8,8,0.7648620366265627,0.7731278738615399,0.6028728293131896,0.9916840093696064,0.9834466146247784,0.27438391817725793,255,127,descriptive_only; never used for ID projection,ok
/home/ubuntu/cogitao-research/checkpoints/cogitao_vit_cross_attention/cogitao_c1_experiment_3_vit6_function_mlp_cross_attention/run_000/last.ckpt,900674f94996e9b2f5190e7cd8bac4486d09332daaf131226f7f107123274de1,dfec9cbb2afe6616194c1fb41430c0c5d2bc4208,3,test_ood,crop_bottom_side,rot90,rot90 -> crop_bottom_side,"pair (f,g): fgx=f(g(x)); task-token order [g,f] means g -> f",128,128,128,image_block_04,42,78000,256,256,0.01,2,"{""fixed_ranks"": [1, 2, 4, 8, 16, 32], ""variance_thresholds"": [0.9, 0.95]}",recorded_ood,f_given_g,k16,16,0.5053630079784913,0.5176547557754414,0.271821978056917,0.9866243759171404,0.9734465515063959,0.3172215963245923,255,127,descriptive_only; never used for ID projection,ok
/home/ubuntu/cogitao-research/checkpoints/cogitao_vit_cross_attention/cogitao_c1_experiment_3_vit6_function_mlp_cross_attention/run_000/last.ckpt,900674f94996e9b2f5190e7cd8bac4486d09332daaf131226f7f107123274de1,dfec9cbb2afe6616194c1fb41430c0c5d2bc4208,3,test_ood,crop_bottom_side,rot90,rot90 -> crop_bottom_side,"pair (f,g): fgx=f(g(x)); task-token order [g,f] means g -> f",128,128,128,image_block_04,42,78000,256,256,0.01,2,"{""fixed_ranks"": [1, 2, 4, 8, 16, 32], ""variance_thresholds"": [0.9, 0.95]}",recorded_ood,f_given_g,k32,32,0.4095803595850395,0.4240978662733221,0.18236824581115385,0.9616563509980557,0.9248369632570406,0.3602187203729817,255,127,descriptive_only; never used for ID projection,ok
/home/ubuntu/cogitao-research/checkpoints/cogitao_vit_cross_attention/cogitao_c1_experiment_3_vit6_function_mlp_cross_attention/run_000/last.ckpt,900674f94996e9b2f5190e7cd8bac4486d09332daaf131226f7f107123274de1,dfec9cbb2afe6616194c1fb41430c0c5d2bc4208,3,test_ood,crop_bottom_side,rot90,rot90 -> crop_bottom_side,"pair (f,g): fgx=f(g(x)); task-token order [g,f] means g -> f",128,128,128,image_block_04,42,78000,256,256,0.01,2,"{""fixed_ranks"": [1, 2, 4, 8, 16, 32], ""variance_thresholds"": [0.9, 0.95]}",recorded_ood,f_given_g,variance_0.9,52,0.3400189906334169,0.35678949560701556,0.12950322225820735,0.9435194286438248,0.8902907162979637,0.37798732831879184,255,127,descriptive_only; never used for ID projection,ok
/home/ubuntu/cogitao-research/checkpoints/cogitao_vit_cross_attention/cogitao_c1_experiment_3_vit6_function_mlp_cross_attention/run_000/last.ckpt,900674f94996e9b2f5190e7cd8bac4486d09332daaf131226f7f107123274de1,dfec9cbb2afe6616194c1fb41430c0c5d2bc4208,3,test_ood,crop_bottom_side,rot90,rot90 -> crop_bottom_side,"pair (f,g): fgx=f(g(x)); task-token order [g,f] means g -> f",128,128,128,image_block_04,42,78000,256,256,0.01,2,"{""fixed_ranks"": [1, 2, 4, 8, 16, 32], ""variance_thresholds"": [0.9, 0.95]}",recorded_ood,f_given_g,variance_0.95,81,0.28765454718057537,0.30045536676731766,0.09186599129791473,0.9189842192864103,0.8446438818195878,0.39699881571796986,255,127,descriptive_only; never used for ID projection,ok
/home/ubuntu/cogitao-research/checkpoints/cogitao_vit_cross_attention/cogitao_c1_experiment_3_vit6_function_mlp_cross_attention/run_000/last.ckpt,900674f94996e9b2f5190e7cd8bac4486d09332daaf131226f7f107123274de1,dfec9cbb2afe6616194c1fb41430c0c5d2bc4208,3,test_ood,crop_bottom_side,rot90,rot90 -> crop_bottom_side,"pair (f,g): fgx=f(g(x)); task-token order [g,f] means g -> f",128,128,128,image_block_04,42,78000,256,256,0.01,2,"{""fixed_ranks"": [1, 2, 4, 8, 16, 32], ""variance_thresholds"": [0.9, 0.95]}",recorded_ood,g_given_f,k1,1,0.9517768464358726,0.7494680366021907,0.5821534647856954,0.9992359415956736,0.9984735036473544,0.22714541613458872,255,127,descriptive_only; never used for ID projection,ok
/home/ubuntu/cogitao-research/checkpoints/cogitao_vit_cross_attention/cogitao_c1_experiment_3_vit6_function_mlp_cross_attention/run_000/last.ckpt,900674f94996e9b2f5190e7cd8bac4486d09332daaf131226f7f107123274de1,dfec9cbb2afe6616194c1fb41430c0c5d2bc4208,3,test_ood,crop_bottom_side,rot90,rot90 -> crop_bottom_side,"pair (f,g): fgx=f(g(x)); task-token order [g,f] means g -> f",128,128,128,image_block_04,42,78000,256,256,0.01,2,"{""fixed_ranks"": [1, 2, 4, 8, 16, 32], ""variance_thresholds"": [0.9, 0.95]}",recorded_ood,g_given_f,k2,2,0.8718929222063774,0.7049802670171577,0.5168151619543009,0.9991152160671086,0.9982319835551489,0.31170234534837593,255,127,descriptive_only; never used for ID projection,ok
/home/ubuntu/cogitao-research/checkpoints/cogitao_vit_cross_attention/cogitao_c1_experiment_3_vit6_function_mlp_cross_attention/run_000/last.ckpt,900674f94996e9b2f5190e7cd8bac4486d09332daaf131226f7f107123274de1,dfec9cbb2afe6616194c1fb41430c0c5d2bc4208,3,test_ood,crop_bottom_side,rot90,rot90 -> crop_bottom_side,"pair (f,g): fgx=f(g(x)); task-token order [g,f] means g -> f",128,128,128,image_block_04,42,78000,256,256,0.01,2,"{""fixed_ranks"": [1, 2, 4, 8, 16, 32], ""variance_thresholds"": [0.9, 0.95]}",recorded_ood,g_given_f,k4,4,0.8049468494010892,0.6236108520104905,0.40373383029517695,0.9956103127912592,0.9912464253235502,0.33760048361629513,255,127,descriptive_only; never used for ID projection,ok
/home/ubuntu/cogitao-research/checkpoints/cogitao_vit_cross_attention/cogitao_c1_experiment_3_vit6_function_mlp_cross_attention/run_000/last.ckpt,900674f94996e9b2f5190e7cd8bac4486d09332daaf131226f7f107123274de1,dfec9cbb2afe6616194c1fb41430c0c5d2bc4208,3,test_ood,crop_bottom_side,rot90,rot90 -> crop_bottom_side,"pair (f,g): fgx=f(g(x)); task-token order [g,f] means g -> f",128,128,128,image_block_04,42,78000,256,256,0.01,2,"{""fixed_ranks"": [1, 2, 4, 8, 16, 32], ""variance_thresholds"": [0.9, 0.95]}",recorded_ood,g_given_f,k8,8,0.7369689794900948,0.5362958194967138,0.30150371765468886,0.9928308437316249,0.9857238452983308,0.34292346849088984,255,127,descriptive_only; never used for ID projection,ok
/home/ubuntu/cogitao-research/checkpoints/cogitao_vit_cross_attention/cogitao_c1_experiment_3_vit6_function_mlp_cross_attention/run_000/last.ckpt,900674f94996e9b2f5190e7cd8bac4486d09332daaf131226f7f107123274de1,dfec9cbb2afe6616194c1fb41430c0c5d2bc4208,3,test_ood,crop_bottom_side,rot90,rot90 -> crop_bottom_side,"pair (f,g): fgx=f(g(x)); task-token order [g,f] means g -> f",128,128,128,image_block_04,42,78000,256,256,0.01,2,"{""fixed_ranks"": [1, 2, 4, 8, 16, 32], ""variance_thresholds"": [0.9, 0.95]}",recorded_ood,g_given_f,k16,16,0.6465361119746557,0.46865988986094,0.23107743545253373,0.9846675387130811,0.9695863510290268,0.39380357888280043,255,127,descriptive_only; never used for ID projection,ok
/home/ubuntu/cogitao-research/checkpoints/cogitao_vit_cross_attention/cogitao_c1_experiment_3_vit6_function_mlp_cross_attention/run_000/last.ckpt,900674f94996e9b2f5190e7cd8bac4486d09332daaf131226f7f107123274de1,dfec9cbb2afe6616194c1fb41430c0c5d2bc4208,3,test_ood,crop_bottom_side,rot90,rot90 -> crop_bottom_side,"pair (f,g): fgx=f(g(x)); task-token order [g,f] means g -> f",128,128,128,image_block_04,42,78000,256,256,0.01,2,"{""fixed_ranks"": [1, 2, 4, 8, 16, 32], ""variance_thresholds"": [0.9, 0.95]}",recorded_ood,g_given_f,k32,32,0.5503312168648161,0.3862021139567946,0.15722070469180638,0.9616064426268898,0.9247395372567779,0.40148731060688575,255,127,descriptive_only; never used for ID projection,ok
/home/ubuntu/cogitao-research/checkpoints/cogitao_vit_cross_attention/cogitao_c1_experiment_3_vit6_function_mlp_cross_attention/run_000/last.ckpt,900674f94996e9b2f5190e7cd8bac4486d09332daaf131226f7f107123274de1,dfec9cbb2afe6616194c1fb41430c0c5d2bc4208,3,test_ood,crop_bottom_side,rot90,rot90 -> crop_bottom_side,"pair (f,g): fgx=f(g(x)); task-token order [g,f] means g -> f",128,128,128,image_block_04,42,78000,256,256,0.01,2,"{""fixed_ranks"": [1, 2, 4, 8, 16, 32], ""variance_thresholds"": [0.9, 0.95]}",recorded_ood,g_given_f,variance_0.9,39,0.5233479305589298,0.36495621403488676,0.13998389184336424,0.9598144014479799,0.9212988448297882,0.4193501089119029,255,127,descriptive_only; never used for ID projection,ok
/home/ubuntu/cogitao-research/checkpoints/cogitao_vit_cross_attention/cogitao_c1_experiment_3_vit6_function_mlp_cross_attention/run_000/last.ckpt,900674f94996e9b2f5190e7cd8bac4486d09332daaf131226f7f107123274de1,dfec9cbb2afe6616194c1fb41430c0c5d2bc4208,3,test_ood,crop_bottom_side,rot90,rot90 -> crop_bottom_side,"pair (f,g): fgx=f(g(x)); task-token order [g,f] means g -> f",128,128,128,image_block_04,42,78000,256,256,0.01,2,"{""fixed_ranks"": [1, 2, 4, 8, 16, 32], ""variance_thresholds"": [0.9, 0.95]}",recorded_ood,g_given_f,variance_0.95,66,0.4442938936686581,0.3113184087828679,0.10208971092558643,0.9383942027500457,0.880679993933853,0.43405404755891447,255,127,descriptive_only; never used for ID projection,ok
/home/ubuntu/cogitao-research/checkpoints/cogitao_vit_cross_attention/cogitao_c1_experiment_3_vit6_function_mlp_cross_attention/run_000/last.ckpt,900674f94996e9b2f5190e7cd8bac4486d09332daaf131226f7f107123274de1,dfec9cbb2afe6616194c1fb41430c0c5d2bc4208,3,test_ood,crop_bottom_side,rot90,rot90 -> crop_bottom_side,"pair (f,g): fgx=f(g(x)); task-token order [g,f] means g -> f",128,128,128,image_block_05,42,78000,256,256,0.01,2,"{""fixed_ranks"": [1, 2, 4, 8, 16, 32], ""variance_thresholds"": [0.9, 0.95]}",recorded_ood,f_given_g,k1,1,0.9687715431067228,0.9743651034227694,0.9504126902141938,0.9981058058823071,0.9962167616106655,0.9140216640450357,255,127,descriptive_only; never used for ID projection,ok
/home/ubuntu/cogitao-research/checkpoints/cogitao_vit_cross_attention/cogitao_c1_experiment_3_vit6_function_mlp_cross_attention/run_000/last.ckpt,900674f94996e9b2f5190e7cd8bac4486d09332daaf131226f7f107123274de1,dfec9cbb2afe6616194c1fb41430c0c5d2bc4208,3,test_ood,crop_bottom_side,rot90,rot90 -> crop_bottom_side,"pair (f,g): fgx=f(g(x)); task-token order [g,f] means g -> f",128,128,128,image_block_05,42,78000,256,256,0.01,2,"{""fixed_ranks"": [1, 2, 4, 8, 16, 32], ""variance_thresholds"": [0.9, 0.95]}",recorded_ood,f_given_g,k2,2,0.9451078240728208,0.9441120234614537,0.8954585553782879,0.9979876571164836,0.9959821091950833,0.3733755779883742,255,127,descriptive_only; never used for ID projection,ok
/home/ubuntu/cogitao-research/checkpoints/cogitao_vit_cross_attention/cogitao_c1_experiment_3_vit6_function_mlp_cross_attention/run_000/last.ckpt,900674f94996e9b2f5190e7cd8bac4486d09332daaf131226f7f107123274de1,dfec9cbb2afe6616194c1fb41430c0c5d2bc4208,3,test_ood,crop_bottom_side,rot90,rot90 -> crop_bottom_side,"pair (f,g): fgx=f(g(x)); task-token order [g,f] means g -> f",128,128,128,image_block_05,42,78000,256,256,0.01,2,"{""fixed_ranks"": [1, 2, 4, 8, 16, 32], ""variance_thresholds"": [0.9, 0.95]}",recorded_ood,f_given_g,k4,4,0.826761140344979,0.8394229699422235,0.7094524299843739,0.9967523650470818,0.9935188886043859,0.21707464886956848,255,127,descriptive_only; never used for ID projection,ok
/home/ubuntu/cogitao-research/checkpoints/cogitao_vit_cross_attention/cogitao_c1_experiment_3_vit6_function_mlp_cross_attention/run_000/last.ckpt,900674f94996e9b2f5190e7cd8bac4486d09332daaf131226f7f107123274de1,dfec9cbb2afe6616194c1fb41430c0c5d2bc4208,3,test_ood,crop_bottom_side,rot90,rot90 -> crop_bottom_side,"pair (f,g): fgx=f(g(x)); task-token order [g,f] means g -> f",128,128,128,image_block_05,42,78000,256,256,0.01,2,"{""fixed_ranks"": [1, 2, 4, 8, 16, 32], ""variance_thresholds"": [0.9, 0.95]}",recorded_ood,f_given_g,k8,8,0.7669921603124306,0.7782707685279133,0.6108042284040409,0.9913900447735897,0.9828654888532705,0.3311762465496031,255,127,descriptive_only; never used for ID projection,ok
/home/ubuntu/cogitao-research/checkpoints/cogitao_vit_cross_attention/cogitao_c1_experiment_3_vit6_function_mlp_cross_attention/run_000/last.ckpt,900674f94996e9b2f5190e7cd8bac4486d09332daaf131226f7f107123274de1,dfec9cbb2afe6616194c1fb41430c0c5d2bc4208,3,test_ood,crop_bottom_side,rot90,rot90 -> crop_bottom_side,"pair (f,g): fgx=f(g(x)); task-token order [g,f] means g -> f",128,128,128,image_block_05,42,78000,256,256,0.01,2,"{""fixed_ranks"": [1, 2, 4, 8, 16, 32], ""variance_thresholds"": [0.9, 0.95]}",recorded_ood,f_given_g,k16,16,0.54127253867032,0.5546559099765475,0.31195973451460757,0.9878495407488186,0.97585944321454,0.3328782905553517,255,127,descriptive_only; never used for ID projection,ok
/home/ubuntu/cogitao-research/checkpoints/cogitao_vit_cross_attention/cogitao_c1_experiment_3_vit6_function_mlp_cross_attention/run_000/last.ckpt,900674f94996e9b2f5190e7cd8bac4486d09332daaf131226f7f107123274de1,dfec9cbb2afe6616194c1fb41430c0c5d2bc4208,3,test_ood,crop_bottom_side,rot90,rot90 -> crop_bottom_side,"pair (f,g): fgx=f(g(x)); task-token order [g,f] means g -> f",128,128,128,image_block_05,42,78000,256,256,0.01,2,"{""fixed_ranks"": [1, 2, 4, 8, 16, 32], ""variance_thresholds"": [0.9, 0.95]}",recorded_ood,f_given_g,k32,32,0.4214578147296223,0.43832291622626535,0.1956487871501324,0.9570037839651636,0.9159321565564907,0.3843097259190025,255,127,descriptive_only; never used for ID projection,ok
/home/ubuntu/cogitao-research/checkpoints/cogitao_vit_cross_attention/cogitao_c1_experiment_3_vit6_function_mlp_cross_attention/run_000/last.ckpt,900674f94996e9b2f5190e7cd8bac4486d09332daaf131226f7f107123274de1,dfec9cbb2afe6616194c1fb41430c0c5d2bc4208,3,test_ood,crop_bottom_side,rot90,rot90 -> crop_bottom_side,"pair (f,g): fgx=f(g(x)); task-token order [g,f] means g -> f",128,128,128,image_block_05,42,78000,256,256,0.01,2,"{""fixed_ranks"": [1, 2, 4, 8, 16, 32], ""variance_thresholds"": [0.9, 0.95]}",recorded_ood,f_given_g,variance_0.9,58,0.34403436473023397,0.3617533012443744,0.13359869862159657,0.9439822458597843,0.8912068604338432,0.40736988698623283,255,127,descriptive_only; never used for ID projection,ok
/home/ubuntu/cogitao-research/checkpoints/cogitao_vit_cross_attention/cogitao_c1_experiment_3_vit6_function_mlp_cross_attention/run_000/last.ckpt,900674f94996e9b2f5190e7cd8bac4486d09332daaf131226f7f107123274de1,dfec9cbb2afe6616194c1fb41430c0c5d2bc4208,3,test_ood,crop_bottom_side,rot90,rot90 -> crop_bottom_side,"pair (f,g): fgx=f(g(x)); task-token order [g,f] means g -> f",128,128,128,image_block_05,42,78000,256,256,0.01,2,"{""fixed_ranks"": [1, 2, 4, 8, 16, 32], ""variance_thresholds"": [0.9, 0.95]}",recorded_ood,f_given_g,variance_0.95,89,0.2945088915183017,0.31005948461409827,0.09822633233869676,0.8963695550990355,0.8035681385124979,0.42257313375016814,255,127,descriptive_only; never used for ID projection,ok
/home/ubuntu/cogitao-research/checkpoints/cogitao_vit_cross_attention/cogitao_c1_experiment_3_vit6_function_mlp_cross_attention/run_000/last.ckpt,900674f94996e9b2f5190e7cd8bac4486d09332daaf131226f7f107123274de1,dfec9cbb2afe6616194c1fb41430c0c5d2bc4208,3,test_ood,crop_bottom_side,rot90,rot90 -> crop_bottom_side,"pair (f,g): fgx=f(g(x)); task-token order [g,f] means g -> f",128,128,128,image_block_05,42,78000,256,256,0.01,2,"{""fixed_ranks"": [1, 2, 4, 8, 16, 32], ""variance_thresholds"": [0.9, 0.95]}",recorded_ood,g_given_f,k1,1,0.9566712167133167,0.7665764441879288,0.6049515300508894,0.9986345048366569,0.9972729564655868,0.18534166192681611,255,127,descriptive_only; never used for ID projection,ok
/home/ubuntu/cogitao-research/checkpoints/cogitao_vit_cross_attention/cogitao_c1_experiment_3_vit6_function_mlp_cross_attention/run_000/last.ckpt,900674f94996e9b2f5190e7cd8bac4486d09332daaf131226f7f107123274de1,dfec9cbb2afe6616194c1fb41430c0c5d2bc4208,3,test_ood,crop_bottom_side,rot90,rot90 -> crop_bottom_side,"pair (f,g): fgx=f(g(x)); task-token order [g,f] means g -> f",128,128,128,image_block_05,42,78000,256,256,0.01,2,"{""fixed_ranks"": [1, 2, 4, 8, 16, 32], ""variance_thresholds"": [0.9, 0.95]}",recorded_ood,g_given_f,k2,2,0.9009712716735228,0.7294305990572976,0.5481629071459595,0.9990080650479157,0.9980183535593485,0.5460910156261313,255,127,descriptive_only; never used for ID projection,ok
/home/ubuntu/cogitao-research/checkpoints/cogitao_vit_cross_attention/cogitao_c1_experiment_3_vit6_function_mlp_cross_attention/run_000/last.ckpt,900674f94996e9b2f5190e7cd8bac4486d09332daaf131226f7f107123274de1,dfec9cbb2afe6616194c1fb41430c0c5d2bc4208,3,test_ood,crop_bottom_side,rot90,rot90 -> crop_bottom_side,"pair (f,g): fgx=f(g(x)); task-token order [g,f] means g -> f",128,128,128,image_block_05,42,78000,256,256,0.01,2,"{""fixed_ranks"": [1, 2, 4, 8, 16, 32], ""variance_thresholds"": [0.9, 0.95]}",recorded_ood,g_given_f,k4,4,0.8319415835682336,0.6576597087198983,0.4468083145805872,0.9955130135063517,0.9910511800026716,0.4257103654851216,255,127,descriptive_only; never used for ID projection,ok
/home/ubuntu/cogitao-research/checkpoints/cogitao_vit_cross_attention/cogitao_c1_experiment_3_vit6_function_mlp_cross_attention/run_000/last.ckpt,900674f94996e9b2f5190e7cd8bac4486d09332daaf131226f7f107123274de1,dfec9cbb2afe6616194c1fb41430c0c5d2bc4208,3,test_ood,crop_bottom_side,rot90,rot90 -> crop_bottom_side,"pair (f,g): fgx=f(g(x)); task-token order [g,f] means g -> f",128,128,128,image_block_05,42,78000,256,256,0.01,2,"{""fixed_ranks"": [1, 2, 4, 8, 16, 32], ""variance_thresholds"": [0.9, 0.95]}",recorded_ood,g_given_f,k8,8,0.752127010567396,0.5472428219870129,0.30982445939420367,0.9933353442382316,0.9867258151209537,0.2875216484178252,255,127,descriptive_only; never used for ID projection,ok
/home/ubuntu/cogitao-research/checkpoints/cogitao_vit_cross_attention/cogitao_c1_experiment_3_vit6_function_mlp_cross_attention/run_000/last.ckpt,900674f94996e9b2f5190e7cd8bac4486d09332daaf131226f7f107123274de1,dfec9cbb2afe6616194c1fb41430c0c5d2bc4208,3,test_ood,crop_bottom_side,rot90,rot90 -> crop_bottom_side,"pair (f,g): fgx=f(g(x)); task-token order [g,f] means g -> f",128,128,128,image_block_05,42,78000,256,256,0.01,2,"{""fixed_ranks"": [1, 2, 4, 8, 16, 32], ""variance_thresholds"": [0.9, 0.95]}",recorded_ood,g_given_f,k16,16,0.6438044631887501,0.4872877613967624,0.2473695024019911,0.9858742807444761,0.9719658404687135,0.39971665489759295,255,127,descriptive_only; never used for ID projection,ok
/home/ubuntu/cogitao-research/checkpoints/cogitao_vit_cross_attention/cogitao_c1_experiment_3_vit6_function_mlp_cross_attention/run_000/last.ckpt,900674f94996e9b2f5190e7cd8bac4486d09332daaf131226f7f107123274de1,dfec9cbb2afe6616194c1fb41430c0c5d2bc4208,3,test_ood,crop_bottom_side,rot90,rot90 -> crop_bottom_side,"pair (f,g): fgx=f(g(x)); task-token order [g,f] means g -> f",128,128,128,image_block_05,42,78000,256,256,0.01,2,"{""fixed_ranks"": [1, 2, 4, 8, 16, 32], ""variance_thresholds"": [0.9, 0.95]}",recorded_ood,g_given_f,k32,32,0.5358052787629759,0.3997999235448377,0.16654847277531748,0.9597221705325585,0.9211339499942468,0.3982030975884919,255,127,descriptive_only; never used for ID projection,ok
/home/ubuntu/cogitao-research/checkpoints/cogitao_vit_cross_attention/cogitao_c1_experiment_3_vit6_function_mlp_cross_attention/run_000/last.ckpt,900674f94996e9b2f5190e7cd8bac4486d09332daaf131226f7f107123274de1,dfec9cbb2afe6616194c1fb41430c0c5d2bc4208,3,test_ood,crop_bottom_side,rot90,rot90 -> crop_bottom_side,"pair (f,g): fgx=f(g(x)); task-token order [g,f] means g -> f",128,128,128,image_block_05,42,78000,256,256,0.01,2,"{""fixed_ranks"": [1, 2, 4, 8, 16, 32], ""variance_thresholds"": [0.9, 0.95]}",recorded_ood,g_given_f,variance_0.9,42,0.49571646057928975,0.37200649977701183,0.1445294474905667,0.9587289691023293,0.919217060112598,0.41217435368073907,255,127,descriptive_only; never used for ID projection,ok
/home/ubuntu/cogitao-research/checkpoints/cogitao_vit_cross_attention/cogitao_c1_experiment_3_vit6_function_mlp_cross_attention/run_000/last.ckpt,900674f94996e9b2f5190e7cd8bac4486d09332daaf131226f7f107123274de1,dfec9cbb2afe6616194c1fb41430c0c5d2bc4208,3,test_ood,crop_bottom_side,rot90,rot90 -> crop_bottom_side,"pair (f,g): fgx=f(g(x)); task-token order [g,f] means g -> f",128,128,128,image_block_05,42,78000,256,256,0.01,2,"{""fixed_ranks"": [1, 2, 4, 8, 16, 32], ""variance_thresholds"": [0.9, 0.95]}",recorded_ood,g_given_f,variance_0.95,69,0.4176198073570167,0.312904663119036,0.10220960549478453,0.9291146993732554,0.863322734029881,0.4241375152294376,255,127,descriptive_only; never used for ID projection,ok
/home/ubuntu/cogitao-research/checkpoints/cogitao_vit_cross_attention/cogitao_c1_experiment_3_vit6_function_mlp_cross_attention/run_000/last.ckpt,900674f94996e9b2f5190e7cd8bac4486d09332daaf131226f7f107123274de1,dfec9cbb2afe6616194c1fb41430c0c5d2bc4208,3,test_ood,crop_bottom_side,rot90,rot90 -> crop_bottom_side,"pair (f,g): fgx=f(g(x)); task-token order [g,f] means g -> f",128,128,128,image_block_06,42,78000,256,256,0.01,2,"{""fixed_ranks"": [1, 2, 4, 8, 16, 32], ""variance_thresholds"": [0.9, 0.95]}",recorded_ood,f_given_g,k1,1,0.9578204473487207,0.9673183205103266,0.9361742447410346,0.9989137868014721,0.9978296640020983,0.5757579785526077,255,127,descriptive_only; never used for ID projection,ok
/home/ubuntu/cogitao-research/checkpoints/cogitao_vit_cross_attention/cogitao_c1_experiment_3_vit6_function_mlp_cross_attention/run_000/last.ckpt,900674f94996e9b2f5190e7cd8bac4486d09332daaf131226f7f107123274de1,dfec9cbb2afe6616194c1fb41430c0c5d2bc4208,3,test_ood,crop_bottom_side,rot90,rot90 -> crop_bottom_side,"pair (f,g): fgx=f(g(x)); task-token order [g,f] means g -> f",128,128,128,image_block_06,42,78000,256,256,0.01,2,"{""fixed_ranks"": [1, 2, 4, 8, 16, 32], ""variance_thresholds"": [0.9, 0.95]}",recorded_ood,f_given_g,k2,2,0.9434694056444992,0.9489482243569081,0.9016849185427551,0.9982151522900709,0.9964363135409959,0.4693333792338974,255,127,descriptive_only; never used for ID projection,ok
/home/ubuntu/cogitao-research/checkpoints/cogitao_vit_cross_attention/cogitao_c1_experiment_3_vit6_function_mlp_cross_attention/run_000/last.ckpt,900674f94996e9b2f5190e7cd8bac4486d09332daaf131226f7f107123274de1,dfec9cbb2afe6616194c1fb41430c0c5d2bc4208,3,test_ood,crop_bottom_side,rot90,rot90 -> crop_bottom_side,"pair (f,g): fgx=f(g(x)); task-token order [g,f] means g -> f",128,128,128,image_block_06,42,78000,256,256,0.01,2,"{""fixed_ranks"": [1, 2, 4, 8, 16, 32], ""variance_thresholds"": [0.9, 0.95]}",recorded_ood,f_given_g,k4,4,0.9100337687698856,0.9160011450127223,0.8404664270297105,0.9975499793025457,0.9951084037965969,0.4587852098158549,255,127,descriptive_only; never used for ID projection,ok
/home/ubuntu/cogitao-research/checkpoints/cogitao_vit_cross_attention/cogitao_c1_experiment_3_vit6_function_mlp_cross_attention/run_000/last.ckpt,900674f94996e9b2f5190e7cd8bac4486d09332daaf131226f7f107123274de1,dfec9cbb2afe6616194c1fb41430c0c5d2bc4208,3,test_ood,crop_bottom_side,rot90,rot90 -> crop_bottom_side,"pair (f,g): fgx=f(g(x)); task-token order [g,f] means g -> f",128,128,128,image_block_06,42,78000,256,256,0.01,2,"{""fixed_ranks"": [1, 2, 4, 8, 16, 32], ""variance_thresholds"": [0.9, 0.95]}",recorded_ood,f_given_g,k8,8,0.8132236643941655,0.8187012781776248,0.6734334873229803,0.9897922718956988,0.9797028749675321,0.25484646641678343,255,127,descriptive_only; never used for ID projection,ok
/home/ubuntu/cogitao-research/checkpoints/cogitao_vit_cross_attention/cogitao_c1_experiment_3_vit6_function_mlp_cross_attention/run_000/last.ckpt,900674f94996e9b2f5190e7cd8bac4486d09332daaf131226f7f107123274de1,dfec9cbb2afe6616194c1fb41430c0c5d2bc4208,3,test_ood,crop_bottom_side,rot90,rot90 -> crop_bottom_side,"pair (f,g): fgx=f(g(x)); task-token order [g,f] means g -> f",128,128,128,image_block_06,42,78000,256,256,0.01,2,"{""fixed_ranks"": [1, 2, 4, 8, 16, 32], ""variance_thresholds"": [0.9, 0.95]}",recorded_ood,f_given_g,k16,16,0.7083917555216449,0.7152923290255615,0.5145672097547542,0.9886642180842796,0.9774685324037826,0.3466108083310332,255,127,descriptive_only; never used for ID projection,ok
/home/ubuntu/cogitao-research/checkpoints/cogitao_vit_cross_attention/cogitao_c1_experiment_3_vit6_function_mlp_cross_attention/run_000/last.ckpt,900674f94996e9b2f5190e7cd8bac4486d09332daaf131226f7f107123274de1,dfec9cbb2afe6616194c1fb41430c0c5d2bc4208,3,test_ood,crop_bottom_side,rot90,rot90 -> crop_bottom_side,"pair (f,g): fgx=f(g(x)); task-token order [g,f] means g -> f",128,128,128,image_block_06,42,78000,256,256,0.01,2,"{""fixed_ranks"": [1, 2, 4, 8, 16, 32], ""variance_thresholds"": [0.9, 0.95]}",recorded_ood,f_given_g,k32,32,0.567647668343723,0.5764226845303415,0.33500344573149765,0.9524876306964969,0.9073503394720583,0.39536655625114436,255,127,descriptive_only; never used for ID projection,ok
/home/ubuntu/cogitao-research/checkpoints/cogitao_vit_cross_attention/cogitao_c1_experiment_3_vit6_function_mlp_cross_attention/run_000/last.ckpt,900674f94996e9b2f5190e7cd8bac4486d09332daaf131226f7f107123274de1,dfec9cbb2afe6616194c1fb41430c0c5d2bc4208,3,test_ood,crop_bottom_side,rot90,rot90 -> crop_bottom_side,"pair (f,g): fgx=f(g(x)); task-token order [g,f] means g -> f",128,128,128,image_block_06,42,78000,256,256,0.01,2,"{""fixed_ranks"": [1, 2, 4, 8, 16, 32], ""variance_thresholds"": [0.9, 0.95]}",recorded_ood,f_given_g,variance_0.9,57,0.45462259326120014,0.46862699222934223,0.2214321598385123,0.9518171279500006,0.9060246142289651,0.4216890946700108,255,127,descriptive_only; never used for ID projection,ok
/home/ubuntu/cogitao-research/checkpoints/cogitao_vit_cross_attention/cogitao_c1_experiment_3_vit6_function_mlp_cross_attention/run_000/last.ckpt,900674f94996e9b2f5190e7cd8bac4486d09332daaf131226f7f107123274de1,dfec9cbb2afe6616194c1fb41430c0c5d2bc4208,3,test_ood,crop_bottom_side,rot90,rot90 -> crop_bottom_side,"pair (f,g): fgx=f(g(x)); task-token order [g,f] means g -> f",128,128,128,image_block_06,42,78000,256,256,0.01,2,"{""fixed_ranks"": [1, 2, 4, 8, 16, 32], ""variance_thresholds"": [0.9, 0.95]}",recorded_ood,f_given_g,variance_0.95,88,0.39027542237619084,0.4016959380755247,0.16283667599112459,0.912965206223414,0.8336153956720886,0.4243795005257512,255,127,descriptive_only; never used for ID projection,ok
/home/ubuntu/cogitao-research/checkpoints/cogitao_vit_cross_attention/cogitao_c1_experiment_3_vit6_function_mlp_cross_attention/run_000/last.ckpt,900674f94996e9b2f5190e7cd8bac4486d09332daaf131226f7f107123274de1,dfec9cbb2afe6616194c1fb41430c0c5d2bc4208,3,test_ood,crop_bottom_side,rot90,rot90 -> crop_bottom_side,"pair (f,g): fgx=f(g(x)); task-token order [g,f] means g -> f",128,128,128,image_block_06,42,78000,256,256,0.01,2,"{""fixed_ranks"": [1, 2, 4, 8, 16, 32], ""variance_thresholds"": [0.9, 0.95]}",recorded_ood,g_given_f,k1,1,0.950753167632671,0.7107975580345464,0.5277708367446112,0.9990682578921399,0.9981382363804407,0.07144060918405193,255,127,descriptive_only; never used for ID projection,ok
/home/ubuntu/cogitao-research/checkpoints/cogitao_vit_cross_attention/cogitao_c1_experiment_3_vit6_function_mlp_cross_attention/run_000/last.ckpt,900674f94996e9b2f5190e7cd8bac4486d09332daaf131226f7f107123274de1,dfec9cbb2afe6616194c1fb41430c0c5d2bc4208,3,test_ood,crop_bottom_side,rot90,rot90 -> crop_bottom_side,"pair (f,g): fgx=f(g(x)); task-token order [g,f] means g -> f",128,128,128,image_block_06,42,78000,256,256,0.01,2,"{""fixed_ranks"": [1, 2, 4, 8, 16, 32], ""variance_thresholds"": [0.9, 0.95]}",recorded_ood,g_given_f,k2,2,0.9090505059538356,0.6682953026808944,0.46577712978797703,0.9985747089616112,0.9971531995480792,0.15583490333173644,255,127,descriptive_only; never used for ID projection,ok
/home/ubuntu/cogitao-research/checkpoints/cogitao_vit_cross_attention/cogitao_c1_experiment_3_vit6_function_mlp_cross_attention/run_000/last.ckpt,900674f94996e9b2f5190e7cd8bac4486d09332daaf131226f7f107123274de1,dfec9cbb2afe6616194c1fb41430c0c5d2bc4208,3,test_ood,crop_bottom_side,rot90,rot90 -> crop_bottom_side,"pair (f,g): fgx=f(g(x)); task-token order [g,f] means g -> f",128,128,128,image_block_06,42,78000,256,256,0.01,2,"{""fixed_ranks"": [1, 2, 4, 8, 16, 32], ""variance_thresholds"": [0.9, 0.95]}",recorded_ood,g_given_f,k4,4,0.8372035664170344,0.5956767571674291,0.3717248217611086,0.9960835816074048,0.9921865472943565,0.2097483474246934,255,127,descriptive_only; never used for ID projection,ok
/home/ubuntu/cogitao-research/checkpoints/cogitao_vit_cross_attention/cogitao_c1_experiment_3_vit6_function_mlp_cross_attention/run_000/last.ckpt,900674f94996e9b2f5190e7cd8bac4486d09332daaf131226f7f107123274de1,dfec9cbb2afe6616194c1fb41430c0c5d2bc4208,3,test_ood,crop_bottom_side,rot90,rot90 -> crop_bottom_side,"pair (f,g): fgx=f(g(x)); task-token order [g,f] means g -> f",128,128,128,image_block_06,42,78000,256,256,0.01,2,"{""fixed_ranks"": [1, 2, 4, 8, 16, 32], ""variance_thresholds"": [0.9, 0.95]}",recorded_ood,g_given_f,k8,8,0.726920248446645,0.5181100784746819,0.27975640388702483,0.9931204009025039,0.9863000575702534,0.33295979762617556,255,127,descriptive_only; never used for ID projection,ok
/home/ubuntu/cogitao-research/checkpoints/cogitao_vit_cross_attention/cogitao_c1_experiment_3_vit6_function_mlp_cross_attention/run_000/last.ckpt,900674f94996e9b2f5190e7cd8bac4486d09332daaf131226f7f107123274de1,dfec9cbb2afe6616194c1fb41430c0c5d2bc4208,3,test_ood,crop_bottom_side,rot90,rot90 -> crop_bottom_side,"pair (f,g): fgx=f(g(x)); task-token order [g,f] means g -> f",128,128,128,image_block_06,42,78000,256,256,0.01,2,"{""fixed_ranks"": [1, 2, 4, 8, 16, 32], ""variance_thresholds"": [0.9, 0.95]}",recorded_ood,g_given_f,k16,16,0.637182530396263,0.4420697829939587,0.2075764406095258,0.9900412714968053,0.980195277779193,0.40674275052023323,255,127,descriptive_only; never used for ID projection,ok
/home/ubuntu/cogitao-research/checkpoints/cogitao_vit_cross_attention/cogitao_c1_experiment_3_vit6_function_mlp_cross_attention/run_000/last.ckpt,900674f94996e9b2f5190e7cd8bac4486d09332daaf131226f7f107123274de1,dfec9cbb2afe6616194c1fb41430c0c5d2bc4208,3,test_ood,crop_bottom_side,rot90,rot90 -> crop_bottom_side,"pair (f,g): fgx=f(g(x)); task-token order [g,f] means g -> f",128,128,128,image_block_06,42,78000,256,256,0.01,2,"{""fixed_ranks"": [1, 2, 4, 8, 16, 32], ""variance_thresholds"": [0.9, 0.95]}",recorded_ood,g_given_f,k32,32,0.5324714923409496,0.378106264225423,0.1533999431597391,0.9540699455920095,0.9103999731009926,0.42039715861238436,255,127,descriptive_only; never used for ID projection,ok
/home/ubuntu/cogitao-research/checkpoints/cogitao_vit_cross_attention/cogitao_c1_experiment_3_vit6_function_mlp_cross_attention/run_000/last.ckpt,900674f94996e9b2f5190e7cd8bac4486d09332daaf131226f7f107123274de1,dfec9cbb2afe6616194c1fb41430c0c5d2bc4208,3,test_ood,crop_bottom_side,rot90,rot90 -> crop_bottom_side,"pair (f,g): fgx=f(g(x)); task-token order [g,f] means g -> f",128,128,128,image_block_06,42,78000,256,256,0.01,2,"{""fixed_ranks"": [1, 2, 4, 8, 16, 32], ""variance_thresholds"": [0.9, 0.95]}",recorded_ood,g_given_f,variance_0.9,37,0.5063030000922477,0.36504718080388643,0.14330073177710734,0.9686432234494211,0.938311073166974,0.43202861905796797,255,127,descriptive_only; never used for ID projection,ok
/home/ubuntu/cogitao-research/checkpoints/cogitao_vit_cross_attention/cogitao_c1_experiment_3_vit6_function_mlp_cross_attention/run_000/last.ckpt,900674f94996e9b2f5190e7cd8bac4486d09332daaf131226f7f107123274de1,dfec9cbb2afe6616194c1fb41430c0c5d2bc4208,3,test_ood,crop_bottom_side,rot90,rot90 -> crop_bottom_side,"pair (f,g): fgx=f(g(x)); task-token order [g,f] means g -> f",128,128,128,image_block_06,42,78000,256,256,0.01,2,"{""fixed_ranks"": [1, 2, 4, 8, 16, 32], ""variance_thresholds"": [0.9, 0.95]}",recorded_ood,g_given_f,variance_0.95,63,0.4228148316437087,0.30477838577328337,0.1003242870677565,0.9415424207839953,0.8865672581909668,0.4162228161512782,255,127,descriptive_only; never used for ID projection,ok
/home/ubuntu/cogitao-research/checkpoints/cogitao_vit_cross_attention/cogitao_c1_experiment_3_vit6_function_mlp_cross_attention/run_000/last.ckpt,900674f94996e9b2f5190e7cd8bac4486d09332daaf131226f7f107123274de1,dfec9cbb2afe6616194c1fb41430c0c5d2bc4208,3,test_ood,crop_bottom_side,rot90,rot90 -> crop_bottom_side,"pair (f,g): fgx=f(g(x)); task-token order [g,f] means g -> f",128,128,128,image_final_norm,42,78000,256,256,0.01,2,"{""fixed_ranks"": [1, 2, 4, 8, 16, 32], ""variance_thresholds"": [0.9, 0.95]}",recorded_ood,f_given_g,k1,1,0.9568693128477554,0.9657672389068285,0.9331913234100541,0.9988726574156384,0.9977476135916307,0.5518194220397241,255,127,descriptive_only; never used for ID projection,ok
/home/ubuntu/cogitao-research/checkpoints/cogitao_vit_cross_attention/cogitao_c1_experiment_3_vit6_function_mlp_cross_attention/run_000/last.ckpt,900674f94996e9b2f5190e7cd8bac4486d09332daaf131226f7f107123274de1,dfec9cbb2afe6616194c1fb41430c0c5d2bc4208,3,test_ood,crop_bottom_side,rot90,rot90 -> crop_bottom_side,"pair (f,g): fgx=f(g(x)); task-token order [g,f] means g -> f",128,128,128,image_final_norm,42,78000,256,256,0.01,2,"{""fixed_ranks"": [1, 2, 4, 8, 16, 32], ""variance_thresholds"": [0.9, 0.95]}",recorded_ood,f_given_g,k2,2,0.9396929695747587,0.9449044891492525,0.8940075834264939,0.9982770678763415,0.9965598986311213,0.41373705760519497,255,127,descriptive_only; never used for ID projection,ok
/home/ubuntu/cogitao-research/checkpoints/cogitao_vit_cross_attention/cogitao_c1_experiment_3_vit6_function_mlp_cross_attention/run_000/last.ckpt,900674f94996e9b2f5190e7cd8bac4486d09332daaf131226f7f107123274de1,dfec9cbb2afe6616194c1fb41430c0c5d2bc4208,3,test_ood,crop_bottom_side,rot90,rot90 -> crop_bottom_side,"pair (f,g): fgx=f(g(x)); task-token order [g,f] means g -> f",128,128,128,image_final_norm,42,78000,256,256,0.01,2,"{""fixed_ranks"": [1, 2, 4, 8, 16, 32], ""variance_thresholds"": [0.9, 0.95]}",recorded_ood,f_given_g,k4,4,0.9057535672593972,0.9117643400551085,0.8329542869240407,0.9975199521501261,0.9950487895814087,0.4572688177804812,255,127,descriptive_only; never used for ID projection,ok
/home/ubuntu/cogitao-research/checkpoints/cogitao_vit_cross_attention/cogitao_c1_experiment_3_vit6_function_mlp_cross_attention/run_000/last.ckpt,900674f94996e9b2f5190e7cd8bac4486d09332daaf131226f7f107123274de1,dfec9cbb2afe6616194c1fb41430c0c5d2bc4208,3,test_ood,crop_bottom_side,rot90,rot90 -> crop_bottom_side,"pair (f,g): fgx=f(g(x)); task-token order [g,f] means g -> f",128,128,128,image_final_norm,42,78000,256,256,0.01,2,"{""fixed_ranks"": [1, 2, 4, 8, 16, 32], ""variance_thresholds"": [0.9, 0.95]}",recorded_ood,f_given_g,k8,8,0.8132747461265585,0.8173273371969967,0.6711643462466602,0.9891922288433861,0.9785171045283476,0.25605922158178207,255,127,descriptive_only; never used for ID projection,ok
/home/ubuntu/cogitao-research/checkpoints/cogitao_vit_cross_attention/cogitao_c1_experiment_3_vit6_function_mlp_cross_attention/run_000/last.ckpt,900674f94996e9b2f5190e7cd8bac4486d09332daaf131226f7f107123274de1,dfec9cbb2afe6616194c1fb41430c0c5d2bc4208,3,test_ood,crop_bottom_side,rot90,rot90 -> crop_bottom_side,"pair (f,g): fgx=f(g(x)); task-token order [g,f] means g -> f",128,128,128,image_final_norm,42,78000,256,256,0.01,2,"{""fixed_ranks"": [1, 2, 4, 8, 16, 32], ""variance_thresholds"": [0.9, 0.95]}",recorded_ood,f_given_g,k16,16,0.7339220353783006,0.7397349161197384,0.5504498027021503,0.9888755769043283,0.977886947249389,0.3332279658660383,255,127,descriptive_only; never used for ID projection,ok
/home/ubuntu/cogitao-research/checkpoints/cogitao_vit_cross_attention/cogitao_c1_experiment_3_vit6_function_mlp_cross_attention/run_000/last.ckpt,900674f94996e9b2f5190e7cd8bac4486d09332daaf131226f7f107123274de1,dfec9cbb2afe6616194c1fb41430c0c5d2bc4208,3,test_ood,crop_bottom_side,rot90,rot90 -> crop_bottom_side,"pair (f,g): fgx=f(g(x)); task-token order [g,f] means g -> f",128,128,128,image_final_norm,42,78000,256,256,0.01,2,"{""fixed_ranks"": [1, 2, 4, 8, 16, 32], ""variance_thresholds"": [0.9, 0.95]}",recorded_ood,f_given_g,k32,32,0.5888000156819466,0.5960094327350709,0.3579379071763089,0.9541927417487548,0.9105997218628794,0.3981865067292425,255,127,descriptive_only; never used for ID projection,ok
/home/ubuntu/cogitao-research/checkpoints/cogitao_vit_cross_attention/cogitao_c1_experiment_3_vit6_function_mlp_cross_attention/run_000/last.ckpt,900674f94996e9b2f5190e7cd8bac4486d09332daaf131226f7f107123274de1,dfec9cbb2afe6616194c1fb41430c0c5d2bc4208,3,test_ood,crop_bottom_side,rot90,rot90 -> crop_bottom_side,"pair (f,g): fgx=f(g(x)); task-token order [g,f] means g -> f",128,128,128,image_final_norm,42,78000,256,256,0.01,2,"{""fixed_ranks"": [1, 2, 4, 8, 16, 32], ""variance_thresholds"": [0.9, 0.95]}",recorded_ood,f_given_g,variance_0.9,58,0.4724414425069905,0.4853829847404035,0.2375022933612615,0.9452952280896392,0.8936678076403733,0.42013921680001826,255,127,descriptive_only; never used for ID projection,ok
/home/ubuntu/cogitao-research/checkpoints/cogitao_vit_cross_attention/cogitao_c1_experiment_3_vit6_function_mlp_cross_attention/run_000/last.ckpt,900674f94996e9b2f5190e7cd8bac4486d09332daaf131226f7f107123274de1,dfec9cbb2afe6616194c1fb41430c0c5d2bc4208,3,test_ood,crop_bottom_side,rot90,rot90 -> crop_bottom_side,"pair (f,g): fgx=f(g(x)); task-token order [g,f] means g -> f",128,128,128,image_final_norm,42,78000,256,256,0.01,2,"{""fixed_ranks"": [1, 2, 4, 8, 16, 32], ""variance_thresholds"": [0.9, 0.95]}",recorded_ood,f_given_g,variance_0.95,89,0.3967593846948988,0.4078593817720815,0.16785932786225097,0.8997384241906199,0.8096200269148311,0.4234742942357475,255,127,descriptive_only; never used for ID projection,ok
/home/ubuntu/cogitao-research/checkpoints/cogitao_vit_cross_attention/cogitao_c1_experiment_3_vit6_function_mlp_cross_attention/run_000/last.ckpt,900674f94996e9b2f5190e7cd8bac4486d09332daaf131226f7f107123274de1,dfec9cbb2afe6616194c1fb41430c0c5d2bc4208,3,test_ood,crop_bottom_side,rot90,rot90 -> crop_bottom_side,"pair (f,g): fgx=f(g(x)); task-token order [g,f] means g -> f",128,128,128,image_final_norm,42,78000,256,256,0.01,2,"{""fixed_ranks"": [1, 2, 4, 8, 16, 32], ""variance_thresholds"": [0.9, 0.95]}",recorded_ood,g_given_f,k1,1,0.9502159494828605,0.7055722552364965,0.520909387768849,0.9991209706102683,0.9982435676674262,0.06569543632606967,255,127,descriptive_only; never used for ID projection,ok
/home/ubuntu/cogitao-research/checkpoints/cogitao_vit_cross_attention/cogitao_c1_experiment_3_vit6_function_mlp_cross_attention/run_000/last.ckpt,900674f94996e9b2f5190e7cd8bac4486d09332daaf131226f7f107123274de1,dfec9cbb2afe6616194c1fb41430c0c5d2bc4208,3,test_ood,crop_bottom_side,rot90,rot90 -> crop_bottom_side,"pair (f,g): fgx=f(g(x)); task-token order [g,f] means g -> f",128,128,128,image_final_norm,42,78000,256,256,0.01,2,"{""fixed_ranks"": [1, 2, 4, 8, 16, 32], ""variance_thresholds"": [0.9, 0.95]}",recorded_ood,g_given_f,k2,2,0.8999741154785832,0.6657785763309121,0.4632682586360411,0.9986016053759769,0.9972068481667324,0.21710805189331422,255,127,descriptive_only; never used for ID projection,ok
/home/ubuntu/cogitao-research/checkpoints/cogitao_vit_cross_attention/cogitao_c1_experiment_3_vit6_function_mlp_cross_attention/run_000/last.ckpt,900674f94996e9b2f5190e7cd8bac4486d09332daaf131226f7f107123274de1,dfec9cbb2afe6616194c1fb41430c0c5d2bc4208,3,test_ood,crop_bottom_side,rot90,rot90 -> crop_bottom_side,"pair (f,g): fgx=f(g(x)); task-token order [g,f] means g -> f",128,128,128,image_final_norm,42,78000,256,256,0.01,2,"{""fixed_ranks"": [1, 2, 4, 8, 16, 32], ""variance_thresholds"": [0.9, 0.95]}",recorded_ood,g_given_f,k4,4,0.8359919004719456,0.5939276852561501,0.3697048533535424,0.9959946966839539,0.9920097173462785,0.22573594541695297,255,127,descriptive_only; never used for ID projection,ok
/home/ubuntu/cogitao-research/checkpoints/cogitao_vit_cross_attention/cogitao_c1_experiment_3_vit6_function_mlp_cross_attention/run_000/last.ckpt,900674f94996e9b2f5190e7cd8bac4486d09332daaf131226f7f107123274de1,dfec9cbb2afe6616194c1fb41430c0c5d2bc4208,3,test_ood,crop_bottom_side,rot90,rot90 -> crop_bottom_side,"pair (f,g): fgx=f(g(x)); task-token order [g,f] means g -> f",128,128,128,image_final_norm,42,78000,256,256,0.01,2,"{""fixed_ranks"": [1, 2, 4, 8, 16, 32], ""variance_thresholds"": [0.9, 0.95]}",recorded_ood,g_given_f,k8,8,0.7275456115971758,0.5159081732577484,0.2777256780429701,0.9929557878037558,0.9859721028487523,0.33538807938205806,255,127,descriptive_only; never used for ID projection,ok
/home/ubuntu/cogitao-research/checkpoints/cogitao_vit_cross_attention/cogitao_c1_experiment_3_vit6_function_mlp_cross_attention/run_000/last.ckpt,900674f94996e9b2f5190e7cd8bac4486d09332daaf131226f7f107123274de1,dfec9cbb2afe6616194c1fb41430c0c5d2bc4208,3,test_ood,crop_bottom_side,rot90,rot90 -> crop_bottom_side,"pair (f,g): fgx=f(g(x)); task-token order [g,f] means g -> f",128,128,128,image_final_norm,42,78000,256,256,0.01,2,"{""fixed_ranks"": [1, 2, 4, 8, 16, 32], ""variance_thresholds"": [0.9, 0.95]}",recorded_ood,g_given_f,k16,16,0.6375744005113841,0.44313766654512204,0.2092292967909735,0.9899268090404076,0.9799689231243551,0.41501931596239167,255,127,descriptive_only; never used for ID projection,ok
/home/ubuntu/cogitao-research/checkpoints/cogitao_vit_cross_attention/cogitao_c1_experiment_3_vit6_function_mlp_cross_attention/run_000/last.ckpt,900674f94996e9b2f5190e7cd8bac4486d09332daaf131226f7f107123274de1,dfec9cbb2afe6616194c1fb41430c0c5d2bc4208,3,test_ood,crop_bottom_side,rot90,rot90 -> crop_bottom_side,"pair (f,g): fgx=f(g(x)); task-token order [g,f] means g -> f",128,128,128,image_final_norm,42,78000,256,256,0.01,2,"{""fixed_ranks"": [1, 2, 4, 8, 16, 32], ""variance_thresholds"": [0.9, 0.95]}",recorded_ood,g_given_f,k32,32,0.5337219106922715,0.3793500204793445,0.15454234094519848,0.9543785476101314,0.9109910952991531,0.4239635804884461,255,127,descriptive_only; never used for ID projection,ok
/home/ubuntu/cogitao-research/checkpoints/cogitao_vit_cross_attention/cogitao_c1_experiment_3_vit6_function_mlp_cross_attention/run_000/last.ckpt,900674f94996e9b2f5190e7cd8bac4486d09332daaf131226f7f107123274de1,dfec9cbb2afe6616194c1fb41430c0c5d2bc4208,3,test_ood,crop_bottom_side,rot90,rot90 -> crop_bottom_side,"pair (f,g): fgx=f(g(x)); task-token order [g,f] means g -> f",128,128,128,image_final_norm,42,78000,256,256,0.01,2,"{""fixed_ranks"": [1, 2, 4, 8, 16, 32], ""variance_thresholds"": [0.9, 0.95]}",recorded_ood,g_given_f,variance_0.9,38,0.5038060481921878,0.36250872603934825,0.1415276785698758,0.962581436662407,0.926612435826646,0.436745971492066,255,127,descriptive_only; never used for ID projection,ok
/home/ubuntu/cogitao-research/checkpoints/cogitao_vit_cross_attention/cogitao_c1_experiment_3_vit6_function_mlp_cross_attention/run_000/last.ckpt,900674f94996e9b2f5190e7cd8bac4486d09332daaf131226f7f107123274de1,dfec9cbb2afe6616194c1fb41430c0c5d2bc4208,3,test_ood,crop_bottom_side,rot90,rot90 -> crop_bottom_side,"pair (f,g): fgx=f(g(x)); task-token order [g,f] means g -> f",128,128,128,image_final_norm,42,78000,256,256,0.01,2,"{""fixed_ranks"": [1, 2, 4, 8, 16, 32], ""variance_thresholds"": [0.9, 0.95]}",recorded_ood,g_given_f,variance_0.95,65,0.4197268552442775,0.3028267750442123,0.09916391978711409,0.9417189111255851,0.886916106516304,0.42092725294965716,255,127,descriptive_only; never used for ID projection,ok
