experiment,split,f,g,source_index,layer,left,right,defect,structural_tautology,retained
3,val,crop_bottom_side,crop_bottom_side,172,image_input_tokens,fx,gx,0.0,1,
3,val,crop_bottom_side,crop_bottom_side,172,image_input_tokens,fgx,gfx,0.0,1,
3,val,crop_bottom_side,crop_bottom_side,64,image_input_tokens,fx,gx,0.0,1,
3,val,crop_bottom_side,crop_bottom_side,64,image_input_tokens,fgx,gfx,0.0,1,
3,val,crop_bottom_side,crop_bottom_side,161,image_input_tokens,fx,gx,0.0,1,
3,val,crop_bottom_side,crop_bottom_side,161,image_input_tokens,fx,fgx,0.014171644623358843,0,1
3,val,crop_bottom_side,crop_bottom_side,161,image_input_tokens,fx,gfx,0.014171644623358843,0,1
3,val,crop_bottom_side,crop_bottom_side,161,image_input_tokens,gx,fgx,0.014171644623358843,0,1
3,val,crop_bottom_side,crop_bottom_side,161,image_input_tokens,gx,gfx,0.014171644623358843,0,1
3,val,crop_bottom_side,crop_bottom_side,161,image_input_tokens,fgx,gfx,0.0,1,
3,val,crop_bottom_side,crop_bottom_side,247,image_input_tokens,fx,gx,0.0,1,
3,val,crop_bottom_side,crop_bottom_side,247,image_input_tokens,fgx,gfx,0.0,1,
3,val,crop_bottom_side,crop_bottom_side,46,image_input_tokens,fx,gx,0.0,1,
3,val,crop_bottom_side,crop_bottom_side,46,image_input_tokens,fgx,gfx,0.0,1,
3,val,crop_bottom_side,crop_bottom_side,0,image_input_tokens,fx,gx,0.0,1,
3,val,crop_bottom_side,crop_bottom_side,0,image_input_tokens,fgx,gfx,0.0,1,
3,val,crop_bottom_side,crop_bottom_side,101,image_input_tokens,fx,gx,0.0,1,
3,val,crop_bottom_side,crop_bottom_side,101,image_input_tokens,fgx,gfx,0.0,1,
3,val,crop_bottom_side,crop_bottom_side,309,image_input_tokens,fx,gx,0.0,1,
3,val,crop_bottom_side,crop_bottom_side,309,image_input_tokens,fgx,gfx,0.0,1,
3,val,crop_bottom_side,crop_bottom_side,132,image_input_tokens,fx,gx,0.0,1,
3,val,crop_bottom_side,crop_bottom_side,132,image_input_tokens,fgx,gfx,0.0,1,
3,val,crop_bottom_side,crop_bottom_side,50,image_input_tokens,fx,gx,0.0,1,
3,val,crop_bottom_side,crop_bottom_side,50,image_input_tokens,fgx,gfx,0.0,1,
3,val,crop_bottom_side,crop_bottom_side,26,image_input_tokens,fx,gx,0.0,1,
3,val,crop_bottom_side,crop_bottom_side,26,image_input_tokens,fgx,gfx,0.0,1,
3,val,crop_bottom_side,crop_bottom_side,173,image_input_tokens,fx,gx,0.0,1,
3,val,crop_bottom_side,crop_bottom_side,173,image_input_tokens,fgx,gfx,0.0,1,
3,val,crop_bottom_side,crop_bottom_side,242,image_input_tokens,fx,gx,0.0,1,
3,val,crop_bottom_side,crop_bottom_side,242,image_input_tokens,fgx,gfx,0.0,1,
3,val,crop_bottom_side,crop_bottom_side,250,image_input_tokens,fx,gx,0.0,1,
3,val,crop_bottom_side,crop_bottom_side,250,image_input_tokens,fgx,gfx,0.0,1,
3,val,crop_bottom_side,crop_bottom_side,216,image_input_tokens,fx,gx,0.0,1,
3,val,crop_bottom_side,crop_bottom_side,216,image_input_tokens,fgx,gfx,0.0,1,
3,val,crop_bottom_side,crop_bottom_side,294,image_input_tokens,fx,gx,0.0,1,
3,val,crop_bottom_side,crop_bottom_side,294,image_input_tokens,fgx,gfx,0.0,1,
3,val,crop_bottom_side,crop_bottom_side,172,image_block_01,fx,gx,0.0,1,
3,val,crop_bottom_side,crop_bottom_side,172,image_block_01,fgx,gfx,0.0,1,
3,val,crop_bottom_side,crop_bottom_side,64,image_block_01,fx,gx,0.0,1,
3,val,crop_bottom_side,crop_bottom_side,64,image_block_01,fgx,gfx,0.0,1,
3,val,crop_bottom_side,crop_bottom_side,161,image_block_01,fx,gx,0.0,1,
3,val,crop_bottom_side,crop_bottom_side,161,image_block_01,fx,fgx,0.1433122517672105,0,0
3,val,crop_bottom_side,crop_bottom_side,161,image_block_01,fx,gfx,0.1433122517672105,0,0
3,val,crop_bottom_side,crop_bottom_side,161,image_block_01,gx,fgx,0.1433122517672105,0,0
3,val,crop_bottom_side,crop_bottom_side,161,image_block_01,gx,gfx,0.1433122517672105,0,0
3,val,crop_bottom_side,crop_bottom_side,161,image_block_01,fgx,gfx,0.0,1,
3,val,crop_bottom_side,crop_bottom_side,247,image_block_01,fx,gx,0.0,1,
3,val,crop_bottom_side,crop_bottom_side,247,image_block_01,fgx,gfx,0.0,1,
3,val,crop_bottom_side,crop_bottom_side,46,image_block_01,fx,gx,0.0,1,
3,val,crop_bottom_side,crop_bottom_side,46,image_block_01,fgx,gfx,0.0,1,
3,val,crop_bottom_side,crop_bottom_side,0,image_block_01,fx,gx,0.0,1,
3,val,crop_bottom_side,crop_bottom_side,0,image_block_01,fgx,gfx,0.0,1,
3,val,crop_bottom_side,crop_bottom_side,101,image_block_01,fx,gx,0.0,1,
3,val,crop_bottom_side,crop_bottom_side,101,image_block_01,fgx,gfx,0.0,1,
3,val,crop_bottom_side,crop_bottom_side,309,image_block_01,fx,gx,0.0,1,
3,val,crop_bottom_side,crop_bottom_side,309,image_block_01,fgx,gfx,0.0,1,
3,val,crop_bottom_side,crop_bottom_side,132,image_block_01,fx,gx,0.0,1,
3,val,crop_bottom_side,crop_bottom_side,132,image_block_01,fgx,gfx,0.0,1,
3,val,crop_bottom_side,crop_bottom_side,50,image_block_01,fx,gx,0.0,1,
3,val,crop_bottom_side,crop_bottom_side,50,image_block_01,fgx,gfx,0.0,1,
3,val,crop_bottom_side,crop_bottom_side,26,image_block_01,fx,gx,0.0,1,
3,val,crop_bottom_side,crop_bottom_side,26,image_block_01,fgx,gfx,0.0,1,
3,val,crop_bottom_side,crop_bottom_side,173,image_block_01,fx,gx,0.0,1,
3,val,crop_bottom_side,crop_bottom_side,173,image_block_01,fgx,gfx,0.0,1,
3,val,crop_bottom_side,crop_bottom_side,242,image_block_01,fx,gx,0.0,1,
3,val,crop_bottom_side,crop_bottom_side,242,image_block_01,fgx,gfx,0.0,1,
3,val,crop_bottom_side,crop_bottom_side,250,image_block_01,fx,gx,0.0,1,
3,val,crop_bottom_side,crop_bottom_side,250,image_block_01,fgx,gfx,0.0,1,
3,val,crop_bottom_side,crop_bottom_side,216,image_block_01,fx,gx,0.0,1,
3,val,crop_bottom_side,crop_bottom_side,216,image_block_01,fgx,gfx,0.0,1,
3,val,crop_bottom_side,crop_bottom_side,294,image_block_01,fx,gx,0.0,1,
3,val,crop_bottom_side,crop_bottom_side,294,image_block_01,fgx,gfx,0.0,1,
3,val,crop_bottom_side,crop_bottom_side,172,image_block_02,fx,gx,0.0,1,
3,val,crop_bottom_side,crop_bottom_side,172,image_block_02,fgx,gfx,0.0,1,
3,val,crop_bottom_side,crop_bottom_side,64,image_block_02,fx,gx,0.0,1,
3,val,crop_bottom_side,crop_bottom_side,64,image_block_02,fgx,gfx,0.0,1,
3,val,crop_bottom_side,crop_bottom_side,161,image_block_02,fx,gx,0.0,1,
3,val,crop_bottom_side,crop_bottom_side,161,image_block_02,fx,fgx,0.17380147464150852,0,0
3,val,crop_bottom_side,crop_bottom_side,161,image_block_02,fx,gfx,0.17380147464150852,0,0
3,val,crop_bottom_side,crop_bottom_side,161,image_block_02,gx,fgx,0.17380147464150852,0,0
3,val,crop_bottom_side,crop_bottom_side,161,image_block_02,gx,gfx,0.17380147464150852,0,0
3,val,crop_bottom_side,crop_bottom_side,161,image_block_02,fgx,gfx,0.0,1,
3,val,crop_bottom_side,crop_bottom_side,247,image_block_02,fx,gx,0.0,1,
3,val,crop_bottom_side,crop_bottom_side,247,image_block_02,fgx,gfx,0.0,1,
3,val,crop_bottom_side,crop_bottom_side,46,image_block_02,fx,gx,0.0,1,
3,val,crop_bottom_side,crop_bottom_side,46,image_block_02,fgx,gfx,0.0,1,
3,val,crop_bottom_side,crop_bottom_side,0,image_block_02,fx,gx,0.0,1,
3,val,crop_bottom_side,crop_bottom_side,0,image_block_02,fgx,gfx,0.0,1,
3,val,crop_bottom_side,crop_bottom_side,101,image_block_02,fx,gx,0.0,1,
3,val,crop_bottom_side,crop_bottom_side,101,image_block_02,fgx,gfx,0.0,1,
3,val,crop_bottom_side,crop_bottom_side,309,image_block_02,fx,gx,0.0,1,
3,val,crop_bottom_side,crop_bottom_side,309,image_block_02,fgx,gfx,0.0,1,
3,val,crop_bottom_side,crop_bottom_side,132,image_block_02,fx,gx,0.0,1,
3,val,crop_bottom_side,crop_bottom_side,132,image_block_02,fgx,gfx,0.0,1,
3,val,crop_bottom_side,crop_bottom_side,50,image_block_02,fx,gx,0.0,1,
3,val,crop_bottom_side,crop_bottom_side,50,image_block_02,fgx,gfx,0.0,1,
3,val,crop_bottom_side,crop_bottom_side,26,image_block_02,fx,gx,0.0,1,
3,val,crop_bottom_side,crop_bottom_side,26,image_block_02,fgx,gfx,0.0,1,
3,val,crop_bottom_side,crop_bottom_side,173,image_block_02,fx,gx,0.0,1,
3,val,crop_bottom_side,crop_bottom_side,173,image_block_02,fgx,gfx,0.0,1,
3,val,crop_bottom_side,crop_bottom_side,242,image_block_02,fx,gx,0.0,1,
3,val,crop_bottom_side,crop_bottom_side,242,image_block_02,fgx,gfx,0.0,1,
3,val,crop_bottom_side,crop_bottom_side,250,image_block_02,fx,gx,0.0,1,
3,val,crop_bottom_side,crop_bottom_side,250,image_block_02,fgx,gfx,0.0,1,
3,val,crop_bottom_side,crop_bottom_side,216,image_block_02,fx,gx,0.0,1,
3,val,crop_bottom_side,crop_bottom_side,216,image_block_02,fgx,gfx,0.0,1,
3,val,crop_bottom_side,crop_bottom_side,294,image_block_02,fx,gx,0.0,1,
3,val,crop_bottom_side,crop_bottom_side,294,image_block_02,fgx,gfx,0.0,1,
3,val,crop_bottom_side,crop_bottom_side,172,image_block_03,fx,gx,0.0,1,
3,val,crop_bottom_side,crop_bottom_side,172,image_block_03,fgx,gfx,0.0,1,
3,val,crop_bottom_side,crop_bottom_side,64,image_block_03,fx,gx,0.0,1,
3,val,crop_bottom_side,crop_bottom_side,64,image_block_03,fgx,gfx,0.0,1,
3,val,crop_bottom_side,crop_bottom_side,161,image_block_03,fx,gx,0.0,1,
3,val,crop_bottom_side,crop_bottom_side,161,image_block_03,fx,fgx,0.18157351176945213,0,0
3,val,crop_bottom_side,crop_bottom_side,161,image_block_03,fx,gfx,0.18157351176945213,0,0
3,val,crop_bottom_side,crop_bottom_side,161,image_block_03,gx,fgx,0.18157351176945213,0,0
3,val,crop_bottom_side,crop_bottom_side,161,image_block_03,gx,gfx,0.18157351176945213,0,0
3,val,crop_bottom_side,crop_bottom_side,161,image_block_03,fgx,gfx,0.0,1,
3,val,crop_bottom_side,crop_bottom_side,247,image_block_03,fx,gx,0.0,1,
3,val,crop_bottom_side,crop_bottom_side,247,image_block_03,fgx,gfx,0.0,1,
3,val,crop_bottom_side,crop_bottom_side,46,image_block_03,fx,gx,0.0,1,
3,val,crop_bottom_side,crop_bottom_side,46,image_block_03,fgx,gfx,0.0,1,
3,val,crop_bottom_side,crop_bottom_side,0,image_block_03,fx,gx,0.0,1,
3,val,crop_bottom_side,crop_bottom_side,0,image_block_03,fgx,gfx,0.0,1,
3,val,crop_bottom_side,crop_bottom_side,101,image_block_03,fx,gx,0.0,1,
3,val,crop_bottom_side,crop_bottom_side,101,image_block_03,fgx,gfx,0.0,1,
3,val,crop_bottom_side,crop_bottom_side,309,image_block_03,fx,gx,0.0,1,
3,val,crop_bottom_side,crop_bottom_side,309,image_block_03,fgx,gfx,0.0,1,
3,val,crop_bottom_side,crop_bottom_side,132,image_block_03,fx,gx,0.0,1,
3,val,crop_bottom_side,crop_bottom_side,132,image_block_03,fgx,gfx,0.0,1,
3,val,crop_bottom_side,crop_bottom_side,50,image_block_03,fx,gx,0.0,1,
3,val,crop_bottom_side,crop_bottom_side,50,image_block_03,fgx,gfx,0.0,1,
3,val,crop_bottom_side,crop_bottom_side,26,image_block_03,fx,gx,0.0,1,
3,val,crop_bottom_side,crop_bottom_side,26,image_block_03,fgx,gfx,0.0,1,
3,val,crop_bottom_side,crop_bottom_side,173,image_block_03,fx,gx,0.0,1,
3,val,crop_bottom_side,crop_bottom_side,173,image_block_03,fgx,gfx,0.0,1,
3,val,crop_bottom_side,crop_bottom_side,242,image_block_03,fx,gx,0.0,1,
3,val,crop_bottom_side,crop_bottom_side,242,image_block_03,fgx,gfx,0.0,1,
3,val,crop_bottom_side,crop_bottom_side,250,image_block_03,fx,gx,0.0,1,
3,val,crop_bottom_side,crop_bottom_side,250,image_block_03,fgx,gfx,0.0,1,
3,val,crop_bottom_side,crop_bottom_side,216,image_block_03,fx,gx,0.0,1,
3,val,crop_bottom_side,crop_bottom_side,216,image_block_03,fgx,gfx,0.0,1,
3,val,crop_bottom_side,crop_bottom_side,294,image_block_03,fx,gx,0.0,1,
3,val,crop_bottom_side,crop_bottom_side,294,image_block_03,fgx,gfx,0.0,1,
3,val,crop_bottom_side,crop_bottom_side,172,image_block_04,fx,gx,0.0,1,
3,val,crop_bottom_side,crop_bottom_side,172,image_block_04,fgx,gfx,0.0,1,
3,val,crop_bottom_side,crop_bottom_side,64,image_block_04,fx,gx,0.0,1,
3,val,crop_bottom_side,crop_bottom_side,64,image_block_04,fgx,gfx,0.0,1,
3,val,crop_bottom_side,crop_bottom_side,161,image_block_04,fx,gx,0.0,1,
3,val,crop_bottom_side,crop_bottom_side,161,image_block_04,fx,fgx,0.22989462588396123,0,0
3,val,crop_bottom_side,crop_bottom_side,161,image_block_04,fx,gfx,0.22989462588396123,0,0
3,val,crop_bottom_side,crop_bottom_side,161,image_block_04,gx,fgx,0.22989462588396123,0,0
3,val,crop_bottom_side,crop_bottom_side,161,image_block_04,gx,gfx,0.22989462588396123,0,0
3,val,crop_bottom_side,crop_bottom_side,161,image_block_04,fgx,gfx,0.0,1,
3,val,crop_bottom_side,crop_bottom_side,247,image_block_04,fx,gx,0.0,1,
3,val,crop_bottom_side,crop_bottom_side,247,image_block_04,fgx,gfx,0.0,1,
3,val,crop_bottom_side,crop_bottom_side,46,image_block_04,fx,gx,0.0,1,
3,val,crop_bottom_side,crop_bottom_side,46,image_block_04,fgx,gfx,0.0,1,
3,val,crop_bottom_side,crop_bottom_side,0,image_block_04,fx,gx,0.0,1,
3,val,crop_bottom_side,crop_bottom_side,0,image_block_04,fgx,gfx,0.0,1,
3,val,crop_bottom_side,crop_bottom_side,101,image_block_04,fx,gx,0.0,1,
3,val,crop_bottom_side,crop_bottom_side,101,image_block_04,fgx,gfx,0.0,1,
3,val,crop_bottom_side,crop_bottom_side,309,image_block_04,fx,gx,0.0,1,
3,val,crop_bottom_side,crop_bottom_side,309,image_block_04,fgx,gfx,0.0,1,
3,val,crop_bottom_side,crop_bottom_side,132,image_block_04,fx,gx,0.0,1,
3,val,crop_bottom_side,crop_bottom_side,132,image_block_04,fgx,gfx,0.0,1,
3,val,crop_bottom_side,crop_bottom_side,50,image_block_04,fx,gx,0.0,1,
3,val,crop_bottom_side,crop_bottom_side,50,image_block_04,fgx,gfx,0.0,1,
3,val,crop_bottom_side,crop_bottom_side,26,image_block_04,fx,gx,0.0,1,
3,val,crop_bottom_side,crop_bottom_side,26,image_block_04,fgx,gfx,0.0,1,
3,val,crop_bottom_side,crop_bottom_side,173,image_block_04,fx,gx,0.0,1,
3,val,crop_bottom_side,crop_bottom_side,173,image_block_04,fgx,gfx,0.0,1,
3,val,crop_bottom_side,crop_bottom_side,242,image_block_04,fx,gx,0.0,1,
3,val,crop_bottom_side,crop_bottom_side,242,image_block_04,fgx,gfx,0.0,1,
3,val,crop_bottom_side,crop_bottom_side,250,image_block_04,fx,gx,0.0,1,
3,val,crop_bottom_side,crop_bottom_side,250,image_block_04,fgx,gfx,0.0,1,
3,val,crop_bottom_side,crop_bottom_side,216,image_block_04,fx,gx,0.0,1,
3,val,crop_bottom_side,crop_bottom_side,216,image_block_04,fgx,gfx,0.0,1,
3,val,crop_bottom_side,crop_bottom_side,294,image_block_04,fx,gx,0.0,1,
3,val,crop_bottom_side,crop_bottom_side,294,image_block_04,fgx,gfx,0.0,1,
3,val,crop_bottom_side,crop_bottom_side,172,image_block_05,fx,gx,0.0,1,
3,val,crop_bottom_side,crop_bottom_side,172,image_block_05,fgx,gfx,0.0,1,
3,val,crop_bottom_side,crop_bottom_side,64,image_block_05,fx,gx,0.0,1,
3,val,crop_bottom_side,crop_bottom_side,64,image_block_05,fgx,gfx,0.0,1,
3,val,crop_bottom_side,crop_bottom_side,161,image_block_05,fx,gx,0.0,1,
3,val,crop_bottom_side,crop_bottom_side,161,image_block_05,fx,fgx,0.1802961864527005,0,0
3,val,crop_bottom_side,crop_bottom_side,161,image_block_05,fx,gfx,0.1802961864527005,0,0
3,val,crop_bottom_side,crop_bottom_side,161,image_block_05,gx,fgx,0.1802961864527005,0,0
3,val,crop_bottom_side,crop_bottom_side,161,image_block_05,gx,gfx,0.1802961864527005,0,0
3,val,crop_bottom_side,crop_bottom_side,161,image_block_05,fgx,gfx,0.0,1,
3,val,crop_bottom_side,crop_bottom_side,247,image_block_05,fx,gx,0.0,1,
3,val,crop_bottom_side,crop_bottom_side,247,image_block_05,fgx,gfx,0.0,1,
3,val,crop_bottom_side,crop_bottom_side,46,image_block_05,fx,gx,0.0,1,
3,val,crop_bottom_side,crop_bottom_side,46,image_block_05,fgx,gfx,0.0,1,
3,val,crop_bottom_side,crop_bottom_side,0,image_block_05,fx,gx,0.0,1,
3,val,crop_bottom_side,crop_bottom_side,0,image_block_05,fgx,gfx,0.0,1,
3,val,crop_bottom_side,crop_bottom_side,101,image_block_05,fx,gx,0.0,1,
3,val,crop_bottom_side,crop_bottom_side,101,image_block_05,fgx,gfx,0.0,1,
3,val,crop_bottom_side,crop_bottom_side,309,image_block_05,fx,gx,0.0,1,
3,val,crop_bottom_side,crop_bottom_side,309,image_block_05,fgx,gfx,0.0,1,
3,val,crop_bottom_side,crop_bottom_side,132,image_block_05,fx,gx,0.0,1,
3,val,crop_bottom_side,crop_bottom_side,132,image_block_05,fgx,gfx,0.0,1,
3,val,crop_bottom_side,crop_bottom_side,50,image_block_05,fx,gx,0.0,1,
3,val,crop_bottom_side,crop_bottom_side,50,image_block_05,fgx,gfx,0.0,1,
3,val,crop_bottom_side,crop_bottom_side,26,image_block_05,fx,gx,0.0,1,
3,val,crop_bottom_side,crop_bottom_side,26,image_block_05,fgx,gfx,0.0,1,
3,val,crop_bottom_side,crop_bottom_side,173,image_block_05,fx,gx,0.0,1,
3,val,crop_bottom_side,crop_bottom_side,173,image_block_05,fgx,gfx,0.0,1,
3,val,crop_bottom_side,crop_bottom_side,242,image_block_05,fx,gx,0.0,1,
3,val,crop_bottom_side,crop_bottom_side,242,image_block_05,fgx,gfx,0.0,1,
3,val,crop_bottom_side,crop_bottom_side,250,image_block_05,fx,gx,0.0,1,
3,val,crop_bottom_side,crop_bottom_side,250,image_block_05,fgx,gfx,0.0,1,
3,val,crop_bottom_side,crop_bottom_side,216,image_block_05,fx,gx,0.0,1,
3,val,crop_bottom_side,crop_bottom_side,216,image_block_05,fgx,gfx,0.0,1,
3,val,crop_bottom_side,crop_bottom_side,294,image_block_05,fx,gx,0.0,1,
3,val,crop_bottom_side,crop_bottom_side,294,image_block_05,fgx,gfx,0.0,1,
3,val,crop_bottom_side,crop_bottom_side,172,image_block_06,fx,gx,0.0,1,
3,val,crop_bottom_side,crop_bottom_side,172,image_block_06,fgx,gfx,0.0,1,
3,val,crop_bottom_side,crop_bottom_side,64,image_block_06,fx,gx,0.0,1,
3,val,crop_bottom_side,crop_bottom_side,64,image_block_06,fgx,gfx,0.0,1,
3,val,crop_bottom_side,crop_bottom_side,161,image_block_06,fx,gx,0.0,1,
3,val,crop_bottom_side,crop_bottom_side,161,image_block_06,fx,fgx,0.2858053339131386,0,0
3,val,crop_bottom_side,crop_bottom_side,161,image_block_06,fx,gfx,0.2858053339131386,0,0
3,val,crop_bottom_side,crop_bottom_side,161,image_block_06,gx,fgx,0.2858053339131386,0,0
3,val,crop_bottom_side,crop_bottom_side,161,image_block_06,gx,gfx,0.2858053339131386,0,0
3,val,crop_bottom_side,crop_bottom_side,161,image_block_06,fgx,gfx,0.0,1,
3,val,crop_bottom_side,crop_bottom_side,247,image_block_06,fx,gx,0.0,1,
3,val,crop_bottom_side,crop_bottom_side,247,image_block_06,fgx,gfx,0.0,1,
3,val,crop_bottom_side,crop_bottom_side,46,image_block_06,fx,gx,0.0,1,
3,val,crop_bottom_side,crop_bottom_side,46,image_block_06,fgx,gfx,0.0,1,
3,val,crop_bottom_side,crop_bottom_side,0,image_block_06,fx,gx,0.0,1,
3,val,crop_bottom_side,crop_bottom_side,0,image_block_06,fgx,gfx,0.0,1,
3,val,crop_bottom_side,crop_bottom_side,101,image_block_06,fx,gx,0.0,1,
3,val,crop_bottom_side,crop_bottom_side,101,image_block_06,fgx,gfx,0.0,1,
3,val,crop_bottom_side,crop_bottom_side,309,image_block_06,fx,gx,0.0,1,
3,val,crop_bottom_side,crop_bottom_side,309,image_block_06,fgx,gfx,0.0,1,
3,val,crop_bottom_side,crop_bottom_side,132,image_block_06,fx,gx,0.0,1,
3,val,crop_bottom_side,crop_bottom_side,132,image_block_06,fgx,gfx,0.0,1,
3,val,crop_bottom_side,crop_bottom_side,50,image_block_06,fx,gx,0.0,1,
3,val,crop_bottom_side,crop_bottom_side,50,image_block_06,fgx,gfx,0.0,1,
3,val,crop_bottom_side,crop_bottom_side,26,image_block_06,fx,gx,0.0,1,
3,val,crop_bottom_side,crop_bottom_side,26,image_block_06,fgx,gfx,0.0,1,
3,val,crop_bottom_side,crop_bottom_side,173,image_block_06,fx,gx,0.0,1,
3,val,crop_bottom_side,crop_bottom_side,173,image_block_06,fgx,gfx,0.0,1,
3,val,crop_bottom_side,crop_bottom_side,242,image_block_06,fx,gx,0.0,1,
3,val,crop_bottom_side,crop_bottom_side,242,image_block_06,fgx,gfx,0.0,1,
3,val,crop_bottom_side,crop_bottom_side,250,image_block_06,fx,gx,0.0,1,
3,val,crop_bottom_side,crop_bottom_side,250,image_block_06,fgx,gfx,0.0,1,
3,val,crop_bottom_side,crop_bottom_side,216,image_block_06,fx,gx,0.0,1,
3,val,crop_bottom_side,crop_bottom_side,216,image_block_06,fgx,gfx,0.0,1,
3,val,crop_bottom_side,crop_bottom_side,294,image_block_06,fx,gx,0.0,1,
3,val,crop_bottom_side,crop_bottom_side,294,image_block_06,fgx,gfx,0.0,1,
3,val,crop_bottom_side,crop_bottom_side,172,image_final_norm,fx,gx,0.0,1,
3,val,crop_bottom_side,crop_bottom_side,172,image_final_norm,fgx,gfx,0.0,1,
3,val,crop_bottom_side,crop_bottom_side,64,image_final_norm,fx,gx,0.0,1,
3,val,crop_bottom_side,crop_bottom_side,64,image_final_norm,fgx,gfx,0.0,1,
3,val,crop_bottom_side,crop_bottom_side,161,image_final_norm,fx,gx,0.0,1,
3,val,crop_bottom_side,crop_bottom_side,161,image_final_norm,fx,fgx,0.26995706872065833,0,0
3,val,crop_bottom_side,crop_bottom_side,161,image_final_norm,fx,gfx,0.26995706872065833,0,0
3,val,crop_bottom_side,crop_bottom_side,161,image_final_norm,gx,fgx,0.26995706872065833,0,0
3,val,crop_bottom_side,crop_bottom_side,161,image_final_norm,gx,gfx,0.26995706872065833,0,0
3,val,crop_bottom_side,crop_bottom_side,161,image_final_norm,fgx,gfx,0.0,1,
3,val,crop_bottom_side,crop_bottom_side,247,image_final_norm,fx,gx,0.0,1,
3,val,crop_bottom_side,crop_bottom_side,247,image_final_norm,fgx,gfx,0.0,1,
3,val,crop_bottom_side,crop_bottom_side,46,image_final_norm,fx,gx,0.0,1,
3,val,crop_bottom_side,crop_bottom_side,46,image_final_norm,fgx,gfx,0.0,1,
3,val,crop_bottom_side,crop_bottom_side,0,image_final_norm,fx,gx,0.0,1,
3,val,crop_bottom_side,crop_bottom_side,0,image_final_norm,fgx,gfx,0.0,1,
3,val,crop_bottom_side,crop_bottom_side,101,image_final_norm,fx,gx,0.0,1,
3,val,crop_bottom_side,crop_bottom_side,101,image_final_norm,fgx,gfx,0.0,1,
3,val,crop_bottom_side,crop_bottom_side,309,image_final_norm,fx,gx,0.0,1,
3,val,crop_bottom_side,crop_bottom_side,309,image_final_norm,fgx,gfx,0.0,1,
3,val,crop_bottom_side,crop_bottom_side,132,image_final_norm,fx,gx,0.0,1,
3,val,crop_bottom_side,crop_bottom_side,132,image_final_norm,fgx,gfx,0.0,1,
3,val,crop_bottom_side,crop_bottom_side,50,image_final_norm,fx,gx,0.0,1,
3,val,crop_bottom_side,crop_bottom_side,50,image_final_norm,fgx,gfx,0.0,1,
3,val,crop_bottom_side,crop_bottom_side,26,image_final_norm,fx,gx,0.0,1,
3,val,crop_bottom_side,crop_bottom_side,26,image_final_norm,fgx,gfx,0.0,1,
3,val,crop_bottom_side,crop_bottom_side,173,image_final_norm,fx,gx,0.0,1,
3,val,crop_bottom_side,crop_bottom_side,173,image_final_norm,fgx,gfx,0.0,1,
3,val,crop_bottom_side,crop_bottom_side,242,image_final_norm,fx,gx,0.0,1,
3,val,crop_bottom_side,crop_bottom_side,242,image_final_norm,fgx,gfx,0.0,1,
3,val,crop_bottom_side,crop_bottom_side,250,image_final_norm,fx,gx,0.0,1,
3,val,crop_bottom_side,crop_bottom_side,250,image_final_norm,fgx,gfx,0.0,1,
3,val,crop_bottom_side,crop_bottom_side,216,image_final_norm,fx,gx,0.0,1,
3,val,crop_bottom_side,crop_bottom_side,216,image_final_norm,fgx,gfx,0.0,1,
3,val,crop_bottom_side,crop_bottom_side,294,image_final_norm,fx,gx,0.0,1,
3,val,crop_bottom_side,crop_bottom_side,294,image_final_norm,fgx,gfx,0.0,1,
3,val,crop_bottom_side,crop_bottom_side,47,image_input_tokens,fx,gx,0.0,1,
3,val,crop_bottom_side,crop_bottom_side,47,image_input_tokens,fgx,gfx,0.0,1,
3,val,crop_bottom_side,crop_bottom_side,302,image_input_tokens,fx,gx,0.0,1,
3,val,crop_bottom_side,crop_bottom_side,302,image_input_tokens,fgx,gfx,0.0,1,
3,val,crop_bottom_side,crop_bottom_side,131,image_input_tokens,fx,gx,0.0,1,
3,val,crop_bottom_side,crop_bottom_side,131,image_input_tokens,fgx,gfx,0.0,1,
3,val,crop_bottom_side,crop_bottom_side,174,image_input_tokens,fx,gx,0.0,1,
3,val,crop_bottom_side,crop_bottom_side,174,image_input_tokens,fgx,gfx,0.0,1,
3,val,crop_bottom_side,crop_bottom_side,56,image_input_tokens,fx,gx,0.0,1,
3,val,crop_bottom_side,crop_bottom_side,56,image_input_tokens,fgx,gfx,0.0,1,
3,val,crop_bottom_side,crop_bottom_side,146,image_input_tokens,fx,gx,0.0,1,
3,val,crop_bottom_side,crop_bottom_side,146,image_input_tokens,fgx,gfx,0.0,1,
3,val,crop_bottom_side,crop_bottom_side,165,image_input_tokens,fx,gx,0.0,1,
3,val,crop_bottom_side,crop_bottom_side,165,image_input_tokens,fgx,gfx,0.0,1,
3,val,crop_bottom_side,crop_bottom_side,203,image_input_tokens,fx,gx,0.0,1,
3,val,crop_bottom_side,crop_bottom_side,203,image_input_tokens,fgx,gfx,0.0,1,
3,val,crop_bottom_side,crop_bottom_side,150,image_input_tokens,fx,gx,0.0,1,
3,val,crop_bottom_side,crop_bottom_side,150,image_input_tokens,fgx,gfx,0.0,1,
3,val,crop_bottom_side,crop_bottom_side,77,image_input_tokens,fx,gx,0.0,1,
3,val,crop_bottom_side,crop_bottom_side,77,image_input_tokens,fgx,gfx,0.0,1,
3,val,crop_bottom_side,crop_bottom_side,248,image_input_tokens,fx,gx,0.0,1,
3,val,crop_bottom_side,crop_bottom_side,248,image_input_tokens,fgx,gfx,0.0,1,
3,val,crop_bottom_side,crop_bottom_side,19,image_input_tokens,fx,gx,0.0,1,
3,val,crop_bottom_side,crop_bottom_side,19,image_input_tokens,fgx,gfx,0.0,1,
3,val,crop_bottom_side,crop_bottom_side,98,image_input_tokens,fx,gx,0.0,1,
3,val,crop_bottom_side,crop_bottom_side,98,image_input_tokens,fgx,gfx,0.0,1,
3,val,crop_bottom_side,crop_bottom_side,332,image_input_tokens,fx,gx,0.0,1,
3,val,crop_bottom_side,crop_bottom_side,332,image_input_tokens,fgx,gfx,0.0,1,
3,val,crop_bottom_side,crop_bottom_side,260,image_input_tokens,fx,gx,0.0,1,
3,val,crop_bottom_side,crop_bottom_side,260,image_input_tokens,fgx,gfx,0.0,1,
3,val,crop_bottom_side,crop_bottom_side,266,image_input_tokens,fx,gx,0.0,1,
3,val,crop_bottom_side,crop_bottom_side,266,image_input_tokens,fgx,gfx,0.0,1,
3,val,crop_bottom_side,crop_bottom_side,47,image_block_01,fx,gx,0.0,1,
3,val,crop_bottom_side,crop_bottom_side,47,image_block_01,fgx,gfx,0.0,1,
3,val,crop_bottom_side,crop_bottom_side,302,image_block_01,fx,gx,0.0,1,
3,val,crop_bottom_side,crop_bottom_side,302,image_block_01,fgx,gfx,0.0,1,
3,val,crop_bottom_side,crop_bottom_side,131,image_block_01,fx,gx,0.0,1,
3,val,crop_bottom_side,crop_bottom_side,131,image_block_01,fgx,gfx,0.0,1,
3,val,crop_bottom_side,crop_bottom_side,174,image_block_01,fx,gx,0.0,1,
3,val,crop_bottom_side,crop_bottom_side,174,image_block_01,fgx,gfx,0.0,1,
3,val,crop_bottom_side,crop_bottom_side,56,image_block_01,fx,gx,0.0,1,
3,val,crop_bottom_side,crop_bottom_side,56,image_block_01,fgx,gfx,0.0,1,
3,val,crop_bottom_side,crop_bottom_side,146,image_block_01,fx,gx,0.0,1,
3,val,crop_bottom_side,crop_bottom_side,146,image_block_01,fgx,gfx,0.0,1,
3,val,crop_bottom_side,crop_bottom_side,165,image_block_01,fx,gx,0.0,1,
3,val,crop_bottom_side,crop_bottom_side,165,image_block_01,fgx,gfx,0.0,1,
3,val,crop_bottom_side,crop_bottom_side,203,image_block_01,fx,gx,0.0,1,
3,val,crop_bottom_side,crop_bottom_side,203,image_block_01,fgx,gfx,0.0,1,
3,val,crop_bottom_side,crop_bottom_side,150,image_block_01,fx,gx,0.0,1,
3,val,crop_bottom_side,crop_bottom_side,150,image_block_01,fgx,gfx,0.0,1,
3,val,crop_bottom_side,crop_bottom_side,77,image_block_01,fx,gx,0.0,1,
3,val,crop_bottom_side,crop_bottom_side,77,image_block_01,fgx,gfx,0.0,1,
3,val,crop_bottom_side,crop_bottom_side,248,image_block_01,fx,gx,0.0,1,
3,val,crop_bottom_side,crop_bottom_side,248,image_block_01,fgx,gfx,0.0,1,
3,val,crop_bottom_side,crop_bottom_side,19,image_block_01,fx,gx,0.0,1,
3,val,crop_bottom_side,crop_bottom_side,19,image_block_01,fgx,gfx,0.0,1,
3,val,crop_bottom_side,crop_bottom_side,98,image_block_01,fx,gx,0.0,1,
3,val,crop_bottom_side,crop_bottom_side,98,image_block_01,fgx,gfx,0.0,1,
3,val,crop_bottom_side,crop_bottom_side,332,image_block_01,fx,gx,0.0,1,
3,val,crop_bottom_side,crop_bottom_side,332,image_block_01,fgx,gfx,0.0,1,
3,val,crop_bottom_side,crop_bottom_side,260,image_block_01,fx,gx,0.0,1,
3,val,crop_bottom_side,crop_bottom_side,260,image_block_01,fgx,gfx,0.0,1,
3,val,crop_bottom_side,crop_bottom_side,266,image_block_01,fx,gx,0.0,1,
3,val,crop_bottom_side,crop_bottom_side,266,image_block_01,fgx,gfx,0.0,1,
3,val,crop_bottom_side,crop_bottom_side,47,image_block_02,fx,gx,0.0,1,
3,val,crop_bottom_side,crop_bottom_side,47,image_block_02,fgx,gfx,0.0,1,
3,val,crop_bottom_side,crop_bottom_side,302,image_block_02,fx,gx,0.0,1,
3,val,crop_bottom_side,crop_bottom_side,302,image_block_02,fgx,gfx,0.0,1,
3,val,crop_bottom_side,crop_bottom_side,131,image_block_02,fx,gx,0.0,1,
3,val,crop_bottom_side,crop_bottom_side,131,image_block_02,fgx,gfx,0.0,1,
3,val,crop_bottom_side,crop_bottom_side,174,image_block_02,fx,gx,0.0,1,
3,val,crop_bottom_side,crop_bottom_side,174,image_block_02,fgx,gfx,0.0,1,
3,val,crop_bottom_side,crop_bottom_side,56,image_block_02,fx,gx,0.0,1,
3,val,crop_bottom_side,crop_bottom_side,56,image_block_02,fgx,gfx,0.0,1,
3,val,crop_bottom_side,crop_bottom_side,146,image_block_02,fx,gx,0.0,1,
3,val,crop_bottom_side,crop_bottom_side,146,image_block_02,fgx,gfx,0.0,1,
3,val,crop_bottom_side,crop_bottom_side,165,image_block_02,fx,gx,0.0,1,
3,val,crop_bottom_side,crop_bottom_side,165,image_block_02,fgx,gfx,0.0,1,
3,val,crop_bottom_side,crop_bottom_side,203,image_block_02,fx,gx,0.0,1,
3,val,crop_bottom_side,crop_bottom_side,203,image_block_02,fgx,gfx,0.0,1,
3,val,crop_bottom_side,crop_bottom_side,150,image_block_02,fx,gx,0.0,1,
3,val,crop_bottom_side,crop_bottom_side,150,image_block_02,fgx,gfx,0.0,1,
3,val,crop_bottom_side,crop_bottom_side,77,image_block_02,fx,gx,0.0,1,
3,val,crop_bottom_side,crop_bottom_side,77,image_block_02,fgx,gfx,0.0,1,
3,val,crop_bottom_side,crop_bottom_side,248,image_block_02,fx,gx,0.0,1,
3,val,crop_bottom_side,crop_bottom_side,248,image_block_02,fgx,gfx,0.0,1,
3,val,crop_bottom_side,crop_bottom_side,19,image_block_02,fx,gx,0.0,1,
3,val,crop_bottom_side,crop_bottom_side,19,image_block_02,fgx,gfx,0.0,1,
3,val,crop_bottom_side,crop_bottom_side,98,image_block_02,fx,gx,0.0,1,
3,val,crop_bottom_side,crop_bottom_side,98,image_block_02,fgx,gfx,0.0,1,
3,val,crop_bottom_side,crop_bottom_side,332,image_block_02,fx,gx,0.0,1,
3,val,crop_bottom_side,crop_bottom_side,332,image_block_02,fgx,gfx,0.0,1,
3,val,crop_bottom_side,crop_bottom_side,260,image_block_02,fx,gx,0.0,1,
3,val,crop_bottom_side,crop_bottom_side,260,image_block_02,fgx,gfx,0.0,1,
3,val,crop_bottom_side,crop_bottom_side,266,image_block_02,fx,gx,0.0,1,
3,val,crop_bottom_side,crop_bottom_side,266,image_block_02,fgx,gfx,0.0,1,
3,val,crop_bottom_side,crop_bottom_side,47,image_block_03,fx,gx,0.0,1,
3,val,crop_bottom_side,crop_bottom_side,47,image_block_03,fgx,gfx,0.0,1,
3,val,crop_bottom_side,crop_bottom_side,302,image_block_03,fx,gx,0.0,1,
3,val,crop_bottom_side,crop_bottom_side,302,image_block_03,fgx,gfx,0.0,1,
3,val,crop_bottom_side,crop_bottom_side,131,image_block_03,fx,gx,0.0,1,
3,val,crop_bottom_side,crop_bottom_side,131,image_block_03,fgx,gfx,0.0,1,
3,val,crop_bottom_side,crop_bottom_side,174,image_block_03,fx,gx,0.0,1,
3,val,crop_bottom_side,crop_bottom_side,174,image_block_03,fgx,gfx,0.0,1,
3,val,crop_bottom_side,crop_bottom_side,56,image_block_03,fx,gx,0.0,1,
3,val,crop_bottom_side,crop_bottom_side,56,image_block_03,fgx,gfx,0.0,1,
3,val,crop_bottom_side,crop_bottom_side,146,image_block_03,fx,gx,0.0,1,
3,val,crop_bottom_side,crop_bottom_side,146,image_block_03,fgx,gfx,0.0,1,
3,val,crop_bottom_side,crop_bottom_side,165,image_block_03,fx,gx,0.0,1,
3,val,crop_bottom_side,crop_bottom_side,165,image_block_03,fgx,gfx,0.0,1,
3,val,crop_bottom_side,crop_bottom_side,203,image_block_03,fx,gx,0.0,1,
3,val,crop_bottom_side,crop_bottom_side,203,image_block_03,fgx,gfx,0.0,1,
3,val,crop_bottom_side,crop_bottom_side,150,image_block_03,fx,gx,0.0,1,
3,val,crop_bottom_side,crop_bottom_side,150,image_block_03,fgx,gfx,0.0,1,
3,val,crop_bottom_side,crop_bottom_side,77,image_block_03,fx,gx,0.0,1,
3,val,crop_bottom_side,crop_bottom_side,77,image_block_03,fgx,gfx,0.0,1,
3,val,crop_bottom_side,crop_bottom_side,248,image_block_03,fx,gx,0.0,1,
3,val,crop_bottom_side,crop_bottom_side,248,image_block_03,fgx,gfx,0.0,1,
3,val,crop_bottom_side,crop_bottom_side,19,image_block_03,fx,gx,0.0,1,
3,val,crop_bottom_side,crop_bottom_side,19,image_block_03,fgx,gfx,0.0,1,
3,val,crop_bottom_side,crop_bottom_side,98,image_block_03,fx,gx,0.0,1,
3,val,crop_bottom_side,crop_bottom_side,98,image_block_03,fgx,gfx,0.0,1,
3,val,crop_bottom_side,crop_bottom_side,332,image_block_03,fx,gx,0.0,1,
3,val,crop_bottom_side,crop_bottom_side,332,image_block_03,fgx,gfx,0.0,1,
3,val,crop_bottom_side,crop_bottom_side,260,image_block_03,fx,gx,0.0,1,
3,val,crop_bottom_side,crop_bottom_side,260,image_block_03,fgx,gfx,0.0,1,
3,val,crop_bottom_side,crop_bottom_side,266,image_block_03,fx,gx,0.0,1,
3,val,crop_bottom_side,crop_bottom_side,266,image_block_03,fgx,gfx,0.0,1,
3,val,crop_bottom_side,crop_bottom_side,47,image_block_04,fx,gx,0.0,1,
3,val,crop_bottom_side,crop_bottom_side,47,image_block_04,fgx,gfx,0.0,1,
3,val,crop_bottom_side,crop_bottom_side,302,image_block_04,fx,gx,0.0,1,
3,val,crop_bottom_side,crop_bottom_side,302,image_block_04,fgx,gfx,0.0,1,
3,val,crop_bottom_side,crop_bottom_side,131,image_block_04,fx,gx,0.0,1,
3,val,crop_bottom_side,crop_bottom_side,131,image_block_04,fgx,gfx,0.0,1,
3,val,crop_bottom_side,crop_bottom_side,174,image_block_04,fx,gx,0.0,1,
3,val,crop_bottom_side,crop_bottom_side,174,image_block_04,fgx,gfx,0.0,1,
3,val,crop_bottom_side,crop_bottom_side,56,image_block_04,fx,gx,0.0,1,
3,val,crop_bottom_side,crop_bottom_side,56,image_block_04,fgx,gfx,0.0,1,
3,val,crop_bottom_side,crop_bottom_side,146,image_block_04,fx,gx,0.0,1,
3,val,crop_bottom_side,crop_bottom_side,146,image_block_04,fgx,gfx,0.0,1,
3,val,crop_bottom_side,crop_bottom_side,165,image_block_04,fx,gx,0.0,1,
3,val,crop_bottom_side,crop_bottom_side,165,image_block_04,fgx,gfx,0.0,1,
3,val,crop_bottom_side,crop_bottom_side,203,image_block_04,fx,gx,0.0,1,
3,val,crop_bottom_side,crop_bottom_side,203,image_block_04,fgx,gfx,0.0,1,
3,val,crop_bottom_side,crop_bottom_side,150,image_block_04,fx,gx,0.0,1,
3,val,crop_bottom_side,crop_bottom_side,150,image_block_04,fgx,gfx,0.0,1,
3,val,crop_bottom_side,crop_bottom_side,77,image_block_04,fx,gx,0.0,1,
3,val,crop_bottom_side,crop_bottom_side,77,image_block_04,fgx,gfx,0.0,1,
3,val,crop_bottom_side,crop_bottom_side,248,image_block_04,fx,gx,0.0,1,
3,val,crop_bottom_side,crop_bottom_side,248,image_block_04,fgx,gfx,0.0,1,
3,val,crop_bottom_side,crop_bottom_side,19,image_block_04,fx,gx,0.0,1,
3,val,crop_bottom_side,crop_bottom_side,19,image_block_04,fgx,gfx,0.0,1,
3,val,crop_bottom_side,crop_bottom_side,98,image_block_04,fx,gx,0.0,1,
3,val,crop_bottom_side,crop_bottom_side,98,image_block_04,fgx,gfx,0.0,1,
3,val,crop_bottom_side,crop_bottom_side,332,image_block_04,fx,gx,0.0,1,
3,val,crop_bottom_side,crop_bottom_side,332,image_block_04,fgx,gfx,0.0,1,
3,val,crop_bottom_side,crop_bottom_side,260,image_block_04,fx,gx,0.0,1,
3,val,crop_bottom_side,crop_bottom_side,260,image_block_04,fgx,gfx,0.0,1,
3,val,crop_bottom_side,crop_bottom_side,266,image_block_04,fx,gx,0.0,1,
3,val,crop_bottom_side,crop_bottom_side,266,image_block_04,fgx,gfx,0.0,1,
3,val,crop_bottom_side,crop_bottom_side,47,image_block_05,fx,gx,0.0,1,
3,val,crop_bottom_side,crop_bottom_side,47,image_block_05,fgx,gfx,0.0,1,
3,val,crop_bottom_side,crop_bottom_side,302,image_block_05,fx,gx,0.0,1,
3,val,crop_bottom_side,crop_bottom_side,302,image_block_05,fgx,gfx,0.0,1,
3,val,crop_bottom_side,crop_bottom_side,131,image_block_05,fx,gx,0.0,1,
3,val,crop_bottom_side,crop_bottom_side,131,image_block_05,fgx,gfx,0.0,1,
3,val,crop_bottom_side,crop_bottom_side,174,image_block_05,fx,gx,0.0,1,
3,val,crop_bottom_side,crop_bottom_side,174,image_block_05,fgx,gfx,0.0,1,
3,val,crop_bottom_side,crop_bottom_side,56,image_block_05,fx,gx,0.0,1,
3,val,crop_bottom_side,crop_bottom_side,56,image_block_05,fgx,gfx,0.0,1,
3,val,crop_bottom_side,crop_bottom_side,146,image_block_05,fx,gx,0.0,1,
3,val,crop_bottom_side,crop_bottom_side,146,image_block_05,fgx,gfx,0.0,1,
3,val,crop_bottom_side,crop_bottom_side,165,image_block_05,fx,gx,0.0,1,
3,val,crop_bottom_side,crop_bottom_side,165,image_block_05,fgx,gfx,0.0,1,
3,val,crop_bottom_side,crop_bottom_side,203,image_block_05,fx,gx,0.0,1,
3,val,crop_bottom_side,crop_bottom_side,203,image_block_05,fgx,gfx,0.0,1,
3,val,crop_bottom_side,crop_bottom_side,150,image_block_05,fx,gx,0.0,1,
3,val,crop_bottom_side,crop_bottom_side,150,image_block_05,fgx,gfx,0.0,1,
3,val,crop_bottom_side,crop_bottom_side,77,image_block_05,fx,gx,0.0,1,
3,val,crop_bottom_side,crop_bottom_side,77,image_block_05,fgx,gfx,0.0,1,
3,val,crop_bottom_side,crop_bottom_side,248,image_block_05,fx,gx,0.0,1,
3,val,crop_bottom_side,crop_bottom_side,248,image_block_05,fgx,gfx,0.0,1,
3,val,crop_bottom_side,crop_bottom_side,19,image_block_05,fx,gx,0.0,1,
3,val,crop_bottom_side,crop_bottom_side,19,image_block_05,fgx,gfx,0.0,1,
3,val,crop_bottom_side,crop_bottom_side,98,image_block_05,fx,gx,0.0,1,
3,val,crop_bottom_side,crop_bottom_side,98,image_block_05,fgx,gfx,0.0,1,
3,val,crop_bottom_side,crop_bottom_side,332,image_block_05,fx,gx,0.0,1,
3,val,crop_bottom_side,crop_bottom_side,332,image_block_05,fgx,gfx,0.0,1,
3,val,crop_bottom_side,crop_bottom_side,260,image_block_05,fx,gx,0.0,1,
3,val,crop_bottom_side,crop_bottom_side,260,image_block_05,fgx,gfx,0.0,1,
3,val,crop_bottom_side,crop_bottom_side,266,image_block_05,fx,gx,0.0,1,
3,val,crop_bottom_side,crop_bottom_side,266,image_block_05,fgx,gfx,0.0,1,
3,val,crop_bottom_side,crop_bottom_side,47,image_block_06,fx,gx,0.0,1,
3,val,crop_bottom_side,crop_bottom_side,47,image_block_06,fgx,gfx,0.0,1,
3,val,crop_bottom_side,crop_bottom_side,302,image_block_06,fx,gx,0.0,1,
3,val,crop_bottom_side,crop_bottom_side,302,image_block_06,fgx,gfx,0.0,1,
3,val,crop_bottom_side,crop_bottom_side,131,image_block_06,fx,gx,0.0,1,
3,val,crop_bottom_side,crop_bottom_side,131,image_block_06,fgx,gfx,0.0,1,
3,val,crop_bottom_side,crop_bottom_side,174,image_block_06,fx,gx,0.0,1,
3,val,crop_bottom_side,crop_bottom_side,174,image_block_06,fgx,gfx,0.0,1,
3,val,crop_bottom_side,crop_bottom_side,56,image_block_06,fx,gx,0.0,1,
3,val,crop_bottom_side,crop_bottom_side,56,image_block_06,fgx,gfx,0.0,1,
3,val,crop_bottom_side,crop_bottom_side,146,image_block_06,fx,gx,0.0,1,
3,val,crop_bottom_side,crop_bottom_side,146,image_block_06,fgx,gfx,0.0,1,
3,val,crop_bottom_side,crop_bottom_side,165,image_block_06,fx,gx,0.0,1,
3,val,crop_bottom_side,crop_bottom_side,165,image_block_06,fgx,gfx,0.0,1,
3,val,crop_bottom_side,crop_bottom_side,203,image_block_06,fx,gx,0.0,1,
3,val,crop_bottom_side,crop_bottom_side,203,image_block_06,fgx,gfx,0.0,1,
3,val,crop_bottom_side,crop_bottom_side,150,image_block_06,fx,gx,0.0,1,
3,val,crop_bottom_side,crop_bottom_side,150,image_block_06,fgx,gfx,0.0,1,
3,val,crop_bottom_side,crop_bottom_side,77,image_block_06,fx,gx,0.0,1,
3,val,crop_bottom_side,crop_bottom_side,77,image_block_06,fgx,gfx,0.0,1,
3,val,crop_bottom_side,crop_bottom_side,248,image_block_06,fx,gx,0.0,1,
3,val,crop_bottom_side,crop_bottom_side,248,image_block_06,fgx,gfx,0.0,1,
3,val,crop_bottom_side,crop_bottom_side,19,image_block_06,fx,gx,0.0,1,
3,val,crop_bottom_side,crop_bottom_side,19,image_block_06,fgx,gfx,0.0,1,
3,val,crop_bottom_side,crop_bottom_side,98,image_block_06,fx,gx,0.0,1,
3,val,crop_bottom_side,crop_bottom_side,98,image_block_06,fgx,gfx,0.0,1,
3,val,crop_bottom_side,crop_bottom_side,332,image_block_06,fx,gx,0.0,1,
3,val,crop_bottom_side,crop_bottom_side,332,image_block_06,fgx,gfx,0.0,1,
3,val,crop_bottom_side,crop_bottom_side,260,image_block_06,fx,gx,0.0,1,
3,val,crop_bottom_side,crop_bottom_side,260,image_block_06,fgx,gfx,0.0,1,
3,val,crop_bottom_side,crop_bottom_side,266,image_block_06,fx,gx,0.0,1,
3,val,crop_bottom_side,crop_bottom_side,266,image_block_06,fgx,gfx,0.0,1,
3,val,crop_bottom_side,crop_bottom_side,47,image_final_norm,fx,gx,0.0,1,
3,val,crop_bottom_side,crop_bottom_side,47,image_final_norm,fgx,gfx,0.0,1,
3,val,crop_bottom_side,crop_bottom_side,302,image_final_norm,fx,gx,0.0,1,
3,val,crop_bottom_side,crop_bottom_side,302,image_final_norm,fgx,gfx,0.0,1,
3,val,crop_bottom_side,crop_bottom_side,131,image_final_norm,fx,gx,0.0,1,
3,val,crop_bottom_side,crop_bottom_side,131,image_final_norm,fgx,gfx,0.0,1,
3,val,crop_bottom_side,crop_bottom_side,174,image_final_norm,fx,gx,0.0,1,
3,val,crop_bottom_side,crop_bottom_side,174,image_final_norm,fgx,gfx,0.0,1,
3,val,crop_bottom_side,crop_bottom_side,56,image_final_norm,fx,gx,0.0,1,
3,val,crop_bottom_side,crop_bottom_side,56,image_final_norm,fgx,gfx,0.0,1,
3,val,crop_bottom_side,crop_bottom_side,146,image_final_norm,fx,gx,0.0,1,
3,val,crop_bottom_side,crop_bottom_side,146,image_final_norm,fgx,gfx,0.0,1,
3,val,crop_bottom_side,crop_bottom_side,165,image_final_norm,fx,gx,0.0,1,
3,val,crop_bottom_side,crop_bottom_side,165,image_final_norm,fgx,gfx,0.0,1,
3,val,crop_bottom_side,crop_bottom_side,203,image_final_norm,fx,gx,0.0,1,
3,val,crop_bottom_side,crop_bottom_side,203,image_final_norm,fgx,gfx,0.0,1,
3,val,crop_bottom_side,crop_bottom_side,150,image_final_norm,fx,gx,0.0,1,
3,val,crop_bottom_side,crop_bottom_side,150,image_final_norm,fgx,gfx,0.0,1,
3,val,crop_bottom_side,crop_bottom_side,77,image_final_norm,fx,gx,0.0,1,
3,val,crop_bottom_side,crop_bottom_side,77,image_final_norm,fgx,gfx,0.0,1,
3,val,crop_bottom_side,crop_bottom_side,248,image_final_norm,fx,gx,0.0,1,
3,val,crop_bottom_side,crop_bottom_side,248,image_final_norm,fgx,gfx,0.0,1,
3,val,crop_bottom_side,crop_bottom_side,19,image_final_norm,fx,gx,0.0,1,
3,val,crop_bottom_side,crop_bottom_side,19,image_final_norm,fgx,gfx,0.0,1,
3,val,crop_bottom_side,crop_bottom_side,98,image_final_norm,fx,gx,0.0,1,
3,val,crop_bottom_side,crop_bottom_side,98,image_final_norm,fgx,gfx,0.0,1,
3,val,crop_bottom_side,crop_bottom_side,332,image_final_norm,fx,gx,0.0,1,
3,val,crop_bottom_side,crop_bottom_side,332,image_final_norm,fgx,gfx,0.0,1,
3,val,crop_bottom_side,crop_bottom_side,260,image_final_norm,fx,gx,0.0,1,
3,val,crop_bottom_side,crop_bottom_side,260,image_final_norm,fgx,gfx,0.0,1,
3,val,crop_bottom_side,crop_bottom_side,266,image_final_norm,fx,gx,0.0,1,
3,val,crop_bottom_side,crop_bottom_side,266,image_final_norm,fgx,gfx,0.0,1,
3,val,crop_bottom_side,crop_bottom_side,82,image_input_tokens,fx,gx,0.0,1,
3,val,crop_bottom_side,crop_bottom_side,82,image_input_tokens,fgx,gfx,0.0,1,
3,val,crop_bottom_side,crop_bottom_side,228,image_input_tokens,fx,gx,0.0,1,
3,val,crop_bottom_side,crop_bottom_side,228,image_input_tokens,fgx,gfx,0.0,1,
3,val,crop_bottom_side,crop_bottom_side,296,image_input_tokens,fx,gx,0.0,1,
3,val,crop_bottom_side,crop_bottom_side,296,image_input_tokens,fgx,gfx,0.0,1,
3,val,crop_bottom_side,crop_bottom_side,153,image_input_tokens,fx,gx,0.0,1,
3,val,crop_bottom_side,crop_bottom_side,153,image_input_tokens,fgx,gfx,0.0,1,
3,val,crop_bottom_side,crop_bottom_side,115,image_input_tokens,fx,gx,0.0,1,
3,val,crop_bottom_side,crop_bottom_side,115,image_input_tokens,fgx,gfx,0.0,1,
3,val,crop_bottom_side,crop_bottom_side,305,image_input_tokens,fx,gx,0.0,1,
3,val,crop_bottom_side,crop_bottom_side,305,image_input_tokens,fgx,gfx,0.0,1,
3,val,crop_bottom_side,crop_bottom_side,219,image_input_tokens,fx,gx,0.0,1,
3,val,crop_bottom_side,crop_bottom_side,219,image_input_tokens,fgx,gfx,0.0,1,
3,val,crop_bottom_side,crop_bottom_side,24,image_input_tokens,fx,gx,0.0,1,
3,val,crop_bottom_side,crop_bottom_side,24,image_input_tokens,fgx,gfx,0.0,1,
3,val,crop_bottom_side,crop_bottom_side,164,image_input_tokens,fx,gx,0.0,1,
3,val,crop_bottom_side,crop_bottom_side,164,image_input_tokens,fgx,gfx,0.0,1,
3,val,crop_bottom_side,crop_bottom_side,51,image_input_tokens,fx,gx,0.0,1,
3,val,crop_bottom_side,crop_bottom_side,51,image_input_tokens,fgx,gfx,0.0,1,
3,val,crop_bottom_side,crop_bottom_side,145,image_input_tokens,fx,gx,0.0,1,
3,val,crop_bottom_side,crop_bottom_side,145,image_input_tokens,fgx,gfx,0.0,1,
3,val,crop_bottom_side,crop_bottom_side,107,image_input_tokens,fx,gx,0.0,1,
3,val,crop_bottom_side,crop_bottom_side,107,image_input_tokens,fgx,gfx,0.0,1,
3,val,crop_bottom_side,crop_bottom_side,154,image_input_tokens,fx,gx,0.0,1,
3,val,crop_bottom_side,crop_bottom_side,154,image_input_tokens,fgx,gfx,0.0,1,
3,val,crop_bottom_side,crop_bottom_side,33,image_input_tokens,fx,gx,0.0,1,
3,val,crop_bottom_side,crop_bottom_side,33,image_input_tokens,fgx,gfx,0.0,1,
3,val,crop_bottom_side,crop_bottom_side,127,image_input_tokens,fx,gx,0.0,1,
3,val,crop_bottom_side,crop_bottom_side,127,image_input_tokens,fgx,gfx,0.0,1,
3,val,crop_bottom_side,crop_bottom_side,251,image_input_tokens,fx,gx,0.0,1,
3,val,crop_bottom_side,crop_bottom_side,251,image_input_tokens,fgx,gfx,0.0,1,
3,val,crop_bottom_side,crop_bottom_side,82,image_block_01,fx,gx,0.0,1,
3,val,crop_bottom_side,crop_bottom_side,82,image_block_01,fgx,gfx,0.0,1,
3,val,crop_bottom_side,crop_bottom_side,228,image_block_01,fx,gx,0.0,1,
3,val,crop_bottom_side,crop_bottom_side,228,image_block_01,fgx,gfx,0.0,1,
3,val,crop_bottom_side,crop_bottom_side,296,image_block_01,fx,gx,0.0,1,
3,val,crop_bottom_side,crop_bottom_side,296,image_block_01,fgx,gfx,0.0,1,
3,val,crop_bottom_side,crop_bottom_side,153,image_block_01,fx,gx,0.0,1,
3,val,crop_bottom_side,crop_bottom_side,153,image_block_01,fgx,gfx,0.0,1,
3,val,crop_bottom_side,crop_bottom_side,115,image_block_01,fx,gx,0.0,1,
3,val,crop_bottom_side,crop_bottom_side,115,image_block_01,fgx,gfx,0.0,1,
3,val,crop_bottom_side,crop_bottom_side,305,image_block_01,fx,gx,0.0,1,
3,val,crop_bottom_side,crop_bottom_side,305,image_block_01,fgx,gfx,0.0,1,
3,val,crop_bottom_side,crop_bottom_side,219,image_block_01,fx,gx,0.0,1,
3,val,crop_bottom_side,crop_bottom_side,219,image_block_01,fgx,gfx,0.0,1,
3,val,crop_bottom_side,crop_bottom_side,24,image_block_01,fx,gx,0.0,1,
3,val,crop_bottom_side,crop_bottom_side,24,image_block_01,fgx,gfx,0.0,1,
3,val,crop_bottom_side,crop_bottom_side,164,image_block_01,fx,gx,0.0,1,
3,val,crop_bottom_side,crop_bottom_side,164,image_block_01,fgx,gfx,0.0,1,
3,val,crop_bottom_side,crop_bottom_side,51,image_block_01,fx,gx,0.0,1,
3,val,crop_bottom_side,crop_bottom_side,51,image_block_01,fgx,gfx,0.0,1,
3,val,crop_bottom_side,crop_bottom_side,145,image_block_01,fx,gx,0.0,1,
3,val,crop_bottom_side,crop_bottom_side,145,image_block_01,fgx,gfx,0.0,1,
3,val,crop_bottom_side,crop_bottom_side,107,image_block_01,fx,gx,0.0,1,
3,val,crop_bottom_side,crop_bottom_side,107,image_block_01,fgx,gfx,0.0,1,
3,val,crop_bottom_side,crop_bottom_side,154,image_block_01,fx,gx,0.0,1,
3,val,crop_bottom_side,crop_bottom_side,154,image_block_01,fgx,gfx,0.0,1,
3,val,crop_bottom_side,crop_bottom_side,33,image_block_01,fx,gx,0.0,1,
3,val,crop_bottom_side,crop_bottom_side,33,image_block_01,fgx,gfx,0.0,1,
3,val,crop_bottom_side,crop_bottom_side,127,image_block_01,fx,gx,0.0,1,
3,val,crop_bottom_side,crop_bottom_side,127,image_block_01,fgx,gfx,0.0,1,
3,val,crop_bottom_side,crop_bottom_side,251,image_block_01,fx,gx,0.0,1,
3,val,crop_bottom_side,crop_bottom_side,251,image_block_01,fgx,gfx,0.0,1,
3,val,crop_bottom_side,crop_bottom_side,82,image_block_02,fx,gx,0.0,1,
3,val,crop_bottom_side,crop_bottom_side,82,image_block_02,fgx,gfx,0.0,1,
3,val,crop_bottom_side,crop_bottom_side,228,image_block_02,fx,gx,0.0,1,
3,val,crop_bottom_side,crop_bottom_side,228,image_block_02,fgx,gfx,0.0,1,
3,val,crop_bottom_side,crop_bottom_side,296,image_block_02,fx,gx,0.0,1,
3,val,crop_bottom_side,crop_bottom_side,296,image_block_02,fgx,gfx,0.0,1,
3,val,crop_bottom_side,crop_bottom_side,153,image_block_02,fx,gx,0.0,1,
3,val,crop_bottom_side,crop_bottom_side,153,image_block_02,fgx,gfx,0.0,1,
3,val,crop_bottom_side,crop_bottom_side,115,image_block_02,fx,gx,0.0,1,
3,val,crop_bottom_side,crop_bottom_side,115,image_block_02,fgx,gfx,0.0,1,
3,val,crop_bottom_side,crop_bottom_side,305,image_block_02,fx,gx,0.0,1,
3,val,crop_bottom_side,crop_bottom_side,305,image_block_02,fgx,gfx,0.0,1,
3,val,crop_bottom_side,crop_bottom_side,219,image_block_02,fx,gx,0.0,1,
3,val,crop_bottom_side,crop_bottom_side,219,image_block_02,fgx,gfx,0.0,1,
3,val,crop_bottom_side,crop_bottom_side,24,image_block_02,fx,gx,0.0,1,
3,val,crop_bottom_side,crop_bottom_side,24,image_block_02,fgx,gfx,0.0,1,
3,val,crop_bottom_side,crop_bottom_side,164,image_block_02,fx,gx,0.0,1,
3,val,crop_bottom_side,crop_bottom_side,164,image_block_02,fgx,gfx,0.0,1,
3,val,crop_bottom_side,crop_bottom_side,51,image_block_02,fx,gx,0.0,1,
3,val,crop_bottom_side,crop_bottom_side,51,image_block_02,fgx,gfx,0.0,1,
3,val,crop_bottom_side,crop_bottom_side,145,image_block_02,fx,gx,0.0,1,
3,val,crop_bottom_side,crop_bottom_side,145,image_block_02,fgx,gfx,0.0,1,
3,val,crop_bottom_side,crop_bottom_side,107,image_block_02,fx,gx,0.0,1,
3,val,crop_bottom_side,crop_bottom_side,107,image_block_02,fgx,gfx,0.0,1,
3,val,crop_bottom_side,crop_bottom_side,154,image_block_02,fx,gx,0.0,1,
3,val,crop_bottom_side,crop_bottom_side,154,image_block_02,fgx,gfx,0.0,1,
3,val,crop_bottom_side,crop_bottom_side,33,image_block_02,fx,gx,0.0,1,
3,val,crop_bottom_side,crop_bottom_side,33,image_block_02,fgx,gfx,0.0,1,
3,val,crop_bottom_side,crop_bottom_side,127,image_block_02,fx,gx,0.0,1,
3,val,crop_bottom_side,crop_bottom_side,127,image_block_02,fgx,gfx,0.0,1,
3,val,crop_bottom_side,crop_bottom_side,251,image_block_02,fx,gx,0.0,1,
3,val,crop_bottom_side,crop_bottom_side,251,image_block_02,fgx,gfx,0.0,1,
3,val,crop_bottom_side,crop_bottom_side,82,image_block_03,fx,gx,0.0,1,
3,val,crop_bottom_side,crop_bottom_side,82,image_block_03,fgx,gfx,0.0,1,
3,val,crop_bottom_side,crop_bottom_side,228,image_block_03,fx,gx,0.0,1,
3,val,crop_bottom_side,crop_bottom_side,228,image_block_03,fgx,gfx,0.0,1,
3,val,crop_bottom_side,crop_bottom_side,296,image_block_03,fx,gx,0.0,1,
3,val,crop_bottom_side,crop_bottom_side,296,image_block_03,fgx,gfx,0.0,1,
3,val,crop_bottom_side,crop_bottom_side,153,image_block_03,fx,gx,0.0,1,
3,val,crop_bottom_side,crop_bottom_side,153,image_block_03,fgx,gfx,0.0,1,
3,val,crop_bottom_side,crop_bottom_side,115,image_block_03,fx,gx,0.0,1,
3,val,crop_bottom_side,crop_bottom_side,115,image_block_03,fgx,gfx,0.0,1,
3,val,crop_bottom_side,crop_bottom_side,305,image_block_03,fx,gx,0.0,1,
3,val,crop_bottom_side,crop_bottom_side,305,image_block_03,fgx,gfx,0.0,1,
3,val,crop_bottom_side,crop_bottom_side,219,image_block_03,fx,gx,0.0,1,
3,val,crop_bottom_side,crop_bottom_side,219,image_block_03,fgx,gfx,0.0,1,
3,val,crop_bottom_side,crop_bottom_side,24,image_block_03,fx,gx,0.0,1,
3,val,crop_bottom_side,crop_bottom_side,24,image_block_03,fgx,gfx,0.0,1,
3,val,crop_bottom_side,crop_bottom_side,164,image_block_03,fx,gx,0.0,1,
3,val,crop_bottom_side,crop_bottom_side,164,image_block_03,fgx,gfx,0.0,1,
3,val,crop_bottom_side,crop_bottom_side,51,image_block_03,fx,gx,0.0,1,
3,val,crop_bottom_side,crop_bottom_side,51,image_block_03,fgx,gfx,0.0,1,
3,val,crop_bottom_side,crop_bottom_side,145,image_block_03,fx,gx,0.0,1,
3,val,crop_bottom_side,crop_bottom_side,145,image_block_03,fgx,gfx,0.0,1,
3,val,crop_bottom_side,crop_bottom_side,107,image_block_03,fx,gx,0.0,1,
3,val,crop_bottom_side,crop_bottom_side,107,image_block_03,fgx,gfx,0.0,1,
3,val,crop_bottom_side,crop_bottom_side,154,image_block_03,fx,gx,0.0,1,
3,val,crop_bottom_side,crop_bottom_side,154,image_block_03,fgx,gfx,0.0,1,
3,val,crop_bottom_side,crop_bottom_side,33,image_block_03,fx,gx,0.0,1,
3,val,crop_bottom_side,crop_bottom_side,33,image_block_03,fgx,gfx,0.0,1,
3,val,crop_bottom_side,crop_bottom_side,127,image_block_03,fx,gx,0.0,1,
3,val,crop_bottom_side,crop_bottom_side,127,image_block_03,fgx,gfx,0.0,1,
3,val,crop_bottom_side,crop_bottom_side,251,image_block_03,fx,gx,0.0,1,
3,val,crop_bottom_side,crop_bottom_side,251,image_block_03,fgx,gfx,0.0,1,
3,val,crop_bottom_side,crop_bottom_side,82,image_block_04,fx,gx,0.0,1,
3,val,crop_bottom_side,crop_bottom_side,82,image_block_04,fgx,gfx,0.0,1,
3,val,crop_bottom_side,crop_bottom_side,228,image_block_04,fx,gx,0.0,1,
3,val,crop_bottom_side,crop_bottom_side,228,image_block_04,fgx,gfx,0.0,1,
3,val,crop_bottom_side,crop_bottom_side,296,image_block_04,fx,gx,0.0,1,
3,val,crop_bottom_side,crop_bottom_side,296,image_block_04,fgx,gfx,0.0,1,
3,val,crop_bottom_side,crop_bottom_side,153,image_block_04,fx,gx,0.0,1,
3,val,crop_bottom_side,crop_bottom_side,153,image_block_04,fgx,gfx,0.0,1,
3,val,crop_bottom_side,crop_bottom_side,115,image_block_04,fx,gx,0.0,1,
3,val,crop_bottom_side,crop_bottom_side,115,image_block_04,fgx,gfx,0.0,1,
3,val,crop_bottom_side,crop_bottom_side,305,image_block_04,fx,gx,0.0,1,
3,val,crop_bottom_side,crop_bottom_side,305,image_block_04,fgx,gfx,0.0,1,
3,val,crop_bottom_side,crop_bottom_side,219,image_block_04,fx,gx,0.0,1,
3,val,crop_bottom_side,crop_bottom_side,219,image_block_04,fgx,gfx,0.0,1,
3,val,crop_bottom_side,crop_bottom_side,24,image_block_04,fx,gx,0.0,1,
3,val,crop_bottom_side,crop_bottom_side,24,image_block_04,fgx,gfx,0.0,1,
3,val,crop_bottom_side,crop_bottom_side,164,image_block_04,fx,gx,0.0,1,
3,val,crop_bottom_side,crop_bottom_side,164,image_block_04,fgx,gfx,0.0,1,
3,val,crop_bottom_side,crop_bottom_side,51,image_block_04,fx,gx,0.0,1,
3,val,crop_bottom_side,crop_bottom_side,51,image_block_04,fgx,gfx,0.0,1,
3,val,crop_bottom_side,crop_bottom_side,145,image_block_04,fx,gx,0.0,1,
3,val,crop_bottom_side,crop_bottom_side,145,image_block_04,fgx,gfx,0.0,1,
3,val,crop_bottom_side,crop_bottom_side,107,image_block_04,fx,gx,0.0,1,
3,val,crop_bottom_side,crop_bottom_side,107,image_block_04,fgx,gfx,0.0,1,
3,val,crop_bottom_side,crop_bottom_side,154,image_block_04,fx,gx,0.0,1,
3,val,crop_bottom_side,crop_bottom_side,154,image_block_04,fgx,gfx,0.0,1,
3,val,crop_bottom_side,crop_bottom_side,33,image_block_04,fx,gx,0.0,1,
3,val,crop_bottom_side,crop_bottom_side,33,image_block_04,fgx,gfx,0.0,1,
3,val,crop_bottom_side,crop_bottom_side,127,image_block_04,fx,gx,0.0,1,
3,val,crop_bottom_side,crop_bottom_side,127,image_block_04,fgx,gfx,0.0,1,
3,val,crop_bottom_side,crop_bottom_side,251,image_block_04,fx,gx,0.0,1,
3,val,crop_bottom_side,crop_bottom_side,251,image_block_04,fgx,gfx,0.0,1,
3,val,crop_bottom_side,crop_bottom_side,82,image_block_05,fx,gx,0.0,1,
3,val,crop_bottom_side,crop_bottom_side,82,image_block_05,fgx,gfx,0.0,1,
3,val,crop_bottom_side,crop_bottom_side,228,image_block_05,fx,gx,0.0,1,
3,val,crop_bottom_side,crop_bottom_side,228,image_block_05,fgx,gfx,0.0,1,
3,val,crop_bottom_side,crop_bottom_side,296,image_block_05,fx,gx,0.0,1,
3,val,crop_bottom_side,crop_bottom_side,296,image_block_05,fgx,gfx,0.0,1,
3,val,crop_bottom_side,crop_bottom_side,153,image_block_05,fx,gx,0.0,1,
3,val,crop_bottom_side,crop_bottom_side,153,image_block_05,fgx,gfx,0.0,1,
3,val,crop_bottom_side,crop_bottom_side,115,image_block_05,fx,gx,0.0,1,
3,val,crop_bottom_side,crop_bottom_side,115,image_block_05,fgx,gfx,0.0,1,
3,val,crop_bottom_side,crop_bottom_side,305,image_block_05,fx,gx,0.0,1,
3,val,crop_bottom_side,crop_bottom_side,305,image_block_05,fgx,gfx,0.0,1,
3,val,crop_bottom_side,crop_bottom_side,219,image_block_05,fx,gx,0.0,1,
3,val,crop_bottom_side,crop_bottom_side,219,image_block_05,fgx,gfx,0.0,1,
3,val,crop_bottom_side,crop_bottom_side,24,image_block_05,fx,gx,0.0,1,
3,val,crop_bottom_side,crop_bottom_side,24,image_block_05,fgx,gfx,0.0,1,
3,val,crop_bottom_side,crop_bottom_side,164,image_block_05,fx,gx,0.0,1,
3,val,crop_bottom_side,crop_bottom_side,164,image_block_05,fgx,gfx,0.0,1,
3,val,crop_bottom_side,crop_bottom_side,51,image_block_05,fx,gx,0.0,1,
3,val,crop_bottom_side,crop_bottom_side,51,image_block_05,fgx,gfx,0.0,1,
3,val,crop_bottom_side,crop_bottom_side,145,image_block_05,fx,gx,0.0,1,
3,val,crop_bottom_side,crop_bottom_side,145,image_block_05,fgx,gfx,0.0,1,
3,val,crop_bottom_side,crop_bottom_side,107,image_block_05,fx,gx,0.0,1,
3,val,crop_bottom_side,crop_bottom_side,107,image_block_05,fgx,gfx,0.0,1,
3,val,crop_bottom_side,crop_bottom_side,154,image_block_05,fx,gx,0.0,1,
3,val,crop_bottom_side,crop_bottom_side,154,image_block_05,fgx,gfx,0.0,1,
3,val,crop_bottom_side,crop_bottom_side,33,image_block_05,fx,gx,0.0,1,
3,val,crop_bottom_side,crop_bottom_side,33,image_block_05,fgx,gfx,0.0,1,
3,val,crop_bottom_side,crop_bottom_side,127,image_block_05,fx,gx,0.0,1,
3,val,crop_bottom_side,crop_bottom_side,127,image_block_05,fgx,gfx,0.0,1,
3,val,crop_bottom_side,crop_bottom_side,251,image_block_05,fx,gx,0.0,1,
3,val,crop_bottom_side,crop_bottom_side,251,image_block_05,fgx,gfx,0.0,1,
3,val,crop_bottom_side,crop_bottom_side,82,image_block_06,fx,gx,0.0,1,
3,val,crop_bottom_side,crop_bottom_side,82,image_block_06,fgx,gfx,0.0,1,
3,val,crop_bottom_side,crop_bottom_side,228,image_block_06,fx,gx,0.0,1,
3,val,crop_bottom_side,crop_bottom_side,228,image_block_06,fgx,gfx,0.0,1,
3,val,crop_bottom_side,crop_bottom_side,296,image_block_06,fx,gx,0.0,1,
3,val,crop_bottom_side,crop_bottom_side,296,image_block_06,fgx,gfx,0.0,1,
3,val,crop_bottom_side,crop_bottom_side,153,image_block_06,fx,gx,0.0,1,
3,val,crop_bottom_side,crop_bottom_side,153,image_block_06,fgx,gfx,0.0,1,
3,val,crop_bottom_side,crop_bottom_side,115,image_block_06,fx,gx,0.0,1,
3,val,crop_bottom_side,crop_bottom_side,115,image_block_06,fgx,gfx,0.0,1,
3,val,crop_bottom_side,crop_bottom_side,305,image_block_06,fx,gx,0.0,1,
3,val,crop_bottom_side,crop_bottom_side,305,image_block_06,fgx,gfx,0.0,1,
3,val,crop_bottom_side,crop_bottom_side,219,image_block_06,fx,gx,0.0,1,
3,val,crop_bottom_side,crop_bottom_side,219,image_block_06,fgx,gfx,0.0,1,
3,val,crop_bottom_side,crop_bottom_side,24,image_block_06,fx,gx,0.0,1,
3,val,crop_bottom_side,crop_bottom_side,24,image_block_06,fgx,gfx,0.0,1,
3,val,crop_bottom_side,crop_bottom_side,164,image_block_06,fx,gx,0.0,1,
3,val,crop_bottom_side,crop_bottom_side,164,image_block_06,fgx,gfx,0.0,1,
3,val,crop_bottom_side,crop_bottom_side,51,image_block_06,fx,gx,0.0,1,
3,val,crop_bottom_side,crop_bottom_side,51,image_block_06,fgx,gfx,0.0,1,
3,val,crop_bottom_side,crop_bottom_side,145,image_block_06,fx,gx,0.0,1,
3,val,crop_bottom_side,crop_bottom_side,145,image_block_06,fgx,gfx,0.0,1,
3,val,crop_bottom_side,crop_bottom_side,107,image_block_06,fx,gx,0.0,1,
3,val,crop_bottom_side,crop_bottom_side,107,image_block_06,fgx,gfx,0.0,1,
3,val,crop_bottom_side,crop_bottom_side,154,image_block_06,fx,gx,0.0,1,
3,val,crop_bottom_side,crop_bottom_side,154,image_block_06,fgx,gfx,0.0,1,
3,val,crop_bottom_side,crop_bottom_side,33,image_block_06,fx,gx,0.0,1,
3,val,crop_bottom_side,crop_bottom_side,33,image_block_06,fgx,gfx,0.0,1,
3,val,crop_bottom_side,crop_bottom_side,127,image_block_06,fx,gx,0.0,1,
3,val,crop_bottom_side,crop_bottom_side,127,image_block_06,fgx,gfx,0.0,1,
3,val,crop_bottom_side,crop_bottom_side,251,image_block_06,fx,gx,0.0,1,
3,val,crop_bottom_side,crop_bottom_side,251,image_block_06,fgx,gfx,0.0,1,
3,val,crop_bottom_side,crop_bottom_side,82,image_final_norm,fx,gx,0.0,1,
3,val,crop_bottom_side,crop_bottom_side,82,image_final_norm,fgx,gfx,0.0,1,
3,val,crop_bottom_side,crop_bottom_side,228,image_final_norm,fx,gx,0.0,1,
3,val,crop_bottom_side,crop_bottom_side,228,image_final_norm,fgx,gfx,0.0,1,
3,val,crop_bottom_side,crop_bottom_side,296,image_final_norm,fx,gx,0.0,1,
3,val,crop_bottom_side,crop_bottom_side,296,image_final_norm,fgx,gfx,0.0,1,
3,val,crop_bottom_side,crop_bottom_side,153,image_final_norm,fx,gx,0.0,1,
3,val,crop_bottom_side,crop_bottom_side,153,image_final_norm,fgx,gfx,0.0,1,
3,val,crop_bottom_side,crop_bottom_side,115,image_final_norm,fx,gx,0.0,1,
3,val,crop_bottom_side,crop_bottom_side,115,image_final_norm,fgx,gfx,0.0,1,
3,val,crop_bottom_side,crop_bottom_side,305,image_final_norm,fx,gx,0.0,1,
3,val,crop_bottom_side,crop_bottom_side,305,image_final_norm,fgx,gfx,0.0,1,
3,val,crop_bottom_side,crop_bottom_side,219,image_final_norm,fx,gx,0.0,1,
3,val,crop_bottom_side,crop_bottom_side,219,image_final_norm,fgx,gfx,0.0,1,
3,val,crop_bottom_side,crop_bottom_side,24,image_final_norm,fx,gx,0.0,1,
3,val,crop_bottom_side,crop_bottom_side,24,image_final_norm,fgx,gfx,0.0,1,
3,val,crop_bottom_side,crop_bottom_side,164,image_final_norm,fx,gx,0.0,1,
3,val,crop_bottom_side,crop_bottom_side,164,image_final_norm,fgx,gfx,0.0,1,
3,val,crop_bottom_side,crop_bottom_side,51,image_final_norm,fx,gx,0.0,1,
3,val,crop_bottom_side,crop_bottom_side,51,image_final_norm,fgx,gfx,0.0,1,
3,val,crop_bottom_side,crop_bottom_side,145,image_final_norm,fx,gx,0.0,1,
3,val,crop_bottom_side,crop_bottom_side,145,image_final_norm,fgx,gfx,0.0,1,
3,val,crop_bottom_side,crop_bottom_side,107,image_final_norm,fx,gx,0.0,1,
3,val,crop_bottom_side,crop_bottom_side,107,image_final_norm,fgx,gfx,0.0,1,
3,val,crop_bottom_side,crop_bottom_side,154,image_final_norm,fx,gx,0.0,1,
3,val,crop_bottom_side,crop_bottom_side,154,image_final_norm,fgx,gfx,0.0,1,
3,val,crop_bottom_side,crop_bottom_side,33,image_final_norm,fx,gx,0.0,1,
3,val,crop_bottom_side,crop_bottom_side,33,image_final_norm,fgx,gfx,0.0,1,
3,val,crop_bottom_side,crop_bottom_side,127,image_final_norm,fx,gx,0.0,1,
3,val,crop_bottom_side,crop_bottom_side,127,image_final_norm,fgx,gfx,0.0,1,
3,val,crop_bottom_side,crop_bottom_side,251,image_final_norm,fx,gx,0.0,1,
3,val,crop_bottom_side,crop_bottom_side,251,image_final_norm,fgx,gfx,0.0,1,
3,val,crop_bottom_side,crop_bottom_side,213,image_input_tokens,fx,gx,0.0,1,
3,val,crop_bottom_side,crop_bottom_side,213,image_input_tokens,fgx,gfx,0.0,1,
3,val,crop_bottom_side,crop_bottom_side,152,image_input_tokens,fx,gx,0.0,1,
3,val,crop_bottom_side,crop_bottom_side,152,image_input_tokens,fgx,gfx,0.0,1,
3,val,crop_bottom_side,crop_bottom_side,100,image_input_tokens,fx,gx,0.0,1,
3,val,crop_bottom_side,crop_bottom_side,100,image_input_tokens,fgx,gfx,0.0,1,
3,val,crop_bottom_side,crop_bottom_side,27,image_input_tokens,fx,gx,0.0,1,
3,val,crop_bottom_side,crop_bottom_side,27,image_input_tokens,fgx,gfx,0.0,1,
3,val,crop_bottom_side,crop_bottom_side,316,image_input_tokens,fx,gx,0.0,1,
3,val,crop_bottom_side,crop_bottom_side,316,image_input_tokens,fgx,gfx,0.0,1,
3,val,crop_bottom_side,crop_bottom_side,61,image_input_tokens,fx,gx,0.0,1,
3,val,crop_bottom_side,crop_bottom_side,61,image_input_tokens,fgx,gfx,0.0,1,
3,val,crop_bottom_side,crop_bottom_side,291,image_input_tokens,fx,gx,0.0,1,
3,val,crop_bottom_side,crop_bottom_side,291,image_input_tokens,fgx,gfx,0.0,1,
3,val,crop_bottom_side,crop_bottom_side,84,image_input_tokens,fx,gx,0.0,1,
3,val,crop_bottom_side,crop_bottom_side,84,image_input_tokens,fgx,gfx,0.0,1,
3,val,crop_bottom_side,crop_bottom_side,265,image_input_tokens,fx,gx,0.0,1,
3,val,crop_bottom_side,crop_bottom_side,265,image_input_tokens,fgx,gfx,0.0,1,
3,val,crop_bottom_side,crop_bottom_side,196,image_input_tokens,fx,gx,0.0,1,
3,val,crop_bottom_side,crop_bottom_side,196,image_input_tokens,fgx,gfx,0.0,1,
3,val,crop_bottom_side,crop_bottom_side,215,image_input_tokens,fx,gx,0.0,1,
3,val,crop_bottom_side,crop_bottom_side,215,image_input_tokens,fgx,gfx,0.0,1,
3,val,crop_bottom_side,crop_bottom_side,253,image_input_tokens,fx,gx,0.0,1,
3,val,crop_bottom_side,crop_bottom_side,253,image_input_tokens,fgx,gfx,0.0,1,
3,val,crop_bottom_side,crop_bottom_side,239,image_input_tokens,fx,gx,0.0,1,
3,val,crop_bottom_side,crop_bottom_side,239,image_input_tokens,fgx,gfx,0.0,1,
3,val,crop_bottom_side,crop_bottom_side,331,image_input_tokens,fx,gx,0.0,1,
3,val,crop_bottom_side,crop_bottom_side,331,image_input_tokens,fgx,gfx,0.0,1,
3,val,crop_bottom_side,crop_bottom_side,3,image_input_tokens,fx,gx,0.0,1,
3,val,crop_bottom_side,crop_bottom_side,3,image_input_tokens,fgx,gfx,0.0,1,
3,val,crop_bottom_side,crop_bottom_side,2,image_input_tokens,fx,gx,0.0,1,
3,val,crop_bottom_side,crop_bottom_side,2,image_input_tokens,fgx,gfx,0.0,1,
3,val,crop_bottom_side,crop_bottom_side,213,image_block_01,fx,gx,0.0,1,
3,val,crop_bottom_side,crop_bottom_side,213,image_block_01,fgx,gfx,0.0,1,
3,val,crop_bottom_side,crop_bottom_side,152,image_block_01,fx,gx,0.0,1,
3,val,crop_bottom_side,crop_bottom_side,152,image_block_01,fgx,gfx,0.0,1,
3,val,crop_bottom_side,crop_bottom_side,100,image_block_01,fx,gx,0.0,1,
3,val,crop_bottom_side,crop_bottom_side,100,image_block_01,fgx,gfx,0.0,1,
3,val,crop_bottom_side,crop_bottom_side,27,image_block_01,fx,gx,0.0,1,
3,val,crop_bottom_side,crop_bottom_side,27,image_block_01,fgx,gfx,0.0,1,
3,val,crop_bottom_side,crop_bottom_side,316,image_block_01,fx,gx,0.0,1,
3,val,crop_bottom_side,crop_bottom_side,316,image_block_01,fgx,gfx,0.0,1,
3,val,crop_bottom_side,crop_bottom_side,61,image_block_01,fx,gx,0.0,1,
3,val,crop_bottom_side,crop_bottom_side,61,image_block_01,fgx,gfx,0.0,1,
3,val,crop_bottom_side,crop_bottom_side,291,image_block_01,fx,gx,0.0,1,
3,val,crop_bottom_side,crop_bottom_side,291,image_block_01,fgx,gfx,0.0,1,
3,val,crop_bottom_side,crop_bottom_side,84,image_block_01,fx,gx,0.0,1,
3,val,crop_bottom_side,crop_bottom_side,84,image_block_01,fgx,gfx,0.0,1,
3,val,crop_bottom_side,crop_bottom_side,265,image_block_01,fx,gx,0.0,1,
3,val,crop_bottom_side,crop_bottom_side,265,image_block_01,fgx,gfx,0.0,1,
3,val,crop_bottom_side,crop_bottom_side,196,image_block_01,fx,gx,0.0,1,
3,val,crop_bottom_side,crop_bottom_side,196,image_block_01,fgx,gfx,0.0,1,
3,val,crop_bottom_side,crop_bottom_side,215,image_block_01,fx,gx,0.0,1,
3,val,crop_bottom_side,crop_bottom_side,215,image_block_01,fgx,gfx,0.0,1,
3,val,crop_bottom_side,crop_bottom_side,253,image_block_01,fx,gx,0.0,1,
3,val,crop_bottom_side,crop_bottom_side,253,image_block_01,fgx,gfx,0.0,1,
3,val,crop_bottom_side,crop_bottom_side,239,image_block_01,fx,gx,0.0,1,
3,val,crop_bottom_side,crop_bottom_side,239,image_block_01,fgx,gfx,0.0,1,
3,val,crop_bottom_side,crop_bottom_side,331,image_block_01,fx,gx,0.0,1,
3,val,crop_bottom_side,crop_bottom_side,331,image_block_01,fgx,gfx,0.0,1,
3,val,crop_bottom_side,crop_bottom_side,3,image_block_01,fx,gx,0.0,1,
3,val,crop_bottom_side,crop_bottom_side,3,image_block_01,fgx,gfx,0.0,1,
3,val,crop_bottom_side,crop_bottom_side,2,image_block_01,fx,gx,0.0,1,
3,val,crop_bottom_side,crop_bottom_side,2,image_block_01,fgx,gfx,0.0,1,
3,val,crop_bottom_side,crop_bottom_side,213,image_block_02,fx,gx,0.0,1,
3,val,crop_bottom_side,crop_bottom_side,213,image_block_02,fgx,gfx,0.0,1,
3,val,crop_bottom_side,crop_bottom_side,152,image_block_02,fx,gx,0.0,1,
3,val,crop_bottom_side,crop_bottom_side,152,image_block_02,fgx,gfx,0.0,1,
3,val,crop_bottom_side,crop_bottom_side,100,image_block_02,fx,gx,0.0,1,
3,val,crop_bottom_side,crop_bottom_side,100,image_block_02,fgx,gfx,0.0,1,
3,val,crop_bottom_side,crop_bottom_side,27,image_block_02,fx,gx,0.0,1,
3,val,crop_bottom_side,crop_bottom_side,27,image_block_02,fgx,gfx,0.0,1,
3,val,crop_bottom_side,crop_bottom_side,316,image_block_02,fx,gx,0.0,1,
3,val,crop_bottom_side,crop_bottom_side,316,image_block_02,fgx,gfx,0.0,1,
3,val,crop_bottom_side,crop_bottom_side,61,image_block_02,fx,gx,0.0,1,
3,val,crop_bottom_side,crop_bottom_side,61,image_block_02,fgx,gfx,0.0,1,
3,val,crop_bottom_side,crop_bottom_side,291,image_block_02,fx,gx,0.0,1,
3,val,crop_bottom_side,crop_bottom_side,291,image_block_02,fgx,gfx,0.0,1,
3,val,crop_bottom_side,crop_bottom_side,84,image_block_02,fx,gx,0.0,1,
3,val,crop_bottom_side,crop_bottom_side,84,image_block_02,fgx,gfx,0.0,1,
3,val,crop_bottom_side,crop_bottom_side,265,image_block_02,fx,gx,0.0,1,
3,val,crop_bottom_side,crop_bottom_side,265,image_block_02,fgx,gfx,0.0,1,
3,val,crop_bottom_side,crop_bottom_side,196,image_block_02,fx,gx,0.0,1,
3,val,crop_bottom_side,crop_bottom_side,196,image_block_02,fgx,gfx,0.0,1,
3,val,crop_bottom_side,crop_bottom_side,215,image_block_02,fx,gx,0.0,1,
3,val,crop_bottom_side,crop_bottom_side,215,image_block_02,fgx,gfx,0.0,1,
3,val,crop_bottom_side,crop_bottom_side,253,image_block_02,fx,gx,0.0,1,
3,val,crop_bottom_side,crop_bottom_side,253,image_block_02,fgx,gfx,0.0,1,
3,val,crop_bottom_side,crop_bottom_side,239,image_block_02,fx,gx,0.0,1,
3,val,crop_bottom_side,crop_bottom_side,239,image_block_02,fgx,gfx,0.0,1,
3,val,crop_bottom_side,crop_bottom_side,331,image_block_02,fx,gx,0.0,1,
3,val,crop_bottom_side,crop_bottom_side,331,image_block_02,fgx,gfx,0.0,1,
3,val,crop_bottom_side,crop_bottom_side,3,image_block_02,fx,gx,0.0,1,
3,val,crop_bottom_side,crop_bottom_side,3,image_block_02,fgx,gfx,0.0,1,
3,val,crop_bottom_side,crop_bottom_side,2,image_block_02,fx,gx,0.0,1,
3,val,crop_bottom_side,crop_bottom_side,2,image_block_02,fgx,gfx,0.0,1,
3,val,crop_bottom_side,crop_bottom_side,213,image_block_03,fx,gx,0.0,1,
3,val,crop_bottom_side,crop_bottom_side,213,image_block_03,fgx,gfx,0.0,1,
3,val,crop_bottom_side,crop_bottom_side,152,image_block_03,fx,gx,0.0,1,
3,val,crop_bottom_side,crop_bottom_side,152,image_block_03,fgx,gfx,0.0,1,
3,val,crop_bottom_side,crop_bottom_side,100,image_block_03,fx,gx,0.0,1,
3,val,crop_bottom_side,crop_bottom_side,100,image_block_03,fgx,gfx,0.0,1,
3,val,crop_bottom_side,crop_bottom_side,27,image_block_03,fx,gx,0.0,1,
3,val,crop_bottom_side,crop_bottom_side,27,image_block_03,fgx,gfx,0.0,1,
3,val,crop_bottom_side,crop_bottom_side,316,image_block_03,fx,gx,0.0,1,
3,val,crop_bottom_side,crop_bottom_side,316,image_block_03,fgx,gfx,0.0,1,
3,val,crop_bottom_side,crop_bottom_side,61,image_block_03,fx,gx,0.0,1,
3,val,crop_bottom_side,crop_bottom_side,61,image_block_03,fgx,gfx,0.0,1,
3,val,crop_bottom_side,crop_bottom_side,291,image_block_03,fx,gx,0.0,1,
3,val,crop_bottom_side,crop_bottom_side,291,image_block_03,fgx,gfx,0.0,1,
3,val,crop_bottom_side,crop_bottom_side,84,image_block_03,fx,gx,0.0,1,
3,val,crop_bottom_side,crop_bottom_side,84,image_block_03,fgx,gfx,0.0,1,
3,val,crop_bottom_side,crop_bottom_side,265,image_block_03,fx,gx,0.0,1,
3,val,crop_bottom_side,crop_bottom_side,265,image_block_03,fgx,gfx,0.0,1,
3,val,crop_bottom_side,crop_bottom_side,196,image_block_03,fx,gx,0.0,1,
3,val,crop_bottom_side,crop_bottom_side,196,image_block_03,fgx,gfx,0.0,1,
3,val,crop_bottom_side,crop_bottom_side,215,image_block_03,fx,gx,0.0,1,
3,val,crop_bottom_side,crop_bottom_side,215,image_block_03,fgx,gfx,0.0,1,
3,val,crop_bottom_side,crop_bottom_side,253,image_block_03,fx,gx,0.0,1,
3,val,crop_bottom_side,crop_bottom_side,253,image_block_03,fgx,gfx,0.0,1,
3,val,crop_bottom_side,crop_bottom_side,239,image_block_03,fx,gx,0.0,1,
3,val,crop_bottom_side,crop_bottom_side,239,image_block_03,fgx,gfx,0.0,1,
3,val,crop_bottom_side,crop_bottom_side,331,image_block_03,fx,gx,0.0,1,
3,val,crop_bottom_side,crop_bottom_side,331,image_block_03,fgx,gfx,0.0,1,
3,val,crop_bottom_side,crop_bottom_side,3,image_block_03,fx,gx,0.0,1,
3,val,crop_bottom_side,crop_bottom_side,3,image_block_03,fgx,gfx,0.0,1,
3,val,crop_bottom_side,crop_bottom_side,2,image_block_03,fx,gx,0.0,1,
3,val,crop_bottom_side,crop_bottom_side,2,image_block_03,fgx,gfx,0.0,1,
3,val,crop_bottom_side,crop_bottom_side,213,image_block_04,fx,gx,0.0,1,
3,val,crop_bottom_side,crop_bottom_side,213,image_block_04,fgx,gfx,0.0,1,
3,val,crop_bottom_side,crop_bottom_side,152,image_block_04,fx,gx,0.0,1,
3,val,crop_bottom_side,crop_bottom_side,152,image_block_04,fgx,gfx,0.0,1,
3,val,crop_bottom_side,crop_bottom_side,100,image_block_04,fx,gx,0.0,1,
3,val,crop_bottom_side,crop_bottom_side,100,image_block_04,fgx,gfx,0.0,1,
3,val,crop_bottom_side,crop_bottom_side,27,image_block_04,fx,gx,0.0,1,
3,val,crop_bottom_side,crop_bottom_side,27,image_block_04,fgx,gfx,0.0,1,
3,val,crop_bottom_side,crop_bottom_side,316,image_block_04,fx,gx,0.0,1,
3,val,crop_bottom_side,crop_bottom_side,316,image_block_04,fgx,gfx,0.0,1,
3,val,crop_bottom_side,crop_bottom_side,61,image_block_04,fx,gx,0.0,1,
3,val,crop_bottom_side,crop_bottom_side,61,image_block_04,fgx,gfx,0.0,1,
3,val,crop_bottom_side,crop_bottom_side,291,image_block_04,fx,gx,0.0,1,
3,val,crop_bottom_side,crop_bottom_side,291,image_block_04,fgx,gfx,0.0,1,
3,val,crop_bottom_side,crop_bottom_side,84,image_block_04,fx,gx,0.0,1,
3,val,crop_bottom_side,crop_bottom_side,84,image_block_04,fgx,gfx,0.0,1,
3,val,crop_bottom_side,crop_bottom_side,265,image_block_04,fx,gx,0.0,1,
3,val,crop_bottom_side,crop_bottom_side,265,image_block_04,fgx,gfx,0.0,1,
3,val,crop_bottom_side,crop_bottom_side,196,image_block_04,fx,gx,0.0,1,
3,val,crop_bottom_side,crop_bottom_side,196,image_block_04,fgx,gfx,0.0,1,
3,val,crop_bottom_side,crop_bottom_side,215,image_block_04,fx,gx,0.0,1,
3,val,crop_bottom_side,crop_bottom_side,215,image_block_04,fgx,gfx,0.0,1,
3,val,crop_bottom_side,crop_bottom_side,253,image_block_04,fx,gx,0.0,1,
3,val,crop_bottom_side,crop_bottom_side,253,image_block_04,fgx,gfx,0.0,1,
3,val,crop_bottom_side,crop_bottom_side,239,image_block_04,fx,gx,0.0,1,
3,val,crop_bottom_side,crop_bottom_side,239,image_block_04,fgx,gfx,0.0,1,
3,val,crop_bottom_side,crop_bottom_side,331,image_block_04,fx,gx,0.0,1,
3,val,crop_bottom_side,crop_bottom_side,331,image_block_04,fgx,gfx,0.0,1,
3,val,crop_bottom_side,crop_bottom_side,3,image_block_04,fx,gx,0.0,1,
3,val,crop_bottom_side,crop_bottom_side,3,image_block_04,fgx,gfx,0.0,1,
3,val,crop_bottom_side,crop_bottom_side,2,image_block_04,fx,gx,0.0,1,
3,val,crop_bottom_side,crop_bottom_side,2,image_block_04,fgx,gfx,0.0,1,
3,val,crop_bottom_side,crop_bottom_side,213,image_block_05,fx,gx,0.0,1,
3,val,crop_bottom_side,crop_bottom_side,213,image_block_05,fgx,gfx,0.0,1,
3,val,crop_bottom_side,crop_bottom_side,152,image_block_05,fx,gx,0.0,1,
3,val,crop_bottom_side,crop_bottom_side,152,image_block_05,fgx,gfx,0.0,1,
3,val,crop_bottom_side,crop_bottom_side,100,image_block_05,fx,gx,0.0,1,
3,val,crop_bottom_side,crop_bottom_side,100,image_block_05,fgx,gfx,0.0,1,
3,val,crop_bottom_side,crop_bottom_side,27,image_block_05,fx,gx,0.0,1,
3,val,crop_bottom_side,crop_bottom_side,27,image_block_05,fgx,gfx,0.0,1,
3,val,crop_bottom_side,crop_bottom_side,316,image_block_05,fx,gx,0.0,1,
3,val,crop_bottom_side,crop_bottom_side,316,image_block_05,fgx,gfx,0.0,1,
3,val,crop_bottom_side,crop_bottom_side,61,image_block_05,fx,gx,0.0,1,
3,val,crop_bottom_side,crop_bottom_side,61,image_block_05,fgx,gfx,0.0,1,
3,val,crop_bottom_side,crop_bottom_side,291,image_block_05,fx,gx,0.0,1,
3,val,crop_bottom_side,crop_bottom_side,291,image_block_05,fgx,gfx,0.0,1,
3,val,crop_bottom_side,crop_bottom_side,84,image_block_05,fx,gx,0.0,1,
3,val,crop_bottom_side,crop_bottom_side,84,image_block_05,fgx,gfx,0.0,1,
3,val,crop_bottom_side,crop_bottom_side,265,image_block_05,fx,gx,0.0,1,
3,val,crop_bottom_side,crop_bottom_side,265,image_block_05,fgx,gfx,0.0,1,
3,val,crop_bottom_side,crop_bottom_side,196,image_block_05,fx,gx,0.0,1,
3,val,crop_bottom_side,crop_bottom_side,196,image_block_05,fgx,gfx,0.0,1,
3,val,crop_bottom_side,crop_bottom_side,215,image_block_05,fx,gx,0.0,1,
3,val,crop_bottom_side,crop_bottom_side,215,image_block_05,fgx,gfx,0.0,1,
3,val,crop_bottom_side,crop_bottom_side,253,image_block_05,fx,gx,0.0,1,
3,val,crop_bottom_side,crop_bottom_side,253,image_block_05,fgx,gfx,0.0,1,
3,val,crop_bottom_side,crop_bottom_side,239,image_block_05,fx,gx,0.0,1,
3,val,crop_bottom_side,crop_bottom_side,239,image_block_05,fgx,gfx,0.0,1,
3,val,crop_bottom_side,crop_bottom_side,331,image_block_05,fx,gx,0.0,1,
3,val,crop_bottom_side,crop_bottom_side,331,image_block_05,fgx,gfx,0.0,1,
3,val,crop_bottom_side,crop_bottom_side,3,image_block_05,fx,gx,0.0,1,
3,val,crop_bottom_side,crop_bottom_side,3,image_block_05,fgx,gfx,0.0,1,
3,val,crop_bottom_side,crop_bottom_side,2,image_block_05,fx,gx,0.0,1,
3,val,crop_bottom_side,crop_bottom_side,2,image_block_05,fgx,gfx,0.0,1,
3,val,crop_bottom_side,crop_bottom_side,213,image_block_06,fx,gx,0.0,1,
3,val,crop_bottom_side,crop_bottom_side,213,image_block_06,fgx,gfx,0.0,1,
3,val,crop_bottom_side,crop_bottom_side,152,image_block_06,fx,gx,0.0,1,
3,val,crop_bottom_side,crop_bottom_side,152,image_block_06,fgx,gfx,0.0,1,
3,val,crop_bottom_side,crop_bottom_side,100,image_block_06,fx,gx,0.0,1,
3,val,crop_bottom_side,crop_bottom_side,100,image_block_06,fgx,gfx,0.0,1,
3,val,crop_bottom_side,crop_bottom_side,27,image_block_06,fx,gx,0.0,1,
3,val,crop_bottom_side,crop_bottom_side,27,image_block_06,fgx,gfx,0.0,1,
3,val,crop_bottom_side,crop_bottom_side,316,image_block_06,fx,gx,0.0,1,
3,val,crop_bottom_side,crop_bottom_side,316,image_block_06,fgx,gfx,0.0,1,
3,val,crop_bottom_side,crop_bottom_side,61,image_block_06,fx,gx,0.0,1,
3,val,crop_bottom_side,crop_bottom_side,61,image_block_06,fgx,gfx,0.0,1,
3,val,crop_bottom_side,crop_bottom_side,291,image_block_06,fx,gx,0.0,1,
3,val,crop_bottom_side,crop_bottom_side,291,image_block_06,fgx,gfx,0.0,1,
3,val,crop_bottom_side,crop_bottom_side,84,image_block_06,fx,gx,0.0,1,
3,val,crop_bottom_side,crop_bottom_side,84,image_block_06,fgx,gfx,0.0,1,
3,val,crop_bottom_side,crop_bottom_side,265,image_block_06,fx,gx,0.0,1,
3,val,crop_bottom_side,crop_bottom_side,265,image_block_06,fgx,gfx,0.0,1,
3,val,crop_bottom_side,crop_bottom_side,196,image_block_06,fx,gx,0.0,1,
3,val,crop_bottom_side,crop_bottom_side,196,image_block_06,fgx,gfx,0.0,1,
3,val,crop_bottom_side,crop_bottom_side,215,image_block_06,fx,gx,0.0,1,
3,val,crop_bottom_side,crop_bottom_side,215,image_block_06,fgx,gfx,0.0,1,
3,val,crop_bottom_side,crop_bottom_side,253,image_block_06,fx,gx,0.0,1,
3,val,crop_bottom_side,crop_bottom_side,253,image_block_06,fgx,gfx,0.0,1,
3,val,crop_bottom_side,crop_bottom_side,239,image_block_06,fx,gx,0.0,1,
3,val,crop_bottom_side,crop_bottom_side,239,image_block_06,fgx,gfx,0.0,1,
3,val,crop_bottom_side,crop_bottom_side,331,image_block_06,fx,gx,0.0,1,
3,val,crop_bottom_side,crop_bottom_side,331,image_block_06,fgx,gfx,0.0,1,
3,val,crop_bottom_side,crop_bottom_side,3,image_block_06,fx,gx,0.0,1,
3,val,crop_bottom_side,crop_bottom_side,3,image_block_06,fgx,gfx,0.0,1,
3,val,crop_bottom_side,crop_bottom_side,2,image_block_06,fx,gx,0.0,1,
3,val,crop_bottom_side,crop_bottom_side,2,image_block_06,fgx,gfx,0.0,1,
3,val,crop_bottom_side,crop_bottom_side,213,image_final_norm,fx,gx,0.0,1,
3,val,crop_bottom_side,crop_bottom_side,213,image_final_norm,fgx,gfx,0.0,1,
3,val,crop_bottom_side,crop_bottom_side,152,image_final_norm,fx,gx,0.0,1,
3,val,crop_bottom_side,crop_bottom_side,152,image_final_norm,fgx,gfx,0.0,1,
3,val,crop_bottom_side,crop_bottom_side,100,image_final_norm,fx,gx,0.0,1,
3,val,crop_bottom_side,crop_bottom_side,100,image_final_norm,fgx,gfx,0.0,1,
3,val,crop_bottom_side,crop_bottom_side,27,image_final_norm,fx,gx,0.0,1,
3,val,crop_bottom_side,crop_bottom_side,27,image_final_norm,fgx,gfx,0.0,1,
3,val,crop_bottom_side,crop_bottom_side,316,image_final_norm,fx,gx,0.0,1,
3,val,crop_bottom_side,crop_bottom_side,316,image_final_norm,fgx,gfx,0.0,1,
3,val,crop_bottom_side,crop_bottom_side,61,image_final_norm,fx,gx,0.0,1,
3,val,crop_bottom_side,crop_bottom_side,61,image_final_norm,fgx,gfx,0.0,1,
3,val,crop_bottom_side,crop_bottom_side,291,image_final_norm,fx,gx,0.0,1,
3,val,crop_bottom_side,crop_bottom_side,291,image_final_norm,fgx,gfx,0.0,1,
3,val,crop_bottom_side,crop_bottom_side,84,image_final_norm,fx,gx,0.0,1,
3,val,crop_bottom_side,crop_bottom_side,84,image_final_norm,fgx,gfx,0.0,1,
3,val,crop_bottom_side,crop_bottom_side,265,image_final_norm,fx,gx,0.0,1,
3,val,crop_bottom_side,crop_bottom_side,265,image_final_norm,fgx,gfx,0.0,1,
3,val,crop_bottom_side,crop_bottom_side,196,image_final_norm,fx,gx,0.0,1,
3,val,crop_bottom_side,crop_bottom_side,196,image_final_norm,fgx,gfx,0.0,1,
3,val,crop_bottom_side,crop_bottom_side,215,image_final_norm,fx,gx,0.0,1,
3,val,crop_bottom_side,crop_bottom_side,215,image_final_norm,fgx,gfx,0.0,1,
3,val,crop_bottom_side,crop_bottom_side,253,image_final_norm,fx,gx,0.0,1,
3,val,crop_bottom_side,crop_bottom_side,253,image_final_norm,fgx,gfx,0.0,1,
3,val,crop_bottom_side,crop_bottom_side,239,image_final_norm,fx,gx,0.0,1,
3,val,crop_bottom_side,crop_bottom_side,239,image_final_norm,fgx,gfx,0.0,1,
3,val,crop_bottom_side,crop_bottom_side,331,image_final_norm,fx,gx,0.0,1,
3,val,crop_bottom_side,crop_bottom_side,331,image_final_norm,fgx,gfx,0.0,1,
3,val,crop_bottom_side,crop_bottom_side,3,image_final_norm,fx,gx,0.0,1,
3,val,crop_bottom_side,crop_bottom_side,3,image_final_norm,fgx,gfx,0.0,1,
3,val,crop_bottom_side,crop_bottom_side,2,image_final_norm,fx,gx,0.0,1,
3,val,crop_bottom_side,crop_bottom_side,2,image_final_norm,fgx,gfx,0.0,1,
3,val,crop_bottom_side,crop_bottom_side,306,image_input_tokens,fx,gx,0.0,1,
3,val,crop_bottom_side,crop_bottom_side,306,image_input_tokens,fgx,gfx,0.0,1,
3,val,crop_bottom_side,crop_bottom_side,181,image_input_tokens,fx,gx,0.0,1,
3,val,crop_bottom_side,crop_bottom_side,181,image_input_tokens,fgx,gfx,0.0,1,
3,val,crop_bottom_side,crop_bottom_side,149,image_input_tokens,fx,gx,0.0,1,
3,val,crop_bottom_side,crop_bottom_side,149,image_input_tokens,fgx,gfx,0.0,1,
3,val,crop_bottom_side,crop_bottom_side,38,image_input_tokens,fx,gx,0.0,1,
3,val,crop_bottom_side,crop_bottom_side,38,image_input_tokens,fgx,gfx,0.0,1,
3,val,crop_bottom_side,crop_bottom_side,238,image_input_tokens,fx,gx,0.0,1,
3,val,crop_bottom_side,crop_bottom_side,238,image_input_tokens,fgx,gfx,0.0,1,
3,val,crop_bottom_side,crop_bottom_side,198,image_input_tokens,fx,gx,0.0,1,
3,val,crop_bottom_side,crop_bottom_side,198,image_input_tokens,fgx,gfx,0.0,1,
3,val,crop_bottom_side,crop_bottom_side,236,image_input_tokens,fx,gx,0.0,1,
3,val,crop_bottom_side,crop_bottom_side,236,image_input_tokens,fgx,gfx,0.0,1,
3,val,crop_bottom_side,crop_bottom_side,138,image_input_tokens,fx,gx,0.0,1,
3,val,crop_bottom_side,crop_bottom_side,138,image_input_tokens,fgx,gfx,0.0,1,
3,val,crop_bottom_side,crop_bottom_side,68,image_input_tokens,fx,gx,0.0,1,
3,val,crop_bottom_side,crop_bottom_side,68,image_input_tokens,fgx,gfx,0.0,1,
3,val,crop_bottom_side,crop_bottom_side,281,image_input_tokens,fx,gx,0.0,1,
3,val,crop_bottom_side,crop_bottom_side,281,image_input_tokens,fgx,gfx,0.0,1,
3,val,crop_bottom_side,crop_bottom_side,29,image_input_tokens,fx,gx,0.0,1,
3,val,crop_bottom_side,crop_bottom_side,29,image_input_tokens,fgx,gfx,0.0,1,
3,val,crop_bottom_side,crop_bottom_side,315,image_input_tokens,fx,gx,0.0,1,
3,val,crop_bottom_side,crop_bottom_side,315,image_input_tokens,fgx,gfx,0.0,1,
3,val,crop_bottom_side,crop_bottom_side,80,image_input_tokens,fx,gx,0.0,1,
3,val,crop_bottom_side,crop_bottom_side,80,image_input_tokens,fgx,gfx,0.0,1,
3,val,crop_bottom_side,crop_bottom_side,12,image_input_tokens,fx,gx,0.0,1,
3,val,crop_bottom_side,crop_bottom_side,12,image_input_tokens,fgx,gfx,0.0,1,
3,val,crop_bottom_side,crop_bottom_side,168,image_input_tokens,fx,gx,0.0,1,
3,val,crop_bottom_side,crop_bottom_side,168,image_input_tokens,fgx,gfx,0.0,1,
3,val,crop_bottom_side,crop_bottom_side,233,image_input_tokens,fx,gx,0.0,1,
3,val,crop_bottom_side,crop_bottom_side,233,image_input_tokens,fgx,gfx,0.0,1,
3,val,crop_bottom_side,crop_bottom_side,306,image_block_01,fx,gx,0.0,1,
3,val,crop_bottom_side,crop_bottom_side,306,image_block_01,fgx,gfx,0.0,1,
3,val,crop_bottom_side,crop_bottom_side,181,image_block_01,fx,gx,0.0,1,
3,val,crop_bottom_side,crop_bottom_side,181,image_block_01,fgx,gfx,0.0,1,
3,val,crop_bottom_side,crop_bottom_side,149,image_block_01,fx,gx,0.0,1,
3,val,crop_bottom_side,crop_bottom_side,149,image_block_01,fgx,gfx,0.0,1,
3,val,crop_bottom_side,crop_bottom_side,38,image_block_01,fx,gx,0.0,1,
3,val,crop_bottom_side,crop_bottom_side,38,image_block_01,fgx,gfx,0.0,1,
3,val,crop_bottom_side,crop_bottom_side,238,image_block_01,fx,gx,0.0,1,
3,val,crop_bottom_side,crop_bottom_side,238,image_block_01,fgx,gfx,0.0,1,
3,val,crop_bottom_side,crop_bottom_side,198,image_block_01,fx,gx,0.0,1,
3,val,crop_bottom_side,crop_bottom_side,198,image_block_01,fgx,gfx,0.0,1,
3,val,crop_bottom_side,crop_bottom_side,236,image_block_01,fx,gx,0.0,1,
3,val,crop_bottom_side,crop_bottom_side,236,image_block_01,fgx,gfx,0.0,1,
3,val,crop_bottom_side,crop_bottom_side,138,image_block_01,fx,gx,0.0,1,
3,val,crop_bottom_side,crop_bottom_side,138,image_block_01,fgx,gfx,0.0,1,
3,val,crop_bottom_side,crop_bottom_side,68,image_block_01,fx,gx,0.0,1,
3,val,crop_bottom_side,crop_bottom_side,68,image_block_01,fgx,gfx,0.0,1,
3,val,crop_bottom_side,crop_bottom_side,281,image_block_01,fx,gx,0.0,1,
3,val,crop_bottom_side,crop_bottom_side,281,image_block_01,fgx,gfx,0.0,1,
3,val,crop_bottom_side,crop_bottom_side,29,image_block_01,fx,gx,0.0,1,
3,val,crop_bottom_side,crop_bottom_side,29,image_block_01,fgx,gfx,0.0,1,
3,val,crop_bottom_side,crop_bottom_side,315,image_block_01,fx,gx,0.0,1,
3,val,crop_bottom_side,crop_bottom_side,315,image_block_01,fgx,gfx,0.0,1,
3,val,crop_bottom_side,crop_bottom_side,80,image_block_01,fx,gx,0.0,1,
3,val,crop_bottom_side,crop_bottom_side,80,image_block_01,fgx,gfx,0.0,1,
3,val,crop_bottom_side,crop_bottom_side,12,image_block_01,fx,gx,0.0,1,
3,val,crop_bottom_side,crop_bottom_side,12,image_block_01,fgx,gfx,0.0,1,
3,val,crop_bottom_side,crop_bottom_side,168,image_block_01,fx,gx,0.0,1,
3,val,crop_bottom_side,crop_bottom_side,168,image_block_01,fgx,gfx,0.0,1,
3,val,crop_bottom_side,crop_bottom_side,233,image_block_01,fx,gx,0.0,1,
3,val,crop_bottom_side,crop_bottom_side,233,image_block_01,fgx,gfx,0.0,1,
3,val,crop_bottom_side,crop_bottom_side,306,image_block_02,fx,gx,0.0,1,
3,val,crop_bottom_side,crop_bottom_side,306,image_block_02,fgx,gfx,0.0,1,
3,val,crop_bottom_side,crop_bottom_side,181,image_block_02,fx,gx,0.0,1,
3,val,crop_bottom_side,crop_bottom_side,181,image_block_02,fgx,gfx,0.0,1,
3,val,crop_bottom_side,crop_bottom_side,149,image_block_02,fx,gx,0.0,1,
3,val,crop_bottom_side,crop_bottom_side,149,image_block_02,fgx,gfx,0.0,1,
3,val,crop_bottom_side,crop_bottom_side,38,image_block_02,fx,gx,0.0,1,
3,val,crop_bottom_side,crop_bottom_side,38,image_block_02,fgx,gfx,0.0,1,
3,val,crop_bottom_side,crop_bottom_side,238,image_block_02,fx,gx,0.0,1,
3,val,crop_bottom_side,crop_bottom_side,238,image_block_02,fgx,gfx,0.0,1,
3,val,crop_bottom_side,crop_bottom_side,198,image_block_02,fx,gx,0.0,1,
3,val,crop_bottom_side,crop_bottom_side,198,image_block_02,fgx,gfx,0.0,1,
3,val,crop_bottom_side,crop_bottom_side,236,image_block_02,fx,gx,0.0,1,
3,val,crop_bottom_side,crop_bottom_side,236,image_block_02,fgx,gfx,0.0,1,
3,val,crop_bottom_side,crop_bottom_side,138,image_block_02,fx,gx,0.0,1,
3,val,crop_bottom_side,crop_bottom_side,138,image_block_02,fgx,gfx,0.0,1,
3,val,crop_bottom_side,crop_bottom_side,68,image_block_02,fx,gx,0.0,1,
3,val,crop_bottom_side,crop_bottom_side,68,image_block_02,fgx,gfx,0.0,1,
3,val,crop_bottom_side,crop_bottom_side,281,image_block_02,fx,gx,0.0,1,
3,val,crop_bottom_side,crop_bottom_side,281,image_block_02,fgx,gfx,0.0,1,
3,val,crop_bottom_side,crop_bottom_side,29,image_block_02,fx,gx,0.0,1,
3,val,crop_bottom_side,crop_bottom_side,29,image_block_02,fgx,gfx,0.0,1,
3,val,crop_bottom_side,crop_bottom_side,315,image_block_02,fx,gx,0.0,1,
3,val,crop_bottom_side,crop_bottom_side,315,image_block_02,fgx,gfx,0.0,1,
3,val,crop_bottom_side,crop_bottom_side,80,image_block_02,fx,gx,0.0,1,
3,val,crop_bottom_side,crop_bottom_side,80,image_block_02,fgx,gfx,0.0,1,
3,val,crop_bottom_side,crop_bottom_side,12,image_block_02,fx,gx,0.0,1,
3,val,crop_bottom_side,crop_bottom_side,12,image_block_02,fgx,gfx,0.0,1,
3,val,crop_bottom_side,crop_bottom_side,168,image_block_02,fx,gx,0.0,1,
3,val,crop_bottom_side,crop_bottom_side,168,image_block_02,fgx,gfx,0.0,1,
3,val,crop_bottom_side,crop_bottom_side,233,image_block_02,fx,gx,0.0,1,
3,val,crop_bottom_side,crop_bottom_side,233,image_block_02,fgx,gfx,0.0,1,
3,val,crop_bottom_side,crop_bottom_side,306,image_block_03,fx,gx,0.0,1,
3,val,crop_bottom_side,crop_bottom_side,306,image_block_03,fgx,gfx,0.0,1,
3,val,crop_bottom_side,crop_bottom_side,181,image_block_03,fx,gx,0.0,1,
3,val,crop_bottom_side,crop_bottom_side,181,image_block_03,fgx,gfx,0.0,1,
3,val,crop_bottom_side,crop_bottom_side,149,image_block_03,fx,gx,0.0,1,
3,val,crop_bottom_side,crop_bottom_side,149,image_block_03,fgx,gfx,0.0,1,
3,val,crop_bottom_side,crop_bottom_side,38,image_block_03,fx,gx,0.0,1,
3,val,crop_bottom_side,crop_bottom_side,38,image_block_03,fgx,gfx,0.0,1,
3,val,crop_bottom_side,crop_bottom_side,238,image_block_03,fx,gx,0.0,1,
3,val,crop_bottom_side,crop_bottom_side,238,image_block_03,fgx,gfx,0.0,1,
3,val,crop_bottom_side,crop_bottom_side,198,image_block_03,fx,gx,0.0,1,
3,val,crop_bottom_side,crop_bottom_side,198,image_block_03,fgx,gfx,0.0,1,
3,val,crop_bottom_side,crop_bottom_side,236,image_block_03,fx,gx,0.0,1,
3,val,crop_bottom_side,crop_bottom_side,236,image_block_03,fgx,gfx,0.0,1,
3,val,crop_bottom_side,crop_bottom_side,138,image_block_03,fx,gx,0.0,1,
3,val,crop_bottom_side,crop_bottom_side,138,image_block_03,fgx,gfx,0.0,1,
3,val,crop_bottom_side,crop_bottom_side,68,image_block_03,fx,gx,0.0,1,
3,val,crop_bottom_side,crop_bottom_side,68,image_block_03,fgx,gfx,0.0,1,
3,val,crop_bottom_side,crop_bottom_side,281,image_block_03,fx,gx,0.0,1,
3,val,crop_bottom_side,crop_bottom_side,281,image_block_03,fgx,gfx,0.0,1,
3,val,crop_bottom_side,crop_bottom_side,29,image_block_03,fx,gx,0.0,1,
3,val,crop_bottom_side,crop_bottom_side,29,image_block_03,fgx,gfx,0.0,1,
3,val,crop_bottom_side,crop_bottom_side,315,image_block_03,fx,gx,0.0,1,
3,val,crop_bottom_side,crop_bottom_side,315,image_block_03,fgx,gfx,0.0,1,
3,val,crop_bottom_side,crop_bottom_side,80,image_block_03,fx,gx,0.0,1,
3,val,crop_bottom_side,crop_bottom_side,80,image_block_03,fgx,gfx,0.0,1,
3,val,crop_bottom_side,crop_bottom_side,12,image_block_03,fx,gx,0.0,1,
3,val,crop_bottom_side,crop_bottom_side,12,image_block_03,fgx,gfx,0.0,1,
3,val,crop_bottom_side,crop_bottom_side,168,image_block_03,fx,gx,0.0,1,
3,val,crop_bottom_side,crop_bottom_side,168,image_block_03,fgx,gfx,0.0,1,
3,val,crop_bottom_side,crop_bottom_side,233,image_block_03,fx,gx,0.0,1,
3,val,crop_bottom_side,crop_bottom_side,233,image_block_03,fgx,gfx,0.0,1,
3,val,crop_bottom_side,crop_bottom_side,306,image_block_04,fx,gx,0.0,1,
3,val,crop_bottom_side,crop_bottom_side,306,image_block_04,fgx,gfx,0.0,1,
3,val,crop_bottom_side,crop_bottom_side,181,image_block_04,fx,gx,0.0,1,
3,val,crop_bottom_side,crop_bottom_side,181,image_block_04,fgx,gfx,0.0,1,
3,val,crop_bottom_side,crop_bottom_side,149,image_block_04,fx,gx,0.0,1,
3,val,crop_bottom_side,crop_bottom_side,149,image_block_04,fgx,gfx,0.0,1,
3,val,crop_bottom_side,crop_bottom_side,38,image_block_04,fx,gx,0.0,1,
3,val,crop_bottom_side,crop_bottom_side,38,image_block_04,fgx,gfx,0.0,1,
3,val,crop_bottom_side,crop_bottom_side,238,image_block_04,fx,gx,0.0,1,
3,val,crop_bottom_side,crop_bottom_side,238,image_block_04,fgx,gfx,0.0,1,
3,val,crop_bottom_side,crop_bottom_side,198,image_block_04,fx,gx,0.0,1,
3,val,crop_bottom_side,crop_bottom_side,198,image_block_04,fgx,gfx,0.0,1,
3,val,crop_bottom_side,crop_bottom_side,236,image_block_04,fx,gx,0.0,1,
3,val,crop_bottom_side,crop_bottom_side,236,image_block_04,fgx,gfx,0.0,1,
3,val,crop_bottom_side,crop_bottom_side,138,image_block_04,fx,gx,0.0,1,
3,val,crop_bottom_side,crop_bottom_side,138,image_block_04,fgx,gfx,0.0,1,
3,val,crop_bottom_side,crop_bottom_side,68,image_block_04,fx,gx,0.0,1,
3,val,crop_bottom_side,crop_bottom_side,68,image_block_04,fgx,gfx,0.0,1,
3,val,crop_bottom_side,crop_bottom_side,281,image_block_04,fx,gx,0.0,1,
3,val,crop_bottom_side,crop_bottom_side,281,image_block_04,fgx,gfx,0.0,1,
3,val,crop_bottom_side,crop_bottom_side,29,image_block_04,fx,gx,0.0,1,
3,val,crop_bottom_side,crop_bottom_side,29,image_block_04,fgx,gfx,0.0,1,
3,val,crop_bottom_side,crop_bottom_side,315,image_block_04,fx,gx,0.0,1,
3,val,crop_bottom_side,crop_bottom_side,315,image_block_04,fgx,gfx,0.0,1,
3,val,crop_bottom_side,crop_bottom_side,80,image_block_04,fx,gx,0.0,1,
3,val,crop_bottom_side,crop_bottom_side,80,image_block_04,fgx,gfx,0.0,1,
3,val,crop_bottom_side,crop_bottom_side,12,image_block_04,fx,gx,0.0,1,
3,val,crop_bottom_side,crop_bottom_side,12,image_block_04,fgx,gfx,0.0,1,
3,val,crop_bottom_side,crop_bottom_side,168,image_block_04,fx,gx,0.0,1,
3,val,crop_bottom_side,crop_bottom_side,168,image_block_04,fgx,gfx,0.0,1,
3,val,crop_bottom_side,crop_bottom_side,233,image_block_04,fx,gx,0.0,1,
3,val,crop_bottom_side,crop_bottom_side,233,image_block_04,fgx,gfx,0.0,1,
3,val,crop_bottom_side,crop_bottom_side,306,image_block_05,fx,gx,0.0,1,
3,val,crop_bottom_side,crop_bottom_side,306,image_block_05,fgx,gfx,0.0,1,
3,val,crop_bottom_side,crop_bottom_side,181,image_block_05,fx,gx,0.0,1,
3,val,crop_bottom_side,crop_bottom_side,181,image_block_05,fgx,gfx,0.0,1,
3,val,crop_bottom_side,crop_bottom_side,149,image_block_05,fx,gx,0.0,1,
3,val,crop_bottom_side,crop_bottom_side,149,image_block_05,fgx,gfx,0.0,1,
3,val,crop_bottom_side,crop_bottom_side,38,image_block_05,fx,gx,0.0,1,
3,val,crop_bottom_side,crop_bottom_side,38,image_block_05,fgx,gfx,0.0,1,
3,val,crop_bottom_side,crop_bottom_side,238,image_block_05,fx,gx,0.0,1,
3,val,crop_bottom_side,crop_bottom_side,238,image_block_05,fgx,gfx,0.0,1,
3,val,crop_bottom_side,crop_bottom_side,198,image_block_05,fx,gx,0.0,1,
3,val,crop_bottom_side,crop_bottom_side,198,image_block_05,fgx,gfx,0.0,1,
3,val,crop_bottom_side,crop_bottom_side,236,image_block_05,fx,gx,0.0,1,
3,val,crop_bottom_side,crop_bottom_side,236,image_block_05,fgx,gfx,0.0,1,
3,val,crop_bottom_side,crop_bottom_side,138,image_block_05,fx,gx,0.0,1,
3,val,crop_bottom_side,crop_bottom_side,138,image_block_05,fgx,gfx,0.0,1,
3,val,crop_bottom_side,crop_bottom_side,68,image_block_05,fx,gx,0.0,1,
3,val,crop_bottom_side,crop_bottom_side,68,image_block_05,fgx,gfx,0.0,1,
3,val,crop_bottom_side,crop_bottom_side,281,image_block_05,fx,gx,0.0,1,
3,val,crop_bottom_side,crop_bottom_side,281,image_block_05,fgx,gfx,0.0,1,
3,val,crop_bottom_side,crop_bottom_side,29,image_block_05,fx,gx,0.0,1,
3,val,crop_bottom_side,crop_bottom_side,29,image_block_05,fgx,gfx,0.0,1,
3,val,crop_bottom_side,crop_bottom_side,315,image_block_05,fx,gx,0.0,1,
3,val,crop_bottom_side,crop_bottom_side,315,image_block_05,fgx,gfx,0.0,1,
3,val,crop_bottom_side,crop_bottom_side,80,image_block_05,fx,gx,0.0,1,
3,val,crop_bottom_side,crop_bottom_side,80,image_block_05,fgx,gfx,0.0,1,
3,val,crop_bottom_side,crop_bottom_side,12,image_block_05,fx,gx,0.0,1,
3,val,crop_bottom_side,crop_bottom_side,12,image_block_05,fgx,gfx,0.0,1,
3,val,crop_bottom_side,crop_bottom_side,168,image_block_05,fx,gx,0.0,1,
3,val,crop_bottom_side,crop_bottom_side,168,image_block_05,fgx,gfx,0.0,1,
3,val,crop_bottom_side,crop_bottom_side,233,image_block_05,fx,gx,0.0,1,
3,val,crop_bottom_side,crop_bottom_side,233,image_block_05,fgx,gfx,0.0,1,
3,val,crop_bottom_side,crop_bottom_side,306,image_block_06,fx,gx,0.0,1,
3,val,crop_bottom_side,crop_bottom_side,306,image_block_06,fgx,gfx,0.0,1,
3,val,crop_bottom_side,crop_bottom_side,181,image_block_06,fx,gx,0.0,1,
3,val,crop_bottom_side,crop_bottom_side,181,image_block_06,fgx,gfx,0.0,1,
3,val,crop_bottom_side,crop_bottom_side,149,image_block_06,fx,gx,0.0,1,
3,val,crop_bottom_side,crop_bottom_side,149,image_block_06,fgx,gfx,0.0,1,
3,val,crop_bottom_side,crop_bottom_side,38,image_block_06,fx,gx,0.0,1,
3,val,crop_bottom_side,crop_bottom_side,38,image_block_06,fgx,gfx,0.0,1,
3,val,crop_bottom_side,crop_bottom_side,238,image_block_06,fx,gx,0.0,1,
3,val,crop_bottom_side,crop_bottom_side,238,image_block_06,fgx,gfx,0.0,1,
3,val,crop_bottom_side,crop_bottom_side,198,image_block_06,fx,gx,0.0,1,
3,val,crop_bottom_side,crop_bottom_side,198,image_block_06,fgx,gfx,0.0,1,
3,val,crop_bottom_side,crop_bottom_side,236,image_block_06,fx,gx,0.0,1,
3,val,crop_bottom_side,crop_bottom_side,236,image_block_06,fgx,gfx,0.0,1,
3,val,crop_bottom_side,crop_bottom_side,138,image_block_06,fx,gx,0.0,1,
3,val,crop_bottom_side,crop_bottom_side,138,image_block_06,fgx,gfx,0.0,1,
3,val,crop_bottom_side,crop_bottom_side,68,image_block_06,fx,gx,0.0,1,
3,val,crop_bottom_side,crop_bottom_side,68,image_block_06,fgx,gfx,0.0,1,
3,val,crop_bottom_side,crop_bottom_side,281,image_block_06,fx,gx,0.0,1,
3,val,crop_bottom_side,crop_bottom_side,281,image_block_06,fgx,gfx,0.0,1,
3,val,crop_bottom_side,crop_bottom_side,29,image_block_06,fx,gx,0.0,1,
3,val,crop_bottom_side,crop_bottom_side,29,image_block_06,fgx,gfx,0.0,1,
3,val,crop_bottom_side,crop_bottom_side,315,image_block_06,fx,gx,0.0,1,
3,val,crop_bottom_side,crop_bottom_side,315,image_block_06,fgx,gfx,0.0,1,
3,val,crop_bottom_side,crop_bottom_side,80,image_block_06,fx,gx,0.0,1,
3,val,crop_bottom_side,crop_bottom_side,80,image_block_06,fgx,gfx,0.0,1,
3,val,crop_bottom_side,crop_bottom_side,12,image_block_06,fx,gx,0.0,1,
3,val,crop_bottom_side,crop_bottom_side,12,image_block_06,fgx,gfx,0.0,1,
3,val,crop_bottom_side,crop_bottom_side,168,image_block_06,fx,gx,0.0,1,
3,val,crop_bottom_side,crop_bottom_side,168,image_block_06,fgx,gfx,0.0,1,
3,val,crop_bottom_side,crop_bottom_side,233,image_block_06,fx,gx,0.0,1,
3,val,crop_bottom_side,crop_bottom_side,233,image_block_06,fgx,gfx,0.0,1,
3,val,crop_bottom_side,crop_bottom_side,306,image_final_norm,fx,gx,0.0,1,
3,val,crop_bottom_side,crop_bottom_side,306,image_final_norm,fgx,gfx,0.0,1,
3,val,crop_bottom_side,crop_bottom_side,181,image_final_norm,fx,gx,0.0,1,
3,val,crop_bottom_side,crop_bottom_side,181,image_final_norm,fgx,gfx,0.0,1,
3,val,crop_bottom_side,crop_bottom_side,149,image_final_norm,fx,gx,0.0,1,
3,val,crop_bottom_side,crop_bottom_side,149,image_final_norm,fgx,gfx,0.0,1,
3,val,crop_bottom_side,crop_bottom_side,38,image_final_norm,fx,gx,0.0,1,
3,val,crop_bottom_side,crop_bottom_side,38,image_final_norm,fgx,gfx,0.0,1,
3,val,crop_bottom_side,crop_bottom_side,238,image_final_norm,fx,gx,0.0,1,
3,val,crop_bottom_side,crop_bottom_side,238,image_final_norm,fgx,gfx,0.0,1,
3,val,crop_bottom_side,crop_bottom_side,198,image_final_norm,fx,gx,0.0,1,
3,val,crop_bottom_side,crop_bottom_side,198,image_final_norm,fgx,gfx,0.0,1,
3,val,crop_bottom_side,crop_bottom_side,236,image_final_norm,fx,gx,0.0,1,
3,val,crop_bottom_side,crop_bottom_side,236,image_final_norm,fgx,gfx,0.0,1,
3,val,crop_bottom_side,crop_bottom_side,138,image_final_norm,fx,gx,0.0,1,
3,val,crop_bottom_side,crop_bottom_side,138,image_final_norm,fgx,gfx,0.0,1,
3,val,crop_bottom_side,crop_bottom_side,68,image_final_norm,fx,gx,0.0,1,
3,val,crop_bottom_side,crop_bottom_side,68,image_final_norm,fgx,gfx,0.0,1,
3,val,crop_bottom_side,crop_bottom_side,281,image_final_norm,fx,gx,0.0,1,
3,val,crop_bottom_side,crop_bottom_side,281,image_final_norm,fgx,gfx,0.0,1,
3,val,crop_bottom_side,crop_bottom_side,29,image_final_norm,fx,gx,0.0,1,
3,val,crop_bottom_side,crop_bottom_side,29,image_final_norm,fgx,gfx,0.0,1,
3,val,crop_bottom_side,crop_bottom_side,315,image_final_norm,fx,gx,0.0,1,
3,val,crop_bottom_side,crop_bottom_side,315,image_final_norm,fgx,gfx,0.0,1,
3,val,crop_bottom_side,crop_bottom_side,80,image_final_norm,fx,gx,0.0,1,
3,val,crop_bottom_side,crop_bottom_side,80,image_final_norm,fgx,gfx,0.0,1,
3,val,crop_bottom_side,crop_bottom_side,12,image_final_norm,fx,gx,0.0,1,
3,val,crop_bottom_side,crop_bottom_side,12,image_final_norm,fgx,gfx,0.0,1,
3,val,crop_bottom_side,crop_bottom_side,168,image_final_norm,fx,gx,0.0,1,
3,val,crop_bottom_side,crop_bottom_side,168,image_final_norm,fgx,gfx,0.0,1,
3,val,crop_bottom_side,crop_bottom_side,233,image_final_norm,fx,gx,0.0,1,
3,val,crop_bottom_side,crop_bottom_side,233,image_final_norm,fgx,gfx,0.0,1,
3,val,crop_bottom_side,crop_bottom_side,264,image_input_tokens,fx,gx,0.0,1,
3,val,crop_bottom_side,crop_bottom_side,264,image_input_tokens,fgx,gfx,0.0,1,
3,val,crop_bottom_side,crop_bottom_side,184,image_input_tokens,fx,gx,0.0,1,
3,val,crop_bottom_side,crop_bottom_side,184,image_input_tokens,fgx,gfx,0.0,1,
3,val,crop_bottom_side,crop_bottom_side,126,image_input_tokens,fx,gx,0.0,1,
3,val,crop_bottom_side,crop_bottom_side,126,image_input_tokens,fgx,gfx,0.0,1,
3,val,crop_bottom_side,crop_bottom_side,259,image_input_tokens,fx,gx,0.0,1,
3,val,crop_bottom_side,crop_bottom_side,259,image_input_tokens,fgx,gfx,0.0,1,
3,val,crop_bottom_side,crop_bottom_side,104,image_input_tokens,fx,gx,0.0,1,
3,val,crop_bottom_side,crop_bottom_side,104,image_input_tokens,fgx,gfx,0.0,1,
3,val,crop_bottom_side,crop_bottom_side,25,image_input_tokens,fx,gx,0.0,1,
3,val,crop_bottom_side,crop_bottom_side,25,image_input_tokens,fgx,gfx,0.0,1,
3,val,crop_bottom_side,crop_bottom_side,284,image_input_tokens,fx,gx,0.0,1,
3,val,crop_bottom_side,crop_bottom_side,284,image_input_tokens,fgx,gfx,0.0,1,
3,val,crop_bottom_side,crop_bottom_side,273,image_input_tokens,fx,gx,0.0,1,
3,val,crop_bottom_side,crop_bottom_side,273,image_input_tokens,fgx,gfx,0.0,1,
3,val,crop_bottom_side,crop_bottom_side,318,image_input_tokens,fx,gx,0.0,1,
3,val,crop_bottom_side,crop_bottom_side,318,image_input_tokens,fgx,gfx,0.0,1,
3,val,crop_bottom_side,crop_bottom_side,40,image_input_tokens,fx,gx,0.0,1,
3,val,crop_bottom_side,crop_bottom_side,40,image_input_tokens,fgx,gfx,0.0,1,
3,val,crop_bottom_side,crop_bottom_side,200,image_input_tokens,fx,gx,0.0,1,
3,val,crop_bottom_side,crop_bottom_side,200,image_input_tokens,fgx,gfx,0.0,1,
3,val,crop_bottom_side,crop_bottom_side,312,image_input_tokens,fx,gx,0.0,1,
3,val,crop_bottom_side,crop_bottom_side,312,image_input_tokens,fgx,gfx,0.0,1,
3,val,crop_bottom_side,crop_bottom_side,118,image_input_tokens,fx,gx,0.0,1,
3,val,crop_bottom_side,crop_bottom_side,118,image_input_tokens,fgx,gfx,0.0,1,
3,val,crop_bottom_side,crop_bottom_side,75,image_input_tokens,fx,gx,0.0,1,
3,val,crop_bottom_side,crop_bottom_side,75,image_input_tokens,fgx,gfx,0.0,1,
3,val,crop_bottom_side,crop_bottom_side,235,image_input_tokens,fx,gx,0.0,1,
3,val,crop_bottom_side,crop_bottom_side,235,image_input_tokens,fgx,gfx,0.0,1,
3,val,crop_bottom_side,crop_bottom_side,159,image_input_tokens,fx,gx,0.0,1,
3,val,crop_bottom_side,crop_bottom_side,159,image_input_tokens,fgx,gfx,0.0,1,
3,val,crop_bottom_side,crop_bottom_side,264,image_block_01,fx,gx,0.0,1,
3,val,crop_bottom_side,crop_bottom_side,264,image_block_01,fgx,gfx,0.0,1,
3,val,crop_bottom_side,crop_bottom_side,184,image_block_01,fx,gx,0.0,1,
3,val,crop_bottom_side,crop_bottom_side,184,image_block_01,fgx,gfx,0.0,1,
3,val,crop_bottom_side,crop_bottom_side,126,image_block_01,fx,gx,0.0,1,
3,val,crop_bottom_side,crop_bottom_side,126,image_block_01,fgx,gfx,0.0,1,
3,val,crop_bottom_side,crop_bottom_side,259,image_block_01,fx,gx,0.0,1,
3,val,crop_bottom_side,crop_bottom_side,259,image_block_01,fgx,gfx,0.0,1,
3,val,crop_bottom_side,crop_bottom_side,104,image_block_01,fx,gx,0.0,1,
3,val,crop_bottom_side,crop_bottom_side,104,image_block_01,fgx,gfx,0.0,1,
3,val,crop_bottom_side,crop_bottom_side,25,image_block_01,fx,gx,0.0,1,
3,val,crop_bottom_side,crop_bottom_side,25,image_block_01,fgx,gfx,0.0,1,
3,val,crop_bottom_side,crop_bottom_side,284,image_block_01,fx,gx,0.0,1,
3,val,crop_bottom_side,crop_bottom_side,284,image_block_01,fgx,gfx,0.0,1,
3,val,crop_bottom_side,crop_bottom_side,273,image_block_01,fx,gx,0.0,1,
3,val,crop_bottom_side,crop_bottom_side,273,image_block_01,fgx,gfx,0.0,1,
3,val,crop_bottom_side,crop_bottom_side,318,image_block_01,fx,gx,0.0,1,
3,val,crop_bottom_side,crop_bottom_side,318,image_block_01,fgx,gfx,0.0,1,
3,val,crop_bottom_side,crop_bottom_side,40,image_block_01,fx,gx,0.0,1,
3,val,crop_bottom_side,crop_bottom_side,40,image_block_01,fgx,gfx,0.0,1,
3,val,crop_bottom_side,crop_bottom_side,200,image_block_01,fx,gx,0.0,1,
3,val,crop_bottom_side,crop_bottom_side,200,image_block_01,fgx,gfx,0.0,1,
3,val,crop_bottom_side,crop_bottom_side,312,image_block_01,fx,gx,0.0,1,
3,val,crop_bottom_side,crop_bottom_side,312,image_block_01,fgx,gfx,0.0,1,
3,val,crop_bottom_side,crop_bottom_side,118,image_block_01,fx,gx,0.0,1,
3,val,crop_bottom_side,crop_bottom_side,118,image_block_01,fgx,gfx,0.0,1,
3,val,crop_bottom_side,crop_bottom_side,75,image_block_01,fx,gx,0.0,1,
3,val,crop_bottom_side,crop_bottom_side,75,image_block_01,fgx,gfx,0.0,1,
3,val,crop_bottom_side,crop_bottom_side,235,image_block_01,fx,gx,0.0,1,
3,val,crop_bottom_side,crop_bottom_side,235,image_block_01,fgx,gfx,0.0,1,
3,val,crop_bottom_side,crop_bottom_side,159,image_block_01,fx,gx,0.0,1,
3,val,crop_bottom_side,crop_bottom_side,159,image_block_01,fgx,gfx,0.0,1,
3,val,crop_bottom_side,crop_bottom_side,264,image_block_02,fx,gx,0.0,1,
3,val,crop_bottom_side,crop_bottom_side,264,image_block_02,fgx,gfx,0.0,1,
3,val,crop_bottom_side,crop_bottom_side,184,image_block_02,fx,gx,0.0,1,
3,val,crop_bottom_side,crop_bottom_side,184,image_block_02,fgx,gfx,0.0,1,
3,val,crop_bottom_side,crop_bottom_side,126,image_block_02,fx,gx,0.0,1,
3,val,crop_bottom_side,crop_bottom_side,126,image_block_02,fgx,gfx,0.0,1,
3,val,crop_bottom_side,crop_bottom_side,259,image_block_02,fx,gx,0.0,1,
3,val,crop_bottom_side,crop_bottom_side,259,image_block_02,fgx,gfx,0.0,1,
3,val,crop_bottom_side,crop_bottom_side,104,image_block_02,fx,gx,0.0,1,
3,val,crop_bottom_side,crop_bottom_side,104,image_block_02,fgx,gfx,0.0,1,
3,val,crop_bottom_side,crop_bottom_side,25,image_block_02,fx,gx,0.0,1,
3,val,crop_bottom_side,crop_bottom_side,25,image_block_02,fgx,gfx,0.0,1,
3,val,crop_bottom_side,crop_bottom_side,284,image_block_02,fx,gx,0.0,1,
3,val,crop_bottom_side,crop_bottom_side,284,image_block_02,fgx,gfx,0.0,1,
3,val,crop_bottom_side,crop_bottom_side,273,image_block_02,fx,gx,0.0,1,
3,val,crop_bottom_side,crop_bottom_side,273,image_block_02,fgx,gfx,0.0,1,
3,val,crop_bottom_side,crop_bottom_side,318,image_block_02,fx,gx,0.0,1,
3,val,crop_bottom_side,crop_bottom_side,318,image_block_02,fgx,gfx,0.0,1,
3,val,crop_bottom_side,crop_bottom_side,40,image_block_02,fx,gx,0.0,1,
3,val,crop_bottom_side,crop_bottom_side,40,image_block_02,fgx,gfx,0.0,1,
3,val,crop_bottom_side,crop_bottom_side,200,image_block_02,fx,gx,0.0,1,
3,val,crop_bottom_side,crop_bottom_side,200,image_block_02,fgx,gfx,0.0,1,
3,val,crop_bottom_side,crop_bottom_side,312,image_block_02,fx,gx,0.0,1,
3,val,crop_bottom_side,crop_bottom_side,312,image_block_02,fgx,gfx,0.0,1,
3,val,crop_bottom_side,crop_bottom_side,118,image_block_02,fx,gx,0.0,1,
3,val,crop_bottom_side,crop_bottom_side,118,image_block_02,fgx,gfx,0.0,1,
3,val,crop_bottom_side,crop_bottom_side,75,image_block_02,fx,gx,0.0,1,
3,val,crop_bottom_side,crop_bottom_side,75,image_block_02,fgx,gfx,0.0,1,
3,val,crop_bottom_side,crop_bottom_side,235,image_block_02,fx,gx,0.0,1,
3,val,crop_bottom_side,crop_bottom_side,235,image_block_02,fgx,gfx,0.0,1,
3,val,crop_bottom_side,crop_bottom_side,159,image_block_02,fx,gx,0.0,1,
3,val,crop_bottom_side,crop_bottom_side,159,image_block_02,fgx,gfx,0.0,1,
3,val,crop_bottom_side,crop_bottom_side,264,image_block_03,fx,gx,0.0,1,
3,val,crop_bottom_side,crop_bottom_side,264,image_block_03,fgx,gfx,0.0,1,
3,val,crop_bottom_side,crop_bottom_side,184,image_block_03,fx,gx,0.0,1,
3,val,crop_bottom_side,crop_bottom_side,184,image_block_03,fgx,gfx,0.0,1,
3,val,crop_bottom_side,crop_bottom_side,126,image_block_03,fx,gx,0.0,1,
3,val,crop_bottom_side,crop_bottom_side,126,image_block_03,fgx,gfx,0.0,1,
3,val,crop_bottom_side,crop_bottom_side,259,image_block_03,fx,gx,0.0,1,
3,val,crop_bottom_side,crop_bottom_side,259,image_block_03,fgx,gfx,0.0,1,
3,val,crop_bottom_side,crop_bottom_side,104,image_block_03,fx,gx,0.0,1,
3,val,crop_bottom_side,crop_bottom_side,104,image_block_03,fgx,gfx,0.0,1,
3,val,crop_bottom_side,crop_bottom_side,25,image_block_03,fx,gx,0.0,1,
3,val,crop_bottom_side,crop_bottom_side,25,image_block_03,fgx,gfx,0.0,1,
3,val,crop_bottom_side,crop_bottom_side,284,image_block_03,fx,gx,0.0,1,
3,val,crop_bottom_side,crop_bottom_side,284,image_block_03,fgx,gfx,0.0,1,
3,val,crop_bottom_side,crop_bottom_side,273,image_block_03,fx,gx,0.0,1,
3,val,crop_bottom_side,crop_bottom_side,273,image_block_03,fgx,gfx,0.0,1,
3,val,crop_bottom_side,crop_bottom_side,318,image_block_03,fx,gx,0.0,1,
3,val,crop_bottom_side,crop_bottom_side,318,image_block_03,fgx,gfx,0.0,1,
3,val,crop_bottom_side,crop_bottom_side,40,image_block_03,fx,gx,0.0,1,
3,val,crop_bottom_side,crop_bottom_side,40,image_block_03,fgx,gfx,0.0,1,
3,val,crop_bottom_side,crop_bottom_side,200,image_block_03,fx,gx,0.0,1,
3,val,crop_bottom_side,crop_bottom_side,200,image_block_03,fgx,gfx,0.0,1,
3,val,crop_bottom_side,crop_bottom_side,312,image_block_03,fx,gx,0.0,1,
3,val,crop_bottom_side,crop_bottom_side,312,image_block_03,fgx,gfx,0.0,1,
3,val,crop_bottom_side,crop_bottom_side,118,image_block_03,fx,gx,0.0,1,
3,val,crop_bottom_side,crop_bottom_side,118,image_block_03,fgx,gfx,0.0,1,
3,val,crop_bottom_side,crop_bottom_side,75,image_block_03,fx,gx,0.0,1,
3,val,crop_bottom_side,crop_bottom_side,75,image_block_03,fgx,gfx,0.0,1,
3,val,crop_bottom_side,crop_bottom_side,235,image_block_03,fx,gx,0.0,1,
3,val,crop_bottom_side,crop_bottom_side,235,image_block_03,fgx,gfx,0.0,1,
3,val,crop_bottom_side,crop_bottom_side,159,image_block_03,fx,gx,0.0,1,
3,val,crop_bottom_side,crop_bottom_side,159,image_block_03,fgx,gfx,0.0,1,
3,val,crop_bottom_side,crop_bottom_side,264,image_block_04,fx,gx,0.0,1,
3,val,crop_bottom_side,crop_bottom_side,264,image_block_04,fgx,gfx,0.0,1,
3,val,crop_bottom_side,crop_bottom_side,184,image_block_04,fx,gx,0.0,1,
3,val,crop_bottom_side,crop_bottom_side,184,image_block_04,fgx,gfx,0.0,1,
3,val,crop_bottom_side,crop_bottom_side,126,image_block_04,fx,gx,0.0,1,
3,val,crop_bottom_side,crop_bottom_side,126,image_block_04,fgx,gfx,0.0,1,
3,val,crop_bottom_side,crop_bottom_side,259,image_block_04,fx,gx,0.0,1,
3,val,crop_bottom_side,crop_bottom_side,259,image_block_04,fgx,gfx,0.0,1,
3,val,crop_bottom_side,crop_bottom_side,104,image_block_04,fx,gx,0.0,1,
3,val,crop_bottom_side,crop_bottom_side,104,image_block_04,fgx,gfx,0.0,1,
3,val,crop_bottom_side,crop_bottom_side,25,image_block_04,fx,gx,0.0,1,
3,val,crop_bottom_side,crop_bottom_side,25,image_block_04,fgx,gfx,0.0,1,
3,val,crop_bottom_side,crop_bottom_side,284,image_block_04,fx,gx,0.0,1,
3,val,crop_bottom_side,crop_bottom_side,284,image_block_04,fgx,gfx,0.0,1,
3,val,crop_bottom_side,crop_bottom_side,273,image_block_04,fx,gx,0.0,1,
3,val,crop_bottom_side,crop_bottom_side,273,image_block_04,fgx,gfx,0.0,1,
3,val,crop_bottom_side,crop_bottom_side,318,image_block_04,fx,gx,0.0,1,
3,val,crop_bottom_side,crop_bottom_side,318,image_block_04,fgx,gfx,0.0,1,
3,val,crop_bottom_side,crop_bottom_side,40,image_block_04,fx,gx,0.0,1,
3,val,crop_bottom_side,crop_bottom_side,40,image_block_04,fgx,gfx,0.0,1,
3,val,crop_bottom_side,crop_bottom_side,200,image_block_04,fx,gx,0.0,1,
3,val,crop_bottom_side,crop_bottom_side,200,image_block_04,fgx,gfx,0.0,1,
3,val,crop_bottom_side,crop_bottom_side,312,image_block_04,fx,gx,0.0,1,
3,val,crop_bottom_side,crop_bottom_side,312,image_block_04,fgx,gfx,0.0,1,
3,val,crop_bottom_side,crop_bottom_side,118,image_block_04,fx,gx,0.0,1,
3,val,crop_bottom_side,crop_bottom_side,118,image_block_04,fgx,gfx,0.0,1,
3,val,crop_bottom_side,crop_bottom_side,75,image_block_04,fx,gx,0.0,1,
3,val,crop_bottom_side,crop_bottom_side,75,image_block_04,fgx,gfx,0.0,1,
3,val,crop_bottom_side,crop_bottom_side,235,image_block_04,fx,gx,0.0,1,
3,val,crop_bottom_side,crop_bottom_side,235,image_block_04,fgx,gfx,0.0,1,
3,val,crop_bottom_side,crop_bottom_side,159,image_block_04,fx,gx,0.0,1,
3,val,crop_bottom_side,crop_bottom_side,159,image_block_04,fgx,gfx,0.0,1,
3,val,crop_bottom_side,crop_bottom_side,264,image_block_05,fx,gx,0.0,1,
3,val,crop_bottom_side,crop_bottom_side,264,image_block_05,fgx,gfx,0.0,1,
3,val,crop_bottom_side,crop_bottom_side,184,image_block_05,fx,gx,0.0,1,
3,val,crop_bottom_side,crop_bottom_side,184,image_block_05,fgx,gfx,0.0,1,
3,val,crop_bottom_side,crop_bottom_side,126,image_block_05,fx,gx,0.0,1,
3,val,crop_bottom_side,crop_bottom_side,126,image_block_05,fgx,gfx,0.0,1,
3,val,crop_bottom_side,crop_bottom_side,259,image_block_05,fx,gx,0.0,1,
3,val,crop_bottom_side,crop_bottom_side,259,image_block_05,fgx,gfx,0.0,1,
3,val,crop_bottom_side,crop_bottom_side,104,image_block_05,fx,gx,0.0,1,
3,val,crop_bottom_side,crop_bottom_side,104,image_block_05,fgx,gfx,0.0,1,
3,val,crop_bottom_side,crop_bottom_side,25,image_block_05,fx,gx,0.0,1,
3,val,crop_bottom_side,crop_bottom_side,25,image_block_05,fgx,gfx,0.0,1,
3,val,crop_bottom_side,crop_bottom_side,284,image_block_05,fx,gx,0.0,1,
3,val,crop_bottom_side,crop_bottom_side,284,image_block_05,fgx,gfx,0.0,1,
3,val,crop_bottom_side,crop_bottom_side,273,image_block_05,fx,gx,0.0,1,
3,val,crop_bottom_side,crop_bottom_side,273,image_block_05,fgx,gfx,0.0,1,
3,val,crop_bottom_side,crop_bottom_side,318,image_block_05,fx,gx,0.0,1,
3,val,crop_bottom_side,crop_bottom_side,318,image_block_05,fgx,gfx,0.0,1,
3,val,crop_bottom_side,crop_bottom_side,40,image_block_05,fx,gx,0.0,1,
3,val,crop_bottom_side,crop_bottom_side,40,image_block_05,fgx,gfx,0.0,1,
3,val,crop_bottom_side,crop_bottom_side,200,image_block_05,fx,gx,0.0,1,
3,val,crop_bottom_side,crop_bottom_side,200,image_block_05,fgx,gfx,0.0,1,
3,val,crop_bottom_side,crop_bottom_side,312,image_block_05,fx,gx,0.0,1,
3,val,crop_bottom_side,crop_bottom_side,312,image_block_05,fgx,gfx,0.0,1,
3,val,crop_bottom_side,crop_bottom_side,118,image_block_05,fx,gx,0.0,1,
3,val,crop_bottom_side,crop_bottom_side,118,image_block_05,fgx,gfx,0.0,1,
3,val,crop_bottom_side,crop_bottom_side,75,image_block_05,fx,gx,0.0,1,
3,val,crop_bottom_side,crop_bottom_side,75,image_block_05,fgx,gfx,0.0,1,
3,val,crop_bottom_side,crop_bottom_side,235,image_block_05,fx,gx,0.0,1,
3,val,crop_bottom_side,crop_bottom_side,235,image_block_05,fgx,gfx,0.0,1,
3,val,crop_bottom_side,crop_bottom_side,159,image_block_05,fx,gx,0.0,1,
3,val,crop_bottom_side,crop_bottom_side,159,image_block_05,fgx,gfx,0.0,1,
3,val,crop_bottom_side,crop_bottom_side,264,image_block_06,fx,gx,0.0,1,
3,val,crop_bottom_side,crop_bottom_side,264,image_block_06,fgx,gfx,0.0,1,
3,val,crop_bottom_side,crop_bottom_side,184,image_block_06,fx,gx,0.0,1,
3,val,crop_bottom_side,crop_bottom_side,184,image_block_06,fgx,gfx,0.0,1,
3,val,crop_bottom_side,crop_bottom_side,126,image_block_06,fx,gx,0.0,1,
3,val,crop_bottom_side,crop_bottom_side,126,image_block_06,fgx,gfx,0.0,1,
3,val,crop_bottom_side,crop_bottom_side,259,image_block_06,fx,gx,0.0,1,
3,val,crop_bottom_side,crop_bottom_side,259,image_block_06,fgx,gfx,0.0,1,
3,val,crop_bottom_side,crop_bottom_side,104,image_block_06,fx,gx,0.0,1,
3,val,crop_bottom_side,crop_bottom_side,104,image_block_06,fgx,gfx,0.0,1,
3,val,crop_bottom_side,crop_bottom_side,25,image_block_06,fx,gx,0.0,1,
3,val,crop_bottom_side,crop_bottom_side,25,image_block_06,fgx,gfx,0.0,1,
3,val,crop_bottom_side,crop_bottom_side,284,image_block_06,fx,gx,0.0,1,
3,val,crop_bottom_side,crop_bottom_side,284,image_block_06,fgx,gfx,0.0,1,
3,val,crop_bottom_side,crop_bottom_side,273,image_block_06,fx,gx,0.0,1,
3,val,crop_bottom_side,crop_bottom_side,273,image_block_06,fgx,gfx,0.0,1,
3,val,crop_bottom_side,crop_bottom_side,318,image_block_06,fx,gx,0.0,1,
3,val,crop_bottom_side,crop_bottom_side,318,image_block_06,fgx,gfx,0.0,1,
3,val,crop_bottom_side,crop_bottom_side,40,image_block_06,fx,gx,0.0,1,
3,val,crop_bottom_side,crop_bottom_side,40,image_block_06,fgx,gfx,0.0,1,
3,val,crop_bottom_side,crop_bottom_side,200,image_block_06,fx,gx,0.0,1,
3,val,crop_bottom_side,crop_bottom_side,200,image_block_06,fgx,gfx,0.0,1,
3,val,crop_bottom_side,crop_bottom_side,312,image_block_06,fx,gx,0.0,1,
3,val,crop_bottom_side,crop_bottom_side,312,image_block_06,fgx,gfx,0.0,1,
3,val,crop_bottom_side,crop_bottom_side,118,image_block_06,fx,gx,0.0,1,
3,val,crop_bottom_side,crop_bottom_side,118,image_block_06,fgx,gfx,0.0,1,
3,val,crop_bottom_side,crop_bottom_side,75,image_block_06,fx,gx,0.0,1,
3,val,crop_bottom_side,crop_bottom_side,75,image_block_06,fgx,gfx,0.0,1,
3,val,crop_bottom_side,crop_bottom_side,235,image_block_06,fx,gx,0.0,1,
3,val,crop_bottom_side,crop_bottom_side,235,image_block_06,fgx,gfx,0.0,1,
3,val,crop_bottom_side,crop_bottom_side,159,image_block_06,fx,gx,0.0,1,
3,val,crop_bottom_side,crop_bottom_side,159,image_block_06,fgx,gfx,0.0,1,
3,val,crop_bottom_side,crop_bottom_side,264,image_final_norm,fx,gx,0.0,1,
3,val,crop_bottom_side,crop_bottom_side,264,image_final_norm,fgx,gfx,0.0,1,
3,val,crop_bottom_side,crop_bottom_side,184,image_final_norm,fx,gx,0.0,1,
3,val,crop_bottom_side,crop_bottom_side,184,image_final_norm,fgx,gfx,0.0,1,
3,val,crop_bottom_side,crop_bottom_side,126,image_final_norm,fx,gx,0.0,1,
3,val,crop_bottom_side,crop_bottom_side,126,image_final_norm,fgx,gfx,0.0,1,
3,val,crop_bottom_side,crop_bottom_side,259,image_final_norm,fx,gx,0.0,1,
3,val,crop_bottom_side,crop_bottom_side,259,image_final_norm,fgx,gfx,0.0,1,
3,val,crop_bottom_side,crop_bottom_side,104,image_final_norm,fx,gx,0.0,1,
3,val,crop_bottom_side,crop_bottom_side,104,image_final_norm,fgx,gfx,0.0,1,
3,val,crop_bottom_side,crop_bottom_side,25,image_final_norm,fx,gx,0.0,1,
3,val,crop_bottom_side,crop_bottom_side,25,image_final_norm,fgx,gfx,0.0,1,
3,val,crop_bottom_side,crop_bottom_side,284,image_final_norm,fx,gx,0.0,1,
3,val,crop_bottom_side,crop_bottom_side,284,image_final_norm,fgx,gfx,0.0,1,
3,val,crop_bottom_side,crop_bottom_side,273,image_final_norm,fx,gx,0.0,1,
3,val,crop_bottom_side,crop_bottom_side,273,image_final_norm,fgx,gfx,0.0,1,
3,val,crop_bottom_side,crop_bottom_side,318,image_final_norm,fx,gx,0.0,1,
3,val,crop_bottom_side,crop_bottom_side,318,image_final_norm,fgx,gfx,0.0,1,
3,val,crop_bottom_side,crop_bottom_side,40,image_final_norm,fx,gx,0.0,1,
3,val,crop_bottom_side,crop_bottom_side,40,image_final_norm,fgx,gfx,0.0,1,
3,val,crop_bottom_side,crop_bottom_side,200,image_final_norm,fx,gx,0.0,1,
3,val,crop_bottom_side,crop_bottom_side,200,image_final_norm,fgx,gfx,0.0,1,
3,val,crop_bottom_side,crop_bottom_side,312,image_final_norm,fx,gx,0.0,1,
3,val,crop_bottom_side,crop_bottom_side,312,image_final_norm,fgx,gfx,0.0,1,
3,val,crop_bottom_side,crop_bottom_side,118,image_final_norm,fx,gx,0.0,1,
3,val,crop_bottom_side,crop_bottom_side,118,image_final_norm,fgx,gfx,0.0,1,
3,val,crop_bottom_side,crop_bottom_side,75,image_final_norm,fx,gx,0.0,1,
3,val,crop_bottom_side,crop_bottom_side,75,image_final_norm,fgx,gfx,0.0,1,
3,val,crop_bottom_side,crop_bottom_side,235,image_final_norm,fx,gx,0.0,1,
3,val,crop_bottom_side,crop_bottom_side,235,image_final_norm,fgx,gfx,0.0,1,
3,val,crop_bottom_side,crop_bottom_side,159,image_final_norm,fx,gx,0.0,1,
3,val,crop_bottom_side,crop_bottom_side,159,image_final_norm,fgx,gfx,0.0,1,
3,val,crop_bottom_side,crop_bottom_side,134,image_input_tokens,fx,gx,0.0,1,
3,val,crop_bottom_side,crop_bottom_side,134,image_input_tokens,fgx,gfx,0.0,1,
3,val,crop_bottom_side,crop_bottom_side,261,image_input_tokens,fx,gx,0.0,1,
3,val,crop_bottom_side,crop_bottom_side,261,image_input_tokens,fgx,gfx,0.0,1,
3,val,crop_bottom_side,crop_bottom_side,263,image_input_tokens,fx,gx,0.0,1,
3,val,crop_bottom_side,crop_bottom_side,263,image_input_tokens,fgx,gfx,0.0,1,
3,val,crop_bottom_side,crop_bottom_side,276,image_input_tokens,fx,gx,0.0,1,
3,val,crop_bottom_side,crop_bottom_side,276,image_input_tokens,fgx,gfx,0.0,1,
3,val,crop_bottom_side,crop_bottom_side,180,image_input_tokens,fx,gx,0.0,1,
3,val,crop_bottom_side,crop_bottom_side,180,image_input_tokens,fgx,gfx,0.0,1,
3,val,crop_bottom_side,crop_bottom_side,143,image_input_tokens,fx,gx,0.0,1,
3,val,crop_bottom_side,crop_bottom_side,143,image_input_tokens,fgx,gfx,0.0,1,
3,val,crop_bottom_side,crop_bottom_side,58,image_input_tokens,fx,gx,0.0,1,
3,val,crop_bottom_side,crop_bottom_side,58,image_input_tokens,fgx,gfx,0.0,1,
3,val,crop_bottom_side,crop_bottom_side,283,image_input_tokens,fx,gx,0.0,1,
3,val,crop_bottom_side,crop_bottom_side,283,image_input_tokens,fgx,gfx,0.0,1,
3,val,crop_bottom_side,crop_bottom_side,158,image_input_tokens,fx,gx,0.0,1,
3,val,crop_bottom_side,crop_bottom_side,158,image_input_tokens,fgx,gfx,0.0,1,
3,val,crop_bottom_side,crop_bottom_side,89,image_input_tokens,fx,gx,0.0,1,
3,val,crop_bottom_side,crop_bottom_side,89,image_input_tokens,fgx,gfx,0.0,1,
3,val,crop_bottom_side,crop_bottom_side,226,image_input_tokens,fx,gx,0.0,1,
3,val,crop_bottom_side,crop_bottom_side,226,image_input_tokens,fgx,gfx,0.0,1,
3,val,crop_bottom_side,crop_bottom_side,171,image_input_tokens,fx,gx,0.0,1,
3,val,crop_bottom_side,crop_bottom_side,171,image_input_tokens,fgx,gfx,0.0,1,
3,val,crop_bottom_side,crop_bottom_side,70,image_input_tokens,fx,gx,0.0,1,
3,val,crop_bottom_side,crop_bottom_side,70,image_input_tokens,fgx,gfx,0.0,1,
3,val,crop_bottom_side,crop_bottom_side,144,image_input_tokens,fx,gx,0.0,1,
3,val,crop_bottom_side,crop_bottom_side,144,image_input_tokens,fgx,gfx,0.0,1,
3,val,crop_bottom_side,crop_bottom_side,271,image_input_tokens,fx,gx,0.0,1,
3,val,crop_bottom_side,crop_bottom_side,271,image_input_tokens,fgx,gfx,0.0,1,
3,val,crop_bottom_side,crop_bottom_side,179,image_input_tokens,fx,gx,0.0,1,
3,val,crop_bottom_side,crop_bottom_side,179,image_input_tokens,fgx,gfx,0.0,1,
3,val,crop_bottom_side,crop_bottom_side,134,image_block_01,fx,gx,0.0,1,
3,val,crop_bottom_side,crop_bottom_side,134,image_block_01,fgx,gfx,0.0,1,
3,val,crop_bottom_side,crop_bottom_side,261,image_block_01,fx,gx,0.0,1,
3,val,crop_bottom_side,crop_bottom_side,261,image_block_01,fgx,gfx,0.0,1,
3,val,crop_bottom_side,crop_bottom_side,263,image_block_01,fx,gx,0.0,1,
3,val,crop_bottom_side,crop_bottom_side,263,image_block_01,fgx,gfx,0.0,1,
3,val,crop_bottom_side,crop_bottom_side,276,image_block_01,fx,gx,0.0,1,
3,val,crop_bottom_side,crop_bottom_side,276,image_block_01,fgx,gfx,0.0,1,
3,val,crop_bottom_side,crop_bottom_side,180,image_block_01,fx,gx,0.0,1,
3,val,crop_bottom_side,crop_bottom_side,180,image_block_01,fgx,gfx,0.0,1,
3,val,crop_bottom_side,crop_bottom_side,143,image_block_01,fx,gx,0.0,1,
3,val,crop_bottom_side,crop_bottom_side,143,image_block_01,fgx,gfx,0.0,1,
3,val,crop_bottom_side,crop_bottom_side,58,image_block_01,fx,gx,0.0,1,
3,val,crop_bottom_side,crop_bottom_side,58,image_block_01,fgx,gfx,0.0,1,
3,val,crop_bottom_side,crop_bottom_side,283,image_block_01,fx,gx,0.0,1,
3,val,crop_bottom_side,crop_bottom_side,283,image_block_01,fgx,gfx,0.0,1,
3,val,crop_bottom_side,crop_bottom_side,158,image_block_01,fx,gx,0.0,1,
3,val,crop_bottom_side,crop_bottom_side,158,image_block_01,fgx,gfx,0.0,1,
3,val,crop_bottom_side,crop_bottom_side,89,image_block_01,fx,gx,0.0,1,
3,val,crop_bottom_side,crop_bottom_side,89,image_block_01,fgx,gfx,0.0,1,
3,val,crop_bottom_side,crop_bottom_side,226,image_block_01,fx,gx,0.0,1,
3,val,crop_bottom_side,crop_bottom_side,226,image_block_01,fgx,gfx,0.0,1,
3,val,crop_bottom_side,crop_bottom_side,171,image_block_01,fx,gx,0.0,1,
3,val,crop_bottom_side,crop_bottom_side,171,image_block_01,fgx,gfx,0.0,1,
3,val,crop_bottom_side,crop_bottom_side,70,image_block_01,fx,gx,0.0,1,
3,val,crop_bottom_side,crop_bottom_side,70,image_block_01,fgx,gfx,0.0,1,
3,val,crop_bottom_side,crop_bottom_side,144,image_block_01,fx,gx,0.0,1,
3,val,crop_bottom_side,crop_bottom_side,144,image_block_01,fgx,gfx,0.0,1,
3,val,crop_bottom_side,crop_bottom_side,271,image_block_01,fx,gx,0.0,1,
3,val,crop_bottom_side,crop_bottom_side,271,image_block_01,fgx,gfx,0.0,1,
3,val,crop_bottom_side,crop_bottom_side,179,image_block_01,fx,gx,0.0,1,
3,val,crop_bottom_side,crop_bottom_side,179,image_block_01,fgx,gfx,0.0,1,
3,val,crop_bottom_side,crop_bottom_side,134,image_block_02,fx,gx,0.0,1,
3,val,crop_bottom_side,crop_bottom_side,134,image_block_02,fgx,gfx,0.0,1,
3,val,crop_bottom_side,crop_bottom_side,261,image_block_02,fx,gx,0.0,1,
3,val,crop_bottom_side,crop_bottom_side,261,image_block_02,fgx,gfx,0.0,1,
3,val,crop_bottom_side,crop_bottom_side,263,image_block_02,fx,gx,0.0,1,
3,val,crop_bottom_side,crop_bottom_side,263,image_block_02,fgx,gfx,0.0,1,
3,val,crop_bottom_side,crop_bottom_side,276,image_block_02,fx,gx,0.0,1,
3,val,crop_bottom_side,crop_bottom_side,276,image_block_02,fgx,gfx,0.0,1,
3,val,crop_bottom_side,crop_bottom_side,180,image_block_02,fx,gx,0.0,1,
3,val,crop_bottom_side,crop_bottom_side,180,image_block_02,fgx,gfx,0.0,1,
3,val,crop_bottom_side,crop_bottom_side,143,image_block_02,fx,gx,0.0,1,
3,val,crop_bottom_side,crop_bottom_side,143,image_block_02,fgx,gfx,0.0,1,
3,val,crop_bottom_side,crop_bottom_side,58,image_block_02,fx,gx,0.0,1,
3,val,crop_bottom_side,crop_bottom_side,58,image_block_02,fgx,gfx,0.0,1,
3,val,crop_bottom_side,crop_bottom_side,283,image_block_02,fx,gx,0.0,1,
3,val,crop_bottom_side,crop_bottom_side,283,image_block_02,fgx,gfx,0.0,1,
3,val,crop_bottom_side,crop_bottom_side,158,image_block_02,fx,gx,0.0,1,
3,val,crop_bottom_side,crop_bottom_side,158,image_block_02,fgx,gfx,0.0,1,
3,val,crop_bottom_side,crop_bottom_side,89,image_block_02,fx,gx,0.0,1,
3,val,crop_bottom_side,crop_bottom_side,89,image_block_02,fgx,gfx,0.0,1,
3,val,crop_bottom_side,crop_bottom_side,226,image_block_02,fx,gx,0.0,1,
3,val,crop_bottom_side,crop_bottom_side,226,image_block_02,fgx,gfx,0.0,1,
3,val,crop_bottom_side,crop_bottom_side,171,image_block_02,fx,gx,0.0,1,
3,val,crop_bottom_side,crop_bottom_side,171,image_block_02,fgx,gfx,0.0,1,
3,val,crop_bottom_side,crop_bottom_side,70,image_block_02,fx,gx,0.0,1,
3,val,crop_bottom_side,crop_bottom_side,70,image_block_02,fgx,gfx,0.0,1,
3,val,crop_bottom_side,crop_bottom_side,144,image_block_02,fx,gx,0.0,1,
3,val,crop_bottom_side,crop_bottom_side,144,image_block_02,fgx,gfx,0.0,1,
3,val,crop_bottom_side,crop_bottom_side,271,image_block_02,fx,gx,0.0,1,
3,val,crop_bottom_side,crop_bottom_side,271,image_block_02,fgx,gfx,0.0,1,
3,val,crop_bottom_side,crop_bottom_side,179,image_block_02,fx,gx,0.0,1,
3,val,crop_bottom_side,crop_bottom_side,179,image_block_02,fgx,gfx,0.0,1,
3,val,crop_bottom_side,crop_bottom_side,134,image_block_03,fx,gx,0.0,1,
3,val,crop_bottom_side,crop_bottom_side,134,image_block_03,fgx,gfx,0.0,1,
3,val,crop_bottom_side,crop_bottom_side,261,image_block_03,fx,gx,0.0,1,
3,val,crop_bottom_side,crop_bottom_side,261,image_block_03,fgx,gfx,0.0,1,
3,val,crop_bottom_side,crop_bottom_side,263,image_block_03,fx,gx,0.0,1,
3,val,crop_bottom_side,crop_bottom_side,263,image_block_03,fgx,gfx,0.0,1,
3,val,crop_bottom_side,crop_bottom_side,276,image_block_03,fx,gx,0.0,1,
3,val,crop_bottom_side,crop_bottom_side,276,image_block_03,fgx,gfx,0.0,1,
3,val,crop_bottom_side,crop_bottom_side,180,image_block_03,fx,gx,0.0,1,
3,val,crop_bottom_side,crop_bottom_side,180,image_block_03,fgx,gfx,0.0,1,
3,val,crop_bottom_side,crop_bottom_side,143,image_block_03,fx,gx,0.0,1,
3,val,crop_bottom_side,crop_bottom_side,143,image_block_03,fgx,gfx,0.0,1,
3,val,crop_bottom_side,crop_bottom_side,58,image_block_03,fx,gx,0.0,1,
3,val,crop_bottom_side,crop_bottom_side,58,image_block_03,fgx,gfx,0.0,1,
3,val,crop_bottom_side,crop_bottom_side,283,image_block_03,fx,gx,0.0,1,
3,val,crop_bottom_side,crop_bottom_side,283,image_block_03,fgx,gfx,0.0,1,
3,val,crop_bottom_side,crop_bottom_side,158,image_block_03,fx,gx,0.0,1,
3,val,crop_bottom_side,crop_bottom_side,158,image_block_03,fgx,gfx,0.0,1,
3,val,crop_bottom_side,crop_bottom_side,89,image_block_03,fx,gx,0.0,1,
3,val,crop_bottom_side,crop_bottom_side,89,image_block_03,fgx,gfx,0.0,1,
3,val,crop_bottom_side,crop_bottom_side,226,image_block_03,fx,gx,0.0,1,
3,val,crop_bottom_side,crop_bottom_side,226,image_block_03,fgx,gfx,0.0,1,
3,val,crop_bottom_side,crop_bottom_side,171,image_block_03,fx,gx,0.0,1,
3,val,crop_bottom_side,crop_bottom_side,171,image_block_03,fgx,gfx,0.0,1,
3,val,crop_bottom_side,crop_bottom_side,70,image_block_03,fx,gx,0.0,1,
3,val,crop_bottom_side,crop_bottom_side,70,image_block_03,fgx,gfx,0.0,1,
3,val,crop_bottom_side,crop_bottom_side,144,image_block_03,fx,gx,0.0,1,
3,val,crop_bottom_side,crop_bottom_side,144,image_block_03,fgx,gfx,0.0,1,
3,val,crop_bottom_side,crop_bottom_side,271,image_block_03,fx,gx,0.0,1,
3,val,crop_bottom_side,crop_bottom_side,271,image_block_03,fgx,gfx,0.0,1,
3,val,crop_bottom_side,crop_bottom_side,179,image_block_03,fx,gx,0.0,1,
3,val,crop_bottom_side,crop_bottom_side,179,image_block_03,fgx,gfx,0.0,1,
3,val,crop_bottom_side,crop_bottom_side,134,image_block_04,fx,gx,0.0,1,
3,val,crop_bottom_side,crop_bottom_side,134,image_block_04,fgx,gfx,0.0,1,
3,val,crop_bottom_side,crop_bottom_side,261,image_block_04,fx,gx,0.0,1,
3,val,crop_bottom_side,crop_bottom_side,261,image_block_04,fgx,gfx,0.0,1,
3,val,crop_bottom_side,crop_bottom_side,263,image_block_04,fx,gx,0.0,1,
3,val,crop_bottom_side,crop_bottom_side,263,image_block_04,fgx,gfx,0.0,1,
3,val,crop_bottom_side,crop_bottom_side,276,image_block_04,fx,gx,0.0,1,
3,val,crop_bottom_side,crop_bottom_side,276,image_block_04,fgx,gfx,0.0,1,
3,val,crop_bottom_side,crop_bottom_side,180,image_block_04,fx,gx,0.0,1,
3,val,crop_bottom_side,crop_bottom_side,180,image_block_04,fgx,gfx,0.0,1,
3,val,crop_bottom_side,crop_bottom_side,143,image_block_04,fx,gx,0.0,1,
3,val,crop_bottom_side,crop_bottom_side,143,image_block_04,fgx,gfx,0.0,1,
3,val,crop_bottom_side,crop_bottom_side,58,image_block_04,fx,gx,0.0,1,
3,val,crop_bottom_side,crop_bottom_side,58,image_block_04,fgx,gfx,0.0,1,
3,val,crop_bottom_side,crop_bottom_side,283,image_block_04,fx,gx,0.0,1,
3,val,crop_bottom_side,crop_bottom_side,283,image_block_04,fgx,gfx,0.0,1,
3,val,crop_bottom_side,crop_bottom_side,158,image_block_04,fx,gx,0.0,1,
3,val,crop_bottom_side,crop_bottom_side,158,image_block_04,fgx,gfx,0.0,1,
3,val,crop_bottom_side,crop_bottom_side,89,image_block_04,fx,gx,0.0,1,
3,val,crop_bottom_side,crop_bottom_side,89,image_block_04,fgx,gfx,0.0,1,
3,val,crop_bottom_side,crop_bottom_side,226,image_block_04,fx,gx,0.0,1,
3,val,crop_bottom_side,crop_bottom_side,226,image_block_04,fgx,gfx,0.0,1,
3,val,crop_bottom_side,crop_bottom_side,171,image_block_04,fx,gx,0.0,1,
3,val,crop_bottom_side,crop_bottom_side,171,image_block_04,fgx,gfx,0.0,1,
3,val,crop_bottom_side,crop_bottom_side,70,image_block_04,fx,gx,0.0,1,
3,val,crop_bottom_side,crop_bottom_side,70,image_block_04,fgx,gfx,0.0,1,
3,val,crop_bottom_side,crop_bottom_side,144,image_block_04,fx,gx,0.0,1,
3,val,crop_bottom_side,crop_bottom_side,144,image_block_04,fgx,gfx,0.0,1,
3,val,crop_bottom_side,crop_bottom_side,271,image_block_04,fx,gx,0.0,1,
3,val,crop_bottom_side,crop_bottom_side,271,image_block_04,fgx,gfx,0.0,1,
3,val,crop_bottom_side,crop_bottom_side,179,image_block_04,fx,gx,0.0,1,
3,val,crop_bottom_side,crop_bottom_side,179,image_block_04,fgx,gfx,0.0,1,
3,val,crop_bottom_side,crop_bottom_side,134,image_block_05,fx,gx,0.0,1,
3,val,crop_bottom_side,crop_bottom_side,134,image_block_05,fgx,gfx,0.0,1,
3,val,crop_bottom_side,crop_bottom_side,261,image_block_05,fx,gx,0.0,1,
3,val,crop_bottom_side,crop_bottom_side,261,image_block_05,fgx,gfx,0.0,1,
3,val,crop_bottom_side,crop_bottom_side,263,image_block_05,fx,gx,0.0,1,
3,val,crop_bottom_side,crop_bottom_side,263,image_block_05,fgx,gfx,0.0,1,
3,val,crop_bottom_side,crop_bottom_side,276,image_block_05,fx,gx,0.0,1,
3,val,crop_bottom_side,crop_bottom_side,276,image_block_05,fgx,gfx,0.0,1,
3,val,crop_bottom_side,crop_bottom_side,180,image_block_05,fx,gx,0.0,1,
3,val,crop_bottom_side,crop_bottom_side,180,image_block_05,fgx,gfx,0.0,1,
3,val,crop_bottom_side,crop_bottom_side,143,image_block_05,fx,gx,0.0,1,
3,val,crop_bottom_side,crop_bottom_side,143,image_block_05,fgx,gfx,0.0,1,
3,val,crop_bottom_side,crop_bottom_side,58,image_block_05,fx,gx,0.0,1,
3,val,crop_bottom_side,crop_bottom_side,58,image_block_05,fgx,gfx,0.0,1,
3,val,crop_bottom_side,crop_bottom_side,283,image_block_05,fx,gx,0.0,1,
3,val,crop_bottom_side,crop_bottom_side,283,image_block_05,fgx,gfx,0.0,1,
3,val,crop_bottom_side,crop_bottom_side,158,image_block_05,fx,gx,0.0,1,
3,val,crop_bottom_side,crop_bottom_side,158,image_block_05,fgx,gfx,0.0,1,
3,val,crop_bottom_side,crop_bottom_side,89,image_block_05,fx,gx,0.0,1,
3,val,crop_bottom_side,crop_bottom_side,89,image_block_05,fgx,gfx,0.0,1,
3,val,crop_bottom_side,crop_bottom_side,226,image_block_05,fx,gx,0.0,1,
3,val,crop_bottom_side,crop_bottom_side,226,image_block_05,fgx,gfx,0.0,1,
3,val,crop_bottom_side,crop_bottom_side,171,image_block_05,fx,gx,0.0,1,
3,val,crop_bottom_side,crop_bottom_side,171,image_block_05,fgx,gfx,0.0,1,
3,val,crop_bottom_side,crop_bottom_side,70,image_block_05,fx,gx,0.0,1,
3,val,crop_bottom_side,crop_bottom_side,70,image_block_05,fgx,gfx,0.0,1,
3,val,crop_bottom_side,crop_bottom_side,144,image_block_05,fx,gx,0.0,1,
3,val,crop_bottom_side,crop_bottom_side,144,image_block_05,fgx,gfx,0.0,1,
3,val,crop_bottom_side,crop_bottom_side,271,image_block_05,fx,gx,0.0,1,
3,val,crop_bottom_side,crop_bottom_side,271,image_block_05,fgx,gfx,0.0,1,
3,val,crop_bottom_side,crop_bottom_side,179,image_block_05,fx,gx,0.0,1,
3,val,crop_bottom_side,crop_bottom_side,179,image_block_05,fgx,gfx,0.0,1,
3,val,crop_bottom_side,crop_bottom_side,134,image_block_06,fx,gx,0.0,1,
3,val,crop_bottom_side,crop_bottom_side,134,image_block_06,fgx,gfx,0.0,1,
3,val,crop_bottom_side,crop_bottom_side,261,image_block_06,fx,gx,0.0,1,
3,val,crop_bottom_side,crop_bottom_side,261,image_block_06,fgx,gfx,0.0,1,
3,val,crop_bottom_side,crop_bottom_side,263,image_block_06,fx,gx,0.0,1,
3,val,crop_bottom_side,crop_bottom_side,263,image_block_06,fgx,gfx,0.0,1,
3,val,crop_bottom_side,crop_bottom_side,276,image_block_06,fx,gx,0.0,1,
3,val,crop_bottom_side,crop_bottom_side,276,image_block_06,fgx,gfx,0.0,1,
3,val,crop_bottom_side,crop_bottom_side,180,image_block_06,fx,gx,0.0,1,
3,val,crop_bottom_side,crop_bottom_side,180,image_block_06,fgx,gfx,0.0,1,
3,val,crop_bottom_side,crop_bottom_side,143,image_block_06,fx,gx,0.0,1,
3,val,crop_bottom_side,crop_bottom_side,143,image_block_06,fgx,gfx,0.0,1,
3,val,crop_bottom_side,crop_bottom_side,58,image_block_06,fx,gx,0.0,1,
3,val,crop_bottom_side,crop_bottom_side,58,image_block_06,fgx,gfx,0.0,1,
3,val,crop_bottom_side,crop_bottom_side,283,image_block_06,fx,gx,0.0,1,
3,val,crop_bottom_side,crop_bottom_side,283,image_block_06,fgx,gfx,0.0,1,
3,val,crop_bottom_side,crop_bottom_side,158,image_block_06,fx,gx,0.0,1,
3,val,crop_bottom_side,crop_bottom_side,158,image_block_06,fgx,gfx,0.0,1,
3,val,crop_bottom_side,crop_bottom_side,89,image_block_06,fx,gx,0.0,1,
3,val,crop_bottom_side,crop_bottom_side,89,image_block_06,fgx,gfx,0.0,1,
3,val,crop_bottom_side,crop_bottom_side,226,image_block_06,fx,gx,0.0,1,
3,val,crop_bottom_side,crop_bottom_side,226,image_block_06,fgx,gfx,0.0,1,
3,val,crop_bottom_side,crop_bottom_side,171,image_block_06,fx,gx,0.0,1,
3,val,crop_bottom_side,crop_bottom_side,171,image_block_06,fgx,gfx,0.0,1,
3,val,crop_bottom_side,crop_bottom_side,70,image_block_06,fx,gx,0.0,1,
3,val,crop_bottom_side,crop_bottom_side,70,image_block_06,fgx,gfx,0.0,1,
3,val,crop_bottom_side,crop_bottom_side,144,image_block_06,fx,gx,0.0,1,
3,val,crop_bottom_side,crop_bottom_side,144,image_block_06,fgx,gfx,0.0,1,
3,val,crop_bottom_side,crop_bottom_side,271,image_block_06,fx,gx,0.0,1,
3,val,crop_bottom_side,crop_bottom_side,271,image_block_06,fgx,gfx,0.0,1,
3,val,crop_bottom_side,crop_bottom_side,179,image_block_06,fx,gx,0.0,1,
3,val,crop_bottom_side,crop_bottom_side,179,image_block_06,fgx,gfx,0.0,1,
3,val,crop_bottom_side,crop_bottom_side,134,image_final_norm,fx,gx,0.0,1,
3,val,crop_bottom_side,crop_bottom_side,134,image_final_norm,fgx,gfx,0.0,1,
3,val,crop_bottom_side,crop_bottom_side,261,image_final_norm,fx,gx,0.0,1,
3,val,crop_bottom_side,crop_bottom_side,261,image_final_norm,fgx,gfx,0.0,1,
3,val,crop_bottom_side,crop_bottom_side,263,image_final_norm,fx,gx,0.0,1,
3,val,crop_bottom_side,crop_bottom_side,263,image_final_norm,fgx,gfx,0.0,1,
3,val,crop_bottom_side,crop_bottom_side,276,image_final_norm,fx,gx,0.0,1,
3,val,crop_bottom_side,crop_bottom_side,276,image_final_norm,fgx,gfx,0.0,1,
3,val,crop_bottom_side,crop_bottom_side,180,image_final_norm,fx,gx,0.0,1,
3,val,crop_bottom_side,crop_bottom_side,180,image_final_norm,fgx,gfx,0.0,1,
3,val,crop_bottom_side,crop_bottom_side,143,image_final_norm,fx,gx,0.0,1,
3,val,crop_bottom_side,crop_bottom_side,143,image_final_norm,fgx,gfx,0.0,1,
3,val,crop_bottom_side,crop_bottom_side,58,image_final_norm,fx,gx,0.0,1,
3,val,crop_bottom_side,crop_bottom_side,58,image_final_norm,fgx,gfx,0.0,1,
3,val,crop_bottom_side,crop_bottom_side,283,image_final_norm,fx,gx,0.0,1,
3,val,crop_bottom_side,crop_bottom_side,283,image_final_norm,fgx,gfx,0.0,1,
3,val,crop_bottom_side,crop_bottom_side,158,image_final_norm,fx,gx,0.0,1,
3,val,crop_bottom_side,crop_bottom_side,158,image_final_norm,fgx,gfx,0.0,1,
3,val,crop_bottom_side,crop_bottom_side,89,image_final_norm,fx,gx,0.0,1,
3,val,crop_bottom_side,crop_bottom_side,89,image_final_norm,fgx,gfx,0.0,1,
3,val,crop_bottom_side,crop_bottom_side,226,image_final_norm,fx,gx,0.0,1,
3,val,crop_bottom_side,crop_bottom_side,226,image_final_norm,fgx,gfx,0.0,1,
3,val,crop_bottom_side,crop_bottom_side,171,image_final_norm,fx,gx,0.0,1,
3,val,crop_bottom_side,crop_bottom_side,171,image_final_norm,fgx,gfx,0.0,1,
3,val,crop_bottom_side,crop_bottom_side,70,image_final_norm,fx,gx,0.0,1,
3,val,crop_bottom_side,crop_bottom_side,70,image_final_norm,fgx,gfx,0.0,1,
3,val,crop_bottom_side,crop_bottom_side,144,image_final_norm,fx,gx,0.0,1,
3,val,crop_bottom_side,crop_bottom_side,144,image_final_norm,fgx,gfx,0.0,1,
3,val,crop_bottom_side,crop_bottom_side,271,image_final_norm,fx,gx,0.0,1,
3,val,crop_bottom_side,crop_bottom_side,271,image_final_norm,fgx,gfx,0.0,1,
3,val,crop_bottom_side,crop_bottom_side,179,image_final_norm,fx,gx,0.0,1,
3,val,crop_bottom_side,crop_bottom_side,179,image_final_norm,fgx,gfx,0.0,1,
3,val,crop_bottom_side,crop_bottom_side,54,image_input_tokens,fx,gx,0.0,1,
3,val,crop_bottom_side,crop_bottom_side,54,image_input_tokens,fgx,gfx,0.0,1,
3,val,crop_bottom_side,crop_bottom_side,162,image_input_tokens,fx,gx,0.0,1,
3,val,crop_bottom_side,crop_bottom_side,162,image_input_tokens,fgx,gfx,0.0,1,
3,val,crop_bottom_side,crop_bottom_side,135,image_input_tokens,fx,gx,0.0,1,
3,val,crop_bottom_side,crop_bottom_side,135,image_input_tokens,fgx,gfx,0.0,1,
3,val,crop_bottom_side,crop_bottom_side,62,image_input_tokens,fx,gx,0.0,1,
3,val,crop_bottom_side,crop_bottom_side,62,image_input_tokens,fgx,gfx,0.0,1,
3,val,crop_bottom_side,crop_bottom_side,211,image_input_tokens,fx,gx,0.0,1,
3,val,crop_bottom_side,crop_bottom_side,211,image_input_tokens,fgx,gfx,0.0,1,
3,val,crop_bottom_side,crop_bottom_side,323,image_input_tokens,fx,gx,0.0,1,
3,val,crop_bottom_side,crop_bottom_side,323,image_input_tokens,fgx,gfx,0.0,1,
3,val,crop_bottom_side,crop_bottom_side,53,image_input_tokens,fx,gx,0.0,1,
3,val,crop_bottom_side,crop_bottom_side,53,image_input_tokens,fgx,gfx,0.0,1,
3,val,crop_bottom_side,crop_bottom_side,258,image_input_tokens,fx,gx,0.0,1,
3,val,crop_bottom_side,crop_bottom_side,258,image_input_tokens,fgx,gfx,0.0,1,
3,val,crop_bottom_side,crop_bottom_side,96,image_input_tokens,fx,gx,0.0,1,
3,val,crop_bottom_side,crop_bottom_side,96,image_input_tokens,fgx,gfx,0.0,1,
3,val,crop_bottom_side,crop_bottom_side,277,image_input_tokens,fx,gx,0.0,1,
3,val,crop_bottom_side,crop_bottom_side,277,image_input_tokens,fgx,gfx,0.0,1,
3,val,crop_bottom_side,crop_bottom_side,317,image_input_tokens,fx,gx,0.0,1,
3,val,crop_bottom_side,crop_bottom_side,317,image_input_tokens,fgx,gfx,0.0,1,
3,val,crop_bottom_side,crop_bottom_side,225,image_input_tokens,fx,gx,0.0,1,
3,val,crop_bottom_side,crop_bottom_side,225,image_input_tokens,fgx,gfx,0.0,1,
3,val,crop_bottom_side,crop_bottom_side,293,image_input_tokens,fx,gx,0.0,1,
3,val,crop_bottom_side,crop_bottom_side,293,image_input_tokens,fgx,gfx,0.0,1,
3,val,crop_bottom_side,crop_bottom_side,298,image_input_tokens,fx,gx,0.0,1,
3,val,crop_bottom_side,crop_bottom_side,298,image_input_tokens,fgx,gfx,0.0,1,
3,val,crop_bottom_side,crop_bottom_side,30,image_input_tokens,fx,gx,0.0,1,
3,val,crop_bottom_side,crop_bottom_side,30,image_input_tokens,fgx,gfx,0.0,1,
3,val,crop_bottom_side,crop_bottom_side,8,image_input_tokens,fx,gx,0.0,1,
3,val,crop_bottom_side,crop_bottom_side,8,image_input_tokens,fgx,gfx,0.0,1,
3,val,crop_bottom_side,crop_bottom_side,54,image_block_01,fx,gx,0.0,1,
3,val,crop_bottom_side,crop_bottom_side,54,image_block_01,fgx,gfx,0.0,1,
3,val,crop_bottom_side,crop_bottom_side,162,image_block_01,fx,gx,0.0,1,
3,val,crop_bottom_side,crop_bottom_side,162,image_block_01,fgx,gfx,0.0,1,
3,val,crop_bottom_side,crop_bottom_side,135,image_block_01,fx,gx,0.0,1,
3,val,crop_bottom_side,crop_bottom_side,135,image_block_01,fgx,gfx,0.0,1,
3,val,crop_bottom_side,crop_bottom_side,62,image_block_01,fx,gx,0.0,1,
3,val,crop_bottom_side,crop_bottom_side,62,image_block_01,fgx,gfx,0.0,1,
3,val,crop_bottom_side,crop_bottom_side,211,image_block_01,fx,gx,0.0,1,
3,val,crop_bottom_side,crop_bottom_side,211,image_block_01,fgx,gfx,0.0,1,
3,val,crop_bottom_side,crop_bottom_side,323,image_block_01,fx,gx,0.0,1,
3,val,crop_bottom_side,crop_bottom_side,323,image_block_01,fgx,gfx,0.0,1,
3,val,crop_bottom_side,crop_bottom_side,53,image_block_01,fx,gx,0.0,1,
3,val,crop_bottom_side,crop_bottom_side,53,image_block_01,fgx,gfx,0.0,1,
3,val,crop_bottom_side,crop_bottom_side,258,image_block_01,fx,gx,0.0,1,
3,val,crop_bottom_side,crop_bottom_side,258,image_block_01,fgx,gfx,0.0,1,
3,val,crop_bottom_side,crop_bottom_side,96,image_block_01,fx,gx,0.0,1,
3,val,crop_bottom_side,crop_bottom_side,96,image_block_01,fgx,gfx,0.0,1,
3,val,crop_bottom_side,crop_bottom_side,277,image_block_01,fx,gx,0.0,1,
3,val,crop_bottom_side,crop_bottom_side,277,image_block_01,fgx,gfx,0.0,1,
3,val,crop_bottom_side,crop_bottom_side,317,image_block_01,fx,gx,0.0,1,
3,val,crop_bottom_side,crop_bottom_side,317,image_block_01,fgx,gfx,0.0,1,
3,val,crop_bottom_side,crop_bottom_side,225,image_block_01,fx,gx,0.0,1,
3,val,crop_bottom_side,crop_bottom_side,225,image_block_01,fgx,gfx,0.0,1,
3,val,crop_bottom_side,crop_bottom_side,293,image_block_01,fx,gx,0.0,1,
3,val,crop_bottom_side,crop_bottom_side,293,image_block_01,fgx,gfx,0.0,1,
3,val,crop_bottom_side,crop_bottom_side,298,image_block_01,fx,gx,0.0,1,
3,val,crop_bottom_side,crop_bottom_side,298,image_block_01,fgx,gfx,0.0,1,
3,val,crop_bottom_side,crop_bottom_side,30,image_block_01,fx,gx,0.0,1,
3,val,crop_bottom_side,crop_bottom_side,30,image_block_01,fgx,gfx,0.0,1,
3,val,crop_bottom_side,crop_bottom_side,8,image_block_01,fx,gx,0.0,1,
3,val,crop_bottom_side,crop_bottom_side,8,image_block_01,fgx,gfx,0.0,1,
3,val,crop_bottom_side,crop_bottom_side,54,image_block_02,fx,gx,0.0,1,
3,val,crop_bottom_side,crop_bottom_side,54,image_block_02,fgx,gfx,0.0,1,
3,val,crop_bottom_side,crop_bottom_side,162,image_block_02,fx,gx,0.0,1,
3,val,crop_bottom_side,crop_bottom_side,162,image_block_02,fgx,gfx,0.0,1,
3,val,crop_bottom_side,crop_bottom_side,135,image_block_02,fx,gx,0.0,1,
3,val,crop_bottom_side,crop_bottom_side,135,image_block_02,fgx,gfx,0.0,1,
3,val,crop_bottom_side,crop_bottom_side,62,image_block_02,fx,gx,0.0,1,
3,val,crop_bottom_side,crop_bottom_side,62,image_block_02,fgx,gfx,0.0,1,
3,val,crop_bottom_side,crop_bottom_side,211,image_block_02,fx,gx,0.0,1,
3,val,crop_bottom_side,crop_bottom_side,211,image_block_02,fgx,gfx,0.0,1,
3,val,crop_bottom_side,crop_bottom_side,323,image_block_02,fx,gx,0.0,1,
3,val,crop_bottom_side,crop_bottom_side,323,image_block_02,fgx,gfx,0.0,1,
3,val,crop_bottom_side,crop_bottom_side,53,image_block_02,fx,gx,0.0,1,
3,val,crop_bottom_side,crop_bottom_side,53,image_block_02,fgx,gfx,0.0,1,
3,val,crop_bottom_side,crop_bottom_side,258,image_block_02,fx,gx,0.0,1,
3,val,crop_bottom_side,crop_bottom_side,258,image_block_02,fgx,gfx,0.0,1,
3,val,crop_bottom_side,crop_bottom_side,96,image_block_02,fx,gx,0.0,1,
3,val,crop_bottom_side,crop_bottom_side,96,image_block_02,fgx,gfx,0.0,1,
3,val,crop_bottom_side,crop_bottom_side,277,image_block_02,fx,gx,0.0,1,
3,val,crop_bottom_side,crop_bottom_side,277,image_block_02,fgx,gfx,0.0,1,
3,val,crop_bottom_side,crop_bottom_side,317,image_block_02,fx,gx,0.0,1,
3,val,crop_bottom_side,crop_bottom_side,317,image_block_02,fgx,gfx,0.0,1,
3,val,crop_bottom_side,crop_bottom_side,225,image_block_02,fx,gx,0.0,1,
3,val,crop_bottom_side,crop_bottom_side,225,image_block_02,fgx,gfx,0.0,1,
3,val,crop_bottom_side,crop_bottom_side,293,image_block_02,fx,gx,0.0,1,
3,val,crop_bottom_side,crop_bottom_side,293,image_block_02,fgx,gfx,0.0,1,
3,val,crop_bottom_side,crop_bottom_side,298,image_block_02,fx,gx,0.0,1,
3,val,crop_bottom_side,crop_bottom_side,298,image_block_02,fgx,gfx,0.0,1,
3,val,crop_bottom_side,crop_bottom_side,30,image_block_02,fx,gx,0.0,1,
3,val,crop_bottom_side,crop_bottom_side,30,image_block_02,fgx,gfx,0.0,1,
3,val,crop_bottom_side,crop_bottom_side,8,image_block_02,fx,gx,0.0,1,
3,val,crop_bottom_side,crop_bottom_side,8,image_block_02,fgx,gfx,0.0,1,
3,val,crop_bottom_side,crop_bottom_side,54,image_block_03,fx,gx,0.0,1,
3,val,crop_bottom_side,crop_bottom_side,54,image_block_03,fgx,gfx,0.0,1,
3,val,crop_bottom_side,crop_bottom_side,162,image_block_03,fx,gx,0.0,1,
3,val,crop_bottom_side,crop_bottom_side,162,image_block_03,fgx,gfx,0.0,1,
3,val,crop_bottom_side,crop_bottom_side,135,image_block_03,fx,gx,0.0,1,
3,val,crop_bottom_side,crop_bottom_side,135,image_block_03,fgx,gfx,0.0,1,
3,val,crop_bottom_side,crop_bottom_side,62,image_block_03,fx,gx,0.0,1,
3,val,crop_bottom_side,crop_bottom_side,62,image_block_03,fgx,gfx,0.0,1,
3,val,crop_bottom_side,crop_bottom_side,211,image_block_03,fx,gx,0.0,1,
3,val,crop_bottom_side,crop_bottom_side,211,image_block_03,fgx,gfx,0.0,1,
3,val,crop_bottom_side,crop_bottom_side,323,image_block_03,fx,gx,0.0,1,
3,val,crop_bottom_side,crop_bottom_side,323,image_block_03,fgx,gfx,0.0,1,
3,val,crop_bottom_side,crop_bottom_side,53,image_block_03,fx,gx,0.0,1,
3,val,crop_bottom_side,crop_bottom_side,53,image_block_03,fgx,gfx,0.0,1,
3,val,crop_bottom_side,crop_bottom_side,258,image_block_03,fx,gx,0.0,1,
3,val,crop_bottom_side,crop_bottom_side,258,image_block_03,fgx,gfx,0.0,1,
3,val,crop_bottom_side,crop_bottom_side,96,image_block_03,fx,gx,0.0,1,
3,val,crop_bottom_side,crop_bottom_side,96,image_block_03,fgx,gfx,0.0,1,
3,val,crop_bottom_side,crop_bottom_side,277,image_block_03,fx,gx,0.0,1,
3,val,crop_bottom_side,crop_bottom_side,277,image_block_03,fgx,gfx,0.0,1,
3,val,crop_bottom_side,crop_bottom_side,317,image_block_03,fx,gx,0.0,1,
3,val,crop_bottom_side,crop_bottom_side,317,image_block_03,fgx,gfx,0.0,1,
3,val,crop_bottom_side,crop_bottom_side,225,image_block_03,fx,gx,0.0,1,
3,val,crop_bottom_side,crop_bottom_side,225,image_block_03,fgx,gfx,0.0,1,
3,val,crop_bottom_side,crop_bottom_side,293,image_block_03,fx,gx,0.0,1,
3,val,crop_bottom_side,crop_bottom_side,293,image_block_03,fgx,gfx,0.0,1,
3,val,crop_bottom_side,crop_bottom_side,298,image_block_03,fx,gx,0.0,1,
3,val,crop_bottom_side,crop_bottom_side,298,image_block_03,fgx,gfx,0.0,1,
3,val,crop_bottom_side,crop_bottom_side,30,image_block_03,fx,gx,0.0,1,
3,val,crop_bottom_side,crop_bottom_side,30,image_block_03,fgx,gfx,0.0,1,
3,val,crop_bottom_side,crop_bottom_side,8,image_block_03,fx,gx,0.0,1,
3,val,crop_bottom_side,crop_bottom_side,8,image_block_03,fgx,gfx,0.0,1,
3,val,crop_bottom_side,crop_bottom_side,54,image_block_04,fx,gx,0.0,1,
3,val,crop_bottom_side,crop_bottom_side,54,image_block_04,fgx,gfx,0.0,1,
3,val,crop_bottom_side,crop_bottom_side,162,image_block_04,fx,gx,0.0,1,
3,val,crop_bottom_side,crop_bottom_side,162,image_block_04,fgx,gfx,0.0,1,
3,val,crop_bottom_side,crop_bottom_side,135,image_block_04,fx,gx,0.0,1,
3,val,crop_bottom_side,crop_bottom_side,135,image_block_04,fgx,gfx,0.0,1,
3,val,crop_bottom_side,crop_bottom_side,62,image_block_04,fx,gx,0.0,1,
3,val,crop_bottom_side,crop_bottom_side,62,image_block_04,fgx,gfx,0.0,1,
3,val,crop_bottom_side,crop_bottom_side,211,image_block_04,fx,gx,0.0,1,
3,val,crop_bottom_side,crop_bottom_side,211,image_block_04,fgx,gfx,0.0,1,
3,val,crop_bottom_side,crop_bottom_side,323,image_block_04,fx,gx,0.0,1,
3,val,crop_bottom_side,crop_bottom_side,323,image_block_04,fgx,gfx,0.0,1,
3,val,crop_bottom_side,crop_bottom_side,53,image_block_04,fx,gx,0.0,1,
3,val,crop_bottom_side,crop_bottom_side,53,image_block_04,fgx,gfx,0.0,1,
3,val,crop_bottom_side,crop_bottom_side,258,image_block_04,fx,gx,0.0,1,
3,val,crop_bottom_side,crop_bottom_side,258,image_block_04,fgx,gfx,0.0,1,
3,val,crop_bottom_side,crop_bottom_side,96,image_block_04,fx,gx,0.0,1,
3,val,crop_bottom_side,crop_bottom_side,96,image_block_04,fgx,gfx,0.0,1,
3,val,crop_bottom_side,crop_bottom_side,277,image_block_04,fx,gx,0.0,1,
3,val,crop_bottom_side,crop_bottom_side,277,image_block_04,fgx,gfx,0.0,1,
3,val,crop_bottom_side,crop_bottom_side,317,image_block_04,fx,gx,0.0,1,
3,val,crop_bottom_side,crop_bottom_side,317,image_block_04,fgx,gfx,0.0,1,
3,val,crop_bottom_side,crop_bottom_side,225,image_block_04,fx,gx,0.0,1,
3,val,crop_bottom_side,crop_bottom_side,225,image_block_04,fgx,gfx,0.0,1,
3,val,crop_bottom_side,crop_bottom_side,293,image_block_04,fx,gx,0.0,1,
3,val,crop_bottom_side,crop_bottom_side,293,image_block_04,fgx,gfx,0.0,1,
3,val,crop_bottom_side,crop_bottom_side,298,image_block_04,fx,gx,0.0,1,
3,val,crop_bottom_side,crop_bottom_side,298,image_block_04,fgx,gfx,0.0,1,
3,val,crop_bottom_side,crop_bottom_side,30,image_block_04,fx,gx,0.0,1,
3,val,crop_bottom_side,crop_bottom_side,30,image_block_04,fgx,gfx,0.0,1,
3,val,crop_bottom_side,crop_bottom_side,8,image_block_04,fx,gx,0.0,1,
3,val,crop_bottom_side,crop_bottom_side,8,image_block_04,fgx,gfx,0.0,1,
3,val,crop_bottom_side,crop_bottom_side,54,image_block_05,fx,gx,0.0,1,
3,val,crop_bottom_side,crop_bottom_side,54,image_block_05,fgx,gfx,0.0,1,
3,val,crop_bottom_side,crop_bottom_side,162,image_block_05,fx,gx,0.0,1,
3,val,crop_bottom_side,crop_bottom_side,162,image_block_05,fgx,gfx,0.0,1,
3,val,crop_bottom_side,crop_bottom_side,135,image_block_05,fx,gx,0.0,1,
3,val,crop_bottom_side,crop_bottom_side,135,image_block_05,fgx,gfx,0.0,1,
3,val,crop_bottom_side,crop_bottom_side,62,image_block_05,fx,gx,0.0,1,
3,val,crop_bottom_side,crop_bottom_side,62,image_block_05,fgx,gfx,0.0,1,
3,val,crop_bottom_side,crop_bottom_side,211,image_block_05,fx,gx,0.0,1,
3,val,crop_bottom_side,crop_bottom_side,211,image_block_05,fgx,gfx,0.0,1,
3,val,crop_bottom_side,crop_bottom_side,323,image_block_05,fx,gx,0.0,1,
3,val,crop_bottom_side,crop_bottom_side,323,image_block_05,fgx,gfx,0.0,1,
3,val,crop_bottom_side,crop_bottom_side,53,image_block_05,fx,gx,0.0,1,
3,val,crop_bottom_side,crop_bottom_side,53,image_block_05,fgx,gfx,0.0,1,
3,val,crop_bottom_side,crop_bottom_side,258,image_block_05,fx,gx,0.0,1,
3,val,crop_bottom_side,crop_bottom_side,258,image_block_05,fgx,gfx,0.0,1,
3,val,crop_bottom_side,crop_bottom_side,96,image_block_05,fx,gx,0.0,1,
3,val,crop_bottom_side,crop_bottom_side,96,image_block_05,fgx,gfx,0.0,1,
3,val,crop_bottom_side,crop_bottom_side,277,image_block_05,fx,gx,0.0,1,
3,val,crop_bottom_side,crop_bottom_side,277,image_block_05,fgx,gfx,0.0,1,
3,val,crop_bottom_side,crop_bottom_side,317,image_block_05,fx,gx,0.0,1,
3,val,crop_bottom_side,crop_bottom_side,317,image_block_05,fgx,gfx,0.0,1,
3,val,crop_bottom_side,crop_bottom_side,225,image_block_05,fx,gx,0.0,1,
3,val,crop_bottom_side,crop_bottom_side,225,image_block_05,fgx,gfx,0.0,1,
3,val,crop_bottom_side,crop_bottom_side,293,image_block_05,fx,gx,0.0,1,
3,val,crop_bottom_side,crop_bottom_side,293,image_block_05,fgx,gfx,0.0,1,
3,val,crop_bottom_side,crop_bottom_side,298,image_block_05,fx,gx,0.0,1,
3,val,crop_bottom_side,crop_bottom_side,298,image_block_05,fgx,gfx,0.0,1,
3,val,crop_bottom_side,crop_bottom_side,30,image_block_05,fx,gx,0.0,1,
3,val,crop_bottom_side,crop_bottom_side,30,image_block_05,fgx,gfx,0.0,1,
3,val,crop_bottom_side,crop_bottom_side,8,image_block_05,fx,gx,0.0,1,
3,val,crop_bottom_side,crop_bottom_side,8,image_block_05,fgx,gfx,0.0,1,
3,val,crop_bottom_side,crop_bottom_side,54,image_block_06,fx,gx,0.0,1,
3,val,crop_bottom_side,crop_bottom_side,54,image_block_06,fgx,gfx,0.0,1,
3,val,crop_bottom_side,crop_bottom_side,162,image_block_06,fx,gx,0.0,1,
3,val,crop_bottom_side,crop_bottom_side,162,image_block_06,fgx,gfx,0.0,1,
3,val,crop_bottom_side,crop_bottom_side,135,image_block_06,fx,gx,0.0,1,
3,val,crop_bottom_side,crop_bottom_side,135,image_block_06,fgx,gfx,0.0,1,
3,val,crop_bottom_side,crop_bottom_side,62,image_block_06,fx,gx,0.0,1,
3,val,crop_bottom_side,crop_bottom_side,62,image_block_06,fgx,gfx,0.0,1,
3,val,crop_bottom_side,crop_bottom_side,211,image_block_06,fx,gx,0.0,1,
3,val,crop_bottom_side,crop_bottom_side,211,image_block_06,fgx,gfx,0.0,1,
3,val,crop_bottom_side,crop_bottom_side,323,image_block_06,fx,gx,0.0,1,
3,val,crop_bottom_side,crop_bottom_side,323,image_block_06,fgx,gfx,0.0,1,
3,val,crop_bottom_side,crop_bottom_side,53,image_block_06,fx,gx,0.0,1,
3,val,crop_bottom_side,crop_bottom_side,53,image_block_06,fgx,gfx,0.0,1,
3,val,crop_bottom_side,crop_bottom_side,258,image_block_06,fx,gx,0.0,1,
3,val,crop_bottom_side,crop_bottom_side,258,image_block_06,fgx,gfx,0.0,1,
3,val,crop_bottom_side,crop_bottom_side,96,image_block_06,fx,gx,0.0,1,
3,val,crop_bottom_side,crop_bottom_side,96,image_block_06,fgx,gfx,0.0,1,
3,val,crop_bottom_side,crop_bottom_side,277,image_block_06,fx,gx,0.0,1,
3,val,crop_bottom_side,crop_bottom_side,277,image_block_06,fgx,gfx,0.0,1,
3,val,crop_bottom_side,crop_bottom_side,317,image_block_06,fx,gx,0.0,1,
3,val,crop_bottom_side,crop_bottom_side,317,image_block_06,fgx,gfx,0.0,1,
3,val,crop_bottom_side,crop_bottom_side,225,image_block_06,fx,gx,0.0,1,
3,val,crop_bottom_side,crop_bottom_side,225,image_block_06,fgx,gfx,0.0,1,
3,val,crop_bottom_side,crop_bottom_side,293,image_block_06,fx,gx,0.0,1,
3,val,crop_bottom_side,crop_bottom_side,293,image_block_06,fgx,gfx,0.0,1,
3,val,crop_bottom_side,crop_bottom_side,298,image_block_06,fx,gx,0.0,1,
3,val,crop_bottom_side,crop_bottom_side,298,image_block_06,fgx,gfx,0.0,1,
3,val,crop_bottom_side,crop_bottom_side,30,image_block_06,fx,gx,0.0,1,
3,val,crop_bottom_side,crop_bottom_side,30,image_block_06,fgx,gfx,0.0,1,
3,val,crop_bottom_side,crop_bottom_side,8,image_block_06,fx,gx,0.0,1,
3,val,crop_bottom_side,crop_bottom_side,8,image_block_06,fgx,gfx,0.0,1,
3,val,crop_bottom_side,crop_bottom_side,54,image_final_norm,fx,gx,0.0,1,
3,val,crop_bottom_side,crop_bottom_side,54,image_final_norm,fgx,gfx,0.0,1,
3,val,crop_bottom_side,crop_bottom_side,162,image_final_norm,fx,gx,0.0,1,
3,val,crop_bottom_side,crop_bottom_side,162,image_final_norm,fgx,gfx,0.0,1,
3,val,crop_bottom_side,crop_bottom_side,135,image_final_norm,fx,gx,0.0,1,
3,val,crop_bottom_side,crop_bottom_side,135,image_final_norm,fgx,gfx,0.0,1,
3,val,crop_bottom_side,crop_bottom_side,62,image_final_norm,fx,gx,0.0,1,
3,val,crop_bottom_side,crop_bottom_side,62,image_final_norm,fgx,gfx,0.0,1,
3,val,crop_bottom_side,crop_bottom_side,211,image_final_norm,fx,gx,0.0,1,
3,val,crop_bottom_side,crop_bottom_side,211,image_final_norm,fgx,gfx,0.0,1,
3,val,crop_bottom_side,crop_bottom_side,323,image_final_norm,fx,gx,0.0,1,
3,val,crop_bottom_side,crop_bottom_side,323,image_final_norm,fgx,gfx,0.0,1,
3,val,crop_bottom_side,crop_bottom_side,53,image_final_norm,fx,gx,0.0,1,
3,val,crop_bottom_side,crop_bottom_side,53,image_final_norm,fgx,gfx,0.0,1,
3,val,crop_bottom_side,crop_bottom_side,258,image_final_norm,fx,gx,0.0,1,
3,val,crop_bottom_side,crop_bottom_side,258,image_final_norm,fgx,gfx,0.0,1,
3,val,crop_bottom_side,crop_bottom_side,96,image_final_norm,fx,gx,0.0,1,
3,val,crop_bottom_side,crop_bottom_side,96,image_final_norm,fgx,gfx,0.0,1,
3,val,crop_bottom_side,crop_bottom_side,277,image_final_norm,fx,gx,0.0,1,
3,val,crop_bottom_side,crop_bottom_side,277,image_final_norm,fgx,gfx,0.0,1,
3,val,crop_bottom_side,crop_bottom_side,317,image_final_norm,fx,gx,0.0,1,
3,val,crop_bottom_side,crop_bottom_side,317,image_final_norm,fgx,gfx,0.0,1,
3,val,crop_bottom_side,crop_bottom_side,225,image_final_norm,fx,gx,0.0,1,
3,val,crop_bottom_side,crop_bottom_side,225,image_final_norm,fgx,gfx,0.0,1,
3,val,crop_bottom_side,crop_bottom_side,293,image_final_norm,fx,gx,0.0,1,
3,val,crop_bottom_side,crop_bottom_side,293,image_final_norm,fgx,gfx,0.0,1,
3,val,crop_bottom_side,crop_bottom_side,298,image_final_norm,fx,gx,0.0,1,
3,val,crop_bottom_side,crop_bottom_side,298,image_final_norm,fgx,gfx,0.0,1,
3,val,crop_bottom_side,crop_bottom_side,30,image_final_norm,fx,gx,0.0,1,
3,val,crop_bottom_side,crop_bottom_side,30,image_final_norm,fgx,gfx,0.0,1,
3,val,crop_bottom_side,crop_bottom_side,8,image_final_norm,fx,gx,0.0,1,
3,val,crop_bottom_side,crop_bottom_side,8,image_final_norm,fgx,gfx,0.0,1,
3,val,crop_bottom_side,pad_top,161,image_input_tokens,fgx,gfx,0.008947271241283814,0,1
3,val,crop_bottom_side,pad_top,247,image_input_tokens,fgx,gfx,0.010624769004233339,0,1
3,val,crop_bottom_side,pad_top,101,image_input_tokens,fgx,gfx,0.011762011897857756,0,1
3,val,crop_bottom_side,pad_top,309,image_input_tokens,fgx,gfx,0.009008802023738008,0,1
3,val,crop_bottom_side,pad_top,294,image_input_tokens,fgx,gfx,0.01602943850262262,0,1
3,val,crop_bottom_side,pad_top,161,image_block_01,fgx,gfx,0.046759926226775675,0,1
3,val,crop_bottom_side,pad_top,247,image_block_01,fgx,gfx,0.05923656941686633,0,0
3,val,crop_bottom_side,pad_top,101,image_block_01,fgx,gfx,0.046515911862223216,0,1
3,val,crop_bottom_side,pad_top,309,image_block_01,fgx,gfx,0.061632623307286194,0,0
3,val,crop_bottom_side,pad_top,294,image_block_01,fgx,gfx,0.07469621977553002,0,0
3,val,crop_bottom_side,pad_top,161,image_block_02,fgx,gfx,0.07784561211029999,0,0
3,val,crop_bottom_side,pad_top,247,image_block_02,fgx,gfx,0.09727890201187925,0,0
3,val,crop_bottom_side,pad_top,101,image_block_02,fgx,gfx,0.10426037668197391,0,0
3,val,crop_bottom_side,pad_top,309,image_block_02,fgx,gfx,0.09768562084765131,0,0
3,val,crop_bottom_side,pad_top,294,image_block_02,fgx,gfx,0.1263938297143339,0,0
3,val,crop_bottom_side,pad_top,161,image_block_03,fgx,gfx,0.11759910560263659,0,0
3,val,crop_bottom_side,pad_top,247,image_block_03,fgx,gfx,0.12641034892133343,0,0
3,val,crop_bottom_side,pad_top,101,image_block_03,fgx,gfx,0.14952133949540666,0,0
3,val,crop_bottom_side,pad_top,309,image_block_03,fgx,gfx,0.14808261823710156,0,0
3,val,crop_bottom_side,pad_top,294,image_block_03,fgx,gfx,0.1464062324426048,0,0
3,val,crop_bottom_side,pad_top,161,image_block_04,fgx,gfx,0.12948691077529162,0,0
3,val,crop_bottom_side,pad_top,247,image_block_04,fgx,gfx,0.15769090041686715,0,0
3,val,crop_bottom_side,pad_top,101,image_block_04,fgx,gfx,0.18310885918706513,0,0
3,val,crop_bottom_side,pad_top,309,image_block_04,fgx,gfx,0.16888210494828954,0,0
3,val,crop_bottom_side,pad_top,294,image_block_04,fgx,gfx,0.15642716812187146,0,0
3,val,crop_bottom_side,pad_top,161,image_block_05,fgx,gfx,0.12999855741836783,0,0
3,val,crop_bottom_side,pad_top,247,image_block_05,fgx,gfx,0.17544787121697653,0,0
3,val,crop_bottom_side,pad_top,101,image_block_05,fgx,gfx,0.2222246642908895,0,0
3,val,crop_bottom_side,pad_top,309,image_block_05,fgx,gfx,0.20167492376912438,0,0
3,val,crop_bottom_side,pad_top,294,image_block_05,fgx,gfx,0.2136299089830346,0,0
3,val,crop_bottom_side,pad_top,161,image_block_06,fgx,gfx,0.221343272766613,0,0
3,val,crop_bottom_side,pad_top,247,image_block_06,fgx,gfx,0.27357526142409305,0,0
3,val,crop_bottom_side,pad_top,101,image_block_06,fgx,gfx,0.29366277045706884,0,0
3,val,crop_bottom_side,pad_top,309,image_block_06,fgx,gfx,0.24641233305187188,0,0
3,val,crop_bottom_side,pad_top,294,image_block_06,fgx,gfx,0.35636215908716995,0,0
3,val,crop_bottom_side,pad_top,161,image_final_norm,fgx,gfx,0.2095813340603536,0,0
3,val,crop_bottom_side,pad_top,247,image_final_norm,fgx,gfx,0.2601919569389255,0,0
3,val,crop_bottom_side,pad_top,101,image_final_norm,fgx,gfx,0.2667723978919995,0,0
3,val,crop_bottom_side,pad_top,309,image_final_norm,fgx,gfx,0.24441616396290122,0,0
3,val,crop_bottom_side,pad_top,294,image_final_norm,fgx,gfx,0.3326195374357952,0,0
3,val,crop_bottom_side,pad_top,203,image_input_tokens,fgx,gfx,0.011988643340961886,0,1
3,val,crop_bottom_side,pad_top,19,image_input_tokens,fgx,gfx,0.009339811577863108,0,1
3,val,crop_bottom_side,pad_top,203,image_block_01,fgx,gfx,0.06475489902025539,0,0
3,val,crop_bottom_side,pad_top,19,image_block_01,fgx,gfx,0.05262202909334656,0,0
3,val,crop_bottom_side,pad_top,203,image_block_02,fgx,gfx,0.09569158850810076,0,0
3,val,crop_bottom_side,pad_top,19,image_block_02,fgx,gfx,0.09642676958524307,0,0
3,val,crop_bottom_side,pad_top,203,image_block_03,fgx,gfx,0.1744823578185509,0,0
3,val,crop_bottom_side,pad_top,19,image_block_03,fgx,gfx,0.15487640679010584,0,0
3,val,crop_bottom_side,pad_top,203,image_block_04,fgx,gfx,0.19393185467727597,0,0
3,val,crop_bottom_side,pad_top,19,image_block_04,fgx,gfx,0.19567976620837693,0,0
3,val,crop_bottom_side,pad_top,203,image_block_05,fgx,gfx,0.1762456030490775,0,0
3,val,crop_bottom_side,pad_top,19,image_block_05,fgx,gfx,0.19511084777935514,0,0
3,val,crop_bottom_side,pad_top,203,image_block_06,fgx,gfx,0.2835169336736771,0,0
3,val,crop_bottom_side,pad_top,19,image_block_06,fgx,gfx,0.27650050110526275,0,0
3,val,crop_bottom_side,pad_top,203,image_final_norm,fgx,gfx,0.26056520432678437,0,0
3,val,crop_bottom_side,pad_top,19,image_final_norm,fgx,gfx,0.2520105318298413,0,0
3,val,crop_bottom_side,pad_top,38,image_input_tokens,fgx,gfx,0.008269025205376677,0,1
3,val,crop_bottom_side,pad_top,238,image_input_tokens,fgx,gfx,0.011102178788785836,0,1
3,val,crop_bottom_side,pad_top,38,image_block_01,fgx,gfx,0.04807961188353998,0,1
3,val,crop_bottom_side,pad_top,238,image_block_01,fgx,gfx,0.05233384276081163,0,0
3,val,crop_bottom_side,pad_top,38,image_block_02,fgx,gfx,0.11184925375205985,0,0
3,val,crop_bottom_side,pad_top,238,image_block_02,fgx,gfx,0.08341235686252291,0,0
3,val,crop_bottom_side,pad_top,38,image_block_03,fgx,gfx,0.1946762237988162,0,0
3,val,crop_bottom_side,pad_top,238,image_block_03,fgx,gfx,0.14603825524818853,0,0
3,val,crop_bottom_side,pad_top,38,image_block_04,fgx,gfx,0.208401855587244,0,0
3,val,crop_bottom_side,pad_top,238,image_block_04,fgx,gfx,0.21600218137288263,0,0
3,val,crop_bottom_side,pad_top,38,image_block_05,fgx,gfx,0.21195421833547506,0,0
3,val,crop_bottom_side,pad_top,238,image_block_05,fgx,gfx,0.22751660369421667,0,0
3,val,crop_bottom_side,pad_top,38,image_block_06,fgx,gfx,0.33149175514476886,0,0
3,val,crop_bottom_side,pad_top,238,image_block_06,fgx,gfx,0.35944381856638785,0,0
3,val,crop_bottom_side,pad_top,38,image_final_norm,fgx,gfx,0.31309484006068017,0,0
3,val,crop_bottom_side,pad_top,238,image_final_norm,fgx,gfx,0.33882455425996916,0,0
3,val,crop_bottom_side,pad_top,104,image_input_tokens,fgx,gfx,0.011134062866783234,0,1
3,val,crop_bottom_side,pad_top,40,image_input_tokens,fgx,gfx,0.009657759247679741,0,1
3,val,crop_bottom_side,pad_top,200,image_input_tokens,fgx,gfx,0.009065810109078545,0,1
3,val,crop_bottom_side,pad_top,118,image_input_tokens,fgx,gfx,0.009418500746375283,0,1
3,val,crop_bottom_side,pad_top,104,image_block_01,fgx,gfx,0.0826643636256188,0,0
3,val,crop_bottom_side,pad_top,40,image_block_01,fgx,gfx,0.04663826439264753,0,1
3,val,crop_bottom_side,pad_top,200,image_block_01,fgx,gfx,0.04337070136239554,0,1
3,val,crop_bottom_side,pad_top,118,image_block_01,fgx,gfx,0.07290181830795302,0,0
3,val,crop_bottom_side,pad_top,104,image_block_02,fgx,gfx,0.12111261788841639,0,0
3,val,crop_bottom_side,pad_top,40,image_block_02,fgx,gfx,0.07991491234355781,0,0
3,val,crop_bottom_side,pad_top,200,image_block_02,fgx,gfx,0.09699256587259447,0,0
3,val,crop_bottom_side,pad_top,118,image_block_02,fgx,gfx,0.09742950284671525,0,0
3,val,crop_bottom_side,pad_top,104,image_block_03,fgx,gfx,0.17967940730730905,0,0
3,val,crop_bottom_side,pad_top,40,image_block_03,fgx,gfx,0.11971267185194404,0,0
3,val,crop_bottom_side,pad_top,200,image_block_03,fgx,gfx,0.17937400812764365,0,0
3,val,crop_bottom_side,pad_top,118,image_block_03,fgx,gfx,0.1390696769642829,0,0
3,val,crop_bottom_side,pad_top,104,image_block_04,fgx,gfx,0.24965950090616348,0,0
3,val,crop_bottom_side,pad_top,40,image_block_04,fgx,gfx,0.14348627761752406,0,0
3,val,crop_bottom_side,pad_top,200,image_block_04,fgx,gfx,0.1529543807608407,0,0
3,val,crop_bottom_side,pad_top,118,image_block_04,fgx,gfx,0.17089985259023746,0,0
3,val,crop_bottom_side,pad_top,104,image_block_05,fgx,gfx,0.26506153199397475,0,0
3,val,crop_bottom_side,pad_top,40,image_block_05,fgx,gfx,0.16412491052898312,0,0
3,val,crop_bottom_side,pad_top,200,image_block_05,fgx,gfx,0.18807674844817268,0,0
3,val,crop_bottom_side,pad_top,118,image_block_05,fgx,gfx,0.19261324085405643,0,0
3,val,crop_bottom_side,pad_top,104,image_block_06,fgx,gfx,0.37677085290625545,0,0
3,val,crop_bottom_side,pad_top,40,image_block_06,fgx,gfx,0.3109706602534551,0,0
3,val,crop_bottom_side,pad_top,200,image_block_06,fgx,gfx,0.24662858580555028,0,0
3,val,crop_bottom_side,pad_top,118,image_block_06,fgx,gfx,0.3494147858828914,0,0
3,val,crop_bottom_side,pad_top,104,image_final_norm,fgx,gfx,0.3871793276040655,0,0
3,val,crop_bottom_side,pad_top,40,image_final_norm,fgx,gfx,0.3023735146944393,0,0
3,val,crop_bottom_side,pad_top,200,image_final_norm,fgx,gfx,0.24040552967461257,0,0
3,val,crop_bottom_side,pad_top,118,image_final_norm,fgx,gfx,0.35726557259683744,0,0
3,val,crop_bottom_side,pad_top,276,image_input_tokens,fgx,gfx,0.013736299061742325,0,1
3,val,crop_bottom_side,pad_top,283,image_input_tokens,fgx,gfx,0.009807527345494258,0,1
3,val,crop_bottom_side,pad_top,144,image_input_tokens,fgx,gfx,0.009036580064006362,0,1
3,val,crop_bottom_side,pad_top,276,image_block_01,fgx,gfx,0.056848151136113106,0,0
3,val,crop_bottom_side,pad_top,283,image_block_01,fgx,gfx,0.05499896865615494,0,0
3,val,crop_bottom_side,pad_top,144,image_block_01,fgx,gfx,0.046116042189346694,0,1
3,val,crop_bottom_side,pad_top,276,image_block_02,fgx,gfx,0.0994815003813028,0,0
3,val,crop_bottom_side,pad_top,283,image_block_02,fgx,gfx,0.12251343721693496,0,0
3,val,crop_bottom_side,pad_top,144,image_block_02,fgx,gfx,0.08465062897081864,0,0
3,val,crop_bottom_side,pad_top,276,image_block_03,fgx,gfx,0.16186584707896842,0,0
3,val,crop_bottom_side,pad_top,283,image_block_03,fgx,gfx,0.1269423321782578,0,0
3,val,crop_bottom_side,pad_top,144,image_block_03,fgx,gfx,0.1491857163661887,0,0
3,val,crop_bottom_side,pad_top,276,image_block_04,fgx,gfx,0.17291319303017755,0,0
3,val,crop_bottom_side,pad_top,283,image_block_04,fgx,gfx,0.17101516535013006,0,0
3,val,crop_bottom_side,pad_top,144,image_block_04,fgx,gfx,0.1328719909770761,0,0
3,val,crop_bottom_side,pad_top,276,image_block_05,fgx,gfx,0.1989545449032569,0,0
3,val,crop_bottom_side,pad_top,283,image_block_05,fgx,gfx,0.19402515059274658,0,0
3,val,crop_bottom_side,pad_top,144,image_block_05,fgx,gfx,0.17625052794878293,0,0
3,val,crop_bottom_side,pad_top,276,image_block_06,fgx,gfx,0.2744075511220411,0,0
3,val,crop_bottom_side,pad_top,283,image_block_06,fgx,gfx,0.3087393152377725,0,0
3,val,crop_bottom_side,pad_top,144,image_block_06,fgx,gfx,0.22178744996730354,0,0
3,val,crop_bottom_side,pad_top,276,image_final_norm,fgx,gfx,0.26363380295296857,0,0
3,val,crop_bottom_side,pad_top,283,image_final_norm,fgx,gfx,0.29712543270493724,0,0
3,val,crop_bottom_side,pad_top,144,image_final_norm,fgx,gfx,0.21343946682297232,0,0
3,val,crop_bottom_side,pad_top,54,image_input_tokens,fgx,gfx,0.009653363981316885,0,1
3,val,crop_bottom_side,pad_top,323,image_input_tokens,fgx,gfx,0.01669133477556715,0,1
3,val,crop_bottom_side,pad_top,53,image_input_tokens,fgx,gfx,0.010578849319891758,0,1
3,val,crop_bottom_side,pad_top,277,image_input_tokens,fgx,gfx,0.010424254179134586,0,1
3,val,crop_bottom_side,pad_top,293,image_input_tokens,fgx,gfx,0.010274988030354076,0,1
3,val,crop_bottom_side,pad_top,298,image_input_tokens,fgx,gfx,0.0090897766407453,0,1
3,val,crop_bottom_side,pad_top,54,image_block_01,fgx,gfx,0.05063762193652273,0,0
3,val,crop_bottom_side,pad_top,323,image_block_01,fgx,gfx,0.04429155280305385,0,1
3,val,crop_bottom_side,pad_top,53,image_block_01,fgx,gfx,0.04793474640507359,0,1
3,val,crop_bottom_side,pad_top,277,image_block_01,fgx,gfx,0.05731715016601318,0,0
3,val,crop_bottom_side,pad_top,293,image_block_01,fgx,gfx,0.06490275390183851,0,0
3,val,crop_bottom_side,pad_top,298,image_block_01,fgx,gfx,0.05985402827529959,0,0
3,val,crop_bottom_side,pad_top,54,image_block_02,fgx,gfx,0.10171208780428494,0,0
3,val,crop_bottom_side,pad_top,323,image_block_02,fgx,gfx,0.1009916281061726,0,0
3,val,crop_bottom_side,pad_top,53,image_block_02,fgx,gfx,0.0841078825240646,0,0
3,val,crop_bottom_side,pad_top,277,image_block_02,fgx,gfx,0.10107333988204276,0,0
3,val,crop_bottom_side,pad_top,293,image_block_02,fgx,gfx,0.11370053836831721,0,0
3,val,crop_bottom_side,pad_top,298,image_block_02,fgx,gfx,0.08710380522169943,0,0
3,val,crop_bottom_side,pad_top,54,image_block_03,fgx,gfx,0.13997795707545813,0,0
3,val,crop_bottom_side,pad_top,323,image_block_03,fgx,gfx,0.13783378616838948,0,0
3,val,crop_bottom_side,pad_top,53,image_block_03,fgx,gfx,0.13890075897848922,0,0
3,val,crop_bottom_side,pad_top,277,image_block_03,fgx,gfx,0.15672811105072426,0,0
3,val,crop_bottom_side,pad_top,293,image_block_03,fgx,gfx,0.1795995081396868,0,0
3,val,crop_bottom_side,pad_top,298,image_block_03,fgx,gfx,0.1535897513407497,0,0
3,val,crop_bottom_side,pad_top,54,image_block_04,fgx,gfx,0.14896107525034052,0,0
3,val,crop_bottom_side,pad_top,323,image_block_04,fgx,gfx,0.12080270368206918,0,0
3,val,crop_bottom_side,pad_top,53,image_block_04,fgx,gfx,0.15636073690315713,0,0
3,val,crop_bottom_side,pad_top,277,image_block_04,fgx,gfx,0.18461186266790594,0,0
3,val,crop_bottom_side,pad_top,293,image_block_04,fgx,gfx,0.18369537961939966,0,0
3,val,crop_bottom_side,pad_top,298,image_block_04,fgx,gfx,0.1845480254677401,0,0
3,val,crop_bottom_side,pad_top,54,image_block_05,fgx,gfx,0.17754230157011353,0,0
3,val,crop_bottom_side,pad_top,323,image_block_05,fgx,gfx,0.2126794378133771,0,0
3,val,crop_bottom_side,pad_top,53,image_block_05,fgx,gfx,0.1804497088572507,0,0
3,val,crop_bottom_side,pad_top,277,image_block_05,fgx,gfx,0.17376555599893156,0,0
3,val,crop_bottom_side,pad_top,293,image_block_05,fgx,gfx,0.22376365377116383,0,0
3,val,crop_bottom_side,pad_top,298,image_block_05,fgx,gfx,0.18127944269515311,0,0
3,val,crop_bottom_side,pad_top,54,image_block_06,fgx,gfx,0.22295136232875784,0,0
3,val,crop_bottom_side,pad_top,323,image_block_06,fgx,gfx,0.29760094084643735,0,0
3,val,crop_bottom_side,pad_top,53,image_block_06,fgx,gfx,0.31295005072140186,0,0
3,val,crop_bottom_side,pad_top,277,image_block_06,fgx,gfx,0.2637644503517022,0,0
3,val,crop_bottom_side,pad_top,293,image_block_06,fgx,gfx,0.2172753182382972,0,0
3,val,crop_bottom_side,pad_top,298,image_block_06,fgx,gfx,0.22078199545090949,0,0
3,val,crop_bottom_side,pad_top,54,image_final_norm,fgx,gfx,0.21823494378903985,0,0
3,val,crop_bottom_side,pad_top,323,image_final_norm,fgx,gfx,0.2836972742725955,0,0
3,val,crop_bottom_side,pad_top,53,image_final_norm,fgx,gfx,0.29505409064994687,0,0
3,val,crop_bottom_side,pad_top,277,image_final_norm,fgx,gfx,0.2581124297548601,0,0
3,val,crop_bottom_side,pad_top,293,image_final_norm,fgx,gfx,0.21461153037801364,0,0
3,val,crop_bottom_side,pad_top,298,image_final_norm,fgx,gfx,0.2045476266741279,0,0
3,val,crop_bottom_side,pad_top,95,image_input_tokens,fgx,gfx,0.008533841307572254,0,1
3,val,crop_bottom_side,pad_top,229,image_input_tokens,fgx,gfx,0.009193104287131612,0,1
3,val,crop_bottom_side,pad_top,169,image_input_tokens,fgx,gfx,0.009243723110124525,0,1
3,val,crop_bottom_side,pad_top,156,image_input_tokens,fgx,gfx,0.009530749923379805,0,1
3,val,crop_bottom_side,pad_top,292,image_input_tokens,fgx,gfx,0.011981656175039374,0,1
3,val,crop_bottom_side,pad_top,95,image_block_01,fgx,gfx,0.07754632418506462,0,0
3,val,crop_bottom_side,pad_top,229,image_block_01,fgx,gfx,0.052509667587057815,0,0
3,val,crop_bottom_side,pad_top,169,image_block_01,fgx,gfx,0.0709331393360684,0,0
3,val,crop_bottom_side,pad_top,156,image_block_01,fgx,gfx,0.06172725402052394,0,0
3,val,crop_bottom_side,pad_top,292,image_block_01,fgx,gfx,0.05913549356357419,0,0
3,val,crop_bottom_side,pad_top,95,image_block_02,fgx,gfx,0.105943601320162,0,0
3,val,crop_bottom_side,pad_top,229,image_block_02,fgx,gfx,0.10285220092679995,0,0
3,val,crop_bottom_side,pad_top,169,image_block_02,fgx,gfx,0.09387968555755828,0,0
3,val,crop_bottom_side,pad_top,156,image_block_02,fgx,gfx,0.10276810684996363,0,0
3,val,crop_bottom_side,pad_top,292,image_block_02,fgx,gfx,0.09929371754592808,0,0
3,val,crop_bottom_side,pad_top,95,image_block_03,fgx,gfx,0.13777413395666155,0,0
3,val,crop_bottom_side,pad_top,229,image_block_03,fgx,gfx,0.1554414745101564,0,0
3,val,crop_bottom_side,pad_top,169,image_block_03,fgx,gfx,0.12479990209834065,0,0
3,val,crop_bottom_side,pad_top,156,image_block_03,fgx,gfx,0.18687509989000686,0,0
3,val,crop_bottom_side,pad_top,292,image_block_03,fgx,gfx,0.14779162167623225,0,0
3,val,crop_bottom_side,pad_top,95,image_block_04,fgx,gfx,0.1446551797443289,0,0
3,val,crop_bottom_side,pad_top,229,image_block_04,fgx,gfx,0.18486525180532684,0,0
3,val,crop_bottom_side,pad_top,169,image_block_04,fgx,gfx,0.18137954626699423,0,0
3,val,crop_bottom_side,pad_top,156,image_block_04,fgx,gfx,0.25002851722589864,0,0
3,val,crop_bottom_side,pad_top,292,image_block_04,fgx,gfx,0.17629795929606215,0,0
3,val,crop_bottom_side,pad_top,95,image_block_05,fgx,gfx,0.20144521635968532,0,0
3,val,crop_bottom_side,pad_top,229,image_block_05,fgx,gfx,0.25807734397585674,0,0
3,val,crop_bottom_side,pad_top,169,image_block_05,fgx,gfx,0.17678738802198926,0,0
3,val,crop_bottom_side,pad_top,156,image_block_05,fgx,gfx,0.21812592766771743,0,0
3,val,crop_bottom_side,pad_top,292,image_block_05,fgx,gfx,0.19484351608321746,0,0
3,val,crop_bottom_side,pad_top,95,image_block_06,fgx,gfx,0.29547814100318515,0,0
3,val,crop_bottom_side,pad_top,229,image_block_06,fgx,gfx,0.26874034377782247,0,0
3,val,crop_bottom_side,pad_top,169,image_block_06,fgx,gfx,0.23693826100175466,0,0
3,val,crop_bottom_side,pad_top,156,image_block_06,fgx,gfx,0.38911623972020404,0,0
3,val,crop_bottom_side,pad_top,292,image_block_06,fgx,gfx,0.2914250769885509,0,0
3,val,crop_bottom_side,pad_top,95,image_final_norm,fgx,gfx,0.2834711369254328,0,0
3,val,crop_bottom_side,pad_top,229,image_final_norm,fgx,gfx,0.2578155320893509,0,0
3,val,crop_bottom_side,pad_top,169,image_final_norm,fgx,gfx,0.21855034204401988,0,0
3,val,crop_bottom_side,pad_top,156,image_final_norm,fgx,gfx,0.387104846500286,0,0
3,val,crop_bottom_side,pad_top,292,image_final_norm,fgx,gfx,0.2843863691572275,0,0
3,val,pad_top,crop_bottom_side,161,image_input_tokens,fgx,gfx,0.008947271241283814,0,1
3,val,pad_top,crop_bottom_side,247,image_input_tokens,fgx,gfx,0.010624769004233339,0,1
3,val,pad_top,crop_bottom_side,101,image_input_tokens,fgx,gfx,0.011762011897857756,0,1
3,val,pad_top,crop_bottom_side,309,image_input_tokens,fgx,gfx,0.009008802023738008,0,1
3,val,pad_top,crop_bottom_side,294,image_input_tokens,fgx,gfx,0.01602943850262262,0,1
3,val,pad_top,crop_bottom_side,161,image_block_01,fgx,gfx,0.046759926226775675,0,1
3,val,pad_top,crop_bottom_side,247,image_block_01,fgx,gfx,0.05923656941686633,0,0
3,val,pad_top,crop_bottom_side,101,image_block_01,fgx,gfx,0.046515911862223216,0,1
3,val,pad_top,crop_bottom_side,309,image_block_01,fgx,gfx,0.061632623307286194,0,0
3,val,pad_top,crop_bottom_side,294,image_block_01,fgx,gfx,0.07469621977553002,0,0
3,val,pad_top,crop_bottom_side,161,image_block_02,fgx,gfx,0.07784561211029999,0,0
3,val,pad_top,crop_bottom_side,247,image_block_02,fgx,gfx,0.09727890201187925,0,0
3,val,pad_top,crop_bottom_side,101,image_block_02,fgx,gfx,0.10426037668197391,0,0
3,val,pad_top,crop_bottom_side,309,image_block_02,fgx,gfx,0.09768562084765131,0,0
3,val,pad_top,crop_bottom_side,294,image_block_02,fgx,gfx,0.1263938297143339,0,0
3,val,pad_top,crop_bottom_side,161,image_block_03,fgx,gfx,0.11759910560263659,0,0
3,val,pad_top,crop_bottom_side,247,image_block_03,fgx,gfx,0.12641034892133343,0,0
3,val,pad_top,crop_bottom_side,101,image_block_03,fgx,gfx,0.14952133949540666,0,0
3,val,pad_top,crop_bottom_side,309,image_block_03,fgx,gfx,0.14808261823710156,0,0
3,val,pad_top,crop_bottom_side,294,image_block_03,fgx,gfx,0.1464062324426048,0,0
3,val,pad_top,crop_bottom_side,161,image_block_04,fgx,gfx,0.12948691077529162,0,0
3,val,pad_top,crop_bottom_side,247,image_block_04,fgx,gfx,0.15769090041686715,0,0
3,val,pad_top,crop_bottom_side,101,image_block_04,fgx,gfx,0.18310885918706513,0,0
3,val,pad_top,crop_bottom_side,309,image_block_04,fgx,gfx,0.16888210494828954,0,0
3,val,pad_top,crop_bottom_side,294,image_block_04,fgx,gfx,0.15642716812187146,0,0
3,val,pad_top,crop_bottom_side,161,image_block_05,fgx,gfx,0.12999855741836783,0,0
3,val,pad_top,crop_bottom_side,247,image_block_05,fgx,gfx,0.17544787121697653,0,0
3,val,pad_top,crop_bottom_side,101,image_block_05,fgx,gfx,0.2222246642908895,0,0
3,val,pad_top,crop_bottom_side,309,image_block_05,fgx,gfx,0.20167492376912438,0,0
3,val,pad_top,crop_bottom_side,294,image_block_05,fgx,gfx,0.2136299089830346,0,0
3,val,pad_top,crop_bottom_side,161,image_block_06,fgx,gfx,0.221343272766613,0,0
3,val,pad_top,crop_bottom_side,247,image_block_06,fgx,gfx,0.27357526142409305,0,0
3,val,pad_top,crop_bottom_side,101,image_block_06,fgx,gfx,0.29366277045706884,0,0
3,val,pad_top,crop_bottom_side,309,image_block_06,fgx,gfx,0.24641233305187188,0,0
3,val,pad_top,crop_bottom_side,294,image_block_06,fgx,gfx,0.35636215908716995,0,0
3,val,pad_top,crop_bottom_side,161,image_final_norm,fgx,gfx,0.2095813340603536,0,0
3,val,pad_top,crop_bottom_side,247,image_final_norm,fgx,gfx,0.2601919569389255,0,0
3,val,pad_top,crop_bottom_side,101,image_final_norm,fgx,gfx,0.2667723978919995,0,0
3,val,pad_top,crop_bottom_side,309,image_final_norm,fgx,gfx,0.24441616396290122,0,0
3,val,pad_top,crop_bottom_side,294,image_final_norm,fgx,gfx,0.3326195374357952,0,0
3,val,pad_top,crop_bottom_side,203,image_input_tokens,fgx,gfx,0.011988643340961886,0,1
3,val,pad_top,crop_bottom_side,19,image_input_tokens,fgx,gfx,0.009339811577863108,0,1
3,val,pad_top,crop_bottom_side,203,image_block_01,fgx,gfx,0.06475489902025539,0,0
3,val,pad_top,crop_bottom_side,19,image_block_01,fgx,gfx,0.05262202909334656,0,0
3,val,pad_top,crop_bottom_side,203,image_block_02,fgx,gfx,0.09569158850810076,0,0
3,val,pad_top,crop_bottom_side,19,image_block_02,fgx,gfx,0.09642676958524307,0,0
3,val,pad_top,crop_bottom_side,203,image_block_03,fgx,gfx,0.1744823578185509,0,0
3,val,pad_top,crop_bottom_side,19,image_block_03,fgx,gfx,0.15487640679010584,0,0
3,val,pad_top,crop_bottom_side,203,image_block_04,fgx,gfx,0.19393185467727597,0,0
3,val,pad_top,crop_bottom_side,19,image_block_04,fgx,gfx,0.19567976620837693,0,0
3,val,pad_top,crop_bottom_side,203,image_block_05,fgx,gfx,0.1762456030490775,0,0
3,val,pad_top,crop_bottom_side,19,image_block_05,fgx,gfx,0.19511084777935514,0,0
3,val,pad_top,crop_bottom_side,203,image_block_06,fgx,gfx,0.2835169336736771,0,0
3,val,pad_top,crop_bottom_side,19,image_block_06,fgx,gfx,0.27650050110526275,0,0
3,val,pad_top,crop_bottom_side,203,image_final_norm,fgx,gfx,0.26056520432678437,0,0
3,val,pad_top,crop_bottom_side,19,image_final_norm,fgx,gfx,0.2520105318298413,0,0
3,val,pad_top,crop_bottom_side,38,image_input_tokens,fgx,gfx,0.008269025205376677,0,1
3,val,pad_top,crop_bottom_side,238,image_input_tokens,fgx,gfx,0.011102178788785836,0,1
3,val,pad_top,crop_bottom_side,38,image_block_01,fgx,gfx,0.04807961188353998,0,1
3,val,pad_top,crop_bottom_side,238,image_block_01,fgx,gfx,0.05233384276081163,0,0
3,val,pad_top,crop_bottom_side,38,image_block_02,fgx,gfx,0.11184925375205985,0,0
3,val,pad_top,crop_bottom_side,238,image_block_02,fgx,gfx,0.08341235686252291,0,0
3,val,pad_top,crop_bottom_side,38,image_block_03,fgx,gfx,0.1946762237988162,0,0
3,val,pad_top,crop_bottom_side,238,image_block_03,fgx,gfx,0.14603825524818853,0,0
3,val,pad_top,crop_bottom_side,38,image_block_04,fgx,gfx,0.208401855587244,0,0
3,val,pad_top,crop_bottom_side,238,image_block_04,fgx,gfx,0.21600218137288263,0,0
3,val,pad_top,crop_bottom_side,38,image_block_05,fgx,gfx,0.21195421833547506,0,0
3,val,pad_top,crop_bottom_side,238,image_block_05,fgx,gfx,0.22751660369421667,0,0
3,val,pad_top,crop_bottom_side,38,image_block_06,fgx,gfx,0.33149175514476886,0,0
3,val,pad_top,crop_bottom_side,238,image_block_06,fgx,gfx,0.35944381856638785,0,0
3,val,pad_top,crop_bottom_side,38,image_final_norm,fgx,gfx,0.31309484006068017,0,0
3,val,pad_top,crop_bottom_side,238,image_final_norm,fgx,gfx,0.33882455425996916,0,0
3,val,pad_top,crop_bottom_side,104,image_input_tokens,fgx,gfx,0.011134062866783234,0,1
3,val,pad_top,crop_bottom_side,40,image_input_tokens,fgx,gfx,0.009657759247679741,0,1
3,val,pad_top,crop_bottom_side,200,image_input_tokens,fgx,gfx,0.009065810109078545,0,1
3,val,pad_top,crop_bottom_side,118,image_input_tokens,fgx,gfx,0.009418500746375283,0,1
3,val,pad_top,crop_bottom_side,104,image_block_01,fgx,gfx,0.0826643636256188,0,0
3,val,pad_top,crop_bottom_side,40,image_block_01,fgx,gfx,0.04663826439264753,0,1
3,val,pad_top,crop_bottom_side,200,image_block_01,fgx,gfx,0.04337070136239554,0,1
3,val,pad_top,crop_bottom_side,118,image_block_01,fgx,gfx,0.07290181830795302,0,0
3,val,pad_top,crop_bottom_side,104,image_block_02,fgx,gfx,0.12111261788841639,0,0
3,val,pad_top,crop_bottom_side,40,image_block_02,fgx,gfx,0.07991491234355781,0,0
3,val,pad_top,crop_bottom_side,200,image_block_02,fgx,gfx,0.09699256587259447,0,0
3,val,pad_top,crop_bottom_side,118,image_block_02,fgx,gfx,0.09742950284671525,0,0
3,val,pad_top,crop_bottom_side,104,image_block_03,fgx,gfx,0.17967940730730905,0,0
3,val,pad_top,crop_bottom_side,40,image_block_03,fgx,gfx,0.11971267185194404,0,0
3,val,pad_top,crop_bottom_side,200,image_block_03,fgx,gfx,0.17937400812764365,0,0
3,val,pad_top,crop_bottom_side,118,image_block_03,fgx,gfx,0.1390696769642829,0,0
3,val,pad_top,crop_bottom_side,104,image_block_04,fgx,gfx,0.24965950090616348,0,0
3,val,pad_top,crop_bottom_side,40,image_block_04,fgx,gfx,0.14348627761752406,0,0
3,val,pad_top,crop_bottom_side,200,image_block_04,fgx,gfx,0.1529543807608407,0,0
3,val,pad_top,crop_bottom_side,118,image_block_04,fgx,gfx,0.17089985259023746,0,0
3,val,pad_top,crop_bottom_side,104,image_block_05,fgx,gfx,0.26506153199397475,0,0
3,val,pad_top,crop_bottom_side,40,image_block_05,fgx,gfx,0.16412491052898312,0,0
3,val,pad_top,crop_bottom_side,200,image_block_05,fgx,gfx,0.18807674844817268,0,0
3,val,pad_top,crop_bottom_side,118,image_block_05,fgx,gfx,0.19261324085405643,0,0
3,val,pad_top,crop_bottom_side,104,image_block_06,fgx,gfx,0.37677085290625545,0,0
3,val,pad_top,crop_bottom_side,40,image_block_06,fgx,gfx,0.3109706602534551,0,0
3,val,pad_top,crop_bottom_side,200,image_block_06,fgx,gfx,0.24662858580555028,0,0
3,val,pad_top,crop_bottom_side,118,image_block_06,fgx,gfx,0.3494147858828914,0,0
3,val,pad_top,crop_bottom_side,104,image_final_norm,fgx,gfx,0.3871793276040655,0,0
3,val,pad_top,crop_bottom_side,40,image_final_norm,fgx,gfx,0.3023735146944393,0,0
3,val,pad_top,crop_bottom_side,200,image_final_norm,fgx,gfx,0.24040552967461257,0,0
3,val,pad_top,crop_bottom_side,118,image_final_norm,fgx,gfx,0.35726557259683744,0,0
3,val,pad_top,crop_bottom_side,276,image_input_tokens,fgx,gfx,0.013736299061742325,0,1
3,val,pad_top,crop_bottom_side,283,image_input_tokens,fgx,gfx,0.009807527345494258,0,1
3,val,pad_top,crop_bottom_side,144,image_input_tokens,fgx,gfx,0.009036580064006362,0,1
3,val,pad_top,crop_bottom_side,276,image_block_01,fgx,gfx,0.056848151136113106,0,0
3,val,pad_top,crop_bottom_side,283,image_block_01,fgx,gfx,0.05499896865615494,0,0
3,val,pad_top,crop_bottom_side,144,image_block_01,fgx,gfx,0.046116042189346694,0,1
3,val,pad_top,crop_bottom_side,276,image_block_02,fgx,gfx,0.0994815003813028,0,0
3,val,pad_top,crop_bottom_side,283,image_block_02,fgx,gfx,0.12251343721693496,0,0
3,val,pad_top,crop_bottom_side,144,image_block_02,fgx,gfx,0.08465062897081864,0,0
3,val,pad_top,crop_bottom_side,276,image_block_03,fgx,gfx,0.16186584707896842,0,0
3,val,pad_top,crop_bottom_side,283,image_block_03,fgx,gfx,0.1269423321782578,0,0
3,val,pad_top,crop_bottom_side,144,image_block_03,fgx,gfx,0.1491857163661887,0,0
3,val,pad_top,crop_bottom_side,276,image_block_04,fgx,gfx,0.17291319303017755,0,0
3,val,pad_top,crop_bottom_side,283,image_block_04,fgx,gfx,0.17101516535013006,0,0
3,val,pad_top,crop_bottom_side,144,image_block_04,fgx,gfx,0.1328719909770761,0,0
3,val,pad_top,crop_bottom_side,276,image_block_05,fgx,gfx,0.1989545449032569,0,0
3,val,pad_top,crop_bottom_side,283,image_block_05,fgx,gfx,0.19402515059274658,0,0
3,val,pad_top,crop_bottom_side,144,image_block_05,fgx,gfx,0.17625052794878293,0,0
3,val,pad_top,crop_bottom_side,276,image_block_06,fgx,gfx,0.2744075511220411,0,0
3,val,pad_top,crop_bottom_side,283,image_block_06,fgx,gfx,0.3087393152377725,0,0
3,val,pad_top,crop_bottom_side,144,image_block_06,fgx,gfx,0.22178744996730354,0,0
3,val,pad_top,crop_bottom_side,276,image_final_norm,fgx,gfx,0.26363380295296857,0,0
3,val,pad_top,crop_bottom_side,283,image_final_norm,fgx,gfx,0.29712543270493724,0,0
3,val,pad_top,crop_bottom_side,144,image_final_norm,fgx,gfx,0.21343946682297232,0,0
3,val,pad_top,crop_bottom_side,54,image_input_tokens,fgx,gfx,0.009653363981316885,0,1
3,val,pad_top,crop_bottom_side,323,image_input_tokens,fgx,gfx,0.01669133477556715,0,1
3,val,pad_top,crop_bottom_side,53,image_input_tokens,fgx,gfx,0.010578849319891758,0,1
3,val,pad_top,crop_bottom_side,277,image_input_tokens,fgx,gfx,0.010424254179134586,0,1
3,val,pad_top,crop_bottom_side,293,image_input_tokens,fgx,gfx,0.010274988030354076,0,1
3,val,pad_top,crop_bottom_side,298,image_input_tokens,fgx,gfx,0.0090897766407453,0,1
3,val,pad_top,crop_bottom_side,54,image_block_01,fgx,gfx,0.05063762193652273,0,0
3,val,pad_top,crop_bottom_side,323,image_block_01,fgx,gfx,0.04429155280305385,0,1
3,val,pad_top,crop_bottom_side,53,image_block_01,fgx,gfx,0.04793474640507359,0,1
3,val,pad_top,crop_bottom_side,277,image_block_01,fgx,gfx,0.05731715016601318,0,0
3,val,pad_top,crop_bottom_side,293,image_block_01,fgx,gfx,0.06490275390183851,0,0
3,val,pad_top,crop_bottom_side,298,image_block_01,fgx,gfx,0.05985402827529959,0,0
3,val,pad_top,crop_bottom_side,54,image_block_02,fgx,gfx,0.10171208780428494,0,0
3,val,pad_top,crop_bottom_side,323,image_block_02,fgx,gfx,0.1009916281061726,0,0
3,val,pad_top,crop_bottom_side,53,image_block_02,fgx,gfx,0.0841078825240646,0,0
3,val,pad_top,crop_bottom_side,277,image_block_02,fgx,gfx,0.10107333988204276,0,0
3,val,pad_top,crop_bottom_side,293,image_block_02,fgx,gfx,0.11370053836831721,0,0
3,val,pad_top,crop_bottom_side,298,image_block_02,fgx,gfx,0.08710380522169943,0,0
3,val,pad_top,crop_bottom_side,54,image_block_03,fgx,gfx,0.13997795707545813,0,0
3,val,pad_top,crop_bottom_side,323,image_block_03,fgx,gfx,0.13783378616838948,0,0
3,val,pad_top,crop_bottom_side,53,image_block_03,fgx,gfx,0.13890075897848922,0,0
3,val,pad_top,crop_bottom_side,277,image_block_03,fgx,gfx,0.15672811105072426,0,0
3,val,pad_top,crop_bottom_side,293,image_block_03,fgx,gfx,0.1795995081396868,0,0
3,val,pad_top,crop_bottom_side,298,image_block_03,fgx,gfx,0.1535897513407497,0,0
3,val,pad_top,crop_bottom_side,54,image_block_04,fgx,gfx,0.14896107525034052,0,0
3,val,pad_top,crop_bottom_side,323,image_block_04,fgx,gfx,0.12080270368206918,0,0
3,val,pad_top,crop_bottom_side,53,image_block_04,fgx,gfx,0.15636073690315713,0,0
3,val,pad_top,crop_bottom_side,277,image_block_04,fgx,gfx,0.18461186266790594,0,0
3,val,pad_top,crop_bottom_side,293,image_block_04,fgx,gfx,0.18369537961939966,0,0
3,val,pad_top,crop_bottom_side,298,image_block_04,fgx,gfx,0.1845480254677401,0,0
3,val,pad_top,crop_bottom_side,54,image_block_05,fgx,gfx,0.17754230157011353,0,0
3,val,pad_top,crop_bottom_side,323,image_block_05,fgx,gfx,0.2126794378133771,0,0
3,val,pad_top,crop_bottom_side,53,image_block_05,fgx,gfx,0.1804497088572507,0,0
3,val,pad_top,crop_bottom_side,277,image_block_05,fgx,gfx,0.17376555599893156,0,0
3,val,pad_top,crop_bottom_side,293,image_block_05,fgx,gfx,0.22376365377116383,0,0
3,val,pad_top,crop_bottom_side,298,image_block_05,fgx,gfx,0.18127944269515311,0,0
3,val,pad_top,crop_bottom_side,54,image_block_06,fgx,gfx,0.22295136232875784,0,0
3,val,pad_top,crop_bottom_side,323,image_block_06,fgx,gfx,0.29760094084643735,0,0
3,val,pad_top,crop_bottom_side,53,image_block_06,fgx,gfx,0.31295005072140186,0,0
3,val,pad_top,crop_bottom_side,277,image_block_06,fgx,gfx,0.2637644503517022,0,0
3,val,pad_top,crop_bottom_side,293,image_block_06,fgx,gfx,0.2172753182382972,0,0
3,val,pad_top,crop_bottom_side,298,image_block_06,fgx,gfx,0.22078199545090949,0,0
3,val,pad_top,crop_bottom_side,54,image_final_norm,fgx,gfx,0.21823494378903985,0,0
3,val,pad_top,crop_bottom_side,323,image_final_norm,fgx,gfx,0.2836972742725955,0,0
3,val,pad_top,crop_bottom_side,53,image_final_norm,fgx,gfx,0.29505409064994687,0,0
3,val,pad_top,crop_bottom_side,277,image_final_norm,fgx,gfx,0.2581124297548601,0,0
3,val,pad_top,crop_bottom_side,293,image_final_norm,fgx,gfx,0.21461153037801364,0,0
3,val,pad_top,crop_bottom_side,298,image_final_norm,fgx,gfx,0.2045476266741279,0,0
3,val,pad_top,crop_bottom_side,95,image_input_tokens,fgx,gfx,0.008533841307572254,0,1
3,val,pad_top,crop_bottom_side,229,image_input_tokens,fgx,gfx,0.009193104287131612,0,1
3,val,pad_top,crop_bottom_side,169,image_input_tokens,fgx,gfx,0.009243723110124525,0,1
3,val,pad_top,crop_bottom_side,156,image_input_tokens,fgx,gfx,0.009530749923379805,0,1
3,val,pad_top,crop_bottom_side,292,image_input_tokens,fgx,gfx,0.011981656175039374,0,1
3,val,pad_top,crop_bottom_side,95,image_block_01,fgx,gfx,0.07754632418506462,0,0
3,val,pad_top,crop_bottom_side,229,image_block_01,fgx,gfx,0.052509667587057815,0,0
3,val,pad_top,crop_bottom_side,169,image_block_01,fgx,gfx,0.0709331393360684,0,0
3,val,pad_top,crop_bottom_side,156,image_block_01,fgx,gfx,0.06172725402052394,0,0
3,val,pad_top,crop_bottom_side,292,image_block_01,fgx,gfx,0.05913549356357419,0,0
3,val,pad_top,crop_bottom_side,95,image_block_02,fgx,gfx,0.105943601320162,0,0
3,val,pad_top,crop_bottom_side,229,image_block_02,fgx,gfx,0.10285220092679995,0,0
3,val,pad_top,crop_bottom_side,169,image_block_02,fgx,gfx,0.09387968555755828,0,0
3,val,pad_top,crop_bottom_side,156,image_block_02,fgx,gfx,0.10276810684996363,0,0
3,val,pad_top,crop_bottom_side,292,image_block_02,fgx,gfx,0.09929371754592808,0,0
3,val,pad_top,crop_bottom_side,95,image_block_03,fgx,gfx,0.13777413395666155,0,0
3,val,pad_top,crop_bottom_side,229,image_block_03,fgx,gfx,0.1554414745101564,0,0
3,val,pad_top,crop_bottom_side,169,image_block_03,fgx,gfx,0.12479990209834065,0,0
3,val,pad_top,crop_bottom_side,156,image_block_03,fgx,gfx,0.18687509989000686,0,0
3,val,pad_top,crop_bottom_side,292,image_block_03,fgx,gfx,0.14779162167623225,0,0
3,val,pad_top,crop_bottom_side,95,image_block_04,fgx,gfx,0.1446551797443289,0,0
3,val,pad_top,crop_bottom_side,229,image_block_04,fgx,gfx,0.18486525180532684,0,0
3,val,pad_top,crop_bottom_side,169,image_block_04,fgx,gfx,0.18137954626699423,0,0
3,val,pad_top,crop_bottom_side,156,image_block_04,fgx,gfx,0.25002851722589864,0,0
3,val,pad_top,crop_bottom_side,292,image_block_04,fgx,gfx,0.17629795929606215,0,0
3,val,pad_top,crop_bottom_side,95,image_block_05,fgx,gfx,0.20144521635968532,0,0
3,val,pad_top,crop_bottom_side,229,image_block_05,fgx,gfx,0.25807734397585674,0,0
3,val,pad_top,crop_bottom_side,169,image_block_05,fgx,gfx,0.17678738802198926,0,0
3,val,pad_top,crop_bottom_side,156,image_block_05,fgx,gfx,0.21812592766771743,0,0
3,val,pad_top,crop_bottom_side,292,image_block_05,fgx,gfx,0.19484351608321746,0,0
3,val,pad_top,crop_bottom_side,95,image_block_06,fgx,gfx,0.29547814100318515,0,0
3,val,pad_top,crop_bottom_side,229,image_block_06,fgx,gfx,0.26874034377782247,0,0
3,val,pad_top,crop_bottom_side,169,image_block_06,fgx,gfx,0.23693826100175466,0,0
3,val,pad_top,crop_bottom_side,156,image_block_06,fgx,gfx,0.38911623972020404,0,0
3,val,pad_top,crop_bottom_side,292,image_block_06,fgx,gfx,0.2914250769885509,0,0
3,val,pad_top,crop_bottom_side,95,image_final_norm,fgx,gfx,0.2834711369254328,0,0
3,val,pad_top,crop_bottom_side,229,image_final_norm,fgx,gfx,0.2578155320893509,0,0
3,val,pad_top,crop_bottom_side,169,image_final_norm,fgx,gfx,0.21855034204401988,0,0
3,val,pad_top,crop_bottom_side,156,image_final_norm,fgx,gfx,0.387104846500286,0,0
3,val,pad_top,crop_bottom_side,292,image_final_norm,fgx,gfx,0.2843863691572275,0,0
3,val,pad_top,pad_top,172,image_input_tokens,fx,gx,0.0,1,
3,val,pad_top,pad_top,172,image_input_tokens,fgx,gfx,0.0,1,
3,val,pad_top,pad_top,161,image_input_tokens,fx,gx,0.0,1,
3,val,pad_top,pad_top,161,image_input_tokens,fgx,gfx,0.0,1,
3,val,pad_top,pad_top,247,image_input_tokens,fx,gx,0.0,1,
3,val,pad_top,pad_top,247,image_input_tokens,fgx,gfx,0.0,1,
3,val,pad_top,pad_top,46,image_input_tokens,fx,gx,0.0,1,
3,val,pad_top,pad_top,46,image_input_tokens,fgx,gfx,0.0,1,
3,val,pad_top,pad_top,101,image_input_tokens,fx,gx,0.0,1,
3,val,pad_top,pad_top,101,image_input_tokens,fgx,gfx,0.0,1,
3,val,pad_top,pad_top,309,image_input_tokens,fx,gx,0.0,1,
3,val,pad_top,pad_top,309,image_input_tokens,fgx,gfx,0.0,1,
3,val,pad_top,pad_top,132,image_input_tokens,fx,gx,0.0,1,
3,val,pad_top,pad_top,132,image_input_tokens,fgx,gfx,0.0,1,
3,val,pad_top,pad_top,50,image_input_tokens,fx,gx,0.0,1,
3,val,pad_top,pad_top,50,image_input_tokens,fgx,gfx,0.0,1,
3,val,pad_top,pad_top,173,image_input_tokens,fx,gx,0.0,1,
3,val,pad_top,pad_top,173,image_input_tokens,fgx,gfx,0.0,1,
3,val,pad_top,pad_top,216,image_input_tokens,fx,gx,0.0,1,
3,val,pad_top,pad_top,216,image_input_tokens,fgx,gfx,0.0,1,
3,val,pad_top,pad_top,294,image_input_tokens,fx,gx,0.0,1,
3,val,pad_top,pad_top,294,image_input_tokens,fgx,gfx,0.0,1,
3,val,pad_top,pad_top,47,image_input_tokens,fx,gx,0.0,1,
3,val,pad_top,pad_top,47,image_input_tokens,fgx,gfx,0.0,1,
3,val,pad_top,pad_top,302,image_input_tokens,fx,gx,0.0,1,
3,val,pad_top,pad_top,302,image_input_tokens,fgx,gfx,0.0,1,
3,val,pad_top,pad_top,174,image_input_tokens,fx,gx,0.0,1,
3,val,pad_top,pad_top,174,image_input_tokens,fgx,gfx,0.0,1,
3,val,pad_top,pad_top,146,image_input_tokens,fx,gx,0.0,1,
3,val,pad_top,pad_top,146,image_input_tokens,fgx,gfx,0.0,1,
3,val,pad_top,pad_top,165,image_input_tokens,fx,gx,0.0,1,
3,val,pad_top,pad_top,165,image_input_tokens,fgx,gfx,0.0,1,
3,val,pad_top,pad_top,172,image_block_01,fx,gx,0.0,1,
3,val,pad_top,pad_top,172,image_block_01,fgx,gfx,0.0,1,
3,val,pad_top,pad_top,161,image_block_01,fx,gx,0.0,1,
3,val,pad_top,pad_top,161,image_block_01,fgx,gfx,0.0,1,
3,val,pad_top,pad_top,247,image_block_01,fx,gx,0.0,1,
3,val,pad_top,pad_top,247,image_block_01,fgx,gfx,0.0,1,
3,val,pad_top,pad_top,46,image_block_01,fx,gx,0.0,1,
3,val,pad_top,pad_top,46,image_block_01,fgx,gfx,0.0,1,
3,val,pad_top,pad_top,101,image_block_01,fx,gx,0.0,1,
3,val,pad_top,pad_top,101,image_block_01,fgx,gfx,0.0,1,
3,val,pad_top,pad_top,309,image_block_01,fx,gx,0.0,1,
3,val,pad_top,pad_top,309,image_block_01,fgx,gfx,0.0,1,
3,val,pad_top,pad_top,132,image_block_01,fx,gx,0.0,1,
3,val,pad_top,pad_top,132,image_block_01,fgx,gfx,0.0,1,
3,val,pad_top,pad_top,50,image_block_01,fx,gx,0.0,1,
3,val,pad_top,pad_top,50,image_block_01,fgx,gfx,0.0,1,
3,val,pad_top,pad_top,173,image_block_01,fx,gx,0.0,1,
3,val,pad_top,pad_top,173,image_block_01,fgx,gfx,0.0,1,
3,val,pad_top,pad_top,216,image_block_01,fx,gx,0.0,1,
3,val,pad_top,pad_top,216,image_block_01,fgx,gfx,0.0,1,
3,val,pad_top,pad_top,294,image_block_01,fx,gx,0.0,1,
3,val,pad_top,pad_top,294,image_block_01,fgx,gfx,0.0,1,
3,val,pad_top,pad_top,47,image_block_01,fx,gx,0.0,1,
3,val,pad_top,pad_top,47,image_block_01,fgx,gfx,0.0,1,
3,val,pad_top,pad_top,302,image_block_01,fx,gx,0.0,1,
3,val,pad_top,pad_top,302,image_block_01,fgx,gfx,0.0,1,
3,val,pad_top,pad_top,174,image_block_01,fx,gx,0.0,1,
3,val,pad_top,pad_top,174,image_block_01,fgx,gfx,0.0,1,
3,val,pad_top,pad_top,146,image_block_01,fx,gx,0.0,1,
3,val,pad_top,pad_top,146,image_block_01,fgx,gfx,0.0,1,
3,val,pad_top,pad_top,165,image_block_01,fx,gx,0.0,1,
3,val,pad_top,pad_top,165,image_block_01,fgx,gfx,0.0,1,
3,val,pad_top,pad_top,172,image_block_02,fx,gx,0.0,1,
3,val,pad_top,pad_top,172,image_block_02,fgx,gfx,0.0,1,
3,val,pad_top,pad_top,161,image_block_02,fx,gx,0.0,1,
3,val,pad_top,pad_top,161,image_block_02,fgx,gfx,0.0,1,
3,val,pad_top,pad_top,247,image_block_02,fx,gx,0.0,1,
3,val,pad_top,pad_top,247,image_block_02,fgx,gfx,0.0,1,
3,val,pad_top,pad_top,46,image_block_02,fx,gx,0.0,1,
3,val,pad_top,pad_top,46,image_block_02,fgx,gfx,0.0,1,
3,val,pad_top,pad_top,101,image_block_02,fx,gx,0.0,1,
3,val,pad_top,pad_top,101,image_block_02,fgx,gfx,0.0,1,
3,val,pad_top,pad_top,309,image_block_02,fx,gx,0.0,1,
3,val,pad_top,pad_top,309,image_block_02,fgx,gfx,0.0,1,
3,val,pad_top,pad_top,132,image_block_02,fx,gx,0.0,1,
3,val,pad_top,pad_top,132,image_block_02,fgx,gfx,0.0,1,
3,val,pad_top,pad_top,50,image_block_02,fx,gx,0.0,1,
3,val,pad_top,pad_top,50,image_block_02,fgx,gfx,0.0,1,
3,val,pad_top,pad_top,173,image_block_02,fx,gx,0.0,1,
3,val,pad_top,pad_top,173,image_block_02,fgx,gfx,0.0,1,
3,val,pad_top,pad_top,216,image_block_02,fx,gx,0.0,1,
3,val,pad_top,pad_top,216,image_block_02,fgx,gfx,0.0,1,
3,val,pad_top,pad_top,294,image_block_02,fx,gx,0.0,1,
3,val,pad_top,pad_top,294,image_block_02,fgx,gfx,0.0,1,
3,val,pad_top,pad_top,47,image_block_02,fx,gx,0.0,1,
3,val,pad_top,pad_top,47,image_block_02,fgx,gfx,0.0,1,
3,val,pad_top,pad_top,302,image_block_02,fx,gx,0.0,1,
3,val,pad_top,pad_top,302,image_block_02,fgx,gfx,0.0,1,
3,val,pad_top,pad_top,174,image_block_02,fx,gx,0.0,1,
3,val,pad_top,pad_top,174,image_block_02,fgx,gfx,0.0,1,
3,val,pad_top,pad_top,146,image_block_02,fx,gx,0.0,1,
3,val,pad_top,pad_top,146,image_block_02,fgx,gfx,0.0,1,
3,val,pad_top,pad_top,165,image_block_02,fx,gx,0.0,1,
3,val,pad_top,pad_top,165,image_block_02,fgx,gfx,0.0,1,
3,val,pad_top,pad_top,172,image_block_03,fx,gx,0.0,1,
3,val,pad_top,pad_top,172,image_block_03,fgx,gfx,0.0,1,
3,val,pad_top,pad_top,161,image_block_03,fx,gx,0.0,1,
3,val,pad_top,pad_top,161,image_block_03,fgx,gfx,0.0,1,
3,val,pad_top,pad_top,247,image_block_03,fx,gx,0.0,1,
3,val,pad_top,pad_top,247,image_block_03,fgx,gfx,0.0,1,
3,val,pad_top,pad_top,46,image_block_03,fx,gx,0.0,1,
3,val,pad_top,pad_top,46,image_block_03,fgx,gfx,0.0,1,
3,val,pad_top,pad_top,101,image_block_03,fx,gx,0.0,1,
3,val,pad_top,pad_top,101,image_block_03,fgx,gfx,0.0,1,
3,val,pad_top,pad_top,309,image_block_03,fx,gx,0.0,1,
3,val,pad_top,pad_top,309,image_block_03,fgx,gfx,0.0,1,
3,val,pad_top,pad_top,132,image_block_03,fx,gx,0.0,1,
3,val,pad_top,pad_top,132,image_block_03,fgx,gfx,0.0,1,
3,val,pad_top,pad_top,50,image_block_03,fx,gx,0.0,1,
3,val,pad_top,pad_top,50,image_block_03,fgx,gfx,0.0,1,
3,val,pad_top,pad_top,173,image_block_03,fx,gx,0.0,1,
3,val,pad_top,pad_top,173,image_block_03,fgx,gfx,0.0,1,
3,val,pad_top,pad_top,216,image_block_03,fx,gx,0.0,1,
3,val,pad_top,pad_top,216,image_block_03,fgx,gfx,0.0,1,
3,val,pad_top,pad_top,294,image_block_03,fx,gx,0.0,1,
3,val,pad_top,pad_top,294,image_block_03,fgx,gfx,0.0,1,
3,val,pad_top,pad_top,47,image_block_03,fx,gx,0.0,1,
3,val,pad_top,pad_top,47,image_block_03,fgx,gfx,0.0,1,
3,val,pad_top,pad_top,302,image_block_03,fx,gx,0.0,1,
3,val,pad_top,pad_top,302,image_block_03,fgx,gfx,0.0,1,
3,val,pad_top,pad_top,174,image_block_03,fx,gx,0.0,1,
3,val,pad_top,pad_top,174,image_block_03,fgx,gfx,0.0,1,
3,val,pad_top,pad_top,146,image_block_03,fx,gx,0.0,1,
3,val,pad_top,pad_top,146,image_block_03,fgx,gfx,0.0,1,
3,val,pad_top,pad_top,165,image_block_03,fx,gx,0.0,1,
3,val,pad_top,pad_top,165,image_block_03,fgx,gfx,0.0,1,
3,val,pad_top,pad_top,172,image_block_04,fx,gx,0.0,1,
3,val,pad_top,pad_top,172,image_block_04,fgx,gfx,0.0,1,
3,val,pad_top,pad_top,161,image_block_04,fx,gx,0.0,1,
3,val,pad_top,pad_top,161,image_block_04,fgx,gfx,0.0,1,
3,val,pad_top,pad_top,247,image_block_04,fx,gx,0.0,1,
3,val,pad_top,pad_top,247,image_block_04,fgx,gfx,0.0,1,
3,val,pad_top,pad_top,46,image_block_04,fx,gx,0.0,1,
3,val,pad_top,pad_top,46,image_block_04,fgx,gfx,0.0,1,
3,val,pad_top,pad_top,101,image_block_04,fx,gx,0.0,1,
3,val,pad_top,pad_top,101,image_block_04,fgx,gfx,0.0,1,
3,val,pad_top,pad_top,309,image_block_04,fx,gx,0.0,1,
3,val,pad_top,pad_top,309,image_block_04,fgx,gfx,0.0,1,
3,val,pad_top,pad_top,132,image_block_04,fx,gx,0.0,1,
3,val,pad_top,pad_top,132,image_block_04,fgx,gfx,0.0,1,
3,val,pad_top,pad_top,50,image_block_04,fx,gx,0.0,1,
3,val,pad_top,pad_top,50,image_block_04,fgx,gfx,0.0,1,
3,val,pad_top,pad_top,173,image_block_04,fx,gx,0.0,1,
3,val,pad_top,pad_top,173,image_block_04,fgx,gfx,0.0,1,
3,val,pad_top,pad_top,216,image_block_04,fx,gx,0.0,1,
3,val,pad_top,pad_top,216,image_block_04,fgx,gfx,0.0,1,
3,val,pad_top,pad_top,294,image_block_04,fx,gx,0.0,1,
3,val,pad_top,pad_top,294,image_block_04,fgx,gfx,0.0,1,
3,val,pad_top,pad_top,47,image_block_04,fx,gx,0.0,1,
3,val,pad_top,pad_top,47,image_block_04,fgx,gfx,0.0,1,
3,val,pad_top,pad_top,302,image_block_04,fx,gx,0.0,1,
3,val,pad_top,pad_top,302,image_block_04,fgx,gfx,0.0,1,
3,val,pad_top,pad_top,174,image_block_04,fx,gx,0.0,1,
3,val,pad_top,pad_top,174,image_block_04,fgx,gfx,0.0,1,
3,val,pad_top,pad_top,146,image_block_04,fx,gx,0.0,1,
3,val,pad_top,pad_top,146,image_block_04,fgx,gfx,0.0,1,
3,val,pad_top,pad_top,165,image_block_04,fx,gx,0.0,1,
3,val,pad_top,pad_top,165,image_block_04,fgx,gfx,0.0,1,
3,val,pad_top,pad_top,172,image_block_05,fx,gx,0.0,1,
3,val,pad_top,pad_top,172,image_block_05,fgx,gfx,0.0,1,
3,val,pad_top,pad_top,161,image_block_05,fx,gx,0.0,1,
3,val,pad_top,pad_top,161,image_block_05,fgx,gfx,0.0,1,
3,val,pad_top,pad_top,247,image_block_05,fx,gx,0.0,1,
3,val,pad_top,pad_top,247,image_block_05,fgx,gfx,0.0,1,
3,val,pad_top,pad_top,46,image_block_05,fx,gx,0.0,1,
3,val,pad_top,pad_top,46,image_block_05,fgx,gfx,0.0,1,
3,val,pad_top,pad_top,101,image_block_05,fx,gx,0.0,1,
3,val,pad_top,pad_top,101,image_block_05,fgx,gfx,0.0,1,
3,val,pad_top,pad_top,309,image_block_05,fx,gx,0.0,1,
3,val,pad_top,pad_top,309,image_block_05,fgx,gfx,0.0,1,
3,val,pad_top,pad_top,132,image_block_05,fx,gx,0.0,1,
3,val,pad_top,pad_top,132,image_block_05,fgx,gfx,0.0,1,
3,val,pad_top,pad_top,50,image_block_05,fx,gx,0.0,1,
3,val,pad_top,pad_top,50,image_block_05,fgx,gfx,0.0,1,
3,val,pad_top,pad_top,173,image_block_05,fx,gx,0.0,1,
3,val,pad_top,pad_top,173,image_block_05,fgx,gfx,0.0,1,
3,val,pad_top,pad_top,216,image_block_05,fx,gx,0.0,1,
3,val,pad_top,pad_top,216,image_block_05,fgx,gfx,0.0,1,
3,val,pad_top,pad_top,294,image_block_05,fx,gx,0.0,1,
3,val,pad_top,pad_top,294,image_block_05,fgx,gfx,0.0,1,
3,val,pad_top,pad_top,47,image_block_05,fx,gx,0.0,1,
3,val,pad_top,pad_top,47,image_block_05,fgx,gfx,0.0,1,
3,val,pad_top,pad_top,302,image_block_05,fx,gx,0.0,1,
3,val,pad_top,pad_top,302,image_block_05,fgx,gfx,0.0,1,
3,val,pad_top,pad_top,174,image_block_05,fx,gx,0.0,1,
3,val,pad_top,pad_top,174,image_block_05,fgx,gfx,0.0,1,
3,val,pad_top,pad_top,146,image_block_05,fx,gx,0.0,1,
3,val,pad_top,pad_top,146,image_block_05,fgx,gfx,0.0,1,
3,val,pad_top,pad_top,165,image_block_05,fx,gx,0.0,1,
3,val,pad_top,pad_top,165,image_block_05,fgx,gfx,0.0,1,
3,val,pad_top,pad_top,172,image_block_06,fx,gx,0.0,1,
3,val,pad_top,pad_top,172,image_block_06,fgx,gfx,0.0,1,
3,val,pad_top,pad_top,161,image_block_06,fx,gx,0.0,1,
3,val,pad_top,pad_top,161,image_block_06,fgx,gfx,0.0,1,
3,val,pad_top,pad_top,247,image_block_06,fx,gx,0.0,1,
3,val,pad_top,pad_top,247,image_block_06,fgx,gfx,0.0,1,
3,val,pad_top,pad_top,46,image_block_06,fx,gx,0.0,1,
3,val,pad_top,pad_top,46,image_block_06,fgx,gfx,0.0,1,
3,val,pad_top,pad_top,101,image_block_06,fx,gx,0.0,1,
3,val,pad_top,pad_top,101,image_block_06,fgx,gfx,0.0,1,
3,val,pad_top,pad_top,309,image_block_06,fx,gx,0.0,1,
3,val,pad_top,pad_top,309,image_block_06,fgx,gfx,0.0,1,
3,val,pad_top,pad_top,132,image_block_06,fx,gx,0.0,1,
3,val,pad_top,pad_top,132,image_block_06,fgx,gfx,0.0,1,
3,val,pad_top,pad_top,50,image_block_06,fx,gx,0.0,1,
3,val,pad_top,pad_top,50,image_block_06,fgx,gfx,0.0,1,
3,val,pad_top,pad_top,173,image_block_06,fx,gx,0.0,1,
3,val,pad_top,pad_top,173,image_block_06,fgx,gfx,0.0,1,
3,val,pad_top,pad_top,216,image_block_06,fx,gx,0.0,1,
3,val,pad_top,pad_top,216,image_block_06,fgx,gfx,0.0,1,
3,val,pad_top,pad_top,294,image_block_06,fx,gx,0.0,1,
3,val,pad_top,pad_top,294,image_block_06,fgx,gfx,0.0,1,
3,val,pad_top,pad_top,47,image_block_06,fx,gx,0.0,1,
3,val,pad_top,pad_top,47,image_block_06,fgx,gfx,0.0,1,
3,val,pad_top,pad_top,302,image_block_06,fx,gx,0.0,1,
3,val,pad_top,pad_top,302,image_block_06,fgx,gfx,0.0,1,
3,val,pad_top,pad_top,174,image_block_06,fx,gx,0.0,1,
3,val,pad_top,pad_top,174,image_block_06,fgx,gfx,0.0,1,
3,val,pad_top,pad_top,146,image_block_06,fx,gx,0.0,1,
3,val,pad_top,pad_top,146,image_block_06,fgx,gfx,0.0,1,
3,val,pad_top,pad_top,165,image_block_06,fx,gx,0.0,1,
3,val,pad_top,pad_top,165,image_block_06,fgx,gfx,0.0,1,
3,val,pad_top,pad_top,172,image_final_norm,fx,gx,0.0,1,
3,val,pad_top,pad_top,172,image_final_norm,fgx,gfx,0.0,1,
3,val,pad_top,pad_top,161,image_final_norm,fx,gx,0.0,1,
3,val,pad_top,pad_top,161,image_final_norm,fgx,gfx,0.0,1,
3,val,pad_top,pad_top,247,image_final_norm,fx,gx,0.0,1,
3,val,pad_top,pad_top,247,image_final_norm,fgx,gfx,0.0,1,
3,val,pad_top,pad_top,46,image_final_norm,fx,gx,0.0,1,
3,val,pad_top,pad_top,46,image_final_norm,fgx,gfx,0.0,1,
3,val,pad_top,pad_top,101,image_final_norm,fx,gx,0.0,1,
3,val,pad_top,pad_top,101,image_final_norm,fgx,gfx,0.0,1,
3,val,pad_top,pad_top,309,image_final_norm,fx,gx,0.0,1,
3,val,pad_top,pad_top,309,image_final_norm,fgx,gfx,0.0,1,
3,val,pad_top,pad_top,132,image_final_norm,fx,gx,0.0,1,
3,val,pad_top,pad_top,132,image_final_norm,fgx,gfx,0.0,1,
3,val,pad_top,pad_top,50,image_final_norm,fx,gx,0.0,1,
3,val,pad_top,pad_top,50,image_final_norm,fgx,gfx,0.0,1,
3,val,pad_top,pad_top,173,image_final_norm,fx,gx,0.0,1,
3,val,pad_top,pad_top,173,image_final_norm,fgx,gfx,0.0,1,
3,val,pad_top,pad_top,216,image_final_norm,fx,gx,0.0,1,
3,val,pad_top,pad_top,216,image_final_norm,fgx,gfx,0.0,1,
3,val,pad_top,pad_top,294,image_final_norm,fx,gx,0.0,1,
3,val,pad_top,pad_top,294,image_final_norm,fgx,gfx,0.0,1,
3,val,pad_top,pad_top,47,image_final_norm,fx,gx,0.0,1,
3,val,pad_top,pad_top,47,image_final_norm,fgx,gfx,0.0,1,
3,val,pad_top,pad_top,302,image_final_norm,fx,gx,0.0,1,
3,val,pad_top,pad_top,302,image_final_norm,fgx,gfx,0.0,1,
3,val,pad_top,pad_top,174,image_final_norm,fx,gx,0.0,1,
3,val,pad_top,pad_top,174,image_final_norm,fgx,gfx,0.0,1,
3,val,pad_top,pad_top,146,image_final_norm,fx,gx,0.0,1,
3,val,pad_top,pad_top,146,image_final_norm,fgx,gfx,0.0,1,
3,val,pad_top,pad_top,165,image_final_norm,fx,gx,0.0,1,
3,val,pad_top,pad_top,165,image_final_norm,fgx,gfx,0.0,1,
3,val,pad_top,pad_top,203,image_input_tokens,fx,gx,0.0,1,
3,val,pad_top,pad_top,203,image_input_tokens,fgx,gfx,0.0,1,
3,val,pad_top,pad_top,77,image_input_tokens,fx,gx,0.0,1,
3,val,pad_top,pad_top,77,image_input_tokens,fgx,gfx,0.0,1,
3,val,pad_top,pad_top,248,image_input_tokens,fx,gx,0.0,1,
3,val,pad_top,pad_top,248,image_input_tokens,fgx,gfx,0.0,1,
3,val,pad_top,pad_top,19,image_input_tokens,fx,gx,0.0,1,
3,val,pad_top,pad_top,19,image_input_tokens,fgx,gfx,0.0,1,
3,val,pad_top,pad_top,98,image_input_tokens,fx,gx,0.0,1,
3,val,pad_top,pad_top,98,image_input_tokens,fgx,gfx,0.0,1,
3,val,pad_top,pad_top,266,image_input_tokens,fx,gx,0.0,1,
3,val,pad_top,pad_top,266,image_input_tokens,fgx,gfx,0.0,1,
3,val,pad_top,pad_top,296,image_input_tokens,fx,gx,0.0,1,
3,val,pad_top,pad_top,296,image_input_tokens,fgx,gfx,0.0,1,
3,val,pad_top,pad_top,153,image_input_tokens,fx,gx,0.0,1,
3,val,pad_top,pad_top,153,image_input_tokens,fgx,gfx,0.0,1,
3,val,pad_top,pad_top,305,image_input_tokens,fx,gx,0.0,1,
3,val,pad_top,pad_top,305,image_input_tokens,fgx,gfx,0.0,1,
3,val,pad_top,pad_top,219,image_input_tokens,fx,gx,0.0,1,
3,val,pad_top,pad_top,219,image_input_tokens,fgx,gfx,0.0,1,
3,val,pad_top,pad_top,164,image_input_tokens,fx,gx,0.0,1,
3,val,pad_top,pad_top,164,image_input_tokens,fgx,gfx,0.0,1,
3,val,pad_top,pad_top,154,image_input_tokens,fx,gx,0.0,1,
3,val,pad_top,pad_top,154,image_input_tokens,fgx,gfx,0.0,1,
3,val,pad_top,pad_top,213,image_input_tokens,fx,gx,0.0,1,
3,val,pad_top,pad_top,213,image_input_tokens,fgx,gfx,0.0,1,
3,val,pad_top,pad_top,152,image_input_tokens,fx,gx,0.0,1,
3,val,pad_top,pad_top,152,image_input_tokens,fgx,gfx,0.0,1,
3,val,pad_top,pad_top,100,image_input_tokens,fx,gx,0.0,1,
3,val,pad_top,pad_top,100,image_input_tokens,fgx,gfx,0.0,1,
3,val,pad_top,pad_top,27,image_input_tokens,fx,gx,0.0,1,
3,val,pad_top,pad_top,27,image_input_tokens,fgx,gfx,0.0,1,
3,val,pad_top,pad_top,203,image_block_01,fx,gx,0.0,1,
3,val,pad_top,pad_top,203,image_block_01,fgx,gfx,0.0,1,
3,val,pad_top,pad_top,77,image_block_01,fx,gx,0.0,1,
3,val,pad_top,pad_top,77,image_block_01,fgx,gfx,0.0,1,
3,val,pad_top,pad_top,248,image_block_01,fx,gx,0.0,1,
3,val,pad_top,pad_top,248,image_block_01,fgx,gfx,0.0,1,
3,val,pad_top,pad_top,19,image_block_01,fx,gx,0.0,1,
3,val,pad_top,pad_top,19,image_block_01,fgx,gfx,0.0,1,
3,val,pad_top,pad_top,98,image_block_01,fx,gx,0.0,1,
3,val,pad_top,pad_top,98,image_block_01,fgx,gfx,0.0,1,
3,val,pad_top,pad_top,266,image_block_01,fx,gx,0.0,1,
3,val,pad_top,pad_top,266,image_block_01,fgx,gfx,0.0,1,
3,val,pad_top,pad_top,296,image_block_01,fx,gx,0.0,1,
3,val,pad_top,pad_top,296,image_block_01,fgx,gfx,0.0,1,
3,val,pad_top,pad_top,153,image_block_01,fx,gx,0.0,1,
3,val,pad_top,pad_top,153,image_block_01,fgx,gfx,0.0,1,
3,val,pad_top,pad_top,305,image_block_01,fx,gx,0.0,1,
3,val,pad_top,pad_top,305,image_block_01,fgx,gfx,0.0,1,
3,val,pad_top,pad_top,219,image_block_01,fx,gx,0.0,1,
3,val,pad_top,pad_top,219,image_block_01,fgx,gfx,0.0,1,
3,val,pad_top,pad_top,164,image_block_01,fx,gx,0.0,1,
3,val,pad_top,pad_top,164,image_block_01,fgx,gfx,0.0,1,
3,val,pad_top,pad_top,154,image_block_01,fx,gx,0.0,1,
3,val,pad_top,pad_top,154,image_block_01,fgx,gfx,0.0,1,
3,val,pad_top,pad_top,213,image_block_01,fx,gx,0.0,1,
3,val,pad_top,pad_top,213,image_block_01,fgx,gfx,0.0,1,
3,val,pad_top,pad_top,152,image_block_01,fx,gx,0.0,1,
3,val,pad_top,pad_top,152,image_block_01,fgx,gfx,0.0,1,
3,val,pad_top,pad_top,100,image_block_01,fx,gx,0.0,1,
3,val,pad_top,pad_top,100,image_block_01,fgx,gfx,0.0,1,
3,val,pad_top,pad_top,27,image_block_01,fx,gx,0.0,1,
3,val,pad_top,pad_top,27,image_block_01,fgx,gfx,0.0,1,
3,val,pad_top,pad_top,203,image_block_02,fx,gx,0.0,1,
3,val,pad_top,pad_top,203,image_block_02,fgx,gfx,0.0,1,
3,val,pad_top,pad_top,77,image_block_02,fx,gx,0.0,1,
3,val,pad_top,pad_top,77,image_block_02,fgx,gfx,0.0,1,
3,val,pad_top,pad_top,248,image_block_02,fx,gx,0.0,1,
3,val,pad_top,pad_top,248,image_block_02,fgx,gfx,0.0,1,
3,val,pad_top,pad_top,19,image_block_02,fx,gx,0.0,1,
3,val,pad_top,pad_top,19,image_block_02,fgx,gfx,0.0,1,
3,val,pad_top,pad_top,98,image_block_02,fx,gx,0.0,1,
3,val,pad_top,pad_top,98,image_block_02,fgx,gfx,0.0,1,
3,val,pad_top,pad_top,266,image_block_02,fx,gx,0.0,1,
3,val,pad_top,pad_top,266,image_block_02,fgx,gfx,0.0,1,
3,val,pad_top,pad_top,296,image_block_02,fx,gx,0.0,1,
3,val,pad_top,pad_top,296,image_block_02,fgx,gfx,0.0,1,
3,val,pad_top,pad_top,153,image_block_02,fx,gx,0.0,1,
3,val,pad_top,pad_top,153,image_block_02,fgx,gfx,0.0,1,
3,val,pad_top,pad_top,305,image_block_02,fx,gx,0.0,1,
3,val,pad_top,pad_top,305,image_block_02,fgx,gfx,0.0,1,
3,val,pad_top,pad_top,219,image_block_02,fx,gx,0.0,1,
3,val,pad_top,pad_top,219,image_block_02,fgx,gfx,0.0,1,
3,val,pad_top,pad_top,164,image_block_02,fx,gx,0.0,1,
3,val,pad_top,pad_top,164,image_block_02,fgx,gfx,0.0,1,
3,val,pad_top,pad_top,154,image_block_02,fx,gx,0.0,1,
3,val,pad_top,pad_top,154,image_block_02,fgx,gfx,0.0,1,
3,val,pad_top,pad_top,213,image_block_02,fx,gx,0.0,1,
3,val,pad_top,pad_top,213,image_block_02,fgx,gfx,0.0,1,
3,val,pad_top,pad_top,152,image_block_02,fx,gx,0.0,1,
3,val,pad_top,pad_top,152,image_block_02,fgx,gfx,0.0,1,
3,val,pad_top,pad_top,100,image_block_02,fx,gx,0.0,1,
3,val,pad_top,pad_top,100,image_block_02,fgx,gfx,0.0,1,
3,val,pad_top,pad_top,27,image_block_02,fx,gx,0.0,1,
3,val,pad_top,pad_top,27,image_block_02,fgx,gfx,0.0,1,
3,val,pad_top,pad_top,203,image_block_03,fx,gx,0.0,1,
3,val,pad_top,pad_top,203,image_block_03,fgx,gfx,0.0,1,
3,val,pad_top,pad_top,77,image_block_03,fx,gx,0.0,1,
3,val,pad_top,pad_top,77,image_block_03,fgx,gfx,0.0,1,
3,val,pad_top,pad_top,248,image_block_03,fx,gx,0.0,1,
3,val,pad_top,pad_top,248,image_block_03,fgx,gfx,0.0,1,
3,val,pad_top,pad_top,19,image_block_03,fx,gx,0.0,1,
3,val,pad_top,pad_top,19,image_block_03,fgx,gfx,0.0,1,
3,val,pad_top,pad_top,98,image_block_03,fx,gx,0.0,1,
3,val,pad_top,pad_top,98,image_block_03,fgx,gfx,0.0,1,
3,val,pad_top,pad_top,266,image_block_03,fx,gx,0.0,1,
3,val,pad_top,pad_top,266,image_block_03,fgx,gfx,0.0,1,
3,val,pad_top,pad_top,296,image_block_03,fx,gx,0.0,1,
3,val,pad_top,pad_top,296,image_block_03,fgx,gfx,0.0,1,
3,val,pad_top,pad_top,153,image_block_03,fx,gx,0.0,1,
3,val,pad_top,pad_top,153,image_block_03,fgx,gfx,0.0,1,
3,val,pad_top,pad_top,305,image_block_03,fx,gx,0.0,1,
3,val,pad_top,pad_top,305,image_block_03,fgx,gfx,0.0,1,
3,val,pad_top,pad_top,219,image_block_03,fx,gx,0.0,1,
3,val,pad_top,pad_top,219,image_block_03,fgx,gfx,0.0,1,
3,val,pad_top,pad_top,164,image_block_03,fx,gx,0.0,1,
3,val,pad_top,pad_top,164,image_block_03,fgx,gfx,0.0,1,
3,val,pad_top,pad_top,154,image_block_03,fx,gx,0.0,1,
3,val,pad_top,pad_top,154,image_block_03,fgx,gfx,0.0,1,
3,val,pad_top,pad_top,213,image_block_03,fx,gx,0.0,1,
3,val,pad_top,pad_top,213,image_block_03,fgx,gfx,0.0,1,
3,val,pad_top,pad_top,152,image_block_03,fx,gx,0.0,1,
3,val,pad_top,pad_top,152,image_block_03,fgx,gfx,0.0,1,
3,val,pad_top,pad_top,100,image_block_03,fx,gx,0.0,1,
3,val,pad_top,pad_top,100,image_block_03,fgx,gfx,0.0,1,
3,val,pad_top,pad_top,27,image_block_03,fx,gx,0.0,1,
3,val,pad_top,pad_top,27,image_block_03,fgx,gfx,0.0,1,
3,val,pad_top,pad_top,203,image_block_04,fx,gx,0.0,1,
3,val,pad_top,pad_top,203,image_block_04,fgx,gfx,0.0,1,
3,val,pad_top,pad_top,77,image_block_04,fx,gx,0.0,1,
3,val,pad_top,pad_top,77,image_block_04,fgx,gfx,0.0,1,
3,val,pad_top,pad_top,248,image_block_04,fx,gx,0.0,1,
3,val,pad_top,pad_top,248,image_block_04,fgx,gfx,0.0,1,
3,val,pad_top,pad_top,19,image_block_04,fx,gx,0.0,1,
3,val,pad_top,pad_top,19,image_block_04,fgx,gfx,0.0,1,
3,val,pad_top,pad_top,98,image_block_04,fx,gx,0.0,1,
3,val,pad_top,pad_top,98,image_block_04,fgx,gfx,0.0,1,
3,val,pad_top,pad_top,266,image_block_04,fx,gx,0.0,1,
3,val,pad_top,pad_top,266,image_block_04,fgx,gfx,0.0,1,
3,val,pad_top,pad_top,296,image_block_04,fx,gx,0.0,1,
3,val,pad_top,pad_top,296,image_block_04,fgx,gfx,0.0,1,
3,val,pad_top,pad_top,153,image_block_04,fx,gx,0.0,1,
3,val,pad_top,pad_top,153,image_block_04,fgx,gfx,0.0,1,
3,val,pad_top,pad_top,305,image_block_04,fx,gx,0.0,1,
3,val,pad_top,pad_top,305,image_block_04,fgx,gfx,0.0,1,
3,val,pad_top,pad_top,219,image_block_04,fx,gx,0.0,1,
3,val,pad_top,pad_top,219,image_block_04,fgx,gfx,0.0,1,
3,val,pad_top,pad_top,164,image_block_04,fx,gx,0.0,1,
3,val,pad_top,pad_top,164,image_block_04,fgx,gfx,0.0,1,
3,val,pad_top,pad_top,154,image_block_04,fx,gx,0.0,1,
3,val,pad_top,pad_top,154,image_block_04,fgx,gfx,0.0,1,
3,val,pad_top,pad_top,213,image_block_04,fx,gx,0.0,1,
3,val,pad_top,pad_top,213,image_block_04,fgx,gfx,0.0,1,
3,val,pad_top,pad_top,152,image_block_04,fx,gx,0.0,1,
3,val,pad_top,pad_top,152,image_block_04,fgx,gfx,0.0,1,
3,val,pad_top,pad_top,100,image_block_04,fx,gx,0.0,1,
3,val,pad_top,pad_top,100,image_block_04,fgx,gfx,0.0,1,
3,val,pad_top,pad_top,27,image_block_04,fx,gx,0.0,1,
3,val,pad_top,pad_top,27,image_block_04,fgx,gfx,0.0,1,
3,val,pad_top,pad_top,203,image_block_05,fx,gx,0.0,1,
3,val,pad_top,pad_top,203,image_block_05,fgx,gfx,0.0,1,
3,val,pad_top,pad_top,77,image_block_05,fx,gx,0.0,1,
3,val,pad_top,pad_top,77,image_block_05,fgx,gfx,0.0,1,
3,val,pad_top,pad_top,248,image_block_05,fx,gx,0.0,1,
3,val,pad_top,pad_top,248,image_block_05,fgx,gfx,0.0,1,
3,val,pad_top,pad_top,19,image_block_05,fx,gx,0.0,1,
3,val,pad_top,pad_top,19,image_block_05,fgx,gfx,0.0,1,
3,val,pad_top,pad_top,98,image_block_05,fx,gx,0.0,1,
3,val,pad_top,pad_top,98,image_block_05,fgx,gfx,0.0,1,
3,val,pad_top,pad_top,266,image_block_05,fx,gx,0.0,1,
3,val,pad_top,pad_top,266,image_block_05,fgx,gfx,0.0,1,
3,val,pad_top,pad_top,296,image_block_05,fx,gx,0.0,1,
3,val,pad_top,pad_top,296,image_block_05,fgx,gfx,0.0,1,
3,val,pad_top,pad_top,153,image_block_05,fx,gx,0.0,1,
3,val,pad_top,pad_top,153,image_block_05,fgx,gfx,0.0,1,
3,val,pad_top,pad_top,305,image_block_05,fx,gx,0.0,1,
3,val,pad_top,pad_top,305,image_block_05,fgx,gfx,0.0,1,
3,val,pad_top,pad_top,219,image_block_05,fx,gx,0.0,1,
3,val,pad_top,pad_top,219,image_block_05,fgx,gfx,0.0,1,
3,val,pad_top,pad_top,164,image_block_05,fx,gx,0.0,1,
3,val,pad_top,pad_top,164,image_block_05,fgx,gfx,0.0,1,
3,val,pad_top,pad_top,154,image_block_05,fx,gx,0.0,1,
3,val,pad_top,pad_top,154,image_block_05,fgx,gfx,0.0,1,
3,val,pad_top,pad_top,213,image_block_05,fx,gx,0.0,1,
3,val,pad_top,pad_top,213,image_block_05,fgx,gfx,0.0,1,
3,val,pad_top,pad_top,152,image_block_05,fx,gx,0.0,1,
3,val,pad_top,pad_top,152,image_block_05,fgx,gfx,0.0,1,
3,val,pad_top,pad_top,100,image_block_05,fx,gx,0.0,1,
3,val,pad_top,pad_top,100,image_block_05,fgx,gfx,0.0,1,
3,val,pad_top,pad_top,27,image_block_05,fx,gx,0.0,1,
3,val,pad_top,pad_top,27,image_block_05,fgx,gfx,0.0,1,
3,val,pad_top,pad_top,203,image_block_06,fx,gx,0.0,1,
3,val,pad_top,pad_top,203,image_block_06,fgx,gfx,0.0,1,
3,val,pad_top,pad_top,77,image_block_06,fx,gx,0.0,1,
3,val,pad_top,pad_top,77,image_block_06,fgx,gfx,0.0,1,
3,val,pad_top,pad_top,248,image_block_06,fx,gx,0.0,1,
3,val,pad_top,pad_top,248,image_block_06,fgx,gfx,0.0,1,
3,val,pad_top,pad_top,19,image_block_06,fx,gx,0.0,1,
3,val,pad_top,pad_top,19,image_block_06,fgx,gfx,0.0,1,
3,val,pad_top,pad_top,98,image_block_06,fx,gx,0.0,1,
3,val,pad_top,pad_top,98,image_block_06,fgx,gfx,0.0,1,
3,val,pad_top,pad_top,266,image_block_06,fx,gx,0.0,1,
3,val,pad_top,pad_top,266,image_block_06,fgx,gfx,0.0,1,
3,val,pad_top,pad_top,296,image_block_06,fx,gx,0.0,1,
3,val,pad_top,pad_top,296,image_block_06,fgx,gfx,0.0,1,
3,val,pad_top,pad_top,153,image_block_06,fx,gx,0.0,1,
3,val,pad_top,pad_top,153,image_block_06,fgx,gfx,0.0,1,
3,val,pad_top,pad_top,305,image_block_06,fx,gx,0.0,1,
3,val,pad_top,pad_top,305,image_block_06,fgx,gfx,0.0,1,
3,val,pad_top,pad_top,219,image_block_06,fx,gx,0.0,1,
3,val,pad_top,pad_top,219,image_block_06,fgx,gfx,0.0,1,
3,val,pad_top,pad_top,164,image_block_06,fx,gx,0.0,1,
3,val,pad_top,pad_top,164,image_block_06,fgx,gfx,0.0,1,
3,val,pad_top,pad_top,154,image_block_06,fx,gx,0.0,1,
3,val,pad_top,pad_top,154,image_block_06,fgx,gfx,0.0,1,
3,val,pad_top,pad_top,213,image_block_06,fx,gx,0.0,1,
3,val,pad_top,pad_top,213,image_block_06,fgx,gfx,0.0,1,
3,val,pad_top,pad_top,152,image_block_06,fx,gx,0.0,1,
3,val,pad_top,pad_top,152,image_block_06,fgx,gfx,0.0,1,
3,val,pad_top,pad_top,100,image_block_06,fx,gx,0.0,1,
3,val,pad_top,pad_top,100,image_block_06,fgx,gfx,0.0,1,
3,val,pad_top,pad_top,27,image_block_06,fx,gx,0.0,1,
3,val,pad_top,pad_top,27,image_block_06,fgx,gfx,0.0,1,
3,val,pad_top,pad_top,203,image_final_norm,fx,gx,0.0,1,
3,val,pad_top,pad_top,203,image_final_norm,fgx,gfx,0.0,1,
3,val,pad_top,pad_top,77,image_final_norm,fx,gx,0.0,1,
3,val,pad_top,pad_top,77,image_final_norm,fgx,gfx,0.0,1,
3,val,pad_top,pad_top,248,image_final_norm,fx,gx,0.0,1,
3,val,pad_top,pad_top,248,image_final_norm,fgx,gfx,0.0,1,
3,val,pad_top,pad_top,19,image_final_norm,fx,gx,0.0,1,
3,val,pad_top,pad_top,19,image_final_norm,fgx,gfx,0.0,1,
3,val,pad_top,pad_top,98,image_final_norm,fx,gx,0.0,1,
3,val,pad_top,pad_top,98,image_final_norm,fgx,gfx,0.0,1,
3,val,pad_top,pad_top,266,image_final_norm,fx,gx,0.0,1,
3,val,pad_top,pad_top,266,image_final_norm,fgx,gfx,0.0,1,
3,val,pad_top,pad_top,296,image_final_norm,fx,gx,0.0,1,
3,val,pad_top,pad_top,296,image_final_norm,fgx,gfx,0.0,1,
3,val,pad_top,pad_top,153,image_final_norm,fx,gx,0.0,1,
3,val,pad_top,pad_top,153,image_final_norm,fgx,gfx,0.0,1,
3,val,pad_top,pad_top,305,image_final_norm,fx,gx,0.0,1,
3,val,pad_top,pad_top,305,image_final_norm,fgx,gfx,0.0,1,
3,val,pad_top,pad_top,219,image_final_norm,fx,gx,0.0,1,
3,val,pad_top,pad_top,219,image_final_norm,fgx,gfx,0.0,1,
3,val,pad_top,pad_top,164,image_final_norm,fx,gx,0.0,1,
3,val,pad_top,pad_top,164,image_final_norm,fgx,gfx,0.0,1,
3,val,pad_top,pad_top,154,image_final_norm,fx,gx,0.0,1,
3,val,pad_top,pad_top,154,image_final_norm,fgx,gfx,0.0,1,
3,val,pad_top,pad_top,213,image_final_norm,fx,gx,0.0,1,
3,val,pad_top,pad_top,213,image_final_norm,fgx,gfx,0.0,1,
3,val,pad_top,pad_top,152,image_final_norm,fx,gx,0.0,1,
3,val,pad_top,pad_top,152,image_final_norm,fgx,gfx,0.0,1,
3,val,pad_top,pad_top,100,image_final_norm,fx,gx,0.0,1,
3,val,pad_top,pad_top,100,image_final_norm,fgx,gfx,0.0,1,
3,val,pad_top,pad_top,27,image_final_norm,fx,gx,0.0,1,
3,val,pad_top,pad_top,27,image_final_norm,fgx,gfx,0.0,1,
3,val,pad_top,pad_top,316,image_input_tokens,fx,gx,0.0,1,
3,val,pad_top,pad_top,316,image_input_tokens,fgx,gfx,0.0,1,
3,val,pad_top,pad_top,61,image_input_tokens,fx,gx,0.0,1,
3,val,pad_top,pad_top,61,image_input_tokens,fgx,gfx,0.0,1,
3,val,pad_top,pad_top,265,image_input_tokens,fx,gx,0.0,1,
3,val,pad_top,pad_top,265,image_input_tokens,fgx,gfx,0.0,1,
3,val,pad_top,pad_top,215,image_input_tokens,fx,gx,0.0,1,
3,val,pad_top,pad_top,215,image_input_tokens,fgx,gfx,0.0,1,
3,val,pad_top,pad_top,253,image_input_tokens,fx,gx,0.0,1,
3,val,pad_top,pad_top,253,image_input_tokens,fgx,gfx,0.0,1,
3,val,pad_top,pad_top,2,image_input_tokens,fx,gx,0.0,1,
3,val,pad_top,pad_top,2,image_input_tokens,fgx,gfx,0.0,1,
3,val,pad_top,pad_top,149,image_input_tokens,fx,gx,0.0,1,
3,val,pad_top,pad_top,149,image_input_tokens,fgx,gfx,0.0,1,
3,val,pad_top,pad_top,38,image_input_tokens,fx,gx,0.0,1,
3,val,pad_top,pad_top,38,image_input_tokens,fgx,gfx,0.0,1,
3,val,pad_top,pad_top,238,image_input_tokens,fx,gx,0.0,1,
3,val,pad_top,pad_top,238,image_input_tokens,fgx,gfx,0.0,1,
3,val,pad_top,pad_top,198,image_input_tokens,fx,gx,0.0,1,
3,val,pad_top,pad_top,198,image_input_tokens,fgx,gfx,0.0,1,
3,val,pad_top,pad_top,236,image_input_tokens,fx,gx,0.0,1,
3,val,pad_top,pad_top,236,image_input_tokens,fgx,gfx,0.0,1,
3,val,pad_top,pad_top,68,image_input_tokens,fx,gx,0.0,1,
3,val,pad_top,pad_top,68,image_input_tokens,fgx,gfx,0.0,1,
3,val,pad_top,pad_top,281,image_input_tokens,fx,gx,0.0,1,
3,val,pad_top,pad_top,281,image_input_tokens,fgx,gfx,0.0,1,
3,val,pad_top,pad_top,29,image_input_tokens,fx,gx,0.0,1,
3,val,pad_top,pad_top,29,image_input_tokens,fgx,gfx,0.0,1,
3,val,pad_top,pad_top,80,image_input_tokens,fx,gx,0.0,1,
3,val,pad_top,pad_top,80,image_input_tokens,fgx,gfx,0.0,1,
3,val,pad_top,pad_top,184,image_input_tokens,fx,gx,0.0,1,
3,val,pad_top,pad_top,184,image_input_tokens,fgx,gfx,0.0,1,
3,val,pad_top,pad_top,316,image_block_01,fx,gx,0.0,1,
3,val,pad_top,pad_top,316,image_block_01,fgx,gfx,0.0,1,
3,val,pad_top,pad_top,61,image_block_01,fx,gx,0.0,1,
3,val,pad_top,pad_top,61,image_block_01,fgx,gfx,0.0,1,
3,val,pad_top,pad_top,265,image_block_01,fx,gx,0.0,1,
3,val,pad_top,pad_top,265,image_block_01,fgx,gfx,0.0,1,
3,val,pad_top,pad_top,215,image_block_01,fx,gx,0.0,1,
3,val,pad_top,pad_top,215,image_block_01,fgx,gfx,0.0,1,
3,val,pad_top,pad_top,253,image_block_01,fx,gx,0.0,1,
3,val,pad_top,pad_top,253,image_block_01,fgx,gfx,0.0,1,
3,val,pad_top,pad_top,2,image_block_01,fx,gx,0.0,1,
3,val,pad_top,pad_top,2,image_block_01,fgx,gfx,0.0,1,
3,val,pad_top,pad_top,149,image_block_01,fx,gx,0.0,1,
3,val,pad_top,pad_top,149,image_block_01,fgx,gfx,0.0,1,
3,val,pad_top,pad_top,38,image_block_01,fx,gx,0.0,1,
3,val,pad_top,pad_top,38,image_block_01,fgx,gfx,0.0,1,
3,val,pad_top,pad_top,238,image_block_01,fx,gx,0.0,1,
3,val,pad_top,pad_top,238,image_block_01,fgx,gfx,0.0,1,
3,val,pad_top,pad_top,198,image_block_01,fx,gx,0.0,1,
3,val,pad_top,pad_top,198,image_block_01,fgx,gfx,0.0,1,
3,val,pad_top,pad_top,236,image_block_01,fx,gx,0.0,1,
3,val,pad_top,pad_top,236,image_block_01,fgx,gfx,0.0,1,
3,val,pad_top,pad_top,68,image_block_01,fx,gx,0.0,1,
3,val,pad_top,pad_top,68,image_block_01,fgx,gfx,0.0,1,
3,val,pad_top,pad_top,281,image_block_01,fx,gx,0.0,1,
3,val,pad_top,pad_top,281,image_block_01,fgx,gfx,0.0,1,
3,val,pad_top,pad_top,29,image_block_01,fx,gx,0.0,1,
3,val,pad_top,pad_top,29,image_block_01,fgx,gfx,0.0,1,
3,val,pad_top,pad_top,80,image_block_01,fx,gx,0.0,1,
3,val,pad_top,pad_top,80,image_block_01,fgx,gfx,0.0,1,
3,val,pad_top,pad_top,184,image_block_01,fx,gx,0.0,1,
3,val,pad_top,pad_top,184,image_block_01,fgx,gfx,0.0,1,
3,val,pad_top,pad_top,316,image_block_02,fx,gx,0.0,1,
3,val,pad_top,pad_top,316,image_block_02,fgx,gfx,0.0,1,
3,val,pad_top,pad_top,61,image_block_02,fx,gx,0.0,1,
3,val,pad_top,pad_top,61,image_block_02,fgx,gfx,0.0,1,
3,val,pad_top,pad_top,265,image_block_02,fx,gx,0.0,1,
3,val,pad_top,pad_top,265,image_block_02,fgx,gfx,0.0,1,
3,val,pad_top,pad_top,215,image_block_02,fx,gx,0.0,1,
3,val,pad_top,pad_top,215,image_block_02,fgx,gfx,0.0,1,
3,val,pad_top,pad_top,253,image_block_02,fx,gx,0.0,1,
3,val,pad_top,pad_top,253,image_block_02,fgx,gfx,0.0,1,
3,val,pad_top,pad_top,2,image_block_02,fx,gx,0.0,1,
3,val,pad_top,pad_top,2,image_block_02,fgx,gfx,0.0,1,
3,val,pad_top,pad_top,149,image_block_02,fx,gx,0.0,1,
3,val,pad_top,pad_top,149,image_block_02,fgx,gfx,0.0,1,
3,val,pad_top,pad_top,38,image_block_02,fx,gx,0.0,1,
3,val,pad_top,pad_top,38,image_block_02,fgx,gfx,0.0,1,
3,val,pad_top,pad_top,238,image_block_02,fx,gx,0.0,1,
3,val,pad_top,pad_top,238,image_block_02,fgx,gfx,0.0,1,
3,val,pad_top,pad_top,198,image_block_02,fx,gx,0.0,1,
3,val,pad_top,pad_top,198,image_block_02,fgx,gfx,0.0,1,
3,val,pad_top,pad_top,236,image_block_02,fx,gx,0.0,1,
3,val,pad_top,pad_top,236,image_block_02,fgx,gfx,0.0,1,
3,val,pad_top,pad_top,68,image_block_02,fx,gx,0.0,1,
3,val,pad_top,pad_top,68,image_block_02,fgx,gfx,0.0,1,
3,val,pad_top,pad_top,281,image_block_02,fx,gx,0.0,1,
3,val,pad_top,pad_top,281,image_block_02,fgx,gfx,0.0,1,
3,val,pad_top,pad_top,29,image_block_02,fx,gx,0.0,1,
3,val,pad_top,pad_top,29,image_block_02,fgx,gfx,0.0,1,
3,val,pad_top,pad_top,80,image_block_02,fx,gx,0.0,1,
3,val,pad_top,pad_top,80,image_block_02,fgx,gfx,0.0,1,
3,val,pad_top,pad_top,184,image_block_02,fx,gx,0.0,1,
3,val,pad_top,pad_top,184,image_block_02,fgx,gfx,0.0,1,
3,val,pad_top,pad_top,316,image_block_03,fx,gx,0.0,1,
3,val,pad_top,pad_top,316,image_block_03,fgx,gfx,0.0,1,
3,val,pad_top,pad_top,61,image_block_03,fx,gx,0.0,1,
3,val,pad_top,pad_top,61,image_block_03,fgx,gfx,0.0,1,
3,val,pad_top,pad_top,265,image_block_03,fx,gx,0.0,1,
3,val,pad_top,pad_top,265,image_block_03,fgx,gfx,0.0,1,
3,val,pad_top,pad_top,215,image_block_03,fx,gx,0.0,1,
3,val,pad_top,pad_top,215,image_block_03,fgx,gfx,0.0,1,
3,val,pad_top,pad_top,253,image_block_03,fx,gx,0.0,1,
3,val,pad_top,pad_top,253,image_block_03,fgx,gfx,0.0,1,
3,val,pad_top,pad_top,2,image_block_03,fx,gx,0.0,1,
3,val,pad_top,pad_top,2,image_block_03,fgx,gfx,0.0,1,
3,val,pad_top,pad_top,149,image_block_03,fx,gx,0.0,1,
3,val,pad_top,pad_top,149,image_block_03,fgx,gfx,0.0,1,
3,val,pad_top,pad_top,38,image_block_03,fx,gx,0.0,1,
3,val,pad_top,pad_top,38,image_block_03,fgx,gfx,0.0,1,
3,val,pad_top,pad_top,238,image_block_03,fx,gx,0.0,1,
3,val,pad_top,pad_top,238,image_block_03,fgx,gfx,0.0,1,
3,val,pad_top,pad_top,198,image_block_03,fx,gx,0.0,1,
3,val,pad_top,pad_top,198,image_block_03,fgx,gfx,0.0,1,
3,val,pad_top,pad_top,236,image_block_03,fx,gx,0.0,1,
3,val,pad_top,pad_top,236,image_block_03,fgx,gfx,0.0,1,
3,val,pad_top,pad_top,68,image_block_03,fx,gx,0.0,1,
3,val,pad_top,pad_top,68,image_block_03,fgx,gfx,0.0,1,
3,val,pad_top,pad_top,281,image_block_03,fx,gx,0.0,1,
3,val,pad_top,pad_top,281,image_block_03,fgx,gfx,0.0,1,
3,val,pad_top,pad_top,29,image_block_03,fx,gx,0.0,1,
3,val,pad_top,pad_top,29,image_block_03,fgx,gfx,0.0,1,
3,val,pad_top,pad_top,80,image_block_03,fx,gx,0.0,1,
3,val,pad_top,pad_top,80,image_block_03,fgx,gfx,0.0,1,
3,val,pad_top,pad_top,184,image_block_03,fx,gx,0.0,1,
3,val,pad_top,pad_top,184,image_block_03,fgx,gfx,0.0,1,
3,val,pad_top,pad_top,316,image_block_04,fx,gx,0.0,1,
3,val,pad_top,pad_top,316,image_block_04,fgx,gfx,0.0,1,
3,val,pad_top,pad_top,61,image_block_04,fx,gx,0.0,1,
3,val,pad_top,pad_top,61,image_block_04,fgx,gfx,0.0,1,
3,val,pad_top,pad_top,265,image_block_04,fx,gx,0.0,1,
3,val,pad_top,pad_top,265,image_block_04,fgx,gfx,0.0,1,
3,val,pad_top,pad_top,215,image_block_04,fx,gx,0.0,1,
3,val,pad_top,pad_top,215,image_block_04,fgx,gfx,0.0,1,
3,val,pad_top,pad_top,253,image_block_04,fx,gx,0.0,1,
3,val,pad_top,pad_top,253,image_block_04,fgx,gfx,0.0,1,
3,val,pad_top,pad_top,2,image_block_04,fx,gx,0.0,1,
3,val,pad_top,pad_top,2,image_block_04,fgx,gfx,0.0,1,
3,val,pad_top,pad_top,149,image_block_04,fx,gx,0.0,1,
3,val,pad_top,pad_top,149,image_block_04,fgx,gfx,0.0,1,
3,val,pad_top,pad_top,38,image_block_04,fx,gx,0.0,1,
3,val,pad_top,pad_top,38,image_block_04,fgx,gfx,0.0,1,
3,val,pad_top,pad_top,238,image_block_04,fx,gx,0.0,1,
3,val,pad_top,pad_top,238,image_block_04,fgx,gfx,0.0,1,
3,val,pad_top,pad_top,198,image_block_04,fx,gx,0.0,1,
3,val,pad_top,pad_top,198,image_block_04,fgx,gfx,0.0,1,
3,val,pad_top,pad_top,236,image_block_04,fx,gx,0.0,1,
3,val,pad_top,pad_top,236,image_block_04,fgx,gfx,0.0,1,
3,val,pad_top,pad_top,68,image_block_04,fx,gx,0.0,1,
3,val,pad_top,pad_top,68,image_block_04,fgx,gfx,0.0,1,
3,val,pad_top,pad_top,281,image_block_04,fx,gx,0.0,1,
3,val,pad_top,pad_top,281,image_block_04,fgx,gfx,0.0,1,
3,val,pad_top,pad_top,29,image_block_04,fx,gx,0.0,1,
3,val,pad_top,pad_top,29,image_block_04,fgx,gfx,0.0,1,
3,val,pad_top,pad_top,80,image_block_04,fx,gx,0.0,1,
3,val,pad_top,pad_top,80,image_block_04,fgx,gfx,0.0,1,
3,val,pad_top,pad_top,184,image_block_04,fx,gx,0.0,1,
3,val,pad_top,pad_top,184,image_block_04,fgx,gfx,0.0,1,
3,val,pad_top,pad_top,316,image_block_05,fx,gx,0.0,1,
3,val,pad_top,pad_top,316,image_block_05,fgx,gfx,0.0,1,
3,val,pad_top,pad_top,61,image_block_05,fx,gx,0.0,1,
3,val,pad_top,pad_top,61,image_block_05,fgx,gfx,0.0,1,
3,val,pad_top,pad_top,265,image_block_05,fx,gx,0.0,1,
3,val,pad_top,pad_top,265,image_block_05,fgx,gfx,0.0,1,
3,val,pad_top,pad_top,215,image_block_05,fx,gx,0.0,1,
3,val,pad_top,pad_top,215,image_block_05,fgx,gfx,0.0,1,
3,val,pad_top,pad_top,253,image_block_05,fx,gx,0.0,1,
3,val,pad_top,pad_top,253,image_block_05,fgx,gfx,0.0,1,
3,val,pad_top,pad_top,2,image_block_05,fx,gx,0.0,1,
3,val,pad_top,pad_top,2,image_block_05,fgx,gfx,0.0,1,
3,val,pad_top,pad_top,149,image_block_05,fx,gx,0.0,1,
3,val,pad_top,pad_top,149,image_block_05,fgx,gfx,0.0,1,
3,val,pad_top,pad_top,38,image_block_05,fx,gx,0.0,1,
3,val,pad_top,pad_top,38,image_block_05,fgx,gfx,0.0,1,
3,val,pad_top,pad_top,238,image_block_05,fx,gx,0.0,1,
3,val,pad_top,pad_top,238,image_block_05,fgx,gfx,0.0,1,
3,val,pad_top,pad_top,198,image_block_05,fx,gx,0.0,1,
3,val,pad_top,pad_top,198,image_block_05,fgx,gfx,0.0,1,
3,val,pad_top,pad_top,236,image_block_05,fx,gx,0.0,1,
3,val,pad_top,pad_top,236,image_block_05,fgx,gfx,0.0,1,
3,val,pad_top,pad_top,68,image_block_05,fx,gx,0.0,1,
3,val,pad_top,pad_top,68,image_block_05,fgx,gfx,0.0,1,
3,val,pad_top,pad_top,281,image_block_05,fx,gx,0.0,1,
3,val,pad_top,pad_top,281,image_block_05,fgx,gfx,0.0,1,
3,val,pad_top,pad_top,29,image_block_05,fx,gx,0.0,1,
3,val,pad_top,pad_top,29,image_block_05,fgx,gfx,0.0,1,
3,val,pad_top,pad_top,80,image_block_05,fx,gx,0.0,1,
3,val,pad_top,pad_top,80,image_block_05,fgx,gfx,0.0,1,
3,val,pad_top,pad_top,184,image_block_05,fx,gx,0.0,1,
3,val,pad_top,pad_top,184,image_block_05,fgx,gfx,0.0,1,
3,val,pad_top,pad_top,316,image_block_06,fx,gx,0.0,1,
3,val,pad_top,pad_top,316,image_block_06,fgx,gfx,0.0,1,
3,val,pad_top,pad_top,61,image_block_06,fx,gx,0.0,1,
3,val,pad_top,pad_top,61,image_block_06,fgx,gfx,0.0,1,
3,val,pad_top,pad_top,265,image_block_06,fx,gx,0.0,1,
3,val,pad_top,pad_top,265,image_block_06,fgx,gfx,0.0,1,
3,val,pad_top,pad_top,215,image_block_06,fx,gx,0.0,1,
3,val,pad_top,pad_top,215,image_block_06,fgx,gfx,0.0,1,
3,val,pad_top,pad_top,253,image_block_06,fx,gx,0.0,1,
3,val,pad_top,pad_top,253,image_block_06,fgx,gfx,0.0,1,
3,val,pad_top,pad_top,2,image_block_06,fx,gx,0.0,1,
3,val,pad_top,pad_top,2,image_block_06,fgx,gfx,0.0,1,
3,val,pad_top,pad_top,149,image_block_06,fx,gx,0.0,1,
3,val,pad_top,pad_top,149,image_block_06,fgx,gfx,0.0,1,
3,val,pad_top,pad_top,38,image_block_06,fx,gx,0.0,1,
3,val,pad_top,pad_top,38,image_block_06,fgx,gfx,0.0,1,
3,val,pad_top,pad_top,238,image_block_06,fx,gx,0.0,1,
3,val,pad_top,pad_top,238,image_block_06,fgx,gfx,0.0,1,
3,val,pad_top,pad_top,198,image_block_06,fx,gx,0.0,1,
3,val,pad_top,pad_top,198,image_block_06,fgx,gfx,0.0,1,
3,val,pad_top,pad_top,236,image_block_06,fx,gx,0.0,1,
3,val,pad_top,pad_top,236,image_block_06,fgx,gfx,0.0,1,
3,val,pad_top,pad_top,68,image_block_06,fx,gx,0.0,1,
3,val,pad_top,pad_top,68,image_block_06,fgx,gfx,0.0,1,
3,val,pad_top,pad_top,281,image_block_06,fx,gx,0.0,1,
3,val,pad_top,pad_top,281,image_block_06,fgx,gfx,0.0,1,
3,val,pad_top,pad_top,29,image_block_06,fx,gx,0.0,1,
3,val,pad_top,pad_top,29,image_block_06,fgx,gfx,0.0,1,
3,val,pad_top,pad_top,80,image_block_06,fx,gx,0.0,1,
3,val,pad_top,pad_top,80,image_block_06,fgx,gfx,0.0,1,
3,val,pad_top,pad_top,184,image_block_06,fx,gx,0.0,1,
3,val,pad_top,pad_top,184,image_block_06,fgx,gfx,0.0,1,
3,val,pad_top,pad_top,316,image_final_norm,fx,gx,0.0,1,
3,val,pad_top,pad_top,316,image_final_norm,fgx,gfx,0.0,1,
3,val,pad_top,pad_top,61,image_final_norm,fx,gx,0.0,1,
3,val,pad_top,pad_top,61,image_final_norm,fgx,gfx,0.0,1,
3,val,pad_top,pad_top,265,image_final_norm,fx,gx,0.0,1,
3,val,pad_top,pad_top,265,image_final_norm,fgx,gfx,0.0,1,
3,val,pad_top,pad_top,215,image_final_norm,fx,gx,0.0,1,
3,val,pad_top,pad_top,215,image_final_norm,fgx,gfx,0.0,1,
3,val,pad_top,pad_top,253,image_final_norm,fx,gx,0.0,1,
3,val,pad_top,pad_top,253,image_final_norm,fgx,gfx,0.0,1,
3,val,pad_top,pad_top,2,image_final_norm,fx,gx,0.0,1,
3,val,pad_top,pad_top,2,image_final_norm,fgx,gfx,0.0,1,
3,val,pad_top,pad_top,149,image_final_norm,fx,gx,0.0,1,
3,val,pad_top,pad_top,149,image_final_norm,fgx,gfx,0.0,1,
3,val,pad_top,pad_top,38,image_final_norm,fx,gx,0.0,1,
3,val,pad_top,pad_top,38,image_final_norm,fgx,gfx,0.0,1,
3,val,pad_top,pad_top,238,image_final_norm,fx,gx,0.0,1,
3,val,pad_top,pad_top,238,image_final_norm,fgx,gfx,0.0,1,
3,val,pad_top,pad_top,198,image_final_norm,fx,gx,0.0,1,
3,val,pad_top,pad_top,198,image_final_norm,fgx,gfx,0.0,1,
3,val,pad_top,pad_top,236,image_final_norm,fx,gx,0.0,1,
3,val,pad_top,pad_top,236,image_final_norm,fgx,gfx,0.0,1,
3,val,pad_top,pad_top,68,image_final_norm,fx,gx,0.0,1,
3,val,pad_top,pad_top,68,image_final_norm,fgx,gfx,0.0,1,
3,val,pad_top,pad_top,281,image_final_norm,fx,gx,0.0,1,
3,val,pad_top,pad_top,281,image_final_norm,fgx,gfx,0.0,1,
3,val,pad_top,pad_top,29,image_final_norm,fx,gx,0.0,1,
3,val,pad_top,pad_top,29,image_final_norm,fgx,gfx,0.0,1,
3,val,pad_top,pad_top,80,image_final_norm,fx,gx,0.0,1,
3,val,pad_top,pad_top,80,image_final_norm,fgx,gfx,0.0,1,
3,val,pad_top,pad_top,184,image_final_norm,fx,gx,0.0,1,
3,val,pad_top,pad_top,184,image_final_norm,fgx,gfx,0.0,1,
3,val,pad_top,pad_top,126,image_input_tokens,fx,gx,0.0,1,
3,val,pad_top,pad_top,126,image_input_tokens,fgx,gfx,0.0,1,
3,val,pad_top,pad_top,259,image_input_tokens,fx,gx,0.0,1,
3,val,pad_top,pad_top,259,image_input_tokens,fgx,gfx,0.0,1,
3,val,pad_top,pad_top,25,image_input_tokens,fx,gx,0.0,1,
3,val,pad_top,pad_top,25,image_input_tokens,fgx,gfx,0.0,1,
3,val,pad_top,pad_top,284,image_input_tokens,fx,gx,0.0,1,
3,val,pad_top,pad_top,284,image_input_tokens,fgx,gfx,0.0,1,
3,val,pad_top,pad_top,273,image_input_tokens,fx,gx,0.0,1,
3,val,pad_top,pad_top,273,image_input_tokens,fgx,gfx,0.0,1,
3,val,pad_top,pad_top,40,image_input_tokens,fx,gx,0.0,1,
3,val,pad_top,pad_top,40,image_input_tokens,fgx,gfx,0.0,1,
3,val,pad_top,pad_top,200,image_input_tokens,fx,gx,0.0,1,
3,val,pad_top,pad_top,200,image_input_tokens,fgx,gfx,0.0,1,
3,val,pad_top,pad_top,312,image_input_tokens,fx,gx,0.0,1,
3,val,pad_top,pad_top,312,image_input_tokens,fgx,gfx,0.0,1,
3,val,pad_top,pad_top,118,image_input_tokens,fx,gx,0.0,1,
3,val,pad_top,pad_top,118,image_input_tokens,fgx,gfx,0.0,1,
3,val,pad_top,pad_top,75,image_input_tokens,fx,gx,0.0,1,
3,val,pad_top,pad_top,75,image_input_tokens,fgx,gfx,0.0,1,
3,val,pad_top,pad_top,159,image_input_tokens,fx,gx,0.0,1,
3,val,pad_top,pad_top,159,image_input_tokens,fgx,gfx,0.0,1,
3,val,pad_top,pad_top,134,image_input_tokens,fx,gx,0.0,1,
3,val,pad_top,pad_top,134,image_input_tokens,fgx,gfx,0.0,1,
3,val,pad_top,pad_top,276,image_input_tokens,fx,gx,0.0,1,
3,val,pad_top,pad_top,276,image_input_tokens,fgx,gfx,0.0,1,
3,val,pad_top,pad_top,180,image_input_tokens,fx,gx,0.0,1,
3,val,pad_top,pad_top,180,image_input_tokens,fgx,gfx,0.0,1,
3,val,pad_top,pad_top,143,image_input_tokens,fx,gx,0.0,1,
3,val,pad_top,pad_top,143,image_input_tokens,fgx,gfx,0.0,1,
3,val,pad_top,pad_top,283,image_input_tokens,fx,gx,0.0,1,
3,val,pad_top,pad_top,283,image_input_tokens,fgx,gfx,0.0,1,
3,val,pad_top,pad_top,126,image_block_01,fx,gx,0.0,1,
3,val,pad_top,pad_top,126,image_block_01,fgx,gfx,0.0,1,
3,val,pad_top,pad_top,259,image_block_01,fx,gx,0.0,1,
3,val,pad_top,pad_top,259,image_block_01,fgx,gfx,0.0,1,
3,val,pad_top,pad_top,25,image_block_01,fx,gx,0.0,1,
3,val,pad_top,pad_top,25,image_block_01,fgx,gfx,0.0,1,
3,val,pad_top,pad_top,284,image_block_01,fx,gx,0.0,1,
3,val,pad_top,pad_top,284,image_block_01,fgx,gfx,0.0,1,
3,val,pad_top,pad_top,273,image_block_01,fx,gx,0.0,1,
3,val,pad_top,pad_top,273,image_block_01,fgx,gfx,0.0,1,
3,val,pad_top,pad_top,40,image_block_01,fx,gx,0.0,1,
3,val,pad_top,pad_top,40,image_block_01,fgx,gfx,0.0,1,
3,val,pad_top,pad_top,200,image_block_01,fx,gx,0.0,1,
3,val,pad_top,pad_top,200,image_block_01,fgx,gfx,0.0,1,
3,val,pad_top,pad_top,312,image_block_01,fx,gx,0.0,1,
3,val,pad_top,pad_top,312,image_block_01,fgx,gfx,0.0,1,
3,val,pad_top,pad_top,118,image_block_01,fx,gx,0.0,1,
3,val,pad_top,pad_top,118,image_block_01,fgx,gfx,0.0,1,
3,val,pad_top,pad_top,75,image_block_01,fx,gx,0.0,1,
3,val,pad_top,pad_top,75,image_block_01,fgx,gfx,0.0,1,
3,val,pad_top,pad_top,159,image_block_01,fx,gx,0.0,1,
3,val,pad_top,pad_top,159,image_block_01,fgx,gfx,0.0,1,
3,val,pad_top,pad_top,134,image_block_01,fx,gx,0.0,1,
3,val,pad_top,pad_top,134,image_block_01,fgx,gfx,0.0,1,
3,val,pad_top,pad_top,276,image_block_01,fx,gx,0.0,1,
3,val,pad_top,pad_top,276,image_block_01,fgx,gfx,0.0,1,
3,val,pad_top,pad_top,180,image_block_01,fx,gx,0.0,1,
3,val,pad_top,pad_top,180,image_block_01,fgx,gfx,0.0,1,
3,val,pad_top,pad_top,143,image_block_01,fx,gx,0.0,1,
3,val,pad_top,pad_top,143,image_block_01,fgx,gfx,0.0,1,
3,val,pad_top,pad_top,283,image_block_01,fx,gx,0.0,1,
3,val,pad_top,pad_top,283,image_block_01,fgx,gfx,0.0,1,
3,val,pad_top,pad_top,126,image_block_02,fx,gx,0.0,1,
3,val,pad_top,pad_top,126,image_block_02,fgx,gfx,0.0,1,
3,val,pad_top,pad_top,259,image_block_02,fx,gx,0.0,1,
3,val,pad_top,pad_top,259,image_block_02,fgx,gfx,0.0,1,
3,val,pad_top,pad_top,25,image_block_02,fx,gx,0.0,1,
3,val,pad_top,pad_top,25,image_block_02,fgx,gfx,0.0,1,
3,val,pad_top,pad_top,284,image_block_02,fx,gx,0.0,1,
3,val,pad_top,pad_top,284,image_block_02,fgx,gfx,0.0,1,
3,val,pad_top,pad_top,273,image_block_02,fx,gx,0.0,1,
3,val,pad_top,pad_top,273,image_block_02,fgx,gfx,0.0,1,
3,val,pad_top,pad_top,40,image_block_02,fx,gx,0.0,1,
3,val,pad_top,pad_top,40,image_block_02,fgx,gfx,0.0,1,
3,val,pad_top,pad_top,200,image_block_02,fx,gx,0.0,1,
3,val,pad_top,pad_top,200,image_block_02,fgx,gfx,0.0,1,
3,val,pad_top,pad_top,312,image_block_02,fx,gx,0.0,1,
3,val,pad_top,pad_top,312,image_block_02,fgx,gfx,0.0,1,
3,val,pad_top,pad_top,118,image_block_02,fx,gx,0.0,1,
3,val,pad_top,pad_top,118,image_block_02,fgx,gfx,0.0,1,
3,val,pad_top,pad_top,75,image_block_02,fx,gx,0.0,1,
3,val,pad_top,pad_top,75,image_block_02,fgx,gfx,0.0,1,
3,val,pad_top,pad_top,159,image_block_02,fx,gx,0.0,1,
3,val,pad_top,pad_top,159,image_block_02,fgx,gfx,0.0,1,
3,val,pad_top,pad_top,134,image_block_02,fx,gx,0.0,1,
3,val,pad_top,pad_top,134,image_block_02,fgx,gfx,0.0,1,
3,val,pad_top,pad_top,276,image_block_02,fx,gx,0.0,1,
3,val,pad_top,pad_top,276,image_block_02,fgx,gfx,0.0,1,
3,val,pad_top,pad_top,180,image_block_02,fx,gx,0.0,1,
3,val,pad_top,pad_top,180,image_block_02,fgx,gfx,0.0,1,
3,val,pad_top,pad_top,143,image_block_02,fx,gx,0.0,1,
3,val,pad_top,pad_top,143,image_block_02,fgx,gfx,0.0,1,
3,val,pad_top,pad_top,283,image_block_02,fx,gx,0.0,1,
3,val,pad_top,pad_top,283,image_block_02,fgx,gfx,0.0,1,
3,val,pad_top,pad_top,126,image_block_03,fx,gx,0.0,1,
3,val,pad_top,pad_top,126,image_block_03,fgx,gfx,0.0,1,
3,val,pad_top,pad_top,259,image_block_03,fx,gx,0.0,1,
3,val,pad_top,pad_top,259,image_block_03,fgx,gfx,0.0,1,
3,val,pad_top,pad_top,25,image_block_03,fx,gx,0.0,1,
3,val,pad_top,pad_top,25,image_block_03,fgx,gfx,0.0,1,
3,val,pad_top,pad_top,284,image_block_03,fx,gx,0.0,1,
3,val,pad_top,pad_top,284,image_block_03,fgx,gfx,0.0,1,
3,val,pad_top,pad_top,273,image_block_03,fx,gx,0.0,1,
3,val,pad_top,pad_top,273,image_block_03,fgx,gfx,0.0,1,
3,val,pad_top,pad_top,40,image_block_03,fx,gx,0.0,1,
3,val,pad_top,pad_top,40,image_block_03,fgx,gfx,0.0,1,
3,val,pad_top,pad_top,200,image_block_03,fx,gx,0.0,1,
3,val,pad_top,pad_top,200,image_block_03,fgx,gfx,0.0,1,
3,val,pad_top,pad_top,312,image_block_03,fx,gx,0.0,1,
3,val,pad_top,pad_top,312,image_block_03,fgx,gfx,0.0,1,
3,val,pad_top,pad_top,118,image_block_03,fx,gx,0.0,1,
3,val,pad_top,pad_top,118,image_block_03,fgx,gfx,0.0,1,
3,val,pad_top,pad_top,75,image_block_03,fx,gx,0.0,1,
3,val,pad_top,pad_top,75,image_block_03,fgx,gfx,0.0,1,
3,val,pad_top,pad_top,159,image_block_03,fx,gx,0.0,1,
3,val,pad_top,pad_top,159,image_block_03,fgx,gfx,0.0,1,
3,val,pad_top,pad_top,134,image_block_03,fx,gx,0.0,1,
3,val,pad_top,pad_top,134,image_block_03,fgx,gfx,0.0,1,
3,val,pad_top,pad_top,276,image_block_03,fx,gx,0.0,1,
3,val,pad_top,pad_top,276,image_block_03,fgx,gfx,0.0,1,
3,val,pad_top,pad_top,180,image_block_03,fx,gx,0.0,1,
3,val,pad_top,pad_top,180,image_block_03,fgx,gfx,0.0,1,
3,val,pad_top,pad_top,143,image_block_03,fx,gx,0.0,1,
3,val,pad_top,pad_top,143,image_block_03,fgx,gfx,0.0,1,
3,val,pad_top,pad_top,283,image_block_03,fx,gx,0.0,1,
3,val,pad_top,pad_top,283,image_block_03,fgx,gfx,0.0,1,
3,val,pad_top,pad_top,126,image_block_04,fx,gx,0.0,1,
3,val,pad_top,pad_top,126,image_block_04,fgx,gfx,0.0,1,
3,val,pad_top,pad_top,259,image_block_04,fx,gx,0.0,1,
3,val,pad_top,pad_top,259,image_block_04,fgx,gfx,0.0,1,
3,val,pad_top,pad_top,25,image_block_04,fx,gx,0.0,1,
3,val,pad_top,pad_top,25,image_block_04,fgx,gfx,0.0,1,
3,val,pad_top,pad_top,284,image_block_04,fx,gx,0.0,1,
3,val,pad_top,pad_top,284,image_block_04,fgx,gfx,0.0,1,
3,val,pad_top,pad_top,273,image_block_04,fx,gx,0.0,1,
3,val,pad_top,pad_top,273,image_block_04,fgx,gfx,0.0,1,
3,val,pad_top,pad_top,40,image_block_04,fx,gx,0.0,1,
3,val,pad_top,pad_top,40,image_block_04,fgx,gfx,0.0,1,
3,val,pad_top,pad_top,200,image_block_04,fx,gx,0.0,1,
3,val,pad_top,pad_top,200,image_block_04,fgx,gfx,0.0,1,
3,val,pad_top,pad_top,312,image_block_04,fx,gx,0.0,1,
3,val,pad_top,pad_top,312,image_block_04,fgx,gfx,0.0,1,
3,val,pad_top,pad_top,118,image_block_04,fx,gx,0.0,1,
3,val,pad_top,pad_top,118,image_block_04,fgx,gfx,0.0,1,
3,val,pad_top,pad_top,75,image_block_04,fx,gx,0.0,1,
3,val,pad_top,pad_top,75,image_block_04,fgx,gfx,0.0,1,
3,val,pad_top,pad_top,159,image_block_04,fx,gx,0.0,1,
3,val,pad_top,pad_top,159,image_block_04,fgx,gfx,0.0,1,
3,val,pad_top,pad_top,134,image_block_04,fx,gx,0.0,1,
3,val,pad_top,pad_top,134,image_block_04,fgx,gfx,0.0,1,
3,val,pad_top,pad_top,276,image_block_04,fx,gx,0.0,1,
3,val,pad_top,pad_top,276,image_block_04,fgx,gfx,0.0,1,
3,val,pad_top,pad_top,180,image_block_04,fx,gx,0.0,1,
3,val,pad_top,pad_top,180,image_block_04,fgx,gfx,0.0,1,
3,val,pad_top,pad_top,143,image_block_04,fx,gx,0.0,1,
3,val,pad_top,pad_top,143,image_block_04,fgx,gfx,0.0,1,
3,val,pad_top,pad_top,283,image_block_04,fx,gx,0.0,1,
3,val,pad_top,pad_top,283,image_block_04,fgx,gfx,0.0,1,
3,val,pad_top,pad_top,126,image_block_05,fx,gx,0.0,1,
3,val,pad_top,pad_top,126,image_block_05,fgx,gfx,0.0,1,
3,val,pad_top,pad_top,259,image_block_05,fx,gx,0.0,1,
3,val,pad_top,pad_top,259,image_block_05,fgx,gfx,0.0,1,
3,val,pad_top,pad_top,25,image_block_05,fx,gx,0.0,1,
3,val,pad_top,pad_top,25,image_block_05,fgx,gfx,0.0,1,
3,val,pad_top,pad_top,284,image_block_05,fx,gx,0.0,1,
3,val,pad_top,pad_top,284,image_block_05,fgx,gfx,0.0,1,
3,val,pad_top,pad_top,273,image_block_05,fx,gx,0.0,1,
3,val,pad_top,pad_top,273,image_block_05,fgx,gfx,0.0,1,
3,val,pad_top,pad_top,40,image_block_05,fx,gx,0.0,1,
3,val,pad_top,pad_top,40,image_block_05,fgx,gfx,0.0,1,
3,val,pad_top,pad_top,200,image_block_05,fx,gx,0.0,1,
3,val,pad_top,pad_top,200,image_block_05,fgx,gfx,0.0,1,
3,val,pad_top,pad_top,312,image_block_05,fx,gx,0.0,1,
3,val,pad_top,pad_top,312,image_block_05,fgx,gfx,0.0,1,
3,val,pad_top,pad_top,118,image_block_05,fx,gx,0.0,1,
3,val,pad_top,pad_top,118,image_block_05,fgx,gfx,0.0,1,
3,val,pad_top,pad_top,75,image_block_05,fx,gx,0.0,1,
3,val,pad_top,pad_top,75,image_block_05,fgx,gfx,0.0,1,
3,val,pad_top,pad_top,159,image_block_05,fx,gx,0.0,1,
3,val,pad_top,pad_top,159,image_block_05,fgx,gfx,0.0,1,
3,val,pad_top,pad_top,134,image_block_05,fx,gx,0.0,1,
3,val,pad_top,pad_top,134,image_block_05,fgx,gfx,0.0,1,
3,val,pad_top,pad_top,276,image_block_05,fx,gx,0.0,1,
3,val,pad_top,pad_top,276,image_block_05,fgx,gfx,0.0,1,
3,val,pad_top,pad_top,180,image_block_05,fx,gx,0.0,1,
3,val,pad_top,pad_top,180,image_block_05,fgx,gfx,0.0,1,
3,val,pad_top,pad_top,143,image_block_05,fx,gx,0.0,1,
3,val,pad_top,pad_top,143,image_block_05,fgx,gfx,0.0,1,
3,val,pad_top,pad_top,283,image_block_05,fx,gx,0.0,1,
3,val,pad_top,pad_top,283,image_block_05,fgx,gfx,0.0,1,
3,val,pad_top,pad_top,126,image_block_06,fx,gx,0.0,1,
3,val,pad_top,pad_top,126,image_block_06,fgx,gfx,0.0,1,
3,val,pad_top,pad_top,259,image_block_06,fx,gx,0.0,1,
3,val,pad_top,pad_top,259,image_block_06,fgx,gfx,0.0,1,
3,val,pad_top,pad_top,25,image_block_06,fx,gx,0.0,1,
3,val,pad_top,pad_top,25,image_block_06,fgx,gfx,0.0,1,
3,val,pad_top,pad_top,284,image_block_06,fx,gx,0.0,1,
3,val,pad_top,pad_top,284,image_block_06,fgx,gfx,0.0,1,
3,val,pad_top,pad_top,273,image_block_06,fx,gx,0.0,1,
3,val,pad_top,pad_top,273,image_block_06,fgx,gfx,0.0,1,
3,val,pad_top,pad_top,40,image_block_06,fx,gx,0.0,1,
3,val,pad_top,pad_top,40,image_block_06,fgx,gfx,0.0,1,
3,val,pad_top,pad_top,200,image_block_06,fx,gx,0.0,1,
3,val,pad_top,pad_top,200,image_block_06,fgx,gfx,0.0,1,
3,val,pad_top,pad_top,312,image_block_06,fx,gx,0.0,1,
3,val,pad_top,pad_top,312,image_block_06,fgx,gfx,0.0,1,
3,val,pad_top,pad_top,118,image_block_06,fx,gx,0.0,1,
3,val,pad_top,pad_top,118,image_block_06,fgx,gfx,0.0,1,
3,val,pad_top,pad_top,75,image_block_06,fx,gx,0.0,1,
3,val,pad_top,pad_top,75,image_block_06,fgx,gfx,0.0,1,
3,val,pad_top,pad_top,159,image_block_06,fx,gx,0.0,1,
3,val,pad_top,pad_top,159,image_block_06,fgx,gfx,0.0,1,
3,val,pad_top,pad_top,134,image_block_06,fx,gx,0.0,1,
3,val,pad_top,pad_top,134,image_block_06,fgx,gfx,0.0,1,
3,val,pad_top,pad_top,276,image_block_06,fx,gx,0.0,1,
3,val,pad_top,pad_top,276,image_block_06,fgx,gfx,0.0,1,
3,val,pad_top,pad_top,180,image_block_06,fx,gx,0.0,1,
3,val,pad_top,pad_top,180,image_block_06,fgx,gfx,0.0,1,
3,val,pad_top,pad_top,143,image_block_06,fx,gx,0.0,1,
3,val,pad_top,pad_top,143,image_block_06,fgx,gfx,0.0,1,
3,val,pad_top,pad_top,283,image_block_06,fx,gx,0.0,1,
3,val,pad_top,pad_top,283,image_block_06,fgx,gfx,0.0,1,
3,val,pad_top,pad_top,126,image_final_norm,fx,gx,0.0,1,
3,val,pad_top,pad_top,126,image_final_norm,fgx,gfx,0.0,1,
3,val,pad_top,pad_top,259,image_final_norm,fx,gx,0.0,1,
3,val,pad_top,pad_top,259,image_final_norm,fgx,gfx,0.0,1,
3,val,pad_top,pad_top,25,image_final_norm,fx,gx,0.0,1,
3,val,pad_top,pad_top,25,image_final_norm,fgx,gfx,0.0,1,
3,val,pad_top,pad_top,284,image_final_norm,fx,gx,0.0,1,
3,val,pad_top,pad_top,284,image_final_norm,fgx,gfx,0.0,1,
3,val,pad_top,pad_top,273,image_final_norm,fx,gx,0.0,1,
3,val,pad_top,pad_top,273,image_final_norm,fgx,gfx,0.0,1,
3,val,pad_top,pad_top,40,image_final_norm,fx,gx,0.0,1,
3,val,pad_top,pad_top,40,image_final_norm,fgx,gfx,0.0,1,
3,val,pad_top,pad_top,200,image_final_norm,fx,gx,0.0,1,
3,val,pad_top,pad_top,200,image_final_norm,fgx,gfx,0.0,1,
3,val,pad_top,pad_top,312,image_final_norm,fx,gx,0.0,1,
3,val,pad_top,pad_top,312,image_final_norm,fgx,gfx,0.0,1,
3,val,pad_top,pad_top,118,image_final_norm,fx,gx,0.0,1,
3,val,pad_top,pad_top,118,image_final_norm,fgx,gfx,0.0,1,
3,val,pad_top,pad_top,75,image_final_norm,fx,gx,0.0,1,
3,val,pad_top,pad_top,75,image_final_norm,fgx,gfx,0.0,1,
3,val,pad_top,pad_top,159,image_final_norm,fx,gx,0.0,1,
3,val,pad_top,pad_top,159,image_final_norm,fgx,gfx,0.0,1,
3,val,pad_top,pad_top,134,image_final_norm,fx,gx,0.0,1,
3,val,pad_top,pad_top,134,image_final_norm,fgx,gfx,0.0,1,
3,val,pad_top,pad_top,276,image_final_norm,fx,gx,0.0,1,
3,val,pad_top,pad_top,276,image_final_norm,fgx,gfx,0.0,1,
3,val,pad_top,pad_top,180,image_final_norm,fx,gx,0.0,1,
3,val,pad_top,pad_top,180,image_final_norm,fgx,gfx,0.0,1,
3,val,pad_top,pad_top,143,image_final_norm,fx,gx,0.0,1,
3,val,pad_top,pad_top,143,image_final_norm,fgx,gfx,0.0,1,
3,val,pad_top,pad_top,283,image_final_norm,fx,gx,0.0,1,
3,val,pad_top,pad_top,283,image_final_norm,fgx,gfx,0.0,1,
3,val,pad_top,pad_top,158,image_input_tokens,fx,gx,0.0,1,
3,val,pad_top,pad_top,158,image_input_tokens,fgx,gfx,0.0,1,
3,val,pad_top,pad_top,89,image_input_tokens,fx,gx,0.0,1,
3,val,pad_top,pad_top,89,image_input_tokens,fgx,gfx,0.0,1,
3,val,pad_top,pad_top,226,image_input_tokens,fx,gx,0.0,1,
3,val,pad_top,pad_top,226,image_input_tokens,fgx,gfx,0.0,1,
3,val,pad_top,pad_top,171,image_input_tokens,fx,gx,0.0,1,
3,val,pad_top,pad_top,171,image_input_tokens,fgx,gfx,0.0,1,
3,val,pad_top,pad_top,144,image_input_tokens,fx,gx,0.0,1,
3,val,pad_top,pad_top,144,image_input_tokens,fgx,gfx,0.0,1,
3,val,pad_top,pad_top,179,image_input_tokens,fx,gx,0.0,1,
3,val,pad_top,pad_top,179,image_input_tokens,fgx,gfx,0.0,1,
3,val,pad_top,pad_top,54,image_input_tokens,fx,gx,0.0,1,
3,val,pad_top,pad_top,54,image_input_tokens,fgx,gfx,0.0,1,
3,val,pad_top,pad_top,135,image_input_tokens,fx,gx,0.0,1,
3,val,pad_top,pad_top,135,image_input_tokens,fgx,gfx,0.0,1,
3,val,pad_top,pad_top,62,image_input_tokens,fx,gx,0.0,1,
3,val,pad_top,pad_top,62,image_input_tokens,fgx,gfx,0.0,1,
3,val,pad_top,pad_top,211,image_input_tokens,fx,gx,0.0,1,
3,val,pad_top,pad_top,211,image_input_tokens,fgx,gfx,0.0,1,
3,val,pad_top,pad_top,53,image_input_tokens,fx,gx,0.0,1,
3,val,pad_top,pad_top,53,image_input_tokens,fgx,gfx,0.0,1,
3,val,pad_top,pad_top,258,image_input_tokens,fx,gx,0.0,1,
3,val,pad_top,pad_top,258,image_input_tokens,fgx,gfx,0.0,1,
3,val,pad_top,pad_top,96,image_input_tokens,fx,gx,0.0,1,
3,val,pad_top,pad_top,96,image_input_tokens,fgx,gfx,0.0,1,
3,val,pad_top,pad_top,277,image_input_tokens,fx,gx,0.0,1,
3,val,pad_top,pad_top,277,image_input_tokens,fgx,gfx,0.0,1,
3,val,pad_top,pad_top,317,image_input_tokens,fx,gx,0.0,1,
3,val,pad_top,pad_top,317,image_input_tokens,fgx,gfx,0.0,1,
3,val,pad_top,pad_top,225,image_input_tokens,fx,gx,0.0,1,
3,val,pad_top,pad_top,225,image_input_tokens,fgx,gfx,0.0,1,
3,val,pad_top,pad_top,158,image_block_01,fx,gx,0.0,1,
3,val,pad_top,pad_top,158,image_block_01,fgx,gfx,0.0,1,
3,val,pad_top,pad_top,89,image_block_01,fx,gx,0.0,1,
3,val,pad_top,pad_top,89,image_block_01,fgx,gfx,0.0,1,
3,val,pad_top,pad_top,226,image_block_01,fx,gx,0.0,1,
3,val,pad_top,pad_top,226,image_block_01,fgx,gfx,0.0,1,
3,val,pad_top,pad_top,171,image_block_01,fx,gx,0.0,1,
3,val,pad_top,pad_top,171,image_block_01,fgx,gfx,0.0,1,
3,val,pad_top,pad_top,144,image_block_01,fx,gx,0.0,1,
3,val,pad_top,pad_top,144,image_block_01,fgx,gfx,0.0,1,
3,val,pad_top,pad_top,179,image_block_01,fx,gx,0.0,1,
3,val,pad_top,pad_top,179,image_block_01,fgx,gfx,0.0,1,
3,val,pad_top,pad_top,54,image_block_01,fx,gx,0.0,1,
3,val,pad_top,pad_top,54,image_block_01,fgx,gfx,0.0,1,
3,val,pad_top,pad_top,135,image_block_01,fx,gx,0.0,1,
3,val,pad_top,pad_top,135,image_block_01,fgx,gfx,0.0,1,
3,val,pad_top,pad_top,62,image_block_01,fx,gx,0.0,1,
3,val,pad_top,pad_top,62,image_block_01,fgx,gfx,0.0,1,
3,val,pad_top,pad_top,211,image_block_01,fx,gx,0.0,1,
3,val,pad_top,pad_top,211,image_block_01,fgx,gfx,0.0,1,
3,val,pad_top,pad_top,53,image_block_01,fx,gx,0.0,1,
3,val,pad_top,pad_top,53,image_block_01,fgx,gfx,0.0,1,
3,val,pad_top,pad_top,258,image_block_01,fx,gx,0.0,1,
3,val,pad_top,pad_top,258,image_block_01,fgx,gfx,0.0,1,
3,val,pad_top,pad_top,96,image_block_01,fx,gx,0.0,1,
3,val,pad_top,pad_top,96,image_block_01,fgx,gfx,0.0,1,
3,val,pad_top,pad_top,277,image_block_01,fx,gx,0.0,1,
3,val,pad_top,pad_top,277,image_block_01,fgx,gfx,0.0,1,
3,val,pad_top,pad_top,317,image_block_01,fx,gx,0.0,1,
3,val,pad_top,pad_top,317,image_block_01,fgx,gfx,0.0,1,
3,val,pad_top,pad_top,225,image_block_01,fx,gx,0.0,1,
3,val,pad_top,pad_top,225,image_block_01,fgx,gfx,0.0,1,
3,val,pad_top,pad_top,158,image_block_02,fx,gx,0.0,1,
3,val,pad_top,pad_top,158,image_block_02,fgx,gfx,0.0,1,
3,val,pad_top,pad_top,89,image_block_02,fx,gx,0.0,1,
3,val,pad_top,pad_top,89,image_block_02,fgx,gfx,0.0,1,
3,val,pad_top,pad_top,226,image_block_02,fx,gx,0.0,1,
3,val,pad_top,pad_top,226,image_block_02,fgx,gfx,0.0,1,
3,val,pad_top,pad_top,171,image_block_02,fx,gx,0.0,1,
3,val,pad_top,pad_top,171,image_block_02,fgx,gfx,0.0,1,
3,val,pad_top,pad_top,144,image_block_02,fx,gx,0.0,1,
3,val,pad_top,pad_top,144,image_block_02,fgx,gfx,0.0,1,
3,val,pad_top,pad_top,179,image_block_02,fx,gx,0.0,1,
3,val,pad_top,pad_top,179,image_block_02,fgx,gfx,0.0,1,
3,val,pad_top,pad_top,54,image_block_02,fx,gx,0.0,1,
3,val,pad_top,pad_top,54,image_block_02,fgx,gfx,0.0,1,
3,val,pad_top,pad_top,135,image_block_02,fx,gx,0.0,1,
3,val,pad_top,pad_top,135,image_block_02,fgx,gfx,0.0,1,
3,val,pad_top,pad_top,62,image_block_02,fx,gx,0.0,1,
3,val,pad_top,pad_top,62,image_block_02,fgx,gfx,0.0,1,
3,val,pad_top,pad_top,211,image_block_02,fx,gx,0.0,1,
3,val,pad_top,pad_top,211,image_block_02,fgx,gfx,0.0,1,
3,val,pad_top,pad_top,53,image_block_02,fx,gx,0.0,1,
3,val,pad_top,pad_top,53,image_block_02,fgx,gfx,0.0,1,
3,val,pad_top,pad_top,258,image_block_02,fx,gx,0.0,1,
3,val,pad_top,pad_top,258,image_block_02,fgx,gfx,0.0,1,
3,val,pad_top,pad_top,96,image_block_02,fx,gx,0.0,1,
3,val,pad_top,pad_top,96,image_block_02,fgx,gfx,0.0,1,
3,val,pad_top,pad_top,277,image_block_02,fx,gx,0.0,1,
3,val,pad_top,pad_top,277,image_block_02,fgx,gfx,0.0,1,
3,val,pad_top,pad_top,317,image_block_02,fx,gx,0.0,1,
3,val,pad_top,pad_top,317,image_block_02,fgx,gfx,0.0,1,
3,val,pad_top,pad_top,225,image_block_02,fx,gx,0.0,1,
3,val,pad_top,pad_top,225,image_block_02,fgx,gfx,0.0,1,
3,val,pad_top,pad_top,158,image_block_03,fx,gx,0.0,1,
3,val,pad_top,pad_top,158,image_block_03,fgx,gfx,0.0,1,
3,val,pad_top,pad_top,89,image_block_03,fx,gx,0.0,1,
3,val,pad_top,pad_top,89,image_block_03,fgx,gfx,0.0,1,
3,val,pad_top,pad_top,226,image_block_03,fx,gx,0.0,1,
3,val,pad_top,pad_top,226,image_block_03,fgx,gfx,0.0,1,
3,val,pad_top,pad_top,171,image_block_03,fx,gx,0.0,1,
3,val,pad_top,pad_top,171,image_block_03,fgx,gfx,0.0,1,
3,val,pad_top,pad_top,144,image_block_03,fx,gx,0.0,1,
3,val,pad_top,pad_top,144,image_block_03,fgx,gfx,0.0,1,
3,val,pad_top,pad_top,179,image_block_03,fx,gx,0.0,1,
3,val,pad_top,pad_top,179,image_block_03,fgx,gfx,0.0,1,
3,val,pad_top,pad_top,54,image_block_03,fx,gx,0.0,1,
3,val,pad_top,pad_top,54,image_block_03,fgx,gfx,0.0,1,
3,val,pad_top,pad_top,135,image_block_03,fx,gx,0.0,1,
3,val,pad_top,pad_top,135,image_block_03,fgx,gfx,0.0,1,
3,val,pad_top,pad_top,62,image_block_03,fx,gx,0.0,1,
3,val,pad_top,pad_top,62,image_block_03,fgx,gfx,0.0,1,
3,val,pad_top,pad_top,211,image_block_03,fx,gx,0.0,1,
3,val,pad_top,pad_top,211,image_block_03,fgx,gfx,0.0,1,
3,val,pad_top,pad_top,53,image_block_03,fx,gx,0.0,1,
3,val,pad_top,pad_top,53,image_block_03,fgx,gfx,0.0,1,
3,val,pad_top,pad_top,258,image_block_03,fx,gx,0.0,1,
3,val,pad_top,pad_top,258,image_block_03,fgx,gfx,0.0,1,
3,val,pad_top,pad_top,96,image_block_03,fx,gx,0.0,1,
3,val,pad_top,pad_top,96,image_block_03,fgx,gfx,0.0,1,
3,val,pad_top,pad_top,277,image_block_03,fx,gx,0.0,1,
3,val,pad_top,pad_top,277,image_block_03,fgx,gfx,0.0,1,
3,val,pad_top,pad_top,317,image_block_03,fx,gx,0.0,1,
3,val,pad_top,pad_top,317,image_block_03,fgx,gfx,0.0,1,
3,val,pad_top,pad_top,225,image_block_03,fx,gx,0.0,1,
3,val,pad_top,pad_top,225,image_block_03,fgx,gfx,0.0,1,
3,val,pad_top,pad_top,158,image_block_04,fx,gx,0.0,1,
3,val,pad_top,pad_top,158,image_block_04,fgx,gfx,0.0,1,
3,val,pad_top,pad_top,89,image_block_04,fx,gx,0.0,1,
3,val,pad_top,pad_top,89,image_block_04,fgx,gfx,0.0,1,
3,val,pad_top,pad_top,226,image_block_04,fx,gx,0.0,1,
3,val,pad_top,pad_top,226,image_block_04,fgx,gfx,0.0,1,
3,val,pad_top,pad_top,171,image_block_04,fx,gx,0.0,1,
3,val,pad_top,pad_top,171,image_block_04,fgx,gfx,0.0,1,
3,val,pad_top,pad_top,144,image_block_04,fx,gx,0.0,1,
3,val,pad_top,pad_top,144,image_block_04,fgx,gfx,0.0,1,
3,val,pad_top,pad_top,179,image_block_04,fx,gx,0.0,1,
3,val,pad_top,pad_top,179,image_block_04,fgx,gfx,0.0,1,
3,val,pad_top,pad_top,54,image_block_04,fx,gx,0.0,1,
3,val,pad_top,pad_top,54,image_block_04,fgx,gfx,0.0,1,
3,val,pad_top,pad_top,135,image_block_04,fx,gx,0.0,1,
3,val,pad_top,pad_top,135,image_block_04,fgx,gfx,0.0,1,
3,val,pad_top,pad_top,62,image_block_04,fx,gx,0.0,1,
3,val,pad_top,pad_top,62,image_block_04,fgx,gfx,0.0,1,
3,val,pad_top,pad_top,211,image_block_04,fx,gx,0.0,1,
3,val,pad_top,pad_top,211,image_block_04,fgx,gfx,0.0,1,
3,val,pad_top,pad_top,53,image_block_04,fx,gx,0.0,1,
3,val,pad_top,pad_top,53,image_block_04,fgx,gfx,0.0,1,
3,val,pad_top,pad_top,258,image_block_04,fx,gx,0.0,1,
3,val,pad_top,pad_top,258,image_block_04,fgx,gfx,0.0,1,
3,val,pad_top,pad_top,96,image_block_04,fx,gx,0.0,1,
3,val,pad_top,pad_top,96,image_block_04,fgx,gfx,0.0,1,
3,val,pad_top,pad_top,277,image_block_04,fx,gx,0.0,1,
3,val,pad_top,pad_top,277,image_block_04,fgx,gfx,0.0,1,
3,val,pad_top,pad_top,317,image_block_04,fx,gx,0.0,1,
3,val,pad_top,pad_top,317,image_block_04,fgx,gfx,0.0,1,
3,val,pad_top,pad_top,225,image_block_04,fx,gx,0.0,1,
3,val,pad_top,pad_top,225,image_block_04,fgx,gfx,0.0,1,
3,val,pad_top,pad_top,158,image_block_05,fx,gx,0.0,1,
3,val,pad_top,pad_top,158,image_block_05,fgx,gfx,0.0,1,
3,val,pad_top,pad_top,89,image_block_05,fx,gx,0.0,1,
3,val,pad_top,pad_top,89,image_block_05,fgx,gfx,0.0,1,
3,val,pad_top,pad_top,226,image_block_05,fx,gx,0.0,1,
3,val,pad_top,pad_top,226,image_block_05,fgx,gfx,0.0,1,
3,val,pad_top,pad_top,171,image_block_05,fx,gx,0.0,1,
3,val,pad_top,pad_top,171,image_block_05,fgx,gfx,0.0,1,
3,val,pad_top,pad_top,144,image_block_05,fx,gx,0.0,1,
3,val,pad_top,pad_top,144,image_block_05,fgx,gfx,0.0,1,
3,val,pad_top,pad_top,179,image_block_05,fx,gx,0.0,1,
3,val,pad_top,pad_top,179,image_block_05,fgx,gfx,0.0,1,
3,val,pad_top,pad_top,54,image_block_05,fx,gx,0.0,1,
3,val,pad_top,pad_top,54,image_block_05,fgx,gfx,0.0,1,
3,val,pad_top,pad_top,135,image_block_05,fx,gx,0.0,1,
3,val,pad_top,pad_top,135,image_block_05,fgx,gfx,0.0,1,
3,val,pad_top,pad_top,62,image_block_05,fx,gx,0.0,1,
3,val,pad_top,pad_top,62,image_block_05,fgx,gfx,0.0,1,
3,val,pad_top,pad_top,211,image_block_05,fx,gx,0.0,1,
3,val,pad_top,pad_top,211,image_block_05,fgx,gfx,0.0,1,
3,val,pad_top,pad_top,53,image_block_05,fx,gx,0.0,1,
3,val,pad_top,pad_top,53,image_block_05,fgx,gfx,0.0,1,
3,val,pad_top,pad_top,258,image_block_05,fx,gx,0.0,1,
3,val,pad_top,pad_top,258,image_block_05,fgx,gfx,0.0,1,
3,val,pad_top,pad_top,96,image_block_05,fx,gx,0.0,1,
3,val,pad_top,pad_top,96,image_block_05,fgx,gfx,0.0,1,
3,val,pad_top,pad_top,277,image_block_05,fx,gx,0.0,1,
3,val,pad_top,pad_top,277,image_block_05,fgx,gfx,0.0,1,
3,val,pad_top,pad_top,317,image_block_05,fx,gx,0.0,1,
3,val,pad_top,pad_top,317,image_block_05,fgx,gfx,0.0,1,
3,val,pad_top,pad_top,225,image_block_05,fx,gx,0.0,1,
3,val,pad_top,pad_top,225,image_block_05,fgx,gfx,0.0,1,
3,val,pad_top,pad_top,158,image_block_06,fx,gx,0.0,1,
3,val,pad_top,pad_top,158,image_block_06,fgx,gfx,0.0,1,
3,val,pad_top,pad_top,89,image_block_06,fx,gx,0.0,1,
3,val,pad_top,pad_top,89,image_block_06,fgx,gfx,0.0,1,
3,val,pad_top,pad_top,226,image_block_06,fx,gx,0.0,1,
3,val,pad_top,pad_top,226,image_block_06,fgx,gfx,0.0,1,
3,val,pad_top,pad_top,171,image_block_06,fx,gx,0.0,1,
3,val,pad_top,pad_top,171,image_block_06,fgx,gfx,0.0,1,
3,val,pad_top,pad_top,144,image_block_06,fx,gx,0.0,1,
3,val,pad_top,pad_top,144,image_block_06,fgx,gfx,0.0,1,
3,val,pad_top,pad_top,179,image_block_06,fx,gx,0.0,1,
3,val,pad_top,pad_top,179,image_block_06,fgx,gfx,0.0,1,
3,val,pad_top,pad_top,54,image_block_06,fx,gx,0.0,1,
3,val,pad_top,pad_top,54,image_block_06,fgx,gfx,0.0,1,
3,val,pad_top,pad_top,135,image_block_06,fx,gx,0.0,1,
3,val,pad_top,pad_top,135,image_block_06,fgx,gfx,0.0,1,
3,val,pad_top,pad_top,62,image_block_06,fx,gx,0.0,1,
3,val,pad_top,pad_top,62,image_block_06,fgx,gfx,0.0,1,
3,val,pad_top,pad_top,211,image_block_06,fx,gx,0.0,1,
3,val,pad_top,pad_top,211,image_block_06,fgx,gfx,0.0,1,
3,val,pad_top,pad_top,53,image_block_06,fx,gx,0.0,1,
3,val,pad_top,pad_top,53,image_block_06,fgx,gfx,0.0,1,
3,val,pad_top,pad_top,258,image_block_06,fx,gx,0.0,1,
3,val,pad_top,pad_top,258,image_block_06,fgx,gfx,0.0,1,
3,val,pad_top,pad_top,96,image_block_06,fx,gx,0.0,1,
3,val,pad_top,pad_top,96,image_block_06,fgx,gfx,0.0,1,
3,val,pad_top,pad_top,277,image_block_06,fx,gx,0.0,1,
3,val,pad_top,pad_top,277,image_block_06,fgx,gfx,0.0,1,
3,val,pad_top,pad_top,317,image_block_06,fx,gx,0.0,1,
3,val,pad_top,pad_top,317,image_block_06,fgx,gfx,0.0,1,
3,val,pad_top,pad_top,225,image_block_06,fx,gx,0.0,1,
3,val,pad_top,pad_top,225,image_block_06,fgx,gfx,0.0,1,
3,val,pad_top,pad_top,158,image_final_norm,fx,gx,0.0,1,
3,val,pad_top,pad_top,158,image_final_norm,fgx,gfx,0.0,1,
3,val,pad_top,pad_top,89,image_final_norm,fx,gx,0.0,1,
3,val,pad_top,pad_top,89,image_final_norm,fgx,gfx,0.0,1,
3,val,pad_top,pad_top,226,image_final_norm,fx,gx,0.0,1,
3,val,pad_top,pad_top,226,image_final_norm,fgx,gfx,0.0,1,
3,val,pad_top,pad_top,171,image_final_norm,fx,gx,0.0,1,
3,val,pad_top,pad_top,171,image_final_norm,fgx,gfx,0.0,1,
3,val,pad_top,pad_top,144,image_final_norm,fx,gx,0.0,1,
3,val,pad_top,pad_top,144,image_final_norm,fgx,gfx,0.0,1,
3,val,pad_top,pad_top,179,image_final_norm,fx,gx,0.0,1,
3,val,pad_top,pad_top,179,image_final_norm,fgx,gfx,0.0,1,
3,val,pad_top,pad_top,54,image_final_norm,fx,gx,0.0,1,
3,val,pad_top,pad_top,54,image_final_norm,fgx,gfx,0.0,1,
3,val,pad_top,pad_top,135,image_final_norm,fx,gx,0.0,1,
3,val,pad_top,pad_top,135,image_final_norm,fgx,gfx,0.0,1,
3,val,pad_top,pad_top,62,image_final_norm,fx,gx,0.0,1,
3,val,pad_top,pad_top,62,image_final_norm,fgx,gfx,0.0,1,
3,val,pad_top,pad_top,211,image_final_norm,fx,gx,0.0,1,
3,val,pad_top,pad_top,211,image_final_norm,fgx,gfx,0.0,1,
3,val,pad_top,pad_top,53,image_final_norm,fx,gx,0.0,1,
3,val,pad_top,pad_top,53,image_final_norm,fgx,gfx,0.0,1,
3,val,pad_top,pad_top,258,image_final_norm,fx,gx,0.0,1,
3,val,pad_top,pad_top,258,image_final_norm,fgx,gfx,0.0,1,
3,val,pad_top,pad_top,96,image_final_norm,fx,gx,0.0,1,
3,val,pad_top,pad_top,96,image_final_norm,fgx,gfx,0.0,1,
3,val,pad_top,pad_top,277,image_final_norm,fx,gx,0.0,1,
3,val,pad_top,pad_top,277,image_final_norm,fgx,gfx,0.0,1,
3,val,pad_top,pad_top,317,image_final_norm,fx,gx,0.0,1,
3,val,pad_top,pad_top,317,image_final_norm,fgx,gfx,0.0,1,
3,val,pad_top,pad_top,225,image_final_norm,fx,gx,0.0,1,
3,val,pad_top,pad_top,225,image_final_norm,fgx,gfx,0.0,1,
3,val,pad_top,pad_top,298,image_input_tokens,fx,gx,0.0,1,
3,val,pad_top,pad_top,298,image_input_tokens,fgx,gfx,0.0,1,
3,val,pad_top,pad_top,8,image_input_tokens,fx,gx,0.0,1,
3,val,pad_top,pad_top,8,image_input_tokens,fgx,gfx,0.0,1,
3,val,pad_top,pad_top,205,image_input_tokens,fx,gx,0.0,1,
3,val,pad_top,pad_top,205,image_input_tokens,fgx,gfx,0.0,1,
3,val,pad_top,pad_top,92,image_input_tokens,fx,gx,0.0,1,
3,val,pad_top,pad_top,92,image_input_tokens,fgx,gfx,0.0,1,
3,val,pad_top,pad_top,229,image_input_tokens,fx,gx,0.0,1,
3,val,pad_top,pad_top,229,image_input_tokens,fgx,gfx,0.0,1,
3,val,pad_top,pad_top,169,image_input_tokens,fx,gx,0.0,1,
3,val,pad_top,pad_top,169,image_input_tokens,fgx,gfx,0.0,1,
3,val,pad_top,pad_top,7,image_input_tokens,fx,gx,0.0,1,
3,val,pad_top,pad_top,7,image_input_tokens,fgx,gfx,0.0,1,
3,val,pad_top,pad_top,280,image_input_tokens,fx,gx,0.0,1,
3,val,pad_top,pad_top,280,image_input_tokens,fgx,gfx,0.0,1,
3,val,pad_top,pad_top,148,image_input_tokens,fx,gx,0.0,1,
3,val,pad_top,pad_top,148,image_input_tokens,fgx,gfx,0.0,1,
3,val,pad_top,pad_top,88,image_input_tokens,fx,gx,0.0,1,
3,val,pad_top,pad_top,88,image_input_tokens,fgx,gfx,0.0,1,
3,val,pad_top,pad_top,307,image_input_tokens,fx,gx,0.0,1,
3,val,pad_top,pad_top,307,image_input_tokens,fgx,gfx,0.0,1,
3,val,pad_top,pad_top,156,image_input_tokens,fx,gx,0.0,1,
3,val,pad_top,pad_top,156,image_input_tokens,fgx,gfx,0.0,1,
3,val,pad_top,pad_top,204,image_input_tokens,fx,gx,0.0,1,
3,val,pad_top,pad_top,204,image_input_tokens,fgx,gfx,0.0,1,
3,val,pad_top,pad_top,292,image_input_tokens,fx,gx,0.0,1,
3,val,pad_top,pad_top,292,image_input_tokens,fgx,gfx,0.0,1,
3,val,pad_top,pad_top,37,image_input_tokens,fx,gx,0.0,1,
3,val,pad_top,pad_top,37,image_input_tokens,fgx,gfx,0.0,1,
3,val,pad_top,pad_top,256,image_input_tokens,fx,gx,0.0,1,
3,val,pad_top,pad_top,256,image_input_tokens,fgx,gfx,0.0,1,
3,val,pad_top,pad_top,298,image_block_01,fx,gx,0.0,1,
3,val,pad_top,pad_top,298,image_block_01,fgx,gfx,0.0,1,
3,val,pad_top,pad_top,8,image_block_01,fx,gx,0.0,1,
3,val,pad_top,pad_top,8,image_block_01,fgx,gfx,0.0,1,
3,val,pad_top,pad_top,205,image_block_01,fx,gx,0.0,1,
3,val,pad_top,pad_top,205,image_block_01,fgx,gfx,0.0,1,
3,val,pad_top,pad_top,92,image_block_01,fx,gx,0.0,1,
3,val,pad_top,pad_top,92,image_block_01,fgx,gfx,0.0,1,
3,val,pad_top,pad_top,229,image_block_01,fx,gx,0.0,1,
3,val,pad_top,pad_top,229,image_block_01,fgx,gfx,0.0,1,
3,val,pad_top,pad_top,169,image_block_01,fx,gx,0.0,1,
3,val,pad_top,pad_top,169,image_block_01,fgx,gfx,0.0,1,
3,val,pad_top,pad_top,7,image_block_01,fx,gx,0.0,1,
3,val,pad_top,pad_top,7,image_block_01,fgx,gfx,0.0,1,
3,val,pad_top,pad_top,280,image_block_01,fx,gx,0.0,1,
3,val,pad_top,pad_top,280,image_block_01,fgx,gfx,0.0,1,
3,val,pad_top,pad_top,148,image_block_01,fx,gx,0.0,1,
3,val,pad_top,pad_top,148,image_block_01,fgx,gfx,0.0,1,
3,val,pad_top,pad_top,88,image_block_01,fx,gx,0.0,1,
3,val,pad_top,pad_top,88,image_block_01,fgx,gfx,0.0,1,
3,val,pad_top,pad_top,307,image_block_01,fx,gx,0.0,1,
3,val,pad_top,pad_top,307,image_block_01,fgx,gfx,0.0,1,
3,val,pad_top,pad_top,156,image_block_01,fx,gx,0.0,1,
3,val,pad_top,pad_top,156,image_block_01,fgx,gfx,0.0,1,
3,val,pad_top,pad_top,204,image_block_01,fx,gx,0.0,1,
3,val,pad_top,pad_top,204,image_block_01,fgx,gfx,0.0,1,
3,val,pad_top,pad_top,292,image_block_01,fx,gx,0.0,1,
3,val,pad_top,pad_top,292,image_block_01,fgx,gfx,0.0,1,
3,val,pad_top,pad_top,37,image_block_01,fx,gx,0.0,1,
3,val,pad_top,pad_top,37,image_block_01,fgx,gfx,0.0,1,
3,val,pad_top,pad_top,256,image_block_01,fx,gx,0.0,1,
3,val,pad_top,pad_top,256,image_block_01,fgx,gfx,0.0,1,
3,val,pad_top,pad_top,298,image_block_02,fx,gx,0.0,1,
3,val,pad_top,pad_top,298,image_block_02,fgx,gfx,0.0,1,
3,val,pad_top,pad_top,8,image_block_02,fx,gx,0.0,1,
3,val,pad_top,pad_top,8,image_block_02,fgx,gfx,0.0,1,
3,val,pad_top,pad_top,205,image_block_02,fx,gx,0.0,1,
3,val,pad_top,pad_top,205,image_block_02,fgx,gfx,0.0,1,
3,val,pad_top,pad_top,92,image_block_02,fx,gx,0.0,1,
3,val,pad_top,pad_top,92,image_block_02,fgx,gfx,0.0,1,
3,val,pad_top,pad_top,229,image_block_02,fx,gx,0.0,1,
3,val,pad_top,pad_top,229,image_block_02,fgx,gfx,0.0,1,
3,val,pad_top,pad_top,169,image_block_02,fx,gx,0.0,1,
3,val,pad_top,pad_top,169,image_block_02,fgx,gfx,0.0,1,
3,val,pad_top,pad_top,7,image_block_02,fx,gx,0.0,1,
3,val,pad_top,pad_top,7,image_block_02,fgx,gfx,0.0,1,
3,val,pad_top,pad_top,280,image_block_02,fx,gx,0.0,1,
3,val,pad_top,pad_top,280,image_block_02,fgx,gfx,0.0,1,
3,val,pad_top,pad_top,148,image_block_02,fx,gx,0.0,1,
3,val,pad_top,pad_top,148,image_block_02,fgx,gfx,0.0,1,
3,val,pad_top,pad_top,88,image_block_02,fx,gx,0.0,1,
3,val,pad_top,pad_top,88,image_block_02,fgx,gfx,0.0,1,
3,val,pad_top,pad_top,307,image_block_02,fx,gx,0.0,1,
3,val,pad_top,pad_top,307,image_block_02,fgx,gfx,0.0,1,
3,val,pad_top,pad_top,156,image_block_02,fx,gx,0.0,1,
3,val,pad_top,pad_top,156,image_block_02,fgx,gfx,0.0,1,
3,val,pad_top,pad_top,204,image_block_02,fx,gx,0.0,1,
3,val,pad_top,pad_top,204,image_block_02,fgx,gfx,0.0,1,
3,val,pad_top,pad_top,292,image_block_02,fx,gx,0.0,1,
3,val,pad_top,pad_top,292,image_block_02,fgx,gfx,0.0,1,
3,val,pad_top,pad_top,37,image_block_02,fx,gx,0.0,1,
3,val,pad_top,pad_top,37,image_block_02,fgx,gfx,0.0,1,
3,val,pad_top,pad_top,256,image_block_02,fx,gx,0.0,1,
3,val,pad_top,pad_top,256,image_block_02,fgx,gfx,0.0,1,
3,val,pad_top,pad_top,298,image_block_03,fx,gx,0.0,1,
3,val,pad_top,pad_top,298,image_block_03,fgx,gfx,0.0,1,
3,val,pad_top,pad_top,8,image_block_03,fx,gx,0.0,1,
3,val,pad_top,pad_top,8,image_block_03,fgx,gfx,0.0,1,
3,val,pad_top,pad_top,205,image_block_03,fx,gx,0.0,1,
3,val,pad_top,pad_top,205,image_block_03,fgx,gfx,0.0,1,
3,val,pad_top,pad_top,92,image_block_03,fx,gx,0.0,1,
3,val,pad_top,pad_top,92,image_block_03,fgx,gfx,0.0,1,
3,val,pad_top,pad_top,229,image_block_03,fx,gx,0.0,1,
3,val,pad_top,pad_top,229,image_block_03,fgx,gfx,0.0,1,
3,val,pad_top,pad_top,169,image_block_03,fx,gx,0.0,1,
3,val,pad_top,pad_top,169,image_block_03,fgx,gfx,0.0,1,
3,val,pad_top,pad_top,7,image_block_03,fx,gx,0.0,1,
3,val,pad_top,pad_top,7,image_block_03,fgx,gfx,0.0,1,
3,val,pad_top,pad_top,280,image_block_03,fx,gx,0.0,1,
3,val,pad_top,pad_top,280,image_block_03,fgx,gfx,0.0,1,
3,val,pad_top,pad_top,148,image_block_03,fx,gx,0.0,1,
3,val,pad_top,pad_top,148,image_block_03,fgx,gfx,0.0,1,
3,val,pad_top,pad_top,88,image_block_03,fx,gx,0.0,1,
3,val,pad_top,pad_top,88,image_block_03,fgx,gfx,0.0,1,
3,val,pad_top,pad_top,307,image_block_03,fx,gx,0.0,1,
3,val,pad_top,pad_top,307,image_block_03,fgx,gfx,0.0,1,
3,val,pad_top,pad_top,156,image_block_03,fx,gx,0.0,1,
3,val,pad_top,pad_top,156,image_block_03,fgx,gfx,0.0,1,
3,val,pad_top,pad_top,204,image_block_03,fx,gx,0.0,1,
3,val,pad_top,pad_top,204,image_block_03,fgx,gfx,0.0,1,
3,val,pad_top,pad_top,292,image_block_03,fx,gx,0.0,1,
3,val,pad_top,pad_top,292,image_block_03,fgx,gfx,0.0,1,
3,val,pad_top,pad_top,37,image_block_03,fx,gx,0.0,1,
3,val,pad_top,pad_top,37,image_block_03,fgx,gfx,0.0,1,
3,val,pad_top,pad_top,256,image_block_03,fx,gx,0.0,1,
3,val,pad_top,pad_top,256,image_block_03,fgx,gfx,0.0,1,
3,val,pad_top,pad_top,298,image_block_04,fx,gx,0.0,1,
3,val,pad_top,pad_top,298,image_block_04,fgx,gfx,0.0,1,
3,val,pad_top,pad_top,8,image_block_04,fx,gx,0.0,1,
3,val,pad_top,pad_top,8,image_block_04,fgx,gfx,0.0,1,
3,val,pad_top,pad_top,205,image_block_04,fx,gx,0.0,1,
3,val,pad_top,pad_top,205,image_block_04,fgx,gfx,0.0,1,
3,val,pad_top,pad_top,92,image_block_04,fx,gx,0.0,1,
3,val,pad_top,pad_top,92,image_block_04,fgx,gfx,0.0,1,
3,val,pad_top,pad_top,229,image_block_04,fx,gx,0.0,1,
3,val,pad_top,pad_top,229,image_block_04,fgx,gfx,0.0,1,
3,val,pad_top,pad_top,169,image_block_04,fx,gx,0.0,1,
3,val,pad_top,pad_top,169,image_block_04,fgx,gfx,0.0,1,
3,val,pad_top,pad_top,7,image_block_04,fx,gx,0.0,1,
3,val,pad_top,pad_top,7,image_block_04,fgx,gfx,0.0,1,
3,val,pad_top,pad_top,280,image_block_04,fx,gx,0.0,1,
3,val,pad_top,pad_top,280,image_block_04,fgx,gfx,0.0,1,
3,val,pad_top,pad_top,148,image_block_04,fx,gx,0.0,1,
3,val,pad_top,pad_top,148,image_block_04,fgx,gfx,0.0,1,
3,val,pad_top,pad_top,88,image_block_04,fx,gx,0.0,1,
3,val,pad_top,pad_top,88,image_block_04,fgx,gfx,0.0,1,
3,val,pad_top,pad_top,307,image_block_04,fx,gx,0.0,1,
3,val,pad_top,pad_top,307,image_block_04,fgx,gfx,0.0,1,
3,val,pad_top,pad_top,156,image_block_04,fx,gx,0.0,1,
3,val,pad_top,pad_top,156,image_block_04,fgx,gfx,0.0,1,
3,val,pad_top,pad_top,204,image_block_04,fx,gx,0.0,1,
3,val,pad_top,pad_top,204,image_block_04,fgx,gfx,0.0,1,
3,val,pad_top,pad_top,292,image_block_04,fx,gx,0.0,1,
3,val,pad_top,pad_top,292,image_block_04,fgx,gfx,0.0,1,
3,val,pad_top,pad_top,37,image_block_04,fx,gx,0.0,1,
3,val,pad_top,pad_top,37,image_block_04,fgx,gfx,0.0,1,
3,val,pad_top,pad_top,256,image_block_04,fx,gx,0.0,1,
3,val,pad_top,pad_top,256,image_block_04,fgx,gfx,0.0,1,
3,val,pad_top,pad_top,298,image_block_05,fx,gx,0.0,1,
3,val,pad_top,pad_top,298,image_block_05,fgx,gfx,0.0,1,
3,val,pad_top,pad_top,8,image_block_05,fx,gx,0.0,1,
3,val,pad_top,pad_top,8,image_block_05,fgx,gfx,0.0,1,
3,val,pad_top,pad_top,205,image_block_05,fx,gx,0.0,1,
3,val,pad_top,pad_top,205,image_block_05,fgx,gfx,0.0,1,
3,val,pad_top,pad_top,92,image_block_05,fx,gx,0.0,1,
3,val,pad_top,pad_top,92,image_block_05,fgx,gfx,0.0,1,
3,val,pad_top,pad_top,229,image_block_05,fx,gx,0.0,1,
3,val,pad_top,pad_top,229,image_block_05,fgx,gfx,0.0,1,
3,val,pad_top,pad_top,169,image_block_05,fx,gx,0.0,1,
3,val,pad_top,pad_top,169,image_block_05,fgx,gfx,0.0,1,
3,val,pad_top,pad_top,7,image_block_05,fx,gx,0.0,1,
3,val,pad_top,pad_top,7,image_block_05,fgx,gfx,0.0,1,
3,val,pad_top,pad_top,280,image_block_05,fx,gx,0.0,1,
3,val,pad_top,pad_top,280,image_block_05,fgx,gfx,0.0,1,
3,val,pad_top,pad_top,148,image_block_05,fx,gx,0.0,1,
3,val,pad_top,pad_top,148,image_block_05,fgx,gfx,0.0,1,
3,val,pad_top,pad_top,88,image_block_05,fx,gx,0.0,1,
3,val,pad_top,pad_top,88,image_block_05,fgx,gfx,0.0,1,
3,val,pad_top,pad_top,307,image_block_05,fx,gx,0.0,1,
3,val,pad_top,pad_top,307,image_block_05,fgx,gfx,0.0,1,
3,val,pad_top,pad_top,156,image_block_05,fx,gx,0.0,1,
3,val,pad_top,pad_top,156,image_block_05,fgx,gfx,0.0,1,
3,val,pad_top,pad_top,204,image_block_05,fx,gx,0.0,1,
3,val,pad_top,pad_top,204,image_block_05,fgx,gfx,0.0,1,
3,val,pad_top,pad_top,292,image_block_05,fx,gx,0.0,1,
3,val,pad_top,pad_top,292,image_block_05,fgx,gfx,0.0,1,
3,val,pad_top,pad_top,37,image_block_05,fx,gx,0.0,1,
3,val,pad_top,pad_top,37,image_block_05,fgx,gfx,0.0,1,
3,val,pad_top,pad_top,256,image_block_05,fx,gx,0.0,1,
3,val,pad_top,pad_top,256,image_block_05,fgx,gfx,0.0,1,
3,val,pad_top,pad_top,298,image_block_06,fx,gx,0.0,1,
3,val,pad_top,pad_top,298,image_block_06,fgx,gfx,0.0,1,
3,val,pad_top,pad_top,8,image_block_06,fx,gx,0.0,1,
3,val,pad_top,pad_top,8,image_block_06,fgx,gfx,0.0,1,
3,val,pad_top,pad_top,205,image_block_06,fx,gx,0.0,1,
3,val,pad_top,pad_top,205,image_block_06,fgx,gfx,0.0,1,
3,val,pad_top,pad_top,92,image_block_06,fx,gx,0.0,1,
3,val,pad_top,pad_top,92,image_block_06,fgx,gfx,0.0,1,
3,val,pad_top,pad_top,229,image_block_06,fx,gx,0.0,1,
3,val,pad_top,pad_top,229,image_block_06,fgx,gfx,0.0,1,
3,val,pad_top,pad_top,169,image_block_06,fx,gx,0.0,1,
3,val,pad_top,pad_top,169,image_block_06,fgx,gfx,0.0,1,
3,val,pad_top,pad_top,7,image_block_06,fx,gx,0.0,1,
3,val,pad_top,pad_top,7,image_block_06,fgx,gfx,0.0,1,
3,val,pad_top,pad_top,280,image_block_06,fx,gx,0.0,1,
3,val,pad_top,pad_top,280,image_block_06,fgx,gfx,0.0,1,
3,val,pad_top,pad_top,148,image_block_06,fx,gx,0.0,1,
3,val,pad_top,pad_top,148,image_block_06,fgx,gfx,0.0,1,
3,val,pad_top,pad_top,88,image_block_06,fx,gx,0.0,1,
3,val,pad_top,pad_top,88,image_block_06,fgx,gfx,0.0,1,
3,val,pad_top,pad_top,307,image_block_06,fx,gx,0.0,1,
3,val,pad_top,pad_top,307,image_block_06,fgx,gfx,0.0,1,
3,val,pad_top,pad_top,156,image_block_06,fx,gx,0.0,1,
3,val,pad_top,pad_top,156,image_block_06,fgx,gfx,0.0,1,
3,val,pad_top,pad_top,204,image_block_06,fx,gx,0.0,1,
3,val,pad_top,pad_top,204,image_block_06,fgx,gfx,0.0,1,
3,val,pad_top,pad_top,292,image_block_06,fx,gx,0.0,1,
3,val,pad_top,pad_top,292,image_block_06,fgx,gfx,0.0,1,
3,val,pad_top,pad_top,37,image_block_06,fx,gx,0.0,1,
3,val,pad_top,pad_top,37,image_block_06,fgx,gfx,0.0,1,
3,val,pad_top,pad_top,256,image_block_06,fx,gx,0.0,1,
3,val,pad_top,pad_top,256,image_block_06,fgx,gfx,0.0,1,
3,val,pad_top,pad_top,298,image_final_norm,fx,gx,0.0,1,
3,val,pad_top,pad_top,298,image_final_norm,fgx,gfx,0.0,1,
3,val,pad_top,pad_top,8,image_final_norm,fx,gx,0.0,1,
3,val,pad_top,pad_top,8,image_final_norm,fgx,gfx,0.0,1,
3,val,pad_top,pad_top,205,image_final_norm,fx,gx,0.0,1,
3,val,pad_top,pad_top,205,image_final_norm,fgx,gfx,0.0,1,
3,val,pad_top,pad_top,92,image_final_norm,fx,gx,0.0,1,
3,val,pad_top,pad_top,92,image_final_norm,fgx,gfx,0.0,1,
3,val,pad_top,pad_top,229,image_final_norm,fx,gx,0.0,1,
3,val,pad_top,pad_top,229,image_final_norm,fgx,gfx,0.0,1,
3,val,pad_top,pad_top,169,image_final_norm,fx,gx,0.0,1,
3,val,pad_top,pad_top,169,image_final_norm,fgx,gfx,0.0,1,
3,val,pad_top,pad_top,7,image_final_norm,fx,gx,0.0,1,
3,val,pad_top,pad_top,7,image_final_norm,fgx,gfx,0.0,1,
3,val,pad_top,pad_top,280,image_final_norm,fx,gx,0.0,1,
3,val,pad_top,pad_top,280,image_final_norm,fgx,gfx,0.0,1,
3,val,pad_top,pad_top,148,image_final_norm,fx,gx,0.0,1,
3,val,pad_top,pad_top,148,image_final_norm,fgx,gfx,0.0,1,
3,val,pad_top,pad_top,88,image_final_norm,fx,gx,0.0,1,
3,val,pad_top,pad_top,88,image_final_norm,fgx,gfx,0.0,1,
3,val,pad_top,pad_top,307,image_final_norm,fx,gx,0.0,1,
3,val,pad_top,pad_top,307,image_final_norm,fgx,gfx,0.0,1,
3,val,pad_top,pad_top,156,image_final_norm,fx,gx,0.0,1,
3,val,pad_top,pad_top,156,image_final_norm,fgx,gfx,0.0,1,
3,val,pad_top,pad_top,204,image_final_norm,fx,gx,0.0,1,
3,val,pad_top,pad_top,204,image_final_norm,fgx,gfx,0.0,1,
3,val,pad_top,pad_top,292,image_final_norm,fx,gx,0.0,1,
3,val,pad_top,pad_top,292,image_final_norm,fgx,gfx,0.0,1,
3,val,pad_top,pad_top,37,image_final_norm,fx,gx,0.0,1,
3,val,pad_top,pad_top,37,image_final_norm,fgx,gfx,0.0,1,
3,val,pad_top,pad_top,256,image_final_norm,fx,gx,0.0,1,
3,val,pad_top,pad_top,256,image_final_norm,fgx,gfx,0.0,1,
3,val,pad_top,pad_top,222,image_input_tokens,fx,gx,0.0,1,
3,val,pad_top,pad_top,222,image_input_tokens,fgx,gfx,0.0,1,
3,val,pad_top,pad_top,999,image_input_tokens,fx,gx,0.0,1,
3,val,pad_top,pad_top,999,image_input_tokens,fgx,gfx,0.0,1,
3,val,pad_top,pad_top,166,image_input_tokens,fx,gx,0.0,1,
3,val,pad_top,pad_top,166,image_input_tokens,fgx,gfx,0.0,1,
3,val,pad_top,pad_top,112,image_input_tokens,fx,gx,0.0,1,
3,val,pad_top,pad_top,112,image_input_tokens,fgx,gfx,0.0,1,
3,val,pad_top,pad_top,201,image_input_tokens,fx,gx,0.0,1,
3,val,pad_top,pad_top,201,image_input_tokens,fgx,gfx,0.0,1,
3,val,pad_top,pad_top,313,image_input_tokens,fx,gx,0.0,1,
3,val,pad_top,pad_top,313,image_input_tokens,fgx,gfx,0.0,1,
3,val,pad_top,pad_top,79,image_input_tokens,fx,gx,0.0,1,
3,val,pad_top,pad_top,79,image_input_tokens,fgx,gfx,0.0,1,
3,val,pad_top,pad_top,66,image_input_tokens,fx,gx,0.0,1,
3,val,pad_top,pad_top,66,image_input_tokens,fgx,gfx,0.0,1,
3,val,pad_top,pad_top,9,image_input_tokens,fx,gx,0.0,1,
3,val,pad_top,pad_top,9,image_input_tokens,fgx,gfx,0.0,1,
3,val,pad_top,pad_top,202,image_input_tokens,fx,gx,0.0,1,
3,val,pad_top,pad_top,202,image_input_tokens,fgx,gfx,0.0,1,
3,val,pad_top,pad_top,59,image_input_tokens,fx,gx,0.0,1,
3,val,pad_top,pad_top,59,image_input_tokens,fgx,gfx,0.0,1,
3,val,pad_top,pad_top,151,image_input_tokens,fx,gx,0.0,1,
3,val,pad_top,pad_top,151,image_input_tokens,fgx,gfx,0.0,1,
3,val,pad_top,pad_top,245,image_input_tokens,fx,gx,0.0,1,
3,val,pad_top,pad_top,245,image_input_tokens,fgx,gfx,0.0,1,
3,val,pad_top,pad_top,67,image_input_tokens,fx,gx,0.0,1,
3,val,pad_top,pad_top,67,image_input_tokens,fgx,gfx,0.0,1,
3,val,pad_top,pad_top,234,image_input_tokens,fx,gx,0.0,1,
3,val,pad_top,pad_top,234,image_input_tokens,fgx,gfx,0.0,1,
3,val,pad_top,pad_top,94,image_input_tokens,fx,gx,0.0,1,
3,val,pad_top,pad_top,94,image_input_tokens,fgx,gfx,0.0,1,
3,val,pad_top,pad_top,222,image_block_01,fx,gx,0.0,1,
3,val,pad_top,pad_top,222,image_block_01,fgx,gfx,0.0,1,
3,val,pad_top,pad_top,999,image_block_01,fx,gx,0.0,1,
3,val,pad_top,pad_top,999,image_block_01,fgx,gfx,0.0,1,
3,val,pad_top,pad_top,166,image_block_01,fx,gx,0.0,1,
3,val,pad_top,pad_top,166,image_block_01,fgx,gfx,0.0,1,
3,val,pad_top,pad_top,112,image_block_01,fx,gx,0.0,1,
3,val,pad_top,pad_top,112,image_block_01,fgx,gfx,0.0,1,
3,val,pad_top,pad_top,201,image_block_01,fx,gx,0.0,1,
3,val,pad_top,pad_top,201,image_block_01,fgx,gfx,0.0,1,
3,val,pad_top,pad_top,313,image_block_01,fx,gx,0.0,1,
3,val,pad_top,pad_top,313,image_block_01,fgx,gfx,0.0,1,
3,val,pad_top,pad_top,79,image_block_01,fx,gx,0.0,1,
3,val,pad_top,pad_top,79,image_block_01,fgx,gfx,0.0,1,
3,val,pad_top,pad_top,66,image_block_01,fx,gx,0.0,1,
3,val,pad_top,pad_top,66,image_block_01,fgx,gfx,0.0,1,
3,val,pad_top,pad_top,9,image_block_01,fx,gx,0.0,1,
3,val,pad_top,pad_top,9,image_block_01,fgx,gfx,0.0,1,
3,val,pad_top,pad_top,202,image_block_01,fx,gx,0.0,1,
3,val,pad_top,pad_top,202,image_block_01,fgx,gfx,0.0,1,
3,val,pad_top,pad_top,59,image_block_01,fx,gx,0.0,1,
3,val,pad_top,pad_top,59,image_block_01,fgx,gfx,0.0,1,
3,val,pad_top,pad_top,151,image_block_01,fx,gx,0.0,1,
3,val,pad_top,pad_top,151,image_block_01,fgx,gfx,0.0,1,
3,val,pad_top,pad_top,245,image_block_01,fx,gx,0.0,1,
3,val,pad_top,pad_top,245,image_block_01,fgx,gfx,0.0,1,
3,val,pad_top,pad_top,67,image_block_01,fx,gx,0.0,1,
3,val,pad_top,pad_top,67,image_block_01,fgx,gfx,0.0,1,
3,val,pad_top,pad_top,234,image_block_01,fx,gx,0.0,1,
3,val,pad_top,pad_top,234,image_block_01,fgx,gfx,0.0,1,
3,val,pad_top,pad_top,94,image_block_01,fx,gx,0.0,1,
3,val,pad_top,pad_top,94,image_block_01,fgx,gfx,0.0,1,
3,val,pad_top,pad_top,222,image_block_02,fx,gx,0.0,1,
3,val,pad_top,pad_top,222,image_block_02,fgx,gfx,0.0,1,
3,val,pad_top,pad_top,999,image_block_02,fx,gx,0.0,1,
3,val,pad_top,pad_top,999,image_block_02,fgx,gfx,0.0,1,
3,val,pad_top,pad_top,166,image_block_02,fx,gx,0.0,1,
3,val,pad_top,pad_top,166,image_block_02,fgx,gfx,0.0,1,
3,val,pad_top,pad_top,112,image_block_02,fx,gx,0.0,1,
3,val,pad_top,pad_top,112,image_block_02,fgx,gfx,0.0,1,
3,val,pad_top,pad_top,201,image_block_02,fx,gx,0.0,1,
3,val,pad_top,pad_top,201,image_block_02,fgx,gfx,0.0,1,
3,val,pad_top,pad_top,313,image_block_02,fx,gx,0.0,1,
3,val,pad_top,pad_top,313,image_block_02,fgx,gfx,0.0,1,
3,val,pad_top,pad_top,79,image_block_02,fx,gx,0.0,1,
3,val,pad_top,pad_top,79,image_block_02,fgx,gfx,0.0,1,
3,val,pad_top,pad_top,66,image_block_02,fx,gx,0.0,1,
3,val,pad_top,pad_top,66,image_block_02,fgx,gfx,0.0,1,
3,val,pad_top,pad_top,9,image_block_02,fx,gx,0.0,1,
3,val,pad_top,pad_top,9,image_block_02,fgx,gfx,0.0,1,
3,val,pad_top,pad_top,202,image_block_02,fx,gx,0.0,1,
3,val,pad_top,pad_top,202,image_block_02,fgx,gfx,0.0,1,
3,val,pad_top,pad_top,59,image_block_02,fx,gx,0.0,1,
3,val,pad_top,pad_top,59,image_block_02,fgx,gfx,0.0,1,
3,val,pad_top,pad_top,151,image_block_02,fx,gx,0.0,1,
3,val,pad_top,pad_top,151,image_block_02,fgx,gfx,0.0,1,
3,val,pad_top,pad_top,245,image_block_02,fx,gx,0.0,1,
3,val,pad_top,pad_top,245,image_block_02,fgx,gfx,0.0,1,
3,val,pad_top,pad_top,67,image_block_02,fx,gx,0.0,1,
3,val,pad_top,pad_top,67,image_block_02,fgx,gfx,0.0,1,
3,val,pad_top,pad_top,234,image_block_02,fx,gx,0.0,1,
3,val,pad_top,pad_top,234,image_block_02,fgx,gfx,0.0,1,
3,val,pad_top,pad_top,94,image_block_02,fx,gx,0.0,1,
3,val,pad_top,pad_top,94,image_block_02,fgx,gfx,0.0,1,
3,val,pad_top,pad_top,222,image_block_03,fx,gx,0.0,1,
3,val,pad_top,pad_top,222,image_block_03,fgx,gfx,0.0,1,
3,val,pad_top,pad_top,999,image_block_03,fx,gx,0.0,1,
3,val,pad_top,pad_top,999,image_block_03,fgx,gfx,0.0,1,
3,val,pad_top,pad_top,166,image_block_03,fx,gx,0.0,1,
3,val,pad_top,pad_top,166,image_block_03,fgx,gfx,0.0,1,
3,val,pad_top,pad_top,112,image_block_03,fx,gx,0.0,1,
3,val,pad_top,pad_top,112,image_block_03,fgx,gfx,0.0,1,
3,val,pad_top,pad_top,201,image_block_03,fx,gx,0.0,1,
3,val,pad_top,pad_top,201,image_block_03,fgx,gfx,0.0,1,
3,val,pad_top,pad_top,313,image_block_03,fx,gx,0.0,1,
3,val,pad_top,pad_top,313,image_block_03,fgx,gfx,0.0,1,
3,val,pad_top,pad_top,79,image_block_03,fx,gx,0.0,1,
3,val,pad_top,pad_top,79,image_block_03,fgx,gfx,0.0,1,
3,val,pad_top,pad_top,66,image_block_03,fx,gx,0.0,1,
3,val,pad_top,pad_top,66,image_block_03,fgx,gfx,0.0,1,
3,val,pad_top,pad_top,9,image_block_03,fx,gx,0.0,1,
3,val,pad_top,pad_top,9,image_block_03,fgx,gfx,0.0,1,
3,val,pad_top,pad_top,202,image_block_03,fx,gx,0.0,1,
3,val,pad_top,pad_top,202,image_block_03,fgx,gfx,0.0,1,
3,val,pad_top,pad_top,59,image_block_03,fx,gx,0.0,1,
3,val,pad_top,pad_top,59,image_block_03,fgx,gfx,0.0,1,
3,val,pad_top,pad_top,151,image_block_03,fx,gx,0.0,1,
3,val,pad_top,pad_top,151,image_block_03,fgx,gfx,0.0,1,
3,val,pad_top,pad_top,245,image_block_03,fx,gx,0.0,1,
3,val,pad_top,pad_top,245,image_block_03,fgx,gfx,0.0,1,
3,val,pad_top,pad_top,67,image_block_03,fx,gx,0.0,1,
3,val,pad_top,pad_top,67,image_block_03,fgx,gfx,0.0,1,
3,val,pad_top,pad_top,234,image_block_03,fx,gx,0.0,1,
3,val,pad_top,pad_top,234,image_block_03,fgx,gfx,0.0,1,
3,val,pad_top,pad_top,94,image_block_03,fx,gx,0.0,1,
3,val,pad_top,pad_top,94,image_block_03,fgx,gfx,0.0,1,
3,val,pad_top,pad_top,222,image_block_04,fx,gx,0.0,1,
3,val,pad_top,pad_top,222,image_block_04,fgx,gfx,0.0,1,
3,val,pad_top,pad_top,999,image_block_04,fx,gx,0.0,1,
3,val,pad_top,pad_top,999,image_block_04,fgx,gfx,0.0,1,
3,val,pad_top,pad_top,166,image_block_04,fx,gx,0.0,1,
3,val,pad_top,pad_top,166,image_block_04,fgx,gfx,0.0,1,
3,val,pad_top,pad_top,112,image_block_04,fx,gx,0.0,1,
3,val,pad_top,pad_top,112,image_block_04,fgx,gfx,0.0,1,
3,val,pad_top,pad_top,201,image_block_04,fx,gx,0.0,1,
3,val,pad_top,pad_top,201,image_block_04,fgx,gfx,0.0,1,
3,val,pad_top,pad_top,313,image_block_04,fx,gx,0.0,1,
3,val,pad_top,pad_top,313,image_block_04,fgx,gfx,0.0,1,
3,val,pad_top,pad_top,79,image_block_04,fx,gx,0.0,1,
3,val,pad_top,pad_top,79,image_block_04,fgx,gfx,0.0,1,
3,val,pad_top,pad_top,66,image_block_04,fx,gx,0.0,1,
3,val,pad_top,pad_top,66,image_block_04,fgx,gfx,0.0,1,
3,val,pad_top,pad_top,9,image_block_04,fx,gx,0.0,1,
3,val,pad_top,pad_top,9,image_block_04,fgx,gfx,0.0,1,
3,val,pad_top,pad_top,202,image_block_04,fx,gx,0.0,1,
3,val,pad_top,pad_top,202,image_block_04,fgx,gfx,0.0,1,
3,val,pad_top,pad_top,59,image_block_04,fx,gx,0.0,1,
3,val,pad_top,pad_top,59,image_block_04,fgx,gfx,0.0,1,
3,val,pad_top,pad_top,151,image_block_04,fx,gx,0.0,1,
3,val,pad_top,pad_top,151,image_block_04,fgx,gfx,0.0,1,
3,val,pad_top,pad_top,245,image_block_04,fx,gx,0.0,1,
3,val,pad_top,pad_top,245,image_block_04,fgx,gfx,0.0,1,
3,val,pad_top,pad_top,67,image_block_04,fx,gx,0.0,1,
3,val,pad_top,pad_top,67,image_block_04,fgx,gfx,0.0,1,
3,val,pad_top,pad_top,234,image_block_04,fx,gx,0.0,1,
3,val,pad_top,pad_top,234,image_block_04,fgx,gfx,0.0,1,
3,val,pad_top,pad_top,94,image_block_04,fx,gx,0.0,1,
3,val,pad_top,pad_top,94,image_block_04,fgx,gfx,0.0,1,
3,val,pad_top,pad_top,222,image_block_05,fx,gx,0.0,1,
3,val,pad_top,pad_top,222,image_block_05,fgx,gfx,0.0,1,
3,val,pad_top,pad_top,999,image_block_05,fx,gx,0.0,1,
3,val,pad_top,pad_top,999,image_block_05,fgx,gfx,0.0,1,
3,val,pad_top,pad_top,166,image_block_05,fx,gx,0.0,1,
3,val,pad_top,pad_top,166,image_block_05,fgx,gfx,0.0,1,
3,val,pad_top,pad_top,112,image_block_05,fx,gx,0.0,1,
3,val,pad_top,pad_top,112,image_block_05,fgx,gfx,0.0,1,
3,val,pad_top,pad_top,201,image_block_05,fx,gx,0.0,1,
3,val,pad_top,pad_top,201,image_block_05,fgx,gfx,0.0,1,
3,val,pad_top,pad_top,313,image_block_05,fx,gx,0.0,1,
3,val,pad_top,pad_top,313,image_block_05,fgx,gfx,0.0,1,
3,val,pad_top,pad_top,79,image_block_05,fx,gx,0.0,1,
3,val,pad_top,pad_top,79,image_block_05,fgx,gfx,0.0,1,
3,val,pad_top,pad_top,66,image_block_05,fx,gx,0.0,1,
3,val,pad_top,pad_top,66,image_block_05,fgx,gfx,0.0,1,
3,val,pad_top,pad_top,9,image_block_05,fx,gx,0.0,1,
3,val,pad_top,pad_top,9,image_block_05,fgx,gfx,0.0,1,
3,val,pad_top,pad_top,202,image_block_05,fx,gx,0.0,1,
3,val,pad_top,pad_top,202,image_block_05,fgx,gfx,0.0,1,
3,val,pad_top,pad_top,59,image_block_05,fx,gx,0.0,1,
3,val,pad_top,pad_top,59,image_block_05,fgx,gfx,0.0,1,
3,val,pad_top,pad_top,151,image_block_05,fx,gx,0.0,1,
3,val,pad_top,pad_top,151,image_block_05,fgx,gfx,0.0,1,
3,val,pad_top,pad_top,245,image_block_05,fx,gx,0.0,1,
3,val,pad_top,pad_top,245,image_block_05,fgx,gfx,0.0,1,
3,val,pad_top,pad_top,67,image_block_05,fx,gx,0.0,1,
3,val,pad_top,pad_top,67,image_block_05,fgx,gfx,0.0,1,
3,val,pad_top,pad_top,234,image_block_05,fx,gx,0.0,1,
3,val,pad_top,pad_top,234,image_block_05,fgx,gfx,0.0,1,
3,val,pad_top,pad_top,94,image_block_05,fx,gx,0.0,1,
3,val,pad_top,pad_top,94,image_block_05,fgx,gfx,0.0,1,
3,val,pad_top,pad_top,222,image_block_06,fx,gx,0.0,1,
3,val,pad_top,pad_top,222,image_block_06,fgx,gfx,0.0,1,
3,val,pad_top,pad_top,999,image_block_06,fx,gx,0.0,1,
3,val,pad_top,pad_top,999,image_block_06,fgx,gfx,0.0,1,
3,val,pad_top,pad_top,166,image_block_06,fx,gx,0.0,1,
3,val,pad_top,pad_top,166,image_block_06,fgx,gfx,0.0,1,
3,val,pad_top,pad_top,112,image_block_06,fx,gx,0.0,1,
3,val,pad_top,pad_top,112,image_block_06,fgx,gfx,0.0,1,
3,val,pad_top,pad_top,201,image_block_06,fx,gx,0.0,1,
3,val,pad_top,pad_top,201,image_block_06,fgx,gfx,0.0,1,
3,val,pad_top,pad_top,313,image_block_06,fx,gx,0.0,1,
3,val,pad_top,pad_top,313,image_block_06,fgx,gfx,0.0,1,
3,val,pad_top,pad_top,79,image_block_06,fx,gx,0.0,1,
3,val,pad_top,pad_top,79,image_block_06,fgx,gfx,0.0,1,
3,val,pad_top,pad_top,66,image_block_06,fx,gx,0.0,1,
3,val,pad_top,pad_top,66,image_block_06,fgx,gfx,0.0,1,
3,val,pad_top,pad_top,9,image_block_06,fx,gx,0.0,1,
3,val,pad_top,pad_top,9,image_block_06,fgx,gfx,0.0,1,
3,val,pad_top,pad_top,202,image_block_06,fx,gx,0.0,1,
3,val,pad_top,pad_top,202,image_block_06,fgx,gfx,0.0,1,
3,val,pad_top,pad_top,59,image_block_06,fx,gx,0.0,1,
3,val,pad_top,pad_top,59,image_block_06,fgx,gfx,0.0,1,
3,val,pad_top,pad_top,151,image_block_06,fx,gx,0.0,1,
3,val,pad_top,pad_top,151,image_block_06,fgx,gfx,0.0,1,
3,val,pad_top,pad_top,245,image_block_06,fx,gx,0.0,1,
3,val,pad_top,pad_top,245,image_block_06,fgx,gfx,0.0,1,
3,val,pad_top,pad_top,67,image_block_06,fx,gx,0.0,1,
3,val,pad_top,pad_top,67,image_block_06,fgx,gfx,0.0,1,
3,val,pad_top,pad_top,234,image_block_06,fx,gx,0.0,1,
3,val,pad_top,pad_top,234,image_block_06,fgx,gfx,0.0,1,
3,val,pad_top,pad_top,94,image_block_06,fx,gx,0.0,1,
3,val,pad_top,pad_top,94,image_block_06,fgx,gfx,0.0,1,
3,val,pad_top,pad_top,222,image_final_norm,fx,gx,0.0,1,
3,val,pad_top,pad_top,222,image_final_norm,fgx,gfx,0.0,1,
3,val,pad_top,pad_top,999,image_final_norm,fx,gx,0.0,1,
3,val,pad_top,pad_top,999,image_final_norm,fgx,gfx,0.0,1,
3,val,pad_top,pad_top,166,image_final_norm,fx,gx,0.0,1,
3,val,pad_top,pad_top,166,image_final_norm,fgx,gfx,0.0,1,
3,val,pad_top,pad_top,112,image_final_norm,fx,gx,0.0,1,
3,val,pad_top,pad_top,112,image_final_norm,fgx,gfx,0.0,1,
3,val,pad_top,pad_top,201,image_final_norm,fx,gx,0.0,1,
3,val,pad_top,pad_top,201,image_final_norm,fgx,gfx,0.0,1,
3,val,pad_top,pad_top,313,image_final_norm,fx,gx,0.0,1,
3,val,pad_top,pad_top,313,image_final_norm,fgx,gfx,0.0,1,
3,val,pad_top,pad_top,79,image_final_norm,fx,gx,0.0,1,
3,val,pad_top,pad_top,79,image_final_norm,fgx,gfx,0.0,1,
3,val,pad_top,pad_top,66,image_final_norm,fx,gx,0.0,1,
3,val,pad_top,pad_top,66,image_final_norm,fgx,gfx,0.0,1,
3,val,pad_top,pad_top,9,image_final_norm,fx,gx,0.0,1,
3,val,pad_top,pad_top,9,image_final_norm,fgx,gfx,0.0,1,
3,val,pad_top,pad_top,202,image_final_norm,fx,gx,0.0,1,
3,val,pad_top,pad_top,202,image_final_norm,fgx,gfx,0.0,1,
3,val,pad_top,pad_top,59,image_final_norm,fx,gx,0.0,1,
3,val,pad_top,pad_top,59,image_final_norm,fgx,gfx,0.0,1,
3,val,pad_top,pad_top,151,image_final_norm,fx,gx,0.0,1,
3,val,pad_top,pad_top,151,image_final_norm,fgx,gfx,0.0,1,
3,val,pad_top,pad_top,245,image_final_norm,fx,gx,0.0,1,
3,val,pad_top,pad_top,245,image_final_norm,fgx,gfx,0.0,1,
3,val,pad_top,pad_top,67,image_final_norm,fx,gx,0.0,1,
3,val,pad_top,pad_top,67,image_final_norm,fgx,gfx,0.0,1,
3,val,pad_top,pad_top,234,image_final_norm,fx,gx,0.0,1,
3,val,pad_top,pad_top,234,image_final_norm,fgx,gfx,0.0,1,
3,val,pad_top,pad_top,94,image_final_norm,fx,gx,0.0,1,
3,val,pad_top,pad_top,94,image_final_norm,fgx,gfx,0.0,1,
3,val,pad_top,pad_top,218,image_input_tokens,fx,gx,0.0,1,
3,val,pad_top,pad_top,218,image_input_tokens,fgx,gfx,0.0,1,
3,val,pad_top,pad_top,124,image_input_tokens,fx,gx,0.0,1,
3,val,pad_top,pad_top,124,image_input_tokens,fgx,gfx,0.0,1,
3,val,pad_top,pad_top,72,image_input_tokens,fx,gx,0.0,1,
3,val,pad_top,pad_top,72,image_input_tokens,fgx,gfx,0.0,1,
3,val,pad_top,pad_top,191,image_input_tokens,fx,gx,0.0,1,
3,val,pad_top,pad_top,191,image_input_tokens,fgx,gfx,0.0,1,
3,val,pad_top,pad_top,32,image_input_tokens,fx,gx,0.0,1,
3,val,pad_top,pad_top,32,image_input_tokens,fgx,gfx,0.0,1,
3,val,pad_top,pad_top,214,image_input_tokens,fx,gx,0.0,1,
3,val,pad_top,pad_top,214,image_input_tokens,fgx,gfx,0.0,1,
3,val,pad_top,pad_top,230,image_input_tokens,fx,gx,0.0,1,
3,val,pad_top,pad_top,230,image_input_tokens,fgx,gfx,0.0,1,
3,val,pad_top,pad_top,155,image_input_tokens,fx,gx,0.0,1,
3,val,pad_top,pad_top,155,image_input_tokens,fgx,gfx,0.0,1,
3,val,pad_top,pad_top,311,image_input_tokens,fx,gx,0.0,1,
3,val,pad_top,pad_top,311,image_input_tokens,fgx,gfx,0.0,1,
3,val,pad_top,pad_top,121,image_input_tokens,fx,gx,0.0,1,
3,val,pad_top,pad_top,121,image_input_tokens,fgx,gfx,0.0,1,
3,val,pad_top,pad_top,326,image_input_tokens,fx,gx,0.0,1,
3,val,pad_top,pad_top,326,image_input_tokens,fgx,gfx,0.0,1,
3,val,pad_top,pad_top,130,image_input_tokens,fx,gx,0.0,1,
3,val,pad_top,pad_top,130,image_input_tokens,fgx,gfx,0.0,1,
3,val,pad_top,pad_top,108,image_input_tokens,fx,gx,0.0,1,
3,val,pad_top,pad_top,108,image_input_tokens,fgx,gfx,0.0,1,
3,val,pad_top,pad_top,192,image_input_tokens,fx,gx,0.0,1,
3,val,pad_top,pad_top,192,image_input_tokens,fgx,gfx,0.0,1,
3,val,pad_top,pad_top,231,image_input_tokens,fx,gx,0.0,1,
3,val,pad_top,pad_top,231,image_input_tokens,fgx,gfx,0.0,1,
3,val,pad_top,pad_top,244,image_input_tokens,fx,gx,0.0,1,
3,val,pad_top,pad_top,244,image_input_tokens,fgx,gfx,0.0,1,
3,val,pad_top,pad_top,218,image_block_01,fx,gx,0.0,1,
3,val,pad_top,pad_top,218,image_block_01,fgx,gfx,0.0,1,
3,val,pad_top,pad_top,124,image_block_01,fx,gx,0.0,1,
3,val,pad_top,pad_top,124,image_block_01,fgx,gfx,0.0,1,
3,val,pad_top,pad_top,72,image_block_01,fx,gx,0.0,1,
3,val,pad_top,pad_top,72,image_block_01,fgx,gfx,0.0,1,
3,val,pad_top,pad_top,191,image_block_01,fx,gx,0.0,1,
3,val,pad_top,pad_top,191,image_block_01,fgx,gfx,0.0,1,
3,val,pad_top,pad_top,32,image_block_01,fx,gx,0.0,1,
3,val,pad_top,pad_top,32,image_block_01,fgx,gfx,0.0,1,
3,val,pad_top,pad_top,214,image_block_01,fx,gx,0.0,1,
3,val,pad_top,pad_top,214,image_block_01,fgx,gfx,0.0,1,
3,val,pad_top,pad_top,230,image_block_01,fx,gx,0.0,1,
3,val,pad_top,pad_top,230,image_block_01,fgx,gfx,0.0,1,
3,val,pad_top,pad_top,155,image_block_01,fx,gx,0.0,1,
3,val,pad_top,pad_top,155,image_block_01,fgx,gfx,0.0,1,
3,val,pad_top,pad_top,311,image_block_01,fx,gx,0.0,1,
3,val,pad_top,pad_top,311,image_block_01,fgx,gfx,0.0,1,
3,val,pad_top,pad_top,121,image_block_01,fx,gx,0.0,1,
3,val,pad_top,pad_top,121,image_block_01,fgx,gfx,0.0,1,
3,val,pad_top,pad_top,326,image_block_01,fx,gx,0.0,1,
3,val,pad_top,pad_top,326,image_block_01,fgx,gfx,0.0,1,
3,val,pad_top,pad_top,130,image_block_01,fx,gx,0.0,1,
3,val,pad_top,pad_top,130,image_block_01,fgx,gfx,0.0,1,
3,val,pad_top,pad_top,108,image_block_01,fx,gx,0.0,1,
3,val,pad_top,pad_top,108,image_block_01,fgx,gfx,0.0,1,
3,val,pad_top,pad_top,192,image_block_01,fx,gx,0.0,1,
3,val,pad_top,pad_top,192,image_block_01,fgx,gfx,0.0,1,
3,val,pad_top,pad_top,231,image_block_01,fx,gx,0.0,1,
3,val,pad_top,pad_top,231,image_block_01,fgx,gfx,0.0,1,
3,val,pad_top,pad_top,244,image_block_01,fx,gx,0.0,1,
3,val,pad_top,pad_top,244,image_block_01,fgx,gfx,0.0,1,
3,val,pad_top,pad_top,218,image_block_02,fx,gx,0.0,1,
3,val,pad_top,pad_top,218,image_block_02,fgx,gfx,0.0,1,
3,val,pad_top,pad_top,124,image_block_02,fx,gx,0.0,1,
3,val,pad_top,pad_top,124,image_block_02,fgx,gfx,0.0,1,
3,val,pad_top,pad_top,72,image_block_02,fx,gx,0.0,1,
3,val,pad_top,pad_top,72,image_block_02,fgx,gfx,0.0,1,
3,val,pad_top,pad_top,191,image_block_02,fx,gx,0.0,1,
3,val,pad_top,pad_top,191,image_block_02,fgx,gfx,0.0,1,
3,val,pad_top,pad_top,32,image_block_02,fx,gx,0.0,1,
3,val,pad_top,pad_top,32,image_block_02,fgx,gfx,0.0,1,
3,val,pad_top,pad_top,214,image_block_02,fx,gx,0.0,1,
3,val,pad_top,pad_top,214,image_block_02,fgx,gfx,0.0,1,
3,val,pad_top,pad_top,230,image_block_02,fx,gx,0.0,1,
3,val,pad_top,pad_top,230,image_block_02,fgx,gfx,0.0,1,
3,val,pad_top,pad_top,155,image_block_02,fx,gx,0.0,1,
3,val,pad_top,pad_top,155,image_block_02,fgx,gfx,0.0,1,
3,val,pad_top,pad_top,311,image_block_02,fx,gx,0.0,1,
3,val,pad_top,pad_top,311,image_block_02,fgx,gfx,0.0,1,
3,val,pad_top,pad_top,121,image_block_02,fx,gx,0.0,1,
3,val,pad_top,pad_top,121,image_block_02,fgx,gfx,0.0,1,
3,val,pad_top,pad_top,326,image_block_02,fx,gx,0.0,1,
3,val,pad_top,pad_top,326,image_block_02,fgx,gfx,0.0,1,
3,val,pad_top,pad_top,130,image_block_02,fx,gx,0.0,1,
3,val,pad_top,pad_top,130,image_block_02,fgx,gfx,0.0,1,
3,val,pad_top,pad_top,108,image_block_02,fx,gx,0.0,1,
3,val,pad_top,pad_top,108,image_block_02,fgx,gfx,0.0,1,
3,val,pad_top,pad_top,192,image_block_02,fx,gx,0.0,1,
3,val,pad_top,pad_top,192,image_block_02,fgx,gfx,0.0,1,
3,val,pad_top,pad_top,231,image_block_02,fx,gx,0.0,1,
3,val,pad_top,pad_top,231,image_block_02,fgx,gfx,0.0,1,
3,val,pad_top,pad_top,244,image_block_02,fx,gx,0.0,1,
3,val,pad_top,pad_top,244,image_block_02,fgx,gfx,0.0,1,
3,val,pad_top,pad_top,218,image_block_03,fx,gx,0.0,1,
3,val,pad_top,pad_top,218,image_block_03,fgx,gfx,0.0,1,
3,val,pad_top,pad_top,124,image_block_03,fx,gx,0.0,1,
3,val,pad_top,pad_top,124,image_block_03,fgx,gfx,0.0,1,
3,val,pad_top,pad_top,72,image_block_03,fx,gx,0.0,1,
3,val,pad_top,pad_top,72,image_block_03,fgx,gfx,0.0,1,
3,val,pad_top,pad_top,191,image_block_03,fx,gx,0.0,1,
3,val,pad_top,pad_top,191,image_block_03,fgx,gfx,0.0,1,
3,val,pad_top,pad_top,32,image_block_03,fx,gx,0.0,1,
3,val,pad_top,pad_top,32,image_block_03,fgx,gfx,0.0,1,
3,val,pad_top,pad_top,214,image_block_03,fx,gx,0.0,1,
3,val,pad_top,pad_top,214,image_block_03,fgx,gfx,0.0,1,
3,val,pad_top,pad_top,230,image_block_03,fx,gx,0.0,1,
3,val,pad_top,pad_top,230,image_block_03,fgx,gfx,0.0,1,
3,val,pad_top,pad_top,155,image_block_03,fx,gx,0.0,1,
3,val,pad_top,pad_top,155,image_block_03,fgx,gfx,0.0,1,
3,val,pad_top,pad_top,311,image_block_03,fx,gx,0.0,1,
3,val,pad_top,pad_top,311,image_block_03,fgx,gfx,0.0,1,
3,val,pad_top,pad_top,121,image_block_03,fx,gx,0.0,1,
3,val,pad_top,pad_top,121,image_block_03,fgx,gfx,0.0,1,
3,val,pad_top,pad_top,326,image_block_03,fx,gx,0.0,1,
3,val,pad_top,pad_top,326,image_block_03,fgx,gfx,0.0,1,
3,val,pad_top,pad_top,130,image_block_03,fx,gx,0.0,1,
3,val,pad_top,pad_top,130,image_block_03,fgx,gfx,0.0,1,
3,val,pad_top,pad_top,108,image_block_03,fx,gx,0.0,1,
3,val,pad_top,pad_top,108,image_block_03,fgx,gfx,0.0,1,
3,val,pad_top,pad_top,192,image_block_03,fx,gx,0.0,1,
3,val,pad_top,pad_top,192,image_block_03,fgx,gfx,0.0,1,
3,val,pad_top,pad_top,231,image_block_03,fx,gx,0.0,1,
3,val,pad_top,pad_top,231,image_block_03,fgx,gfx,0.0,1,
3,val,pad_top,pad_top,244,image_block_03,fx,gx,0.0,1,
3,val,pad_top,pad_top,244,image_block_03,fgx,gfx,0.0,1,
3,val,pad_top,pad_top,218,image_block_04,fx,gx,0.0,1,
3,val,pad_top,pad_top,218,image_block_04,fgx,gfx,0.0,1,
3,val,pad_top,pad_top,124,image_block_04,fx,gx,0.0,1,
3,val,pad_top,pad_top,124,image_block_04,fgx,gfx,0.0,1,
3,val,pad_top,pad_top,72,image_block_04,fx,gx,0.0,1,
3,val,pad_top,pad_top,72,image_block_04,fgx,gfx,0.0,1,
3,val,pad_top,pad_top,191,image_block_04,fx,gx,0.0,1,
3,val,pad_top,pad_top,191,image_block_04,fgx,gfx,0.0,1,
3,val,pad_top,pad_top,32,image_block_04,fx,gx,0.0,1,
3,val,pad_top,pad_top,32,image_block_04,fgx,gfx,0.0,1,
3,val,pad_top,pad_top,214,image_block_04,fx,gx,0.0,1,
3,val,pad_top,pad_top,214,image_block_04,fgx,gfx,0.0,1,
3,val,pad_top,pad_top,230,image_block_04,fx,gx,0.0,1,
3,val,pad_top,pad_top,230,image_block_04,fgx,gfx,0.0,1,
3,val,pad_top,pad_top,155,image_block_04,fx,gx,0.0,1,
3,val,pad_top,pad_top,155,image_block_04,fgx,gfx,0.0,1,
3,val,pad_top,pad_top,311,image_block_04,fx,gx,0.0,1,
3,val,pad_top,pad_top,311,image_block_04,fgx,gfx,0.0,1,
3,val,pad_top,pad_top,121,image_block_04,fx,gx,0.0,1,
3,val,pad_top,pad_top,121,image_block_04,fgx,gfx,0.0,1,
3,val,pad_top,pad_top,326,image_block_04,fx,gx,0.0,1,
3,val,pad_top,pad_top,326,image_block_04,fgx,gfx,0.0,1,
3,val,pad_top,pad_top,130,image_block_04,fx,gx,0.0,1,
3,val,pad_top,pad_top,130,image_block_04,fgx,gfx,0.0,1,
3,val,pad_top,pad_top,108,image_block_04,fx,gx,0.0,1,
3,val,pad_top,pad_top,108,image_block_04,fgx,gfx,0.0,1,
3,val,pad_top,pad_top,192,image_block_04,fx,gx,0.0,1,
3,val,pad_top,pad_top,192,image_block_04,fgx,gfx,0.0,1,
3,val,pad_top,pad_top,231,image_block_04,fx,gx,0.0,1,
3,val,pad_top,pad_top,231,image_block_04,fgx,gfx,0.0,1,
3,val,pad_top,pad_top,244,image_block_04,fx,gx,0.0,1,
3,val,pad_top,pad_top,244,image_block_04,fgx,gfx,0.0,1,
3,val,pad_top,pad_top,218,image_block_05,fx,gx,0.0,1,
3,val,pad_top,pad_top,218,image_block_05,fgx,gfx,0.0,1,
3,val,pad_top,pad_top,124,image_block_05,fx,gx,0.0,1,
3,val,pad_top,pad_top,124,image_block_05,fgx,gfx,0.0,1,
3,val,pad_top,pad_top,72,image_block_05,fx,gx,0.0,1,
3,val,pad_top,pad_top,72,image_block_05,fgx,gfx,0.0,1,
3,val,pad_top,pad_top,191,image_block_05,fx,gx,0.0,1,
3,val,pad_top,pad_top,191,image_block_05,fgx,gfx,0.0,1,
3,val,pad_top,pad_top,32,image_block_05,fx,gx,0.0,1,
3,val,pad_top,pad_top,32,image_block_05,fgx,gfx,0.0,1,
3,val,pad_top,pad_top,214,image_block_05,fx,gx,0.0,1,
3,val,pad_top,pad_top,214,image_block_05,fgx,gfx,0.0,1,
3,val,pad_top,pad_top,230,image_block_05,fx,gx,0.0,1,
3,val,pad_top,pad_top,230,image_block_05,fgx,gfx,0.0,1,
3,val,pad_top,pad_top,155,image_block_05,fx,gx,0.0,1,
3,val,pad_top,pad_top,155,image_block_05,fgx,gfx,0.0,1,
3,val,pad_top,pad_top,311,image_block_05,fx,gx,0.0,1,
3,val,pad_top,pad_top,311,image_block_05,fgx,gfx,0.0,1,
3,val,pad_top,pad_top,121,image_block_05,fx,gx,0.0,1,
3,val,pad_top,pad_top,121,image_block_05,fgx,gfx,0.0,1,
3,val,pad_top,pad_top,326,image_block_05,fx,gx,0.0,1,
3,val,pad_top,pad_top,326,image_block_05,fgx,gfx,0.0,1,
3,val,pad_top,pad_top,130,image_block_05,fx,gx,0.0,1,
3,val,pad_top,pad_top,130,image_block_05,fgx,gfx,0.0,1,
3,val,pad_top,pad_top,108,image_block_05,fx,gx,0.0,1,
3,val,pad_top,pad_top,108,image_block_05,fgx,gfx,0.0,1,
3,val,pad_top,pad_top,192,image_block_05,fx,gx,0.0,1,
3,val,pad_top,pad_top,192,image_block_05,fgx,gfx,0.0,1,
3,val,pad_top,pad_top,231,image_block_05,fx,gx,0.0,1,
3,val,pad_top,pad_top,231,image_block_05,fgx,gfx,0.0,1,
3,val,pad_top,pad_top,244,image_block_05,fx,gx,0.0,1,
3,val,pad_top,pad_top,244,image_block_05,fgx,gfx,0.0,1,
3,val,pad_top,pad_top,218,image_block_06,fx,gx,0.0,1,
3,val,pad_top,pad_top,218,image_block_06,fgx,gfx,0.0,1,
3,val,pad_top,pad_top,124,image_block_06,fx,gx,0.0,1,
3,val,pad_top,pad_top,124,image_block_06,fgx,gfx,0.0,1,
3,val,pad_top,pad_top,72,image_block_06,fx,gx,0.0,1,
3,val,pad_top,pad_top,72,image_block_06,fgx,gfx,0.0,1,
3,val,pad_top,pad_top,191,image_block_06,fx,gx,0.0,1,
3,val,pad_top,pad_top,191,image_block_06,fgx,gfx,0.0,1,
3,val,pad_top,pad_top,32,image_block_06,fx,gx,0.0,1,
3,val,pad_top,pad_top,32,image_block_06,fgx,gfx,0.0,1,
3,val,pad_top,pad_top,214,image_block_06,fx,gx,0.0,1,
3,val,pad_top,pad_top,214,image_block_06,fgx,gfx,0.0,1,
3,val,pad_top,pad_top,230,image_block_06,fx,gx,0.0,1,
3,val,pad_top,pad_top,230,image_block_06,fgx,gfx,0.0,1,
3,val,pad_top,pad_top,155,image_block_06,fx,gx,0.0,1,
3,val,pad_top,pad_top,155,image_block_06,fgx,gfx,0.0,1,
3,val,pad_top,pad_top,311,image_block_06,fx,gx,0.0,1,
3,val,pad_top,pad_top,311,image_block_06,fgx,gfx,0.0,1,
3,val,pad_top,pad_top,121,image_block_06,fx,gx,0.0,1,
3,val,pad_top,pad_top,121,image_block_06,fgx,gfx,0.0,1,
3,val,pad_top,pad_top,326,image_block_06,fx,gx,0.0,1,
3,val,pad_top,pad_top,326,image_block_06,fgx,gfx,0.0,1,
3,val,pad_top,pad_top,130,image_block_06,fx,gx,0.0,1,
3,val,pad_top,pad_top,130,image_block_06,fgx,gfx,0.0,1,
3,val,pad_top,pad_top,108,image_block_06,fx,gx,0.0,1,
3,val,pad_top,pad_top,108,image_block_06,fgx,gfx,0.0,1,
3,val,pad_top,pad_top,192,image_block_06,fx,gx,0.0,1,
3,val,pad_top,pad_top,192,image_block_06,fgx,gfx,0.0,1,
3,val,pad_top,pad_top,231,image_block_06,fx,gx,0.0,1,
3,val,pad_top,pad_top,231,image_block_06,fgx,gfx,0.0,1,
3,val,pad_top,pad_top,244,image_block_06,fx,gx,0.0,1,
3,val,pad_top,pad_top,244,image_block_06,fgx,gfx,0.0,1,
3,val,pad_top,pad_top,218,image_final_norm,fx,gx,0.0,1,
3,val,pad_top,pad_top,218,image_final_norm,fgx,gfx,0.0,1,
3,val,pad_top,pad_top,124,image_final_norm,fx,gx,0.0,1,
3,val,pad_top,pad_top,124,image_final_norm,fgx,gfx,0.0,1,
3,val,pad_top,pad_top,72,image_final_norm,fx,gx,0.0,1,
3,val,pad_top,pad_top,72,image_final_norm,fgx,gfx,0.0,1,
3,val,pad_top,pad_top,191,image_final_norm,fx,gx,0.0,1,
3,val,pad_top,pad_top,191,image_final_norm,fgx,gfx,0.0,1,
3,val,pad_top,pad_top,32,image_final_norm,fx,gx,0.0,1,
3,val,pad_top,pad_top,32,image_final_norm,fgx,gfx,0.0,1,
3,val,pad_top,pad_top,214,image_final_norm,fx,gx,0.0,1,
3,val,pad_top,pad_top,214,image_final_norm,fgx,gfx,0.0,1,
3,val,pad_top,pad_top,230,image_final_norm,fx,gx,0.0,1,
3,val,pad_top,pad_top,230,image_final_norm,fgx,gfx,0.0,1,
3,val,pad_top,pad_top,155,image_final_norm,fx,gx,0.0,1,
3,val,pad_top,pad_top,155,image_final_norm,fgx,gfx,0.0,1,
3,val,pad_top,pad_top,311,image_final_norm,fx,gx,0.0,1,
3,val,pad_top,pad_top,311,image_final_norm,fgx,gfx,0.0,1,
3,val,pad_top,pad_top,121,image_final_norm,fx,gx,0.0,1,
3,val,pad_top,pad_top,121,image_final_norm,fgx,gfx,0.0,1,
3,val,pad_top,pad_top,326,image_final_norm,fx,gx,0.0,1,
3,val,pad_top,pad_top,326,image_final_norm,fgx,gfx,0.0,1,
3,val,pad_top,pad_top,130,image_final_norm,fx,gx,0.0,1,
3,val,pad_top,pad_top,130,image_final_norm,fgx,gfx,0.0,1,
3,val,pad_top,pad_top,108,image_final_norm,fx,gx,0.0,1,
3,val,pad_top,pad_top,108,image_final_norm,fgx,gfx,0.0,1,
3,val,pad_top,pad_top,192,image_final_norm,fx,gx,0.0,1,
3,val,pad_top,pad_top,192,image_final_norm,fgx,gfx,0.0,1,
3,val,pad_top,pad_top,231,image_final_norm,fx,gx,0.0,1,
3,val,pad_top,pad_top,231,image_final_norm,fgx,gfx,0.0,1,
3,val,pad_top,pad_top,244,image_final_norm,fx,gx,0.0,1,
3,val,pad_top,pad_top,244,image_final_norm,fgx,gfx,0.0,1,
3,val,rot90,rot90,172,image_input_tokens,fx,gx,0.0,1,
3,val,rot90,rot90,172,image_input_tokens,fgx,gfx,0.0,1,
3,val,rot90,rot90,64,image_input_tokens,fx,gx,0.0,1,
3,val,rot90,rot90,64,image_input_tokens,fgx,gfx,0.0,1,
3,val,rot90,rot90,161,image_input_tokens,fx,gx,0.0,1,
3,val,rot90,rot90,161,image_input_tokens,fgx,gfx,0.0,1,
3,val,rot90,rot90,247,image_input_tokens,fx,gx,0.0,1,
3,val,rot90,rot90,247,image_input_tokens,fgx,gfx,0.0,1,
3,val,rot90,rot90,46,image_input_tokens,fx,gx,0.0,1,
3,val,rot90,rot90,46,image_input_tokens,fgx,gfx,0.0,1,
3,val,rot90,rot90,0,image_input_tokens,fx,gx,0.0,1,
3,val,rot90,rot90,0,image_input_tokens,fgx,gfx,0.0,1,
3,val,rot90,rot90,101,image_input_tokens,fx,gx,0.0,1,
3,val,rot90,rot90,101,image_input_tokens,fgx,gfx,0.0,1,
3,val,rot90,rot90,309,image_input_tokens,fx,gx,0.0,1,
3,val,rot90,rot90,309,image_input_tokens,fgx,gfx,0.0,1,
3,val,rot90,rot90,132,image_input_tokens,fx,gx,0.0,1,
3,val,rot90,rot90,132,image_input_tokens,fgx,gfx,0.0,1,
3,val,rot90,rot90,50,image_input_tokens,fx,gx,0.0,1,
3,val,rot90,rot90,50,image_input_tokens,fgx,gfx,0.0,1,
3,val,rot90,rot90,26,image_input_tokens,fx,gx,0.0,1,
3,val,rot90,rot90,26,image_input_tokens,fgx,gfx,0.0,1,
3,val,rot90,rot90,173,image_input_tokens,fx,gx,0.0,1,
3,val,rot90,rot90,173,image_input_tokens,fgx,gfx,0.0,1,
3,val,rot90,rot90,216,image_input_tokens,fx,gx,0.0,1,
3,val,rot90,rot90,216,image_input_tokens,fgx,gfx,0.0,1,
3,val,rot90,rot90,294,image_input_tokens,fx,gx,0.0,1,
3,val,rot90,rot90,294,image_input_tokens,fgx,gfx,0.0,1,
3,val,rot90,rot90,47,image_input_tokens,fx,gx,0.0,1,
3,val,rot90,rot90,47,image_input_tokens,fgx,gfx,0.0,1,
3,val,rot90,rot90,302,image_input_tokens,fx,gx,0.0,1,
3,val,rot90,rot90,302,image_input_tokens,fgx,gfx,0.0,1,
3,val,rot90,rot90,172,image_block_01,fx,gx,0.0,1,
3,val,rot90,rot90,172,image_block_01,fgx,gfx,0.0,1,
3,val,rot90,rot90,64,image_block_01,fx,gx,0.0,1,
3,val,rot90,rot90,64,image_block_01,fgx,gfx,0.0,1,
3,val,rot90,rot90,161,image_block_01,fx,gx,0.0,1,
3,val,rot90,rot90,161,image_block_01,fgx,gfx,0.0,1,
3,val,rot90,rot90,247,image_block_01,fx,gx,0.0,1,
3,val,rot90,rot90,247,image_block_01,fgx,gfx,0.0,1,
3,val,rot90,rot90,46,image_block_01,fx,gx,0.0,1,
3,val,rot90,rot90,46,image_block_01,fgx,gfx,0.0,1,
3,val,rot90,rot90,0,image_block_01,fx,gx,0.0,1,
3,val,rot90,rot90,0,image_block_01,fgx,gfx,0.0,1,
3,val,rot90,rot90,101,image_block_01,fx,gx,0.0,1,
3,val,rot90,rot90,101,image_block_01,fgx,gfx,0.0,1,
3,val,rot90,rot90,309,image_block_01,fx,gx,0.0,1,
3,val,rot90,rot90,309,image_block_01,fgx,gfx,0.0,1,
3,val,rot90,rot90,132,image_block_01,fx,gx,0.0,1,
3,val,rot90,rot90,132,image_block_01,fgx,gfx,0.0,1,
3,val,rot90,rot90,50,image_block_01,fx,gx,0.0,1,
3,val,rot90,rot90,50,image_block_01,fgx,gfx,0.0,1,
3,val,rot90,rot90,26,image_block_01,fx,gx,0.0,1,
3,val,rot90,rot90,26,image_block_01,fgx,gfx,0.0,1,
3,val,rot90,rot90,173,image_block_01,fx,gx,0.0,1,
3,val,rot90,rot90,173,image_block_01,fgx,gfx,0.0,1,
3,val,rot90,rot90,216,image_block_01,fx,gx,0.0,1,
3,val,rot90,rot90,216,image_block_01,fgx,gfx,0.0,1,
3,val,rot90,rot90,294,image_block_01,fx,gx,0.0,1,
3,val,rot90,rot90,294,image_block_01,fgx,gfx,0.0,1,
3,val,rot90,rot90,47,image_block_01,fx,gx,0.0,1,
3,val,rot90,rot90,47,image_block_01,fgx,gfx,0.0,1,
3,val,rot90,rot90,302,image_block_01,fx,gx,0.0,1,
3,val,rot90,rot90,302,image_block_01,fgx,gfx,0.0,1,
3,val,rot90,rot90,172,image_block_02,fx,gx,0.0,1,
3,val,rot90,rot90,172,image_block_02,fgx,gfx,0.0,1,
3,val,rot90,rot90,64,image_block_02,fx,gx,0.0,1,
3,val,rot90,rot90,64,image_block_02,fgx,gfx,0.0,1,
3,val,rot90,rot90,161,image_block_02,fx,gx,0.0,1,
3,val,rot90,rot90,161,image_block_02,fgx,gfx,0.0,1,
3,val,rot90,rot90,247,image_block_02,fx,gx,0.0,1,
3,val,rot90,rot90,247,image_block_02,fgx,gfx,0.0,1,
3,val,rot90,rot90,46,image_block_02,fx,gx,0.0,1,
3,val,rot90,rot90,46,image_block_02,fgx,gfx,0.0,1,
3,val,rot90,rot90,0,image_block_02,fx,gx,0.0,1,
3,val,rot90,rot90,0,image_block_02,fgx,gfx,0.0,1,
3,val,rot90,rot90,101,image_block_02,fx,gx,0.0,1,
3,val,rot90,rot90,101,image_block_02,fgx,gfx,0.0,1,
3,val,rot90,rot90,309,image_block_02,fx,gx,0.0,1,
3,val,rot90,rot90,309,image_block_02,fgx,gfx,0.0,1,
3,val,rot90,rot90,132,image_block_02,fx,gx,0.0,1,
3,val,rot90,rot90,132,image_block_02,fgx,gfx,0.0,1,
3,val,rot90,rot90,50,image_block_02,fx,gx,0.0,1,
3,val,rot90,rot90,50,image_block_02,fgx,gfx,0.0,1,
3,val,rot90,rot90,26,image_block_02,fx,gx,0.0,1,
3,val,rot90,rot90,26,image_block_02,fgx,gfx,0.0,1,
3,val,rot90,rot90,173,image_block_02,fx,gx,0.0,1,
3,val,rot90,rot90,173,image_block_02,fgx,gfx,0.0,1,
3,val,rot90,rot90,216,image_block_02,fx,gx,0.0,1,
3,val,rot90,rot90,216,image_block_02,fgx,gfx,0.0,1,
3,val,rot90,rot90,294,image_block_02,fx,gx,0.0,1,
3,val,rot90,rot90,294,image_block_02,fgx,gfx,0.0,1,
3,val,rot90,rot90,47,image_block_02,fx,gx,0.0,1,
3,val,rot90,rot90,47,image_block_02,fgx,gfx,0.0,1,
3,val,rot90,rot90,302,image_block_02,fx,gx,0.0,1,
3,val,rot90,rot90,302,image_block_02,fgx,gfx,0.0,1,
3,val,rot90,rot90,172,image_block_03,fx,gx,0.0,1,
3,val,rot90,rot90,172,image_block_03,fgx,gfx,0.0,1,
3,val,rot90,rot90,64,image_block_03,fx,gx,0.0,1,
3,val,rot90,rot90,64,image_block_03,fgx,gfx,0.0,1,
3,val,rot90,rot90,161,image_block_03,fx,gx,0.0,1,
3,val,rot90,rot90,161,image_block_03,fgx,gfx,0.0,1,
3,val,rot90,rot90,247,image_block_03,fx,gx,0.0,1,
3,val,rot90,rot90,247,image_block_03,fgx,gfx,0.0,1,
3,val,rot90,rot90,46,image_block_03,fx,gx,0.0,1,
3,val,rot90,rot90,46,image_block_03,fgx,gfx,0.0,1,
3,val,rot90,rot90,0,image_block_03,fx,gx,0.0,1,
3,val,rot90,rot90,0,image_block_03,fgx,gfx,0.0,1,
3,val,rot90,rot90,101,image_block_03,fx,gx,0.0,1,
3,val,rot90,rot90,101,image_block_03,fgx,gfx,0.0,1,
3,val,rot90,rot90,309,image_block_03,fx,gx,0.0,1,
3,val,rot90,rot90,309,image_block_03,fgx,gfx,0.0,1,
3,val,rot90,rot90,132,image_block_03,fx,gx,0.0,1,
3,val,rot90,rot90,132,image_block_03,fgx,gfx,0.0,1,
3,val,rot90,rot90,50,image_block_03,fx,gx,0.0,1,
3,val,rot90,rot90,50,image_block_03,fgx,gfx,0.0,1,
3,val,rot90,rot90,26,image_block_03,fx,gx,0.0,1,
3,val,rot90,rot90,26,image_block_03,fgx,gfx,0.0,1,
3,val,rot90,rot90,173,image_block_03,fx,gx,0.0,1,
3,val,rot90,rot90,173,image_block_03,fgx,gfx,0.0,1,
3,val,rot90,rot90,216,image_block_03,fx,gx,0.0,1,
3,val,rot90,rot90,216,image_block_03,fgx,gfx,0.0,1,
3,val,rot90,rot90,294,image_block_03,fx,gx,0.0,1,
3,val,rot90,rot90,294,image_block_03,fgx,gfx,0.0,1,
3,val,rot90,rot90,47,image_block_03,fx,gx,0.0,1,
3,val,rot90,rot90,47,image_block_03,fgx,gfx,0.0,1,
3,val,rot90,rot90,302,image_block_03,fx,gx,0.0,1,
3,val,rot90,rot90,302,image_block_03,fgx,gfx,0.0,1,
3,val,rot90,rot90,172,image_block_04,fx,gx,0.0,1,
3,val,rot90,rot90,172,image_block_04,fgx,gfx,0.0,1,
3,val,rot90,rot90,64,image_block_04,fx,gx,0.0,1,
3,val,rot90,rot90,64,image_block_04,fgx,gfx,0.0,1,
3,val,rot90,rot90,161,image_block_04,fx,gx,0.0,1,
3,val,rot90,rot90,161,image_block_04,fgx,gfx,0.0,1,
3,val,rot90,rot90,247,image_block_04,fx,gx,0.0,1,
3,val,rot90,rot90,247,image_block_04,fgx,gfx,0.0,1,
3,val,rot90,rot90,46,image_block_04,fx,gx,0.0,1,
3,val,rot90,rot90,46,image_block_04,fgx,gfx,0.0,1,
3,val,rot90,rot90,0,image_block_04,fx,gx,0.0,1,
3,val,rot90,rot90,0,image_block_04,fgx,gfx,0.0,1,
3,val,rot90,rot90,101,image_block_04,fx,gx,0.0,1,
3,val,rot90,rot90,101,image_block_04,fgx,gfx,0.0,1,
3,val,rot90,rot90,309,image_block_04,fx,gx,0.0,1,
3,val,rot90,rot90,309,image_block_04,fgx,gfx,0.0,1,
3,val,rot90,rot90,132,image_block_04,fx,gx,0.0,1,
3,val,rot90,rot90,132,image_block_04,fgx,gfx,0.0,1,
3,val,rot90,rot90,50,image_block_04,fx,gx,0.0,1,
3,val,rot90,rot90,50,image_block_04,fgx,gfx,0.0,1,
3,val,rot90,rot90,26,image_block_04,fx,gx,0.0,1,
3,val,rot90,rot90,26,image_block_04,fgx,gfx,0.0,1,
3,val,rot90,rot90,173,image_block_04,fx,gx,0.0,1,
3,val,rot90,rot90,173,image_block_04,fgx,gfx,0.0,1,
3,val,rot90,rot90,216,image_block_04,fx,gx,0.0,1,
3,val,rot90,rot90,216,image_block_04,fgx,gfx,0.0,1,
3,val,rot90,rot90,294,image_block_04,fx,gx,0.0,1,
3,val,rot90,rot90,294,image_block_04,fgx,gfx,0.0,1,
3,val,rot90,rot90,47,image_block_04,fx,gx,0.0,1,
3,val,rot90,rot90,47,image_block_04,fgx,gfx,0.0,1,
3,val,rot90,rot90,302,image_block_04,fx,gx,0.0,1,
3,val,rot90,rot90,302,image_block_04,fgx,gfx,0.0,1,
3,val,rot90,rot90,172,image_block_05,fx,gx,0.0,1,
3,val,rot90,rot90,172,image_block_05,fgx,gfx,0.0,1,
3,val,rot90,rot90,64,image_block_05,fx,gx,0.0,1,
3,val,rot90,rot90,64,image_block_05,fgx,gfx,0.0,1,
3,val,rot90,rot90,161,image_block_05,fx,gx,0.0,1,
3,val,rot90,rot90,161,image_block_05,fgx,gfx,0.0,1,
3,val,rot90,rot90,247,image_block_05,fx,gx,0.0,1,
3,val,rot90,rot90,247,image_block_05,fgx,gfx,0.0,1,
3,val,rot90,rot90,46,image_block_05,fx,gx,0.0,1,
3,val,rot90,rot90,46,image_block_05,fgx,gfx,0.0,1,
3,val,rot90,rot90,0,image_block_05,fx,gx,0.0,1,
3,val,rot90,rot90,0,image_block_05,fgx,gfx,0.0,1,
3,val,rot90,rot90,101,image_block_05,fx,gx,0.0,1,
3,val,rot90,rot90,101,image_block_05,fgx,gfx,0.0,1,
3,val,rot90,rot90,309,image_block_05,fx,gx,0.0,1,
3,val,rot90,rot90,309,image_block_05,fgx,gfx,0.0,1,
3,val,rot90,rot90,132,image_block_05,fx,gx,0.0,1,
3,val,rot90,rot90,132,image_block_05,fgx,gfx,0.0,1,
3,val,rot90,rot90,50,image_block_05,fx,gx,0.0,1,
3,val,rot90,rot90,50,image_block_05,fgx,gfx,0.0,1,
3,val,rot90,rot90,26,image_block_05,fx,gx,0.0,1,
3,val,rot90,rot90,26,image_block_05,fgx,gfx,0.0,1,
3,val,rot90,rot90,173,image_block_05,fx,gx,0.0,1,
3,val,rot90,rot90,173,image_block_05,fgx,gfx,0.0,1,
3,val,rot90,rot90,216,image_block_05,fx,gx,0.0,1,
3,val,rot90,rot90,216,image_block_05,fgx,gfx,0.0,1,
3,val,rot90,rot90,294,image_block_05,fx,gx,0.0,1,
3,val,rot90,rot90,294,image_block_05,fgx,gfx,0.0,1,
3,val,rot90,rot90,47,image_block_05,fx,gx,0.0,1,
3,val,rot90,rot90,47,image_block_05,fgx,gfx,0.0,1,
3,val,rot90,rot90,302,image_block_05,fx,gx,0.0,1,
3,val,rot90,rot90,302,image_block_05,fgx,gfx,0.0,1,
3,val,rot90,rot90,172,image_block_06,fx,gx,0.0,1,
3,val,rot90,rot90,172,image_block_06,fgx,gfx,0.0,1,
3,val,rot90,rot90,64,image_block_06,fx,gx,0.0,1,
3,val,rot90,rot90,64,image_block_06,fgx,gfx,0.0,1,
3,val,rot90,rot90,161,image_block_06,fx,gx,0.0,1,
3,val,rot90,rot90,161,image_block_06,fgx,gfx,0.0,1,
3,val,rot90,rot90,247,image_block_06,fx,gx,0.0,1,
3,val,rot90,rot90,247,image_block_06,fgx,gfx,0.0,1,
3,val,rot90,rot90,46,image_block_06,fx,gx,0.0,1,
3,val,rot90,rot90,46,image_block_06,fgx,gfx,0.0,1,
3,val,rot90,rot90,0,image_block_06,fx,gx,0.0,1,
3,val,rot90,rot90,0,image_block_06,fgx,gfx,0.0,1,
3,val,rot90,rot90,101,image_block_06,fx,gx,0.0,1,
3,val,rot90,rot90,101,image_block_06,fgx,gfx,0.0,1,
3,val,rot90,rot90,309,image_block_06,fx,gx,0.0,1,
3,val,rot90,rot90,309,image_block_06,fgx,gfx,0.0,1,
3,val,rot90,rot90,132,image_block_06,fx,gx,0.0,1,
3,val,rot90,rot90,132,image_block_06,fgx,gfx,0.0,1,
3,val,rot90,rot90,50,image_block_06,fx,gx,0.0,1,
3,val,rot90,rot90,50,image_block_06,fgx,gfx,0.0,1,
3,val,rot90,rot90,26,image_block_06,fx,gx,0.0,1,
3,val,rot90,rot90,26,image_block_06,fgx,gfx,0.0,1,
3,val,rot90,rot90,173,image_block_06,fx,gx,0.0,1,
3,val,rot90,rot90,173,image_block_06,fgx,gfx,0.0,1,
3,val,rot90,rot90,216,image_block_06,fx,gx,0.0,1,
3,val,rot90,rot90,216,image_block_06,fgx,gfx,0.0,1,
3,val,rot90,rot90,294,image_block_06,fx,gx,0.0,1,
3,val,rot90,rot90,294,image_block_06,fgx,gfx,0.0,1,
3,val,rot90,rot90,47,image_block_06,fx,gx,0.0,1,
3,val,rot90,rot90,47,image_block_06,fgx,gfx,0.0,1,
3,val,rot90,rot90,302,image_block_06,fx,gx,0.0,1,
3,val,rot90,rot90,302,image_block_06,fgx,gfx,0.0,1,
3,val,rot90,rot90,172,image_final_norm,fx,gx,0.0,1,
3,val,rot90,rot90,172,image_final_norm,fgx,gfx,0.0,1,
3,val,rot90,rot90,64,image_final_norm,fx,gx,0.0,1,
3,val,rot90,rot90,64,image_final_norm,fgx,gfx,0.0,1,
3,val,rot90,rot90,161,image_final_norm,fx,gx,0.0,1,
3,val,rot90,rot90,161,image_final_norm,fgx,gfx,0.0,1,
3,val,rot90,rot90,247,image_final_norm,fx,gx,0.0,1,
3,val,rot90,rot90,247,image_final_norm,fgx,gfx,0.0,1,
3,val,rot90,rot90,46,image_final_norm,fx,gx,0.0,1,
3,val,rot90,rot90,46,image_final_norm,fgx,gfx,0.0,1,
3,val,rot90,rot90,0,image_final_norm,fx,gx,0.0,1,
3,val,rot90,rot90,0,image_final_norm,fgx,gfx,0.0,1,
3,val,rot90,rot90,101,image_final_norm,fx,gx,0.0,1,
3,val,rot90,rot90,101,image_final_norm,fgx,gfx,0.0,1,
3,val,rot90,rot90,309,image_final_norm,fx,gx,0.0,1,
3,val,rot90,rot90,309,image_final_norm,fgx,gfx,0.0,1,
3,val,rot90,rot90,132,image_final_norm,fx,gx,0.0,1,
3,val,rot90,rot90,132,image_final_norm,fgx,gfx,0.0,1,
3,val,rot90,rot90,50,image_final_norm,fx,gx,0.0,1,
3,val,rot90,rot90,50,image_final_norm,fgx,gfx,0.0,1,
3,val,rot90,rot90,26,image_final_norm,fx,gx,0.0,1,
3,val,rot90,rot90,26,image_final_norm,fgx,gfx,0.0,1,
3,val,rot90,rot90,173,image_final_norm,fx,gx,0.0,1,
3,val,rot90,rot90,173,image_final_norm,fgx,gfx,0.0,1,
3,val,rot90,rot90,216,image_final_norm,fx,gx,0.0,1,
3,val,rot90,rot90,216,image_final_norm,fgx,gfx,0.0,1,
3,val,rot90,rot90,294,image_final_norm,fx,gx,0.0,1,
3,val,rot90,rot90,294,image_final_norm,fgx,gfx,0.0,1,
3,val,rot90,rot90,47,image_final_norm,fx,gx,0.0,1,
3,val,rot90,rot90,47,image_final_norm,fgx,gfx,0.0,1,
3,val,rot90,rot90,302,image_final_norm,fx,gx,0.0,1,
3,val,rot90,rot90,302,image_final_norm,fgx,gfx,0.0,1,
3,val,rot90,rot90,131,image_input_tokens,fx,gx,0.0,1,
3,val,rot90,rot90,131,image_input_tokens,fgx,gfx,0.0,1,
3,val,rot90,rot90,174,image_input_tokens,fx,gx,0.0,1,
3,val,rot90,rot90,174,image_input_tokens,fgx,gfx,0.0,1,
3,val,rot90,rot90,56,image_input_tokens,fx,gx,0.0,1,
3,val,rot90,rot90,56,image_input_tokens,fgx,gfx,0.0,1,
3,val,rot90,rot90,146,image_input_tokens,x,fgx,0.0226843821848463,0,1
3,val,rot90,rot90,146,image_input_tokens,x,gfx,0.0226843821848463,0,1
3,val,rot90,rot90,146,image_input_tokens,fx,gx,0.0,1,
3,val,rot90,rot90,146,image_input_tokens,fgx,gfx,0.0,1,
3,val,rot90,rot90,165,image_input_tokens,fx,gx,0.0,1,
3,val,rot90,rot90,165,image_input_tokens,fgx,gfx,0.0,1,
3,val,rot90,rot90,203,image_input_tokens,fx,gx,0.0,1,
3,val,rot90,rot90,203,image_input_tokens,fgx,gfx,0.0,1,
3,val,rot90,rot90,150,image_input_tokens,fx,gx,0.0,1,
3,val,rot90,rot90,150,image_input_tokens,fgx,gfx,0.0,1,
3,val,rot90,rot90,77,image_input_tokens,fx,gx,0.0,1,
3,val,rot90,rot90,77,image_input_tokens,fgx,gfx,0.0,1,
3,val,rot90,rot90,248,image_input_tokens,fx,gx,0.0,1,
3,val,rot90,rot90,248,image_input_tokens,fgx,gfx,0.0,1,
3,val,rot90,rot90,19,image_input_tokens,fx,gx,0.0,1,
3,val,rot90,rot90,19,image_input_tokens,fgx,gfx,0.0,1,
3,val,rot90,rot90,98,image_input_tokens,fx,gx,0.0,1,
3,val,rot90,rot90,98,image_input_tokens,fgx,gfx,0.0,1,
3,val,rot90,rot90,332,image_input_tokens,fx,gx,0.0,1,
3,val,rot90,rot90,332,image_input_tokens,fgx,gfx,0.0,1,
3,val,rot90,rot90,260,image_input_tokens,fx,gx,0.0,1,
3,val,rot90,rot90,260,image_input_tokens,fgx,gfx,0.0,1,
3,val,rot90,rot90,266,image_input_tokens,fx,gx,0.0,1,
3,val,rot90,rot90,266,image_input_tokens,fgx,gfx,0.0,1,
3,val,rot90,rot90,82,image_input_tokens,fx,gx,0.0,1,
3,val,rot90,rot90,82,image_input_tokens,fgx,gfx,0.0,1,
3,val,rot90,rot90,228,image_input_tokens,x,fgx,0.05037205923811224,0,0
3,val,rot90,rot90,228,image_input_tokens,x,gfx,0.05037205923811224,0,0
3,val,rot90,rot90,228,image_input_tokens,fx,gx,0.0,1,
3,val,rot90,rot90,228,image_input_tokens,fgx,gfx,0.0,1,
3,val,rot90,rot90,131,image_block_01,fx,gx,0.0,1,
3,val,rot90,rot90,131,image_block_01,fgx,gfx,0.0,1,
3,val,rot90,rot90,174,image_block_01,fx,gx,0.0,1,
3,val,rot90,rot90,174,image_block_01,fgx,gfx,0.0,1,
3,val,rot90,rot90,56,image_block_01,fx,gx,0.0,1,
3,val,rot90,rot90,56,image_block_01,fgx,gfx,0.0,1,
3,val,rot90,rot90,146,image_block_01,x,fgx,0.07633878053078887,0,0
3,val,rot90,rot90,146,image_block_01,x,gfx,0.07633878053078887,0,0
3,val,rot90,rot90,146,image_block_01,fx,gx,0.0,1,
3,val,rot90,rot90,146,image_block_01,fgx,gfx,0.0,1,
3,val,rot90,rot90,165,image_block_01,fx,gx,0.0,1,
3,val,rot90,rot90,165,image_block_01,fgx,gfx,0.0,1,
3,val,rot90,rot90,203,image_block_01,fx,gx,0.0,1,
3,val,rot90,rot90,203,image_block_01,fgx,gfx,0.0,1,
3,val,rot90,rot90,150,image_block_01,fx,gx,0.0,1,
3,val,rot90,rot90,150,image_block_01,fgx,gfx,0.0,1,
3,val,rot90,rot90,77,image_block_01,fx,gx,0.0,1,
3,val,rot90,rot90,77,image_block_01,fgx,gfx,0.0,1,
3,val,rot90,rot90,248,image_block_01,fx,gx,0.0,1,
3,val,rot90,rot90,248,image_block_01,fgx,gfx,0.0,1,
3,val,rot90,rot90,19,image_block_01,fx,gx,0.0,1,
3,val,rot90,rot90,19,image_block_01,fgx,gfx,0.0,1,
3,val,rot90,rot90,98,image_block_01,fx,gx,0.0,1,
3,val,rot90,rot90,98,image_block_01,fgx,gfx,0.0,1,
3,val,rot90,rot90,332,image_block_01,fx,gx,0.0,1,
3,val,rot90,rot90,332,image_block_01,fgx,gfx,0.0,1,
3,val,rot90,rot90,260,image_block_01,fx,gx,0.0,1,
3,val,rot90,rot90,260,image_block_01,fgx,gfx,0.0,1,
3,val,rot90,rot90,266,image_block_01,fx,gx,0.0,1,
3,val,rot90,rot90,266,image_block_01,fgx,gfx,0.0,1,
3,val,rot90,rot90,82,image_block_01,fx,gx,0.0,1,
3,val,rot90,rot90,82,image_block_01,fgx,gfx,0.0,1,
3,val,rot90,rot90,228,image_block_01,x,fgx,0.16179040710620515,0,0
3,val,rot90,rot90,228,image_block_01,x,gfx,0.16179040710620515,0,0
3,val,rot90,rot90,228,image_block_01,fx,gx,0.0,1,
3,val,rot90,rot90,228,image_block_01,fgx,gfx,0.0,1,
3,val,rot90,rot90,131,image_block_02,fx,gx,0.0,1,
3,val,rot90,rot90,131,image_block_02,fgx,gfx,0.0,1,
3,val,rot90,rot90,174,image_block_02,fx,gx,0.0,1,
3,val,rot90,rot90,174,image_block_02,fgx,gfx,0.0,1,
3,val,rot90,rot90,56,image_block_02,fx,gx,0.0,1,
3,val,rot90,rot90,56,image_block_02,fgx,gfx,0.0,1,
3,val,rot90,rot90,146,image_block_02,x,fgx,0.174102283961941,0,0
3,val,rot90,rot90,146,image_block_02,x,gfx,0.174102283961941,0,0
3,val,rot90,rot90,146,image_block_02,fx,gx,0.0,1,
3,val,rot90,rot90,146,image_block_02,fgx,gfx,0.0,1,
3,val,rot90,rot90,165,image_block_02,fx,gx,0.0,1,
3,val,rot90,rot90,165,image_block_02,fgx,gfx,0.0,1,
3,val,rot90,rot90,203,image_block_02,fx,gx,0.0,1,
3,val,rot90,rot90,203,image_block_02,fgx,gfx,0.0,1,
3,val,rot90,rot90,150,image_block_02,fx,gx,0.0,1,
3,val,rot90,rot90,150,image_block_02,fgx,gfx,0.0,1,
3,val,rot90,rot90,77,image_block_02,fx,gx,0.0,1,
3,val,rot90,rot90,77,image_block_02,fgx,gfx,0.0,1,
3,val,rot90,rot90,248,image_block_02,fx,gx,0.0,1,
3,val,rot90,rot90,248,image_block_02,fgx,gfx,0.0,1,
3,val,rot90,rot90,19,image_block_02,fx,gx,0.0,1,
3,val,rot90,rot90,19,image_block_02,fgx,gfx,0.0,1,
3,val,rot90,rot90,98,image_block_02,fx,gx,0.0,1,
3,val,rot90,rot90,98,image_block_02,fgx,gfx,0.0,1,
3,val,rot90,rot90,332,image_block_02,fx,gx,0.0,1,
3,val,rot90,rot90,332,image_block_02,fgx,gfx,0.0,1,
3,val,rot90,rot90,260,image_block_02,fx,gx,0.0,1,
3,val,rot90,rot90,260,image_block_02,fgx,gfx,0.0,1,
3,val,rot90,rot90,266,image_block_02,fx,gx,0.0,1,
3,val,rot90,rot90,266,image_block_02,fgx,gfx,0.0,1,
3,val,rot90,rot90,82,image_block_02,fx,gx,0.0,1,
3,val,rot90,rot90,82,image_block_02,fgx,gfx,0.0,1,
3,val,rot90,rot90,228,image_block_02,x,fgx,0.22065997043100766,0,0
3,val,rot90,rot90,228,image_block_02,x,gfx,0.22065997043100766,0,0
3,val,rot90,rot90,228,image_block_02,fx,gx,0.0,1,
3,val,rot90,rot90,228,image_block_02,fgx,gfx,0.0,1,
3,val,rot90,rot90,131,image_block_03,fx,gx,0.0,1,
3,val,rot90,rot90,131,image_block_03,fgx,gfx,0.0,1,
3,val,rot90,rot90,174,image_block_03,fx,gx,0.0,1,
3,val,rot90,rot90,174,image_block_03,fgx,gfx,0.0,1,
3,val,rot90,rot90,56,image_block_03,fx,gx,0.0,1,
3,val,rot90,rot90,56,image_block_03,fgx,gfx,0.0,1,
3,val,rot90,rot90,146,image_block_03,x,fgx,0.1982519406333322,0,0
3,val,rot90,rot90,146,image_block_03,x,gfx,0.1982519406333322,0,0
3,val,rot90,rot90,146,image_block_03,fx,gx,0.0,1,
3,val,rot90,rot90,146,image_block_03,fgx,gfx,0.0,1,
3,val,rot90,rot90,165,image_block_03,fx,gx,0.0,1,
3,val,rot90,rot90,165,image_block_03,fgx,gfx,0.0,1,
3,val,rot90,rot90,203,image_block_03,fx,gx,0.0,1,
3,val,rot90,rot90,203,image_block_03,fgx,gfx,0.0,1,
3,val,rot90,rot90,150,image_block_03,fx,gx,0.0,1,
3,val,rot90,rot90,150,image_block_03,fgx,gfx,0.0,1,
3,val,rot90,rot90,77,image_block_03,fx,gx,0.0,1,
3,val,rot90,rot90,77,image_block_03,fgx,gfx,0.0,1,
3,val,rot90,rot90,248,image_block_03,fx,gx,0.0,1,
3,val,rot90,rot90,248,image_block_03,fgx,gfx,0.0,1,
3,val,rot90,rot90,19,image_block_03,fx,gx,0.0,1,
3,val,rot90,rot90,19,image_block_03,fgx,gfx,0.0,1,
3,val,rot90,rot90,98,image_block_03,fx,gx,0.0,1,
3,val,rot90,rot90,98,image_block_03,fgx,gfx,0.0,1,
3,val,rot90,rot90,332,image_block_03,fx,gx,0.0,1,
3,val,rot90,rot90,332,image_block_03,fgx,gfx,0.0,1,
3,val,rot90,rot90,260,image_block_03,fx,gx,0.0,1,
3,val,rot90,rot90,260,image_block_03,fgx,gfx,0.0,1,
3,val,rot90,rot90,266,image_block_03,fx,gx,0.0,1,
3,val,rot90,rot90,266,image_block_03,fgx,gfx,0.0,1,
3,val,rot90,rot90,82,image_block_03,fx,gx,0.0,1,
3,val,rot90,rot90,82,image_block_03,fgx,gfx,0.0,1,
3,val,rot90,rot90,228,image_block_03,x,fgx,0.2540544680789702,0,0
3,val,rot90,rot90,228,image_block_03,x,gfx,0.2540544680789702,0,0
3,val,rot90,rot90,228,image_block_03,fx,gx,0.0,1,
3,val,rot90,rot90,228,image_block_03,fgx,gfx,0.0,1,
3,val,rot90,rot90,131,image_block_04,fx,gx,0.0,1,
3,val,rot90,rot90,131,image_block_04,fgx,gfx,0.0,1,
3,val,rot90,rot90,174,image_block_04,fx,gx,0.0,1,
3,val,rot90,rot90,174,image_block_04,fgx,gfx,0.0,1,
3,val,rot90,rot90,56,image_block_04,fx,gx,0.0,1,
3,val,rot90,rot90,56,image_block_04,fgx,gfx,0.0,1,
3,val,rot90,rot90,146,image_block_04,x,fgx,0.18350153186551524,0,0
3,val,rot90,rot90,146,image_block_04,x,gfx,0.18350153186551524,0,0
3,val,rot90,rot90,146,image_block_04,fx,gx,0.0,1,
3,val,rot90,rot90,146,image_block_04,fgx,gfx,0.0,1,
3,val,rot90,rot90,165,image_block_04,fx,gx,0.0,1,
3,val,rot90,rot90,165,image_block_04,fgx,gfx,0.0,1,
3,val,rot90,rot90,203,image_block_04,fx,gx,0.0,1,
3,val,rot90,rot90,203,image_block_04,fgx,gfx,0.0,1,
3,val,rot90,rot90,150,image_block_04,fx,gx,0.0,1,
3,val,rot90,rot90,150,image_block_04,fgx,gfx,0.0,1,
3,val,rot90,rot90,77,image_block_04,fx,gx,0.0,1,
3,val,rot90,rot90,77,image_block_04,fgx,gfx,0.0,1,
3,val,rot90,rot90,248,image_block_04,fx,gx,0.0,1,
3,val,rot90,rot90,248,image_block_04,fgx,gfx,0.0,1,
3,val,rot90,rot90,19,image_block_04,fx,gx,0.0,1,
3,val,rot90,rot90,19,image_block_04,fgx,gfx,0.0,1,
3,val,rot90,rot90,98,image_block_04,fx,gx,0.0,1,
3,val,rot90,rot90,98,image_block_04,fgx,gfx,0.0,1,
3,val,rot90,rot90,332,image_block_04,fx,gx,0.0,1,
3,val,rot90,rot90,332,image_block_04,fgx,gfx,0.0,1,
3,val,rot90,rot90,260,image_block_04,fx,gx,0.0,1,
3,val,rot90,rot90,260,image_block_04,fgx,gfx,0.0,1,
3,val,rot90,rot90,266,image_block_04,fx,gx,0.0,1,
3,val,rot90,rot90,266,image_block_04,fgx,gfx,0.0,1,
3,val,rot90,rot90,82,image_block_04,fx,gx,0.0,1,
3,val,rot90,rot90,82,image_block_04,fgx,gfx,0.0,1,
3,val,rot90,rot90,228,image_block_04,x,fgx,0.23395076229217002,0,0
3,val,rot90,rot90,228,image_block_04,x,gfx,0.23395076229217002,0,0
3,val,rot90,rot90,228,image_block_04,fx,gx,0.0,1,
3,val,rot90,rot90,228,image_block_04,fgx,gfx,0.0,1,
3,val,rot90,rot90,131,image_block_05,fx,gx,0.0,1,
3,val,rot90,rot90,131,image_block_05,fgx,gfx,0.0,1,
3,val,rot90,rot90,174,image_block_05,fx,gx,0.0,1,
3,val,rot90,rot90,174,image_block_05,fgx,gfx,0.0,1,
3,val,rot90,rot90,56,image_block_05,fx,gx,0.0,1,
3,val,rot90,rot90,56,image_block_05,fgx,gfx,0.0,1,
3,val,rot90,rot90,146,image_block_05,x,fgx,0.21805991346659903,0,0
3,val,rot90,rot90,146,image_block_05,x,gfx,0.21805991346659903,0,0
3,val,rot90,rot90,146,image_block_05,fx,gx,0.0,1,
3,val,rot90,rot90,146,image_block_05,fgx,gfx,0.0,1,
3,val,rot90,rot90,165,image_block_05,fx,gx,0.0,1,
3,val,rot90,rot90,165,image_block_05,fgx,gfx,0.0,1,
3,val,rot90,rot90,203,image_block_05,fx,gx,0.0,1,
3,val,rot90,rot90,203,image_block_05,fgx,gfx,0.0,1,
3,val,rot90,rot90,150,image_block_05,fx,gx,0.0,1,
3,val,rot90,rot90,150,image_block_05,fgx,gfx,0.0,1,
3,val,rot90,rot90,77,image_block_05,fx,gx,0.0,1,
3,val,rot90,rot90,77,image_block_05,fgx,gfx,0.0,1,
3,val,rot90,rot90,248,image_block_05,fx,gx,0.0,1,
3,val,rot90,rot90,248,image_block_05,fgx,gfx,0.0,1,
3,val,rot90,rot90,19,image_block_05,fx,gx,0.0,1,
3,val,rot90,rot90,19,image_block_05,fgx,gfx,0.0,1,
3,val,rot90,rot90,98,image_block_05,fx,gx,0.0,1,
3,val,rot90,rot90,98,image_block_05,fgx,gfx,0.0,1,
3,val,rot90,rot90,332,image_block_05,fx,gx,0.0,1,
3,val,rot90,rot90,332,image_block_05,fgx,gfx,0.0,1,
3,val,rot90,rot90,260,image_block_05,fx,gx,0.0,1,
3,val,rot90,rot90,260,image_block_05,fgx,gfx,0.0,1,
3,val,rot90,rot90,266,image_block_05,fx,gx,0.0,1,
3,val,rot90,rot90,266,image_block_05,fgx,gfx,0.0,1,
3,val,rot90,rot90,82,image_block_05,fx,gx,0.0,1,
3,val,rot90,rot90,82,image_block_05,fgx,gfx,0.0,1,
3,val,rot90,rot90,228,image_block_05,x,fgx,0.2942450289350893,0,0
3,val,rot90,rot90,228,image_block_05,x,gfx,0.2942450289350893,0,0
3,val,rot90,rot90,228,image_block_05,fx,gx,0.0,1,
3,val,rot90,rot90,228,image_block_05,fgx,gfx,0.0,1,
3,val,rot90,rot90,131,image_block_06,fx,gx,0.0,1,
3,val,rot90,rot90,131,image_block_06,fgx,gfx,0.0,1,
3,val,rot90,rot90,174,image_block_06,fx,gx,0.0,1,
3,val,rot90,rot90,174,image_block_06,fgx,gfx,0.0,1,
3,val,rot90,rot90,56,image_block_06,fx,gx,0.0,1,
3,val,rot90,rot90,56,image_block_06,fgx,gfx,0.0,1,
3,val,rot90,rot90,146,image_block_06,x,fgx,0.25700077035969365,0,0
3,val,rot90,rot90,146,image_block_06,x,gfx,0.25700077035969365,0,0
3,val,rot90,rot90,146,image_block_06,fx,gx,0.0,1,
3,val,rot90,rot90,146,image_block_06,fgx,gfx,0.0,1,
3,val,rot90,rot90,165,image_block_06,fx,gx,0.0,1,
3,val,rot90,rot90,165,image_block_06,fgx,gfx,0.0,1,
3,val,rot90,rot90,203,image_block_06,fx,gx,0.0,1,
3,val,rot90,rot90,203,image_block_06,fgx,gfx,0.0,1,
3,val,rot90,rot90,150,image_block_06,fx,gx,0.0,1,
3,val,rot90,rot90,150,image_block_06,fgx,gfx,0.0,1,
3,val,rot90,rot90,77,image_block_06,fx,gx,0.0,1,
3,val,rot90,rot90,77,image_block_06,fgx,gfx,0.0,1,
3,val,rot90,rot90,248,image_block_06,fx,gx,0.0,1,
3,val,rot90,rot90,248,image_block_06,fgx,gfx,0.0,1,
3,val,rot90,rot90,19,image_block_06,fx,gx,0.0,1,
3,val,rot90,rot90,19,image_block_06,fgx,gfx,0.0,1,
3,val,rot90,rot90,98,image_block_06,fx,gx,0.0,1,
3,val,rot90,rot90,98,image_block_06,fgx,gfx,0.0,1,
3,val,rot90,rot90,332,image_block_06,fx,gx,0.0,1,
3,val,rot90,rot90,332,image_block_06,fgx,gfx,0.0,1,
3,val,rot90,rot90,260,image_block_06,fx,gx,0.0,1,
3,val,rot90,rot90,260,image_block_06,fgx,gfx,0.0,1,
3,val,rot90,rot90,266,image_block_06,fx,gx,0.0,1,
3,val,rot90,rot90,266,image_block_06,fgx,gfx,0.0,1,
3,val,rot90,rot90,82,image_block_06,fx,gx,0.0,1,
3,val,rot90,rot90,82,image_block_06,fgx,gfx,0.0,1,
3,val,rot90,rot90,228,image_block_06,x,fgx,0.28744207710734254,0,0
3,val,rot90,rot90,228,image_block_06,x,gfx,0.28744207710734254,0,0
3,val,rot90,rot90,228,image_block_06,fx,gx,0.0,1,
3,val,rot90,rot90,228,image_block_06,fgx,gfx,0.0,1,
3,val,rot90,rot90,131,image_final_norm,fx,gx,0.0,1,
3,val,rot90,rot90,131,image_final_norm,fgx,gfx,0.0,1,
3,val,rot90,rot90,174,image_final_norm,fx,gx,0.0,1,
3,val,rot90,rot90,174,image_final_norm,fgx,gfx,0.0,1,
3,val,rot90,rot90,56,image_final_norm,fx,gx,0.0,1,
3,val,rot90,rot90,56,image_final_norm,fgx,gfx,0.0,1,
3,val,rot90,rot90,146,image_final_norm,x,fgx,0.2572728932320918,0,0
3,val,rot90,rot90,146,image_final_norm,x,gfx,0.2572728932320918,0,0
3,val,rot90,rot90,146,image_final_norm,fx,gx,0.0,1,
3,val,rot90,rot90,146,image_final_norm,fgx,gfx,0.0,1,
3,val,rot90,rot90,165,image_final_norm,fx,gx,0.0,1,
3,val,rot90,rot90,165,image_final_norm,fgx,gfx,0.0,1,
3,val,rot90,rot90,203,image_final_norm,fx,gx,0.0,1,
3,val,rot90,rot90,203,image_final_norm,fgx,gfx,0.0,1,
3,val,rot90,rot90,150,image_final_norm,fx,gx,0.0,1,
3,val,rot90,rot90,150,image_final_norm,fgx,gfx,0.0,1,
3,val,rot90,rot90,77,image_final_norm,fx,gx,0.0,1,
3,val,rot90,rot90,77,image_final_norm,fgx,gfx,0.0,1,
3,val,rot90,rot90,248,image_final_norm,fx,gx,0.0,1,
3,val,rot90,rot90,248,image_final_norm,fgx,gfx,0.0,1,
3,val,rot90,rot90,19,image_final_norm,fx,gx,0.0,1,
3,val,rot90,rot90,19,image_final_norm,fgx,gfx,0.0,1,
3,val,rot90,rot90,98,image_final_norm,fx,gx,0.0,1,
3,val,rot90,rot90,98,image_final_norm,fgx,gfx,0.0,1,
3,val,rot90,rot90,332,image_final_norm,fx,gx,0.0,1,
3,val,rot90,rot90,332,image_final_norm,fgx,gfx,0.0,1,
3,val,rot90,rot90,260,image_final_norm,fx,gx,0.0,1,
3,val,rot90,rot90,260,image_final_norm,fgx,gfx,0.0,1,
3,val,rot90,rot90,266,image_final_norm,fx,gx,0.0,1,
3,val,rot90,rot90,266,image_final_norm,fgx,gfx,0.0,1,
3,val,rot90,rot90,82,image_final_norm,fx,gx,0.0,1,
3,val,rot90,rot90,82,image_final_norm,fgx,gfx,0.0,1,
3,val,rot90,rot90,228,image_final_norm,x,fgx,0.2671249914378555,0,0
3,val,rot90,rot90,228,image_final_norm,x,gfx,0.2671249914378555,0,0
3,val,rot90,rot90,228,image_final_norm,fx,gx,0.0,1,
3,val,rot90,rot90,228,image_final_norm,fgx,gfx,0.0,1,
3,val,rot90,rot90,296,image_input_tokens,fx,gx,0.0,1,
3,val,rot90,rot90,296,image_input_tokens,fgx,gfx,0.0,1,
3,val,rot90,rot90,153,image_input_tokens,fx,gx,0.0,1,
3,val,rot90,rot90,153,image_input_tokens,fgx,gfx,0.0,1,
3,val,rot90,rot90,115,image_input_tokens,fx,gx,0.0,1,
3,val,rot90,rot90,115,image_input_tokens,fgx,gfx,0.0,1,
3,val,rot90,rot90,305,image_input_tokens,fx,gx,0.0,1,
3,val,rot90,rot90,305,image_input_tokens,fgx,gfx,0.0,1,
3,val,rot90,rot90,219,image_input_tokens,fx,gx,0.0,1,
3,val,rot90,rot90,219,image_input_tokens,fgx,gfx,0.0,1,
3,val,rot90,rot90,24,image_input_tokens,fx,gx,0.0,1,
3,val,rot90,rot90,24,image_input_tokens,fgx,gfx,0.0,1,
3,val,rot90,rot90,164,image_input_tokens,fx,gx,0.0,1,
3,val,rot90,rot90,164,image_input_tokens,fgx,gfx,0.0,1,
3,val,rot90,rot90,51,image_input_tokens,fx,gx,0.0,1,
3,val,rot90,rot90,51,image_input_tokens,fgx,gfx,0.0,1,
3,val,rot90,rot90,145,image_input_tokens,fx,gx,0.0,1,
3,val,rot90,rot90,145,image_input_tokens,fgx,gfx,0.0,1,
3,val,rot90,rot90,107,image_input_tokens,fx,gx,0.0,1,
3,val,rot90,rot90,107,image_input_tokens,fgx,gfx,0.0,1,
3,val,rot90,rot90,154,image_input_tokens,fx,gx,0.0,1,
3,val,rot90,rot90,154,image_input_tokens,fgx,gfx,0.0,1,
3,val,rot90,rot90,33,image_input_tokens,fx,gx,0.0,1,
3,val,rot90,rot90,33,image_input_tokens,fgx,gfx,0.0,1,
3,val,rot90,rot90,127,image_input_tokens,fx,gx,0.0,1,
3,val,rot90,rot90,127,image_input_tokens,fgx,gfx,0.0,1,
3,val,rot90,rot90,251,image_input_tokens,fx,gx,0.0,1,
3,val,rot90,rot90,251,image_input_tokens,fgx,gfx,0.0,1,
3,val,rot90,rot90,213,image_input_tokens,fx,gx,0.0,1,
3,val,rot90,rot90,213,image_input_tokens,fgx,gfx,0.0,1,
3,val,rot90,rot90,152,image_input_tokens,fx,gx,0.0,1,
3,val,rot90,rot90,152,image_input_tokens,fgx,gfx,0.0,1,
3,val,rot90,rot90,296,image_block_01,fx,gx,0.0,1,
3,val,rot90,rot90,296,image_block_01,fgx,gfx,0.0,1,
3,val,rot90,rot90,153,image_block_01,fx,gx,0.0,1,
3,val,rot90,rot90,153,image_block_01,fgx,gfx,0.0,1,
3,val,rot90,rot90,115,image_block_01,fx,gx,0.0,1,
3,val,rot90,rot90,115,image_block_01,fgx,gfx,0.0,1,
3,val,rot90,rot90,305,image_block_01,fx,gx,0.0,1,
3,val,rot90,rot90,305,image_block_01,fgx,gfx,0.0,1,
3,val,rot90,rot90,219,image_block_01,fx,gx,0.0,1,
3,val,rot90,rot90,219,image_block_01,fgx,gfx,0.0,1,
3,val,rot90,rot90,24,image_block_01,fx,gx,0.0,1,
3,val,rot90,rot90,24,image_block_01,fgx,gfx,0.0,1,
3,val,rot90,rot90,164,image_block_01,fx,gx,0.0,1,
3,val,rot90,rot90,164,image_block_01,fgx,gfx,0.0,1,
3,val,rot90,rot90,51,image_block_01,fx,gx,0.0,1,
3,val,rot90,rot90,51,image_block_01,fgx,gfx,0.0,1,
3,val,rot90,rot90,145,image_block_01,fx,gx,0.0,1,
3,val,rot90,rot90,145,image_block_01,fgx,gfx,0.0,1,
3,val,rot90,rot90,107,image_block_01,fx,gx,0.0,1,
3,val,rot90,rot90,107,image_block_01,fgx,gfx,0.0,1,
3,val,rot90,rot90,154,image_block_01,fx,gx,0.0,1,
3,val,rot90,rot90,154,image_block_01,fgx,gfx,0.0,1,
3,val,rot90,rot90,33,image_block_01,fx,gx,0.0,1,
3,val,rot90,rot90,33,image_block_01,fgx,gfx,0.0,1,
3,val,rot90,rot90,127,image_block_01,fx,gx,0.0,1,
3,val,rot90,rot90,127,image_block_01,fgx,gfx,0.0,1,
3,val,rot90,rot90,251,image_block_01,fx,gx,0.0,1,
3,val,rot90,rot90,251,image_block_01,fgx,gfx,0.0,1,
3,val,rot90,rot90,213,image_block_01,fx,gx,0.0,1,
3,val,rot90,rot90,213,image_block_01,fgx,gfx,0.0,1,
3,val,rot90,rot90,152,image_block_01,fx,gx,0.0,1,
3,val,rot90,rot90,152,image_block_01,fgx,gfx,0.0,1,
3,val,rot90,rot90,296,image_block_02,fx,gx,0.0,1,
3,val,rot90,rot90,296,image_block_02,fgx,gfx,0.0,1,
3,val,rot90,rot90,153,image_block_02,fx,gx,0.0,1,
3,val,rot90,rot90,153,image_block_02,fgx,gfx,0.0,1,
3,val,rot90,rot90,115,image_block_02,fx,gx,0.0,1,
3,val,rot90,rot90,115,image_block_02,fgx,gfx,0.0,1,
3,val,rot90,rot90,305,image_block_02,fx,gx,0.0,1,
3,val,rot90,rot90,305,image_block_02,fgx,gfx,0.0,1,
3,val,rot90,rot90,219,image_block_02,fx,gx,0.0,1,
3,val,rot90,rot90,219,image_block_02,fgx,gfx,0.0,1,
3,val,rot90,rot90,24,image_block_02,fx,gx,0.0,1,
3,val,rot90,rot90,24,image_block_02,fgx,gfx,0.0,1,
3,val,rot90,rot90,164,image_block_02,fx,gx,0.0,1,
3,val,rot90,rot90,164,image_block_02,fgx,gfx,0.0,1,
3,val,rot90,rot90,51,image_block_02,fx,gx,0.0,1,
3,val,rot90,rot90,51,image_block_02,fgx,gfx,0.0,1,
3,val,rot90,rot90,145,image_block_02,fx,gx,0.0,1,
3,val,rot90,rot90,145,image_block_02,fgx,gfx,0.0,1,
3,val,rot90,rot90,107,image_block_02,fx,gx,0.0,1,
3,val,rot90,rot90,107,image_block_02,fgx,gfx,0.0,1,
3,val,rot90,rot90,154,image_block_02,fx,gx,0.0,1,
3,val,rot90,rot90,154,image_block_02,fgx,gfx,0.0,1,
3,val,rot90,rot90,33,image_block_02,fx,gx,0.0,1,
3,val,rot90,rot90,33,image_block_02,fgx,gfx,0.0,1,
3,val,rot90,rot90,127,image_block_02,fx,gx,0.0,1,
3,val,rot90,rot90,127,image_block_02,fgx,gfx,0.0,1,
3,val,rot90,rot90,251,image_block_02,fx,gx,0.0,1,
3,val,rot90,rot90,251,image_block_02,fgx,gfx,0.0,1,
3,val,rot90,rot90,213,image_block_02,fx,gx,0.0,1,
3,val,rot90,rot90,213,image_block_02,fgx,gfx,0.0,1,
3,val,rot90,rot90,152,image_block_02,fx,gx,0.0,1,
3,val,rot90,rot90,152,image_block_02,fgx,gfx,0.0,1,
3,val,rot90,rot90,296,image_block_03,fx,gx,0.0,1,
3,val,rot90,rot90,296,image_block_03,fgx,gfx,0.0,1,
3,val,rot90,rot90,153,image_block_03,fx,gx,0.0,1,
3,val,rot90,rot90,153,image_block_03,fgx,gfx,0.0,1,
3,val,rot90,rot90,115,image_block_03,fx,gx,0.0,1,
3,val,rot90,rot90,115,image_block_03,fgx,gfx,0.0,1,
3,val,rot90,rot90,305,image_block_03,fx,gx,0.0,1,
3,val,rot90,rot90,305,image_block_03,fgx,gfx,0.0,1,
3,val,rot90,rot90,219,image_block_03,fx,gx,0.0,1,
3,val,rot90,rot90,219,image_block_03,fgx,gfx,0.0,1,
3,val,rot90,rot90,24,image_block_03,fx,gx,0.0,1,
3,val,rot90,rot90,24,image_block_03,fgx,gfx,0.0,1,
3,val,rot90,rot90,164,image_block_03,fx,gx,0.0,1,
3,val,rot90,rot90,164,image_block_03,fgx,gfx,0.0,1,
3,val,rot90,rot90,51,image_block_03,fx,gx,0.0,1,
3,val,rot90,rot90,51,image_block_03,fgx,gfx,0.0,1,
3,val,rot90,rot90,145,image_block_03,fx,gx,0.0,1,
3,val,rot90,rot90,145,image_block_03,fgx,gfx,0.0,1,
3,val,rot90,rot90,107,image_block_03,fx,gx,0.0,1,
3,val,rot90,rot90,107,image_block_03,fgx,gfx,0.0,1,
3,val,rot90,rot90,154,image_block_03,fx,gx,0.0,1,
3,val,rot90,rot90,154,image_block_03,fgx,gfx,0.0,1,
3,val,rot90,rot90,33,image_block_03,fx,gx,0.0,1,
3,val,rot90,rot90,33,image_block_03,fgx,gfx,0.0,1,
3,val,rot90,rot90,127,image_block_03,fx,gx,0.0,1,
3,val,rot90,rot90,127,image_block_03,fgx,gfx,0.0,1,
3,val,rot90,rot90,251,image_block_03,fx,gx,0.0,1,
3,val,rot90,rot90,251,image_block_03,fgx,gfx,0.0,1,
3,val,rot90,rot90,213,image_block_03,fx,gx,0.0,1,
3,val,rot90,rot90,213,image_block_03,fgx,gfx,0.0,1,
3,val,rot90,rot90,152,image_block_03,fx,gx,0.0,1,
3,val,rot90,rot90,152,image_block_03,fgx,gfx,0.0,1,
3,val,rot90,rot90,296,image_block_04,fx,gx,0.0,1,
3,val,rot90,rot90,296,image_block_04,fgx,gfx,0.0,1,
3,val,rot90,rot90,153,image_block_04,fx,gx,0.0,1,
3,val,rot90,rot90,153,image_block_04,fgx,gfx,0.0,1,
3,val,rot90,rot90,115,image_block_04,fx,gx,0.0,1,
3,val,rot90,rot90,115,image_block_04,fgx,gfx,0.0,1,
3,val,rot90,rot90,305,image_block_04,fx,gx,0.0,1,
3,val,rot90,rot90,305,image_block_04,fgx,gfx,0.0,1,
3,val,rot90,rot90,219,image_block_04,fx,gx,0.0,1,
3,val,rot90,rot90,219,image_block_04,fgx,gfx,0.0,1,
3,val,rot90,rot90,24,image_block_04,fx,gx,0.0,1,
3,val,rot90,rot90,24,image_block_04,fgx,gfx,0.0,1,
3,val,rot90,rot90,164,image_block_04,fx,gx,0.0,1,
3,val,rot90,rot90,164,image_block_04,fgx,gfx,0.0,1,
3,val,rot90,rot90,51,image_block_04,fx,gx,0.0,1,
3,val,rot90,rot90,51,image_block_04,fgx,gfx,0.0,1,
3,val,rot90,rot90,145,image_block_04,fx,gx,0.0,1,
3,val,rot90,rot90,145,image_block_04,fgx,gfx,0.0,1,
3,val,rot90,rot90,107,image_block_04,fx,gx,0.0,1,
3,val,rot90,rot90,107,image_block_04,fgx,gfx,0.0,1,
3,val,rot90,rot90,154,image_block_04,fx,gx,0.0,1,
3,val,rot90,rot90,154,image_block_04,fgx,gfx,0.0,1,
3,val,rot90,rot90,33,image_block_04,fx,gx,0.0,1,
3,val,rot90,rot90,33,image_block_04,fgx,gfx,0.0,1,
3,val,rot90,rot90,127,image_block_04,fx,gx,0.0,1,
3,val,rot90,rot90,127,image_block_04,fgx,gfx,0.0,1,
3,val,rot90,rot90,251,image_block_04,fx,gx,0.0,1,
3,val,rot90,rot90,251,image_block_04,fgx,gfx,0.0,1,
3,val,rot90,rot90,213,image_block_04,fx,gx,0.0,1,
3,val,rot90,rot90,213,image_block_04,fgx,gfx,0.0,1,
3,val,rot90,rot90,152,image_block_04,fx,gx,0.0,1,
3,val,rot90,rot90,152,image_block_04,fgx,gfx,0.0,1,
3,val,rot90,rot90,296,image_block_05,fx,gx,0.0,1,
3,val,rot90,rot90,296,image_block_05,fgx,gfx,0.0,1,
3,val,rot90,rot90,153,image_block_05,fx,gx,0.0,1,
3,val,rot90,rot90,153,image_block_05,fgx,gfx,0.0,1,
3,val,rot90,rot90,115,image_block_05,fx,gx,0.0,1,
3,val,rot90,rot90,115,image_block_05,fgx,gfx,0.0,1,
3,val,rot90,rot90,305,image_block_05,fx,gx,0.0,1,
3,val,rot90,rot90,305,image_block_05,fgx,gfx,0.0,1,
3,val,rot90,rot90,219,image_block_05,fx,gx,0.0,1,
3,val,rot90,rot90,219,image_block_05,fgx,gfx,0.0,1,
3,val,rot90,rot90,24,image_block_05,fx,gx,0.0,1,
3,val,rot90,rot90,24,image_block_05,fgx,gfx,0.0,1,
3,val,rot90,rot90,164,image_block_05,fx,gx,0.0,1,
3,val,rot90,rot90,164,image_block_05,fgx,gfx,0.0,1,
3,val,rot90,rot90,51,image_block_05,fx,gx,0.0,1,
3,val,rot90,rot90,51,image_block_05,fgx,gfx,0.0,1,
3,val,rot90,rot90,145,image_block_05,fx,gx,0.0,1,
3,val,rot90,rot90,145,image_block_05,fgx,gfx,0.0,1,
3,val,rot90,rot90,107,image_block_05,fx,gx,0.0,1,
3,val,rot90,rot90,107,image_block_05,fgx,gfx,0.0,1,
3,val,rot90,rot90,154,image_block_05,fx,gx,0.0,1,
3,val,rot90,rot90,154,image_block_05,fgx,gfx,0.0,1,
3,val,rot90,rot90,33,image_block_05,fx,gx,0.0,1,
3,val,rot90,rot90,33,image_block_05,fgx,gfx,0.0,1,
3,val,rot90,rot90,127,image_block_05,fx,gx,0.0,1,
3,val,rot90,rot90,127,image_block_05,fgx,gfx,0.0,1,
3,val,rot90,rot90,251,image_block_05,fx,gx,0.0,1,
3,val,rot90,rot90,251,image_block_05,fgx,gfx,0.0,1,
3,val,rot90,rot90,213,image_block_05,fx,gx,0.0,1,
3,val,rot90,rot90,213,image_block_05,fgx,gfx,0.0,1,
3,val,rot90,rot90,152,image_block_05,fx,gx,0.0,1,
3,val,rot90,rot90,152,image_block_05,fgx,gfx,0.0,1,
3,val,rot90,rot90,296,image_block_06,fx,gx,0.0,1,
3,val,rot90,rot90,296,image_block_06,fgx,gfx,0.0,1,
3,val,rot90,rot90,153,image_block_06,fx,gx,0.0,1,
3,val,rot90,rot90,153,image_block_06,fgx,gfx,0.0,1,
3,val,rot90,rot90,115,image_block_06,fx,gx,0.0,1,
3,val,rot90,rot90,115,image_block_06,fgx,gfx,0.0,1,
3,val,rot90,rot90,305,image_block_06,fx,gx,0.0,1,
3,val,rot90,rot90,305,image_block_06,fgx,gfx,0.0,1,
3,val,rot90,rot90,219,image_block_06,fx,gx,0.0,1,
3,val,rot90,rot90,219,image_block_06,fgx,gfx,0.0,1,
3,val,rot90,rot90,24,image_block_06,fx,gx,0.0,1,
3,val,rot90,rot90,24,image_block_06,fgx,gfx,0.0,1,
3,val,rot90,rot90,164,image_block_06,fx,gx,0.0,1,
3,val,rot90,rot90,164,image_block_06,fgx,gfx,0.0,1,
3,val,rot90,rot90,51,image_block_06,fx,gx,0.0,1,
3,val,rot90,rot90,51,image_block_06,fgx,gfx,0.0,1,
3,val,rot90,rot90,145,image_block_06,fx,gx,0.0,1,
3,val,rot90,rot90,145,image_block_06,fgx,gfx,0.0,1,
3,val,rot90,rot90,107,image_block_06,fx,gx,0.0,1,
3,val,rot90,rot90,107,image_block_06,fgx,gfx,0.0,1,
3,val,rot90,rot90,154,image_block_06,fx,gx,0.0,1,
3,val,rot90,rot90,154,image_block_06,fgx,gfx,0.0,1,
3,val,rot90,rot90,33,image_block_06,fx,gx,0.0,1,
3,val,rot90,rot90,33,image_block_06,fgx,gfx,0.0,1,
3,val,rot90,rot90,127,image_block_06,fx,gx,0.0,1,
3,val,rot90,rot90,127,image_block_06,fgx,gfx,0.0,1,
3,val,rot90,rot90,251,image_block_06,fx,gx,0.0,1,
3,val,rot90,rot90,251,image_block_06,fgx,gfx,0.0,1,
3,val,rot90,rot90,213,image_block_06,fx,gx,0.0,1,
3,val,rot90,rot90,213,image_block_06,fgx,gfx,0.0,1,
3,val,rot90,rot90,152,image_block_06,fx,gx,0.0,1,
3,val,rot90,rot90,152,image_block_06,fgx,gfx,0.0,1,
3,val,rot90,rot90,296,image_final_norm,fx,gx,0.0,1,
3,val,rot90,rot90,296,image_final_norm,fgx,gfx,0.0,1,
3,val,rot90,rot90,153,image_final_norm,fx,gx,0.0,1,
3,val,rot90,rot90,153,image_final_norm,fgx,gfx,0.0,1,
3,val,rot90,rot90,115,image_final_norm,fx,gx,0.0,1,
3,val,rot90,rot90,115,image_final_norm,fgx,gfx,0.0,1,
3,val,rot90,rot90,305,image_final_norm,fx,gx,0.0,1,
3,val,rot90,rot90,305,image_final_norm,fgx,gfx,0.0,1,
3,val,rot90,rot90,219,image_final_norm,fx,gx,0.0,1,
3,val,rot90,rot90,219,image_final_norm,fgx,gfx,0.0,1,
3,val,rot90,rot90,24,image_final_norm,fx,gx,0.0,1,
3,val,rot90,rot90,24,image_final_norm,fgx,gfx,0.0,1,
3,val,rot90,rot90,164,image_final_norm,fx,gx,0.0,1,
3,val,rot90,rot90,164,image_final_norm,fgx,gfx,0.0,1,
3,val,rot90,rot90,51,image_final_norm,fx,gx,0.0,1,
3,val,rot90,rot90,51,image_final_norm,fgx,gfx,0.0,1,
3,val,rot90,rot90,145,image_final_norm,fx,gx,0.0,1,
3,val,rot90,rot90,145,image_final_norm,fgx,gfx,0.0,1,
3,val,rot90,rot90,107,image_final_norm,fx,gx,0.0,1,
3,val,rot90,rot90,107,image_final_norm,fgx,gfx,0.0,1,
3,val,rot90,rot90,154,image_final_norm,fx,gx,0.0,1,
3,val,rot90,rot90,154,image_final_norm,fgx,gfx,0.0,1,
3,val,rot90,rot90,33,image_final_norm,fx,gx,0.0,1,
3,val,rot90,rot90,33,image_final_norm,fgx,gfx,0.0,1,
3,val,rot90,rot90,127,image_final_norm,fx,gx,0.0,1,
3,val,rot90,rot90,127,image_final_norm,fgx,gfx,0.0,1,
3,val,rot90,rot90,251,image_final_norm,fx,gx,0.0,1,
3,val,rot90,rot90,251,image_final_norm,fgx,gfx,0.0,1,
3,val,rot90,rot90,213,image_final_norm,fx,gx,0.0,1,
3,val,rot90,rot90,213,image_final_norm,fgx,gfx,0.0,1,
3,val,rot90,rot90,152,image_final_norm,fx,gx,0.0,1,
3,val,rot90,rot90,152,image_final_norm,fgx,gfx,0.0,1,
3,val,rot90,rot90,100,image_input_tokens,fx,gx,0.0,1,
3,val,rot90,rot90,100,image_input_tokens,fgx,gfx,0.0,1,
3,val,rot90,rot90,27,image_input_tokens,fx,gx,0.0,1,
3,val,rot90,rot90,27,image_input_tokens,fgx,gfx,0.0,1,
3,val,rot90,rot90,316,image_input_tokens,fx,gx,0.0,1,
3,val,rot90,rot90,316,image_input_tokens,fgx,gfx,0.0,1,
3,val,rot90,rot90,61,image_input_tokens,fx,gx,0.0,1,
3,val,rot90,rot90,61,image_input_tokens,fgx,gfx,0.0,1,
3,val,rot90,rot90,291,image_input_tokens,fx,gx,0.0,1,
3,val,rot90,rot90,291,image_input_tokens,fgx,gfx,0.0,1,
3,val,rot90,rot90,84,image_input_tokens,fx,gx,0.0,1,
3,val,rot90,rot90,84,image_input_tokens,fgx,gfx,0.0,1,
3,val,rot90,rot90,265,image_input_tokens,fx,gx,0.0,1,
3,val,rot90,rot90,265,image_input_tokens,fgx,gfx,0.0,1,
3,val,rot90,rot90,196,image_input_tokens,fx,gx,0.0,1,
3,val,rot90,rot90,196,image_input_tokens,fgx,gfx,0.0,1,
3,val,rot90,rot90,215,image_input_tokens,fx,gx,0.0,1,
3,val,rot90,rot90,215,image_input_tokens,fgx,gfx,0.0,1,
3,val,rot90,rot90,253,image_input_tokens,fx,gx,0.0,1,
3,val,rot90,rot90,253,image_input_tokens,fgx,gfx,0.0,1,
3,val,rot90,rot90,239,image_input_tokens,fx,gx,0.0,1,
3,val,rot90,rot90,239,image_input_tokens,fgx,gfx,0.0,1,
3,val,rot90,rot90,331,image_input_tokens,fx,gx,0.0,1,
3,val,rot90,rot90,331,image_input_tokens,fgx,gfx,0.0,1,
3,val,rot90,rot90,3,image_input_tokens,fx,gx,0.0,1,
3,val,rot90,rot90,3,image_input_tokens,fgx,gfx,0.0,1,
3,val,rot90,rot90,2,image_input_tokens,fx,gx,0.0,1,
3,val,rot90,rot90,2,image_input_tokens,fgx,gfx,0.0,1,
3,val,rot90,rot90,306,image_input_tokens,fx,gx,0.0,1,
3,val,rot90,rot90,306,image_input_tokens,fgx,gfx,0.0,1,
3,val,rot90,rot90,181,image_input_tokens,fx,gx,0.0,1,
3,val,rot90,rot90,181,image_input_tokens,fgx,gfx,0.0,1,
3,val,rot90,rot90,100,image_block_01,fx,gx,0.0,1,
3,val,rot90,rot90,100,image_block_01,fgx,gfx,0.0,1,
3,val,rot90,rot90,27,image_block_01,fx,gx,0.0,1,
3,val,rot90,rot90,27,image_block_01,fgx,gfx,0.0,1,
3,val,rot90,rot90,316,image_block_01,fx,gx,0.0,1,
3,val,rot90,rot90,316,image_block_01,fgx,gfx,0.0,1,
3,val,rot90,rot90,61,image_block_01,fx,gx,0.0,1,
3,val,rot90,rot90,61,image_block_01,fgx,gfx,0.0,1,
3,val,rot90,rot90,291,image_block_01,fx,gx,0.0,1,
3,val,rot90,rot90,291,image_block_01,fgx,gfx,0.0,1,
3,val,rot90,rot90,84,image_block_01,fx,gx,0.0,1,
3,val,rot90,rot90,84,image_block_01,fgx,gfx,0.0,1,
3,val,rot90,rot90,265,image_block_01,fx,gx,0.0,1,
3,val,rot90,rot90,265,image_block_01,fgx,gfx,0.0,1,
3,val,rot90,rot90,196,image_block_01,fx,gx,0.0,1,
3,val,rot90,rot90,196,image_block_01,fgx,gfx,0.0,1,
3,val,rot90,rot90,215,image_block_01,fx,gx,0.0,1,
3,val,rot90,rot90,215,image_block_01,fgx,gfx,0.0,1,
3,val,rot90,rot90,253,image_block_01,fx,gx,0.0,1,
3,val,rot90,rot90,253,image_block_01,fgx,gfx,0.0,1,
3,val,rot90,rot90,239,image_block_01,fx,gx,0.0,1,
3,val,rot90,rot90,239,image_block_01,fgx,gfx,0.0,1,
3,val,rot90,rot90,331,image_block_01,fx,gx,0.0,1,
3,val,rot90,rot90,331,image_block_01,fgx,gfx,0.0,1,
3,val,rot90,rot90,3,image_block_01,fx,gx,0.0,1,
3,val,rot90,rot90,3,image_block_01,fgx,gfx,0.0,1,
3,val,rot90,rot90,2,image_block_01,fx,gx,0.0,1,
3,val,rot90,rot90,2,image_block_01,fgx,gfx,0.0,1,
3,val,rot90,rot90,306,image_block_01,fx,gx,0.0,1,
3,val,rot90,rot90,306,image_block_01,fgx,gfx,0.0,1,
3,val,rot90,rot90,181,image_block_01,fx,gx,0.0,1,
3,val,rot90,rot90,181,image_block_01,fgx,gfx,0.0,1,
3,val,rot90,rot90,100,image_block_02,fx,gx,0.0,1,
3,val,rot90,rot90,100,image_block_02,fgx,gfx,0.0,1,
3,val,rot90,rot90,27,image_block_02,fx,gx,0.0,1,
3,val,rot90,rot90,27,image_block_02,fgx,gfx,0.0,1,
3,val,rot90,rot90,316,image_block_02,fx,gx,0.0,1,
3,val,rot90,rot90,316,image_block_02,fgx,gfx,0.0,1,
3,val,rot90,rot90,61,image_block_02,fx,gx,0.0,1,
3,val,rot90,rot90,61,image_block_02,fgx,gfx,0.0,1,
3,val,rot90,rot90,291,image_block_02,fx,gx,0.0,1,
3,val,rot90,rot90,291,image_block_02,fgx,gfx,0.0,1,
3,val,rot90,rot90,84,image_block_02,fx,gx,0.0,1,
3,val,rot90,rot90,84,image_block_02,fgx,gfx,0.0,1,
3,val,rot90,rot90,265,image_block_02,fx,gx,0.0,1,
3,val,rot90,rot90,265,image_block_02,fgx,gfx,0.0,1,
3,val,rot90,rot90,196,image_block_02,fx,gx,0.0,1,
3,val,rot90,rot90,196,image_block_02,fgx,gfx,0.0,1,
3,val,rot90,rot90,215,image_block_02,fx,gx,0.0,1,
3,val,rot90,rot90,215,image_block_02,fgx,gfx,0.0,1,
3,val,rot90,rot90,253,image_block_02,fx,gx,0.0,1,
3,val,rot90,rot90,253,image_block_02,fgx,gfx,0.0,1,
3,val,rot90,rot90,239,image_block_02,fx,gx,0.0,1,
3,val,rot90,rot90,239,image_block_02,fgx,gfx,0.0,1,
3,val,rot90,rot90,331,image_block_02,fx,gx,0.0,1,
3,val,rot90,rot90,331,image_block_02,fgx,gfx,0.0,1,
3,val,rot90,rot90,3,image_block_02,fx,gx,0.0,1,
3,val,rot90,rot90,3,image_block_02,fgx,gfx,0.0,1,
3,val,rot90,rot90,2,image_block_02,fx,gx,0.0,1,
3,val,rot90,rot90,2,image_block_02,fgx,gfx,0.0,1,
3,val,rot90,rot90,306,image_block_02,fx,gx,0.0,1,
3,val,rot90,rot90,306,image_block_02,fgx,gfx,0.0,1,
3,val,rot90,rot90,181,image_block_02,fx,gx,0.0,1,
3,val,rot90,rot90,181,image_block_02,fgx,gfx,0.0,1,
3,val,rot90,rot90,100,image_block_03,fx,gx,0.0,1,
3,val,rot90,rot90,100,image_block_03,fgx,gfx,0.0,1,
3,val,rot90,rot90,27,image_block_03,fx,gx,0.0,1,
3,val,rot90,rot90,27,image_block_03,fgx,gfx,0.0,1,
3,val,rot90,rot90,316,image_block_03,fx,gx,0.0,1,
3,val,rot90,rot90,316,image_block_03,fgx,gfx,0.0,1,
3,val,rot90,rot90,61,image_block_03,fx,gx,0.0,1,
3,val,rot90,rot90,61,image_block_03,fgx,gfx,0.0,1,
3,val,rot90,rot90,291,image_block_03,fx,gx,0.0,1,
3,val,rot90,rot90,291,image_block_03,fgx,gfx,0.0,1,
3,val,rot90,rot90,84,image_block_03,fx,gx,0.0,1,
3,val,rot90,rot90,84,image_block_03,fgx,gfx,0.0,1,
3,val,rot90,rot90,265,image_block_03,fx,gx,0.0,1,
3,val,rot90,rot90,265,image_block_03,fgx,gfx,0.0,1,
3,val,rot90,rot90,196,image_block_03,fx,gx,0.0,1,
3,val,rot90,rot90,196,image_block_03,fgx,gfx,0.0,1,
3,val,rot90,rot90,215,image_block_03,fx,gx,0.0,1,
3,val,rot90,rot90,215,image_block_03,fgx,gfx,0.0,1,
3,val,rot90,rot90,253,image_block_03,fx,gx,0.0,1,
3,val,rot90,rot90,253,image_block_03,fgx,gfx,0.0,1,
3,val,rot90,rot90,239,image_block_03,fx,gx,0.0,1,
3,val,rot90,rot90,239,image_block_03,fgx,gfx,0.0,1,
3,val,rot90,rot90,331,image_block_03,fx,gx,0.0,1,
3,val,rot90,rot90,331,image_block_03,fgx,gfx,0.0,1,
3,val,rot90,rot90,3,image_block_03,fx,gx,0.0,1,
3,val,rot90,rot90,3,image_block_03,fgx,gfx,0.0,1,
3,val,rot90,rot90,2,image_block_03,fx,gx,0.0,1,
3,val,rot90,rot90,2,image_block_03,fgx,gfx,0.0,1,
3,val,rot90,rot90,306,image_block_03,fx,gx,0.0,1,
3,val,rot90,rot90,306,image_block_03,fgx,gfx,0.0,1,
3,val,rot90,rot90,181,image_block_03,fx,gx,0.0,1,
3,val,rot90,rot90,181,image_block_03,fgx,gfx,0.0,1,
3,val,rot90,rot90,100,image_block_04,fx,gx,0.0,1,
3,val,rot90,rot90,100,image_block_04,fgx,gfx,0.0,1,
3,val,rot90,rot90,27,image_block_04,fx,gx,0.0,1,
3,val,rot90,rot90,27,image_block_04,fgx,gfx,0.0,1,
3,val,rot90,rot90,316,image_block_04,fx,gx,0.0,1,
3,val,rot90,rot90,316,image_block_04,fgx,gfx,0.0,1,
3,val,rot90,rot90,61,image_block_04,fx,gx,0.0,1,
3,val,rot90,rot90,61,image_block_04,fgx,gfx,0.0,1,
3,val,rot90,rot90,291,image_block_04,fx,gx,0.0,1,
3,val,rot90,rot90,291,image_block_04,fgx,gfx,0.0,1,
3,val,rot90,rot90,84,image_block_04,fx,gx,0.0,1,
3,val,rot90,rot90,84,image_block_04,fgx,gfx,0.0,1,
3,val,rot90,rot90,265,image_block_04,fx,gx,0.0,1,
3,val,rot90,rot90,265,image_block_04,fgx,gfx,0.0,1,
3,val,rot90,rot90,196,image_block_04,fx,gx,0.0,1,
3,val,rot90,rot90,196,image_block_04,fgx,gfx,0.0,1,
3,val,rot90,rot90,215,image_block_04,fx,gx,0.0,1,
3,val,rot90,rot90,215,image_block_04,fgx,gfx,0.0,1,
3,val,rot90,rot90,253,image_block_04,fx,gx,0.0,1,
3,val,rot90,rot90,253,image_block_04,fgx,gfx,0.0,1,
3,val,rot90,rot90,239,image_block_04,fx,gx,0.0,1,
3,val,rot90,rot90,239,image_block_04,fgx,gfx,0.0,1,
3,val,rot90,rot90,331,image_block_04,fx,gx,0.0,1,
3,val,rot90,rot90,331,image_block_04,fgx,gfx,0.0,1,
3,val,rot90,rot90,3,image_block_04,fx,gx,0.0,1,
3,val,rot90,rot90,3,image_block_04,fgx,gfx,0.0,1,
3,val,rot90,rot90,2,image_block_04,fx,gx,0.0,1,
3,val,rot90,rot90,2,image_block_04,fgx,gfx,0.0,1,
3,val,rot90,rot90,306,image_block_04,fx,gx,0.0,1,
3,val,rot90,rot90,306,image_block_04,fgx,gfx,0.0,1,
3,val,rot90,rot90,181,image_block_04,fx,gx,0.0,1,
3,val,rot90,rot90,181,image_block_04,fgx,gfx,0.0,1,
3,val,rot90,rot90,100,image_block_05,fx,gx,0.0,1,
3,val,rot90,rot90,100,image_block_05,fgx,gfx,0.0,1,
3,val,rot90,rot90,27,image_block_05,fx,gx,0.0,1,
3,val,rot90,rot90,27,image_block_05,fgx,gfx,0.0,1,
3,val,rot90,rot90,316,image_block_05,fx,gx,0.0,1,
3,val,rot90,rot90,316,image_block_05,fgx,gfx,0.0,1,
3,val,rot90,rot90,61,image_block_05,fx,gx,0.0,1,
3,val,rot90,rot90,61,image_block_05,fgx,gfx,0.0,1,
3,val,rot90,rot90,291,image_block_05,fx,gx,0.0,1,
3,val,rot90,rot90,291,image_block_05,fgx,gfx,0.0,1,
3,val,rot90,rot90,84,image_block_05,fx,gx,0.0,1,
3,val,rot90,rot90,84,image_block_05,fgx,gfx,0.0,1,
3,val,rot90,rot90,265,image_block_05,fx,gx,0.0,1,
3,val,rot90,rot90,265,image_block_05,fgx,gfx,0.0,1,
3,val,rot90,rot90,196,image_block_05,fx,gx,0.0,1,
3,val,rot90,rot90,196,image_block_05,fgx,gfx,0.0,1,
3,val,rot90,rot90,215,image_block_05,fx,gx,0.0,1,
3,val,rot90,rot90,215,image_block_05,fgx,gfx,0.0,1,
3,val,rot90,rot90,253,image_block_05,fx,gx,0.0,1,
3,val,rot90,rot90,253,image_block_05,fgx,gfx,0.0,1,
3,val,rot90,rot90,239,image_block_05,fx,gx,0.0,1,
3,val,rot90,rot90,239,image_block_05,fgx,gfx,0.0,1,
3,val,rot90,rot90,331,image_block_05,fx,gx,0.0,1,
3,val,rot90,rot90,331,image_block_05,fgx,gfx,0.0,1,
3,val,rot90,rot90,3,image_block_05,fx,gx,0.0,1,
3,val,rot90,rot90,3,image_block_05,fgx,gfx,0.0,1,
3,val,rot90,rot90,2,image_block_05,fx,gx,0.0,1,
3,val,rot90,rot90,2,image_block_05,fgx,gfx,0.0,1,
3,val,rot90,rot90,306,image_block_05,fx,gx,0.0,1,
3,val,rot90,rot90,306,image_block_05,fgx,gfx,0.0,1,
3,val,rot90,rot90,181,image_block_05,fx,gx,0.0,1,
3,val,rot90,rot90,181,image_block_05,fgx,gfx,0.0,1,
3,val,rot90,rot90,100,image_block_06,fx,gx,0.0,1,
3,val,rot90,rot90,100,image_block_06,fgx,gfx,0.0,1,
3,val,rot90,rot90,27,image_block_06,fx,gx,0.0,1,
3,val,rot90,rot90,27,image_block_06,fgx,gfx,0.0,1,
3,val,rot90,rot90,316,image_block_06,fx,gx,0.0,1,
3,val,rot90,rot90,316,image_block_06,fgx,gfx,0.0,1,
3,val,rot90,rot90,61,image_block_06,fx,gx,0.0,1,
3,val,rot90,rot90,61,image_block_06,fgx,gfx,0.0,1,
3,val,rot90,rot90,291,image_block_06,fx,gx,0.0,1,
3,val,rot90,rot90,291,image_block_06,fgx,gfx,0.0,1,
3,val,rot90,rot90,84,image_block_06,fx,gx,0.0,1,
3,val,rot90,rot90,84,image_block_06,fgx,gfx,0.0,1,
3,val,rot90,rot90,265,image_block_06,fx,gx,0.0,1,
3,val,rot90,rot90,265,image_block_06,fgx,gfx,0.0,1,
3,val,rot90,rot90,196,image_block_06,fx,gx,0.0,1,
3,val,rot90,rot90,196,image_block_06,fgx,gfx,0.0,1,
3,val,rot90,rot90,215,image_block_06,fx,gx,0.0,1,
3,val,rot90,rot90,215,image_block_06,fgx,gfx,0.0,1,
3,val,rot90,rot90,253,image_block_06,fx,gx,0.0,1,
3,val,rot90,rot90,253,image_block_06,fgx,gfx,0.0,1,
3,val,rot90,rot90,239,image_block_06,fx,gx,0.0,1,
3,val,rot90,rot90,239,image_block_06,fgx,gfx,0.0,1,
3,val,rot90,rot90,331,image_block_06,fx,gx,0.0,1,
3,val,rot90,rot90,331,image_block_06,fgx,gfx,0.0,1,
3,val,rot90,rot90,3,image_block_06,fx,gx,0.0,1,
3,val,rot90,rot90,3,image_block_06,fgx,gfx,0.0,1,
3,val,rot90,rot90,2,image_block_06,fx,gx,0.0,1,
3,val,rot90,rot90,2,image_block_06,fgx,gfx,0.0,1,
3,val,rot90,rot90,306,image_block_06,fx,gx,0.0,1,
3,val,rot90,rot90,306,image_block_06,fgx,gfx,0.0,1,
3,val,rot90,rot90,181,image_block_06,fx,gx,0.0,1,
3,val,rot90,rot90,181,image_block_06,fgx,gfx,0.0,1,
3,val,rot90,rot90,100,image_final_norm,fx,gx,0.0,1,
3,val,rot90,rot90,100,image_final_norm,fgx,gfx,0.0,1,
3,val,rot90,rot90,27,image_final_norm,fx,gx,0.0,1,
3,val,rot90,rot90,27,image_final_norm,fgx,gfx,0.0,1,
3,val,rot90,rot90,316,image_final_norm,fx,gx,0.0,1,
3,val,rot90,rot90,316,image_final_norm,fgx,gfx,0.0,1,
3,val,rot90,rot90,61,image_final_norm,fx,gx,0.0,1,
3,val,rot90,rot90,61,image_final_norm,fgx,gfx,0.0,1,
3,val,rot90,rot90,291,image_final_norm,fx,gx,0.0,1,
3,val,rot90,rot90,291,image_final_norm,fgx,gfx,0.0,1,
3,val,rot90,rot90,84,image_final_norm,fx,gx,0.0,1,
3,val,rot90,rot90,84,image_final_norm,fgx,gfx,0.0,1,
3,val,rot90,rot90,265,image_final_norm,fx,gx,0.0,1,
3,val,rot90,rot90,265,image_final_norm,fgx,gfx,0.0,1,
3,val,rot90,rot90,196,image_final_norm,fx,gx,0.0,1,
3,val,rot90,rot90,196,image_final_norm,fgx,gfx,0.0,1,
3,val,rot90,rot90,215,image_final_norm,fx,gx,0.0,1,
3,val,rot90,rot90,215,image_final_norm,fgx,gfx,0.0,1,
3,val,rot90,rot90,253,image_final_norm,fx,gx,0.0,1,
3,val,rot90,rot90,253,image_final_norm,fgx,gfx,0.0,1,
3,val,rot90,rot90,239,image_final_norm,fx,gx,0.0,1,
3,val,rot90,rot90,239,image_final_norm,fgx,gfx,0.0,1,
3,val,rot90,rot90,331,image_final_norm,fx,gx,0.0,1,
3,val,rot90,rot90,331,image_final_norm,fgx,gfx,0.0,1,
3,val,rot90,rot90,3,image_final_norm,fx,gx,0.0,1,
3,val,rot90,rot90,3,image_final_norm,fgx,gfx,0.0,1,
3,val,rot90,rot90,2,image_final_norm,fx,gx,0.0,1,
3,val,rot90,rot90,2,image_final_norm,fgx,gfx,0.0,1,
3,val,rot90,rot90,306,image_final_norm,fx,gx,0.0,1,
3,val,rot90,rot90,306,image_final_norm,fgx,gfx,0.0,1,
3,val,rot90,rot90,181,image_final_norm,fx,gx,0.0,1,
3,val,rot90,rot90,181,image_final_norm,fgx,gfx,0.0,1,
3,val,rot90,rot90,149,image_input_tokens,fx,gx,0.0,1,
3,val,rot90,rot90,149,image_input_tokens,fgx,gfx,0.0,1,
3,val,rot90,rot90,38,image_input_tokens,fx,gx,0.0,1,
3,val,rot90,rot90,38,image_input_tokens,fgx,gfx,0.0,1,
3,val,rot90,rot90,238,image_input_tokens,fx,gx,0.0,1,
3,val,rot90,rot90,238,image_input_tokens,fgx,gfx,0.0,1,
3,val,rot90,rot90,198,image_input_tokens,fx,gx,0.0,1,
3,val,rot90,rot90,198,image_input_tokens,fgx,gfx,0.0,1,
3,val,rot90,rot90,236,image_input_tokens,fx,gx,0.0,1,
3,val,rot90,rot90,236,image_input_tokens,fgx,gfx,0.0,1,
3,val,rot90,rot90,138,image_input_tokens,fx,gx,0.0,1,
3,val,rot90,rot90,138,image_input_tokens,fgx,gfx,0.0,1,
3,val,rot90,rot90,68,image_input_tokens,fx,gx,0.0,1,
3,val,rot90,rot90,68,image_input_tokens,fgx,gfx,0.0,1,
3,val,rot90,rot90,281,image_input_tokens,fx,gx,0.0,1,
3,val,rot90,rot90,281,image_input_tokens,fgx,gfx,0.0,1,
3,val,rot90,rot90,29,image_input_tokens,fx,gx,0.0,1,
3,val,rot90,rot90,29,image_input_tokens,fgx,gfx,0.0,1,
3,val,rot90,rot90,315,image_input_tokens,fx,gx,0.0,1,
3,val,rot90,rot90,315,image_input_tokens,fgx,gfx,0.0,1,
3,val,rot90,rot90,80,image_input_tokens,fx,gx,0.0,1,
3,val,rot90,rot90,80,image_input_tokens,fgx,gfx,0.0,1,
3,val,rot90,rot90,12,image_input_tokens,fx,gx,0.0,1,
3,val,rot90,rot90,12,image_input_tokens,fgx,gfx,0.0,1,
3,val,rot90,rot90,168,image_input_tokens,fx,gx,0.0,1,
3,val,rot90,rot90,168,image_input_tokens,fgx,gfx,0.0,1,
3,val,rot90,rot90,233,image_input_tokens,fx,gx,0.0,1,
3,val,rot90,rot90,233,image_input_tokens,fgx,gfx,0.0,1,
3,val,rot90,rot90,264,image_input_tokens,fx,gx,0.0,1,
3,val,rot90,rot90,264,image_input_tokens,fgx,gfx,0.0,1,
3,val,rot90,rot90,184,image_input_tokens,fx,gx,0.0,1,
3,val,rot90,rot90,184,image_input_tokens,fgx,gfx,0.0,1,
3,val,rot90,rot90,149,image_block_01,fx,gx,0.0,1,
3,val,rot90,rot90,149,image_block_01,fgx,gfx,0.0,1,
3,val,rot90,rot90,38,image_block_01,fx,gx,0.0,1,
3,val,rot90,rot90,38,image_block_01,fgx,gfx,0.0,1,
3,val,rot90,rot90,238,image_block_01,fx,gx,0.0,1,
3,val,rot90,rot90,238,image_block_01,fgx,gfx,0.0,1,
3,val,rot90,rot90,198,image_block_01,fx,gx,0.0,1,
3,val,rot90,rot90,198,image_block_01,fgx,gfx,0.0,1,
3,val,rot90,rot90,236,image_block_01,fx,gx,0.0,1,
3,val,rot90,rot90,236,image_block_01,fgx,gfx,0.0,1,
3,val,rot90,rot90,138,image_block_01,fx,gx,0.0,1,
3,val,rot90,rot90,138,image_block_01,fgx,gfx,0.0,1,
3,val,rot90,rot90,68,image_block_01,fx,gx,0.0,1,
3,val,rot90,rot90,68,image_block_01,fgx,gfx,0.0,1,
3,val,rot90,rot90,281,image_block_01,fx,gx,0.0,1,
3,val,rot90,rot90,281,image_block_01,fgx,gfx,0.0,1,
3,val,rot90,rot90,29,image_block_01,fx,gx,0.0,1,
3,val,rot90,rot90,29,image_block_01,fgx,gfx,0.0,1,
3,val,rot90,rot90,315,image_block_01,fx,gx,0.0,1,
3,val,rot90,rot90,315,image_block_01,fgx,gfx,0.0,1,
3,val,rot90,rot90,80,image_block_01,fx,gx,0.0,1,
3,val,rot90,rot90,80,image_block_01,fgx,gfx,0.0,1,
3,val,rot90,rot90,12,image_block_01,fx,gx,0.0,1,
3,val,rot90,rot90,12,image_block_01,fgx,gfx,0.0,1,
3,val,rot90,rot90,168,image_block_01,fx,gx,0.0,1,
3,val,rot90,rot90,168,image_block_01,fgx,gfx,0.0,1,
3,val,rot90,rot90,233,image_block_01,fx,gx,0.0,1,
3,val,rot90,rot90,233,image_block_01,fgx,gfx,0.0,1,
3,val,rot90,rot90,264,image_block_01,fx,gx,0.0,1,
3,val,rot90,rot90,264,image_block_01,fgx,gfx,0.0,1,
3,val,rot90,rot90,184,image_block_01,fx,gx,0.0,1,
3,val,rot90,rot90,184,image_block_01,fgx,gfx,0.0,1,
3,val,rot90,rot90,149,image_block_02,fx,gx,0.0,1,
3,val,rot90,rot90,149,image_block_02,fgx,gfx,0.0,1,
3,val,rot90,rot90,38,image_block_02,fx,gx,0.0,1,
3,val,rot90,rot90,38,image_block_02,fgx,gfx,0.0,1,
3,val,rot90,rot90,238,image_block_02,fx,gx,0.0,1,
3,val,rot90,rot90,238,image_block_02,fgx,gfx,0.0,1,
3,val,rot90,rot90,198,image_block_02,fx,gx,0.0,1,
3,val,rot90,rot90,198,image_block_02,fgx,gfx,0.0,1,
3,val,rot90,rot90,236,image_block_02,fx,gx,0.0,1,
3,val,rot90,rot90,236,image_block_02,fgx,gfx,0.0,1,
3,val,rot90,rot90,138,image_block_02,fx,gx,0.0,1,
3,val,rot90,rot90,138,image_block_02,fgx,gfx,0.0,1,
3,val,rot90,rot90,68,image_block_02,fx,gx,0.0,1,
3,val,rot90,rot90,68,image_block_02,fgx,gfx,0.0,1,
3,val,rot90,rot90,281,image_block_02,fx,gx,0.0,1,
3,val,rot90,rot90,281,image_block_02,fgx,gfx,0.0,1,
3,val,rot90,rot90,29,image_block_02,fx,gx,0.0,1,
3,val,rot90,rot90,29,image_block_02,fgx,gfx,0.0,1,
3,val,rot90,rot90,315,image_block_02,fx,gx,0.0,1,
3,val,rot90,rot90,315,image_block_02,fgx,gfx,0.0,1,
3,val,rot90,rot90,80,image_block_02,fx,gx,0.0,1,
3,val,rot90,rot90,80,image_block_02,fgx,gfx,0.0,1,
3,val,rot90,rot90,12,image_block_02,fx,gx,0.0,1,
3,val,rot90,rot90,12,image_block_02,fgx,gfx,0.0,1,
3,val,rot90,rot90,168,image_block_02,fx,gx,0.0,1,
3,val,rot90,rot90,168,image_block_02,fgx,gfx,0.0,1,
3,val,rot90,rot90,233,image_block_02,fx,gx,0.0,1,
3,val,rot90,rot90,233,image_block_02,fgx,gfx,0.0,1,
3,val,rot90,rot90,264,image_block_02,fx,gx,0.0,1,
3,val,rot90,rot90,264,image_block_02,fgx,gfx,0.0,1,
3,val,rot90,rot90,184,image_block_02,fx,gx,0.0,1,
3,val,rot90,rot90,184,image_block_02,fgx,gfx,0.0,1,
3,val,rot90,rot90,149,image_block_03,fx,gx,0.0,1,
3,val,rot90,rot90,149,image_block_03,fgx,gfx,0.0,1,
3,val,rot90,rot90,38,image_block_03,fx,gx,0.0,1,
3,val,rot90,rot90,38,image_block_03,fgx,gfx,0.0,1,
3,val,rot90,rot90,238,image_block_03,fx,gx,0.0,1,
3,val,rot90,rot90,238,image_block_03,fgx,gfx,0.0,1,
3,val,rot90,rot90,198,image_block_03,fx,gx,0.0,1,
3,val,rot90,rot90,198,image_block_03,fgx,gfx,0.0,1,
3,val,rot90,rot90,236,image_block_03,fx,gx,0.0,1,
3,val,rot90,rot90,236,image_block_03,fgx,gfx,0.0,1,
3,val,rot90,rot90,138,image_block_03,fx,gx,0.0,1,
3,val,rot90,rot90,138,image_block_03,fgx,gfx,0.0,1,
3,val,rot90,rot90,68,image_block_03,fx,gx,0.0,1,
3,val,rot90,rot90,68,image_block_03,fgx,gfx,0.0,1,
3,val,rot90,rot90,281,image_block_03,fx,gx,0.0,1,
3,val,rot90,rot90,281,image_block_03,fgx,gfx,0.0,1,
3,val,rot90,rot90,29,image_block_03,fx,gx,0.0,1,
3,val,rot90,rot90,29,image_block_03,fgx,gfx,0.0,1,
3,val,rot90,rot90,315,image_block_03,fx,gx,0.0,1,
3,val,rot90,rot90,315,image_block_03,fgx,gfx,0.0,1,
3,val,rot90,rot90,80,image_block_03,fx,gx,0.0,1,
3,val,rot90,rot90,80,image_block_03,fgx,gfx,0.0,1,
3,val,rot90,rot90,12,image_block_03,fx,gx,0.0,1,
3,val,rot90,rot90,12,image_block_03,fgx,gfx,0.0,1,
3,val,rot90,rot90,168,image_block_03,fx,gx,0.0,1,
3,val,rot90,rot90,168,image_block_03,fgx,gfx,0.0,1,
3,val,rot90,rot90,233,image_block_03,fx,gx,0.0,1,
3,val,rot90,rot90,233,image_block_03,fgx,gfx,0.0,1,
3,val,rot90,rot90,264,image_block_03,fx,gx,0.0,1,
3,val,rot90,rot90,264,image_block_03,fgx,gfx,0.0,1,
3,val,rot90,rot90,184,image_block_03,fx,gx,0.0,1,
3,val,rot90,rot90,184,image_block_03,fgx,gfx,0.0,1,
3,val,rot90,rot90,149,image_block_04,fx,gx,0.0,1,
3,val,rot90,rot90,149,image_block_04,fgx,gfx,0.0,1,
3,val,rot90,rot90,38,image_block_04,fx,gx,0.0,1,
3,val,rot90,rot90,38,image_block_04,fgx,gfx,0.0,1,
3,val,rot90,rot90,238,image_block_04,fx,gx,0.0,1,
3,val,rot90,rot90,238,image_block_04,fgx,gfx,0.0,1,
3,val,rot90,rot90,198,image_block_04,fx,gx,0.0,1,
3,val,rot90,rot90,198,image_block_04,fgx,gfx,0.0,1,
3,val,rot90,rot90,236,image_block_04,fx,gx,0.0,1,
3,val,rot90,rot90,236,image_block_04,fgx,gfx,0.0,1,
3,val,rot90,rot90,138,image_block_04,fx,gx,0.0,1,
3,val,rot90,rot90,138,image_block_04,fgx,gfx,0.0,1,
3,val,rot90,rot90,68,image_block_04,fx,gx,0.0,1,
3,val,rot90,rot90,68,image_block_04,fgx,gfx,0.0,1,
3,val,rot90,rot90,281,image_block_04,fx,gx,0.0,1,
3,val,rot90,rot90,281,image_block_04,fgx,gfx,0.0,1,
3,val,rot90,rot90,29,image_block_04,fx,gx,0.0,1,
3,val,rot90,rot90,29,image_block_04,fgx,gfx,0.0,1,
3,val,rot90,rot90,315,image_block_04,fx,gx,0.0,1,
3,val,rot90,rot90,315,image_block_04,fgx,gfx,0.0,1,
3,val,rot90,rot90,80,image_block_04,fx,gx,0.0,1,
3,val,rot90,rot90,80,image_block_04,fgx,gfx,0.0,1,
3,val,rot90,rot90,12,image_block_04,fx,gx,0.0,1,
3,val,rot90,rot90,12,image_block_04,fgx,gfx,0.0,1,
3,val,rot90,rot90,168,image_block_04,fx,gx,0.0,1,
3,val,rot90,rot90,168,image_block_04,fgx,gfx,0.0,1,
3,val,rot90,rot90,233,image_block_04,fx,gx,0.0,1,
3,val,rot90,rot90,233,image_block_04,fgx,gfx,0.0,1,
3,val,rot90,rot90,264,image_block_04,fx,gx,0.0,1,
3,val,rot90,rot90,264,image_block_04,fgx,gfx,0.0,1,
3,val,rot90,rot90,184,image_block_04,fx,gx,0.0,1,
3,val,rot90,rot90,184,image_block_04,fgx,gfx,0.0,1,
3,val,rot90,rot90,149,image_block_05,fx,gx,0.0,1,
3,val,rot90,rot90,149,image_block_05,fgx,gfx,0.0,1,
3,val,rot90,rot90,38,image_block_05,fx,gx,0.0,1,
3,val,rot90,rot90,38,image_block_05,fgx,gfx,0.0,1,
3,val,rot90,rot90,238,image_block_05,fx,gx,0.0,1,
3,val,rot90,rot90,238,image_block_05,fgx,gfx,0.0,1,
3,val,rot90,rot90,198,image_block_05,fx,gx,0.0,1,
3,val,rot90,rot90,198,image_block_05,fgx,gfx,0.0,1,
3,val,rot90,rot90,236,image_block_05,fx,gx,0.0,1,
3,val,rot90,rot90,236,image_block_05,fgx,gfx,0.0,1,
3,val,rot90,rot90,138,image_block_05,fx,gx,0.0,1,
3,val,rot90,rot90,138,image_block_05,fgx,gfx,0.0,1,
3,val,rot90,rot90,68,image_block_05,fx,gx,0.0,1,
3,val,rot90,rot90,68,image_block_05,fgx,gfx,0.0,1,
3,val,rot90,rot90,281,image_block_05,fx,gx,0.0,1,
3,val,rot90,rot90,281,image_block_05,fgx,gfx,0.0,1,
3,val,rot90,rot90,29,image_block_05,fx,gx,0.0,1,
3,val,rot90,rot90,29,image_block_05,fgx,gfx,0.0,1,
3,val,rot90,rot90,315,image_block_05,fx,gx,0.0,1,
3,val,rot90,rot90,315,image_block_05,fgx,gfx,0.0,1,
3,val,rot90,rot90,80,image_block_05,fx,gx,0.0,1,
3,val,rot90,rot90,80,image_block_05,fgx,gfx,0.0,1,
3,val,rot90,rot90,12,image_block_05,fx,gx,0.0,1,
3,val,rot90,rot90,12,image_block_05,fgx,gfx,0.0,1,
3,val,rot90,rot90,168,image_block_05,fx,gx,0.0,1,
3,val,rot90,rot90,168,image_block_05,fgx,gfx,0.0,1,
3,val,rot90,rot90,233,image_block_05,fx,gx,0.0,1,
3,val,rot90,rot90,233,image_block_05,fgx,gfx,0.0,1,
3,val,rot90,rot90,264,image_block_05,fx,gx,0.0,1,
3,val,rot90,rot90,264,image_block_05,fgx,gfx,0.0,1,
3,val,rot90,rot90,184,image_block_05,fx,gx,0.0,1,
3,val,rot90,rot90,184,image_block_05,fgx,gfx,0.0,1,
3,val,rot90,rot90,149,image_block_06,fx,gx,0.0,1,
3,val,rot90,rot90,149,image_block_06,fgx,gfx,0.0,1,
3,val,rot90,rot90,38,image_block_06,fx,gx,0.0,1,
3,val,rot90,rot90,38,image_block_06,fgx,gfx,0.0,1,
3,val,rot90,rot90,238,image_block_06,fx,gx,0.0,1,
3,val,rot90,rot90,238,image_block_06,fgx,gfx,0.0,1,
3,val,rot90,rot90,198,image_block_06,fx,gx,0.0,1,
3,val,rot90,rot90,198,image_block_06,fgx,gfx,0.0,1,
3,val,rot90,rot90,236,image_block_06,fx,gx,0.0,1,
3,val,rot90,rot90,236,image_block_06,fgx,gfx,0.0,1,
3,val,rot90,rot90,138,image_block_06,fx,gx,0.0,1,
3,val,rot90,rot90,138,image_block_06,fgx,gfx,0.0,1,
3,val,rot90,rot90,68,image_block_06,fx,gx,0.0,1,
3,val,rot90,rot90,68,image_block_06,fgx,gfx,0.0,1,
3,val,rot90,rot90,281,image_block_06,fx,gx,0.0,1,
3,val,rot90,rot90,281,image_block_06,fgx,gfx,0.0,1,
3,val,rot90,rot90,29,image_block_06,fx,gx,0.0,1,
3,val,rot90,rot90,29,image_block_06,fgx,gfx,0.0,1,
3,val,rot90,rot90,315,image_block_06,fx,gx,0.0,1,
3,val,rot90,rot90,315,image_block_06,fgx,gfx,0.0,1,
3,val,rot90,rot90,80,image_block_06,fx,gx,0.0,1,
3,val,rot90,rot90,80,image_block_06,fgx,gfx,0.0,1,
3,val,rot90,rot90,12,image_block_06,fx,gx,0.0,1,
3,val,rot90,rot90,12,image_block_06,fgx,gfx,0.0,1,
3,val,rot90,rot90,168,image_block_06,fx,gx,0.0,1,
3,val,rot90,rot90,168,image_block_06,fgx,gfx,0.0,1,
3,val,rot90,rot90,233,image_block_06,fx,gx,0.0,1,
3,val,rot90,rot90,233,image_block_06,fgx,gfx,0.0,1,
3,val,rot90,rot90,264,image_block_06,fx,gx,0.0,1,
3,val,rot90,rot90,264,image_block_06,fgx,gfx,0.0,1,
3,val,rot90,rot90,184,image_block_06,fx,gx,0.0,1,
3,val,rot90,rot90,184,image_block_06,fgx,gfx,0.0,1,
3,val,rot90,rot90,149,image_final_norm,fx,gx,0.0,1,
3,val,rot90,rot90,149,image_final_norm,fgx,gfx,0.0,1,
3,val,rot90,rot90,38,image_final_norm,fx,gx,0.0,1,
3,val,rot90,rot90,38,image_final_norm,fgx,gfx,0.0,1,
3,val,rot90,rot90,238,image_final_norm,fx,gx,0.0,1,
3,val,rot90,rot90,238,image_final_norm,fgx,gfx,0.0,1,
3,val,rot90,rot90,198,image_final_norm,fx,gx,0.0,1,
3,val,rot90,rot90,198,image_final_norm,fgx,gfx,0.0,1,
3,val,rot90,rot90,236,image_final_norm,fx,gx,0.0,1,
3,val,rot90,rot90,236,image_final_norm,fgx,gfx,0.0,1,
3,val,rot90,rot90,138,image_final_norm,fx,gx,0.0,1,
3,val,rot90,rot90,138,image_final_norm,fgx,gfx,0.0,1,
3,val,rot90,rot90,68,image_final_norm,fx,gx,0.0,1,
3,val,rot90,rot90,68,image_final_norm,fgx,gfx,0.0,1,
3,val,rot90,rot90,281,image_final_norm,fx,gx,0.0,1,
3,val,rot90,rot90,281,image_final_norm,fgx,gfx,0.0,1,
3,val,rot90,rot90,29,image_final_norm,fx,gx,0.0,1,
3,val,rot90,rot90,29,image_final_norm,fgx,gfx,0.0,1,
3,val,rot90,rot90,315,image_final_norm,fx,gx,0.0,1,
3,val,rot90,rot90,315,image_final_norm,fgx,gfx,0.0,1,
3,val,rot90,rot90,80,image_final_norm,fx,gx,0.0,1,
3,val,rot90,rot90,80,image_final_norm,fgx,gfx,0.0,1,
3,val,rot90,rot90,12,image_final_norm,fx,gx,0.0,1,
3,val,rot90,rot90,12,image_final_norm,fgx,gfx,0.0,1,
3,val,rot90,rot90,168,image_final_norm,fx,gx,0.0,1,
3,val,rot90,rot90,168,image_final_norm,fgx,gfx,0.0,1,
3,val,rot90,rot90,233,image_final_norm,fx,gx,0.0,1,
3,val,rot90,rot90,233,image_final_norm,fgx,gfx,0.0,1,
3,val,rot90,rot90,264,image_final_norm,fx,gx,0.0,1,
3,val,rot90,rot90,264,image_final_norm,fgx,gfx,0.0,1,
3,val,rot90,rot90,184,image_final_norm,fx,gx,0.0,1,
3,val,rot90,rot90,184,image_final_norm,fgx,gfx,0.0,1,
3,val,rot90,rot90,126,image_input_tokens,fx,gx,0.0,1,
3,val,rot90,rot90,126,image_input_tokens,fgx,gfx,0.0,1,
3,val,rot90,rot90,259,image_input_tokens,fx,gx,0.0,1,
3,val,rot90,rot90,259,image_input_tokens,fgx,gfx,0.0,1,
3,val,rot90,rot90,104,image_input_tokens,fx,gx,0.0,1,
3,val,rot90,rot90,104,image_input_tokens,fgx,gfx,0.0,1,
3,val,rot90,rot90,25,image_input_tokens,fx,gx,0.0,1,
3,val,rot90,rot90,25,image_input_tokens,fgx,gfx,0.0,1,
3,val,rot90,rot90,284,image_input_tokens,fx,gx,0.0,1,
3,val,rot90,rot90,284,image_input_tokens,fgx,gfx,0.0,1,
3,val,rot90,rot90,273,image_input_tokens,fx,gx,0.0,1,
3,val,rot90,rot90,273,image_input_tokens,fgx,gfx,0.0,1,
3,val,rot90,rot90,318,image_input_tokens,fx,gx,0.0,1,
3,val,rot90,rot90,318,image_input_tokens,fgx,gfx,0.0,1,
3,val,rot90,rot90,40,image_input_tokens,fx,gx,0.0,1,
3,val,rot90,rot90,40,image_input_tokens,fgx,gfx,0.0,1,
3,val,rot90,rot90,200,image_input_tokens,fx,gx,0.0,1,
3,val,rot90,rot90,200,image_input_tokens,fgx,gfx,0.0,1,
3,val,rot90,rot90,312,image_input_tokens,fx,gx,0.0,1,
3,val,rot90,rot90,312,image_input_tokens,fgx,gfx,0.0,1,
3,val,rot90,rot90,118,image_input_tokens,fx,gx,0.0,1,
3,val,rot90,rot90,118,image_input_tokens,fgx,gfx,0.0,1,
3,val,rot90,rot90,75,image_input_tokens,fx,gx,0.0,1,
3,val,rot90,rot90,75,image_input_tokens,fgx,gfx,0.0,1,
3,val,rot90,rot90,235,image_input_tokens,fx,gx,0.0,1,
3,val,rot90,rot90,235,image_input_tokens,fgx,gfx,0.0,1,
3,val,rot90,rot90,159,image_input_tokens,fx,gx,0.0,1,
3,val,rot90,rot90,159,image_input_tokens,fgx,gfx,0.0,1,
3,val,rot90,rot90,134,image_input_tokens,fx,gx,0.0,1,
3,val,rot90,rot90,134,image_input_tokens,fgx,gfx,0.0,1,
3,val,rot90,rot90,261,image_input_tokens,fx,gx,0.0,1,
3,val,rot90,rot90,261,image_input_tokens,fgx,gfx,0.0,1,
3,val,rot90,rot90,126,image_block_01,fx,gx,0.0,1,
3,val,rot90,rot90,126,image_block_01,fgx,gfx,0.0,1,
3,val,rot90,rot90,259,image_block_01,fx,gx,0.0,1,
3,val,rot90,rot90,259,image_block_01,fgx,gfx,0.0,1,
3,val,rot90,rot90,104,image_block_01,fx,gx,0.0,1,
3,val,rot90,rot90,104,image_block_01,fgx,gfx,0.0,1,
3,val,rot90,rot90,25,image_block_01,fx,gx,0.0,1,
3,val,rot90,rot90,25,image_block_01,fgx,gfx,0.0,1,
3,val,rot90,rot90,284,image_block_01,fx,gx,0.0,1,
3,val,rot90,rot90,284,image_block_01,fgx,gfx,0.0,1,
3,val,rot90,rot90,273,image_block_01,fx,gx,0.0,1,
3,val,rot90,rot90,273,image_block_01,fgx,gfx,0.0,1,
3,val,rot90,rot90,318,image_block_01,fx,gx,0.0,1,
3,val,rot90,rot90,318,image_block_01,fgx,gfx,0.0,1,
3,val,rot90,rot90,40,image_block_01,fx,gx,0.0,1,
3,val,rot90,rot90,40,image_block_01,fgx,gfx,0.0,1,
3,val,rot90,rot90,200,image_block_01,fx,gx,0.0,1,
3,val,rot90,rot90,200,image_block_01,fgx,gfx,0.0,1,
3,val,rot90,rot90,312,image_block_01,fx,gx,0.0,1,
3,val,rot90,rot90,312,image_block_01,fgx,gfx,0.0,1,
3,val,rot90,rot90,118,image_block_01,fx,gx,0.0,1,
3,val,rot90,rot90,118,image_block_01,fgx,gfx,0.0,1,
3,val,rot90,rot90,75,image_block_01,fx,gx,0.0,1,
3,val,rot90,rot90,75,image_block_01,fgx,gfx,0.0,1,
3,val,rot90,rot90,235,image_block_01,fx,gx,0.0,1,
3,val,rot90,rot90,235,image_block_01,fgx,gfx,0.0,1,
3,val,rot90,rot90,159,image_block_01,fx,gx,0.0,1,
3,val,rot90,rot90,159,image_block_01,fgx,gfx,0.0,1,
3,val,rot90,rot90,134,image_block_01,fx,gx,0.0,1,
3,val,rot90,rot90,134,image_block_01,fgx,gfx,0.0,1,
3,val,rot90,rot90,261,image_block_01,fx,gx,0.0,1,
3,val,rot90,rot90,261,image_block_01,fgx,gfx,0.0,1,
3,val,rot90,rot90,126,image_block_02,fx,gx,0.0,1,
3,val,rot90,rot90,126,image_block_02,fgx,gfx,0.0,1,
3,val,rot90,rot90,259,image_block_02,fx,gx,0.0,1,
3,val,rot90,rot90,259,image_block_02,fgx,gfx,0.0,1,
3,val,rot90,rot90,104,image_block_02,fx,gx,0.0,1,
3,val,rot90,rot90,104,image_block_02,fgx,gfx,0.0,1,
3,val,rot90,rot90,25,image_block_02,fx,gx,0.0,1,
3,val,rot90,rot90,25,image_block_02,fgx,gfx,0.0,1,
3,val,rot90,rot90,284,image_block_02,fx,gx,0.0,1,
3,val,rot90,rot90,284,image_block_02,fgx,gfx,0.0,1,
3,val,rot90,rot90,273,image_block_02,fx,gx,0.0,1,
3,val,rot90,rot90,273,image_block_02,fgx,gfx,0.0,1,
3,val,rot90,rot90,318,image_block_02,fx,gx,0.0,1,
3,val,rot90,rot90,318,image_block_02,fgx,gfx,0.0,1,
3,val,rot90,rot90,40,image_block_02,fx,gx,0.0,1,
3,val,rot90,rot90,40,image_block_02,fgx,gfx,0.0,1,
3,val,rot90,rot90,200,image_block_02,fx,gx,0.0,1,
3,val,rot90,rot90,200,image_block_02,fgx,gfx,0.0,1,
3,val,rot90,rot90,312,image_block_02,fx,gx,0.0,1,
3,val,rot90,rot90,312,image_block_02,fgx,gfx,0.0,1,
3,val,rot90,rot90,118,image_block_02,fx,gx,0.0,1,
3,val,rot90,rot90,118,image_block_02,fgx,gfx,0.0,1,
3,val,rot90,rot90,75,image_block_02,fx,gx,0.0,1,
3,val,rot90,rot90,75,image_block_02,fgx,gfx,0.0,1,
3,val,rot90,rot90,235,image_block_02,fx,gx,0.0,1,
3,val,rot90,rot90,235,image_block_02,fgx,gfx,0.0,1,
3,val,rot90,rot90,159,image_block_02,fx,gx,0.0,1,
3,val,rot90,rot90,159,image_block_02,fgx,gfx,0.0,1,
3,val,rot90,rot90,134,image_block_02,fx,gx,0.0,1,
3,val,rot90,rot90,134,image_block_02,fgx,gfx,0.0,1,
3,val,rot90,rot90,261,image_block_02,fx,gx,0.0,1,
3,val,rot90,rot90,261,image_block_02,fgx,gfx,0.0,1,
3,val,rot90,rot90,126,image_block_03,fx,gx,0.0,1,
3,val,rot90,rot90,126,image_block_03,fgx,gfx,0.0,1,
3,val,rot90,rot90,259,image_block_03,fx,gx,0.0,1,
3,val,rot90,rot90,259,image_block_03,fgx,gfx,0.0,1,
3,val,rot90,rot90,104,image_block_03,fx,gx,0.0,1,
3,val,rot90,rot90,104,image_block_03,fgx,gfx,0.0,1,
3,val,rot90,rot90,25,image_block_03,fx,gx,0.0,1,
3,val,rot90,rot90,25,image_block_03,fgx,gfx,0.0,1,
3,val,rot90,rot90,284,image_block_03,fx,gx,0.0,1,
3,val,rot90,rot90,284,image_block_03,fgx,gfx,0.0,1,
3,val,rot90,rot90,273,image_block_03,fx,gx,0.0,1,
3,val,rot90,rot90,273,image_block_03,fgx,gfx,0.0,1,
3,val,rot90,rot90,318,image_block_03,fx,gx,0.0,1,
3,val,rot90,rot90,318,image_block_03,fgx,gfx,0.0,1,
3,val,rot90,rot90,40,image_block_03,fx,gx,0.0,1,
3,val,rot90,rot90,40,image_block_03,fgx,gfx,0.0,1,
3,val,rot90,rot90,200,image_block_03,fx,gx,0.0,1,
3,val,rot90,rot90,200,image_block_03,fgx,gfx,0.0,1,
3,val,rot90,rot90,312,image_block_03,fx,gx,0.0,1,
3,val,rot90,rot90,312,image_block_03,fgx,gfx,0.0,1,
3,val,rot90,rot90,118,image_block_03,fx,gx,0.0,1,
3,val,rot90,rot90,118,image_block_03,fgx,gfx,0.0,1,
3,val,rot90,rot90,75,image_block_03,fx,gx,0.0,1,
3,val,rot90,rot90,75,image_block_03,fgx,gfx,0.0,1,
3,val,rot90,rot90,235,image_block_03,fx,gx,0.0,1,
3,val,rot90,rot90,235,image_block_03,fgx,gfx,0.0,1,
3,val,rot90,rot90,159,image_block_03,fx,gx,0.0,1,
3,val,rot90,rot90,159,image_block_03,fgx,gfx,0.0,1,
3,val,rot90,rot90,134,image_block_03,fx,gx,0.0,1,
3,val,rot90,rot90,134,image_block_03,fgx,gfx,0.0,1,
3,val,rot90,rot90,261,image_block_03,fx,gx,0.0,1,
3,val,rot90,rot90,261,image_block_03,fgx,gfx,0.0,1,
3,val,rot90,rot90,126,image_block_04,fx,gx,0.0,1,
3,val,rot90,rot90,126,image_block_04,fgx,gfx,0.0,1,
3,val,rot90,rot90,259,image_block_04,fx,gx,0.0,1,
3,val,rot90,rot90,259,image_block_04,fgx,gfx,0.0,1,
3,val,rot90,rot90,104,image_block_04,fx,gx,0.0,1,
3,val,rot90,rot90,104,image_block_04,fgx,gfx,0.0,1,
3,val,rot90,rot90,25,image_block_04,fx,gx,0.0,1,
3,val,rot90,rot90,25,image_block_04,fgx,gfx,0.0,1,
3,val,rot90,rot90,284,image_block_04,fx,gx,0.0,1,
3,val,rot90,rot90,284,image_block_04,fgx,gfx,0.0,1,
3,val,rot90,rot90,273,image_block_04,fx,gx,0.0,1,
3,val,rot90,rot90,273,image_block_04,fgx,gfx,0.0,1,
3,val,rot90,rot90,318,image_block_04,fx,gx,0.0,1,
3,val,rot90,rot90,318,image_block_04,fgx,gfx,0.0,1,
3,val,rot90,rot90,40,image_block_04,fx,gx,0.0,1,
3,val,rot90,rot90,40,image_block_04,fgx,gfx,0.0,1,
3,val,rot90,rot90,200,image_block_04,fx,gx,0.0,1,
3,val,rot90,rot90,200,image_block_04,fgx,gfx,0.0,1,
3,val,rot90,rot90,312,image_block_04,fx,gx,0.0,1,
3,val,rot90,rot90,312,image_block_04,fgx,gfx,0.0,1,
3,val,rot90,rot90,118,image_block_04,fx,gx,0.0,1,
3,val,rot90,rot90,118,image_block_04,fgx,gfx,0.0,1,
3,val,rot90,rot90,75,image_block_04,fx,gx,0.0,1,
3,val,rot90,rot90,75,image_block_04,fgx,gfx,0.0,1,
3,val,rot90,rot90,235,image_block_04,fx,gx,0.0,1,
3,val,rot90,rot90,235,image_block_04,fgx,gfx,0.0,1,
3,val,rot90,rot90,159,image_block_04,fx,gx,0.0,1,
3,val,rot90,rot90,159,image_block_04,fgx,gfx,0.0,1,
3,val,rot90,rot90,134,image_block_04,fx,gx,0.0,1,
3,val,rot90,rot90,134,image_block_04,fgx,gfx,0.0,1,
3,val,rot90,rot90,261,image_block_04,fx,gx,0.0,1,
3,val,rot90,rot90,261,image_block_04,fgx,gfx,0.0,1,
3,val,rot90,rot90,126,image_block_05,fx,gx,0.0,1,
3,val,rot90,rot90,126,image_block_05,fgx,gfx,0.0,1,
3,val,rot90,rot90,259,image_block_05,fx,gx,0.0,1,
3,val,rot90,rot90,259,image_block_05,fgx,gfx,0.0,1,
3,val,rot90,rot90,104,image_block_05,fx,gx,0.0,1,
3,val,rot90,rot90,104,image_block_05,fgx,gfx,0.0,1,
3,val,rot90,rot90,25,image_block_05,fx,gx,0.0,1,
3,val,rot90,rot90,25,image_block_05,fgx,gfx,0.0,1,
3,val,rot90,rot90,284,image_block_05,fx,gx,0.0,1,
3,val,rot90,rot90,284,image_block_05,fgx,gfx,0.0,1,
3,val,rot90,rot90,273,image_block_05,fx,gx,0.0,1,
3,val,rot90,rot90,273,image_block_05,fgx,gfx,0.0,1,
3,val,rot90,rot90,318,image_block_05,fx,gx,0.0,1,
3,val,rot90,rot90,318,image_block_05,fgx,gfx,0.0,1,
3,val,rot90,rot90,40,image_block_05,fx,gx,0.0,1,
3,val,rot90,rot90,40,image_block_05,fgx,gfx,0.0,1,
3,val,rot90,rot90,200,image_block_05,fx,gx,0.0,1,
3,val,rot90,rot90,200,image_block_05,fgx,gfx,0.0,1,
3,val,rot90,rot90,312,image_block_05,fx,gx,0.0,1,
3,val,rot90,rot90,312,image_block_05,fgx,gfx,0.0,1,
3,val,rot90,rot90,118,image_block_05,fx,gx,0.0,1,
3,val,rot90,rot90,118,image_block_05,fgx,gfx,0.0,1,
3,val,rot90,rot90,75,image_block_05,fx,gx,0.0,1,
3,val,rot90,rot90,75,image_block_05,fgx,gfx,0.0,1,
3,val,rot90,rot90,235,image_block_05,fx,gx,0.0,1,
3,val,rot90,rot90,235,image_block_05,fgx,gfx,0.0,1,
3,val,rot90,rot90,159,image_block_05,fx,gx,0.0,1,
3,val,rot90,rot90,159,image_block_05,fgx,gfx,0.0,1,
3,val,rot90,rot90,134,image_block_05,fx,gx,0.0,1,
3,val,rot90,rot90,134,image_block_05,fgx,gfx,0.0,1,
3,val,rot90,rot90,261,image_block_05,fx,gx,0.0,1,
3,val,rot90,rot90,261,image_block_05,fgx,gfx,0.0,1,
3,val,rot90,rot90,126,image_block_06,fx,gx,0.0,1,
3,val,rot90,rot90,126,image_block_06,fgx,gfx,0.0,1,
3,val,rot90,rot90,259,image_block_06,fx,gx,0.0,1,
3,val,rot90,rot90,259,image_block_06,fgx,gfx,0.0,1,
3,val,rot90,rot90,104,image_block_06,fx,gx,0.0,1,
3,val,rot90,rot90,104,image_block_06,fgx,gfx,0.0,1,
3,val,rot90,rot90,25,image_block_06,fx,gx,0.0,1,
3,val,rot90,rot90,25,image_block_06,fgx,gfx,0.0,1,
3,val,rot90,rot90,284,image_block_06,fx,gx,0.0,1,
3,val,rot90,rot90,284,image_block_06,fgx,gfx,0.0,1,
3,val,rot90,rot90,273,image_block_06,fx,gx,0.0,1,
3,val,rot90,rot90,273,image_block_06,fgx,gfx,0.0,1,
3,val,rot90,rot90,318,image_block_06,fx,gx,0.0,1,
3,val,rot90,rot90,318,image_block_06,fgx,gfx,0.0,1,
3,val,rot90,rot90,40,image_block_06,fx,gx,0.0,1,
3,val,rot90,rot90,40,image_block_06,fgx,gfx,0.0,1,
3,val,rot90,rot90,200,image_block_06,fx,gx,0.0,1,
3,val,rot90,rot90,200,image_block_06,fgx,gfx,0.0,1,
3,val,rot90,rot90,312,image_block_06,fx,gx,0.0,1,
3,val,rot90,rot90,312,image_block_06,fgx,gfx,0.0,1,
3,val,rot90,rot90,118,image_block_06,fx,gx,0.0,1,
3,val,rot90,rot90,118,image_block_06,fgx,gfx,0.0,1,
3,val,rot90,rot90,75,image_block_06,fx,gx,0.0,1,
3,val,rot90,rot90,75,image_block_06,fgx,gfx,0.0,1,
3,val,rot90,rot90,235,image_block_06,fx,gx,0.0,1,
3,val,rot90,rot90,235,image_block_06,fgx,gfx,0.0,1,
3,val,rot90,rot90,159,image_block_06,fx,gx,0.0,1,
3,val,rot90,rot90,159,image_block_06,fgx,gfx,0.0,1,
3,val,rot90,rot90,134,image_block_06,fx,gx,0.0,1,
3,val,rot90,rot90,134,image_block_06,fgx,gfx,0.0,1,
3,val,rot90,rot90,261,image_block_06,fx,gx,0.0,1,
3,val,rot90,rot90,261,image_block_06,fgx,gfx,0.0,1,
3,val,rot90,rot90,126,image_final_norm,fx,gx,0.0,1,
3,val,rot90,rot90,126,image_final_norm,fgx,gfx,0.0,1,
3,val,rot90,rot90,259,image_final_norm,fx,gx,0.0,1,
3,val,rot90,rot90,259,image_final_norm,fgx,gfx,0.0,1,
3,val,rot90,rot90,104,image_final_norm,fx,gx,0.0,1,
3,val,rot90,rot90,104,image_final_norm,fgx,gfx,0.0,1,
3,val,rot90,rot90,25,image_final_norm,fx,gx,0.0,1,
3,val,rot90,rot90,25,image_final_norm,fgx,gfx,0.0,1,
3,val,rot90,rot90,284,image_final_norm,fx,gx,0.0,1,
3,val,rot90,rot90,284,image_final_norm,fgx,gfx,0.0,1,
3,val,rot90,rot90,273,image_final_norm,fx,gx,0.0,1,
3,val,rot90,rot90,273,image_final_norm,fgx,gfx,0.0,1,
3,val,rot90,rot90,318,image_final_norm,fx,gx,0.0,1,
3,val,rot90,rot90,318,image_final_norm,fgx,gfx,0.0,1,
3,val,rot90,rot90,40,image_final_norm,fx,gx,0.0,1,
3,val,rot90,rot90,40,image_final_norm,fgx,gfx,0.0,1,
3,val,rot90,rot90,200,image_final_norm,fx,gx,0.0,1,
3,val,rot90,rot90,200,image_final_norm,fgx,gfx,0.0,1,
3,val,rot90,rot90,312,image_final_norm,fx,gx,0.0,1,
3,val,rot90,rot90,312,image_final_norm,fgx,gfx,0.0,1,
3,val,rot90,rot90,118,image_final_norm,fx,gx,0.0,1,
3,val,rot90,rot90,118,image_final_norm,fgx,gfx,0.0,1,
3,val,rot90,rot90,75,image_final_norm,fx,gx,0.0,1,
3,val,rot90,rot90,75,image_final_norm,fgx,gfx,0.0,1,
3,val,rot90,rot90,235,image_final_norm,fx,gx,0.0,1,
3,val,rot90,rot90,235,image_final_norm,fgx,gfx,0.0,1,
3,val,rot90,rot90,159,image_final_norm,fx,gx,0.0,1,
3,val,rot90,rot90,159,image_final_norm,fgx,gfx,0.0,1,
3,val,rot90,rot90,134,image_final_norm,fx,gx,0.0,1,
3,val,rot90,rot90,134,image_final_norm,fgx,gfx,0.0,1,
3,val,rot90,rot90,261,image_final_norm,fx,gx,0.0,1,
3,val,rot90,rot90,261,image_final_norm,fgx,gfx,0.0,1,
3,val,rot90,rot90,263,image_input_tokens,fx,gx,0.0,1,
3,val,rot90,rot90,263,image_input_tokens,fgx,gfx,0.0,1,
3,val,rot90,rot90,276,image_input_tokens,fx,gx,0.0,1,
3,val,rot90,rot90,276,image_input_tokens,fgx,gfx,0.0,1,
3,val,rot90,rot90,180,image_input_tokens,fx,gx,0.0,1,
3,val,rot90,rot90,180,image_input_tokens,fgx,gfx,0.0,1,
3,val,rot90,rot90,143,image_input_tokens,fx,gx,0.0,1,
3,val,rot90,rot90,143,image_input_tokens,fgx,gfx,0.0,1,
3,val,rot90,rot90,58,image_input_tokens,fx,gx,0.0,1,
3,val,rot90,rot90,58,image_input_tokens,fgx,gfx,0.0,1,
3,val,rot90,rot90,283,image_input_tokens,fx,gx,0.0,1,
3,val,rot90,rot90,283,image_input_tokens,fgx,gfx,0.0,1,
3,val,rot90,rot90,158,image_input_tokens,fx,gx,0.0,1,
3,val,rot90,rot90,158,image_input_tokens,fgx,gfx,0.0,1,
3,val,rot90,rot90,89,image_input_tokens,fx,gx,0.0,1,
3,val,rot90,rot90,89,image_input_tokens,fgx,gfx,0.0,1,
3,val,rot90,rot90,226,image_input_tokens,fx,gx,0.0,1,
3,val,rot90,rot90,226,image_input_tokens,fgx,gfx,0.0,1,
3,val,rot90,rot90,171,image_input_tokens,fx,gx,0.0,1,
3,val,rot90,rot90,171,image_input_tokens,fgx,gfx,0.0,1,
3,val,rot90,rot90,70,image_input_tokens,fx,gx,0.0,1,
3,val,rot90,rot90,70,image_input_tokens,fgx,gfx,0.0,1,
3,val,rot90,rot90,144,image_input_tokens,fx,gx,0.0,1,
3,val,rot90,rot90,144,image_input_tokens,fgx,gfx,0.0,1,
3,val,rot90,rot90,271,image_input_tokens,fx,gx,0.0,1,
3,val,rot90,rot90,271,image_input_tokens,fgx,gfx,0.0,1,
3,val,rot90,rot90,179,image_input_tokens,fx,gx,0.0,1,
3,val,rot90,rot90,179,image_input_tokens,fgx,gfx,0.0,1,
3,val,rot90,rot90,54,image_input_tokens,fx,gx,0.0,1,
3,val,rot90,rot90,54,image_input_tokens,fgx,gfx,0.0,1,
3,val,rot90,rot90,162,image_input_tokens,fx,gx,0.0,1,
3,val,rot90,rot90,162,image_input_tokens,fgx,gfx,0.0,1,
3,val,rot90,rot90,263,image_block_01,fx,gx,0.0,1,
3,val,rot90,rot90,263,image_block_01,fgx,gfx,0.0,1,
3,val,rot90,rot90,276,image_block_01,fx,gx,0.0,1,
3,val,rot90,rot90,276,image_block_01,fgx,gfx,0.0,1,
3,val,rot90,rot90,180,image_block_01,fx,gx,0.0,1,
3,val,rot90,rot90,180,image_block_01,fgx,gfx,0.0,1,
3,val,rot90,rot90,143,image_block_01,fx,gx,0.0,1,
3,val,rot90,rot90,143,image_block_01,fgx,gfx,0.0,1,
3,val,rot90,rot90,58,image_block_01,fx,gx,0.0,1,
3,val,rot90,rot90,58,image_block_01,fgx,gfx,0.0,1,
3,val,rot90,rot90,283,image_block_01,fx,gx,0.0,1,
3,val,rot90,rot90,283,image_block_01,fgx,gfx,0.0,1,
3,val,rot90,rot90,158,image_block_01,fx,gx,0.0,1,
3,val,rot90,rot90,158,image_block_01,fgx,gfx,0.0,1,
3,val,rot90,rot90,89,image_block_01,fx,gx,0.0,1,
3,val,rot90,rot90,89,image_block_01,fgx,gfx,0.0,1,
3,val,rot90,rot90,226,image_block_01,fx,gx,0.0,1,
3,val,rot90,rot90,226,image_block_01,fgx,gfx,0.0,1,
3,val,rot90,rot90,171,image_block_01,fx,gx,0.0,1,
3,val,rot90,rot90,171,image_block_01,fgx,gfx,0.0,1,
3,val,rot90,rot90,70,image_block_01,fx,gx,0.0,1,
3,val,rot90,rot90,70,image_block_01,fgx,gfx,0.0,1,
3,val,rot90,rot90,144,image_block_01,fx,gx,0.0,1,
3,val,rot90,rot90,144,image_block_01,fgx,gfx,0.0,1,
3,val,rot90,rot90,271,image_block_01,fx,gx,0.0,1,
3,val,rot90,rot90,271,image_block_01,fgx,gfx,0.0,1,
3,val,rot90,rot90,179,image_block_01,fx,gx,0.0,1,
3,val,rot90,rot90,179,image_block_01,fgx,gfx,0.0,1,
3,val,rot90,rot90,54,image_block_01,fx,gx,0.0,1,
3,val,rot90,rot90,54,image_block_01,fgx,gfx,0.0,1,
3,val,rot90,rot90,162,image_block_01,fx,gx,0.0,1,
3,val,rot90,rot90,162,image_block_01,fgx,gfx,0.0,1,
3,val,rot90,rot90,263,image_block_02,fx,gx,0.0,1,
3,val,rot90,rot90,263,image_block_02,fgx,gfx,0.0,1,
3,val,rot90,rot90,276,image_block_02,fx,gx,0.0,1,
3,val,rot90,rot90,276,image_block_02,fgx,gfx,0.0,1,
3,val,rot90,rot90,180,image_block_02,fx,gx,0.0,1,
3,val,rot90,rot90,180,image_block_02,fgx,gfx,0.0,1,
3,val,rot90,rot90,143,image_block_02,fx,gx,0.0,1,
3,val,rot90,rot90,143,image_block_02,fgx,gfx,0.0,1,
3,val,rot90,rot90,58,image_block_02,fx,gx,0.0,1,
3,val,rot90,rot90,58,image_block_02,fgx,gfx,0.0,1,
3,val,rot90,rot90,283,image_block_02,fx,gx,0.0,1,
3,val,rot90,rot90,283,image_block_02,fgx,gfx,0.0,1,
3,val,rot90,rot90,158,image_block_02,fx,gx,0.0,1,
3,val,rot90,rot90,158,image_block_02,fgx,gfx,0.0,1,
3,val,rot90,rot90,89,image_block_02,fx,gx,0.0,1,
3,val,rot90,rot90,89,image_block_02,fgx,gfx,0.0,1,
3,val,rot90,rot90,226,image_block_02,fx,gx,0.0,1,
3,val,rot90,rot90,226,image_block_02,fgx,gfx,0.0,1,
3,val,rot90,rot90,171,image_block_02,fx,gx,0.0,1,
3,val,rot90,rot90,171,image_block_02,fgx,gfx,0.0,1,
3,val,rot90,rot90,70,image_block_02,fx,gx,0.0,1,
3,val,rot90,rot90,70,image_block_02,fgx,gfx,0.0,1,
3,val,rot90,rot90,144,image_block_02,fx,gx,0.0,1,
3,val,rot90,rot90,144,image_block_02,fgx,gfx,0.0,1,
3,val,rot90,rot90,271,image_block_02,fx,gx,0.0,1,
3,val,rot90,rot90,271,image_block_02,fgx,gfx,0.0,1,
3,val,rot90,rot90,179,image_block_02,fx,gx,0.0,1,
3,val,rot90,rot90,179,image_block_02,fgx,gfx,0.0,1,
3,val,rot90,rot90,54,image_block_02,fx,gx,0.0,1,
3,val,rot90,rot90,54,image_block_02,fgx,gfx,0.0,1,
3,val,rot90,rot90,162,image_block_02,fx,gx,0.0,1,
3,val,rot90,rot90,162,image_block_02,fgx,gfx,0.0,1,
3,val,rot90,rot90,263,image_block_03,fx,gx,0.0,1,
3,val,rot90,rot90,263,image_block_03,fgx,gfx,0.0,1,
3,val,rot90,rot90,276,image_block_03,fx,gx,0.0,1,
3,val,rot90,rot90,276,image_block_03,fgx,gfx,0.0,1,
3,val,rot90,rot90,180,image_block_03,fx,gx,0.0,1,
3,val,rot90,rot90,180,image_block_03,fgx,gfx,0.0,1,
3,val,rot90,rot90,143,image_block_03,fx,gx,0.0,1,
3,val,rot90,rot90,143,image_block_03,fgx,gfx,0.0,1,
3,val,rot90,rot90,58,image_block_03,fx,gx,0.0,1,
3,val,rot90,rot90,58,image_block_03,fgx,gfx,0.0,1,
3,val,rot90,rot90,283,image_block_03,fx,gx,0.0,1,
3,val,rot90,rot90,283,image_block_03,fgx,gfx,0.0,1,
3,val,rot90,rot90,158,image_block_03,fx,gx,0.0,1,
3,val,rot90,rot90,158,image_block_03,fgx,gfx,0.0,1,
3,val,rot90,rot90,89,image_block_03,fx,gx,0.0,1,
3,val,rot90,rot90,89,image_block_03,fgx,gfx,0.0,1,
3,val,rot90,rot90,226,image_block_03,fx,gx,0.0,1,
3,val,rot90,rot90,226,image_block_03,fgx,gfx,0.0,1,
3,val,rot90,rot90,171,image_block_03,fx,gx,0.0,1,
3,val,rot90,rot90,171,image_block_03,fgx,gfx,0.0,1,
3,val,rot90,rot90,70,image_block_03,fx,gx,0.0,1,
3,val,rot90,rot90,70,image_block_03,fgx,gfx,0.0,1,
3,val,rot90,rot90,144,image_block_03,fx,gx,0.0,1,
3,val,rot90,rot90,144,image_block_03,fgx,gfx,0.0,1,
3,val,rot90,rot90,271,image_block_03,fx,gx,0.0,1,
3,val,rot90,rot90,271,image_block_03,fgx,gfx,0.0,1,
3,val,rot90,rot90,179,image_block_03,fx,gx,0.0,1,
3,val,rot90,rot90,179,image_block_03,fgx,gfx,0.0,1,
3,val,rot90,rot90,54,image_block_03,fx,gx,0.0,1,
3,val,rot90,rot90,54,image_block_03,fgx,gfx,0.0,1,
3,val,rot90,rot90,162,image_block_03,fx,gx,0.0,1,
3,val,rot90,rot90,162,image_block_03,fgx,gfx,0.0,1,
3,val,rot90,rot90,263,image_block_04,fx,gx,0.0,1,
3,val,rot90,rot90,263,image_block_04,fgx,gfx,0.0,1,
3,val,rot90,rot90,276,image_block_04,fx,gx,0.0,1,
3,val,rot90,rot90,276,image_block_04,fgx,gfx,0.0,1,
3,val,rot90,rot90,180,image_block_04,fx,gx,0.0,1,
3,val,rot90,rot90,180,image_block_04,fgx,gfx,0.0,1,
3,val,rot90,rot90,143,image_block_04,fx,gx,0.0,1,
3,val,rot90,rot90,143,image_block_04,fgx,gfx,0.0,1,
3,val,rot90,rot90,58,image_block_04,fx,gx,0.0,1,
3,val,rot90,rot90,58,image_block_04,fgx,gfx,0.0,1,
3,val,rot90,rot90,283,image_block_04,fx,gx,0.0,1,
3,val,rot90,rot90,283,image_block_04,fgx,gfx,0.0,1,
3,val,rot90,rot90,158,image_block_04,fx,gx,0.0,1,
3,val,rot90,rot90,158,image_block_04,fgx,gfx,0.0,1,
3,val,rot90,rot90,89,image_block_04,fx,gx,0.0,1,
3,val,rot90,rot90,89,image_block_04,fgx,gfx,0.0,1,
3,val,rot90,rot90,226,image_block_04,fx,gx,0.0,1,
3,val,rot90,rot90,226,image_block_04,fgx,gfx,0.0,1,
3,val,rot90,rot90,171,image_block_04,fx,gx,0.0,1,
3,val,rot90,rot90,171,image_block_04,fgx,gfx,0.0,1,
3,val,rot90,rot90,70,image_block_04,fx,gx,0.0,1,
3,val,rot90,rot90,70,image_block_04,fgx,gfx,0.0,1,
3,val,rot90,rot90,144,image_block_04,fx,gx,0.0,1,
3,val,rot90,rot90,144,image_block_04,fgx,gfx,0.0,1,
3,val,rot90,rot90,271,image_block_04,fx,gx,0.0,1,
3,val,rot90,rot90,271,image_block_04,fgx,gfx,0.0,1,
3,val,rot90,rot90,179,image_block_04,fx,gx,0.0,1,
3,val,rot90,rot90,179,image_block_04,fgx,gfx,0.0,1,
3,val,rot90,rot90,54,image_block_04,fx,gx,0.0,1,
3,val,rot90,rot90,54,image_block_04,fgx,gfx,0.0,1,
3,val,rot90,rot90,162,image_block_04,fx,gx,0.0,1,
3,val,rot90,rot90,162,image_block_04,fgx,gfx,0.0,1,
3,val,rot90,rot90,263,image_block_05,fx,gx,0.0,1,
3,val,rot90,rot90,263,image_block_05,fgx,gfx,0.0,1,
3,val,rot90,rot90,276,image_block_05,fx,gx,0.0,1,
3,val,rot90,rot90,276,image_block_05,fgx,gfx,0.0,1,
3,val,rot90,rot90,180,image_block_05,fx,gx,0.0,1,
3,val,rot90,rot90,180,image_block_05,fgx,gfx,0.0,1,
3,val,rot90,rot90,143,image_block_05,fx,gx,0.0,1,
3,val,rot90,rot90,143,image_block_05,fgx,gfx,0.0,1,
3,val,rot90,rot90,58,image_block_05,fx,gx,0.0,1,
3,val,rot90,rot90,58,image_block_05,fgx,gfx,0.0,1,
3,val,rot90,rot90,283,image_block_05,fx,gx,0.0,1,
3,val,rot90,rot90,283,image_block_05,fgx,gfx,0.0,1,
3,val,rot90,rot90,158,image_block_05,fx,gx,0.0,1,
3,val,rot90,rot90,158,image_block_05,fgx,gfx,0.0,1,
3,val,rot90,rot90,89,image_block_05,fx,gx,0.0,1,
3,val,rot90,rot90,89,image_block_05,fgx,gfx,0.0,1,
3,val,rot90,rot90,226,image_block_05,fx,gx,0.0,1,
3,val,rot90,rot90,226,image_block_05,fgx,gfx,0.0,1,
3,val,rot90,rot90,171,image_block_05,fx,gx,0.0,1,
3,val,rot90,rot90,171,image_block_05,fgx,gfx,0.0,1,
3,val,rot90,rot90,70,image_block_05,fx,gx,0.0,1,
3,val,rot90,rot90,70,image_block_05,fgx,gfx,0.0,1,
3,val,rot90,rot90,144,image_block_05,fx,gx,0.0,1,
3,val,rot90,rot90,144,image_block_05,fgx,gfx,0.0,1,
3,val,rot90,rot90,271,image_block_05,fx,gx,0.0,1,
3,val,rot90,rot90,271,image_block_05,fgx,gfx,0.0,1,
3,val,rot90,rot90,179,image_block_05,fx,gx,0.0,1,
3,val,rot90,rot90,179,image_block_05,fgx,gfx,0.0,1,
3,val,rot90,rot90,54,image_block_05,fx,gx,0.0,1,
3,val,rot90,rot90,54,image_block_05,fgx,gfx,0.0,1,
3,val,rot90,rot90,162,image_block_05,fx,gx,0.0,1,
3,val,rot90,rot90,162,image_block_05,fgx,gfx,0.0,1,
3,val,rot90,rot90,263,image_block_06,fx,gx,0.0,1,
3,val,rot90,rot90,263,image_block_06,fgx,gfx,0.0,1,
3,val,rot90,rot90,276,image_block_06,fx,gx,0.0,1,
3,val,rot90,rot90,276,image_block_06,fgx,gfx,0.0,1,
3,val,rot90,rot90,180,image_block_06,fx,gx,0.0,1,
3,val,rot90,rot90,180,image_block_06,fgx,gfx,0.0,1,
3,val,rot90,rot90,143,image_block_06,fx,gx,0.0,1,
3,val,rot90,rot90,143,image_block_06,fgx,gfx,0.0,1,
3,val,rot90,rot90,58,image_block_06,fx,gx,0.0,1,
3,val,rot90,rot90,58,image_block_06,fgx,gfx,0.0,1,
3,val,rot90,rot90,283,image_block_06,fx,gx,0.0,1,
3,val,rot90,rot90,283,image_block_06,fgx,gfx,0.0,1,
3,val,rot90,rot90,158,image_block_06,fx,gx,0.0,1,
3,val,rot90,rot90,158,image_block_06,fgx,gfx,0.0,1,
3,val,rot90,rot90,89,image_block_06,fx,gx,0.0,1,
3,val,rot90,rot90,89,image_block_06,fgx,gfx,0.0,1,
3,val,rot90,rot90,226,image_block_06,fx,gx,0.0,1,
3,val,rot90,rot90,226,image_block_06,fgx,gfx,0.0,1,
3,val,rot90,rot90,171,image_block_06,fx,gx,0.0,1,
3,val,rot90,rot90,171,image_block_06,fgx,gfx,0.0,1,
3,val,rot90,rot90,70,image_block_06,fx,gx,0.0,1,
3,val,rot90,rot90,70,image_block_06,fgx,gfx,0.0,1,
3,val,rot90,rot90,144,image_block_06,fx,gx,0.0,1,
3,val,rot90,rot90,144,image_block_06,fgx,gfx,0.0,1,
3,val,rot90,rot90,271,image_block_06,fx,gx,0.0,1,
3,val,rot90,rot90,271,image_block_06,fgx,gfx,0.0,1,
3,val,rot90,rot90,179,image_block_06,fx,gx,0.0,1,
3,val,rot90,rot90,179,image_block_06,fgx,gfx,0.0,1,
3,val,rot90,rot90,54,image_block_06,fx,gx,0.0,1,
3,val,rot90,rot90,54,image_block_06,fgx,gfx,0.0,1,
3,val,rot90,rot90,162,image_block_06,fx,gx,0.0,1,
3,val,rot90,rot90,162,image_block_06,fgx,gfx,0.0,1,
3,val,rot90,rot90,263,image_final_norm,fx,gx,0.0,1,
3,val,rot90,rot90,263,image_final_norm,fgx,gfx,0.0,1,
3,val,rot90,rot90,276,image_final_norm,fx,gx,0.0,1,
3,val,rot90,rot90,276,image_final_norm,fgx,gfx,0.0,1,
3,val,rot90,rot90,180,image_final_norm,fx,gx,0.0,1,
3,val,rot90,rot90,180,image_final_norm,fgx,gfx,0.0,1,
3,val,rot90,rot90,143,image_final_norm,fx,gx,0.0,1,
3,val,rot90,rot90,143,image_final_norm,fgx,gfx,0.0,1,
3,val,rot90,rot90,58,image_final_norm,fx,gx,0.0,1,
3,val,rot90,rot90,58,image_final_norm,fgx,gfx,0.0,1,
3,val,rot90,rot90,283,image_final_norm,fx,gx,0.0,1,
3,val,rot90,rot90,283,image_final_norm,fgx,gfx,0.0,1,
3,val,rot90,rot90,158,image_final_norm,fx,gx,0.0,1,
3,val,rot90,rot90,158,image_final_norm,fgx,gfx,0.0,1,
3,val,rot90,rot90,89,image_final_norm,fx,gx,0.0,1,
3,val,rot90,rot90,89,image_final_norm,fgx,gfx,0.0,1,
3,val,rot90,rot90,226,image_final_norm,fx,gx,0.0,1,
3,val,rot90,rot90,226,image_final_norm,fgx,gfx,0.0,1,
3,val,rot90,rot90,171,image_final_norm,fx,gx,0.0,1,
3,val,rot90,rot90,171,image_final_norm,fgx,gfx,0.0,1,
3,val,rot90,rot90,70,image_final_norm,fx,gx,0.0,1,
3,val,rot90,rot90,70,image_final_norm,fgx,gfx,0.0,1,
3,val,rot90,rot90,144,image_final_norm,fx,gx,0.0,1,
3,val,rot90,rot90,144,image_final_norm,fgx,gfx,0.0,1,
3,val,rot90,rot90,271,image_final_norm,fx,gx,0.0,1,
3,val,rot90,rot90,271,image_final_norm,fgx,gfx,0.0,1,
3,val,rot90,rot90,179,image_final_norm,fx,gx,0.0,1,
3,val,rot90,rot90,179,image_final_norm,fgx,gfx,0.0,1,
3,val,rot90,rot90,54,image_final_norm,fx,gx,0.0,1,
3,val,rot90,rot90,54,image_final_norm,fgx,gfx,0.0,1,
3,val,rot90,rot90,162,image_final_norm,fx,gx,0.0,1,
3,val,rot90,rot90,162,image_final_norm,fgx,gfx,0.0,1,
3,val,rot90,rot90,135,image_input_tokens,fx,gx,0.0,1,
3,val,rot90,rot90,135,image_input_tokens,fgx,gfx,0.0,1,
3,val,rot90,rot90,62,image_input_tokens,fx,gx,0.0,1,
3,val,rot90,rot90,62,image_input_tokens,fgx,gfx,0.0,1,
3,val,rot90,rot90,211,image_input_tokens,fx,gx,0.0,1,
3,val,rot90,rot90,211,image_input_tokens,fgx,gfx,0.0,1,
3,val,rot90,rot90,323,image_input_tokens,fx,gx,0.0,1,
3,val,rot90,rot90,323,image_input_tokens,fgx,gfx,0.0,1,
3,val,rot90,rot90,53,image_input_tokens,fx,gx,0.0,1,
3,val,rot90,rot90,53,image_input_tokens,fgx,gfx,0.0,1,
3,val,rot90,rot90,258,image_input_tokens,fx,gx,0.0,1,
3,val,rot90,rot90,258,image_input_tokens,fgx,gfx,0.0,1,
3,val,rot90,rot90,96,image_input_tokens,fx,gx,0.0,1,
3,val,rot90,rot90,96,image_input_tokens,fgx,gfx,0.0,1,
3,val,rot90,rot90,277,image_input_tokens,fx,gx,0.0,1,
3,val,rot90,rot90,277,image_input_tokens,fgx,gfx,0.0,1,
3,val,rot90,rot90,317,image_input_tokens,fx,gx,0.0,1,
3,val,rot90,rot90,317,image_input_tokens,fgx,gfx,0.0,1,
3,val,rot90,rot90,225,image_input_tokens,fx,gx,0.0,1,
3,val,rot90,rot90,225,image_input_tokens,fgx,gfx,0.0,1,
3,val,rot90,rot90,293,image_input_tokens,fx,gx,0.0,1,
3,val,rot90,rot90,293,image_input_tokens,fgx,gfx,0.0,1,
3,val,rot90,rot90,298,image_input_tokens,fx,gx,0.0,1,
3,val,rot90,rot90,298,image_input_tokens,fgx,gfx,0.0,1,
3,val,rot90,rot90,30,image_input_tokens,fx,gx,0.0,1,
3,val,rot90,rot90,30,image_input_tokens,fgx,gfx,0.0,1,
3,val,rot90,rot90,8,image_input_tokens,fx,gx,0.0,1,
3,val,rot90,rot90,8,image_input_tokens,fgx,gfx,0.0,1,
3,val,rot90,rot90,304,image_input_tokens,fx,gx,0.0,1,
3,val,rot90,rot90,304,image_input_tokens,fgx,gfx,0.0,1,
3,val,rot90,rot90,95,image_input_tokens,fx,gx,0.0,1,
3,val,rot90,rot90,95,image_input_tokens,fgx,gfx,0.0,1,
3,val,rot90,rot90,135,image_block_01,fx,gx,0.0,1,
3,val,rot90,rot90,135,image_block_01,fgx,gfx,0.0,1,
3,val,rot90,rot90,62,image_block_01,fx,gx,0.0,1,
3,val,rot90,rot90,62,image_block_01,fgx,gfx,0.0,1,
3,val,rot90,rot90,211,image_block_01,fx,gx,0.0,1,
3,val,rot90,rot90,211,image_block_01,fgx,gfx,0.0,1,
3,val,rot90,rot90,323,image_block_01,fx,gx,0.0,1,
3,val,rot90,rot90,323,image_block_01,fgx,gfx,0.0,1,
3,val,rot90,rot90,53,image_block_01,fx,gx,0.0,1,
3,val,rot90,rot90,53,image_block_01,fgx,gfx,0.0,1,
3,val,rot90,rot90,258,image_block_01,fx,gx,0.0,1,
3,val,rot90,rot90,258,image_block_01,fgx,gfx,0.0,1,
3,val,rot90,rot90,96,image_block_01,fx,gx,0.0,1,
3,val,rot90,rot90,96,image_block_01,fgx,gfx,0.0,1,
3,val,rot90,rot90,277,image_block_01,fx,gx,0.0,1,
3,val,rot90,rot90,277,image_block_01,fgx,gfx,0.0,1,
3,val,rot90,rot90,317,image_block_01,fx,gx,0.0,1,
3,val,rot90,rot90,317,image_block_01,fgx,gfx,0.0,1,
3,val,rot90,rot90,225,image_block_01,fx,gx,0.0,1,
3,val,rot90,rot90,225,image_block_01,fgx,gfx,0.0,1,
3,val,rot90,rot90,293,image_block_01,fx,gx,0.0,1,
3,val,rot90,rot90,293,image_block_01,fgx,gfx,0.0,1,
3,val,rot90,rot90,298,image_block_01,fx,gx,0.0,1,
3,val,rot90,rot90,298,image_block_01,fgx,gfx,0.0,1,
3,val,rot90,rot90,30,image_block_01,fx,gx,0.0,1,
3,val,rot90,rot90,30,image_block_01,fgx,gfx,0.0,1,
3,val,rot90,rot90,8,image_block_01,fx,gx,0.0,1,
3,val,rot90,rot90,8,image_block_01,fgx,gfx,0.0,1,
3,val,rot90,rot90,304,image_block_01,fx,gx,0.0,1,
3,val,rot90,rot90,304,image_block_01,fgx,gfx,0.0,1,
3,val,rot90,rot90,95,image_block_01,fx,gx,0.0,1,
3,val,rot90,rot90,95,image_block_01,fgx,gfx,0.0,1,
3,val,rot90,rot90,135,image_block_02,fx,gx,0.0,1,
3,val,rot90,rot90,135,image_block_02,fgx,gfx,0.0,1,
3,val,rot90,rot90,62,image_block_02,fx,gx,0.0,1,
3,val,rot90,rot90,62,image_block_02,fgx,gfx,0.0,1,
3,val,rot90,rot90,211,image_block_02,fx,gx,0.0,1,
3,val,rot90,rot90,211,image_block_02,fgx,gfx,0.0,1,
3,val,rot90,rot90,323,image_block_02,fx,gx,0.0,1,
3,val,rot90,rot90,323,image_block_02,fgx,gfx,0.0,1,
3,val,rot90,rot90,53,image_block_02,fx,gx,0.0,1,
3,val,rot90,rot90,53,image_block_02,fgx,gfx,0.0,1,
3,val,rot90,rot90,258,image_block_02,fx,gx,0.0,1,
3,val,rot90,rot90,258,image_block_02,fgx,gfx,0.0,1,
3,val,rot90,rot90,96,image_block_02,fx,gx,0.0,1,
3,val,rot90,rot90,96,image_block_02,fgx,gfx,0.0,1,
3,val,rot90,rot90,277,image_block_02,fx,gx,0.0,1,
3,val,rot90,rot90,277,image_block_02,fgx,gfx,0.0,1,
3,val,rot90,rot90,317,image_block_02,fx,gx,0.0,1,
3,val,rot90,rot90,317,image_block_02,fgx,gfx,0.0,1,
3,val,rot90,rot90,225,image_block_02,fx,gx,0.0,1,
3,val,rot90,rot90,225,image_block_02,fgx,gfx,0.0,1,
3,val,rot90,rot90,293,image_block_02,fx,gx,0.0,1,
3,val,rot90,rot90,293,image_block_02,fgx,gfx,0.0,1,
3,val,rot90,rot90,298,image_block_02,fx,gx,0.0,1,
3,val,rot90,rot90,298,image_block_02,fgx,gfx,0.0,1,
3,val,rot90,rot90,30,image_block_02,fx,gx,0.0,1,
3,val,rot90,rot90,30,image_block_02,fgx,gfx,0.0,1,
3,val,rot90,rot90,8,image_block_02,fx,gx,0.0,1,
3,val,rot90,rot90,8,image_block_02,fgx,gfx,0.0,1,
3,val,rot90,rot90,304,image_block_02,fx,gx,0.0,1,
3,val,rot90,rot90,304,image_block_02,fgx,gfx,0.0,1,
3,val,rot90,rot90,95,image_block_02,fx,gx,0.0,1,
3,val,rot90,rot90,95,image_block_02,fgx,gfx,0.0,1,
3,val,rot90,rot90,135,image_block_03,fx,gx,0.0,1,
3,val,rot90,rot90,135,image_block_03,fgx,gfx,0.0,1,
3,val,rot90,rot90,62,image_block_03,fx,gx,0.0,1,
3,val,rot90,rot90,62,image_block_03,fgx,gfx,0.0,1,
3,val,rot90,rot90,211,image_block_03,fx,gx,0.0,1,
3,val,rot90,rot90,211,image_block_03,fgx,gfx,0.0,1,
3,val,rot90,rot90,323,image_block_03,fx,gx,0.0,1,
3,val,rot90,rot90,323,image_block_03,fgx,gfx,0.0,1,
3,val,rot90,rot90,53,image_block_03,fx,gx,0.0,1,
3,val,rot90,rot90,53,image_block_03,fgx,gfx,0.0,1,
3,val,rot90,rot90,258,image_block_03,fx,gx,0.0,1,
3,val,rot90,rot90,258,image_block_03,fgx,gfx,0.0,1,
3,val,rot90,rot90,96,image_block_03,fx,gx,0.0,1,
3,val,rot90,rot90,96,image_block_03,fgx,gfx,0.0,1,
3,val,rot90,rot90,277,image_block_03,fx,gx,0.0,1,
3,val,rot90,rot90,277,image_block_03,fgx,gfx,0.0,1,
3,val,rot90,rot90,317,image_block_03,fx,gx,0.0,1,
3,val,rot90,rot90,317,image_block_03,fgx,gfx,0.0,1,
3,val,rot90,rot90,225,image_block_03,fx,gx,0.0,1,
3,val,rot90,rot90,225,image_block_03,fgx,gfx,0.0,1,
3,val,rot90,rot90,293,image_block_03,fx,gx,0.0,1,
3,val,rot90,rot90,293,image_block_03,fgx,gfx,0.0,1,
3,val,rot90,rot90,298,image_block_03,fx,gx,0.0,1,
3,val,rot90,rot90,298,image_block_03,fgx,gfx,0.0,1,
3,val,rot90,rot90,30,image_block_03,fx,gx,0.0,1,
3,val,rot90,rot90,30,image_block_03,fgx,gfx,0.0,1,
3,val,rot90,rot90,8,image_block_03,fx,gx,0.0,1,
3,val,rot90,rot90,8,image_block_03,fgx,gfx,0.0,1,
3,val,rot90,rot90,304,image_block_03,fx,gx,0.0,1,
3,val,rot90,rot90,304,image_block_03,fgx,gfx,0.0,1,
3,val,rot90,rot90,95,image_block_03,fx,gx,0.0,1,
3,val,rot90,rot90,95,image_block_03,fgx,gfx,0.0,1,
3,val,rot90,rot90,135,image_block_04,fx,gx,0.0,1,
3,val,rot90,rot90,135,image_block_04,fgx,gfx,0.0,1,
3,val,rot90,rot90,62,image_block_04,fx,gx,0.0,1,
3,val,rot90,rot90,62,image_block_04,fgx,gfx,0.0,1,
3,val,rot90,rot90,211,image_block_04,fx,gx,0.0,1,
3,val,rot90,rot90,211,image_block_04,fgx,gfx,0.0,1,
3,val,rot90,rot90,323,image_block_04,fx,gx,0.0,1,
3,val,rot90,rot90,323,image_block_04,fgx,gfx,0.0,1,
3,val,rot90,rot90,53,image_block_04,fx,gx,0.0,1,
3,val,rot90,rot90,53,image_block_04,fgx,gfx,0.0,1,
3,val,rot90,rot90,258,image_block_04,fx,gx,0.0,1,
3,val,rot90,rot90,258,image_block_04,fgx,gfx,0.0,1,
3,val,rot90,rot90,96,image_block_04,fx,gx,0.0,1,
3,val,rot90,rot90,96,image_block_04,fgx,gfx,0.0,1,
3,val,rot90,rot90,277,image_block_04,fx,gx,0.0,1,
3,val,rot90,rot90,277,image_block_04,fgx,gfx,0.0,1,
3,val,rot90,rot90,317,image_block_04,fx,gx,0.0,1,
3,val,rot90,rot90,317,image_block_04,fgx,gfx,0.0,1,
3,val,rot90,rot90,225,image_block_04,fx,gx,0.0,1,
3,val,rot90,rot90,225,image_block_04,fgx,gfx,0.0,1,
3,val,rot90,rot90,293,image_block_04,fx,gx,0.0,1,
3,val,rot90,rot90,293,image_block_04,fgx,gfx,0.0,1,
3,val,rot90,rot90,298,image_block_04,fx,gx,0.0,1,
3,val,rot90,rot90,298,image_block_04,fgx,gfx,0.0,1,
3,val,rot90,rot90,30,image_block_04,fx,gx,0.0,1,
3,val,rot90,rot90,30,image_block_04,fgx,gfx,0.0,1,
3,val,rot90,rot90,8,image_block_04,fx,gx,0.0,1,
3,val,rot90,rot90,8,image_block_04,fgx,gfx,0.0,1,
3,val,rot90,rot90,304,image_block_04,fx,gx,0.0,1,
3,val,rot90,rot90,304,image_block_04,fgx,gfx,0.0,1,
3,val,rot90,rot90,95,image_block_04,fx,gx,0.0,1,
3,val,rot90,rot90,95,image_block_04,fgx,gfx,0.0,1,
3,val,rot90,rot90,135,image_block_05,fx,gx,0.0,1,
3,val,rot90,rot90,135,image_block_05,fgx,gfx,0.0,1,
3,val,rot90,rot90,62,image_block_05,fx,gx,0.0,1,
3,val,rot90,rot90,62,image_block_05,fgx,gfx,0.0,1,
3,val,rot90,rot90,211,image_block_05,fx,gx,0.0,1,
3,val,rot90,rot90,211,image_block_05,fgx,gfx,0.0,1,
3,val,rot90,rot90,323,image_block_05,fx,gx,0.0,1,
3,val,rot90,rot90,323,image_block_05,fgx,gfx,0.0,1,
3,val,rot90,rot90,53,image_block_05,fx,gx,0.0,1,
3,val,rot90,rot90,53,image_block_05,fgx,gfx,0.0,1,
3,val,rot90,rot90,258,image_block_05,fx,gx,0.0,1,
3,val,rot90,rot90,258,image_block_05,fgx,gfx,0.0,1,
3,val,rot90,rot90,96,image_block_05,fx,gx,0.0,1,
3,val,rot90,rot90,96,image_block_05,fgx,gfx,0.0,1,
3,val,rot90,rot90,277,image_block_05,fx,gx,0.0,1,
3,val,rot90,rot90,277,image_block_05,fgx,gfx,0.0,1,
3,val,rot90,rot90,317,image_block_05,fx,gx,0.0,1,
3,val,rot90,rot90,317,image_block_05,fgx,gfx,0.0,1,
3,val,rot90,rot90,225,image_block_05,fx,gx,0.0,1,
3,val,rot90,rot90,225,image_block_05,fgx,gfx,0.0,1,
3,val,rot90,rot90,293,image_block_05,fx,gx,0.0,1,
3,val,rot90,rot90,293,image_block_05,fgx,gfx,0.0,1,
3,val,rot90,rot90,298,image_block_05,fx,gx,0.0,1,
3,val,rot90,rot90,298,image_block_05,fgx,gfx,0.0,1,
3,val,rot90,rot90,30,image_block_05,fx,gx,0.0,1,
3,val,rot90,rot90,30,image_block_05,fgx,gfx,0.0,1,
3,val,rot90,rot90,8,image_block_05,fx,gx,0.0,1,
3,val,rot90,rot90,8,image_block_05,fgx,gfx,0.0,1,
3,val,rot90,rot90,304,image_block_05,fx,gx,0.0,1,
3,val,rot90,rot90,304,image_block_05,fgx,gfx,0.0,1,
3,val,rot90,rot90,95,image_block_05,fx,gx,0.0,1,
3,val,rot90,rot90,95,image_block_05,fgx,gfx,0.0,1,
3,val,rot90,rot90,135,image_block_06,fx,gx,0.0,1,
3,val,rot90,rot90,135,image_block_06,fgx,gfx,0.0,1,
3,val,rot90,rot90,62,image_block_06,fx,gx,0.0,1,
3,val,rot90,rot90,62,image_block_06,fgx,gfx,0.0,1,
3,val,rot90,rot90,211,image_block_06,fx,gx,0.0,1,
3,val,rot90,rot90,211,image_block_06,fgx,gfx,0.0,1,
3,val,rot90,rot90,323,image_block_06,fx,gx,0.0,1,
3,val,rot90,rot90,323,image_block_06,fgx,gfx,0.0,1,
3,val,rot90,rot90,53,image_block_06,fx,gx,0.0,1,
3,val,rot90,rot90,53,image_block_06,fgx,gfx,0.0,1,
3,val,rot90,rot90,258,image_block_06,fx,gx,0.0,1,
3,val,rot90,rot90,258,image_block_06,fgx,gfx,0.0,1,
3,val,rot90,rot90,96,image_block_06,fx,gx,0.0,1,
3,val,rot90,rot90,96,image_block_06,fgx,gfx,0.0,1,
3,val,rot90,rot90,277,image_block_06,fx,gx,0.0,1,
3,val,rot90,rot90,277,image_block_06,fgx,gfx,0.0,1,
3,val,rot90,rot90,317,image_block_06,fx,gx,0.0,1,
3,val,rot90,rot90,317,image_block_06,fgx,gfx,0.0,1,
3,val,rot90,rot90,225,image_block_06,fx,gx,0.0,1,
3,val,rot90,rot90,225,image_block_06,fgx,gfx,0.0,1,
3,val,rot90,rot90,293,image_block_06,fx,gx,0.0,1,
3,val,rot90,rot90,293,image_block_06,fgx,gfx,0.0,1,
3,val,rot90,rot90,298,image_block_06,fx,gx,0.0,1,
3,val,rot90,rot90,298,image_block_06,fgx,gfx,0.0,1,
3,val,rot90,rot90,30,image_block_06,fx,gx,0.0,1,
3,val,rot90,rot90,30,image_block_06,fgx,gfx,0.0,1,
3,val,rot90,rot90,8,image_block_06,fx,gx,0.0,1,
3,val,rot90,rot90,8,image_block_06,fgx,gfx,0.0,1,
3,val,rot90,rot90,304,image_block_06,fx,gx,0.0,1,
3,val,rot90,rot90,304,image_block_06,fgx,gfx,0.0,1,
3,val,rot90,rot90,95,image_block_06,fx,gx,0.0,1,
3,val,rot90,rot90,95,image_block_06,fgx,gfx,0.0,1,
3,val,rot90,rot90,135,image_final_norm,fx,gx,0.0,1,
3,val,rot90,rot90,135,image_final_norm,fgx,gfx,0.0,1,
3,val,rot90,rot90,62,image_final_norm,fx,gx,0.0,1,
3,val,rot90,rot90,62,image_final_norm,fgx,gfx,0.0,1,
3,val,rot90,rot90,211,image_final_norm,fx,gx,0.0,1,
3,val,rot90,rot90,211,image_final_norm,fgx,gfx,0.0,1,
3,val,rot90,rot90,323,image_final_norm,fx,gx,0.0,1,
3,val,rot90,rot90,323,image_final_norm,fgx,gfx,0.0,1,
3,val,rot90,rot90,53,image_final_norm,fx,gx,0.0,1,
3,val,rot90,rot90,53,image_final_norm,fgx,gfx,0.0,1,
3,val,rot90,rot90,258,image_final_norm,fx,gx,0.0,1,
3,val,rot90,rot90,258,image_final_norm,fgx,gfx,0.0,1,
3,val,rot90,rot90,96,image_final_norm,fx,gx,0.0,1,
3,val,rot90,rot90,96,image_final_norm,fgx,gfx,0.0,1,
3,val,rot90,rot90,277,image_final_norm,fx,gx,0.0,1,
3,val,rot90,rot90,277,image_final_norm,fgx,gfx,0.0,1,
3,val,rot90,rot90,317,image_final_norm,fx,gx,0.0,1,
3,val,rot90,rot90,317,image_final_norm,fgx,gfx,0.0,1,
3,val,rot90,rot90,225,image_final_norm,fx,gx,0.0,1,
3,val,rot90,rot90,225,image_final_norm,fgx,gfx,0.0,1,
3,val,rot90,rot90,293,image_final_norm,fx,gx,0.0,1,
3,val,rot90,rot90,293,image_final_norm,fgx,gfx,0.0,1,
3,val,rot90,rot90,298,image_final_norm,fx,gx,0.0,1,
3,val,rot90,rot90,298,image_final_norm,fgx,gfx,0.0,1,
3,val,rot90,rot90,30,image_final_norm,fx,gx,0.0,1,
3,val,rot90,rot90,30,image_final_norm,fgx,gfx,0.0,1,
3,val,rot90,rot90,8,image_final_norm,fx,gx,0.0,1,
3,val,rot90,rot90,8,image_final_norm,fgx,gfx,0.0,1,
3,val,rot90,rot90,304,image_final_norm,fx,gx,0.0,1,
3,val,rot90,rot90,304,image_final_norm,fgx,gfx,0.0,1,
3,val,rot90,rot90,95,image_final_norm,fx,gx,0.0,1,
3,val,rot90,rot90,95,image_final_norm,fgx,gfx,0.0,1,
3,test,crop_bottom_side,crop_bottom_side,172,image_input_tokens,fx,gx,0.0,1,
3,test,crop_bottom_side,crop_bottom_side,172,image_input_tokens,fgx,gfx,0.0,1,
3,test,crop_bottom_side,crop_bottom_side,64,image_input_tokens,fx,gx,0.0,1,
3,test,crop_bottom_side,crop_bottom_side,64,image_input_tokens,fgx,gfx,0.0,1,
3,test,crop_bottom_side,crop_bottom_side,161,image_input_tokens,fx,gx,0.0,1,
3,test,crop_bottom_side,crop_bottom_side,161,image_input_tokens,fgx,gfx,0.0,1,
3,test,crop_bottom_side,crop_bottom_side,247,image_input_tokens,fx,gx,0.0,1,
3,test,crop_bottom_side,crop_bottom_side,247,image_input_tokens,fgx,gfx,0.0,1,
3,test,crop_bottom_side,crop_bottom_side,46,image_input_tokens,fx,gx,0.0,1,
3,test,crop_bottom_side,crop_bottom_side,46,image_input_tokens,fgx,gfx,0.0,1,
3,test,crop_bottom_side,crop_bottom_side,0,image_input_tokens,fx,gx,0.0,1,
3,test,crop_bottom_side,crop_bottom_side,0,image_input_tokens,fgx,gfx,0.0,1,
3,test,crop_bottom_side,crop_bottom_side,101,image_input_tokens,fx,gx,0.0,1,
3,test,crop_bottom_side,crop_bottom_side,101,image_input_tokens,fgx,gfx,0.0,1,
3,test,crop_bottom_side,crop_bottom_side,309,image_input_tokens,fx,gx,0.0,1,
3,test,crop_bottom_side,crop_bottom_side,309,image_input_tokens,fgx,gfx,0.0,1,
3,test,crop_bottom_side,crop_bottom_side,132,image_input_tokens,fx,gx,0.0,1,
3,test,crop_bottom_side,crop_bottom_side,132,image_input_tokens,fgx,gfx,0.0,1,
3,test,crop_bottom_side,crop_bottom_side,50,image_input_tokens,fx,gx,0.0,1,
3,test,crop_bottom_side,crop_bottom_side,50,image_input_tokens,fgx,gfx,0.0,1,
3,test,crop_bottom_side,crop_bottom_side,26,image_input_tokens,fx,gx,0.0,1,
3,test,crop_bottom_side,crop_bottom_side,26,image_input_tokens,fgx,gfx,0.0,1,
3,test,crop_bottom_side,crop_bottom_side,173,image_input_tokens,fx,gx,0.0,1,
3,test,crop_bottom_side,crop_bottom_side,173,image_input_tokens,fgx,gfx,0.0,1,
3,test,crop_bottom_side,crop_bottom_side,242,image_input_tokens,fx,gx,0.0,1,
3,test,crop_bottom_side,crop_bottom_side,242,image_input_tokens,fgx,gfx,0.0,1,
3,test,crop_bottom_side,crop_bottom_side,250,image_input_tokens,fx,gx,0.0,1,
3,test,crop_bottom_side,crop_bottom_side,250,image_input_tokens,fgx,gfx,0.0,1,
3,test,crop_bottom_side,crop_bottom_side,216,image_input_tokens,fx,gx,0.0,1,
3,test,crop_bottom_side,crop_bottom_side,216,image_input_tokens,fgx,gfx,0.0,1,
3,test,crop_bottom_side,crop_bottom_side,294,image_input_tokens,fx,gx,0.0,1,
3,test,crop_bottom_side,crop_bottom_side,294,image_input_tokens,fgx,gfx,0.0,1,
3,test,crop_bottom_side,crop_bottom_side,172,image_block_01,fx,gx,0.0,1,
3,test,crop_bottom_side,crop_bottom_side,172,image_block_01,fgx,gfx,0.0,1,
3,test,crop_bottom_side,crop_bottom_side,64,image_block_01,fx,gx,0.0,1,
3,test,crop_bottom_side,crop_bottom_side,64,image_block_01,fgx,gfx,0.0,1,
3,test,crop_bottom_side,crop_bottom_side,161,image_block_01,fx,gx,0.0,1,
3,test,crop_bottom_side,crop_bottom_side,161,image_block_01,fgx,gfx,0.0,1,
3,test,crop_bottom_side,crop_bottom_side,247,image_block_01,fx,gx,0.0,1,
3,test,crop_bottom_side,crop_bottom_side,247,image_block_01,fgx,gfx,0.0,1,
3,test,crop_bottom_side,crop_bottom_side,46,image_block_01,fx,gx,0.0,1,
3,test,crop_bottom_side,crop_bottom_side,46,image_block_01,fgx,gfx,0.0,1,
3,test,crop_bottom_side,crop_bottom_side,0,image_block_01,fx,gx,0.0,1,
3,test,crop_bottom_side,crop_bottom_side,0,image_block_01,fgx,gfx,0.0,1,
3,test,crop_bottom_side,crop_bottom_side,101,image_block_01,fx,gx,0.0,1,
3,test,crop_bottom_side,crop_bottom_side,101,image_block_01,fgx,gfx,0.0,1,
3,test,crop_bottom_side,crop_bottom_side,309,image_block_01,fx,gx,0.0,1,
3,test,crop_bottom_side,crop_bottom_side,309,image_block_01,fgx,gfx,0.0,1,
3,test,crop_bottom_side,crop_bottom_side,132,image_block_01,fx,gx,0.0,1,
3,test,crop_bottom_side,crop_bottom_side,132,image_block_01,fgx,gfx,0.0,1,
3,test,crop_bottom_side,crop_bottom_side,50,image_block_01,fx,gx,0.0,1,
3,test,crop_bottom_side,crop_bottom_side,50,image_block_01,fgx,gfx,0.0,1,
3,test,crop_bottom_side,crop_bottom_side,26,image_block_01,fx,gx,0.0,1,
3,test,crop_bottom_side,crop_bottom_side,26,image_block_01,fgx,gfx,0.0,1,
3,test,crop_bottom_side,crop_bottom_side,173,image_block_01,fx,gx,0.0,1,
3,test,crop_bottom_side,crop_bottom_side,173,image_block_01,fgx,gfx,0.0,1,
3,test,crop_bottom_side,crop_bottom_side,242,image_block_01,fx,gx,0.0,1,
3,test,crop_bottom_side,crop_bottom_side,242,image_block_01,fgx,gfx,0.0,1,
3,test,crop_bottom_side,crop_bottom_side,250,image_block_01,fx,gx,0.0,1,
3,test,crop_bottom_side,crop_bottom_side,250,image_block_01,fgx,gfx,0.0,1,
3,test,crop_bottom_side,crop_bottom_side,216,image_block_01,fx,gx,0.0,1,
3,test,crop_bottom_side,crop_bottom_side,216,image_block_01,fgx,gfx,0.0,1,
3,test,crop_bottom_side,crop_bottom_side,294,image_block_01,fx,gx,0.0,1,
3,test,crop_bottom_side,crop_bottom_side,294,image_block_01,fgx,gfx,0.0,1,
3,test,crop_bottom_side,crop_bottom_side,172,image_block_02,fx,gx,0.0,1,
3,test,crop_bottom_side,crop_bottom_side,172,image_block_02,fgx,gfx,0.0,1,
3,test,crop_bottom_side,crop_bottom_side,64,image_block_02,fx,gx,0.0,1,
3,test,crop_bottom_side,crop_bottom_side,64,image_block_02,fgx,gfx,0.0,1,
3,test,crop_bottom_side,crop_bottom_side,161,image_block_02,fx,gx,0.0,1,
3,test,crop_bottom_side,crop_bottom_side,161,image_block_02,fgx,gfx,0.0,1,
3,test,crop_bottom_side,crop_bottom_side,247,image_block_02,fx,gx,0.0,1,
3,test,crop_bottom_side,crop_bottom_side,247,image_block_02,fgx,gfx,0.0,1,
3,test,crop_bottom_side,crop_bottom_side,46,image_block_02,fx,gx,0.0,1,
3,test,crop_bottom_side,crop_bottom_side,46,image_block_02,fgx,gfx,0.0,1,
3,test,crop_bottom_side,crop_bottom_side,0,image_block_02,fx,gx,0.0,1,
3,test,crop_bottom_side,crop_bottom_side,0,image_block_02,fgx,gfx,0.0,1,
3,test,crop_bottom_side,crop_bottom_side,101,image_block_02,fx,gx,0.0,1,
3,test,crop_bottom_side,crop_bottom_side,101,image_block_02,fgx,gfx,0.0,1,
3,test,crop_bottom_side,crop_bottom_side,309,image_block_02,fx,gx,0.0,1,
3,test,crop_bottom_side,crop_bottom_side,309,image_block_02,fgx,gfx,0.0,1,
3,test,crop_bottom_side,crop_bottom_side,132,image_block_02,fx,gx,0.0,1,
3,test,crop_bottom_side,crop_bottom_side,132,image_block_02,fgx,gfx,0.0,1,
3,test,crop_bottom_side,crop_bottom_side,50,image_block_02,fx,gx,0.0,1,
3,test,crop_bottom_side,crop_bottom_side,50,image_block_02,fgx,gfx,0.0,1,
3,test,crop_bottom_side,crop_bottom_side,26,image_block_02,fx,gx,0.0,1,
3,test,crop_bottom_side,crop_bottom_side,26,image_block_02,fgx,gfx,0.0,1,
3,test,crop_bottom_side,crop_bottom_side,173,image_block_02,fx,gx,0.0,1,
3,test,crop_bottom_side,crop_bottom_side,173,image_block_02,fgx,gfx,0.0,1,
3,test,crop_bottom_side,crop_bottom_side,242,image_block_02,fx,gx,0.0,1,
3,test,crop_bottom_side,crop_bottom_side,242,image_block_02,fgx,gfx,0.0,1,
3,test,crop_bottom_side,crop_bottom_side,250,image_block_02,fx,gx,0.0,1,
3,test,crop_bottom_side,crop_bottom_side,250,image_block_02,fgx,gfx,0.0,1,
3,test,crop_bottom_side,crop_bottom_side,216,image_block_02,fx,gx,0.0,1,
3,test,crop_bottom_side,crop_bottom_side,216,image_block_02,fgx,gfx,0.0,1,
3,test,crop_bottom_side,crop_bottom_side,294,image_block_02,fx,gx,0.0,1,
3,test,crop_bottom_side,crop_bottom_side,294,image_block_02,fgx,gfx,0.0,1,
3,test,crop_bottom_side,crop_bottom_side,172,image_block_03,fx,gx,0.0,1,
3,test,crop_bottom_side,crop_bottom_side,172,image_block_03,fgx,gfx,0.0,1,
3,test,crop_bottom_side,crop_bottom_side,64,image_block_03,fx,gx,0.0,1,
3,test,crop_bottom_side,crop_bottom_side,64,image_block_03,fgx,gfx,0.0,1,
3,test,crop_bottom_side,crop_bottom_side,161,image_block_03,fx,gx,0.0,1,
3,test,crop_bottom_side,crop_bottom_side,161,image_block_03,fgx,gfx,0.0,1,
3,test,crop_bottom_side,crop_bottom_side,247,image_block_03,fx,gx,0.0,1,
3,test,crop_bottom_side,crop_bottom_side,247,image_block_03,fgx,gfx,0.0,1,
3,test,crop_bottom_side,crop_bottom_side,46,image_block_03,fx,gx,0.0,1,
3,test,crop_bottom_side,crop_bottom_side,46,image_block_03,fgx,gfx,0.0,1,
3,test,crop_bottom_side,crop_bottom_side,0,image_block_03,fx,gx,0.0,1,
3,test,crop_bottom_side,crop_bottom_side,0,image_block_03,fgx,gfx,0.0,1,
3,test,crop_bottom_side,crop_bottom_side,101,image_block_03,fx,gx,0.0,1,
3,test,crop_bottom_side,crop_bottom_side,101,image_block_03,fgx,gfx,0.0,1,
3,test,crop_bottom_side,crop_bottom_side,309,image_block_03,fx,gx,0.0,1,
3,test,crop_bottom_side,crop_bottom_side,309,image_block_03,fgx,gfx,0.0,1,
3,test,crop_bottom_side,crop_bottom_side,132,image_block_03,fx,gx,0.0,1,
3,test,crop_bottom_side,crop_bottom_side,132,image_block_03,fgx,gfx,0.0,1,
3,test,crop_bottom_side,crop_bottom_side,50,image_block_03,fx,gx,0.0,1,
3,test,crop_bottom_side,crop_bottom_side,50,image_block_03,fgx,gfx,0.0,1,
3,test,crop_bottom_side,crop_bottom_side,26,image_block_03,fx,gx,0.0,1,
3,test,crop_bottom_side,crop_bottom_side,26,image_block_03,fgx,gfx,0.0,1,
3,test,crop_bottom_side,crop_bottom_side,173,image_block_03,fx,gx,0.0,1,
3,test,crop_bottom_side,crop_bottom_side,173,image_block_03,fgx,gfx,0.0,1,
3,test,crop_bottom_side,crop_bottom_side,242,image_block_03,fx,gx,0.0,1,
3,test,crop_bottom_side,crop_bottom_side,242,image_block_03,fgx,gfx,0.0,1,
3,test,crop_bottom_side,crop_bottom_side,250,image_block_03,fx,gx,0.0,1,
3,test,crop_bottom_side,crop_bottom_side,250,image_block_03,fgx,gfx,0.0,1,
3,test,crop_bottom_side,crop_bottom_side,216,image_block_03,fx,gx,0.0,1,
3,test,crop_bottom_side,crop_bottom_side,216,image_block_03,fgx,gfx,0.0,1,
3,test,crop_bottom_side,crop_bottom_side,294,image_block_03,fx,gx,0.0,1,
3,test,crop_bottom_side,crop_bottom_side,294,image_block_03,fgx,gfx,0.0,1,
3,test,crop_bottom_side,crop_bottom_side,172,image_block_04,fx,gx,0.0,1,
3,test,crop_bottom_side,crop_bottom_side,172,image_block_04,fgx,gfx,0.0,1,
3,test,crop_bottom_side,crop_bottom_side,64,image_block_04,fx,gx,0.0,1,
3,test,crop_bottom_side,crop_bottom_side,64,image_block_04,fgx,gfx,0.0,1,
3,test,crop_bottom_side,crop_bottom_side,161,image_block_04,fx,gx,0.0,1,
3,test,crop_bottom_side,crop_bottom_side,161,image_block_04,fgx,gfx,0.0,1,
3,test,crop_bottom_side,crop_bottom_side,247,image_block_04,fx,gx,0.0,1,
3,test,crop_bottom_side,crop_bottom_side,247,image_block_04,fgx,gfx,0.0,1,
3,test,crop_bottom_side,crop_bottom_side,46,image_block_04,fx,gx,0.0,1,
3,test,crop_bottom_side,crop_bottom_side,46,image_block_04,fgx,gfx,0.0,1,
3,test,crop_bottom_side,crop_bottom_side,0,image_block_04,fx,gx,0.0,1,
3,test,crop_bottom_side,crop_bottom_side,0,image_block_04,fgx,gfx,0.0,1,
3,test,crop_bottom_side,crop_bottom_side,101,image_block_04,fx,gx,0.0,1,
3,test,crop_bottom_side,crop_bottom_side,101,image_block_04,fgx,gfx,0.0,1,
3,test,crop_bottom_side,crop_bottom_side,309,image_block_04,fx,gx,0.0,1,
3,test,crop_bottom_side,crop_bottom_side,309,image_block_04,fgx,gfx,0.0,1,
3,test,crop_bottom_side,crop_bottom_side,132,image_block_04,fx,gx,0.0,1,
3,test,crop_bottom_side,crop_bottom_side,132,image_block_04,fgx,gfx,0.0,1,
3,test,crop_bottom_side,crop_bottom_side,50,image_block_04,fx,gx,0.0,1,
3,test,crop_bottom_side,crop_bottom_side,50,image_block_04,fgx,gfx,0.0,1,
3,test,crop_bottom_side,crop_bottom_side,26,image_block_04,fx,gx,0.0,1,
3,test,crop_bottom_side,crop_bottom_side,26,image_block_04,fgx,gfx,0.0,1,
3,test,crop_bottom_side,crop_bottom_side,173,image_block_04,fx,gx,0.0,1,
3,test,crop_bottom_side,crop_bottom_side,173,image_block_04,fgx,gfx,0.0,1,
3,test,crop_bottom_side,crop_bottom_side,242,image_block_04,fx,gx,0.0,1,
3,test,crop_bottom_side,crop_bottom_side,242,image_block_04,fgx,gfx,0.0,1,
3,test,crop_bottom_side,crop_bottom_side,250,image_block_04,fx,gx,0.0,1,
3,test,crop_bottom_side,crop_bottom_side,250,image_block_04,fgx,gfx,0.0,1,
3,test,crop_bottom_side,crop_bottom_side,216,image_block_04,fx,gx,0.0,1,
3,test,crop_bottom_side,crop_bottom_side,216,image_block_04,fgx,gfx,0.0,1,
3,test,crop_bottom_side,crop_bottom_side,294,image_block_04,fx,gx,0.0,1,
3,test,crop_bottom_side,crop_bottom_side,294,image_block_04,fgx,gfx,0.0,1,
3,test,crop_bottom_side,crop_bottom_side,172,image_block_05,fx,gx,0.0,1,
3,test,crop_bottom_side,crop_bottom_side,172,image_block_05,fgx,gfx,0.0,1,
3,test,crop_bottom_side,crop_bottom_side,64,image_block_05,fx,gx,0.0,1,
3,test,crop_bottom_side,crop_bottom_side,64,image_block_05,fgx,gfx,0.0,1,
3,test,crop_bottom_side,crop_bottom_side,161,image_block_05,fx,gx,0.0,1,
3,test,crop_bottom_side,crop_bottom_side,161,image_block_05,fgx,gfx,0.0,1,
3,test,crop_bottom_side,crop_bottom_side,247,image_block_05,fx,gx,0.0,1,
3,test,crop_bottom_side,crop_bottom_side,247,image_block_05,fgx,gfx,0.0,1,
3,test,crop_bottom_side,crop_bottom_side,46,image_block_05,fx,gx,0.0,1,
3,test,crop_bottom_side,crop_bottom_side,46,image_block_05,fgx,gfx,0.0,1,
3,test,crop_bottom_side,crop_bottom_side,0,image_block_05,fx,gx,0.0,1,
3,test,crop_bottom_side,crop_bottom_side,0,image_block_05,fgx,gfx,0.0,1,
3,test,crop_bottom_side,crop_bottom_side,101,image_block_05,fx,gx,0.0,1,
3,test,crop_bottom_side,crop_bottom_side,101,image_block_05,fgx,gfx,0.0,1,
3,test,crop_bottom_side,crop_bottom_side,309,image_block_05,fx,gx,0.0,1,
3,test,crop_bottom_side,crop_bottom_side,309,image_block_05,fgx,gfx,0.0,1,
3,test,crop_bottom_side,crop_bottom_side,132,image_block_05,fx,gx,0.0,1,
3,test,crop_bottom_side,crop_bottom_side,132,image_block_05,fgx,gfx,0.0,1,
3,test,crop_bottom_side,crop_bottom_side,50,image_block_05,fx,gx,0.0,1,
3,test,crop_bottom_side,crop_bottom_side,50,image_block_05,fgx,gfx,0.0,1,
3,test,crop_bottom_side,crop_bottom_side,26,image_block_05,fx,gx,0.0,1,
3,test,crop_bottom_side,crop_bottom_side,26,image_block_05,fgx,gfx,0.0,1,
3,test,crop_bottom_side,crop_bottom_side,173,image_block_05,fx,gx,0.0,1,
3,test,crop_bottom_side,crop_bottom_side,173,image_block_05,fgx,gfx,0.0,1,
3,test,crop_bottom_side,crop_bottom_side,242,image_block_05,fx,gx,0.0,1,
3,test,crop_bottom_side,crop_bottom_side,242,image_block_05,fgx,gfx,0.0,1,
3,test,crop_bottom_side,crop_bottom_side,250,image_block_05,fx,gx,0.0,1,
3,test,crop_bottom_side,crop_bottom_side,250,image_block_05,fgx,gfx,0.0,1,
3,test,crop_bottom_side,crop_bottom_side,216,image_block_05,fx,gx,0.0,1,
3,test,crop_bottom_side,crop_bottom_side,216,image_block_05,fgx,gfx,0.0,1,
3,test,crop_bottom_side,crop_bottom_side,294,image_block_05,fx,gx,0.0,1,
3,test,crop_bottom_side,crop_bottom_side,294,image_block_05,fgx,gfx,0.0,1,
3,test,crop_bottom_side,crop_bottom_side,172,image_block_06,fx,gx,0.0,1,
3,test,crop_bottom_side,crop_bottom_side,172,image_block_06,fgx,gfx,0.0,1,
3,test,crop_bottom_side,crop_bottom_side,64,image_block_06,fx,gx,0.0,1,
3,test,crop_bottom_side,crop_bottom_side,64,image_block_06,fgx,gfx,0.0,1,
3,test,crop_bottom_side,crop_bottom_side,161,image_block_06,fx,gx,0.0,1,
3,test,crop_bottom_side,crop_bottom_side,161,image_block_06,fgx,gfx,0.0,1,
3,test,crop_bottom_side,crop_bottom_side,247,image_block_06,fx,gx,0.0,1,
3,test,crop_bottom_side,crop_bottom_side,247,image_block_06,fgx,gfx,0.0,1,
3,test,crop_bottom_side,crop_bottom_side,46,image_block_06,fx,gx,0.0,1,
3,test,crop_bottom_side,crop_bottom_side,46,image_block_06,fgx,gfx,0.0,1,
3,test,crop_bottom_side,crop_bottom_side,0,image_block_06,fx,gx,0.0,1,
3,test,crop_bottom_side,crop_bottom_side,0,image_block_06,fgx,gfx,0.0,1,
3,test,crop_bottom_side,crop_bottom_side,101,image_block_06,fx,gx,0.0,1,
3,test,crop_bottom_side,crop_bottom_side,101,image_block_06,fgx,gfx,0.0,1,
3,test,crop_bottom_side,crop_bottom_side,309,image_block_06,fx,gx,0.0,1,
3,test,crop_bottom_side,crop_bottom_side,309,image_block_06,fgx,gfx,0.0,1,
3,test,crop_bottom_side,crop_bottom_side,132,image_block_06,fx,gx,0.0,1,
3,test,crop_bottom_side,crop_bottom_side,132,image_block_06,fgx,gfx,0.0,1,
3,test,crop_bottom_side,crop_bottom_side,50,image_block_06,fx,gx,0.0,1,
3,test,crop_bottom_side,crop_bottom_side,50,image_block_06,fgx,gfx,0.0,1,
3,test,crop_bottom_side,crop_bottom_side,26,image_block_06,fx,gx,0.0,1,
3,test,crop_bottom_side,crop_bottom_side,26,image_block_06,fgx,gfx,0.0,1,
3,test,crop_bottom_side,crop_bottom_side,173,image_block_06,fx,gx,0.0,1,
3,test,crop_bottom_side,crop_bottom_side,173,image_block_06,fgx,gfx,0.0,1,
3,test,crop_bottom_side,crop_bottom_side,242,image_block_06,fx,gx,0.0,1,
3,test,crop_bottom_side,crop_bottom_side,242,image_block_06,fgx,gfx,0.0,1,
3,test,crop_bottom_side,crop_bottom_side,250,image_block_06,fx,gx,0.0,1,
3,test,crop_bottom_side,crop_bottom_side,250,image_block_06,fgx,gfx,0.0,1,
3,test,crop_bottom_side,crop_bottom_side,216,image_block_06,fx,gx,0.0,1,
3,test,crop_bottom_side,crop_bottom_side,216,image_block_06,fgx,gfx,0.0,1,
3,test,crop_bottom_side,crop_bottom_side,294,image_block_06,fx,gx,0.0,1,
3,test,crop_bottom_side,crop_bottom_side,294,image_block_06,fgx,gfx,0.0,1,
3,test,crop_bottom_side,crop_bottom_side,172,image_final_norm,fx,gx,0.0,1,
3,test,crop_bottom_side,crop_bottom_side,172,image_final_norm,fgx,gfx,0.0,1,
3,test,crop_bottom_side,crop_bottom_side,64,image_final_norm,fx,gx,0.0,1,
3,test,crop_bottom_side,crop_bottom_side,64,image_final_norm,fgx,gfx,0.0,1,
3,test,crop_bottom_side,crop_bottom_side,161,image_final_norm,fx,gx,0.0,1,
3,test,crop_bottom_side,crop_bottom_side,161,image_final_norm,fgx,gfx,0.0,1,
3,test,crop_bottom_side,crop_bottom_side,247,image_final_norm,fx,gx,0.0,1,
3,test,crop_bottom_side,crop_bottom_side,247,image_final_norm,fgx,gfx,0.0,1,
3,test,crop_bottom_side,crop_bottom_side,46,image_final_norm,fx,gx,0.0,1,
3,test,crop_bottom_side,crop_bottom_side,46,image_final_norm,fgx,gfx,0.0,1,
3,test,crop_bottom_side,crop_bottom_side,0,image_final_norm,fx,gx,0.0,1,
3,test,crop_bottom_side,crop_bottom_side,0,image_final_norm,fgx,gfx,0.0,1,
3,test,crop_bottom_side,crop_bottom_side,101,image_final_norm,fx,gx,0.0,1,
3,test,crop_bottom_side,crop_bottom_side,101,image_final_norm,fgx,gfx,0.0,1,
3,test,crop_bottom_side,crop_bottom_side,309,image_final_norm,fx,gx,0.0,1,
3,test,crop_bottom_side,crop_bottom_side,309,image_final_norm,fgx,gfx,0.0,1,
3,test,crop_bottom_side,crop_bottom_side,132,image_final_norm,fx,gx,0.0,1,
3,test,crop_bottom_side,crop_bottom_side,132,image_final_norm,fgx,gfx,0.0,1,
3,test,crop_bottom_side,crop_bottom_side,50,image_final_norm,fx,gx,0.0,1,
3,test,crop_bottom_side,crop_bottom_side,50,image_final_norm,fgx,gfx,0.0,1,
3,test,crop_bottom_side,crop_bottom_side,26,image_final_norm,fx,gx,0.0,1,
3,test,crop_bottom_side,crop_bottom_side,26,image_final_norm,fgx,gfx,0.0,1,
3,test,crop_bottom_side,crop_bottom_side,173,image_final_norm,fx,gx,0.0,1,
3,test,crop_bottom_side,crop_bottom_side,173,image_final_norm,fgx,gfx,0.0,1,
3,test,crop_bottom_side,crop_bottom_side,242,image_final_norm,fx,gx,0.0,1,
3,test,crop_bottom_side,crop_bottom_side,242,image_final_norm,fgx,gfx,0.0,1,
3,test,crop_bottom_side,crop_bottom_side,250,image_final_norm,fx,gx,0.0,1,
3,test,crop_bottom_side,crop_bottom_side,250,image_final_norm,fgx,gfx,0.0,1,
3,test,crop_bottom_side,crop_bottom_side,216,image_final_norm,fx,gx,0.0,1,
3,test,crop_bottom_side,crop_bottom_side,216,image_final_norm,fgx,gfx,0.0,1,
3,test,crop_bottom_side,crop_bottom_side,294,image_final_norm,fx,gx,0.0,1,
3,test,crop_bottom_side,crop_bottom_side,294,image_final_norm,fgx,gfx,0.0,1,
3,test,crop_bottom_side,crop_bottom_side,47,image_input_tokens,fx,gx,0.0,1,
3,test,crop_bottom_side,crop_bottom_side,47,image_input_tokens,fgx,gfx,0.0,1,
3,test,crop_bottom_side,crop_bottom_side,302,image_input_tokens,fx,gx,0.0,1,
3,test,crop_bottom_side,crop_bottom_side,302,image_input_tokens,fgx,gfx,0.0,1,
3,test,crop_bottom_side,crop_bottom_side,131,image_input_tokens,fx,gx,0.0,1,
3,test,crop_bottom_side,crop_bottom_side,131,image_input_tokens,fgx,gfx,0.0,1,
3,test,crop_bottom_side,crop_bottom_side,174,image_input_tokens,fx,gx,0.0,1,
3,test,crop_bottom_side,crop_bottom_side,174,image_input_tokens,fgx,gfx,0.0,1,
3,test,crop_bottom_side,crop_bottom_side,56,image_input_tokens,fx,gx,0.0,1,
3,test,crop_bottom_side,crop_bottom_side,56,image_input_tokens,fgx,gfx,0.0,1,
3,test,crop_bottom_side,crop_bottom_side,146,image_input_tokens,fx,gx,0.0,1,
3,test,crop_bottom_side,crop_bottom_side,146,image_input_tokens,fgx,gfx,0.0,1,
3,test,crop_bottom_side,crop_bottom_side,165,image_input_tokens,fx,gx,0.0,1,
3,test,crop_bottom_side,crop_bottom_side,165,image_input_tokens,fgx,gfx,0.0,1,
3,test,crop_bottom_side,crop_bottom_side,203,image_input_tokens,fx,gx,0.0,1,
3,test,crop_bottom_side,crop_bottom_side,203,image_input_tokens,fgx,gfx,0.0,1,
3,test,crop_bottom_side,crop_bottom_side,150,image_input_tokens,fx,gx,0.0,1,
3,test,crop_bottom_side,crop_bottom_side,150,image_input_tokens,fgx,gfx,0.0,1,
3,test,crop_bottom_side,crop_bottom_side,77,image_input_tokens,fx,gx,0.0,1,
3,test,crop_bottom_side,crop_bottom_side,77,image_input_tokens,fgx,gfx,0.0,1,
3,test,crop_bottom_side,crop_bottom_side,248,image_input_tokens,fx,gx,0.0,1,
3,test,crop_bottom_side,crop_bottom_side,248,image_input_tokens,fgx,gfx,0.0,1,
3,test,crop_bottom_side,crop_bottom_side,19,image_input_tokens,fx,gx,0.0,1,
3,test,crop_bottom_side,crop_bottom_side,19,image_input_tokens,fgx,gfx,0.0,1,
3,test,crop_bottom_side,crop_bottom_side,98,image_input_tokens,fx,gx,0.0,1,
3,test,crop_bottom_side,crop_bottom_side,98,image_input_tokens,fgx,gfx,0.0,1,
3,test,crop_bottom_side,crop_bottom_side,332,image_input_tokens,fx,gx,0.0,1,
3,test,crop_bottom_side,crop_bottom_side,332,image_input_tokens,fgx,gfx,0.0,1,
3,test,crop_bottom_side,crop_bottom_side,260,image_input_tokens,fx,gx,0.0,1,
3,test,crop_bottom_side,crop_bottom_side,260,image_input_tokens,fgx,gfx,0.0,1,
3,test,crop_bottom_side,crop_bottom_side,266,image_input_tokens,fx,gx,0.0,1,
3,test,crop_bottom_side,crop_bottom_side,266,image_input_tokens,fgx,gfx,0.0,1,
3,test,crop_bottom_side,crop_bottom_side,47,image_block_01,fx,gx,0.0,1,
3,test,crop_bottom_side,crop_bottom_side,47,image_block_01,fgx,gfx,0.0,1,
3,test,crop_bottom_side,crop_bottom_side,302,image_block_01,fx,gx,0.0,1,
3,test,crop_bottom_side,crop_bottom_side,302,image_block_01,fgx,gfx,0.0,1,
3,test,crop_bottom_side,crop_bottom_side,131,image_block_01,fx,gx,0.0,1,
3,test,crop_bottom_side,crop_bottom_side,131,image_block_01,fgx,gfx,0.0,1,
3,test,crop_bottom_side,crop_bottom_side,174,image_block_01,fx,gx,0.0,1,
3,test,crop_bottom_side,crop_bottom_side,174,image_block_01,fgx,gfx,0.0,1,
3,test,crop_bottom_side,crop_bottom_side,56,image_block_01,fx,gx,0.0,1,
3,test,crop_bottom_side,crop_bottom_side,56,image_block_01,fgx,gfx,0.0,1,
3,test,crop_bottom_side,crop_bottom_side,146,image_block_01,fx,gx,0.0,1,
3,test,crop_bottom_side,crop_bottom_side,146,image_block_01,fgx,gfx,0.0,1,
3,test,crop_bottom_side,crop_bottom_side,165,image_block_01,fx,gx,0.0,1,
3,test,crop_bottom_side,crop_bottom_side,165,image_block_01,fgx,gfx,0.0,1,
3,test,crop_bottom_side,crop_bottom_side,203,image_block_01,fx,gx,0.0,1,
3,test,crop_bottom_side,crop_bottom_side,203,image_block_01,fgx,gfx,0.0,1,
3,test,crop_bottom_side,crop_bottom_side,150,image_block_01,fx,gx,0.0,1,
3,test,crop_bottom_side,crop_bottom_side,150,image_block_01,fgx,gfx,0.0,1,
3,test,crop_bottom_side,crop_bottom_side,77,image_block_01,fx,gx,0.0,1,
3,test,crop_bottom_side,crop_bottom_side,77,image_block_01,fgx,gfx,0.0,1,
3,test,crop_bottom_side,crop_bottom_side,248,image_block_01,fx,gx,0.0,1,
3,test,crop_bottom_side,crop_bottom_side,248,image_block_01,fgx,gfx,0.0,1,
3,test,crop_bottom_side,crop_bottom_side,19,image_block_01,fx,gx,0.0,1,
3,test,crop_bottom_side,crop_bottom_side,19,image_block_01,fgx,gfx,0.0,1,
3,test,crop_bottom_side,crop_bottom_side,98,image_block_01,fx,gx,0.0,1,
3,test,crop_bottom_side,crop_bottom_side,98,image_block_01,fgx,gfx,0.0,1,
3,test,crop_bottom_side,crop_bottom_side,332,image_block_01,fx,gx,0.0,1,
3,test,crop_bottom_side,crop_bottom_side,332,image_block_01,fgx,gfx,0.0,1,
3,test,crop_bottom_side,crop_bottom_side,260,image_block_01,fx,gx,0.0,1,
3,test,crop_bottom_side,crop_bottom_side,260,image_block_01,fgx,gfx,0.0,1,
3,test,crop_bottom_side,crop_bottom_side,266,image_block_01,fx,gx,0.0,1,
3,test,crop_bottom_side,crop_bottom_side,266,image_block_01,fgx,gfx,0.0,1,
3,test,crop_bottom_side,crop_bottom_side,47,image_block_02,fx,gx,0.0,1,
3,test,crop_bottom_side,crop_bottom_side,47,image_block_02,fgx,gfx,0.0,1,
3,test,crop_bottom_side,crop_bottom_side,302,image_block_02,fx,gx,0.0,1,
3,test,crop_bottom_side,crop_bottom_side,302,image_block_02,fgx,gfx,0.0,1,
3,test,crop_bottom_side,crop_bottom_side,131,image_block_02,fx,gx,0.0,1,
3,test,crop_bottom_side,crop_bottom_side,131,image_block_02,fgx,gfx,0.0,1,
3,test,crop_bottom_side,crop_bottom_side,174,image_block_02,fx,gx,0.0,1,
3,test,crop_bottom_side,crop_bottom_side,174,image_block_02,fgx,gfx,0.0,1,
3,test,crop_bottom_side,crop_bottom_side,56,image_block_02,fx,gx,0.0,1,
3,test,crop_bottom_side,crop_bottom_side,56,image_block_02,fgx,gfx,0.0,1,
3,test,crop_bottom_side,crop_bottom_side,146,image_block_02,fx,gx,0.0,1,
3,test,crop_bottom_side,crop_bottom_side,146,image_block_02,fgx,gfx,0.0,1,
3,test,crop_bottom_side,crop_bottom_side,165,image_block_02,fx,gx,0.0,1,
3,test,crop_bottom_side,crop_bottom_side,165,image_block_02,fgx,gfx,0.0,1,
3,test,crop_bottom_side,crop_bottom_side,203,image_block_02,fx,gx,0.0,1,
3,test,crop_bottom_side,crop_bottom_side,203,image_block_02,fgx,gfx,0.0,1,
3,test,crop_bottom_side,crop_bottom_side,150,image_block_02,fx,gx,0.0,1,
3,test,crop_bottom_side,crop_bottom_side,150,image_block_02,fgx,gfx,0.0,1,
3,test,crop_bottom_side,crop_bottom_side,77,image_block_02,fx,gx,0.0,1,
3,test,crop_bottom_side,crop_bottom_side,77,image_block_02,fgx,gfx,0.0,1,
3,test,crop_bottom_side,crop_bottom_side,248,image_block_02,fx,gx,0.0,1,
3,test,crop_bottom_side,crop_bottom_side,248,image_block_02,fgx,gfx,0.0,1,
3,test,crop_bottom_side,crop_bottom_side,19,image_block_02,fx,gx,0.0,1,
3,test,crop_bottom_side,crop_bottom_side,19,image_block_02,fgx,gfx,0.0,1,
3,test,crop_bottom_side,crop_bottom_side,98,image_block_02,fx,gx,0.0,1,
3,test,crop_bottom_side,crop_bottom_side,98,image_block_02,fgx,gfx,0.0,1,
3,test,crop_bottom_side,crop_bottom_side,332,image_block_02,fx,gx,0.0,1,
3,test,crop_bottom_side,crop_bottom_side,332,image_block_02,fgx,gfx,0.0,1,
3,test,crop_bottom_side,crop_bottom_side,260,image_block_02,fx,gx,0.0,1,
3,test,crop_bottom_side,crop_bottom_side,260,image_block_02,fgx,gfx,0.0,1,
3,test,crop_bottom_side,crop_bottom_side,266,image_block_02,fx,gx,0.0,1,
3,test,crop_bottom_side,crop_bottom_side,266,image_block_02,fgx,gfx,0.0,1,
3,test,crop_bottom_side,crop_bottom_side,47,image_block_03,fx,gx,0.0,1,
3,test,crop_bottom_side,crop_bottom_side,47,image_block_03,fgx,gfx,0.0,1,
3,test,crop_bottom_side,crop_bottom_side,302,image_block_03,fx,gx,0.0,1,
3,test,crop_bottom_side,crop_bottom_side,302,image_block_03,fgx,gfx,0.0,1,
3,test,crop_bottom_side,crop_bottom_side,131,image_block_03,fx,gx,0.0,1,
3,test,crop_bottom_side,crop_bottom_side,131,image_block_03,fgx,gfx,0.0,1,
3,test,crop_bottom_side,crop_bottom_side,174,image_block_03,fx,gx,0.0,1,
3,test,crop_bottom_side,crop_bottom_side,174,image_block_03,fgx,gfx,0.0,1,
3,test,crop_bottom_side,crop_bottom_side,56,image_block_03,fx,gx,0.0,1,
3,test,crop_bottom_side,crop_bottom_side,56,image_block_03,fgx,gfx,0.0,1,
3,test,crop_bottom_side,crop_bottom_side,146,image_block_03,fx,gx,0.0,1,
3,test,crop_bottom_side,crop_bottom_side,146,image_block_03,fgx,gfx,0.0,1,
3,test,crop_bottom_side,crop_bottom_side,165,image_block_03,fx,gx,0.0,1,
3,test,crop_bottom_side,crop_bottom_side,165,image_block_03,fgx,gfx,0.0,1,
3,test,crop_bottom_side,crop_bottom_side,203,image_block_03,fx,gx,0.0,1,
3,test,crop_bottom_side,crop_bottom_side,203,image_block_03,fgx,gfx,0.0,1,
3,test,crop_bottom_side,crop_bottom_side,150,image_block_03,fx,gx,0.0,1,
3,test,crop_bottom_side,crop_bottom_side,150,image_block_03,fgx,gfx,0.0,1,
3,test,crop_bottom_side,crop_bottom_side,77,image_block_03,fx,gx,0.0,1,
3,test,crop_bottom_side,crop_bottom_side,77,image_block_03,fgx,gfx,0.0,1,
3,test,crop_bottom_side,crop_bottom_side,248,image_block_03,fx,gx,0.0,1,
3,test,crop_bottom_side,crop_bottom_side,248,image_block_03,fgx,gfx,0.0,1,
3,test,crop_bottom_side,crop_bottom_side,19,image_block_03,fx,gx,0.0,1,
3,test,crop_bottom_side,crop_bottom_side,19,image_block_03,fgx,gfx,0.0,1,
3,test,crop_bottom_side,crop_bottom_side,98,image_block_03,fx,gx,0.0,1,
3,test,crop_bottom_side,crop_bottom_side,98,image_block_03,fgx,gfx,0.0,1,
3,test,crop_bottom_side,crop_bottom_side,332,image_block_03,fx,gx,0.0,1,
3,test,crop_bottom_side,crop_bottom_side,332,image_block_03,fgx,gfx,0.0,1,
3,test,crop_bottom_side,crop_bottom_side,260,image_block_03,fx,gx,0.0,1,
3,test,crop_bottom_side,crop_bottom_side,260,image_block_03,fgx,gfx,0.0,1,
3,test,crop_bottom_side,crop_bottom_side,266,image_block_03,fx,gx,0.0,1,
3,test,crop_bottom_side,crop_bottom_side,266,image_block_03,fgx,gfx,0.0,1,
3,test,crop_bottom_side,crop_bottom_side,47,image_block_04,fx,gx,0.0,1,
3,test,crop_bottom_side,crop_bottom_side,47,image_block_04,fgx,gfx,0.0,1,
3,test,crop_bottom_side,crop_bottom_side,302,image_block_04,fx,gx,0.0,1,
3,test,crop_bottom_side,crop_bottom_side,302,image_block_04,fgx,gfx,0.0,1,
3,test,crop_bottom_side,crop_bottom_side,131,image_block_04,fx,gx,0.0,1,
3,test,crop_bottom_side,crop_bottom_side,131,image_block_04,fgx,gfx,0.0,1,
3,test,crop_bottom_side,crop_bottom_side,174,image_block_04,fx,gx,0.0,1,
3,test,crop_bottom_side,crop_bottom_side,174,image_block_04,fgx,gfx,0.0,1,
3,test,crop_bottom_side,crop_bottom_side,56,image_block_04,fx,gx,0.0,1,
3,test,crop_bottom_side,crop_bottom_side,56,image_block_04,fgx,gfx,0.0,1,
3,test,crop_bottom_side,crop_bottom_side,146,image_block_04,fx,gx,0.0,1,
3,test,crop_bottom_side,crop_bottom_side,146,image_block_04,fgx,gfx,0.0,1,
3,test,crop_bottom_side,crop_bottom_side,165,image_block_04,fx,gx,0.0,1,
3,test,crop_bottom_side,crop_bottom_side,165,image_block_04,fgx,gfx,0.0,1,
3,test,crop_bottom_side,crop_bottom_side,203,image_block_04,fx,gx,0.0,1,
3,test,crop_bottom_side,crop_bottom_side,203,image_block_04,fgx,gfx,0.0,1,
3,test,crop_bottom_side,crop_bottom_side,150,image_block_04,fx,gx,0.0,1,
3,test,crop_bottom_side,crop_bottom_side,150,image_block_04,fgx,gfx,0.0,1,
3,test,crop_bottom_side,crop_bottom_side,77,image_block_04,fx,gx,0.0,1,
3,test,crop_bottom_side,crop_bottom_side,77,image_block_04,fgx,gfx,0.0,1,
3,test,crop_bottom_side,crop_bottom_side,248,image_block_04,fx,gx,0.0,1,
3,test,crop_bottom_side,crop_bottom_side,248,image_block_04,fgx,gfx,0.0,1,
3,test,crop_bottom_side,crop_bottom_side,19,image_block_04,fx,gx,0.0,1,
3,test,crop_bottom_side,crop_bottom_side,19,image_block_04,fgx,gfx,0.0,1,
3,test,crop_bottom_side,crop_bottom_side,98,image_block_04,fx,gx,0.0,1,
3,test,crop_bottom_side,crop_bottom_side,98,image_block_04,fgx,gfx,0.0,1,
3,test,crop_bottom_side,crop_bottom_side,332,image_block_04,fx,gx,0.0,1,
3,test,crop_bottom_side,crop_bottom_side,332,image_block_04,fgx,gfx,0.0,1,
3,test,crop_bottom_side,crop_bottom_side,260,image_block_04,fx,gx,0.0,1,
3,test,crop_bottom_side,crop_bottom_side,260,image_block_04,fgx,gfx,0.0,1,
3,test,crop_bottom_side,crop_bottom_side,266,image_block_04,fx,gx,0.0,1,
3,test,crop_bottom_side,crop_bottom_side,266,image_block_04,fgx,gfx,0.0,1,
3,test,crop_bottom_side,crop_bottom_side,47,image_block_05,fx,gx,0.0,1,
3,test,crop_bottom_side,crop_bottom_side,47,image_block_05,fgx,gfx,0.0,1,
3,test,crop_bottom_side,crop_bottom_side,302,image_block_05,fx,gx,0.0,1,
3,test,crop_bottom_side,crop_bottom_side,302,image_block_05,fgx,gfx,0.0,1,
3,test,crop_bottom_side,crop_bottom_side,131,image_block_05,fx,gx,0.0,1,
3,test,crop_bottom_side,crop_bottom_side,131,image_block_05,fgx,gfx,0.0,1,
3,test,crop_bottom_side,crop_bottom_side,174,image_block_05,fx,gx,0.0,1,
3,test,crop_bottom_side,crop_bottom_side,174,image_block_05,fgx,gfx,0.0,1,
3,test,crop_bottom_side,crop_bottom_side,56,image_block_05,fx,gx,0.0,1,
3,test,crop_bottom_side,crop_bottom_side,56,image_block_05,fgx,gfx,0.0,1,
3,test,crop_bottom_side,crop_bottom_side,146,image_block_05,fx,gx,0.0,1,
3,test,crop_bottom_side,crop_bottom_side,146,image_block_05,fgx,gfx,0.0,1,
3,test,crop_bottom_side,crop_bottom_side,165,image_block_05,fx,gx,0.0,1,
3,test,crop_bottom_side,crop_bottom_side,165,image_block_05,fgx,gfx,0.0,1,
3,test,crop_bottom_side,crop_bottom_side,203,image_block_05,fx,gx,0.0,1,
3,test,crop_bottom_side,crop_bottom_side,203,image_block_05,fgx,gfx,0.0,1,
3,test,crop_bottom_side,crop_bottom_side,150,image_block_05,fx,gx,0.0,1,
3,test,crop_bottom_side,crop_bottom_side,150,image_block_05,fgx,gfx,0.0,1,
3,test,crop_bottom_side,crop_bottom_side,77,image_block_05,fx,gx,0.0,1,
3,test,crop_bottom_side,crop_bottom_side,77,image_block_05,fgx,gfx,0.0,1,
3,test,crop_bottom_side,crop_bottom_side,248,image_block_05,fx,gx,0.0,1,
3,test,crop_bottom_side,crop_bottom_side,248,image_block_05,fgx,gfx,0.0,1,
3,test,crop_bottom_side,crop_bottom_side,19,image_block_05,fx,gx,0.0,1,
3,test,crop_bottom_side,crop_bottom_side,19,image_block_05,fgx,gfx,0.0,1,
3,test,crop_bottom_side,crop_bottom_side,98,image_block_05,fx,gx,0.0,1,
3,test,crop_bottom_side,crop_bottom_side,98,image_block_05,fgx,gfx,0.0,1,
3,test,crop_bottom_side,crop_bottom_side,332,image_block_05,fx,gx,0.0,1,
3,test,crop_bottom_side,crop_bottom_side,332,image_block_05,fgx,gfx,0.0,1,
3,test,crop_bottom_side,crop_bottom_side,260,image_block_05,fx,gx,0.0,1,
3,test,crop_bottom_side,crop_bottom_side,260,image_block_05,fgx,gfx,0.0,1,
3,test,crop_bottom_side,crop_bottom_side,266,image_block_05,fx,gx,0.0,1,
3,test,crop_bottom_side,crop_bottom_side,266,image_block_05,fgx,gfx,0.0,1,
3,test,crop_bottom_side,crop_bottom_side,47,image_block_06,fx,gx,0.0,1,
3,test,crop_bottom_side,crop_bottom_side,47,image_block_06,fgx,gfx,0.0,1,
3,test,crop_bottom_side,crop_bottom_side,302,image_block_06,fx,gx,0.0,1,
3,test,crop_bottom_side,crop_bottom_side,302,image_block_06,fgx,gfx,0.0,1,
3,test,crop_bottom_side,crop_bottom_side,131,image_block_06,fx,gx,0.0,1,
3,test,crop_bottom_side,crop_bottom_side,131,image_block_06,fgx,gfx,0.0,1,
3,test,crop_bottom_side,crop_bottom_side,174,image_block_06,fx,gx,0.0,1,
3,test,crop_bottom_side,crop_bottom_side,174,image_block_06,fgx,gfx,0.0,1,
3,test,crop_bottom_side,crop_bottom_side,56,image_block_06,fx,gx,0.0,1,
3,test,crop_bottom_side,crop_bottom_side,56,image_block_06,fgx,gfx,0.0,1,
3,test,crop_bottom_side,crop_bottom_side,146,image_block_06,fx,gx,0.0,1,
3,test,crop_bottom_side,crop_bottom_side,146,image_block_06,fgx,gfx,0.0,1,
3,test,crop_bottom_side,crop_bottom_side,165,image_block_06,fx,gx,0.0,1,
3,test,crop_bottom_side,crop_bottom_side,165,image_block_06,fgx,gfx,0.0,1,
3,test,crop_bottom_side,crop_bottom_side,203,image_block_06,fx,gx,0.0,1,
3,test,crop_bottom_side,crop_bottom_side,203,image_block_06,fgx,gfx,0.0,1,
3,test,crop_bottom_side,crop_bottom_side,150,image_block_06,fx,gx,0.0,1,
3,test,crop_bottom_side,crop_bottom_side,150,image_block_06,fgx,gfx,0.0,1,
3,test,crop_bottom_side,crop_bottom_side,77,image_block_06,fx,gx,0.0,1,
3,test,crop_bottom_side,crop_bottom_side,77,image_block_06,fgx,gfx,0.0,1,
3,test,crop_bottom_side,crop_bottom_side,248,image_block_06,fx,gx,0.0,1,
3,test,crop_bottom_side,crop_bottom_side,248,image_block_06,fgx,gfx,0.0,1,
3,test,crop_bottom_side,crop_bottom_side,19,image_block_06,fx,gx,0.0,1,
3,test,crop_bottom_side,crop_bottom_side,19,image_block_06,fgx,gfx,0.0,1,
3,test,crop_bottom_side,crop_bottom_side,98,image_block_06,fx,gx,0.0,1,
3,test,crop_bottom_side,crop_bottom_side,98,image_block_06,fgx,gfx,0.0,1,
3,test,crop_bottom_side,crop_bottom_side,332,image_block_06,fx,gx,0.0,1,
3,test,crop_bottom_side,crop_bottom_side,332,image_block_06,fgx,gfx,0.0,1,
3,test,crop_bottom_side,crop_bottom_side,260,image_block_06,fx,gx,0.0,1,
3,test,crop_bottom_side,crop_bottom_side,260,image_block_06,fgx,gfx,0.0,1,
3,test,crop_bottom_side,crop_bottom_side,266,image_block_06,fx,gx,0.0,1,
3,test,crop_bottom_side,crop_bottom_side,266,image_block_06,fgx,gfx,0.0,1,
3,test,crop_bottom_side,crop_bottom_side,47,image_final_norm,fx,gx,0.0,1,
3,test,crop_bottom_side,crop_bottom_side,47,image_final_norm,fgx,gfx,0.0,1,
3,test,crop_bottom_side,crop_bottom_side,302,image_final_norm,fx,gx,0.0,1,
3,test,crop_bottom_side,crop_bottom_side,302,image_final_norm,fgx,gfx,0.0,1,
3,test,crop_bottom_side,crop_bottom_side,131,image_final_norm,fx,gx,0.0,1,
3,test,crop_bottom_side,crop_bottom_side,131,image_final_norm,fgx,gfx,0.0,1,
3,test,crop_bottom_side,crop_bottom_side,174,image_final_norm,fx,gx,0.0,1,
3,test,crop_bottom_side,crop_bottom_side,174,image_final_norm,fgx,gfx,0.0,1,
3,test,crop_bottom_side,crop_bottom_side,56,image_final_norm,fx,gx,0.0,1,
3,test,crop_bottom_side,crop_bottom_side,56,image_final_norm,fgx,gfx,0.0,1,
3,test,crop_bottom_side,crop_bottom_side,146,image_final_norm,fx,gx,0.0,1,
3,test,crop_bottom_side,crop_bottom_side,146,image_final_norm,fgx,gfx,0.0,1,
3,test,crop_bottom_side,crop_bottom_side,165,image_final_norm,fx,gx,0.0,1,
3,test,crop_bottom_side,crop_bottom_side,165,image_final_norm,fgx,gfx,0.0,1,
3,test,crop_bottom_side,crop_bottom_side,203,image_final_norm,fx,gx,0.0,1,
3,test,crop_bottom_side,crop_bottom_side,203,image_final_norm,fgx,gfx,0.0,1,
3,test,crop_bottom_side,crop_bottom_side,150,image_final_norm,fx,gx,0.0,1,
3,test,crop_bottom_side,crop_bottom_side,150,image_final_norm,fgx,gfx,0.0,1,
3,test,crop_bottom_side,crop_bottom_side,77,image_final_norm,fx,gx,0.0,1,
3,test,crop_bottom_side,crop_bottom_side,77,image_final_norm,fgx,gfx,0.0,1,
3,test,crop_bottom_side,crop_bottom_side,248,image_final_norm,fx,gx,0.0,1,
3,test,crop_bottom_side,crop_bottom_side,248,image_final_norm,fgx,gfx,0.0,1,
3,test,crop_bottom_side,crop_bottom_side,19,image_final_norm,fx,gx,0.0,1,
3,test,crop_bottom_side,crop_bottom_side,19,image_final_norm,fgx,gfx,0.0,1,
3,test,crop_bottom_side,crop_bottom_side,98,image_final_norm,fx,gx,0.0,1,
3,test,crop_bottom_side,crop_bottom_side,98,image_final_norm,fgx,gfx,0.0,1,
3,test,crop_bottom_side,crop_bottom_side,332,image_final_norm,fx,gx,0.0,1,
3,test,crop_bottom_side,crop_bottom_side,332,image_final_norm,fgx,gfx,0.0,1,
3,test,crop_bottom_side,crop_bottom_side,260,image_final_norm,fx,gx,0.0,1,
3,test,crop_bottom_side,crop_bottom_side,260,image_final_norm,fgx,gfx,0.0,1,
3,test,crop_bottom_side,crop_bottom_side,266,image_final_norm,fx,gx,0.0,1,
3,test,crop_bottom_side,crop_bottom_side,266,image_final_norm,fgx,gfx,0.0,1,
3,test,crop_bottom_side,crop_bottom_side,82,image_input_tokens,fx,gx,0.0,1,
3,test,crop_bottom_side,crop_bottom_side,82,image_input_tokens,fgx,gfx,0.0,1,
3,test,crop_bottom_side,crop_bottom_side,228,image_input_tokens,fx,gx,0.0,1,
3,test,crop_bottom_side,crop_bottom_side,228,image_input_tokens,fgx,gfx,0.0,1,
3,test,crop_bottom_side,crop_bottom_side,296,image_input_tokens,fx,gx,0.0,1,
3,test,crop_bottom_side,crop_bottom_side,296,image_input_tokens,fgx,gfx,0.0,1,
3,test,crop_bottom_side,crop_bottom_side,153,image_input_tokens,fx,gx,0.0,1,
3,test,crop_bottom_side,crop_bottom_side,153,image_input_tokens,fgx,gfx,0.0,1,
3,test,crop_bottom_side,crop_bottom_side,115,image_input_tokens,fx,gx,0.0,1,
3,test,crop_bottom_side,crop_bottom_side,115,image_input_tokens,fgx,gfx,0.0,1,
3,test,crop_bottom_side,crop_bottom_side,305,image_input_tokens,fx,gx,0.0,1,
3,test,crop_bottom_side,crop_bottom_side,305,image_input_tokens,fgx,gfx,0.0,1,
3,test,crop_bottom_side,crop_bottom_side,219,image_input_tokens,fx,gx,0.0,1,
3,test,crop_bottom_side,crop_bottom_side,219,image_input_tokens,fgx,gfx,0.0,1,
3,test,crop_bottom_side,crop_bottom_side,24,image_input_tokens,fx,gx,0.0,1,
3,test,crop_bottom_side,crop_bottom_side,24,image_input_tokens,fgx,gfx,0.0,1,
3,test,crop_bottom_side,crop_bottom_side,164,image_input_tokens,fx,gx,0.0,1,
3,test,crop_bottom_side,crop_bottom_side,164,image_input_tokens,fgx,gfx,0.0,1,
3,test,crop_bottom_side,crop_bottom_side,51,image_input_tokens,fx,gx,0.0,1,
3,test,crop_bottom_side,crop_bottom_side,51,image_input_tokens,fgx,gfx,0.0,1,
3,test,crop_bottom_side,crop_bottom_side,145,image_input_tokens,fx,gx,0.0,1,
3,test,crop_bottom_side,crop_bottom_side,145,image_input_tokens,fgx,gfx,0.0,1,
3,test,crop_bottom_side,crop_bottom_side,107,image_input_tokens,fx,gx,0.0,1,
3,test,crop_bottom_side,crop_bottom_side,107,image_input_tokens,fgx,gfx,0.0,1,
3,test,crop_bottom_side,crop_bottom_side,154,image_input_tokens,fx,gx,0.0,1,
3,test,crop_bottom_side,crop_bottom_side,154,image_input_tokens,fgx,gfx,0.0,1,
3,test,crop_bottom_side,crop_bottom_side,33,image_input_tokens,fx,gx,0.0,1,
3,test,crop_bottom_side,crop_bottom_side,33,image_input_tokens,fgx,gfx,0.0,1,
3,test,crop_bottom_side,crop_bottom_side,127,image_input_tokens,fx,gx,0.0,1,
3,test,crop_bottom_side,crop_bottom_side,127,image_input_tokens,fgx,gfx,0.0,1,
3,test,crop_bottom_side,crop_bottom_side,251,image_input_tokens,fx,gx,0.0,1,
3,test,crop_bottom_side,crop_bottom_side,251,image_input_tokens,fgx,gfx,0.0,1,
3,test,crop_bottom_side,crop_bottom_side,82,image_block_01,fx,gx,0.0,1,
3,test,crop_bottom_side,crop_bottom_side,82,image_block_01,fgx,gfx,0.0,1,
3,test,crop_bottom_side,crop_bottom_side,228,image_block_01,fx,gx,0.0,1,
3,test,crop_bottom_side,crop_bottom_side,228,image_block_01,fgx,gfx,0.0,1,
3,test,crop_bottom_side,crop_bottom_side,296,image_block_01,fx,gx,0.0,1,
3,test,crop_bottom_side,crop_bottom_side,296,image_block_01,fgx,gfx,0.0,1,
3,test,crop_bottom_side,crop_bottom_side,153,image_block_01,fx,gx,0.0,1,
3,test,crop_bottom_side,crop_bottom_side,153,image_block_01,fgx,gfx,0.0,1,
3,test,crop_bottom_side,crop_bottom_side,115,image_block_01,fx,gx,0.0,1,
3,test,crop_bottom_side,crop_bottom_side,115,image_block_01,fgx,gfx,0.0,1,
3,test,crop_bottom_side,crop_bottom_side,305,image_block_01,fx,gx,0.0,1,
3,test,crop_bottom_side,crop_bottom_side,305,image_block_01,fgx,gfx,0.0,1,
3,test,crop_bottom_side,crop_bottom_side,219,image_block_01,fx,gx,0.0,1,
3,test,crop_bottom_side,crop_bottom_side,219,image_block_01,fgx,gfx,0.0,1,
3,test,crop_bottom_side,crop_bottom_side,24,image_block_01,fx,gx,0.0,1,
3,test,crop_bottom_side,crop_bottom_side,24,image_block_01,fgx,gfx,0.0,1,
3,test,crop_bottom_side,crop_bottom_side,164,image_block_01,fx,gx,0.0,1,
3,test,crop_bottom_side,crop_bottom_side,164,image_block_01,fgx,gfx,0.0,1,
3,test,crop_bottom_side,crop_bottom_side,51,image_block_01,fx,gx,0.0,1,
3,test,crop_bottom_side,crop_bottom_side,51,image_block_01,fgx,gfx,0.0,1,
3,test,crop_bottom_side,crop_bottom_side,145,image_block_01,fx,gx,0.0,1,
3,test,crop_bottom_side,crop_bottom_side,145,image_block_01,fgx,gfx,0.0,1,
3,test,crop_bottom_side,crop_bottom_side,107,image_block_01,fx,gx,0.0,1,
3,test,crop_bottom_side,crop_bottom_side,107,image_block_01,fgx,gfx,0.0,1,
3,test,crop_bottom_side,crop_bottom_side,154,image_block_01,fx,gx,0.0,1,
3,test,crop_bottom_side,crop_bottom_side,154,image_block_01,fgx,gfx,0.0,1,
3,test,crop_bottom_side,crop_bottom_side,33,image_block_01,fx,gx,0.0,1,
3,test,crop_bottom_side,crop_bottom_side,33,image_block_01,fgx,gfx,0.0,1,
3,test,crop_bottom_side,crop_bottom_side,127,image_block_01,fx,gx,0.0,1,
3,test,crop_bottom_side,crop_bottom_side,127,image_block_01,fgx,gfx,0.0,1,
3,test,crop_bottom_side,crop_bottom_side,251,image_block_01,fx,gx,0.0,1,
3,test,crop_bottom_side,crop_bottom_side,251,image_block_01,fgx,gfx,0.0,1,
3,test,crop_bottom_side,crop_bottom_side,82,image_block_02,fx,gx,0.0,1,
3,test,crop_bottom_side,crop_bottom_side,82,image_block_02,fgx,gfx,0.0,1,
3,test,crop_bottom_side,crop_bottom_side,228,image_block_02,fx,gx,0.0,1,
3,test,crop_bottom_side,crop_bottom_side,228,image_block_02,fgx,gfx,0.0,1,
3,test,crop_bottom_side,crop_bottom_side,296,image_block_02,fx,gx,0.0,1,
3,test,crop_bottom_side,crop_bottom_side,296,image_block_02,fgx,gfx,0.0,1,
3,test,crop_bottom_side,crop_bottom_side,153,image_block_02,fx,gx,0.0,1,
3,test,crop_bottom_side,crop_bottom_side,153,image_block_02,fgx,gfx,0.0,1,
3,test,crop_bottom_side,crop_bottom_side,115,image_block_02,fx,gx,0.0,1,
3,test,crop_bottom_side,crop_bottom_side,115,image_block_02,fgx,gfx,0.0,1,
3,test,crop_bottom_side,crop_bottom_side,305,image_block_02,fx,gx,0.0,1,
3,test,crop_bottom_side,crop_bottom_side,305,image_block_02,fgx,gfx,0.0,1,
3,test,crop_bottom_side,crop_bottom_side,219,image_block_02,fx,gx,0.0,1,
3,test,crop_bottom_side,crop_bottom_side,219,image_block_02,fgx,gfx,0.0,1,
3,test,crop_bottom_side,crop_bottom_side,24,image_block_02,fx,gx,0.0,1,
3,test,crop_bottom_side,crop_bottom_side,24,image_block_02,fgx,gfx,0.0,1,
3,test,crop_bottom_side,crop_bottom_side,164,image_block_02,fx,gx,0.0,1,
3,test,crop_bottom_side,crop_bottom_side,164,image_block_02,fgx,gfx,0.0,1,
3,test,crop_bottom_side,crop_bottom_side,51,image_block_02,fx,gx,0.0,1,
3,test,crop_bottom_side,crop_bottom_side,51,image_block_02,fgx,gfx,0.0,1,
3,test,crop_bottom_side,crop_bottom_side,145,image_block_02,fx,gx,0.0,1,
3,test,crop_bottom_side,crop_bottom_side,145,image_block_02,fgx,gfx,0.0,1,
3,test,crop_bottom_side,crop_bottom_side,107,image_block_02,fx,gx,0.0,1,
3,test,crop_bottom_side,crop_bottom_side,107,image_block_02,fgx,gfx,0.0,1,
3,test,crop_bottom_side,crop_bottom_side,154,image_block_02,fx,gx,0.0,1,
3,test,crop_bottom_side,crop_bottom_side,154,image_block_02,fgx,gfx,0.0,1,
3,test,crop_bottom_side,crop_bottom_side,33,image_block_02,fx,gx,0.0,1,
3,test,crop_bottom_side,crop_bottom_side,33,image_block_02,fgx,gfx,0.0,1,
3,test,crop_bottom_side,crop_bottom_side,127,image_block_02,fx,gx,0.0,1,
3,test,crop_bottom_side,crop_bottom_side,127,image_block_02,fgx,gfx,0.0,1,
3,test,crop_bottom_side,crop_bottom_side,251,image_block_02,fx,gx,0.0,1,
3,test,crop_bottom_side,crop_bottom_side,251,image_block_02,fgx,gfx,0.0,1,
3,test,crop_bottom_side,crop_bottom_side,82,image_block_03,fx,gx,0.0,1,
3,test,crop_bottom_side,crop_bottom_side,82,image_block_03,fgx,gfx,0.0,1,
3,test,crop_bottom_side,crop_bottom_side,228,image_block_03,fx,gx,0.0,1,
3,test,crop_bottom_side,crop_bottom_side,228,image_block_03,fgx,gfx,0.0,1,
3,test,crop_bottom_side,crop_bottom_side,296,image_block_03,fx,gx,0.0,1,
3,test,crop_bottom_side,crop_bottom_side,296,image_block_03,fgx,gfx,0.0,1,
3,test,crop_bottom_side,crop_bottom_side,153,image_block_03,fx,gx,0.0,1,
3,test,crop_bottom_side,crop_bottom_side,153,image_block_03,fgx,gfx,0.0,1,
3,test,crop_bottom_side,crop_bottom_side,115,image_block_03,fx,gx,0.0,1,
3,test,crop_bottom_side,crop_bottom_side,115,image_block_03,fgx,gfx,0.0,1,
3,test,crop_bottom_side,crop_bottom_side,305,image_block_03,fx,gx,0.0,1,
3,test,crop_bottom_side,crop_bottom_side,305,image_block_03,fgx,gfx,0.0,1,
3,test,crop_bottom_side,crop_bottom_side,219,image_block_03,fx,gx,0.0,1,
3,test,crop_bottom_side,crop_bottom_side,219,image_block_03,fgx,gfx,0.0,1,
3,test,crop_bottom_side,crop_bottom_side,24,image_block_03,fx,gx,0.0,1,
3,test,crop_bottom_side,crop_bottom_side,24,image_block_03,fgx,gfx,0.0,1,
3,test,crop_bottom_side,crop_bottom_side,164,image_block_03,fx,gx,0.0,1,
3,test,crop_bottom_side,crop_bottom_side,164,image_block_03,fgx,gfx,0.0,1,
3,test,crop_bottom_side,crop_bottom_side,51,image_block_03,fx,gx,0.0,1,
3,test,crop_bottom_side,crop_bottom_side,51,image_block_03,fgx,gfx,0.0,1,
3,test,crop_bottom_side,crop_bottom_side,145,image_block_03,fx,gx,0.0,1,
3,test,crop_bottom_side,crop_bottom_side,145,image_block_03,fgx,gfx,0.0,1,
3,test,crop_bottom_side,crop_bottom_side,107,image_block_03,fx,gx,0.0,1,
3,test,crop_bottom_side,crop_bottom_side,107,image_block_03,fgx,gfx,0.0,1,
3,test,crop_bottom_side,crop_bottom_side,154,image_block_03,fx,gx,0.0,1,
3,test,crop_bottom_side,crop_bottom_side,154,image_block_03,fgx,gfx,0.0,1,
3,test,crop_bottom_side,crop_bottom_side,33,image_block_03,fx,gx,0.0,1,
3,test,crop_bottom_side,crop_bottom_side,33,image_block_03,fgx,gfx,0.0,1,
3,test,crop_bottom_side,crop_bottom_side,127,image_block_03,fx,gx,0.0,1,
3,test,crop_bottom_side,crop_bottom_side,127,image_block_03,fgx,gfx,0.0,1,
3,test,crop_bottom_side,crop_bottom_side,251,image_block_03,fx,gx,0.0,1,
3,test,crop_bottom_side,crop_bottom_side,251,image_block_03,fgx,gfx,0.0,1,
3,test,crop_bottom_side,crop_bottom_side,82,image_block_04,fx,gx,0.0,1,
3,test,crop_bottom_side,crop_bottom_side,82,image_block_04,fgx,gfx,0.0,1,
3,test,crop_bottom_side,crop_bottom_side,228,image_block_04,fx,gx,0.0,1,
3,test,crop_bottom_side,crop_bottom_side,228,image_block_04,fgx,gfx,0.0,1,
3,test,crop_bottom_side,crop_bottom_side,296,image_block_04,fx,gx,0.0,1,
3,test,crop_bottom_side,crop_bottom_side,296,image_block_04,fgx,gfx,0.0,1,
3,test,crop_bottom_side,crop_bottom_side,153,image_block_04,fx,gx,0.0,1,
3,test,crop_bottom_side,crop_bottom_side,153,image_block_04,fgx,gfx,0.0,1,
3,test,crop_bottom_side,crop_bottom_side,115,image_block_04,fx,gx,0.0,1,
3,test,crop_bottom_side,crop_bottom_side,115,image_block_04,fgx,gfx,0.0,1,
3,test,crop_bottom_side,crop_bottom_side,305,image_block_04,fx,gx,0.0,1,
3,test,crop_bottom_side,crop_bottom_side,305,image_block_04,fgx,gfx,0.0,1,
3,test,crop_bottom_side,crop_bottom_side,219,image_block_04,fx,gx,0.0,1,
3,test,crop_bottom_side,crop_bottom_side,219,image_block_04,fgx,gfx,0.0,1,
3,test,crop_bottom_side,crop_bottom_side,24,image_block_04,fx,gx,0.0,1,
3,test,crop_bottom_side,crop_bottom_side,24,image_block_04,fgx,gfx,0.0,1,
3,test,crop_bottom_side,crop_bottom_side,164,image_block_04,fx,gx,0.0,1,
3,test,crop_bottom_side,crop_bottom_side,164,image_block_04,fgx,gfx,0.0,1,
3,test,crop_bottom_side,crop_bottom_side,51,image_block_04,fx,gx,0.0,1,
3,test,crop_bottom_side,crop_bottom_side,51,image_block_04,fgx,gfx,0.0,1,
3,test,crop_bottom_side,crop_bottom_side,145,image_block_04,fx,gx,0.0,1,
3,test,crop_bottom_side,crop_bottom_side,145,image_block_04,fgx,gfx,0.0,1,
3,test,crop_bottom_side,crop_bottom_side,107,image_block_04,fx,gx,0.0,1,
3,test,crop_bottom_side,crop_bottom_side,107,image_block_04,fgx,gfx,0.0,1,
3,test,crop_bottom_side,crop_bottom_side,154,image_block_04,fx,gx,0.0,1,
3,test,crop_bottom_side,crop_bottom_side,154,image_block_04,fgx,gfx,0.0,1,
3,test,crop_bottom_side,crop_bottom_side,33,image_block_04,fx,gx,0.0,1,
3,test,crop_bottom_side,crop_bottom_side,33,image_block_04,fgx,gfx,0.0,1,
3,test,crop_bottom_side,crop_bottom_side,127,image_block_04,fx,gx,0.0,1,
3,test,crop_bottom_side,crop_bottom_side,127,image_block_04,fgx,gfx,0.0,1,
3,test,crop_bottom_side,crop_bottom_side,251,image_block_04,fx,gx,0.0,1,
3,test,crop_bottom_side,crop_bottom_side,251,image_block_04,fgx,gfx,0.0,1,
3,test,crop_bottom_side,crop_bottom_side,82,image_block_05,fx,gx,0.0,1,
3,test,crop_bottom_side,crop_bottom_side,82,image_block_05,fgx,gfx,0.0,1,
3,test,crop_bottom_side,crop_bottom_side,228,image_block_05,fx,gx,0.0,1,
3,test,crop_bottom_side,crop_bottom_side,228,image_block_05,fgx,gfx,0.0,1,
3,test,crop_bottom_side,crop_bottom_side,296,image_block_05,fx,gx,0.0,1,
3,test,crop_bottom_side,crop_bottom_side,296,image_block_05,fgx,gfx,0.0,1,
3,test,crop_bottom_side,crop_bottom_side,153,image_block_05,fx,gx,0.0,1,
3,test,crop_bottom_side,crop_bottom_side,153,image_block_05,fgx,gfx,0.0,1,
3,test,crop_bottom_side,crop_bottom_side,115,image_block_05,fx,gx,0.0,1,
3,test,crop_bottom_side,crop_bottom_side,115,image_block_05,fgx,gfx,0.0,1,
3,test,crop_bottom_side,crop_bottom_side,305,image_block_05,fx,gx,0.0,1,
3,test,crop_bottom_side,crop_bottom_side,305,image_block_05,fgx,gfx,0.0,1,
3,test,crop_bottom_side,crop_bottom_side,219,image_block_05,fx,gx,0.0,1,
3,test,crop_bottom_side,crop_bottom_side,219,image_block_05,fgx,gfx,0.0,1,
3,test,crop_bottom_side,crop_bottom_side,24,image_block_05,fx,gx,0.0,1,
3,test,crop_bottom_side,crop_bottom_side,24,image_block_05,fgx,gfx,0.0,1,
3,test,crop_bottom_side,crop_bottom_side,164,image_block_05,fx,gx,0.0,1,
3,test,crop_bottom_side,crop_bottom_side,164,image_block_05,fgx,gfx,0.0,1,
3,test,crop_bottom_side,crop_bottom_side,51,image_block_05,fx,gx,0.0,1,
3,test,crop_bottom_side,crop_bottom_side,51,image_block_05,fgx,gfx,0.0,1,
3,test,crop_bottom_side,crop_bottom_side,145,image_block_05,fx,gx,0.0,1,
3,test,crop_bottom_side,crop_bottom_side,145,image_block_05,fgx,gfx,0.0,1,
3,test,crop_bottom_side,crop_bottom_side,107,image_block_05,fx,gx,0.0,1,
3,test,crop_bottom_side,crop_bottom_side,107,image_block_05,fgx,gfx,0.0,1,
3,test,crop_bottom_side,crop_bottom_side,154,image_block_05,fx,gx,0.0,1,
3,test,crop_bottom_side,crop_bottom_side,154,image_block_05,fgx,gfx,0.0,1,
3,test,crop_bottom_side,crop_bottom_side,33,image_block_05,fx,gx,0.0,1,
3,test,crop_bottom_side,crop_bottom_side,33,image_block_05,fgx,gfx,0.0,1,
3,test,crop_bottom_side,crop_bottom_side,127,image_block_05,fx,gx,0.0,1,
3,test,crop_bottom_side,crop_bottom_side,127,image_block_05,fgx,gfx,0.0,1,
3,test,crop_bottom_side,crop_bottom_side,251,image_block_05,fx,gx,0.0,1,
3,test,crop_bottom_side,crop_bottom_side,251,image_block_05,fgx,gfx,0.0,1,
3,test,crop_bottom_side,crop_bottom_side,82,image_block_06,fx,gx,0.0,1,
3,test,crop_bottom_side,crop_bottom_side,82,image_block_06,fgx,gfx,0.0,1,
3,test,crop_bottom_side,crop_bottom_side,228,image_block_06,fx,gx,0.0,1,
3,test,crop_bottom_side,crop_bottom_side,228,image_block_06,fgx,gfx,0.0,1,
3,test,crop_bottom_side,crop_bottom_side,296,image_block_06,fx,gx,0.0,1,
3,test,crop_bottom_side,crop_bottom_side,296,image_block_06,fgx,gfx,0.0,1,
3,test,crop_bottom_side,crop_bottom_side,153,image_block_06,fx,gx,0.0,1,
3,test,crop_bottom_side,crop_bottom_side,153,image_block_06,fgx,gfx,0.0,1,
3,test,crop_bottom_side,crop_bottom_side,115,image_block_06,fx,gx,0.0,1,
3,test,crop_bottom_side,crop_bottom_side,115,image_block_06,fgx,gfx,0.0,1,
3,test,crop_bottom_side,crop_bottom_side,305,image_block_06,fx,gx,0.0,1,
3,test,crop_bottom_side,crop_bottom_side,305,image_block_06,fgx,gfx,0.0,1,
3,test,crop_bottom_side,crop_bottom_side,219,image_block_06,fx,gx,0.0,1,
3,test,crop_bottom_side,crop_bottom_side,219,image_block_06,fgx,gfx,0.0,1,
3,test,crop_bottom_side,crop_bottom_side,24,image_block_06,fx,gx,0.0,1,
3,test,crop_bottom_side,crop_bottom_side,24,image_block_06,fgx,gfx,0.0,1,
3,test,crop_bottom_side,crop_bottom_side,164,image_block_06,fx,gx,0.0,1,
3,test,crop_bottom_side,crop_bottom_side,164,image_block_06,fgx,gfx,0.0,1,
3,test,crop_bottom_side,crop_bottom_side,51,image_block_06,fx,gx,0.0,1,
3,test,crop_bottom_side,crop_bottom_side,51,image_block_06,fgx,gfx,0.0,1,
3,test,crop_bottom_side,crop_bottom_side,145,image_block_06,fx,gx,0.0,1,
3,test,crop_bottom_side,crop_bottom_side,145,image_block_06,fgx,gfx,0.0,1,
3,test,crop_bottom_side,crop_bottom_side,107,image_block_06,fx,gx,0.0,1,
3,test,crop_bottom_side,crop_bottom_side,107,image_block_06,fgx,gfx,0.0,1,
3,test,crop_bottom_side,crop_bottom_side,154,image_block_06,fx,gx,0.0,1,
3,test,crop_bottom_side,crop_bottom_side,154,image_block_06,fgx,gfx,0.0,1,
3,test,crop_bottom_side,crop_bottom_side,33,image_block_06,fx,gx,0.0,1,
3,test,crop_bottom_side,crop_bottom_side,33,image_block_06,fgx,gfx,0.0,1,
3,test,crop_bottom_side,crop_bottom_side,127,image_block_06,fx,gx,0.0,1,
3,test,crop_bottom_side,crop_bottom_side,127,image_block_06,fgx,gfx,0.0,1,
3,test,crop_bottom_side,crop_bottom_side,251,image_block_06,fx,gx,0.0,1,
3,test,crop_bottom_side,crop_bottom_side,251,image_block_06,fgx,gfx,0.0,1,
3,test,crop_bottom_side,crop_bottom_side,82,image_final_norm,fx,gx,0.0,1,
3,test,crop_bottom_side,crop_bottom_side,82,image_final_norm,fgx,gfx,0.0,1,
3,test,crop_bottom_side,crop_bottom_side,228,image_final_norm,fx,gx,0.0,1,
3,test,crop_bottom_side,crop_bottom_side,228,image_final_norm,fgx,gfx,0.0,1,
3,test,crop_bottom_side,crop_bottom_side,296,image_final_norm,fx,gx,0.0,1,
3,test,crop_bottom_side,crop_bottom_side,296,image_final_norm,fgx,gfx,0.0,1,
3,test,crop_bottom_side,crop_bottom_side,153,image_final_norm,fx,gx,0.0,1,
3,test,crop_bottom_side,crop_bottom_side,153,image_final_norm,fgx,gfx,0.0,1,
3,test,crop_bottom_side,crop_bottom_side,115,image_final_norm,fx,gx,0.0,1,
3,test,crop_bottom_side,crop_bottom_side,115,image_final_norm,fgx,gfx,0.0,1,
3,test,crop_bottom_side,crop_bottom_side,305,image_final_norm,fx,gx,0.0,1,
3,test,crop_bottom_side,crop_bottom_side,305,image_final_norm,fgx,gfx,0.0,1,
3,test,crop_bottom_side,crop_bottom_side,219,image_final_norm,fx,gx,0.0,1,
3,test,crop_bottom_side,crop_bottom_side,219,image_final_norm,fgx,gfx,0.0,1,
3,test,crop_bottom_side,crop_bottom_side,24,image_final_norm,fx,gx,0.0,1,
3,test,crop_bottom_side,crop_bottom_side,24,image_final_norm,fgx,gfx,0.0,1,
3,test,crop_bottom_side,crop_bottom_side,164,image_final_norm,fx,gx,0.0,1,
3,test,crop_bottom_side,crop_bottom_side,164,image_final_norm,fgx,gfx,0.0,1,
3,test,crop_bottom_side,crop_bottom_side,51,image_final_norm,fx,gx,0.0,1,
3,test,crop_bottom_side,crop_bottom_side,51,image_final_norm,fgx,gfx,0.0,1,
3,test,crop_bottom_side,crop_bottom_side,145,image_final_norm,fx,gx,0.0,1,
3,test,crop_bottom_side,crop_bottom_side,145,image_final_norm,fgx,gfx,0.0,1,
3,test,crop_bottom_side,crop_bottom_side,107,image_final_norm,fx,gx,0.0,1,
3,test,crop_bottom_side,crop_bottom_side,107,image_final_norm,fgx,gfx,0.0,1,
3,test,crop_bottom_side,crop_bottom_side,154,image_final_norm,fx,gx,0.0,1,
3,test,crop_bottom_side,crop_bottom_side,154,image_final_norm,fgx,gfx,0.0,1,
3,test,crop_bottom_side,crop_bottom_side,33,image_final_norm,fx,gx,0.0,1,
3,test,crop_bottom_side,crop_bottom_side,33,image_final_norm,fgx,gfx,0.0,1,
3,test,crop_bottom_side,crop_bottom_side,127,image_final_norm,fx,gx,0.0,1,
3,test,crop_bottom_side,crop_bottom_side,127,image_final_norm,fgx,gfx,0.0,1,
3,test,crop_bottom_side,crop_bottom_side,251,image_final_norm,fx,gx,0.0,1,
3,test,crop_bottom_side,crop_bottom_side,251,image_final_norm,fgx,gfx,0.0,1,
3,test,crop_bottom_side,crop_bottom_side,213,image_input_tokens,fx,gx,0.0,1,
3,test,crop_bottom_side,crop_bottom_side,213,image_input_tokens,fgx,gfx,0.0,1,
3,test,crop_bottom_side,crop_bottom_side,152,image_input_tokens,fx,gx,0.0,1,
3,test,crop_bottom_side,crop_bottom_side,152,image_input_tokens,fx,fgx,0.021510603606950694,0,1
3,test,crop_bottom_side,crop_bottom_side,152,image_input_tokens,fx,gfx,0.021510603606950694,0,1
3,test,crop_bottom_side,crop_bottom_side,152,image_input_tokens,gx,fgx,0.021510603606950694,0,1
3,test,crop_bottom_side,crop_bottom_side,152,image_input_tokens,gx,gfx,0.021510603606950694,0,1
3,test,crop_bottom_side,crop_bottom_side,152,image_input_tokens,fgx,gfx,0.0,1,
3,test,crop_bottom_side,crop_bottom_side,100,image_input_tokens,fx,gx,0.0,1,
3,test,crop_bottom_side,crop_bottom_side,100,image_input_tokens,fx,fgx,0.01138536949089398,0,1
3,test,crop_bottom_side,crop_bottom_side,100,image_input_tokens,fx,gfx,0.01138536949089398,0,1
3,test,crop_bottom_side,crop_bottom_side,100,image_input_tokens,gx,fgx,0.01138536949089398,0,1
3,test,crop_bottom_side,crop_bottom_side,100,image_input_tokens,gx,gfx,0.01138536949089398,0,1
3,test,crop_bottom_side,crop_bottom_side,100,image_input_tokens,fgx,gfx,0.0,1,
3,test,crop_bottom_side,crop_bottom_side,27,image_input_tokens,fx,gx,0.0,1,
3,test,crop_bottom_side,crop_bottom_side,27,image_input_tokens,fgx,gfx,0.0,1,
3,test,crop_bottom_side,crop_bottom_side,316,image_input_tokens,fx,gx,0.0,1,
3,test,crop_bottom_side,crop_bottom_side,316,image_input_tokens,fgx,gfx,0.0,1,
3,test,crop_bottom_side,crop_bottom_side,61,image_input_tokens,fx,gx,0.0,1,
3,test,crop_bottom_side,crop_bottom_side,61,image_input_tokens,fgx,gfx,0.0,1,
3,test,crop_bottom_side,crop_bottom_side,291,image_input_tokens,fx,gx,0.0,1,
3,test,crop_bottom_side,crop_bottom_side,291,image_input_tokens,fgx,gfx,0.0,1,
3,test,crop_bottom_side,crop_bottom_side,84,image_input_tokens,fx,gx,0.0,1,
3,test,crop_bottom_side,crop_bottom_side,84,image_input_tokens,fgx,gfx,0.0,1,
3,test,crop_bottom_side,crop_bottom_side,265,image_input_tokens,fx,gx,0.0,1,
3,test,crop_bottom_side,crop_bottom_side,265,image_input_tokens,fgx,gfx,0.0,1,
3,test,crop_bottom_side,crop_bottom_side,196,image_input_tokens,fx,gx,0.0,1,
3,test,crop_bottom_side,crop_bottom_side,196,image_input_tokens,fgx,gfx,0.0,1,
3,test,crop_bottom_side,crop_bottom_side,215,image_input_tokens,fx,gx,0.0,1,
3,test,crop_bottom_side,crop_bottom_side,215,image_input_tokens,fgx,gfx,0.0,1,
3,test,crop_bottom_side,crop_bottom_side,253,image_input_tokens,fx,gx,0.0,1,
3,test,crop_bottom_side,crop_bottom_side,253,image_input_tokens,fgx,gfx,0.0,1,
3,test,crop_bottom_side,crop_bottom_side,239,image_input_tokens,fx,gx,0.0,1,
3,test,crop_bottom_side,crop_bottom_side,239,image_input_tokens,fgx,gfx,0.0,1,
3,test,crop_bottom_side,crop_bottom_side,331,image_input_tokens,fx,gx,0.0,1,
3,test,crop_bottom_side,crop_bottom_side,331,image_input_tokens,fgx,gfx,0.0,1,
3,test,crop_bottom_side,crop_bottom_side,3,image_input_tokens,fx,gx,0.0,1,
3,test,crop_bottom_side,crop_bottom_side,3,image_input_tokens,fgx,gfx,0.0,1,
3,test,crop_bottom_side,crop_bottom_side,2,image_input_tokens,fx,gx,0.0,1,
3,test,crop_bottom_side,crop_bottom_side,2,image_input_tokens,fgx,gfx,0.0,1,
3,test,crop_bottom_side,crop_bottom_side,213,image_block_01,fx,gx,0.0,1,
3,test,crop_bottom_side,crop_bottom_side,213,image_block_01,fgx,gfx,0.0,1,
3,test,crop_bottom_side,crop_bottom_side,152,image_block_01,fx,gx,0.0,1,
3,test,crop_bottom_side,crop_bottom_side,152,image_block_01,fx,fgx,0.1568874095197309,0,0
3,test,crop_bottom_side,crop_bottom_side,152,image_block_01,fx,gfx,0.1568874095197309,0,0
3,test,crop_bottom_side,crop_bottom_side,152,image_block_01,gx,fgx,0.1568874095197309,0,0
3,test,crop_bottom_side,crop_bottom_side,152,image_block_01,gx,gfx,0.1568874095197309,0,0
3,test,crop_bottom_side,crop_bottom_side,152,image_block_01,fgx,gfx,0.0,1,
3,test,crop_bottom_side,crop_bottom_side,100,image_block_01,fx,gx,0.0,1,
3,test,crop_bottom_side,crop_bottom_side,100,image_block_01,fx,fgx,0.1422337025895447,0,0
3,test,crop_bottom_side,crop_bottom_side,100,image_block_01,fx,gfx,0.1422337025895447,0,0
3,test,crop_bottom_side,crop_bottom_side,100,image_block_01,gx,fgx,0.1422337025895447,0,0
3,test,crop_bottom_side,crop_bottom_side,100,image_block_01,gx,gfx,0.1422337025895447,0,0
3,test,crop_bottom_side,crop_bottom_side,100,image_block_01,fgx,gfx,0.0,1,
3,test,crop_bottom_side,crop_bottom_side,27,image_block_01,fx,gx,0.0,1,
3,test,crop_bottom_side,crop_bottom_side,27,image_block_01,fgx,gfx,0.0,1,
3,test,crop_bottom_side,crop_bottom_side,316,image_block_01,fx,gx,0.0,1,
3,test,crop_bottom_side,crop_bottom_side,316,image_block_01,fgx,gfx,0.0,1,
3,test,crop_bottom_side,crop_bottom_side,61,image_block_01,fx,gx,0.0,1,
3,test,crop_bottom_side,crop_bottom_side,61,image_block_01,fgx,gfx,0.0,1,
3,test,crop_bottom_side,crop_bottom_side,291,image_block_01,fx,gx,0.0,1,
3,test,crop_bottom_side,crop_bottom_side,291,image_block_01,fgx,gfx,0.0,1,
3,test,crop_bottom_side,crop_bottom_side,84,image_block_01,fx,gx,0.0,1,
3,test,crop_bottom_side,crop_bottom_side,84,image_block_01,fgx,gfx,0.0,1,
3,test,crop_bottom_side,crop_bottom_side,265,image_block_01,fx,gx,0.0,1,
3,test,crop_bottom_side,crop_bottom_side,265,image_block_01,fgx,gfx,0.0,1,
3,test,crop_bottom_side,crop_bottom_side,196,image_block_01,fx,gx,0.0,1,
3,test,crop_bottom_side,crop_bottom_side,196,image_block_01,fgx,gfx,0.0,1,
3,test,crop_bottom_side,crop_bottom_side,215,image_block_01,fx,gx,0.0,1,
3,test,crop_bottom_side,crop_bottom_side,215,image_block_01,fgx,gfx,0.0,1,
3,test,crop_bottom_side,crop_bottom_side,253,image_block_01,fx,gx,0.0,1,
3,test,crop_bottom_side,crop_bottom_side,253,image_block_01,fgx,gfx,0.0,1,
3,test,crop_bottom_side,crop_bottom_side,239,image_block_01,fx,gx,0.0,1,
3,test,crop_bottom_side,crop_bottom_side,239,image_block_01,fgx,gfx,0.0,1,
3,test,crop_bottom_side,crop_bottom_side,331,image_block_01,fx,gx,0.0,1,
3,test,crop_bottom_side,crop_bottom_side,331,image_block_01,fgx,gfx,0.0,1,
3,test,crop_bottom_side,crop_bottom_side,3,image_block_01,fx,gx,0.0,1,
3,test,crop_bottom_side,crop_bottom_side,3,image_block_01,fgx,gfx,0.0,1,
3,test,crop_bottom_side,crop_bottom_side,2,image_block_01,fx,gx,0.0,1,
3,test,crop_bottom_side,crop_bottom_side,2,image_block_01,fgx,gfx,0.0,1,
3,test,crop_bottom_side,crop_bottom_side,213,image_block_02,fx,gx,0.0,1,
3,test,crop_bottom_side,crop_bottom_side,213,image_block_02,fgx,gfx,0.0,1,
3,test,crop_bottom_side,crop_bottom_side,152,image_block_02,fx,gx,0.0,1,
3,test,crop_bottom_side,crop_bottom_side,152,image_block_02,fx,fgx,0.17539989614524654,0,0
3,test,crop_bottom_side,crop_bottom_side,152,image_block_02,fx,gfx,0.17539989614524654,0,0
3,test,crop_bottom_side,crop_bottom_side,152,image_block_02,gx,fgx,0.17539989614524654,0,0
3,test,crop_bottom_side,crop_bottom_side,152,image_block_02,gx,gfx,0.17539989614524654,0,0
3,test,crop_bottom_side,crop_bottom_side,152,image_block_02,fgx,gfx,0.0,1,
3,test,crop_bottom_side,crop_bottom_side,100,image_block_02,fx,gx,0.0,1,
3,test,crop_bottom_side,crop_bottom_side,100,image_block_02,fx,fgx,0.17572837928025617,0,0
3,test,crop_bottom_side,crop_bottom_side,100,image_block_02,fx,gfx,0.17572837928025617,0,0
3,test,crop_bottom_side,crop_bottom_side,100,image_block_02,gx,fgx,0.17572837928025617,0,0
3,test,crop_bottom_side,crop_bottom_side,100,image_block_02,gx,gfx,0.17572837928025617,0,0
3,test,crop_bottom_side,crop_bottom_side,100,image_block_02,fgx,gfx,0.0,1,
3,test,crop_bottom_side,crop_bottom_side,27,image_block_02,fx,gx,0.0,1,
3,test,crop_bottom_side,crop_bottom_side,27,image_block_02,fgx,gfx,0.0,1,
3,test,crop_bottom_side,crop_bottom_side,316,image_block_02,fx,gx,0.0,1,
3,test,crop_bottom_side,crop_bottom_side,316,image_block_02,fgx,gfx,0.0,1,
3,test,crop_bottom_side,crop_bottom_side,61,image_block_02,fx,gx,0.0,1,
3,test,crop_bottom_side,crop_bottom_side,61,image_block_02,fgx,gfx,0.0,1,
3,test,crop_bottom_side,crop_bottom_side,291,image_block_02,fx,gx,0.0,1,
3,test,crop_bottom_side,crop_bottom_side,291,image_block_02,fgx,gfx,0.0,1,
3,test,crop_bottom_side,crop_bottom_side,84,image_block_02,fx,gx,0.0,1,
3,test,crop_bottom_side,crop_bottom_side,84,image_block_02,fgx,gfx,0.0,1,
3,test,crop_bottom_side,crop_bottom_side,265,image_block_02,fx,gx,0.0,1,
3,test,crop_bottom_side,crop_bottom_side,265,image_block_02,fgx,gfx,0.0,1,
3,test,crop_bottom_side,crop_bottom_side,196,image_block_02,fx,gx,0.0,1,
3,test,crop_bottom_side,crop_bottom_side,196,image_block_02,fgx,gfx,0.0,1,
3,test,crop_bottom_side,crop_bottom_side,215,image_block_02,fx,gx,0.0,1,
3,test,crop_bottom_side,crop_bottom_side,215,image_block_02,fgx,gfx,0.0,1,
3,test,crop_bottom_side,crop_bottom_side,253,image_block_02,fx,gx,0.0,1,
3,test,crop_bottom_side,crop_bottom_side,253,image_block_02,fgx,gfx,0.0,1,
3,test,crop_bottom_side,crop_bottom_side,239,image_block_02,fx,gx,0.0,1,
3,test,crop_bottom_side,crop_bottom_side,239,image_block_02,fgx,gfx,0.0,1,
3,test,crop_bottom_side,crop_bottom_side,331,image_block_02,fx,gx,0.0,1,
3,test,crop_bottom_side,crop_bottom_side,331,image_block_02,fgx,gfx,0.0,1,
3,test,crop_bottom_side,crop_bottom_side,3,image_block_02,fx,gx,0.0,1,
3,test,crop_bottom_side,crop_bottom_side,3,image_block_02,fgx,gfx,0.0,1,
3,test,crop_bottom_side,crop_bottom_side,2,image_block_02,fx,gx,0.0,1,
3,test,crop_bottom_side,crop_bottom_side,2,image_block_02,fgx,gfx,0.0,1,
3,test,crop_bottom_side,crop_bottom_side,213,image_block_03,fx,gx,0.0,1,
3,test,crop_bottom_side,crop_bottom_side,213,image_block_03,fgx,gfx,0.0,1,
3,test,crop_bottom_side,crop_bottom_side,152,image_block_03,fx,gx,0.0,1,
3,test,crop_bottom_side,crop_bottom_side,152,image_block_03,fx,fgx,0.15746081807058512,0,0
3,test,crop_bottom_side,crop_bottom_side,152,image_block_03,fx,gfx,0.15746081807058512,0,0
3,test,crop_bottom_side,crop_bottom_side,152,image_block_03,gx,fgx,0.15746081807058512,0,0
3,test,crop_bottom_side,crop_bottom_side,152,image_block_03,gx,gfx,0.15746081807058512,0,0
3,test,crop_bottom_side,crop_bottom_side,152,image_block_03,fgx,gfx,0.0,1,
3,test,crop_bottom_side,crop_bottom_side,100,image_block_03,fx,gx,0.0,1,
3,test,crop_bottom_side,crop_bottom_side,100,image_block_03,fx,fgx,0.23769328273252935,0,0
3,test,crop_bottom_side,crop_bottom_side,100,image_block_03,fx,gfx,0.23769328273252935,0,0
3,test,crop_bottom_side,crop_bottom_side,100,image_block_03,gx,fgx,0.23769328273252935,0,0
3,test,crop_bottom_side,crop_bottom_side,100,image_block_03,gx,gfx,0.23769328273252935,0,0
3,test,crop_bottom_side,crop_bottom_side,100,image_block_03,fgx,gfx,0.0,1,
3,test,crop_bottom_side,crop_bottom_side,27,image_block_03,fx,gx,0.0,1,
3,test,crop_bottom_side,crop_bottom_side,27,image_block_03,fgx,gfx,0.0,1,
3,test,crop_bottom_side,crop_bottom_side,316,image_block_03,fx,gx,0.0,1,
3,test,crop_bottom_side,crop_bottom_side,316,image_block_03,fgx,gfx,0.0,1,
3,test,crop_bottom_side,crop_bottom_side,61,image_block_03,fx,gx,0.0,1,
3,test,crop_bottom_side,crop_bottom_side,61,image_block_03,fgx,gfx,0.0,1,
3,test,crop_bottom_side,crop_bottom_side,291,image_block_03,fx,gx,0.0,1,
3,test,crop_bottom_side,crop_bottom_side,291,image_block_03,fgx,gfx,0.0,1,
3,test,crop_bottom_side,crop_bottom_side,84,image_block_03,fx,gx,0.0,1,
3,test,crop_bottom_side,crop_bottom_side,84,image_block_03,fgx,gfx,0.0,1,
3,test,crop_bottom_side,crop_bottom_side,265,image_block_03,fx,gx,0.0,1,
3,test,crop_bottom_side,crop_bottom_side,265,image_block_03,fgx,gfx,0.0,1,
3,test,crop_bottom_side,crop_bottom_side,196,image_block_03,fx,gx,0.0,1,
3,test,crop_bottom_side,crop_bottom_side,196,image_block_03,fgx,gfx,0.0,1,
3,test,crop_bottom_side,crop_bottom_side,215,image_block_03,fx,gx,0.0,1,
3,test,crop_bottom_side,crop_bottom_side,215,image_block_03,fgx,gfx,0.0,1,
3,test,crop_bottom_side,crop_bottom_side,253,image_block_03,fx,gx,0.0,1,
3,test,crop_bottom_side,crop_bottom_side,253,image_block_03,fgx,gfx,0.0,1,
3,test,crop_bottom_side,crop_bottom_side,239,image_block_03,fx,gx,0.0,1,
3,test,crop_bottom_side,crop_bottom_side,239,image_block_03,fgx,gfx,0.0,1,
3,test,crop_bottom_side,crop_bottom_side,331,image_block_03,fx,gx,0.0,1,
3,test,crop_bottom_side,crop_bottom_side,331,image_block_03,fgx,gfx,0.0,1,
3,test,crop_bottom_side,crop_bottom_side,3,image_block_03,fx,gx,0.0,1,
3,test,crop_bottom_side,crop_bottom_side,3,image_block_03,fgx,gfx,0.0,1,
3,test,crop_bottom_side,crop_bottom_side,2,image_block_03,fx,gx,0.0,1,
3,test,crop_bottom_side,crop_bottom_side,2,image_block_03,fgx,gfx,0.0,1,
3,test,crop_bottom_side,crop_bottom_side,213,image_block_04,fx,gx,0.0,1,
3,test,crop_bottom_side,crop_bottom_side,213,image_block_04,fgx,gfx,0.0,1,
3,test,crop_bottom_side,crop_bottom_side,152,image_block_04,fx,gx,0.0,1,
3,test,crop_bottom_side,crop_bottom_side,152,image_block_04,fx,fgx,0.16769271048475765,0,0
3,test,crop_bottom_side,crop_bottom_side,152,image_block_04,fx,gfx,0.16769271048475765,0,0
3,test,crop_bottom_side,crop_bottom_side,152,image_block_04,gx,fgx,0.16769271048475765,0,0
3,test,crop_bottom_side,crop_bottom_side,152,image_block_04,gx,gfx,0.16769271048475765,0,0
3,test,crop_bottom_side,crop_bottom_side,152,image_block_04,fgx,gfx,0.0,1,
3,test,crop_bottom_side,crop_bottom_side,100,image_block_04,fx,gx,0.0,1,
3,test,crop_bottom_side,crop_bottom_side,100,image_block_04,fx,fgx,0.2768968215621231,0,0
3,test,crop_bottom_side,crop_bottom_side,100,image_block_04,fx,gfx,0.2768968215621231,0,0
3,test,crop_bottom_side,crop_bottom_side,100,image_block_04,gx,fgx,0.2768968215621231,0,0
3,test,crop_bottom_side,crop_bottom_side,100,image_block_04,gx,gfx,0.2768968215621231,0,0
3,test,crop_bottom_side,crop_bottom_side,100,image_block_04,fgx,gfx,0.0,1,
3,test,crop_bottom_side,crop_bottom_side,27,image_block_04,fx,gx,0.0,1,
3,test,crop_bottom_side,crop_bottom_side,27,image_block_04,fgx,gfx,0.0,1,
3,test,crop_bottom_side,crop_bottom_side,316,image_block_04,fx,gx,0.0,1,
3,test,crop_bottom_side,crop_bottom_side,316,image_block_04,fgx,gfx,0.0,1,
3,test,crop_bottom_side,crop_bottom_side,61,image_block_04,fx,gx,0.0,1,
3,test,crop_bottom_side,crop_bottom_side,61,image_block_04,fgx,gfx,0.0,1,
3,test,crop_bottom_side,crop_bottom_side,291,image_block_04,fx,gx,0.0,1,
3,test,crop_bottom_side,crop_bottom_side,291,image_block_04,fgx,gfx,0.0,1,
3,test,crop_bottom_side,crop_bottom_side,84,image_block_04,fx,gx,0.0,1,
3,test,crop_bottom_side,crop_bottom_side,84,image_block_04,fgx,gfx,0.0,1,
3,test,crop_bottom_side,crop_bottom_side,265,image_block_04,fx,gx,0.0,1,
3,test,crop_bottom_side,crop_bottom_side,265,image_block_04,fgx,gfx,0.0,1,
3,test,crop_bottom_side,crop_bottom_side,196,image_block_04,fx,gx,0.0,1,
3,test,crop_bottom_side,crop_bottom_side,196,image_block_04,fgx,gfx,0.0,1,
3,test,crop_bottom_side,crop_bottom_side,215,image_block_04,fx,gx,0.0,1,
3,test,crop_bottom_side,crop_bottom_side,215,image_block_04,fgx,gfx,0.0,1,
3,test,crop_bottom_side,crop_bottom_side,253,image_block_04,fx,gx,0.0,1,
3,test,crop_bottom_side,crop_bottom_side,253,image_block_04,fgx,gfx,0.0,1,
3,test,crop_bottom_side,crop_bottom_side,239,image_block_04,fx,gx,0.0,1,
3,test,crop_bottom_side,crop_bottom_side,239,image_block_04,fgx,gfx,0.0,1,
3,test,crop_bottom_side,crop_bottom_side,331,image_block_04,fx,gx,0.0,1,
3,test,crop_bottom_side,crop_bottom_side,331,image_block_04,fgx,gfx,0.0,1,
3,test,crop_bottom_side,crop_bottom_side,3,image_block_04,fx,gx,0.0,1,
3,test,crop_bottom_side,crop_bottom_side,3,image_block_04,fgx,gfx,0.0,1,
3,test,crop_bottom_side,crop_bottom_side,2,image_block_04,fx,gx,0.0,1,
3,test,crop_bottom_side,crop_bottom_side,2,image_block_04,fgx,gfx,0.0,1,
3,test,crop_bottom_side,crop_bottom_side,213,image_block_05,fx,gx,0.0,1,
3,test,crop_bottom_side,crop_bottom_side,213,image_block_05,fgx,gfx,0.0,1,
3,test,crop_bottom_side,crop_bottom_side,152,image_block_05,fx,gx,0.0,1,
3,test,crop_bottom_side,crop_bottom_side,152,image_block_05,fx,fgx,0.17569093658149476,0,0
3,test,crop_bottom_side,crop_bottom_side,152,image_block_05,fx,gfx,0.17569093658149476,0,0
3,test,crop_bottom_side,crop_bottom_side,152,image_block_05,gx,fgx,0.17569093658149476,0,0
3,test,crop_bottom_side,crop_bottom_side,152,image_block_05,gx,gfx,0.17569093658149476,0,0
3,test,crop_bottom_side,crop_bottom_side,152,image_block_05,fgx,gfx,0.0,1,
3,test,crop_bottom_side,crop_bottom_side,100,image_block_05,fx,gx,0.0,1,
3,test,crop_bottom_side,crop_bottom_side,100,image_block_05,fx,fgx,0.2341576289832447,0,0
3,test,crop_bottom_side,crop_bottom_side,100,image_block_05,fx,gfx,0.2341576289832447,0,0
3,test,crop_bottom_side,crop_bottom_side,100,image_block_05,gx,fgx,0.2341576289832447,0,0
3,test,crop_bottom_side,crop_bottom_side,100,image_block_05,gx,gfx,0.2341576289832447,0,0
3,test,crop_bottom_side,crop_bottom_side,100,image_block_05,fgx,gfx,0.0,1,
3,test,crop_bottom_side,crop_bottom_side,27,image_block_05,fx,gx,0.0,1,
3,test,crop_bottom_side,crop_bottom_side,27,image_block_05,fgx,gfx,0.0,1,
3,test,crop_bottom_side,crop_bottom_side,316,image_block_05,fx,gx,0.0,1,
3,test,crop_bottom_side,crop_bottom_side,316,image_block_05,fgx,gfx,0.0,1,
3,test,crop_bottom_side,crop_bottom_side,61,image_block_05,fx,gx,0.0,1,
3,test,crop_bottom_side,crop_bottom_side,61,image_block_05,fgx,gfx,0.0,1,
3,test,crop_bottom_side,crop_bottom_side,291,image_block_05,fx,gx,0.0,1,
3,test,crop_bottom_side,crop_bottom_side,291,image_block_05,fgx,gfx,0.0,1,
3,test,crop_bottom_side,crop_bottom_side,84,image_block_05,fx,gx,0.0,1,
3,test,crop_bottom_side,crop_bottom_side,84,image_block_05,fgx,gfx,0.0,1,
3,test,crop_bottom_side,crop_bottom_side,265,image_block_05,fx,gx,0.0,1,
3,test,crop_bottom_side,crop_bottom_side,265,image_block_05,fgx,gfx,0.0,1,
3,test,crop_bottom_side,crop_bottom_side,196,image_block_05,fx,gx,0.0,1,
3,test,crop_bottom_side,crop_bottom_side,196,image_block_05,fgx,gfx,0.0,1,
3,test,crop_bottom_side,crop_bottom_side,215,image_block_05,fx,gx,0.0,1,
3,test,crop_bottom_side,crop_bottom_side,215,image_block_05,fgx,gfx,0.0,1,
3,test,crop_bottom_side,crop_bottom_side,253,image_block_05,fx,gx,0.0,1,
3,test,crop_bottom_side,crop_bottom_side,253,image_block_05,fgx,gfx,0.0,1,
3,test,crop_bottom_side,crop_bottom_side,239,image_block_05,fx,gx,0.0,1,
3,test,crop_bottom_side,crop_bottom_side,239,image_block_05,fgx,gfx,0.0,1,
3,test,crop_bottom_side,crop_bottom_side,331,image_block_05,fx,gx,0.0,1,
3,test,crop_bottom_side,crop_bottom_side,331,image_block_05,fgx,gfx,0.0,1,
3,test,crop_bottom_side,crop_bottom_side,3,image_block_05,fx,gx,0.0,1,
3,test,crop_bottom_side,crop_bottom_side,3,image_block_05,fgx,gfx,0.0,1,
3,test,crop_bottom_side,crop_bottom_side,2,image_block_05,fx,gx,0.0,1,
3,test,crop_bottom_side,crop_bottom_side,2,image_block_05,fgx,gfx,0.0,1,
3,test,crop_bottom_side,crop_bottom_side,213,image_block_06,fx,gx,0.0,1,
3,test,crop_bottom_side,crop_bottom_side,213,image_block_06,fgx,gfx,0.0,1,
3,test,crop_bottom_side,crop_bottom_side,152,image_block_06,fx,gx,0.0,1,
3,test,crop_bottom_side,crop_bottom_side,152,image_block_06,fx,fgx,0.3056808906941843,0,0
3,test,crop_bottom_side,crop_bottom_side,152,image_block_06,fx,gfx,0.3056808906941843,0,0
3,test,crop_bottom_side,crop_bottom_side,152,image_block_06,gx,fgx,0.3056808906941843,0,0
3,test,crop_bottom_side,crop_bottom_side,152,image_block_06,gx,gfx,0.3056808906941843,0,0
3,test,crop_bottom_side,crop_bottom_side,152,image_block_06,fgx,gfx,0.0,1,
3,test,crop_bottom_side,crop_bottom_side,100,image_block_06,fx,gx,0.0,1,
3,test,crop_bottom_side,crop_bottom_side,100,image_block_06,fx,fgx,0.3517359006111861,0,0
3,test,crop_bottom_side,crop_bottom_side,100,image_block_06,fx,gfx,0.3517359006111861,0,0
3,test,crop_bottom_side,crop_bottom_side,100,image_block_06,gx,fgx,0.3517359006111861,0,0
3,test,crop_bottom_side,crop_bottom_side,100,image_block_06,gx,gfx,0.3517359006111861,0,0
3,test,crop_bottom_side,crop_bottom_side,100,image_block_06,fgx,gfx,0.0,1,
3,test,crop_bottom_side,crop_bottom_side,27,image_block_06,fx,gx,0.0,1,
3,test,crop_bottom_side,crop_bottom_side,27,image_block_06,fgx,gfx,0.0,1,
3,test,crop_bottom_side,crop_bottom_side,316,image_block_06,fx,gx,0.0,1,
3,test,crop_bottom_side,crop_bottom_side,316,image_block_06,fgx,gfx,0.0,1,
3,test,crop_bottom_side,crop_bottom_side,61,image_block_06,fx,gx,0.0,1,
3,test,crop_bottom_side,crop_bottom_side,61,image_block_06,fgx,gfx,0.0,1,
3,test,crop_bottom_side,crop_bottom_side,291,image_block_06,fx,gx,0.0,1,
3,test,crop_bottom_side,crop_bottom_side,291,image_block_06,fgx,gfx,0.0,1,
3,test,crop_bottom_side,crop_bottom_side,84,image_block_06,fx,gx,0.0,1,
3,test,crop_bottom_side,crop_bottom_side,84,image_block_06,fgx,gfx,0.0,1,
3,test,crop_bottom_side,crop_bottom_side,265,image_block_06,fx,gx,0.0,1,
3,test,crop_bottom_side,crop_bottom_side,265,image_block_06,fgx,gfx,0.0,1,
3,test,crop_bottom_side,crop_bottom_side,196,image_block_06,fx,gx,0.0,1,
3,test,crop_bottom_side,crop_bottom_side,196,image_block_06,fgx,gfx,0.0,1,
3,test,crop_bottom_side,crop_bottom_side,215,image_block_06,fx,gx,0.0,1,
3,test,crop_bottom_side,crop_bottom_side,215,image_block_06,fgx,gfx,0.0,1,
3,test,crop_bottom_side,crop_bottom_side,253,image_block_06,fx,gx,0.0,1,
3,test,crop_bottom_side,crop_bottom_side,253,image_block_06,fgx,gfx,0.0,1,
3,test,crop_bottom_side,crop_bottom_side,239,image_block_06,fx,gx,0.0,1,
3,test,crop_bottom_side,crop_bottom_side,239,image_block_06,fgx,gfx,0.0,1,
3,test,crop_bottom_side,crop_bottom_side,331,image_block_06,fx,gx,0.0,1,
3,test,crop_bottom_side,crop_bottom_side,331,image_block_06,fgx,gfx,0.0,1,
3,test,crop_bottom_side,crop_bottom_side,3,image_block_06,fx,gx,0.0,1,
3,test,crop_bottom_side,crop_bottom_side,3,image_block_06,fgx,gfx,0.0,1,
3,test,crop_bottom_side,crop_bottom_side,2,image_block_06,fx,gx,0.0,1,
3,test,crop_bottom_side,crop_bottom_side,2,image_block_06,fgx,gfx,0.0,1,
3,test,crop_bottom_side,crop_bottom_side,213,image_final_norm,fx,gx,0.0,1,
3,test,crop_bottom_side,crop_bottom_side,213,image_final_norm,fgx,gfx,0.0,1,
3,test,crop_bottom_side,crop_bottom_side,152,image_final_norm,fx,gx,0.0,1,
3,test,crop_bottom_side,crop_bottom_side,152,image_final_norm,fx,fgx,0.27458115062371286,0,0
3,test,crop_bottom_side,crop_bottom_side,152,image_final_norm,fx,gfx,0.27458115062371286,0,0
3,test,crop_bottom_side,crop_bottom_side,152,image_final_norm,gx,fgx,0.27458115062371286,0,0
3,test,crop_bottom_side,crop_bottom_side,152,image_final_norm,gx,gfx,0.27458115062371286,0,0
3,test,crop_bottom_side,crop_bottom_side,152,image_final_norm,fgx,gfx,0.0,1,
3,test,crop_bottom_side,crop_bottom_side,100,image_final_norm,fx,gx,0.0,1,
3,test,crop_bottom_side,crop_bottom_side,100,image_final_norm,fx,fgx,0.33214416458541457,0,0
3,test,crop_bottom_side,crop_bottom_side,100,image_final_norm,fx,gfx,0.33214416458541457,0,0
3,test,crop_bottom_side,crop_bottom_side,100,image_final_norm,gx,fgx,0.33214416458541457,0,0
3,test,crop_bottom_side,crop_bottom_side,100,image_final_norm,gx,gfx,0.33214416458541457,0,0
3,test,crop_bottom_side,crop_bottom_side,100,image_final_norm,fgx,gfx,0.0,1,
3,test,crop_bottom_side,crop_bottom_side,27,image_final_norm,fx,gx,0.0,1,
3,test,crop_bottom_side,crop_bottom_side,27,image_final_norm,fgx,gfx,0.0,1,
3,test,crop_bottom_side,crop_bottom_side,316,image_final_norm,fx,gx,0.0,1,
3,test,crop_bottom_side,crop_bottom_side,316,image_final_norm,fgx,gfx,0.0,1,
3,test,crop_bottom_side,crop_bottom_side,61,image_final_norm,fx,gx,0.0,1,
3,test,crop_bottom_side,crop_bottom_side,61,image_final_norm,fgx,gfx,0.0,1,
3,test,crop_bottom_side,crop_bottom_side,291,image_final_norm,fx,gx,0.0,1,
3,test,crop_bottom_side,crop_bottom_side,291,image_final_norm,fgx,gfx,0.0,1,
3,test,crop_bottom_side,crop_bottom_side,84,image_final_norm,fx,gx,0.0,1,
3,test,crop_bottom_side,crop_bottom_side,84,image_final_norm,fgx,gfx,0.0,1,
3,test,crop_bottom_side,crop_bottom_side,265,image_final_norm,fx,gx,0.0,1,
3,test,crop_bottom_side,crop_bottom_side,265,image_final_norm,fgx,gfx,0.0,1,
3,test,crop_bottom_side,crop_bottom_side,196,image_final_norm,fx,gx,0.0,1,
3,test,crop_bottom_side,crop_bottom_side,196,image_final_norm,fgx,gfx,0.0,1,
3,test,crop_bottom_side,crop_bottom_side,215,image_final_norm,fx,gx,0.0,1,
3,test,crop_bottom_side,crop_bottom_side,215,image_final_norm,fgx,gfx,0.0,1,
3,test,crop_bottom_side,crop_bottom_side,253,image_final_norm,fx,gx,0.0,1,
3,test,crop_bottom_side,crop_bottom_side,253,image_final_norm,fgx,gfx,0.0,1,
3,test,crop_bottom_side,crop_bottom_side,239,image_final_norm,fx,gx,0.0,1,
3,test,crop_bottom_side,crop_bottom_side,239,image_final_norm,fgx,gfx,0.0,1,
3,test,crop_bottom_side,crop_bottom_side,331,image_final_norm,fx,gx,0.0,1,
3,test,crop_bottom_side,crop_bottom_side,331,image_final_norm,fgx,gfx,0.0,1,
3,test,crop_bottom_side,crop_bottom_side,3,image_final_norm,fx,gx,0.0,1,
3,test,crop_bottom_side,crop_bottom_side,3,image_final_norm,fgx,gfx,0.0,1,
3,test,crop_bottom_side,crop_bottom_side,2,image_final_norm,fx,gx,0.0,1,
3,test,crop_bottom_side,crop_bottom_side,2,image_final_norm,fgx,gfx,0.0,1,
3,test,crop_bottom_side,crop_bottom_side,306,image_input_tokens,fx,gx,0.0,1,
3,test,crop_bottom_side,crop_bottom_side,306,image_input_tokens,fgx,gfx,0.0,1,
3,test,crop_bottom_side,crop_bottom_side,181,image_input_tokens,fx,gx,0.0,1,
3,test,crop_bottom_side,crop_bottom_side,181,image_input_tokens,fgx,gfx,0.0,1,
3,test,crop_bottom_side,crop_bottom_side,149,image_input_tokens,fx,gx,0.0,1,
3,test,crop_bottom_side,crop_bottom_side,149,image_input_tokens,fgx,gfx,0.0,1,
3,test,crop_bottom_side,crop_bottom_side,38,image_input_tokens,fx,gx,0.0,1,
3,test,crop_bottom_side,crop_bottom_side,38,image_input_tokens,fgx,gfx,0.0,1,
3,test,crop_bottom_side,crop_bottom_side,238,image_input_tokens,fx,gx,0.0,1,
3,test,crop_bottom_side,crop_bottom_side,238,image_input_tokens,fgx,gfx,0.0,1,
3,test,crop_bottom_side,crop_bottom_side,198,image_input_tokens,fx,gx,0.0,1,
3,test,crop_bottom_side,crop_bottom_side,198,image_input_tokens,fgx,gfx,0.0,1,
3,test,crop_bottom_side,crop_bottom_side,236,image_input_tokens,fx,gx,0.0,1,
3,test,crop_bottom_side,crop_bottom_side,236,image_input_tokens,fgx,gfx,0.0,1,
3,test,crop_bottom_side,crop_bottom_side,138,image_input_tokens,fx,gx,0.0,1,
3,test,crop_bottom_side,crop_bottom_side,138,image_input_tokens,fgx,gfx,0.0,1,
3,test,crop_bottom_side,crop_bottom_side,68,image_input_tokens,fx,gx,0.0,1,
3,test,crop_bottom_side,crop_bottom_side,68,image_input_tokens,fgx,gfx,0.0,1,
3,test,crop_bottom_side,crop_bottom_side,281,image_input_tokens,fx,gx,0.0,1,
3,test,crop_bottom_side,crop_bottom_side,281,image_input_tokens,fgx,gfx,0.0,1,
3,test,crop_bottom_side,crop_bottom_side,29,image_input_tokens,fx,gx,0.0,1,
3,test,crop_bottom_side,crop_bottom_side,29,image_input_tokens,fgx,gfx,0.0,1,
3,test,crop_bottom_side,crop_bottom_side,315,image_input_tokens,fx,gx,0.0,1,
3,test,crop_bottom_side,crop_bottom_side,315,image_input_tokens,fgx,gfx,0.0,1,
3,test,crop_bottom_side,crop_bottom_side,80,image_input_tokens,fx,gx,0.0,1,
3,test,crop_bottom_side,crop_bottom_side,80,image_input_tokens,fgx,gfx,0.0,1,
3,test,crop_bottom_side,crop_bottom_side,12,image_input_tokens,fx,gx,0.0,1,
3,test,crop_bottom_side,crop_bottom_side,12,image_input_tokens,fgx,gfx,0.0,1,
3,test,crop_bottom_side,crop_bottom_side,168,image_input_tokens,fx,gx,0.0,1,
3,test,crop_bottom_side,crop_bottom_side,168,image_input_tokens,fgx,gfx,0.0,1,
3,test,crop_bottom_side,crop_bottom_side,233,image_input_tokens,fx,gx,0.0,1,
3,test,crop_bottom_side,crop_bottom_side,233,image_input_tokens,fgx,gfx,0.0,1,
3,test,crop_bottom_side,crop_bottom_side,306,image_block_01,fx,gx,0.0,1,
3,test,crop_bottom_side,crop_bottom_side,306,image_block_01,fgx,gfx,0.0,1,
3,test,crop_bottom_side,crop_bottom_side,181,image_block_01,fx,gx,0.0,1,
3,test,crop_bottom_side,crop_bottom_side,181,image_block_01,fgx,gfx,0.0,1,
3,test,crop_bottom_side,crop_bottom_side,149,image_block_01,fx,gx,0.0,1,
3,test,crop_bottom_side,crop_bottom_side,149,image_block_01,fgx,gfx,0.0,1,
3,test,crop_bottom_side,crop_bottom_side,38,image_block_01,fx,gx,0.0,1,
3,test,crop_bottom_side,crop_bottom_side,38,image_block_01,fgx,gfx,0.0,1,
3,test,crop_bottom_side,crop_bottom_side,238,image_block_01,fx,gx,0.0,1,
3,test,crop_bottom_side,crop_bottom_side,238,image_block_01,fgx,gfx,0.0,1,
3,test,crop_bottom_side,crop_bottom_side,198,image_block_01,fx,gx,0.0,1,
3,test,crop_bottom_side,crop_bottom_side,198,image_block_01,fgx,gfx,0.0,1,
3,test,crop_bottom_side,crop_bottom_side,236,image_block_01,fx,gx,0.0,1,
3,test,crop_bottom_side,crop_bottom_side,236,image_block_01,fgx,gfx,0.0,1,
3,test,crop_bottom_side,crop_bottom_side,138,image_block_01,fx,gx,0.0,1,
3,test,crop_bottom_side,crop_bottom_side,138,image_block_01,fgx,gfx,0.0,1,
3,test,crop_bottom_side,crop_bottom_side,68,image_block_01,fx,gx,0.0,1,
3,test,crop_bottom_side,crop_bottom_side,68,image_block_01,fgx,gfx,0.0,1,
3,test,crop_bottom_side,crop_bottom_side,281,image_block_01,fx,gx,0.0,1,
3,test,crop_bottom_side,crop_bottom_side,281,image_block_01,fgx,gfx,0.0,1,
3,test,crop_bottom_side,crop_bottom_side,29,image_block_01,fx,gx,0.0,1,
3,test,crop_bottom_side,crop_bottom_side,29,image_block_01,fgx,gfx,0.0,1,
3,test,crop_bottom_side,crop_bottom_side,315,image_block_01,fx,gx,0.0,1,
3,test,crop_bottom_side,crop_bottom_side,315,image_block_01,fgx,gfx,0.0,1,
3,test,crop_bottom_side,crop_bottom_side,80,image_block_01,fx,gx,0.0,1,
3,test,crop_bottom_side,crop_bottom_side,80,image_block_01,fgx,gfx,0.0,1,
3,test,crop_bottom_side,crop_bottom_side,12,image_block_01,fx,gx,0.0,1,
3,test,crop_bottom_side,crop_bottom_side,12,image_block_01,fgx,gfx,0.0,1,
3,test,crop_bottom_side,crop_bottom_side,168,image_block_01,fx,gx,0.0,1,
3,test,crop_bottom_side,crop_bottom_side,168,image_block_01,fgx,gfx,0.0,1,
3,test,crop_bottom_side,crop_bottom_side,233,image_block_01,fx,gx,0.0,1,
3,test,crop_bottom_side,crop_bottom_side,233,image_block_01,fgx,gfx,0.0,1,
3,test,crop_bottom_side,crop_bottom_side,306,image_block_02,fx,gx,0.0,1,
3,test,crop_bottom_side,crop_bottom_side,306,image_block_02,fgx,gfx,0.0,1,
3,test,crop_bottom_side,crop_bottom_side,181,image_block_02,fx,gx,0.0,1,
3,test,crop_bottom_side,crop_bottom_side,181,image_block_02,fgx,gfx,0.0,1,
3,test,crop_bottom_side,crop_bottom_side,149,image_block_02,fx,gx,0.0,1,
3,test,crop_bottom_side,crop_bottom_side,149,image_block_02,fgx,gfx,0.0,1,
3,test,crop_bottom_side,crop_bottom_side,38,image_block_02,fx,gx,0.0,1,
3,test,crop_bottom_side,crop_bottom_side,38,image_block_02,fgx,gfx,0.0,1,
3,test,crop_bottom_side,crop_bottom_side,238,image_block_02,fx,gx,0.0,1,
3,test,crop_bottom_side,crop_bottom_side,238,image_block_02,fgx,gfx,0.0,1,
3,test,crop_bottom_side,crop_bottom_side,198,image_block_02,fx,gx,0.0,1,
3,test,crop_bottom_side,crop_bottom_side,198,image_block_02,fgx,gfx,0.0,1,
3,test,crop_bottom_side,crop_bottom_side,236,image_block_02,fx,gx,0.0,1,
3,test,crop_bottom_side,crop_bottom_side,236,image_block_02,fgx,gfx,0.0,1,
3,test,crop_bottom_side,crop_bottom_side,138,image_block_02,fx,gx,0.0,1,
3,test,crop_bottom_side,crop_bottom_side,138,image_block_02,fgx,gfx,0.0,1,
3,test,crop_bottom_side,crop_bottom_side,68,image_block_02,fx,gx,0.0,1,
3,test,crop_bottom_side,crop_bottom_side,68,image_block_02,fgx,gfx,0.0,1,
3,test,crop_bottom_side,crop_bottom_side,281,image_block_02,fx,gx,0.0,1,
3,test,crop_bottom_side,crop_bottom_side,281,image_block_02,fgx,gfx,0.0,1,
3,test,crop_bottom_side,crop_bottom_side,29,image_block_02,fx,gx,0.0,1,
3,test,crop_bottom_side,crop_bottom_side,29,image_block_02,fgx,gfx,0.0,1,
3,test,crop_bottom_side,crop_bottom_side,315,image_block_02,fx,gx,0.0,1,
3,test,crop_bottom_side,crop_bottom_side,315,image_block_02,fgx,gfx,0.0,1,
3,test,crop_bottom_side,crop_bottom_side,80,image_block_02,fx,gx,0.0,1,
3,test,crop_bottom_side,crop_bottom_side,80,image_block_02,fgx,gfx,0.0,1,
3,test,crop_bottom_side,crop_bottom_side,12,image_block_02,fx,gx,0.0,1,
3,test,crop_bottom_side,crop_bottom_side,12,image_block_02,fgx,gfx,0.0,1,
3,test,crop_bottom_side,crop_bottom_side,168,image_block_02,fx,gx,0.0,1,
3,test,crop_bottom_side,crop_bottom_side,168,image_block_02,fgx,gfx,0.0,1,
3,test,crop_bottom_side,crop_bottom_side,233,image_block_02,fx,gx,0.0,1,
3,test,crop_bottom_side,crop_bottom_side,233,image_block_02,fgx,gfx,0.0,1,
3,test,crop_bottom_side,crop_bottom_side,306,image_block_03,fx,gx,0.0,1,
3,test,crop_bottom_side,crop_bottom_side,306,image_block_03,fgx,gfx,0.0,1,
3,test,crop_bottom_side,crop_bottom_side,181,image_block_03,fx,gx,0.0,1,
3,test,crop_bottom_side,crop_bottom_side,181,image_block_03,fgx,gfx,0.0,1,
3,test,crop_bottom_side,crop_bottom_side,149,image_block_03,fx,gx,0.0,1,
3,test,crop_bottom_side,crop_bottom_side,149,image_block_03,fgx,gfx,0.0,1,
3,test,crop_bottom_side,crop_bottom_side,38,image_block_03,fx,gx,0.0,1,
3,test,crop_bottom_side,crop_bottom_side,38,image_block_03,fgx,gfx,0.0,1,
3,test,crop_bottom_side,crop_bottom_side,238,image_block_03,fx,gx,0.0,1,
3,test,crop_bottom_side,crop_bottom_side,238,image_block_03,fgx,gfx,0.0,1,
3,test,crop_bottom_side,crop_bottom_side,198,image_block_03,fx,gx,0.0,1,
3,test,crop_bottom_side,crop_bottom_side,198,image_block_03,fgx,gfx,0.0,1,
3,test,crop_bottom_side,crop_bottom_side,236,image_block_03,fx,gx,0.0,1,
3,test,crop_bottom_side,crop_bottom_side,236,image_block_03,fgx,gfx,0.0,1,
3,test,crop_bottom_side,crop_bottom_side,138,image_block_03,fx,gx,0.0,1,
3,test,crop_bottom_side,crop_bottom_side,138,image_block_03,fgx,gfx,0.0,1,
3,test,crop_bottom_side,crop_bottom_side,68,image_block_03,fx,gx,0.0,1,
3,test,crop_bottom_side,crop_bottom_side,68,image_block_03,fgx,gfx,0.0,1,
3,test,crop_bottom_side,crop_bottom_side,281,image_block_03,fx,gx,0.0,1,
3,test,crop_bottom_side,crop_bottom_side,281,image_block_03,fgx,gfx,0.0,1,
3,test,crop_bottom_side,crop_bottom_side,29,image_block_03,fx,gx,0.0,1,
3,test,crop_bottom_side,crop_bottom_side,29,image_block_03,fgx,gfx,0.0,1,
3,test,crop_bottom_side,crop_bottom_side,315,image_block_03,fx,gx,0.0,1,
3,test,crop_bottom_side,crop_bottom_side,315,image_block_03,fgx,gfx,0.0,1,
3,test,crop_bottom_side,crop_bottom_side,80,image_block_03,fx,gx,0.0,1,
3,test,crop_bottom_side,crop_bottom_side,80,image_block_03,fgx,gfx,0.0,1,
3,test,crop_bottom_side,crop_bottom_side,12,image_block_03,fx,gx,0.0,1,
3,test,crop_bottom_side,crop_bottom_side,12,image_block_03,fgx,gfx,0.0,1,
3,test,crop_bottom_side,crop_bottom_side,168,image_block_03,fx,gx,0.0,1,
3,test,crop_bottom_side,crop_bottom_side,168,image_block_03,fgx,gfx,0.0,1,
3,test,crop_bottom_side,crop_bottom_side,233,image_block_03,fx,gx,0.0,1,
3,test,crop_bottom_side,crop_bottom_side,233,image_block_03,fgx,gfx,0.0,1,
3,test,crop_bottom_side,crop_bottom_side,306,image_block_04,fx,gx,0.0,1,
3,test,crop_bottom_side,crop_bottom_side,306,image_block_04,fgx,gfx,0.0,1,
3,test,crop_bottom_side,crop_bottom_side,181,image_block_04,fx,gx,0.0,1,
3,test,crop_bottom_side,crop_bottom_side,181,image_block_04,fgx,gfx,0.0,1,
3,test,crop_bottom_side,crop_bottom_side,149,image_block_04,fx,gx,0.0,1,
3,test,crop_bottom_side,crop_bottom_side,149,image_block_04,fgx,gfx,0.0,1,
3,test,crop_bottom_side,crop_bottom_side,38,image_block_04,fx,gx,0.0,1,
3,test,crop_bottom_side,crop_bottom_side,38,image_block_04,fgx,gfx,0.0,1,
3,test,crop_bottom_side,crop_bottom_side,238,image_block_04,fx,gx,0.0,1,
3,test,crop_bottom_side,crop_bottom_side,238,image_block_04,fgx,gfx,0.0,1,
3,test,crop_bottom_side,crop_bottom_side,198,image_block_04,fx,gx,0.0,1,
3,test,crop_bottom_side,crop_bottom_side,198,image_block_04,fgx,gfx,0.0,1,
3,test,crop_bottom_side,crop_bottom_side,236,image_block_04,fx,gx,0.0,1,
3,test,crop_bottom_side,crop_bottom_side,236,image_block_04,fgx,gfx,0.0,1,
3,test,crop_bottom_side,crop_bottom_side,138,image_block_04,fx,gx,0.0,1,
3,test,crop_bottom_side,crop_bottom_side,138,image_block_04,fgx,gfx,0.0,1,
3,test,crop_bottom_side,crop_bottom_side,68,image_block_04,fx,gx,0.0,1,
3,test,crop_bottom_side,crop_bottom_side,68,image_block_04,fgx,gfx,0.0,1,
3,test,crop_bottom_side,crop_bottom_side,281,image_block_04,fx,gx,0.0,1,
3,test,crop_bottom_side,crop_bottom_side,281,image_block_04,fgx,gfx,0.0,1,
3,test,crop_bottom_side,crop_bottom_side,29,image_block_04,fx,gx,0.0,1,
3,test,crop_bottom_side,crop_bottom_side,29,image_block_04,fgx,gfx,0.0,1,
3,test,crop_bottom_side,crop_bottom_side,315,image_block_04,fx,gx,0.0,1,
3,test,crop_bottom_side,crop_bottom_side,315,image_block_04,fgx,gfx,0.0,1,
3,test,crop_bottom_side,crop_bottom_side,80,image_block_04,fx,gx,0.0,1,
3,test,crop_bottom_side,crop_bottom_side,80,image_block_04,fgx,gfx,0.0,1,
3,test,crop_bottom_side,crop_bottom_side,12,image_block_04,fx,gx,0.0,1,
3,test,crop_bottom_side,crop_bottom_side,12,image_block_04,fgx,gfx,0.0,1,
3,test,crop_bottom_side,crop_bottom_side,168,image_block_04,fx,gx,0.0,1,
3,test,crop_bottom_side,crop_bottom_side,168,image_block_04,fgx,gfx,0.0,1,
3,test,crop_bottom_side,crop_bottom_side,233,image_block_04,fx,gx,0.0,1,
3,test,crop_bottom_side,crop_bottom_side,233,image_block_04,fgx,gfx,0.0,1,
3,test,crop_bottom_side,crop_bottom_side,306,image_block_05,fx,gx,0.0,1,
3,test,crop_bottom_side,crop_bottom_side,306,image_block_05,fgx,gfx,0.0,1,
3,test,crop_bottom_side,crop_bottom_side,181,image_block_05,fx,gx,0.0,1,
3,test,crop_bottom_side,crop_bottom_side,181,image_block_05,fgx,gfx,0.0,1,
3,test,crop_bottom_side,crop_bottom_side,149,image_block_05,fx,gx,0.0,1,
3,test,crop_bottom_side,crop_bottom_side,149,image_block_05,fgx,gfx,0.0,1,
3,test,crop_bottom_side,crop_bottom_side,38,image_block_05,fx,gx,0.0,1,
3,test,crop_bottom_side,crop_bottom_side,38,image_block_05,fgx,gfx,0.0,1,
3,test,crop_bottom_side,crop_bottom_side,238,image_block_05,fx,gx,0.0,1,
3,test,crop_bottom_side,crop_bottom_side,238,image_block_05,fgx,gfx,0.0,1,
3,test,crop_bottom_side,crop_bottom_side,198,image_block_05,fx,gx,0.0,1,
3,test,crop_bottom_side,crop_bottom_side,198,image_block_05,fgx,gfx,0.0,1,
3,test,crop_bottom_side,crop_bottom_side,236,image_block_05,fx,gx,0.0,1,
3,test,crop_bottom_side,crop_bottom_side,236,image_block_05,fgx,gfx,0.0,1,
3,test,crop_bottom_side,crop_bottom_side,138,image_block_05,fx,gx,0.0,1,
3,test,crop_bottom_side,crop_bottom_side,138,image_block_05,fgx,gfx,0.0,1,
3,test,crop_bottom_side,crop_bottom_side,68,image_block_05,fx,gx,0.0,1,
3,test,crop_bottom_side,crop_bottom_side,68,image_block_05,fgx,gfx,0.0,1,
3,test,crop_bottom_side,crop_bottom_side,281,image_block_05,fx,gx,0.0,1,
3,test,crop_bottom_side,crop_bottom_side,281,image_block_05,fgx,gfx,0.0,1,
3,test,crop_bottom_side,crop_bottom_side,29,image_block_05,fx,gx,0.0,1,
3,test,crop_bottom_side,crop_bottom_side,29,image_block_05,fgx,gfx,0.0,1,
3,test,crop_bottom_side,crop_bottom_side,315,image_block_05,fx,gx,0.0,1,
3,test,crop_bottom_side,crop_bottom_side,315,image_block_05,fgx,gfx,0.0,1,
3,test,crop_bottom_side,crop_bottom_side,80,image_block_05,fx,gx,0.0,1,
3,test,crop_bottom_side,crop_bottom_side,80,image_block_05,fgx,gfx,0.0,1,
3,test,crop_bottom_side,crop_bottom_side,12,image_block_05,fx,gx,0.0,1,
3,test,crop_bottom_side,crop_bottom_side,12,image_block_05,fgx,gfx,0.0,1,
3,test,crop_bottom_side,crop_bottom_side,168,image_block_05,fx,gx,0.0,1,
3,test,crop_bottom_side,crop_bottom_side,168,image_block_05,fgx,gfx,0.0,1,
3,test,crop_bottom_side,crop_bottom_side,233,image_block_05,fx,gx,0.0,1,
3,test,crop_bottom_side,crop_bottom_side,233,image_block_05,fgx,gfx,0.0,1,
3,test,crop_bottom_side,crop_bottom_side,306,image_block_06,fx,gx,0.0,1,
3,test,crop_bottom_side,crop_bottom_side,306,image_block_06,fgx,gfx,0.0,1,
3,test,crop_bottom_side,crop_bottom_side,181,image_block_06,fx,gx,0.0,1,
3,test,crop_bottom_side,crop_bottom_side,181,image_block_06,fgx,gfx,0.0,1,
3,test,crop_bottom_side,crop_bottom_side,149,image_block_06,fx,gx,0.0,1,
3,test,crop_bottom_side,crop_bottom_side,149,image_block_06,fgx,gfx,0.0,1,
3,test,crop_bottom_side,crop_bottom_side,38,image_block_06,fx,gx,0.0,1,
3,test,crop_bottom_side,crop_bottom_side,38,image_block_06,fgx,gfx,0.0,1,
3,test,crop_bottom_side,crop_bottom_side,238,image_block_06,fx,gx,0.0,1,
3,test,crop_bottom_side,crop_bottom_side,238,image_block_06,fgx,gfx,0.0,1,
3,test,crop_bottom_side,crop_bottom_side,198,image_block_06,fx,gx,0.0,1,
3,test,crop_bottom_side,crop_bottom_side,198,image_block_06,fgx,gfx,0.0,1,
3,test,crop_bottom_side,crop_bottom_side,236,image_block_06,fx,gx,0.0,1,
3,test,crop_bottom_side,crop_bottom_side,236,image_block_06,fgx,gfx,0.0,1,
3,test,crop_bottom_side,crop_bottom_side,138,image_block_06,fx,gx,0.0,1,
3,test,crop_bottom_side,crop_bottom_side,138,image_block_06,fgx,gfx,0.0,1,
3,test,crop_bottom_side,crop_bottom_side,68,image_block_06,fx,gx,0.0,1,
3,test,crop_bottom_side,crop_bottom_side,68,image_block_06,fgx,gfx,0.0,1,
3,test,crop_bottom_side,crop_bottom_side,281,image_block_06,fx,gx,0.0,1,
3,test,crop_bottom_side,crop_bottom_side,281,image_block_06,fgx,gfx,0.0,1,
3,test,crop_bottom_side,crop_bottom_side,29,image_block_06,fx,gx,0.0,1,
3,test,crop_bottom_side,crop_bottom_side,29,image_block_06,fgx,gfx,0.0,1,
3,test,crop_bottom_side,crop_bottom_side,315,image_block_06,fx,gx,0.0,1,
3,test,crop_bottom_side,crop_bottom_side,315,image_block_06,fgx,gfx,0.0,1,
3,test,crop_bottom_side,crop_bottom_side,80,image_block_06,fx,gx,0.0,1,
3,test,crop_bottom_side,crop_bottom_side,80,image_block_06,fgx,gfx,0.0,1,
3,test,crop_bottom_side,crop_bottom_side,12,image_block_06,fx,gx,0.0,1,
3,test,crop_bottom_side,crop_bottom_side,12,image_block_06,fgx,gfx,0.0,1,
3,test,crop_bottom_side,crop_bottom_side,168,image_block_06,fx,gx,0.0,1,
3,test,crop_bottom_side,crop_bottom_side,168,image_block_06,fgx,gfx,0.0,1,
3,test,crop_bottom_side,crop_bottom_side,233,image_block_06,fx,gx,0.0,1,
3,test,crop_bottom_side,crop_bottom_side,233,image_block_06,fgx,gfx,0.0,1,
3,test,crop_bottom_side,crop_bottom_side,306,image_final_norm,fx,gx,0.0,1,
3,test,crop_bottom_side,crop_bottom_side,306,image_final_norm,fgx,gfx,0.0,1,
3,test,crop_bottom_side,crop_bottom_side,181,image_final_norm,fx,gx,0.0,1,
3,test,crop_bottom_side,crop_bottom_side,181,image_final_norm,fgx,gfx,0.0,1,
3,test,crop_bottom_side,crop_bottom_side,149,image_final_norm,fx,gx,0.0,1,
3,test,crop_bottom_side,crop_bottom_side,149,image_final_norm,fgx,gfx,0.0,1,
3,test,crop_bottom_side,crop_bottom_side,38,image_final_norm,fx,gx,0.0,1,
3,test,crop_bottom_side,crop_bottom_side,38,image_final_norm,fgx,gfx,0.0,1,
3,test,crop_bottom_side,crop_bottom_side,238,image_final_norm,fx,gx,0.0,1,
3,test,crop_bottom_side,crop_bottom_side,238,image_final_norm,fgx,gfx,0.0,1,
3,test,crop_bottom_side,crop_bottom_side,198,image_final_norm,fx,gx,0.0,1,
3,test,crop_bottom_side,crop_bottom_side,198,image_final_norm,fgx,gfx,0.0,1,
3,test,crop_bottom_side,crop_bottom_side,236,image_final_norm,fx,gx,0.0,1,
3,test,crop_bottom_side,crop_bottom_side,236,image_final_norm,fgx,gfx,0.0,1,
3,test,crop_bottom_side,crop_bottom_side,138,image_final_norm,fx,gx,0.0,1,
3,test,crop_bottom_side,crop_bottom_side,138,image_final_norm,fgx,gfx,0.0,1,
3,test,crop_bottom_side,crop_bottom_side,68,image_final_norm,fx,gx,0.0,1,
3,test,crop_bottom_side,crop_bottom_side,68,image_final_norm,fgx,gfx,0.0,1,
3,test,crop_bottom_side,crop_bottom_side,281,image_final_norm,fx,gx,0.0,1,
3,test,crop_bottom_side,crop_bottom_side,281,image_final_norm,fgx,gfx,0.0,1,
3,test,crop_bottom_side,crop_bottom_side,29,image_final_norm,fx,gx,0.0,1,
3,test,crop_bottom_side,crop_bottom_side,29,image_final_norm,fgx,gfx,0.0,1,
3,test,crop_bottom_side,crop_bottom_side,315,image_final_norm,fx,gx,0.0,1,
3,test,crop_bottom_side,crop_bottom_side,315,image_final_norm,fgx,gfx,0.0,1,
3,test,crop_bottom_side,crop_bottom_side,80,image_final_norm,fx,gx,0.0,1,
3,test,crop_bottom_side,crop_bottom_side,80,image_final_norm,fgx,gfx,0.0,1,
3,test,crop_bottom_side,crop_bottom_side,12,image_final_norm,fx,gx,0.0,1,
3,test,crop_bottom_side,crop_bottom_side,12,image_final_norm,fgx,gfx,0.0,1,
3,test,crop_bottom_side,crop_bottom_side,168,image_final_norm,fx,gx,0.0,1,
3,test,crop_bottom_side,crop_bottom_side,168,image_final_norm,fgx,gfx,0.0,1,
3,test,crop_bottom_side,crop_bottom_side,233,image_final_norm,fx,gx,0.0,1,
3,test,crop_bottom_side,crop_bottom_side,233,image_final_norm,fgx,gfx,0.0,1,
3,test,crop_bottom_side,crop_bottom_side,264,image_input_tokens,fx,gx,0.0,1,
3,test,crop_bottom_side,crop_bottom_side,264,image_input_tokens,fgx,gfx,0.0,1,
3,test,crop_bottom_side,crop_bottom_side,184,image_input_tokens,fx,gx,0.0,1,
3,test,crop_bottom_side,crop_bottom_side,184,image_input_tokens,fgx,gfx,0.0,1,
3,test,crop_bottom_side,crop_bottom_side,126,image_input_tokens,fx,gx,0.0,1,
3,test,crop_bottom_side,crop_bottom_side,126,image_input_tokens,fgx,gfx,0.0,1,
3,test,crop_bottom_side,crop_bottom_side,259,image_input_tokens,fx,gx,0.0,1,
3,test,crop_bottom_side,crop_bottom_side,259,image_input_tokens,fgx,gfx,0.0,1,
3,test,crop_bottom_side,crop_bottom_side,104,image_input_tokens,fx,gx,0.0,1,
3,test,crop_bottom_side,crop_bottom_side,104,image_input_tokens,fgx,gfx,0.0,1,
3,test,crop_bottom_side,crop_bottom_side,25,image_input_tokens,fx,gx,0.0,1,
3,test,crop_bottom_side,crop_bottom_side,25,image_input_tokens,fgx,gfx,0.0,1,
3,test,crop_bottom_side,crop_bottom_side,284,image_input_tokens,fx,gx,0.0,1,
3,test,crop_bottom_side,crop_bottom_side,284,image_input_tokens,fgx,gfx,0.0,1,
3,test,crop_bottom_side,crop_bottom_side,273,image_input_tokens,fx,gx,0.0,1,
3,test,crop_bottom_side,crop_bottom_side,273,image_input_tokens,fgx,gfx,0.0,1,
3,test,crop_bottom_side,crop_bottom_side,318,image_input_tokens,fx,gx,0.0,1,
3,test,crop_bottom_side,crop_bottom_side,318,image_input_tokens,fgx,gfx,0.0,1,
3,test,crop_bottom_side,crop_bottom_side,40,image_input_tokens,fx,gx,0.0,1,
3,test,crop_bottom_side,crop_bottom_side,40,image_input_tokens,fgx,gfx,0.0,1,
3,test,crop_bottom_side,crop_bottom_side,200,image_input_tokens,fx,gx,0.0,1,
3,test,crop_bottom_side,crop_bottom_side,200,image_input_tokens,fgx,gfx,0.0,1,
3,test,crop_bottom_side,crop_bottom_side,312,image_input_tokens,fx,gx,0.0,1,
3,test,crop_bottom_side,crop_bottom_side,312,image_input_tokens,fgx,gfx,0.0,1,
3,test,crop_bottom_side,crop_bottom_side,118,image_input_tokens,fx,gx,0.0,1,
3,test,crop_bottom_side,crop_bottom_side,118,image_input_tokens,fgx,gfx,0.0,1,
3,test,crop_bottom_side,crop_bottom_side,75,image_input_tokens,fx,gx,0.0,1,
3,test,crop_bottom_side,crop_bottom_side,75,image_input_tokens,fgx,gfx,0.0,1,
3,test,crop_bottom_side,crop_bottom_side,235,image_input_tokens,fx,gx,0.0,1,
3,test,crop_bottom_side,crop_bottom_side,235,image_input_tokens,fgx,gfx,0.0,1,
3,test,crop_bottom_side,crop_bottom_side,159,image_input_tokens,fx,gx,0.0,1,
3,test,crop_bottom_side,crop_bottom_side,159,image_input_tokens,fgx,gfx,0.0,1,
3,test,crop_bottom_side,crop_bottom_side,264,image_block_01,fx,gx,0.0,1,
3,test,crop_bottom_side,crop_bottom_side,264,image_block_01,fgx,gfx,0.0,1,
3,test,crop_bottom_side,crop_bottom_side,184,image_block_01,fx,gx,0.0,1,
3,test,crop_bottom_side,crop_bottom_side,184,image_block_01,fgx,gfx,0.0,1,
3,test,crop_bottom_side,crop_bottom_side,126,image_block_01,fx,gx,0.0,1,
3,test,crop_bottom_side,crop_bottom_side,126,image_block_01,fgx,gfx,0.0,1,
3,test,crop_bottom_side,crop_bottom_side,259,image_block_01,fx,gx,0.0,1,
3,test,crop_bottom_side,crop_bottom_side,259,image_block_01,fgx,gfx,0.0,1,
3,test,crop_bottom_side,crop_bottom_side,104,image_block_01,fx,gx,0.0,1,
3,test,crop_bottom_side,crop_bottom_side,104,image_block_01,fgx,gfx,0.0,1,
3,test,crop_bottom_side,crop_bottom_side,25,image_block_01,fx,gx,0.0,1,
3,test,crop_bottom_side,crop_bottom_side,25,image_block_01,fgx,gfx,0.0,1,
3,test,crop_bottom_side,crop_bottom_side,284,image_block_01,fx,gx,0.0,1,
3,test,crop_bottom_side,crop_bottom_side,284,image_block_01,fgx,gfx,0.0,1,
3,test,crop_bottom_side,crop_bottom_side,273,image_block_01,fx,gx,0.0,1,
3,test,crop_bottom_side,crop_bottom_side,273,image_block_01,fgx,gfx,0.0,1,
3,test,crop_bottom_side,crop_bottom_side,318,image_block_01,fx,gx,0.0,1,
3,test,crop_bottom_side,crop_bottom_side,318,image_block_01,fgx,gfx,0.0,1,
3,test,crop_bottom_side,crop_bottom_side,40,image_block_01,fx,gx,0.0,1,
3,test,crop_bottom_side,crop_bottom_side,40,image_block_01,fgx,gfx,0.0,1,
3,test,crop_bottom_side,crop_bottom_side,200,image_block_01,fx,gx,0.0,1,
3,test,crop_bottom_side,crop_bottom_side,200,image_block_01,fgx,gfx,0.0,1,
3,test,crop_bottom_side,crop_bottom_side,312,image_block_01,fx,gx,0.0,1,
3,test,crop_bottom_side,crop_bottom_side,312,image_block_01,fgx,gfx,0.0,1,
3,test,crop_bottom_side,crop_bottom_side,118,image_block_01,fx,gx,0.0,1,
3,test,crop_bottom_side,crop_bottom_side,118,image_block_01,fgx,gfx,0.0,1,
3,test,crop_bottom_side,crop_bottom_side,75,image_block_01,fx,gx,0.0,1,
3,test,crop_bottom_side,crop_bottom_side,75,image_block_01,fgx,gfx,0.0,1,
3,test,crop_bottom_side,crop_bottom_side,235,image_block_01,fx,gx,0.0,1,
3,test,crop_bottom_side,crop_bottom_side,235,image_block_01,fgx,gfx,0.0,1,
3,test,crop_bottom_side,crop_bottom_side,159,image_block_01,fx,gx,0.0,1,
3,test,crop_bottom_side,crop_bottom_side,159,image_block_01,fgx,gfx,0.0,1,
3,test,crop_bottom_side,crop_bottom_side,264,image_block_02,fx,gx,0.0,1,
3,test,crop_bottom_side,crop_bottom_side,264,image_block_02,fgx,gfx,0.0,1,
3,test,crop_bottom_side,crop_bottom_side,184,image_block_02,fx,gx,0.0,1,
3,test,crop_bottom_side,crop_bottom_side,184,image_block_02,fgx,gfx,0.0,1,
3,test,crop_bottom_side,crop_bottom_side,126,image_block_02,fx,gx,0.0,1,
3,test,crop_bottom_side,crop_bottom_side,126,image_block_02,fgx,gfx,0.0,1,
3,test,crop_bottom_side,crop_bottom_side,259,image_block_02,fx,gx,0.0,1,
3,test,crop_bottom_side,crop_bottom_side,259,image_block_02,fgx,gfx,0.0,1,
3,test,crop_bottom_side,crop_bottom_side,104,image_block_02,fx,gx,0.0,1,
3,test,crop_bottom_side,crop_bottom_side,104,image_block_02,fgx,gfx,0.0,1,
3,test,crop_bottom_side,crop_bottom_side,25,image_block_02,fx,gx,0.0,1,
3,test,crop_bottom_side,crop_bottom_side,25,image_block_02,fgx,gfx,0.0,1,
3,test,crop_bottom_side,crop_bottom_side,284,image_block_02,fx,gx,0.0,1,
3,test,crop_bottom_side,crop_bottom_side,284,image_block_02,fgx,gfx,0.0,1,
3,test,crop_bottom_side,crop_bottom_side,273,image_block_02,fx,gx,0.0,1,
3,test,crop_bottom_side,crop_bottom_side,273,image_block_02,fgx,gfx,0.0,1,
3,test,crop_bottom_side,crop_bottom_side,318,image_block_02,fx,gx,0.0,1,
3,test,crop_bottom_side,crop_bottom_side,318,image_block_02,fgx,gfx,0.0,1,
3,test,crop_bottom_side,crop_bottom_side,40,image_block_02,fx,gx,0.0,1,
3,test,crop_bottom_side,crop_bottom_side,40,image_block_02,fgx,gfx,0.0,1,
3,test,crop_bottom_side,crop_bottom_side,200,image_block_02,fx,gx,0.0,1,
3,test,crop_bottom_side,crop_bottom_side,200,image_block_02,fgx,gfx,0.0,1,
3,test,crop_bottom_side,crop_bottom_side,312,image_block_02,fx,gx,0.0,1,
3,test,crop_bottom_side,crop_bottom_side,312,image_block_02,fgx,gfx,0.0,1,
3,test,crop_bottom_side,crop_bottom_side,118,image_block_02,fx,gx,0.0,1,
3,test,crop_bottom_side,crop_bottom_side,118,image_block_02,fgx,gfx,0.0,1,
3,test,crop_bottom_side,crop_bottom_side,75,image_block_02,fx,gx,0.0,1,
3,test,crop_bottom_side,crop_bottom_side,75,image_block_02,fgx,gfx,0.0,1,
3,test,crop_bottom_side,crop_bottom_side,235,image_block_02,fx,gx,0.0,1,
3,test,crop_bottom_side,crop_bottom_side,235,image_block_02,fgx,gfx,0.0,1,
3,test,crop_bottom_side,crop_bottom_side,159,image_block_02,fx,gx,0.0,1,
3,test,crop_bottom_side,crop_bottom_side,159,image_block_02,fgx,gfx,0.0,1,
3,test,crop_bottom_side,crop_bottom_side,264,image_block_03,fx,gx,0.0,1,
3,test,crop_bottom_side,crop_bottom_side,264,image_block_03,fgx,gfx,0.0,1,
3,test,crop_bottom_side,crop_bottom_side,184,image_block_03,fx,gx,0.0,1,
3,test,crop_bottom_side,crop_bottom_side,184,image_block_03,fgx,gfx,0.0,1,
3,test,crop_bottom_side,crop_bottom_side,126,image_block_03,fx,gx,0.0,1,
3,test,crop_bottom_side,crop_bottom_side,126,image_block_03,fgx,gfx,0.0,1,
3,test,crop_bottom_side,crop_bottom_side,259,image_block_03,fx,gx,0.0,1,
3,test,crop_bottom_side,crop_bottom_side,259,image_block_03,fgx,gfx,0.0,1,
3,test,crop_bottom_side,crop_bottom_side,104,image_block_03,fx,gx,0.0,1,
3,test,crop_bottom_side,crop_bottom_side,104,image_block_03,fgx,gfx,0.0,1,
3,test,crop_bottom_side,crop_bottom_side,25,image_block_03,fx,gx,0.0,1,
3,test,crop_bottom_side,crop_bottom_side,25,image_block_03,fgx,gfx,0.0,1,
3,test,crop_bottom_side,crop_bottom_side,284,image_block_03,fx,gx,0.0,1,
3,test,crop_bottom_side,crop_bottom_side,284,image_block_03,fgx,gfx,0.0,1,
3,test,crop_bottom_side,crop_bottom_side,273,image_block_03,fx,gx,0.0,1,
3,test,crop_bottom_side,crop_bottom_side,273,image_block_03,fgx,gfx,0.0,1,
3,test,crop_bottom_side,crop_bottom_side,318,image_block_03,fx,gx,0.0,1,
3,test,crop_bottom_side,crop_bottom_side,318,image_block_03,fgx,gfx,0.0,1,
3,test,crop_bottom_side,crop_bottom_side,40,image_block_03,fx,gx,0.0,1,
3,test,crop_bottom_side,crop_bottom_side,40,image_block_03,fgx,gfx,0.0,1,
3,test,crop_bottom_side,crop_bottom_side,200,image_block_03,fx,gx,0.0,1,
3,test,crop_bottom_side,crop_bottom_side,200,image_block_03,fgx,gfx,0.0,1,
3,test,crop_bottom_side,crop_bottom_side,312,image_block_03,fx,gx,0.0,1,
3,test,crop_bottom_side,crop_bottom_side,312,image_block_03,fgx,gfx,0.0,1,
3,test,crop_bottom_side,crop_bottom_side,118,image_block_03,fx,gx,0.0,1,
3,test,crop_bottom_side,crop_bottom_side,118,image_block_03,fgx,gfx,0.0,1,
3,test,crop_bottom_side,crop_bottom_side,75,image_block_03,fx,gx,0.0,1,
3,test,crop_bottom_side,crop_bottom_side,75,image_block_03,fgx,gfx,0.0,1,
3,test,crop_bottom_side,crop_bottom_side,235,image_block_03,fx,gx,0.0,1,
3,test,crop_bottom_side,crop_bottom_side,235,image_block_03,fgx,gfx,0.0,1,
3,test,crop_bottom_side,crop_bottom_side,159,image_block_03,fx,gx,0.0,1,
3,test,crop_bottom_side,crop_bottom_side,159,image_block_03,fgx,gfx,0.0,1,
3,test,crop_bottom_side,crop_bottom_side,264,image_block_04,fx,gx,0.0,1,
3,test,crop_bottom_side,crop_bottom_side,264,image_block_04,fgx,gfx,0.0,1,
3,test,crop_bottom_side,crop_bottom_side,184,image_block_04,fx,gx,0.0,1,
3,test,crop_bottom_side,crop_bottom_side,184,image_block_04,fgx,gfx,0.0,1,
3,test,crop_bottom_side,crop_bottom_side,126,image_block_04,fx,gx,0.0,1,
3,test,crop_bottom_side,crop_bottom_side,126,image_block_04,fgx,gfx,0.0,1,
3,test,crop_bottom_side,crop_bottom_side,259,image_block_04,fx,gx,0.0,1,
3,test,crop_bottom_side,crop_bottom_side,259,image_block_04,fgx,gfx,0.0,1,
3,test,crop_bottom_side,crop_bottom_side,104,image_block_04,fx,gx,0.0,1,
3,test,crop_bottom_side,crop_bottom_side,104,image_block_04,fgx,gfx,0.0,1,
3,test,crop_bottom_side,crop_bottom_side,25,image_block_04,fx,gx,0.0,1,
3,test,crop_bottom_side,crop_bottom_side,25,image_block_04,fgx,gfx,0.0,1,
3,test,crop_bottom_side,crop_bottom_side,284,image_block_04,fx,gx,0.0,1,
3,test,crop_bottom_side,crop_bottom_side,284,image_block_04,fgx,gfx,0.0,1,
3,test,crop_bottom_side,crop_bottom_side,273,image_block_04,fx,gx,0.0,1,
3,test,crop_bottom_side,crop_bottom_side,273,image_block_04,fgx,gfx,0.0,1,
3,test,crop_bottom_side,crop_bottom_side,318,image_block_04,fx,gx,0.0,1,
3,test,crop_bottom_side,crop_bottom_side,318,image_block_04,fgx,gfx,0.0,1,
3,test,crop_bottom_side,crop_bottom_side,40,image_block_04,fx,gx,0.0,1,
3,test,crop_bottom_side,crop_bottom_side,40,image_block_04,fgx,gfx,0.0,1,
3,test,crop_bottom_side,crop_bottom_side,200,image_block_04,fx,gx,0.0,1,
3,test,crop_bottom_side,crop_bottom_side,200,image_block_04,fgx,gfx,0.0,1,
3,test,crop_bottom_side,crop_bottom_side,312,image_block_04,fx,gx,0.0,1,
3,test,crop_bottom_side,crop_bottom_side,312,image_block_04,fgx,gfx,0.0,1,
3,test,crop_bottom_side,crop_bottom_side,118,image_block_04,fx,gx,0.0,1,
3,test,crop_bottom_side,crop_bottom_side,118,image_block_04,fgx,gfx,0.0,1,
3,test,crop_bottom_side,crop_bottom_side,75,image_block_04,fx,gx,0.0,1,
3,test,crop_bottom_side,crop_bottom_side,75,image_block_04,fgx,gfx,0.0,1,
3,test,crop_bottom_side,crop_bottom_side,235,image_block_04,fx,gx,0.0,1,
3,test,crop_bottom_side,crop_bottom_side,235,image_block_04,fgx,gfx,0.0,1,
3,test,crop_bottom_side,crop_bottom_side,159,image_block_04,fx,gx,0.0,1,
3,test,crop_bottom_side,crop_bottom_side,159,image_block_04,fgx,gfx,0.0,1,
3,test,crop_bottom_side,crop_bottom_side,264,image_block_05,fx,gx,0.0,1,
3,test,crop_bottom_side,crop_bottom_side,264,image_block_05,fgx,gfx,0.0,1,
3,test,crop_bottom_side,crop_bottom_side,184,image_block_05,fx,gx,0.0,1,
3,test,crop_bottom_side,crop_bottom_side,184,image_block_05,fgx,gfx,0.0,1,
3,test,crop_bottom_side,crop_bottom_side,126,image_block_05,fx,gx,0.0,1,
3,test,crop_bottom_side,crop_bottom_side,126,image_block_05,fgx,gfx,0.0,1,
3,test,crop_bottom_side,crop_bottom_side,259,image_block_05,fx,gx,0.0,1,
3,test,crop_bottom_side,crop_bottom_side,259,image_block_05,fgx,gfx,0.0,1,
3,test,crop_bottom_side,crop_bottom_side,104,image_block_05,fx,gx,0.0,1,
3,test,crop_bottom_side,crop_bottom_side,104,image_block_05,fgx,gfx,0.0,1,
3,test,crop_bottom_side,crop_bottom_side,25,image_block_05,fx,gx,0.0,1,
3,test,crop_bottom_side,crop_bottom_side,25,image_block_05,fgx,gfx,0.0,1,
3,test,crop_bottom_side,crop_bottom_side,284,image_block_05,fx,gx,0.0,1,
3,test,crop_bottom_side,crop_bottom_side,284,image_block_05,fgx,gfx,0.0,1,
3,test,crop_bottom_side,crop_bottom_side,273,image_block_05,fx,gx,0.0,1,
3,test,crop_bottom_side,crop_bottom_side,273,image_block_05,fgx,gfx,0.0,1,
3,test,crop_bottom_side,crop_bottom_side,318,image_block_05,fx,gx,0.0,1,
3,test,crop_bottom_side,crop_bottom_side,318,image_block_05,fgx,gfx,0.0,1,
3,test,crop_bottom_side,crop_bottom_side,40,image_block_05,fx,gx,0.0,1,
3,test,crop_bottom_side,crop_bottom_side,40,image_block_05,fgx,gfx,0.0,1,
3,test,crop_bottom_side,crop_bottom_side,200,image_block_05,fx,gx,0.0,1,
3,test,crop_bottom_side,crop_bottom_side,200,image_block_05,fgx,gfx,0.0,1,
3,test,crop_bottom_side,crop_bottom_side,312,image_block_05,fx,gx,0.0,1,
3,test,crop_bottom_side,crop_bottom_side,312,image_block_05,fgx,gfx,0.0,1,
3,test,crop_bottom_side,crop_bottom_side,118,image_block_05,fx,gx,0.0,1,
3,test,crop_bottom_side,crop_bottom_side,118,image_block_05,fgx,gfx,0.0,1,
3,test,crop_bottom_side,crop_bottom_side,75,image_block_05,fx,gx,0.0,1,
3,test,crop_bottom_side,crop_bottom_side,75,image_block_05,fgx,gfx,0.0,1,
3,test,crop_bottom_side,crop_bottom_side,235,image_block_05,fx,gx,0.0,1,
3,test,crop_bottom_side,crop_bottom_side,235,image_block_05,fgx,gfx,0.0,1,
3,test,crop_bottom_side,crop_bottom_side,159,image_block_05,fx,gx,0.0,1,
3,test,crop_bottom_side,crop_bottom_side,159,image_block_05,fgx,gfx,0.0,1,
3,test,crop_bottom_side,crop_bottom_side,264,image_block_06,fx,gx,0.0,1,
3,test,crop_bottom_side,crop_bottom_side,264,image_block_06,fgx,gfx,0.0,1,
3,test,crop_bottom_side,crop_bottom_side,184,image_block_06,fx,gx,0.0,1,
3,test,crop_bottom_side,crop_bottom_side,184,image_block_06,fgx,gfx,0.0,1,
3,test,crop_bottom_side,crop_bottom_side,126,image_block_06,fx,gx,0.0,1,
3,test,crop_bottom_side,crop_bottom_side,126,image_block_06,fgx,gfx,0.0,1,
3,test,crop_bottom_side,crop_bottom_side,259,image_block_06,fx,gx,0.0,1,
3,test,crop_bottom_side,crop_bottom_side,259,image_block_06,fgx,gfx,0.0,1,
3,test,crop_bottom_side,crop_bottom_side,104,image_block_06,fx,gx,0.0,1,
3,test,crop_bottom_side,crop_bottom_side,104,image_block_06,fgx,gfx,0.0,1,
3,test,crop_bottom_side,crop_bottom_side,25,image_block_06,fx,gx,0.0,1,
3,test,crop_bottom_side,crop_bottom_side,25,image_block_06,fgx,gfx,0.0,1,
3,test,crop_bottom_side,crop_bottom_side,284,image_block_06,fx,gx,0.0,1,
3,test,crop_bottom_side,crop_bottom_side,284,image_block_06,fgx,gfx,0.0,1,
3,test,crop_bottom_side,crop_bottom_side,273,image_block_06,fx,gx,0.0,1,
3,test,crop_bottom_side,crop_bottom_side,273,image_block_06,fgx,gfx,0.0,1,
3,test,crop_bottom_side,crop_bottom_side,318,image_block_06,fx,gx,0.0,1,
3,test,crop_bottom_side,crop_bottom_side,318,image_block_06,fgx,gfx,0.0,1,
3,test,crop_bottom_side,crop_bottom_side,40,image_block_06,fx,gx,0.0,1,
3,test,crop_bottom_side,crop_bottom_side,40,image_block_06,fgx,gfx,0.0,1,
3,test,crop_bottom_side,crop_bottom_side,200,image_block_06,fx,gx,0.0,1,
3,test,crop_bottom_side,crop_bottom_side,200,image_block_06,fgx,gfx,0.0,1,
3,test,crop_bottom_side,crop_bottom_side,312,image_block_06,fx,gx,0.0,1,
3,test,crop_bottom_side,crop_bottom_side,312,image_block_06,fgx,gfx,0.0,1,
3,test,crop_bottom_side,crop_bottom_side,118,image_block_06,fx,gx,0.0,1,
3,test,crop_bottom_side,crop_bottom_side,118,image_block_06,fgx,gfx,0.0,1,
3,test,crop_bottom_side,crop_bottom_side,75,image_block_06,fx,gx,0.0,1,
3,test,crop_bottom_side,crop_bottom_side,75,image_block_06,fgx,gfx,0.0,1,
3,test,crop_bottom_side,crop_bottom_side,235,image_block_06,fx,gx,0.0,1,
3,test,crop_bottom_side,crop_bottom_side,235,image_block_06,fgx,gfx,0.0,1,
3,test,crop_bottom_side,crop_bottom_side,159,image_block_06,fx,gx,0.0,1,
3,test,crop_bottom_side,crop_bottom_side,159,image_block_06,fgx,gfx,0.0,1,
3,test,crop_bottom_side,crop_bottom_side,264,image_final_norm,fx,gx,0.0,1,
3,test,crop_bottom_side,crop_bottom_side,264,image_final_norm,fgx,gfx,0.0,1,
3,test,crop_bottom_side,crop_bottom_side,184,image_final_norm,fx,gx,0.0,1,
3,test,crop_bottom_side,crop_bottom_side,184,image_final_norm,fgx,gfx,0.0,1,
3,test,crop_bottom_side,crop_bottom_side,126,image_final_norm,fx,gx,0.0,1,
3,test,crop_bottom_side,crop_bottom_side,126,image_final_norm,fgx,gfx,0.0,1,
3,test,crop_bottom_side,crop_bottom_side,259,image_final_norm,fx,gx,0.0,1,
3,test,crop_bottom_side,crop_bottom_side,259,image_final_norm,fgx,gfx,0.0,1,
3,test,crop_bottom_side,crop_bottom_side,104,image_final_norm,fx,gx,0.0,1,
3,test,crop_bottom_side,crop_bottom_side,104,image_final_norm,fgx,gfx,0.0,1,
3,test,crop_bottom_side,crop_bottom_side,25,image_final_norm,fx,gx,0.0,1,
3,test,crop_bottom_side,crop_bottom_side,25,image_final_norm,fgx,gfx,0.0,1,
3,test,crop_bottom_side,crop_bottom_side,284,image_final_norm,fx,gx,0.0,1,
3,test,crop_bottom_side,crop_bottom_side,284,image_final_norm,fgx,gfx,0.0,1,
3,test,crop_bottom_side,crop_bottom_side,273,image_final_norm,fx,gx,0.0,1,
3,test,crop_bottom_side,crop_bottom_side,273,image_final_norm,fgx,gfx,0.0,1,
3,test,crop_bottom_side,crop_bottom_side,318,image_final_norm,fx,gx,0.0,1,
3,test,crop_bottom_side,crop_bottom_side,318,image_final_norm,fgx,gfx,0.0,1,
3,test,crop_bottom_side,crop_bottom_side,40,image_final_norm,fx,gx,0.0,1,
3,test,crop_bottom_side,crop_bottom_side,40,image_final_norm,fgx,gfx,0.0,1,
3,test,crop_bottom_side,crop_bottom_side,200,image_final_norm,fx,gx,0.0,1,
3,test,crop_bottom_side,crop_bottom_side,200,image_final_norm,fgx,gfx,0.0,1,
3,test,crop_bottom_side,crop_bottom_side,312,image_final_norm,fx,gx,0.0,1,
3,test,crop_bottom_side,crop_bottom_side,312,image_final_norm,fgx,gfx,0.0,1,
3,test,crop_bottom_side,crop_bottom_side,118,image_final_norm,fx,gx,0.0,1,
3,test,crop_bottom_side,crop_bottom_side,118,image_final_norm,fgx,gfx,0.0,1,
3,test,crop_bottom_side,crop_bottom_side,75,image_final_norm,fx,gx,0.0,1,
3,test,crop_bottom_side,crop_bottom_side,75,image_final_norm,fgx,gfx,0.0,1,
3,test,crop_bottom_side,crop_bottom_side,235,image_final_norm,fx,gx,0.0,1,
3,test,crop_bottom_side,crop_bottom_side,235,image_final_norm,fgx,gfx,0.0,1,
3,test,crop_bottom_side,crop_bottom_side,159,image_final_norm,fx,gx,0.0,1,
3,test,crop_bottom_side,crop_bottom_side,159,image_final_norm,fgx,gfx,0.0,1,
3,test,crop_bottom_side,crop_bottom_side,134,image_input_tokens,fx,gx,0.0,1,
3,test,crop_bottom_side,crop_bottom_side,134,image_input_tokens,fgx,gfx,0.0,1,
3,test,crop_bottom_side,crop_bottom_side,261,image_input_tokens,fx,gx,0.0,1,
3,test,crop_bottom_side,crop_bottom_side,261,image_input_tokens,fgx,gfx,0.0,1,
3,test,crop_bottom_side,crop_bottom_side,263,image_input_tokens,fx,gx,0.0,1,
3,test,crop_bottom_side,crop_bottom_side,263,image_input_tokens,fgx,gfx,0.0,1,
3,test,crop_bottom_side,crop_bottom_side,276,image_input_tokens,fx,gx,0.0,1,
3,test,crop_bottom_side,crop_bottom_side,276,image_input_tokens,fgx,gfx,0.0,1,
3,test,crop_bottom_side,crop_bottom_side,180,image_input_tokens,fx,gx,0.0,1,
3,test,crop_bottom_side,crop_bottom_side,180,image_input_tokens,fgx,gfx,0.0,1,
3,test,crop_bottom_side,crop_bottom_side,143,image_input_tokens,fx,gx,0.0,1,
3,test,crop_bottom_side,crop_bottom_side,143,image_input_tokens,fgx,gfx,0.0,1,
3,test,crop_bottom_side,crop_bottom_side,58,image_input_tokens,fx,gx,0.0,1,
3,test,crop_bottom_side,crop_bottom_side,58,image_input_tokens,fx,fgx,0.0215597453477338,0,1
3,test,crop_bottom_side,crop_bottom_side,58,image_input_tokens,fx,gfx,0.0215597453477338,0,1
3,test,crop_bottom_side,crop_bottom_side,58,image_input_tokens,gx,fgx,0.0215597453477338,0,1
3,test,crop_bottom_side,crop_bottom_side,58,image_input_tokens,gx,gfx,0.0215597453477338,0,1
3,test,crop_bottom_side,crop_bottom_side,58,image_input_tokens,fgx,gfx,0.0,1,
3,test,crop_bottom_side,crop_bottom_side,283,image_input_tokens,fx,gx,0.0,1,
3,test,crop_bottom_side,crop_bottom_side,283,image_input_tokens,fgx,gfx,0.0,1,
3,test,crop_bottom_side,crop_bottom_side,158,image_input_tokens,fx,gx,0.0,1,
3,test,crop_bottom_side,crop_bottom_side,158,image_input_tokens,fgx,gfx,0.0,1,
3,test,crop_bottom_side,crop_bottom_side,89,image_input_tokens,fx,gx,0.0,1,
3,test,crop_bottom_side,crop_bottom_side,89,image_input_tokens,fgx,gfx,0.0,1,
3,test,crop_bottom_side,crop_bottom_side,226,image_input_tokens,fx,gx,0.0,1,
3,test,crop_bottom_side,crop_bottom_side,226,image_input_tokens,fgx,gfx,0.0,1,
3,test,crop_bottom_side,crop_bottom_side,171,image_input_tokens,fx,gx,0.0,1,
3,test,crop_bottom_side,crop_bottom_side,171,image_input_tokens,fgx,gfx,0.0,1,
3,test,crop_bottom_side,crop_bottom_side,70,image_input_tokens,fx,gx,0.0,1,
3,test,crop_bottom_side,crop_bottom_side,70,image_input_tokens,fgx,gfx,0.0,1,
3,test,crop_bottom_side,crop_bottom_side,144,image_input_tokens,fx,gx,0.0,1,
3,test,crop_bottom_side,crop_bottom_side,144,image_input_tokens,fgx,gfx,0.0,1,
3,test,crop_bottom_side,crop_bottom_side,271,image_input_tokens,fx,gx,0.0,1,
3,test,crop_bottom_side,crop_bottom_side,271,image_input_tokens,fgx,gfx,0.0,1,
3,test,crop_bottom_side,crop_bottom_side,179,image_input_tokens,fx,gx,0.0,1,
3,test,crop_bottom_side,crop_bottom_side,179,image_input_tokens,fgx,gfx,0.0,1,
3,test,crop_bottom_side,crop_bottom_side,134,image_block_01,fx,gx,0.0,1,
3,test,crop_bottom_side,crop_bottom_side,134,image_block_01,fgx,gfx,0.0,1,
3,test,crop_bottom_side,crop_bottom_side,261,image_block_01,fx,gx,0.0,1,
3,test,crop_bottom_side,crop_bottom_side,261,image_block_01,fgx,gfx,0.0,1,
3,test,crop_bottom_side,crop_bottom_side,263,image_block_01,fx,gx,0.0,1,
3,test,crop_bottom_side,crop_bottom_side,263,image_block_01,fgx,gfx,0.0,1,
3,test,crop_bottom_side,crop_bottom_side,276,image_block_01,fx,gx,0.0,1,
3,test,crop_bottom_side,crop_bottom_side,276,image_block_01,fgx,gfx,0.0,1,
3,test,crop_bottom_side,crop_bottom_side,180,image_block_01,fx,gx,0.0,1,
3,test,crop_bottom_side,crop_bottom_side,180,image_block_01,fgx,gfx,0.0,1,
3,test,crop_bottom_side,crop_bottom_side,143,image_block_01,fx,gx,0.0,1,
3,test,crop_bottom_side,crop_bottom_side,143,image_block_01,fgx,gfx,0.0,1,
3,test,crop_bottom_side,crop_bottom_side,58,image_block_01,fx,gx,0.0,1,
3,test,crop_bottom_side,crop_bottom_side,58,image_block_01,fx,fgx,0.19226044166291933,0,0
3,test,crop_bottom_side,crop_bottom_side,58,image_block_01,fx,gfx,0.19226044166291933,0,0
3,test,crop_bottom_side,crop_bottom_side,58,image_block_01,gx,fgx,0.19226044166291933,0,0
3,test,crop_bottom_side,crop_bottom_side,58,image_block_01,gx,gfx,0.19226044166291933,0,0
3,test,crop_bottom_side,crop_bottom_side,58,image_block_01,fgx,gfx,0.0,1,
3,test,crop_bottom_side,crop_bottom_side,283,image_block_01,fx,gx,0.0,1,
3,test,crop_bottom_side,crop_bottom_side,283,image_block_01,fgx,gfx,0.0,1,
3,test,crop_bottom_side,crop_bottom_side,158,image_block_01,fx,gx,0.0,1,
3,test,crop_bottom_side,crop_bottom_side,158,image_block_01,fgx,gfx,0.0,1,
3,test,crop_bottom_side,crop_bottom_side,89,image_block_01,fx,gx,0.0,1,
3,test,crop_bottom_side,crop_bottom_side,89,image_block_01,fgx,gfx,0.0,1,
3,test,crop_bottom_side,crop_bottom_side,226,image_block_01,fx,gx,0.0,1,
3,test,crop_bottom_side,crop_bottom_side,226,image_block_01,fgx,gfx,0.0,1,
3,test,crop_bottom_side,crop_bottom_side,171,image_block_01,fx,gx,0.0,1,
3,test,crop_bottom_side,crop_bottom_side,171,image_block_01,fgx,gfx,0.0,1,
3,test,crop_bottom_side,crop_bottom_side,70,image_block_01,fx,gx,0.0,1,
3,test,crop_bottom_side,crop_bottom_side,70,image_block_01,fgx,gfx,0.0,1,
3,test,crop_bottom_side,crop_bottom_side,144,image_block_01,fx,gx,0.0,1,
3,test,crop_bottom_side,crop_bottom_side,144,image_block_01,fgx,gfx,0.0,1,
3,test,crop_bottom_side,crop_bottom_side,271,image_block_01,fx,gx,0.0,1,
3,test,crop_bottom_side,crop_bottom_side,271,image_block_01,fgx,gfx,0.0,1,
3,test,crop_bottom_side,crop_bottom_side,179,image_block_01,fx,gx,0.0,1,
3,test,crop_bottom_side,crop_bottom_side,179,image_block_01,fgx,gfx,0.0,1,
3,test,crop_bottom_side,crop_bottom_side,134,image_block_02,fx,gx,0.0,1,
3,test,crop_bottom_side,crop_bottom_side,134,image_block_02,fgx,gfx,0.0,1,
3,test,crop_bottom_side,crop_bottom_side,261,image_block_02,fx,gx,0.0,1,
3,test,crop_bottom_side,crop_bottom_side,261,image_block_02,fgx,gfx,0.0,1,
3,test,crop_bottom_side,crop_bottom_side,263,image_block_02,fx,gx,0.0,1,
3,test,crop_bottom_side,crop_bottom_side,263,image_block_02,fgx,gfx,0.0,1,
3,test,crop_bottom_side,crop_bottom_side,276,image_block_02,fx,gx,0.0,1,
3,test,crop_bottom_side,crop_bottom_side,276,image_block_02,fgx,gfx,0.0,1,
3,test,crop_bottom_side,crop_bottom_side,180,image_block_02,fx,gx,0.0,1,
3,test,crop_bottom_side,crop_bottom_side,180,image_block_02,fgx,gfx,0.0,1,
3,test,crop_bottom_side,crop_bottom_side,143,image_block_02,fx,gx,0.0,1,
3,test,crop_bottom_side,crop_bottom_side,143,image_block_02,fgx,gfx,0.0,1,
3,test,crop_bottom_side,crop_bottom_side,58,image_block_02,fx,gx,0.0,1,
3,test,crop_bottom_side,crop_bottom_side,58,image_block_02,fx,fgx,0.21191859348312056,0,0
3,test,crop_bottom_side,crop_bottom_side,58,image_block_02,fx,gfx,0.21191859348312056,0,0
3,test,crop_bottom_side,crop_bottom_side,58,image_block_02,gx,fgx,0.21191859348312056,0,0
3,test,crop_bottom_side,crop_bottom_side,58,image_block_02,gx,gfx,0.21191859348312056,0,0
3,test,crop_bottom_side,crop_bottom_side,58,image_block_02,fgx,gfx,0.0,1,
3,test,crop_bottom_side,crop_bottom_side,283,image_block_02,fx,gx,0.0,1,
3,test,crop_bottom_side,crop_bottom_side,283,image_block_02,fgx,gfx,0.0,1,
3,test,crop_bottom_side,crop_bottom_side,158,image_block_02,fx,gx,0.0,1,
3,test,crop_bottom_side,crop_bottom_side,158,image_block_02,fgx,gfx,0.0,1,
3,test,crop_bottom_side,crop_bottom_side,89,image_block_02,fx,gx,0.0,1,
3,test,crop_bottom_side,crop_bottom_side,89,image_block_02,fgx,gfx,0.0,1,
3,test,crop_bottom_side,crop_bottom_side,226,image_block_02,fx,gx,0.0,1,
3,test,crop_bottom_side,crop_bottom_side,226,image_block_02,fgx,gfx,0.0,1,
3,test,crop_bottom_side,crop_bottom_side,171,image_block_02,fx,gx,0.0,1,
3,test,crop_bottom_side,crop_bottom_side,171,image_block_02,fgx,gfx,0.0,1,
3,test,crop_bottom_side,crop_bottom_side,70,image_block_02,fx,gx,0.0,1,
3,test,crop_bottom_side,crop_bottom_side,70,image_block_02,fgx,gfx,0.0,1,
3,test,crop_bottom_side,crop_bottom_side,144,image_block_02,fx,gx,0.0,1,
3,test,crop_bottom_side,crop_bottom_side,144,image_block_02,fgx,gfx,0.0,1,
3,test,crop_bottom_side,crop_bottom_side,271,image_block_02,fx,gx,0.0,1,
3,test,crop_bottom_side,crop_bottom_side,271,image_block_02,fgx,gfx,0.0,1,
3,test,crop_bottom_side,crop_bottom_side,179,image_block_02,fx,gx,0.0,1,
3,test,crop_bottom_side,crop_bottom_side,179,image_block_02,fgx,gfx,0.0,1,
3,test,crop_bottom_side,crop_bottom_side,134,image_block_03,fx,gx,0.0,1,
3,test,crop_bottom_side,crop_bottom_side,134,image_block_03,fgx,gfx,0.0,1,
3,test,crop_bottom_side,crop_bottom_side,261,image_block_03,fx,gx,0.0,1,
3,test,crop_bottom_side,crop_bottom_side,261,image_block_03,fgx,gfx,0.0,1,
3,test,crop_bottom_side,crop_bottom_side,263,image_block_03,fx,gx,0.0,1,
3,test,crop_bottom_side,crop_bottom_side,263,image_block_03,fgx,gfx,0.0,1,
3,test,crop_bottom_side,crop_bottom_side,276,image_block_03,fx,gx,0.0,1,
3,test,crop_bottom_side,crop_bottom_side,276,image_block_03,fgx,gfx,0.0,1,
3,test,crop_bottom_side,crop_bottom_side,180,image_block_03,fx,gx,0.0,1,
3,test,crop_bottom_side,crop_bottom_side,180,image_block_03,fgx,gfx,0.0,1,
3,test,crop_bottom_side,crop_bottom_side,143,image_block_03,fx,gx,0.0,1,
3,test,crop_bottom_side,crop_bottom_side,143,image_block_03,fgx,gfx,0.0,1,
3,test,crop_bottom_side,crop_bottom_side,58,image_block_03,fx,gx,0.0,1,
3,test,crop_bottom_side,crop_bottom_side,58,image_block_03,fx,fgx,0.2448709528144247,0,0
3,test,crop_bottom_side,crop_bottom_side,58,image_block_03,fx,gfx,0.2448709528144247,0,0
3,test,crop_bottom_side,crop_bottom_side,58,image_block_03,gx,fgx,0.2448709528144247,0,0
3,test,crop_bottom_side,crop_bottom_side,58,image_block_03,gx,gfx,0.2448709528144247,0,0
3,test,crop_bottom_side,crop_bottom_side,58,image_block_03,fgx,gfx,0.0,1,
3,test,crop_bottom_side,crop_bottom_side,283,image_block_03,fx,gx,0.0,1,
3,test,crop_bottom_side,crop_bottom_side,283,image_block_03,fgx,gfx,0.0,1,
3,test,crop_bottom_side,crop_bottom_side,158,image_block_03,fx,gx,0.0,1,
3,test,crop_bottom_side,crop_bottom_side,158,image_block_03,fgx,gfx,0.0,1,
3,test,crop_bottom_side,crop_bottom_side,89,image_block_03,fx,gx,0.0,1,
3,test,crop_bottom_side,crop_bottom_side,89,image_block_03,fgx,gfx,0.0,1,
3,test,crop_bottom_side,crop_bottom_side,226,image_block_03,fx,gx,0.0,1,
3,test,crop_bottom_side,crop_bottom_side,226,image_block_03,fgx,gfx,0.0,1,
3,test,crop_bottom_side,crop_bottom_side,171,image_block_03,fx,gx,0.0,1,
3,test,crop_bottom_side,crop_bottom_side,171,image_block_03,fgx,gfx,0.0,1,
3,test,crop_bottom_side,crop_bottom_side,70,image_block_03,fx,gx,0.0,1,
3,test,crop_bottom_side,crop_bottom_side,70,image_block_03,fgx,gfx,0.0,1,
3,test,crop_bottom_side,crop_bottom_side,144,image_block_03,fx,gx,0.0,1,
3,test,crop_bottom_side,crop_bottom_side,144,image_block_03,fgx,gfx,0.0,1,
3,test,crop_bottom_side,crop_bottom_side,271,image_block_03,fx,gx,0.0,1,
3,test,crop_bottom_side,crop_bottom_side,271,image_block_03,fgx,gfx,0.0,1,
3,test,crop_bottom_side,crop_bottom_side,179,image_block_03,fx,gx,0.0,1,
3,test,crop_bottom_side,crop_bottom_side,179,image_block_03,fgx,gfx,0.0,1,
3,test,crop_bottom_side,crop_bottom_side,134,image_block_04,fx,gx,0.0,1,
3,test,crop_bottom_side,crop_bottom_side,134,image_block_04,fgx,gfx,0.0,1,
3,test,crop_bottom_side,crop_bottom_side,261,image_block_04,fx,gx,0.0,1,
3,test,crop_bottom_side,crop_bottom_side,261,image_block_04,fgx,gfx,0.0,1,
3,test,crop_bottom_side,crop_bottom_side,263,image_block_04,fx,gx,0.0,1,
3,test,crop_bottom_side,crop_bottom_side,263,image_block_04,fgx,gfx,0.0,1,
3,test,crop_bottom_side,crop_bottom_side,276,image_block_04,fx,gx,0.0,1,
3,test,crop_bottom_side,crop_bottom_side,276,image_block_04,fgx,gfx,0.0,1,
3,test,crop_bottom_side,crop_bottom_side,180,image_block_04,fx,gx,0.0,1,
3,test,crop_bottom_side,crop_bottom_side,180,image_block_04,fgx,gfx,0.0,1,
3,test,crop_bottom_side,crop_bottom_side,143,image_block_04,fx,gx,0.0,1,
3,test,crop_bottom_side,crop_bottom_side,143,image_block_04,fgx,gfx,0.0,1,
3,test,crop_bottom_side,crop_bottom_side,58,image_block_04,fx,gx,0.0,1,
3,test,crop_bottom_side,crop_bottom_side,58,image_block_04,fx,fgx,0.21818497450748095,0,0
3,test,crop_bottom_side,crop_bottom_side,58,image_block_04,fx,gfx,0.21818497450748095,0,0
3,test,crop_bottom_side,crop_bottom_side,58,image_block_04,gx,fgx,0.21818497450748095,0,0
3,test,crop_bottom_side,crop_bottom_side,58,image_block_04,gx,gfx,0.21818497450748095,0,0
3,test,crop_bottom_side,crop_bottom_side,58,image_block_04,fgx,gfx,0.0,1,
3,test,crop_bottom_side,crop_bottom_side,283,image_block_04,fx,gx,0.0,1,
3,test,crop_bottom_side,crop_bottom_side,283,image_block_04,fgx,gfx,0.0,1,
3,test,crop_bottom_side,crop_bottom_side,158,image_block_04,fx,gx,0.0,1,
3,test,crop_bottom_side,crop_bottom_side,158,image_block_04,fgx,gfx,0.0,1,
3,test,crop_bottom_side,crop_bottom_side,89,image_block_04,fx,gx,0.0,1,
3,test,crop_bottom_side,crop_bottom_side,89,image_block_04,fgx,gfx,0.0,1,
3,test,crop_bottom_side,crop_bottom_side,226,image_block_04,fx,gx,0.0,1,
3,test,crop_bottom_side,crop_bottom_side,226,image_block_04,fgx,gfx,0.0,1,
3,test,crop_bottom_side,crop_bottom_side,171,image_block_04,fx,gx,0.0,1,
3,test,crop_bottom_side,crop_bottom_side,171,image_block_04,fgx,gfx,0.0,1,
3,test,crop_bottom_side,crop_bottom_side,70,image_block_04,fx,gx,0.0,1,
3,test,crop_bottom_side,crop_bottom_side,70,image_block_04,fgx,gfx,0.0,1,
3,test,crop_bottom_side,crop_bottom_side,144,image_block_04,fx,gx,0.0,1,
3,test,crop_bottom_side,crop_bottom_side,144,image_block_04,fgx,gfx,0.0,1,
3,test,crop_bottom_side,crop_bottom_side,271,image_block_04,fx,gx,0.0,1,
3,test,crop_bottom_side,crop_bottom_side,271,image_block_04,fgx,gfx,0.0,1,
3,test,crop_bottom_side,crop_bottom_side,179,image_block_04,fx,gx,0.0,1,
3,test,crop_bottom_side,crop_bottom_side,179,image_block_04,fgx,gfx,0.0,1,
3,test,crop_bottom_side,crop_bottom_side,134,image_block_05,fx,gx,0.0,1,
3,test,crop_bottom_side,crop_bottom_side,134,image_block_05,fgx,gfx,0.0,1,
3,test,crop_bottom_side,crop_bottom_side,261,image_block_05,fx,gx,0.0,1,
3,test,crop_bottom_side,crop_bottom_side,261,image_block_05,fgx,gfx,0.0,1,
3,test,crop_bottom_side,crop_bottom_side,263,image_block_05,fx,gx,0.0,1,
3,test,crop_bottom_side,crop_bottom_side,263,image_block_05,fgx,gfx,0.0,1,
3,test,crop_bottom_side,crop_bottom_side,276,image_block_05,fx,gx,0.0,1,
3,test,crop_bottom_side,crop_bottom_side,276,image_block_05,fgx,gfx,0.0,1,
3,test,crop_bottom_side,crop_bottom_side,180,image_block_05,fx,gx,0.0,1,
3,test,crop_bottom_side,crop_bottom_side,180,image_block_05,fgx,gfx,0.0,1,
3,test,crop_bottom_side,crop_bottom_side,143,image_block_05,fx,gx,0.0,1,
3,test,crop_bottom_side,crop_bottom_side,143,image_block_05,fgx,gfx,0.0,1,
3,test,crop_bottom_side,crop_bottom_side,58,image_block_05,fx,gx,0.0,1,
3,test,crop_bottom_side,crop_bottom_side,58,image_block_05,fx,fgx,0.21559540508557842,0,0
3,test,crop_bottom_side,crop_bottom_side,58,image_block_05,fx,gfx,0.21559540508557842,0,0
3,test,crop_bottom_side,crop_bottom_side,58,image_block_05,gx,fgx,0.21559540508557842,0,0
3,test,crop_bottom_side,crop_bottom_side,58,image_block_05,gx,gfx,0.21559540508557842,0,0
3,test,crop_bottom_side,crop_bottom_side,58,image_block_05,fgx,gfx,0.0,1,
3,test,crop_bottom_side,crop_bottom_side,283,image_block_05,fx,gx,0.0,1,
3,test,crop_bottom_side,crop_bottom_side,283,image_block_05,fgx,gfx,0.0,1,
3,test,crop_bottom_side,crop_bottom_side,158,image_block_05,fx,gx,0.0,1,
3,test,crop_bottom_side,crop_bottom_side,158,image_block_05,fgx,gfx,0.0,1,
3,test,crop_bottom_side,crop_bottom_side,89,image_block_05,fx,gx,0.0,1,
3,test,crop_bottom_side,crop_bottom_side,89,image_block_05,fgx,gfx,0.0,1,
3,test,crop_bottom_side,crop_bottom_side,226,image_block_05,fx,gx,0.0,1,
3,test,crop_bottom_side,crop_bottom_side,226,image_block_05,fgx,gfx,0.0,1,
3,test,crop_bottom_side,crop_bottom_side,171,image_block_05,fx,gx,0.0,1,
3,test,crop_bottom_side,crop_bottom_side,171,image_block_05,fgx,gfx,0.0,1,
3,test,crop_bottom_side,crop_bottom_side,70,image_block_05,fx,gx,0.0,1,
3,test,crop_bottom_side,crop_bottom_side,70,image_block_05,fgx,gfx,0.0,1,
3,test,crop_bottom_side,crop_bottom_side,144,image_block_05,fx,gx,0.0,1,
3,test,crop_bottom_side,crop_bottom_side,144,image_block_05,fgx,gfx,0.0,1,
3,test,crop_bottom_side,crop_bottom_side,271,image_block_05,fx,gx,0.0,1,
3,test,crop_bottom_side,crop_bottom_side,271,image_block_05,fgx,gfx,0.0,1,
3,test,crop_bottom_side,crop_bottom_side,179,image_block_05,fx,gx,0.0,1,
3,test,crop_bottom_side,crop_bottom_side,179,image_block_05,fgx,gfx,0.0,1,
3,test,crop_bottom_side,crop_bottom_side,134,image_block_06,fx,gx,0.0,1,
3,test,crop_bottom_side,crop_bottom_side,134,image_block_06,fgx,gfx,0.0,1,
3,test,crop_bottom_side,crop_bottom_side,261,image_block_06,fx,gx,0.0,1,
3,test,crop_bottom_side,crop_bottom_side,261,image_block_06,fgx,gfx,0.0,1,
3,test,crop_bottom_side,crop_bottom_side,263,image_block_06,fx,gx,0.0,1,
3,test,crop_bottom_side,crop_bottom_side,263,image_block_06,fgx,gfx,0.0,1,
3,test,crop_bottom_side,crop_bottom_side,276,image_block_06,fx,gx,0.0,1,
3,test,crop_bottom_side,crop_bottom_side,276,image_block_06,fgx,gfx,0.0,1,
3,test,crop_bottom_side,crop_bottom_side,180,image_block_06,fx,gx,0.0,1,
3,test,crop_bottom_side,crop_bottom_side,180,image_block_06,fgx,gfx,0.0,1,
3,test,crop_bottom_side,crop_bottom_side,143,image_block_06,fx,gx,0.0,1,
3,test,crop_bottom_side,crop_bottom_side,143,image_block_06,fgx,gfx,0.0,1,
3,test,crop_bottom_side,crop_bottom_side,58,image_block_06,fx,gx,0.0,1,
3,test,crop_bottom_side,crop_bottom_side,58,image_block_06,fx,fgx,0.2914125316043176,0,0
3,test,crop_bottom_side,crop_bottom_side,58,image_block_06,fx,gfx,0.2914125316043176,0,0
3,test,crop_bottom_side,crop_bottom_side,58,image_block_06,gx,fgx,0.2914125316043176,0,0
3,test,crop_bottom_side,crop_bottom_side,58,image_block_06,gx,gfx,0.2914125316043176,0,0
3,test,crop_bottom_side,crop_bottom_side,58,image_block_06,fgx,gfx,0.0,1,
3,test,crop_bottom_side,crop_bottom_side,283,image_block_06,fx,gx,0.0,1,
3,test,crop_bottom_side,crop_bottom_side,283,image_block_06,fgx,gfx,0.0,1,
3,test,crop_bottom_side,crop_bottom_side,158,image_block_06,fx,gx,0.0,1,
3,test,crop_bottom_side,crop_bottom_side,158,image_block_06,fgx,gfx,0.0,1,
3,test,crop_bottom_side,crop_bottom_side,89,image_block_06,fx,gx,0.0,1,
3,test,crop_bottom_side,crop_bottom_side,89,image_block_06,fgx,gfx,0.0,1,
3,test,crop_bottom_side,crop_bottom_side,226,image_block_06,fx,gx,0.0,1,
3,test,crop_bottom_side,crop_bottom_side,226,image_block_06,fgx,gfx,0.0,1,
3,test,crop_bottom_side,crop_bottom_side,171,image_block_06,fx,gx,0.0,1,
3,test,crop_bottom_side,crop_bottom_side,171,image_block_06,fgx,gfx,0.0,1,
3,test,crop_bottom_side,crop_bottom_side,70,image_block_06,fx,gx,0.0,1,
3,test,crop_bottom_side,crop_bottom_side,70,image_block_06,fgx,gfx,0.0,1,
3,test,crop_bottom_side,crop_bottom_side,144,image_block_06,fx,gx,0.0,1,
3,test,crop_bottom_side,crop_bottom_side,144,image_block_06,fgx,gfx,0.0,1,
3,test,crop_bottom_side,crop_bottom_side,271,image_block_06,fx,gx,0.0,1,
3,test,crop_bottom_side,crop_bottom_side,271,image_block_06,fgx,gfx,0.0,1,
3,test,crop_bottom_side,crop_bottom_side,179,image_block_06,fx,gx,0.0,1,
3,test,crop_bottom_side,crop_bottom_side,179,image_block_06,fgx,gfx,0.0,1,
3,test,crop_bottom_side,crop_bottom_side,134,image_final_norm,fx,gx,0.0,1,
3,test,crop_bottom_side,crop_bottom_side,134,image_final_norm,fgx,gfx,0.0,1,
3,test,crop_bottom_side,crop_bottom_side,261,image_final_norm,fx,gx,0.0,1,
3,test,crop_bottom_side,crop_bottom_side,261,image_final_norm,fgx,gfx,0.0,1,
3,test,crop_bottom_side,crop_bottom_side,263,image_final_norm,fx,gx,0.0,1,
3,test,crop_bottom_side,crop_bottom_side,263,image_final_norm,fgx,gfx,0.0,1,
3,test,crop_bottom_side,crop_bottom_side,276,image_final_norm,fx,gx,0.0,1,
3,test,crop_bottom_side,crop_bottom_side,276,image_final_norm,fgx,gfx,0.0,1,
3,test,crop_bottom_side,crop_bottom_side,180,image_final_norm,fx,gx,0.0,1,
3,test,crop_bottom_side,crop_bottom_side,180,image_final_norm,fgx,gfx,0.0,1,
3,test,crop_bottom_side,crop_bottom_side,143,image_final_norm,fx,gx,0.0,1,
3,test,crop_bottom_side,crop_bottom_side,143,image_final_norm,fgx,gfx,0.0,1,
3,test,crop_bottom_side,crop_bottom_side,58,image_final_norm,fx,gx,0.0,1,
3,test,crop_bottom_side,crop_bottom_side,58,image_final_norm,fx,fgx,0.2743091166232733,0,0
3,test,crop_bottom_side,crop_bottom_side,58,image_final_norm,fx,gfx,0.2743091166232733,0,0
3,test,crop_bottom_side,crop_bottom_side,58,image_final_norm,gx,fgx,0.2743091166232733,0,0
3,test,crop_bottom_side,crop_bottom_side,58,image_final_norm,gx,gfx,0.2743091166232733,0,0
3,test,crop_bottom_side,crop_bottom_side,58,image_final_norm,fgx,gfx,0.0,1,
3,test,crop_bottom_side,crop_bottom_side,283,image_final_norm,fx,gx,0.0,1,
3,test,crop_bottom_side,crop_bottom_side,283,image_final_norm,fgx,gfx,0.0,1,
3,test,crop_bottom_side,crop_bottom_side,158,image_final_norm,fx,gx,0.0,1,
3,test,crop_bottom_side,crop_bottom_side,158,image_final_norm,fgx,gfx,0.0,1,
3,test,crop_bottom_side,crop_bottom_side,89,image_final_norm,fx,gx,0.0,1,
3,test,crop_bottom_side,crop_bottom_side,89,image_final_norm,fgx,gfx,0.0,1,
3,test,crop_bottom_side,crop_bottom_side,226,image_final_norm,fx,gx,0.0,1,
3,test,crop_bottom_side,crop_bottom_side,226,image_final_norm,fgx,gfx,0.0,1,
3,test,crop_bottom_side,crop_bottom_side,171,image_final_norm,fx,gx,0.0,1,
3,test,crop_bottom_side,crop_bottom_side,171,image_final_norm,fgx,gfx,0.0,1,
3,test,crop_bottom_side,crop_bottom_side,70,image_final_norm,fx,gx,0.0,1,
3,test,crop_bottom_side,crop_bottom_side,70,image_final_norm,fgx,gfx,0.0,1,
3,test,crop_bottom_side,crop_bottom_side,144,image_final_norm,fx,gx,0.0,1,
3,test,crop_bottom_side,crop_bottom_side,144,image_final_norm,fgx,gfx,0.0,1,
3,test,crop_bottom_side,crop_bottom_side,271,image_final_norm,fx,gx,0.0,1,
3,test,crop_bottom_side,crop_bottom_side,271,image_final_norm,fgx,gfx,0.0,1,
3,test,crop_bottom_side,crop_bottom_side,179,image_final_norm,fx,gx,0.0,1,
3,test,crop_bottom_side,crop_bottom_side,179,image_final_norm,fgx,gfx,0.0,1,
3,test,crop_bottom_side,crop_bottom_side,54,image_input_tokens,fx,gx,0.0,1,
3,test,crop_bottom_side,crop_bottom_side,54,image_input_tokens,fgx,gfx,0.0,1,
3,test,crop_bottom_side,crop_bottom_side,162,image_input_tokens,fx,gx,0.0,1,
3,test,crop_bottom_side,crop_bottom_side,162,image_input_tokens,fgx,gfx,0.0,1,
3,test,crop_bottom_side,crop_bottom_side,135,image_input_tokens,fx,gx,0.0,1,
3,test,crop_bottom_side,crop_bottom_side,135,image_input_tokens,fgx,gfx,0.0,1,
3,test,crop_bottom_side,crop_bottom_side,62,image_input_tokens,fx,gx,0.0,1,
3,test,crop_bottom_side,crop_bottom_side,62,image_input_tokens,fgx,gfx,0.0,1,
3,test,crop_bottom_side,crop_bottom_side,211,image_input_tokens,fx,gx,0.0,1,
3,test,crop_bottom_side,crop_bottom_side,211,image_input_tokens,fgx,gfx,0.0,1,
3,test,crop_bottom_side,crop_bottom_side,323,image_input_tokens,fx,gx,0.0,1,
3,test,crop_bottom_side,crop_bottom_side,323,image_input_tokens,fgx,gfx,0.0,1,
3,test,crop_bottom_side,crop_bottom_side,53,image_input_tokens,fx,gx,0.0,1,
3,test,crop_bottom_side,crop_bottom_side,53,image_input_tokens,fgx,gfx,0.0,1,
3,test,crop_bottom_side,crop_bottom_side,258,image_input_tokens,fx,gx,0.0,1,
3,test,crop_bottom_side,crop_bottom_side,258,image_input_tokens,fgx,gfx,0.0,1,
3,test,crop_bottom_side,crop_bottom_side,96,image_input_tokens,fx,gx,0.0,1,
3,test,crop_bottom_side,crop_bottom_side,96,image_input_tokens,fgx,gfx,0.0,1,
3,test,crop_bottom_side,crop_bottom_side,277,image_input_tokens,fx,gx,0.0,1,
3,test,crop_bottom_side,crop_bottom_side,277,image_input_tokens,fgx,gfx,0.0,1,
3,test,crop_bottom_side,crop_bottom_side,317,image_input_tokens,fx,gx,0.0,1,
3,test,crop_bottom_side,crop_bottom_side,317,image_input_tokens,fgx,gfx,0.0,1,
3,test,crop_bottom_side,crop_bottom_side,225,image_input_tokens,fx,gx,0.0,1,
3,test,crop_bottom_side,crop_bottom_side,225,image_input_tokens,fgx,gfx,0.0,1,
3,test,crop_bottom_side,crop_bottom_side,293,image_input_tokens,fx,gx,0.0,1,
3,test,crop_bottom_side,crop_bottom_side,293,image_input_tokens,fgx,gfx,0.0,1,
3,test,crop_bottom_side,crop_bottom_side,298,image_input_tokens,fx,gx,0.0,1,
3,test,crop_bottom_side,crop_bottom_side,298,image_input_tokens,fgx,gfx,0.0,1,
3,test,crop_bottom_side,crop_bottom_side,30,image_input_tokens,fx,gx,0.0,1,
3,test,crop_bottom_side,crop_bottom_side,30,image_input_tokens,fgx,gfx,0.0,1,
3,test,crop_bottom_side,crop_bottom_side,8,image_input_tokens,fx,gx,0.0,1,
3,test,crop_bottom_side,crop_bottom_side,8,image_input_tokens,fgx,gfx,0.0,1,
3,test,crop_bottom_side,crop_bottom_side,54,image_block_01,fx,gx,0.0,1,
3,test,crop_bottom_side,crop_bottom_side,54,image_block_01,fgx,gfx,0.0,1,
3,test,crop_bottom_side,crop_bottom_side,162,image_block_01,fx,gx,0.0,1,
3,test,crop_bottom_side,crop_bottom_side,162,image_block_01,fgx,gfx,0.0,1,
3,test,crop_bottom_side,crop_bottom_side,135,image_block_01,fx,gx,0.0,1,
3,test,crop_bottom_side,crop_bottom_side,135,image_block_01,fgx,gfx,0.0,1,
3,test,crop_bottom_side,crop_bottom_side,62,image_block_01,fx,gx,0.0,1,
3,test,crop_bottom_side,crop_bottom_side,62,image_block_01,fgx,gfx,0.0,1,
3,test,crop_bottom_side,crop_bottom_side,211,image_block_01,fx,gx,0.0,1,
3,test,crop_bottom_side,crop_bottom_side,211,image_block_01,fgx,gfx,0.0,1,
3,test,crop_bottom_side,crop_bottom_side,323,image_block_01,fx,gx,0.0,1,
3,test,crop_bottom_side,crop_bottom_side,323,image_block_01,fgx,gfx,0.0,1,
3,test,crop_bottom_side,crop_bottom_side,53,image_block_01,fx,gx,0.0,1,
3,test,crop_bottom_side,crop_bottom_side,53,image_block_01,fgx,gfx,0.0,1,
3,test,crop_bottom_side,crop_bottom_side,258,image_block_01,fx,gx,0.0,1,
3,test,crop_bottom_side,crop_bottom_side,258,image_block_01,fgx,gfx,0.0,1,
3,test,crop_bottom_side,crop_bottom_side,96,image_block_01,fx,gx,0.0,1,
3,test,crop_bottom_side,crop_bottom_side,96,image_block_01,fgx,gfx,0.0,1,
3,test,crop_bottom_side,crop_bottom_side,277,image_block_01,fx,gx,0.0,1,
3,test,crop_bottom_side,crop_bottom_side,277,image_block_01,fgx,gfx,0.0,1,
3,test,crop_bottom_side,crop_bottom_side,317,image_block_01,fx,gx,0.0,1,
3,test,crop_bottom_side,crop_bottom_side,317,image_block_01,fgx,gfx,0.0,1,
3,test,crop_bottom_side,crop_bottom_side,225,image_block_01,fx,gx,0.0,1,
3,test,crop_bottom_side,crop_bottom_side,225,image_block_01,fgx,gfx,0.0,1,
3,test,crop_bottom_side,crop_bottom_side,293,image_block_01,fx,gx,0.0,1,
3,test,crop_bottom_side,crop_bottom_side,293,image_block_01,fgx,gfx,0.0,1,
3,test,crop_bottom_side,crop_bottom_side,298,image_block_01,fx,gx,0.0,1,
3,test,crop_bottom_side,crop_bottom_side,298,image_block_01,fgx,gfx,0.0,1,
3,test,crop_bottom_side,crop_bottom_side,30,image_block_01,fx,gx,0.0,1,
3,test,crop_bottom_side,crop_bottom_side,30,image_block_01,fgx,gfx,0.0,1,
3,test,crop_bottom_side,crop_bottom_side,8,image_block_01,fx,gx,0.0,1,
3,test,crop_bottom_side,crop_bottom_side,8,image_block_01,fgx,gfx,0.0,1,
3,test,crop_bottom_side,crop_bottom_side,54,image_block_02,fx,gx,0.0,1,
3,test,crop_bottom_side,crop_bottom_side,54,image_block_02,fgx,gfx,0.0,1,
3,test,crop_bottom_side,crop_bottom_side,162,image_block_02,fx,gx,0.0,1,
3,test,crop_bottom_side,crop_bottom_side,162,image_block_02,fgx,gfx,0.0,1,
3,test,crop_bottom_side,crop_bottom_side,135,image_block_02,fx,gx,0.0,1,
3,test,crop_bottom_side,crop_bottom_side,135,image_block_02,fgx,gfx,0.0,1,
3,test,crop_bottom_side,crop_bottom_side,62,image_block_02,fx,gx,0.0,1,
3,test,crop_bottom_side,crop_bottom_side,62,image_block_02,fgx,gfx,0.0,1,
3,test,crop_bottom_side,crop_bottom_side,211,image_block_02,fx,gx,0.0,1,
3,test,crop_bottom_side,crop_bottom_side,211,image_block_02,fgx,gfx,0.0,1,
3,test,crop_bottom_side,crop_bottom_side,323,image_block_02,fx,gx,0.0,1,
3,test,crop_bottom_side,crop_bottom_side,323,image_block_02,fgx,gfx,0.0,1,
3,test,crop_bottom_side,crop_bottom_side,53,image_block_02,fx,gx,0.0,1,
3,test,crop_bottom_side,crop_bottom_side,53,image_block_02,fgx,gfx,0.0,1,
3,test,crop_bottom_side,crop_bottom_side,258,image_block_02,fx,gx,0.0,1,
3,test,crop_bottom_side,crop_bottom_side,258,image_block_02,fgx,gfx,0.0,1,
3,test,crop_bottom_side,crop_bottom_side,96,image_block_02,fx,gx,0.0,1,
3,test,crop_bottom_side,crop_bottom_side,96,image_block_02,fgx,gfx,0.0,1,
3,test,crop_bottom_side,crop_bottom_side,277,image_block_02,fx,gx,0.0,1,
3,test,crop_bottom_side,crop_bottom_side,277,image_block_02,fgx,gfx,0.0,1,
3,test,crop_bottom_side,crop_bottom_side,317,image_block_02,fx,gx,0.0,1,
3,test,crop_bottom_side,crop_bottom_side,317,image_block_02,fgx,gfx,0.0,1,
3,test,crop_bottom_side,crop_bottom_side,225,image_block_02,fx,gx,0.0,1,
3,test,crop_bottom_side,crop_bottom_side,225,image_block_02,fgx,gfx,0.0,1,
3,test,crop_bottom_side,crop_bottom_side,293,image_block_02,fx,gx,0.0,1,
3,test,crop_bottom_side,crop_bottom_side,293,image_block_02,fgx,gfx,0.0,1,
3,test,crop_bottom_side,crop_bottom_side,298,image_block_02,fx,gx,0.0,1,
3,test,crop_bottom_side,crop_bottom_side,298,image_block_02,fgx,gfx,0.0,1,
3,test,crop_bottom_side,crop_bottom_side,30,image_block_02,fx,gx,0.0,1,
3,test,crop_bottom_side,crop_bottom_side,30,image_block_02,fgx,gfx,0.0,1,
3,test,crop_bottom_side,crop_bottom_side,8,image_block_02,fx,gx,0.0,1,
3,test,crop_bottom_side,crop_bottom_side,8,image_block_02,fgx,gfx,0.0,1,
3,test,crop_bottom_side,crop_bottom_side,54,image_block_03,fx,gx,0.0,1,
3,test,crop_bottom_side,crop_bottom_side,54,image_block_03,fgx,gfx,0.0,1,
3,test,crop_bottom_side,crop_bottom_side,162,image_block_03,fx,gx,0.0,1,
3,test,crop_bottom_side,crop_bottom_side,162,image_block_03,fgx,gfx,0.0,1,
3,test,crop_bottom_side,crop_bottom_side,135,image_block_03,fx,gx,0.0,1,
3,test,crop_bottom_side,crop_bottom_side,135,image_block_03,fgx,gfx,0.0,1,
3,test,crop_bottom_side,crop_bottom_side,62,image_block_03,fx,gx,0.0,1,
3,test,crop_bottom_side,crop_bottom_side,62,image_block_03,fgx,gfx,0.0,1,
3,test,crop_bottom_side,crop_bottom_side,211,image_block_03,fx,gx,0.0,1,
3,test,crop_bottom_side,crop_bottom_side,211,image_block_03,fgx,gfx,0.0,1,
3,test,crop_bottom_side,crop_bottom_side,323,image_block_03,fx,gx,0.0,1,
3,test,crop_bottom_side,crop_bottom_side,323,image_block_03,fgx,gfx,0.0,1,
3,test,crop_bottom_side,crop_bottom_side,53,image_block_03,fx,gx,0.0,1,
3,test,crop_bottom_side,crop_bottom_side,53,image_block_03,fgx,gfx,0.0,1,
3,test,crop_bottom_side,crop_bottom_side,258,image_block_03,fx,gx,0.0,1,
3,test,crop_bottom_side,crop_bottom_side,258,image_block_03,fgx,gfx,0.0,1,
3,test,crop_bottom_side,crop_bottom_side,96,image_block_03,fx,gx,0.0,1,
3,test,crop_bottom_side,crop_bottom_side,96,image_block_03,fgx,gfx,0.0,1,
3,test,crop_bottom_side,crop_bottom_side,277,image_block_03,fx,gx,0.0,1,
3,test,crop_bottom_side,crop_bottom_side,277,image_block_03,fgx,gfx,0.0,1,
3,test,crop_bottom_side,crop_bottom_side,317,image_block_03,fx,gx,0.0,1,
3,test,crop_bottom_side,crop_bottom_side,317,image_block_03,fgx,gfx,0.0,1,
3,test,crop_bottom_side,crop_bottom_side,225,image_block_03,fx,gx,0.0,1,
3,test,crop_bottom_side,crop_bottom_side,225,image_block_03,fgx,gfx,0.0,1,
3,test,crop_bottom_side,crop_bottom_side,293,image_block_03,fx,gx,0.0,1,
3,test,crop_bottom_side,crop_bottom_side,293,image_block_03,fgx,gfx,0.0,1,
3,test,crop_bottom_side,crop_bottom_side,298,image_block_03,fx,gx,0.0,1,
3,test,crop_bottom_side,crop_bottom_side,298,image_block_03,fgx,gfx,0.0,1,
3,test,crop_bottom_side,crop_bottom_side,30,image_block_03,fx,gx,0.0,1,
3,test,crop_bottom_side,crop_bottom_side,30,image_block_03,fgx,gfx,0.0,1,
3,test,crop_bottom_side,crop_bottom_side,8,image_block_03,fx,gx,0.0,1,
3,test,crop_bottom_side,crop_bottom_side,8,image_block_03,fgx,gfx,0.0,1,
3,test,crop_bottom_side,crop_bottom_side,54,image_block_04,fx,gx,0.0,1,
3,test,crop_bottom_side,crop_bottom_side,54,image_block_04,fgx,gfx,0.0,1,
3,test,crop_bottom_side,crop_bottom_side,162,image_block_04,fx,gx,0.0,1,
3,test,crop_bottom_side,crop_bottom_side,162,image_block_04,fgx,gfx,0.0,1,
3,test,crop_bottom_side,crop_bottom_side,135,image_block_04,fx,gx,0.0,1,
3,test,crop_bottom_side,crop_bottom_side,135,image_block_04,fgx,gfx,0.0,1,
3,test,crop_bottom_side,crop_bottom_side,62,image_block_04,fx,gx,0.0,1,
3,test,crop_bottom_side,crop_bottom_side,62,image_block_04,fgx,gfx,0.0,1,
3,test,crop_bottom_side,crop_bottom_side,211,image_block_04,fx,gx,0.0,1,
3,test,crop_bottom_side,crop_bottom_side,211,image_block_04,fgx,gfx,0.0,1,
3,test,crop_bottom_side,crop_bottom_side,323,image_block_04,fx,gx,0.0,1,
3,test,crop_bottom_side,crop_bottom_side,323,image_block_04,fgx,gfx,0.0,1,
3,test,crop_bottom_side,crop_bottom_side,53,image_block_04,fx,gx,0.0,1,
3,test,crop_bottom_side,crop_bottom_side,53,image_block_04,fgx,gfx,0.0,1,
3,test,crop_bottom_side,crop_bottom_side,258,image_block_04,fx,gx,0.0,1,
3,test,crop_bottom_side,crop_bottom_side,258,image_block_04,fgx,gfx,0.0,1,
3,test,crop_bottom_side,crop_bottom_side,96,image_block_04,fx,gx,0.0,1,
3,test,crop_bottom_side,crop_bottom_side,96,image_block_04,fgx,gfx,0.0,1,
3,test,crop_bottom_side,crop_bottom_side,277,image_block_04,fx,gx,0.0,1,
3,test,crop_bottom_side,crop_bottom_side,277,image_block_04,fgx,gfx,0.0,1,
3,test,crop_bottom_side,crop_bottom_side,317,image_block_04,fx,gx,0.0,1,
3,test,crop_bottom_side,crop_bottom_side,317,image_block_04,fgx,gfx,0.0,1,
3,test,crop_bottom_side,crop_bottom_side,225,image_block_04,fx,gx,0.0,1,
3,test,crop_bottom_side,crop_bottom_side,225,image_block_04,fgx,gfx,0.0,1,
3,test,crop_bottom_side,crop_bottom_side,293,image_block_04,fx,gx,0.0,1,
3,test,crop_bottom_side,crop_bottom_side,293,image_block_04,fgx,gfx,0.0,1,
3,test,crop_bottom_side,crop_bottom_side,298,image_block_04,fx,gx,0.0,1,
3,test,crop_bottom_side,crop_bottom_side,298,image_block_04,fgx,gfx,0.0,1,
3,test,crop_bottom_side,crop_bottom_side,30,image_block_04,fx,gx,0.0,1,
3,test,crop_bottom_side,crop_bottom_side,30,image_block_04,fgx,gfx,0.0,1,
3,test,crop_bottom_side,crop_bottom_side,8,image_block_04,fx,gx,0.0,1,
3,test,crop_bottom_side,crop_bottom_side,8,image_block_04,fgx,gfx,0.0,1,
3,test,crop_bottom_side,crop_bottom_side,54,image_block_05,fx,gx,0.0,1,
3,test,crop_bottom_side,crop_bottom_side,54,image_block_05,fgx,gfx,0.0,1,
3,test,crop_bottom_side,crop_bottom_side,162,image_block_05,fx,gx,0.0,1,
3,test,crop_bottom_side,crop_bottom_side,162,image_block_05,fgx,gfx,0.0,1,
3,test,crop_bottom_side,crop_bottom_side,135,image_block_05,fx,gx,0.0,1,
3,test,crop_bottom_side,crop_bottom_side,135,image_block_05,fgx,gfx,0.0,1,
3,test,crop_bottom_side,crop_bottom_side,62,image_block_05,fx,gx,0.0,1,
3,test,crop_bottom_side,crop_bottom_side,62,image_block_05,fgx,gfx,0.0,1,
3,test,crop_bottom_side,crop_bottom_side,211,image_block_05,fx,gx,0.0,1,
3,test,crop_bottom_side,crop_bottom_side,211,image_block_05,fgx,gfx,0.0,1,
3,test,crop_bottom_side,crop_bottom_side,323,image_block_05,fx,gx,0.0,1,
3,test,crop_bottom_side,crop_bottom_side,323,image_block_05,fgx,gfx,0.0,1,
3,test,crop_bottom_side,crop_bottom_side,53,image_block_05,fx,gx,0.0,1,
3,test,crop_bottom_side,crop_bottom_side,53,image_block_05,fgx,gfx,0.0,1,
3,test,crop_bottom_side,crop_bottom_side,258,image_block_05,fx,gx,0.0,1,
3,test,crop_bottom_side,crop_bottom_side,258,image_block_05,fgx,gfx,0.0,1,
3,test,crop_bottom_side,crop_bottom_side,96,image_block_05,fx,gx,0.0,1,
3,test,crop_bottom_side,crop_bottom_side,96,image_block_05,fgx,gfx,0.0,1,
3,test,crop_bottom_side,crop_bottom_side,277,image_block_05,fx,gx,0.0,1,
3,test,crop_bottom_side,crop_bottom_side,277,image_block_05,fgx,gfx,0.0,1,
3,test,crop_bottom_side,crop_bottom_side,317,image_block_05,fx,gx,0.0,1,
3,test,crop_bottom_side,crop_bottom_side,317,image_block_05,fgx,gfx,0.0,1,
3,test,crop_bottom_side,crop_bottom_side,225,image_block_05,fx,gx,0.0,1,
3,test,crop_bottom_side,crop_bottom_side,225,image_block_05,fgx,gfx,0.0,1,
3,test,crop_bottom_side,crop_bottom_side,293,image_block_05,fx,gx,0.0,1,
3,test,crop_bottom_side,crop_bottom_side,293,image_block_05,fgx,gfx,0.0,1,
3,test,crop_bottom_side,crop_bottom_side,298,image_block_05,fx,gx,0.0,1,
3,test,crop_bottom_side,crop_bottom_side,298,image_block_05,fgx,gfx,0.0,1,
3,test,crop_bottom_side,crop_bottom_side,30,image_block_05,fx,gx,0.0,1,
3,test,crop_bottom_side,crop_bottom_side,30,image_block_05,fgx,gfx,0.0,1,
3,test,crop_bottom_side,crop_bottom_side,8,image_block_05,fx,gx,0.0,1,
3,test,crop_bottom_side,crop_bottom_side,8,image_block_05,fgx,gfx,0.0,1,
3,test,crop_bottom_side,crop_bottom_side,54,image_block_06,fx,gx,0.0,1,
3,test,crop_bottom_side,crop_bottom_side,54,image_block_06,fgx,gfx,0.0,1,
3,test,crop_bottom_side,crop_bottom_side,162,image_block_06,fx,gx,0.0,1,
3,test,crop_bottom_side,crop_bottom_side,162,image_block_06,fgx,gfx,0.0,1,
3,test,crop_bottom_side,crop_bottom_side,135,image_block_06,fx,gx,0.0,1,
3,test,crop_bottom_side,crop_bottom_side,135,image_block_06,fgx,gfx,0.0,1,
3,test,crop_bottom_side,crop_bottom_side,62,image_block_06,fx,gx,0.0,1,
3,test,crop_bottom_side,crop_bottom_side,62,image_block_06,fgx,gfx,0.0,1,
3,test,crop_bottom_side,crop_bottom_side,211,image_block_06,fx,gx,0.0,1,
3,test,crop_bottom_side,crop_bottom_side,211,image_block_06,fgx,gfx,0.0,1,
3,test,crop_bottom_side,crop_bottom_side,323,image_block_06,fx,gx,0.0,1,
3,test,crop_bottom_side,crop_bottom_side,323,image_block_06,fgx,gfx,0.0,1,
3,test,crop_bottom_side,crop_bottom_side,53,image_block_06,fx,gx,0.0,1,
3,test,crop_bottom_side,crop_bottom_side,53,image_block_06,fgx,gfx,0.0,1,
3,test,crop_bottom_side,crop_bottom_side,258,image_block_06,fx,gx,0.0,1,
3,test,crop_bottom_side,crop_bottom_side,258,image_block_06,fgx,gfx,0.0,1,
3,test,crop_bottom_side,crop_bottom_side,96,image_block_06,fx,gx,0.0,1,
3,test,crop_bottom_side,crop_bottom_side,96,image_block_06,fgx,gfx,0.0,1,
3,test,crop_bottom_side,crop_bottom_side,277,image_block_06,fx,gx,0.0,1,
3,test,crop_bottom_side,crop_bottom_side,277,image_block_06,fgx,gfx,0.0,1,
3,test,crop_bottom_side,crop_bottom_side,317,image_block_06,fx,gx,0.0,1,
3,test,crop_bottom_side,crop_bottom_side,317,image_block_06,fgx,gfx,0.0,1,
3,test,crop_bottom_side,crop_bottom_side,225,image_block_06,fx,gx,0.0,1,
3,test,crop_bottom_side,crop_bottom_side,225,image_block_06,fgx,gfx,0.0,1,
3,test,crop_bottom_side,crop_bottom_side,293,image_block_06,fx,gx,0.0,1,
3,test,crop_bottom_side,crop_bottom_side,293,image_block_06,fgx,gfx,0.0,1,
3,test,crop_bottom_side,crop_bottom_side,298,image_block_06,fx,gx,0.0,1,
3,test,crop_bottom_side,crop_bottom_side,298,image_block_06,fgx,gfx,0.0,1,
3,test,crop_bottom_side,crop_bottom_side,30,image_block_06,fx,gx,0.0,1,
3,test,crop_bottom_side,crop_bottom_side,30,image_block_06,fgx,gfx,0.0,1,
3,test,crop_bottom_side,crop_bottom_side,8,image_block_06,fx,gx,0.0,1,
3,test,crop_bottom_side,crop_bottom_side,8,image_block_06,fgx,gfx,0.0,1,
3,test,crop_bottom_side,crop_bottom_side,54,image_final_norm,fx,gx,0.0,1,
3,test,crop_bottom_side,crop_bottom_side,54,image_final_norm,fgx,gfx,0.0,1,
3,test,crop_bottom_side,crop_bottom_side,162,image_final_norm,fx,gx,0.0,1,
3,test,crop_bottom_side,crop_bottom_side,162,image_final_norm,fgx,gfx,0.0,1,
3,test,crop_bottom_side,crop_bottom_side,135,image_final_norm,fx,gx,0.0,1,
3,test,crop_bottom_side,crop_bottom_side,135,image_final_norm,fgx,gfx,0.0,1,
3,test,crop_bottom_side,crop_bottom_side,62,image_final_norm,fx,gx,0.0,1,
3,test,crop_bottom_side,crop_bottom_side,62,image_final_norm,fgx,gfx,0.0,1,
3,test,crop_bottom_side,crop_bottom_side,211,image_final_norm,fx,gx,0.0,1,
3,test,crop_bottom_side,crop_bottom_side,211,image_final_norm,fgx,gfx,0.0,1,
3,test,crop_bottom_side,crop_bottom_side,323,image_final_norm,fx,gx,0.0,1,
3,test,crop_bottom_side,crop_bottom_side,323,image_final_norm,fgx,gfx,0.0,1,
3,test,crop_bottom_side,crop_bottom_side,53,image_final_norm,fx,gx,0.0,1,
3,test,crop_bottom_side,crop_bottom_side,53,image_final_norm,fgx,gfx,0.0,1,
3,test,crop_bottom_side,crop_bottom_side,258,image_final_norm,fx,gx,0.0,1,
3,test,crop_bottom_side,crop_bottom_side,258,image_final_norm,fgx,gfx,0.0,1,
3,test,crop_bottom_side,crop_bottom_side,96,image_final_norm,fx,gx,0.0,1,
3,test,crop_bottom_side,crop_bottom_side,96,image_final_norm,fgx,gfx,0.0,1,
3,test,crop_bottom_side,crop_bottom_side,277,image_final_norm,fx,gx,0.0,1,
3,test,crop_bottom_side,crop_bottom_side,277,image_final_norm,fgx,gfx,0.0,1,
3,test,crop_bottom_side,crop_bottom_side,317,image_final_norm,fx,gx,0.0,1,
3,test,crop_bottom_side,crop_bottom_side,317,image_final_norm,fgx,gfx,0.0,1,
3,test,crop_bottom_side,crop_bottom_side,225,image_final_norm,fx,gx,0.0,1,
3,test,crop_bottom_side,crop_bottom_side,225,image_final_norm,fgx,gfx,0.0,1,
3,test,crop_bottom_side,crop_bottom_side,293,image_final_norm,fx,gx,0.0,1,
3,test,crop_bottom_side,crop_bottom_side,293,image_final_norm,fgx,gfx,0.0,1,
3,test,crop_bottom_side,crop_bottom_side,298,image_final_norm,fx,gx,0.0,1,
3,test,crop_bottom_side,crop_bottom_side,298,image_final_norm,fgx,gfx,0.0,1,
3,test,crop_bottom_side,crop_bottom_side,30,image_final_norm,fx,gx,0.0,1,
3,test,crop_bottom_side,crop_bottom_side,30,image_final_norm,fgx,gfx,0.0,1,
3,test,crop_bottom_side,crop_bottom_side,8,image_final_norm,fx,gx,0.0,1,
3,test,crop_bottom_side,crop_bottom_side,8,image_final_norm,fgx,gfx,0.0,1,
3,test,crop_bottom_side,pad_top,101,image_input_tokens,fgx,gfx,0.00789680679395488,0,1
3,test,crop_bottom_side,pad_top,26,image_input_tokens,fgx,gfx,0.00860743408469719,0,1
3,test,crop_bottom_side,pad_top,101,image_block_01,fgx,gfx,0.059366775156712216,0,0
3,test,crop_bottom_side,pad_top,26,image_block_01,fgx,gfx,0.06176112400806879,0,0
3,test,crop_bottom_side,pad_top,101,image_block_02,fgx,gfx,0.11050918168383313,0,0
3,test,crop_bottom_side,pad_top,26,image_block_02,fgx,gfx,0.09919293435665263,0,0
3,test,crop_bottom_side,pad_top,101,image_block_03,fgx,gfx,0.17298519987073357,0,0
3,test,crop_bottom_side,pad_top,26,image_block_03,fgx,gfx,0.18994879994145591,0,0
3,test,crop_bottom_side,pad_top,101,image_block_04,fgx,gfx,0.2592891683675609,0,0
3,test,crop_bottom_side,pad_top,26,image_block_04,fgx,gfx,0.2224264195849589,0,0
3,test,crop_bottom_side,pad_top,101,image_block_05,fgx,gfx,0.27193311347596916,0,0
3,test,crop_bottom_side,pad_top,26,image_block_05,fgx,gfx,0.2569164515525462,0,0
3,test,crop_bottom_side,pad_top,101,image_block_06,fgx,gfx,0.3589330868924587,0,0
3,test,crop_bottom_side,pad_top,26,image_block_06,fgx,gfx,0.4286887541758993,0,0
3,test,crop_bottom_side,pad_top,101,image_final_norm,fgx,gfx,0.35851338560760865,0,0
3,test,crop_bottom_side,pad_top,26,image_final_norm,fgx,gfx,0.4009374124668266,0,0
3,test,crop_bottom_side,pad_top,302,image_input_tokens,fgx,gfx,0.010406389177135064,0,1
3,test,crop_bottom_side,pad_top,165,image_input_tokens,fgx,gfx,0.00954934450638482,0,1
3,test,crop_bottom_side,pad_top,203,image_input_tokens,fgx,gfx,0.009585313811529288,0,1
3,test,crop_bottom_side,pad_top,332,image_input_tokens,fgx,gfx,0.010337177637506004,0,1
3,test,crop_bottom_side,pad_top,82,image_input_tokens,fgx,gfx,0.01098386897648352,0,1
3,test,crop_bottom_side,pad_top,302,image_block_01,fgx,gfx,0.05016723124637315,0,0
3,test,crop_bottom_side,pad_top,165,image_block_01,fgx,gfx,0.07548027469467922,0,0
3,test,crop_bottom_side,pad_top,203,image_block_01,fgx,gfx,0.04678865055787084,0,1
3,test,crop_bottom_side,pad_top,332,image_block_01,fgx,gfx,0.048405303111287025,0,1
3,test,crop_bottom_side,pad_top,82,image_block_01,fgx,gfx,0.06941642823214635,0,0
3,test,crop_bottom_side,pad_top,302,image_block_02,fgx,gfx,0.0808957445295353,0,0
3,test,crop_bottom_side,pad_top,165,image_block_02,fgx,gfx,0.10641985852750441,0,0
3,test,crop_bottom_side,pad_top,203,image_block_02,fgx,gfx,0.08370366956685261,0,0
3,test,crop_bottom_side,pad_top,332,image_block_02,fgx,gfx,0.08682762650593104,0,0
3,test,crop_bottom_side,pad_top,82,image_block_02,fgx,gfx,0.10394940113326308,0,0
3,test,crop_bottom_side,pad_top,302,image_block_03,fgx,gfx,0.13711764933976223,0,0
3,test,crop_bottom_side,pad_top,165,image_block_03,fgx,gfx,0.15282018558879584,0,0
3,test,crop_bottom_side,pad_top,203,image_block_03,fgx,gfx,0.1294625796313991,0,0
3,test,crop_bottom_side,pad_top,332,image_block_03,fgx,gfx,0.17108828617077523,0,0
3,test,crop_bottom_side,pad_top,82,image_block_03,fgx,gfx,0.1647967294337972,0,0
3,test,crop_bottom_side,pad_top,302,image_block_04,fgx,gfx,0.1331718447888548,0,0
3,test,crop_bottom_side,pad_top,165,image_block_04,fgx,gfx,0.14825517779355643,0,0
3,test,crop_bottom_side,pad_top,203,image_block_04,fgx,gfx,0.15829876369373738,0,0
3,test,crop_bottom_side,pad_top,332,image_block_04,fgx,gfx,0.20543714920689826,0,0
3,test,crop_bottom_side,pad_top,82,image_block_04,fgx,gfx,0.19751773871376077,0,0
3,test,crop_bottom_side,pad_top,302,image_block_05,fgx,gfx,0.13574969446666493,0,0
3,test,crop_bottom_side,pad_top,165,image_block_05,fgx,gfx,0.1754239229907352,0,0
3,test,crop_bottom_side,pad_top,203,image_block_05,fgx,gfx,0.1897104414943182,0,0
3,test,crop_bottom_side,pad_top,332,image_block_05,fgx,gfx,0.2168582486390217,0,0
3,test,crop_bottom_side,pad_top,82,image_block_05,fgx,gfx,0.21755084579756825,0,0
3,test,crop_bottom_side,pad_top,302,image_block_06,fgx,gfx,0.22631343841075166,0,0
3,test,crop_bottom_side,pad_top,165,image_block_06,fgx,gfx,0.23501391679340916,0,0
3,test,crop_bottom_side,pad_top,203,image_block_06,fgx,gfx,0.25876664866598376,0,0
3,test,crop_bottom_side,pad_top,332,image_block_06,fgx,gfx,0.2805270715227688,0,0
3,test,crop_bottom_side,pad_top,82,image_block_06,fgx,gfx,0.37636083912304225,0,0
3,test,crop_bottom_side,pad_top,302,image_final_norm,fgx,gfx,0.21996510028027438,0,0
3,test,crop_bottom_side,pad_top,165,image_final_norm,fgx,gfx,0.21320687220704898,0,0
3,test,crop_bottom_side,pad_top,203,image_final_norm,fgx,gfx,0.23558643702349724,0,0
3,test,crop_bottom_side,pad_top,332,image_final_norm,fgx,gfx,0.2530815898429916,0,0
3,test,crop_bottom_side,pad_top,82,image_final_norm,fgx,gfx,0.35154838261355165,0,0
3,test,crop_bottom_side,pad_top,115,image_input_tokens,fgx,gfx,0.01441660250562759,0,1
3,test,crop_bottom_side,pad_top,164,image_input_tokens,fgx,gfx,0.014545305232187986,0,1
3,test,crop_bottom_side,pad_top,145,image_input_tokens,fgx,gfx,0.010810250797704212,0,1
3,test,crop_bottom_side,pad_top,33,image_input_tokens,fgx,gfx,0.00939109130695044,0,1
3,test,crop_bottom_side,pad_top,127,image_input_tokens,fgx,gfx,0.008204010636631589,0,1
3,test,crop_bottom_side,pad_top,152,image_input_tokens,fgx,gfx,0.008885913461382707,0,1
3,test,crop_bottom_side,pad_top,27,image_input_tokens,fgx,gfx,0.012534876570471786,0,1
3,test,crop_bottom_side,pad_top,115,image_block_01,fgx,gfx,0.05421421775400476,0,0
3,test,crop_bottom_side,pad_top,164,image_block_01,fgx,gfx,0.05100577985346592,0,0
3,test,crop_bottom_side,pad_top,145,image_block_01,fgx,gfx,0.0646907738329955,0,0
3,test,crop_bottom_side,pad_top,33,image_block_01,fgx,gfx,0.057403327034332326,0,0
3,test,crop_bottom_side,pad_top,127,image_block_01,fgx,gfx,0.08105431347622763,0,0
3,test,crop_bottom_side,pad_top,152,image_block_01,fgx,gfx,0.09133039028540149,0,0
3,test,crop_bottom_side,pad_top,27,image_block_01,fgx,gfx,0.056402347576997004,0,0
3,test,crop_bottom_side,pad_top,115,image_block_02,fgx,gfx,0.08807154844193893,0,0
3,test,crop_bottom_side,pad_top,164,image_block_02,fgx,gfx,0.10156686012416954,0,0
3,test,crop_bottom_side,pad_top,145,image_block_02,fgx,gfx,0.10446131276137813,0,0
3,test,crop_bottom_side,pad_top,33,image_block_02,fgx,gfx,0.11877209748972052,0,0
3,test,crop_bottom_side,pad_top,127,image_block_02,fgx,gfx,0.12015144349455191,0,0
3,test,crop_bottom_side,pad_top,152,image_block_02,fgx,gfx,0.11040729791457474,0,0
3,test,crop_bottom_side,pad_top,27,image_block_02,fgx,gfx,0.08803505379028669,0,0
3,test,crop_bottom_side,pad_top,115,image_block_03,fgx,gfx,0.12682242609267702,0,0
3,test,crop_bottom_side,pad_top,164,image_block_03,fgx,gfx,0.15485517699600926,0,0
3,test,crop_bottom_side,pad_top,145,image_block_03,fgx,gfx,0.1416737388262954,0,0
3,test,crop_bottom_side,pad_top,33,image_block_03,fgx,gfx,0.1274209666888439,0,0
3,test,crop_bottom_side,pad_top,127,image_block_03,fgx,gfx,0.15834398652182374,0,0
3,test,crop_bottom_side,pad_top,152,image_block_03,fgx,gfx,0.1306026777587518,0,0
3,test,crop_bottom_side,pad_top,27,image_block_03,fgx,gfx,0.13192713073804382,0,0
3,test,crop_bottom_side,pad_top,115,image_block_04,fgx,gfx,0.12436851193182127,0,0
3,test,crop_bottom_side,pad_top,164,image_block_04,fgx,gfx,0.188682150017042,0,0
3,test,crop_bottom_side,pad_top,145,image_block_04,fgx,gfx,0.1907707736107391,0,0
3,test,crop_bottom_side,pad_top,33,image_block_04,fgx,gfx,0.14117456037668497,0,0
3,test,crop_bottom_side,pad_top,127,image_block_04,fgx,gfx,0.17844558635934896,0,0
3,test,crop_bottom_side,pad_top,152,image_block_04,fgx,gfx,0.13527614722574657,0,0
3,test,crop_bottom_side,pad_top,27,image_block_04,fgx,gfx,0.14245985041614434,0,0
3,test,crop_bottom_side,pad_top,115,image_block_05,fgx,gfx,0.17605910548944154,0,0
3,test,crop_bottom_side,pad_top,164,image_block_05,fgx,gfx,0.23034256891774713,0,0
3,test,crop_bottom_side,pad_top,145,image_block_05,fgx,gfx,0.23237025303290496,0,0
3,test,crop_bottom_side,pad_top,33,image_block_05,fgx,gfx,0.18439418309805858,0,0
3,test,crop_bottom_side,pad_top,127,image_block_05,fgx,gfx,0.17363318963635713,0,0
3,test,crop_bottom_side,pad_top,152,image_block_05,fgx,gfx,0.15953157072526392,0,0
3,test,crop_bottom_side,pad_top,27,image_block_05,fgx,gfx,0.20438504247290504,0,0
3,test,crop_bottom_side,pad_top,115,image_block_06,fgx,gfx,0.20433220765406054,0,0
3,test,crop_bottom_side,pad_top,164,image_block_06,fgx,gfx,0.31791484367663736,0,0
3,test,crop_bottom_side,pad_top,145,image_block_06,fgx,gfx,0.3566950707444832,0,0
3,test,crop_bottom_side,pad_top,33,image_block_06,fgx,gfx,0.2827785954375475,0,0
3,test,crop_bottom_side,pad_top,127,image_block_06,fgx,gfx,0.3872260795485285,0,0
3,test,crop_bottom_side,pad_top,152,image_block_06,fgx,gfx,0.30554041563902024,0,0
3,test,crop_bottom_side,pad_top,27,image_block_06,fgx,gfx,0.3164322564060581,0,0
3,test,crop_bottom_side,pad_top,115,image_final_norm,fgx,gfx,0.19559143676573176,0,0
3,test,crop_bottom_side,pad_top,164,image_final_norm,fgx,gfx,0.3037112994307939,0,0
3,test,crop_bottom_side,pad_top,145,image_final_norm,fgx,gfx,0.33374260468212813,0,0
3,test,crop_bottom_side,pad_top,33,image_final_norm,fgx,gfx,0.26640410961755545,0,0
3,test,crop_bottom_side,pad_top,127,image_final_norm,fgx,gfx,0.3852370909268356,0,0
3,test,crop_bottom_side,pad_top,152,image_final_norm,fgx,gfx,0.3131425803799273,0,0
3,test,crop_bottom_side,pad_top,27,image_final_norm,fgx,gfx,0.3093054120306215,0,0
3,test,crop_bottom_side,pad_top,316,image_input_tokens,fgx,gfx,0.00950995833238266,0,1
3,test,crop_bottom_side,pad_top,239,image_input_tokens,fgx,gfx,0.009653782274281295,0,1
3,test,crop_bottom_side,pad_top,306,image_input_tokens,fgx,gfx,0.009284257940069865,0,1
3,test,crop_bottom_side,pad_top,181,image_input_tokens,fgx,gfx,0.008359257719206578,0,1
3,test,crop_bottom_side,pad_top,149,image_input_tokens,fgx,gfx,0.011577842537178354,0,1
3,test,crop_bottom_side,pad_top,238,image_input_tokens,fgx,gfx,0.009451905536846963,0,1
3,test,crop_bottom_side,pad_top,316,image_block_01,fgx,gfx,0.06854434898045807,0,0
3,test,crop_bottom_side,pad_top,239,image_block_01,fgx,gfx,0.0624069704015841,0,0
3,test,crop_bottom_side,pad_top,306,image_block_01,fgx,gfx,0.04972174121922053,0,1
3,test,crop_bottom_side,pad_top,181,image_block_01,fgx,gfx,0.06809500692310846,0,0
3,test,crop_bottom_side,pad_top,149,image_block_01,fgx,gfx,0.04873015664446336,0,1
3,test,crop_bottom_side,pad_top,238,image_block_01,fgx,gfx,0.05267378854619371,0,0
3,test,crop_bottom_side,pad_top,316,image_block_02,fgx,gfx,0.1198274886435072,0,0
3,test,crop_bottom_side,pad_top,239,image_block_02,fgx,gfx,0.10396387640234714,0,0
3,test,crop_bottom_side,pad_top,306,image_block_02,fgx,gfx,0.09824101985354018,0,0
3,test,crop_bottom_side,pad_top,181,image_block_02,fgx,gfx,0.0958898715097927,0,0
3,test,crop_bottom_side,pad_top,149,image_block_02,fgx,gfx,0.0855950960059364,0,0
3,test,crop_bottom_side,pad_top,238,image_block_02,fgx,gfx,0.08341460398372484,0,0
3,test,crop_bottom_side,pad_top,316,image_block_03,fgx,gfx,0.12664007419001286,0,0
3,test,crop_bottom_side,pad_top,239,image_block_03,fgx,gfx,0.14607768988148484,0,0
3,test,crop_bottom_side,pad_top,306,image_block_03,fgx,gfx,0.13242767540666917,0,0
3,test,crop_bottom_side,pad_top,181,image_block_03,fgx,gfx,0.15647652946274307,0,0
3,test,crop_bottom_side,pad_top,149,image_block_03,fgx,gfx,0.1294911393894227,0,0
3,test,crop_bottom_side,pad_top,238,image_block_03,fgx,gfx,0.12813278167072162,0,0
3,test,crop_bottom_side,pad_top,316,image_block_04,fgx,gfx,0.16999972252285822,0,0
3,test,crop_bottom_side,pad_top,239,image_block_04,fgx,gfx,0.1580894768862508,0,0
3,test,crop_bottom_side,pad_top,306,image_block_04,fgx,gfx,0.1996986093520395,0,0
3,test,crop_bottom_side,pad_top,181,image_block_04,fgx,gfx,0.16960419726683665,0,0
3,test,crop_bottom_side,pad_top,149,image_block_04,fgx,gfx,0.13469465767797217,0,0
3,test,crop_bottom_side,pad_top,238,image_block_04,fgx,gfx,0.14225180293509831,0,0
3,test,crop_bottom_side,pad_top,316,image_block_05,fgx,gfx,0.18732060992987823,0,0
3,test,crop_bottom_side,pad_top,239,image_block_05,fgx,gfx,0.18042374077786064,0,0
3,test,crop_bottom_side,pad_top,306,image_block_05,fgx,gfx,0.2064644241056008,0,0
3,test,crop_bottom_side,pad_top,181,image_block_05,fgx,gfx,0.22311752494760512,0,0
3,test,crop_bottom_side,pad_top,149,image_block_05,fgx,gfx,0.1650595611805065,0,0
3,test,crop_bottom_side,pad_top,238,image_block_05,fgx,gfx,0.22305279472208336,0,0
3,test,crop_bottom_side,pad_top,316,image_block_06,fgx,gfx,0.2568048628734929,0,0
3,test,crop_bottom_side,pad_top,239,image_block_06,fgx,gfx,0.25639971312000887,0,0
3,test,crop_bottom_side,pad_top,306,image_block_06,fgx,gfx,0.2828310237571825,0,0
3,test,crop_bottom_side,pad_top,181,image_block_06,fgx,gfx,0.2752465699124733,0,0
3,test,crop_bottom_side,pad_top,149,image_block_06,fgx,gfx,0.22931035538483205,0,0
3,test,crop_bottom_side,pad_top,238,image_block_06,fgx,gfx,0.3296720061539774,0,0
3,test,crop_bottom_side,pad_top,316,image_final_norm,fgx,gfx,0.26001397364470796,0,0
3,test,crop_bottom_side,pad_top,239,image_final_norm,fgx,gfx,0.2553713562397095,0,0
3,test,crop_bottom_side,pad_top,306,image_final_norm,fgx,gfx,0.2566133636471736,0,0
3,test,crop_bottom_side,pad_top,181,image_final_norm,fgx,gfx,0.28058816122384,0,0
3,test,crop_bottom_side,pad_top,149,image_final_norm,fgx,gfx,0.22664475978872756,0,0
3,test,crop_bottom_side,pad_top,238,image_final_norm,fgx,gfx,0.2940598132244616,0,0
3,test,crop_bottom_side,pad_top,264,image_input_tokens,fgx,gfx,0.010926439608023373,0,1
3,test,crop_bottom_side,pad_top,284,image_input_tokens,fgx,gfx,0.009325667987190804,0,1
3,test,crop_bottom_side,pad_top,273,image_input_tokens,fgx,gfx,0.014701495720198157,0,1
3,test,crop_bottom_side,pad_top,264,image_block_01,fgx,gfx,0.05035967546335562,0,0
3,test,crop_bottom_side,pad_top,284,image_block_01,fgx,gfx,0.0671048891360608,0,0
3,test,crop_bottom_side,pad_top,273,image_block_01,fgx,gfx,0.053573380791214244,0,0
3,test,crop_bottom_side,pad_top,264,image_block_02,fgx,gfx,0.0796121750835437,0,0
3,test,crop_bottom_side,pad_top,284,image_block_02,fgx,gfx,0.10153128832617055,0,0
3,test,crop_bottom_side,pad_top,273,image_block_02,fgx,gfx,0.10370534325912754,0,0
3,test,crop_bottom_side,pad_top,264,image_block_03,fgx,gfx,0.11844765417946267,0,0
3,test,crop_bottom_side,pad_top,284,image_block_03,fgx,gfx,0.15391782812872595,0,0
3,test,crop_bottom_side,pad_top,273,image_block_03,fgx,gfx,0.18025325468724165,0,0
3,test,crop_bottom_side,pad_top,264,image_block_04,fgx,gfx,0.1525221718347447,0,0
3,test,crop_bottom_side,pad_top,284,image_block_04,fgx,gfx,0.18273273400215825,0,0
3,test,crop_bottom_side,pad_top,273,image_block_04,fgx,gfx,0.16752067993549244,0,0
3,test,crop_bottom_side,pad_top,264,image_block_05,fgx,gfx,0.17132843132152206,0,0
3,test,crop_bottom_side,pad_top,284,image_block_05,fgx,gfx,0.20577017715224563,0,0
3,test,crop_bottom_side,pad_top,273,image_block_05,fgx,gfx,0.21648814450227352,0,0
3,test,crop_bottom_side,pad_top,264,image_block_06,fgx,gfx,0.2970747537412961,0,0
3,test,crop_bottom_side,pad_top,284,image_block_06,fgx,gfx,0.3198968710213657,0,0
3,test,crop_bottom_side,pad_top,273,image_block_06,fgx,gfx,0.2730925107034231,0,0
3,test,crop_bottom_side,pad_top,264,image_final_norm,fgx,gfx,0.2772380850000034,0,0
3,test,crop_bottom_side,pad_top,284,image_final_norm,fgx,gfx,0.3246350422302963,0,0
3,test,crop_bottom_side,pad_top,273,image_final_norm,fgx,gfx,0.27125935597866035,0,0
3,test,crop_bottom_side,pad_top,118,image_input_tokens,fgx,gfx,0.008909293382831637,0,1
3,test,crop_bottom_side,pad_top,235,image_input_tokens,fgx,gfx,0.014017195153893873,0,1
3,test,crop_bottom_side,pad_top,143,image_input_tokens,fgx,gfx,0.009106490665434754,0,1
3,test,crop_bottom_side,pad_top,58,image_input_tokens,fgx,gfx,0.008613972941712449,0,1
3,test,crop_bottom_side,pad_top,89,image_input_tokens,fgx,gfx,0.013156191290812167,0,1
3,test,crop_bottom_side,pad_top,171,image_input_tokens,fgx,gfx,0.007900703946132993,0,1
3,test,crop_bottom_side,pad_top,118,image_block_01,fgx,gfx,0.058906920773027054,0,0
3,test,crop_bottom_side,pad_top,235,image_block_01,fgx,gfx,0.04406131194969955,0,1
3,test,crop_bottom_side,pad_top,143,image_block_01,fgx,gfx,0.04804414197400965,0,1
3,test,crop_bottom_side,pad_top,58,image_block_01,fgx,gfx,0.05983738529512874,0,0
3,test,crop_bottom_side,pad_top,89,image_block_01,fgx,gfx,0.052946338362168284,0,0
3,test,crop_bottom_side,pad_top,171,image_block_01,fgx,gfx,0.06408586032302335,0,0
3,test,crop_bottom_side,pad_top,118,image_block_02,fgx,gfx,0.10349036688670947,0,0
3,test,crop_bottom_side,pad_top,235,image_block_02,fgx,gfx,0.0863876609379862,0,0
3,test,crop_bottom_side,pad_top,143,image_block_02,fgx,gfx,0.09415545037629335,0,0
3,test,crop_bottom_side,pad_top,58,image_block_02,fgx,gfx,0.12902161652517466,0,0
3,test,crop_bottom_side,pad_top,89,image_block_02,fgx,gfx,0.09959378646946171,0,0
3,test,crop_bottom_side,pad_top,171,image_block_02,fgx,gfx,0.10841799485376284,0,0
3,test,crop_bottom_side,pad_top,118,image_block_03,fgx,gfx,0.16283398788696427,0,0
3,test,crop_bottom_side,pad_top,235,image_block_03,fgx,gfx,0.13990170717449812,0,0
3,test,crop_bottom_side,pad_top,143,image_block_03,fgx,gfx,0.1421033050513981,0,0
3,test,crop_bottom_side,pad_top,58,image_block_03,fgx,gfx,0.1477331962617275,0,0
3,test,crop_bottom_side,pad_top,89,image_block_03,fgx,gfx,0.1499479260132276,0,0
3,test,crop_bottom_side,pad_top,171,image_block_03,fgx,gfx,0.12246121374049757,0,0
3,test,crop_bottom_side,pad_top,118,image_block_04,fgx,gfx,0.18004009496719336,0,0
3,test,crop_bottom_side,pad_top,235,image_block_04,fgx,gfx,0.185101577729398,0,0
3,test,crop_bottom_side,pad_top,143,image_block_04,fgx,gfx,0.15976582812456663,0,0
3,test,crop_bottom_side,pad_top,58,image_block_04,fgx,gfx,0.18745651520893972,0,0
3,test,crop_bottom_side,pad_top,89,image_block_04,fgx,gfx,0.15846751981516338,0,0
3,test,crop_bottom_side,pad_top,171,image_block_04,fgx,gfx,0.152849931067979,0,0
3,test,crop_bottom_side,pad_top,118,image_block_05,fgx,gfx,0.2366441941047014,0,0
3,test,crop_bottom_side,pad_top,235,image_block_05,fgx,gfx,0.22334718041693893,0,0
3,test,crop_bottom_side,pad_top,143,image_block_05,fgx,gfx,0.1992425976669827,0,0
3,test,crop_bottom_side,pad_top,58,image_block_05,fgx,gfx,0.21384167484388916,0,0
3,test,crop_bottom_side,pad_top,89,image_block_05,fgx,gfx,0.1865801520335288,0,0
3,test,crop_bottom_side,pad_top,171,image_block_05,fgx,gfx,0.20480237071077487,0,0
3,test,crop_bottom_side,pad_top,118,image_block_06,fgx,gfx,0.30185250347998227,0,0
3,test,crop_bottom_side,pad_top,235,image_block_06,fgx,gfx,0.31161709848554325,0,0
3,test,crop_bottom_side,pad_top,143,image_block_06,fgx,gfx,0.30011042615267686,0,0
3,test,crop_bottom_side,pad_top,58,image_block_06,fgx,gfx,0.28146593679240156,0,0
3,test,crop_bottom_side,pad_top,89,image_block_06,fgx,gfx,0.2514337482233371,0,0
3,test,crop_bottom_side,pad_top,171,image_block_06,fgx,gfx,0.28828510768661564,0,0
3,test,crop_bottom_side,pad_top,118,image_final_norm,fgx,gfx,0.27129029574911034,0,0
3,test,crop_bottom_side,pad_top,235,image_final_norm,fgx,gfx,0.2969004351797406,0,0
3,test,crop_bottom_side,pad_top,143,image_final_norm,fgx,gfx,0.29439647820209736,0,0
3,test,crop_bottom_side,pad_top,58,image_final_norm,fgx,gfx,0.2738463217489394,0,0
3,test,crop_bottom_side,pad_top,89,image_final_norm,fgx,gfx,0.23051386869028562,0,0
3,test,crop_bottom_side,pad_top,171,image_final_norm,fgx,gfx,0.28496738491234536,0,0
3,test,crop_bottom_side,pad_top,225,image_input_tokens,fgx,gfx,0.010057880671037588,0,1
3,test,crop_bottom_side,pad_top,225,image_block_01,fgx,gfx,0.06362026130869818,0,0
3,test,crop_bottom_side,pad_top,225,image_block_02,fgx,gfx,0.11377706287118536,0,0
3,test,crop_bottom_side,pad_top,225,image_block_03,fgx,gfx,0.1459771268375204,0,0
3,test,crop_bottom_side,pad_top,225,image_block_04,fgx,gfx,0.17401328529118024,0,0
3,test,crop_bottom_side,pad_top,225,image_block_05,fgx,gfx,0.20082567033751791,0,0
3,test,crop_bottom_side,pad_top,225,image_block_06,fgx,gfx,0.31810995114676244,0,0
3,test,crop_bottom_side,pad_top,225,image_final_norm,fgx,gfx,0.3059950057878248,0,0
3,test,crop_bottom_side,pad_top,8,image_input_tokens,fgx,gfx,0.009530435718870823,0,1
3,test,crop_bottom_side,pad_top,7,image_input_tokens,fgx,gfx,0.011971581752875217,0,1
3,test,crop_bottom_side,pad_top,88,image_input_tokens,fgx,gfx,0.009019372576124287,0,1
3,test,crop_bottom_side,pad_top,8,image_block_01,fgx,gfx,0.05602489441449429,0,0
3,test,crop_bottom_side,pad_top,7,image_block_01,fgx,gfx,0.05628676243958489,0,0
3,test,crop_bottom_side,pad_top,88,image_block_01,fgx,gfx,0.05875325172944602,0,0
3,test,crop_bottom_side,pad_top,8,image_block_02,fgx,gfx,0.10411808001634769,0,0
3,test,crop_bottom_side,pad_top,7,image_block_02,fgx,gfx,0.09920356537913125,0,0
3,test,crop_bottom_side,pad_top,88,image_block_02,fgx,gfx,0.09757464945369643,0,0
3,test,crop_bottom_side,pad_top,8,image_block_03,fgx,gfx,0.15848348189388645,0,0
3,test,crop_bottom_side,pad_top,7,image_block_03,fgx,gfx,0.1364447720478979,0,0
3,test,crop_bottom_side,pad_top,88,image_block_03,fgx,gfx,0.13678788273988582,0,0
3,test,crop_bottom_side,pad_top,8,image_block_04,fgx,gfx,0.16393086350589997,0,0
3,test,crop_bottom_side,pad_top,7,image_block_04,fgx,gfx,0.15339876639976835,0,0
3,test,crop_bottom_side,pad_top,88,image_block_04,fgx,gfx,0.17650390928395682,0,0
3,test,crop_bottom_side,pad_top,8,image_block_05,fgx,gfx,0.2188054454858301,0,0
3,test,crop_bottom_side,pad_top,7,image_block_05,fgx,gfx,0.17977627543185132,0,0
3,test,crop_bottom_side,pad_top,88,image_block_05,fgx,gfx,0.1789340810972471,0,0
3,test,crop_bottom_side,pad_top,8,image_block_06,fgx,gfx,0.297610227125919,0,0
3,test,crop_bottom_side,pad_top,7,image_block_06,fgx,gfx,0.2588930902710112,0,0
3,test,crop_bottom_side,pad_top,88,image_block_06,fgx,gfx,0.24096001264534195,0,0
3,test,crop_bottom_side,pad_top,8,image_final_norm,fgx,gfx,0.28814365612874526,0,0
3,test,crop_bottom_side,pad_top,7,image_final_norm,fgx,gfx,0.24130442747844544,0,0
3,test,crop_bottom_side,pad_top,88,image_final_norm,fgx,gfx,0.22948224122649333,0,0
3,test,crop_bottom_side,rot90,173,image_input_tokens,fx,fgx,0.011844487064925172,0,1
3,test,crop_bottom_side,rot90,173,image_block_01,fx,fgx,0.10008360871764527,0,0
3,test,crop_bottom_side,rot90,173,image_block_02,fx,fgx,0.12737785568097595,0,0
3,test,crop_bottom_side,rot90,173,image_block_03,fx,fgx,0.16500373243973704,0,0
3,test,crop_bottom_side,rot90,173,image_block_04,fx,fgx,0.1563884639450378,0,0
3,test,crop_bottom_side,rot90,173,image_block_05,fx,fgx,0.1737768140479218,0,0
3,test,crop_bottom_side,rot90,173,image_block_06,fx,fgx,0.2227684834850375,0,0
3,test,crop_bottom_side,rot90,173,image_final_norm,fx,fgx,0.19857161517585573,0,0
3,test,pad_top,crop_bottom_side,101,image_input_tokens,fgx,gfx,0.00789680679395488,0,1
3,test,pad_top,crop_bottom_side,26,image_input_tokens,fgx,gfx,0.00860743408469719,0,1
3,test,pad_top,crop_bottom_side,101,image_block_01,fgx,gfx,0.059366775156712216,0,0
3,test,pad_top,crop_bottom_side,26,image_block_01,fgx,gfx,0.06176112400806879,0,0
3,test,pad_top,crop_bottom_side,101,image_block_02,fgx,gfx,0.11050918168383313,0,0
3,test,pad_top,crop_bottom_side,26,image_block_02,fgx,gfx,0.09919293435665263,0,0
3,test,pad_top,crop_bottom_side,101,image_block_03,fgx,gfx,0.17298519987073357,0,0
3,test,pad_top,crop_bottom_side,26,image_block_03,fgx,gfx,0.18994879994145591,0,0
3,test,pad_top,crop_bottom_side,101,image_block_04,fgx,gfx,0.2592891683675609,0,0
3,test,pad_top,crop_bottom_side,26,image_block_04,fgx,gfx,0.2224264195849589,0,0
3,test,pad_top,crop_bottom_side,101,image_block_05,fgx,gfx,0.27193311347596916,0,0
3,test,pad_top,crop_bottom_side,26,image_block_05,fgx,gfx,0.2569164515525462,0,0
3,test,pad_top,crop_bottom_side,101,image_block_06,fgx,gfx,0.3589330868924587,0,0
3,test,pad_top,crop_bottom_side,26,image_block_06,fgx,gfx,0.4286887541758993,0,0
3,test,pad_top,crop_bottom_side,101,image_final_norm,fgx,gfx,0.35851338560760865,0,0
3,test,pad_top,crop_bottom_side,26,image_final_norm,fgx,gfx,0.4009374124668266,0,0
3,test,pad_top,crop_bottom_side,302,image_input_tokens,fgx,gfx,0.010406389177135064,0,1
3,test,pad_top,crop_bottom_side,165,image_input_tokens,fgx,gfx,0.00954934450638482,0,1
3,test,pad_top,crop_bottom_side,203,image_input_tokens,fgx,gfx,0.009585313811529288,0,1
3,test,pad_top,crop_bottom_side,332,image_input_tokens,fgx,gfx,0.010337177637506004,0,1
3,test,pad_top,crop_bottom_side,82,image_input_tokens,fgx,gfx,0.01098386897648352,0,1
3,test,pad_top,crop_bottom_side,302,image_block_01,fgx,gfx,0.05016723124637315,0,0
3,test,pad_top,crop_bottom_side,165,image_block_01,fgx,gfx,0.07548027469467922,0,0
3,test,pad_top,crop_bottom_side,203,image_block_01,fgx,gfx,0.04678865055787084,0,1
3,test,pad_top,crop_bottom_side,332,image_block_01,fgx,gfx,0.048405303111287025,0,1
3,test,pad_top,crop_bottom_side,82,image_block_01,fgx,gfx,0.06941642823214635,0,0
3,test,pad_top,crop_bottom_side,302,image_block_02,fgx,gfx,0.0808957445295353,0,0
3,test,pad_top,crop_bottom_side,165,image_block_02,fgx,gfx,0.10641985852750441,0,0
3,test,pad_top,crop_bottom_side,203,image_block_02,fgx,gfx,0.08370366956685261,0,0
3,test,pad_top,crop_bottom_side,332,image_block_02,fgx,gfx,0.08682762650593104,0,0
3,test,pad_top,crop_bottom_side,82,image_block_02,fgx,gfx,0.10394940113326308,0,0
3,test,pad_top,crop_bottom_side,302,image_block_03,fgx,gfx,0.13711764933976223,0,0
3,test,pad_top,crop_bottom_side,165,image_block_03,fgx,gfx,0.15282018558879584,0,0
3,test,pad_top,crop_bottom_side,203,image_block_03,fgx,gfx,0.1294625796313991,0,0
3,test,pad_top,crop_bottom_side,332,image_block_03,fgx,gfx,0.17108828617077523,0,0
3,test,pad_top,crop_bottom_side,82,image_block_03,fgx,gfx,0.1647967294337972,0,0
3,test,pad_top,crop_bottom_side,302,image_block_04,fgx,gfx,0.1331718447888548,0,0
3,test,pad_top,crop_bottom_side,165,image_block_04,fgx,gfx,0.14825517779355643,0,0
3,test,pad_top,crop_bottom_side,203,image_block_04,fgx,gfx,0.15829876369373738,0,0
3,test,pad_top,crop_bottom_side,332,image_block_04,fgx,gfx,0.20543714920689826,0,0
3,test,pad_top,crop_bottom_side,82,image_block_04,fgx,gfx,0.19751773871376077,0,0
3,test,pad_top,crop_bottom_side,302,image_block_05,fgx,gfx,0.13574969446666493,0,0
3,test,pad_top,crop_bottom_side,165,image_block_05,fgx,gfx,0.1754239229907352,0,0
3,test,pad_top,crop_bottom_side,203,image_block_05,fgx,gfx,0.1897104414943182,0,0
3,test,pad_top,crop_bottom_side,332,image_block_05,fgx,gfx,0.2168582486390217,0,0
3,test,pad_top,crop_bottom_side,82,image_block_05,fgx,gfx,0.21755084579756825,0,0
3,test,pad_top,crop_bottom_side,302,image_block_06,fgx,gfx,0.22631343841075166,0,0
3,test,pad_top,crop_bottom_side,165,image_block_06,fgx,gfx,0.23501391679340916,0,0
3,test,pad_top,crop_bottom_side,203,image_block_06,fgx,gfx,0.25876664866598376,0,0
3,test,pad_top,crop_bottom_side,332,image_block_06,fgx,gfx,0.2805270715227688,0,0
3,test,pad_top,crop_bottom_side,82,image_block_06,fgx,gfx,0.37636083912304225,0,0
3,test,pad_top,crop_bottom_side,302,image_final_norm,fgx,gfx,0.21996510028027438,0,0
3,test,pad_top,crop_bottom_side,165,image_final_norm,fgx,gfx,0.21320687220704898,0,0
3,test,pad_top,crop_bottom_side,203,image_final_norm,fgx,gfx,0.23558643702349724,0,0
3,test,pad_top,crop_bottom_side,332,image_final_norm,fgx,gfx,0.2530815898429916,0,0
3,test,pad_top,crop_bottom_side,82,image_final_norm,fgx,gfx,0.35154838261355165,0,0
3,test,pad_top,crop_bottom_side,115,image_input_tokens,fgx,gfx,0.01441660250562759,0,1
3,test,pad_top,crop_bottom_side,164,image_input_tokens,fgx,gfx,0.014545305232187986,0,1
3,test,pad_top,crop_bottom_side,145,image_input_tokens,fgx,gfx,0.010810250797704212,0,1
3,test,pad_top,crop_bottom_side,33,image_input_tokens,fgx,gfx,0.00939109130695044,0,1
3,test,pad_top,crop_bottom_side,127,image_input_tokens,fgx,gfx,0.008204010636631589,0,1
3,test,pad_top,crop_bottom_side,152,image_input_tokens,fgx,gfx,0.008885913461382707,0,1
3,test,pad_top,crop_bottom_side,27,image_input_tokens,fgx,gfx,0.012534876570471786,0,1
3,test,pad_top,crop_bottom_side,115,image_block_01,fgx,gfx,0.05421421775400476,0,0
3,test,pad_top,crop_bottom_side,164,image_block_01,fgx,gfx,0.05100577985346592,0,0
3,test,pad_top,crop_bottom_side,145,image_block_01,fgx,gfx,0.0646907738329955,0,0
3,test,pad_top,crop_bottom_side,33,image_block_01,fgx,gfx,0.057403327034332326,0,0
3,test,pad_top,crop_bottom_side,127,image_block_01,fgx,gfx,0.08105431347622763,0,0
3,test,pad_top,crop_bottom_side,152,image_block_01,fgx,gfx,0.09133039028540149,0,0
3,test,pad_top,crop_bottom_side,27,image_block_01,fgx,gfx,0.056402347576997004,0,0
3,test,pad_top,crop_bottom_side,115,image_block_02,fgx,gfx,0.08807154844193893,0,0
3,test,pad_top,crop_bottom_side,164,image_block_02,fgx,gfx,0.10156686012416954,0,0
3,test,pad_top,crop_bottom_side,145,image_block_02,fgx,gfx,0.10446131276137813,0,0
3,test,pad_top,crop_bottom_side,33,image_block_02,fgx,gfx,0.11877209748972052,0,0
3,test,pad_top,crop_bottom_side,127,image_block_02,fgx,gfx,0.12015144349455191,0,0
3,test,pad_top,crop_bottom_side,152,image_block_02,fgx,gfx,0.11040729791457474,0,0
3,test,pad_top,crop_bottom_side,27,image_block_02,fgx,gfx,0.08803505379028669,0,0
3,test,pad_top,crop_bottom_side,115,image_block_03,fgx,gfx,0.12682242609267702,0,0
3,test,pad_top,crop_bottom_side,164,image_block_03,fgx,gfx,0.15485517699600926,0,0
3,test,pad_top,crop_bottom_side,145,image_block_03,fgx,gfx,0.1416737388262954,0,0
3,test,pad_top,crop_bottom_side,33,image_block_03,fgx,gfx,0.1274209666888439,0,0
3,test,pad_top,crop_bottom_side,127,image_block_03,fgx,gfx,0.15834398652182374,0,0
3,test,pad_top,crop_bottom_side,152,image_block_03,fgx,gfx,0.1306026777587518,0,0
3,test,pad_top,crop_bottom_side,27,image_block_03,fgx,gfx,0.13192713073804382,0,0
3,test,pad_top,crop_bottom_side,115,image_block_04,fgx,gfx,0.12436851193182127,0,0
3,test,pad_top,crop_bottom_side,164,image_block_04,fgx,gfx,0.188682150017042,0,0
3,test,pad_top,crop_bottom_side,145,image_block_04,fgx,gfx,0.1907707736107391,0,0
3,test,pad_top,crop_bottom_side,33,image_block_04,fgx,gfx,0.14117456037668497,0,0
3,test,pad_top,crop_bottom_side,127,image_block_04,fgx,gfx,0.17844558635934896,0,0
3,test,pad_top,crop_bottom_side,152,image_block_04,fgx,gfx,0.13527614722574657,0,0
3,test,pad_top,crop_bottom_side,27,image_block_04,fgx,gfx,0.14245985041614434,0,0
3,test,pad_top,crop_bottom_side,115,image_block_05,fgx,gfx,0.17605910548944154,0,0
3,test,pad_top,crop_bottom_side,164,image_block_05,fgx,gfx,0.23034256891774713,0,0
3,test,pad_top,crop_bottom_side,145,image_block_05,fgx,gfx,0.23237025303290496,0,0
3,test,pad_top,crop_bottom_side,33,image_block_05,fgx,gfx,0.18439418309805858,0,0
3,test,pad_top,crop_bottom_side,127,image_block_05,fgx,gfx,0.17363318963635713,0,0
3,test,pad_top,crop_bottom_side,152,image_block_05,fgx,gfx,0.15953157072526392,0,0
3,test,pad_top,crop_bottom_side,27,image_block_05,fgx,gfx,0.20438504247290504,0,0
3,test,pad_top,crop_bottom_side,115,image_block_06,fgx,gfx,0.20433220765406054,0,0
3,test,pad_top,crop_bottom_side,164,image_block_06,fgx,gfx,0.31791484367663736,0,0
3,test,pad_top,crop_bottom_side,145,image_block_06,fgx,gfx,0.3566950707444832,0,0
3,test,pad_top,crop_bottom_side,33,image_block_06,fgx,gfx,0.2827785954375475,0,0
3,test,pad_top,crop_bottom_side,127,image_block_06,fgx,gfx,0.3872260795485285,0,0
3,test,pad_top,crop_bottom_side,152,image_block_06,fgx,gfx,0.30554041563902024,0,0
3,test,pad_top,crop_bottom_side,27,image_block_06,fgx,gfx,0.3164322564060581,0,0
3,test,pad_top,crop_bottom_side,115,image_final_norm,fgx,gfx,0.19559143676573176,0,0
3,test,pad_top,crop_bottom_side,164,image_final_norm,fgx,gfx,0.3037112994307939,0,0
3,test,pad_top,crop_bottom_side,145,image_final_norm,fgx,gfx,0.33374260468212813,0,0
3,test,pad_top,crop_bottom_side,33,image_final_norm,fgx,gfx,0.26640410961755545,0,0
3,test,pad_top,crop_bottom_side,127,image_final_norm,fgx,gfx,0.3852370909268356,0,0
3,test,pad_top,crop_bottom_side,152,image_final_norm,fgx,gfx,0.3131425803799273,0,0
3,test,pad_top,crop_bottom_side,27,image_final_norm,fgx,gfx,0.3093054120306215,0,0
3,test,pad_top,crop_bottom_side,316,image_input_tokens,fgx,gfx,0.00950995833238266,0,1
3,test,pad_top,crop_bottom_side,239,image_input_tokens,fgx,gfx,0.009653782274281295,0,1
3,test,pad_top,crop_bottom_side,306,image_input_tokens,fgx,gfx,0.009284257940069865,0,1
3,test,pad_top,crop_bottom_side,181,image_input_tokens,fgx,gfx,0.008359257719206578,0,1
3,test,pad_top,crop_bottom_side,149,image_input_tokens,fgx,gfx,0.011577842537178354,0,1
3,test,pad_top,crop_bottom_side,238,image_input_tokens,fgx,gfx,0.009451905536846963,0,1
3,test,pad_top,crop_bottom_side,316,image_block_01,fgx,gfx,0.06854434898045807,0,0
3,test,pad_top,crop_bottom_side,239,image_block_01,fgx,gfx,0.0624069704015841,0,0
3,test,pad_top,crop_bottom_side,306,image_block_01,fgx,gfx,0.04972174121922053,0,1
3,test,pad_top,crop_bottom_side,181,image_block_01,fgx,gfx,0.06809500692310846,0,0
3,test,pad_top,crop_bottom_side,149,image_block_01,fgx,gfx,0.04873015664446336,0,1
3,test,pad_top,crop_bottom_side,238,image_block_01,fgx,gfx,0.05267378854619371,0,0
3,test,pad_top,crop_bottom_side,316,image_block_02,fgx,gfx,0.1198274886435072,0,0
3,test,pad_top,crop_bottom_side,239,image_block_02,fgx,gfx,0.10396387640234714,0,0
3,test,pad_top,crop_bottom_side,306,image_block_02,fgx,gfx,0.09824101985354018,0,0
3,test,pad_top,crop_bottom_side,181,image_block_02,fgx,gfx,0.0958898715097927,0,0
3,test,pad_top,crop_bottom_side,149,image_block_02,fgx,gfx,0.0855950960059364,0,0
3,test,pad_top,crop_bottom_side,238,image_block_02,fgx,gfx,0.08341460398372484,0,0
3,test,pad_top,crop_bottom_side,316,image_block_03,fgx,gfx,0.12664007419001286,0,0
3,test,pad_top,crop_bottom_side,239,image_block_03,fgx,gfx,0.14607768988148484,0,0
3,test,pad_top,crop_bottom_side,306,image_block_03,fgx,gfx,0.13242767540666917,0,0
3,test,pad_top,crop_bottom_side,181,image_block_03,fgx,gfx,0.15647652946274307,0,0
3,test,pad_top,crop_bottom_side,149,image_block_03,fgx,gfx,0.1294911393894227,0,0
3,test,pad_top,crop_bottom_side,238,image_block_03,fgx,gfx,0.12813278167072162,0,0
3,test,pad_top,crop_bottom_side,316,image_block_04,fgx,gfx,0.16999972252285822,0,0
3,test,pad_top,crop_bottom_side,239,image_block_04,fgx,gfx,0.1580894768862508,0,0
3,test,pad_top,crop_bottom_side,306,image_block_04,fgx,gfx,0.1996986093520395,0,0
3,test,pad_top,crop_bottom_side,181,image_block_04,fgx,gfx,0.16960419726683665,0,0
3,test,pad_top,crop_bottom_side,149,image_block_04,fgx,gfx,0.13469465767797217,0,0
3,test,pad_top,crop_bottom_side,238,image_block_04,fgx,gfx,0.14225180293509831,0,0
3,test,pad_top,crop_bottom_side,316,image_block_05,fgx,gfx,0.18732060992987823,0,0
3,test,pad_top,crop_bottom_side,239,image_block_05,fgx,gfx,0.18042374077786064,0,0
3,test,pad_top,crop_bottom_side,306,image_block_05,fgx,gfx,0.2064644241056008,0,0
3,test,pad_top,crop_bottom_side,181,image_block_05,fgx,gfx,0.22311752494760512,0,0
3,test,pad_top,crop_bottom_side,149,image_block_05,fgx,gfx,0.1650595611805065,0,0
3,test,pad_top,crop_bottom_side,238,image_block_05,fgx,gfx,0.22305279472208336,0,0
3,test,pad_top,crop_bottom_side,316,image_block_06,fgx,gfx,0.2568048628734929,0,0
3,test,pad_top,crop_bottom_side,239,image_block_06,fgx,gfx,0.25639971312000887,0,0
3,test,pad_top,crop_bottom_side,306,image_block_06,fgx,gfx,0.2828310237571825,0,0
3,test,pad_top,crop_bottom_side,181,image_block_06,fgx,gfx,0.2752465699124733,0,0
3,test,pad_top,crop_bottom_side,149,image_block_06,fgx,gfx,0.22931035538483205,0,0
3,test,pad_top,crop_bottom_side,238,image_block_06,fgx,gfx,0.3296720061539774,0,0
3,test,pad_top,crop_bottom_side,316,image_final_norm,fgx,gfx,0.26001397364470796,0,0
3,test,pad_top,crop_bottom_side,239,image_final_norm,fgx,gfx,0.2553713562397095,0,0
3,test,pad_top,crop_bottom_side,306,image_final_norm,fgx,gfx,0.2566133636471736,0,0
3,test,pad_top,crop_bottom_side,181,image_final_norm,fgx,gfx,0.28058816122384,0,0
3,test,pad_top,crop_bottom_side,149,image_final_norm,fgx,gfx,0.22664475978872756,0,0
3,test,pad_top,crop_bottom_side,238,image_final_norm,fgx,gfx,0.2940598132244616,0,0
3,test,pad_top,crop_bottom_side,264,image_input_tokens,fgx,gfx,0.010926439608023373,0,1
3,test,pad_top,crop_bottom_side,284,image_input_tokens,fgx,gfx,0.009325667987190804,0,1
3,test,pad_top,crop_bottom_side,273,image_input_tokens,fgx,gfx,0.014701495720198157,0,1
3,test,pad_top,crop_bottom_side,264,image_block_01,fgx,gfx,0.05035967546335562,0,0
3,test,pad_top,crop_bottom_side,284,image_block_01,fgx,gfx,0.0671048891360608,0,0
3,test,pad_top,crop_bottom_side,273,image_block_01,fgx,gfx,0.053573380791214244,0,0
3,test,pad_top,crop_bottom_side,264,image_block_02,fgx,gfx,0.0796121750835437,0,0
3,test,pad_top,crop_bottom_side,284,image_block_02,fgx,gfx,0.10153128832617055,0,0
3,test,pad_top,crop_bottom_side,273,image_block_02,fgx,gfx,0.10370534325912754,0,0
3,test,pad_top,crop_bottom_side,264,image_block_03,fgx,gfx,0.11844765417946267,0,0
3,test,pad_top,crop_bottom_side,284,image_block_03,fgx,gfx,0.15391782812872595,0,0
3,test,pad_top,crop_bottom_side,273,image_block_03,fgx,gfx,0.18025325468724165,0,0
3,test,pad_top,crop_bottom_side,264,image_block_04,fgx,gfx,0.1525221718347447,0,0
3,test,pad_top,crop_bottom_side,284,image_block_04,fgx,gfx,0.18273273400215825,0,0
3,test,pad_top,crop_bottom_side,273,image_block_04,fgx,gfx,0.16752067993549244,0,0
3,test,pad_top,crop_bottom_side,264,image_block_05,fgx,gfx,0.17132843132152206,0,0
3,test,pad_top,crop_bottom_side,284,image_block_05,fgx,gfx,0.20577017715224563,0,0
3,test,pad_top,crop_bottom_side,273,image_block_05,fgx,gfx,0.21648814450227352,0,0
3,test,pad_top,crop_bottom_side,264,image_block_06,fgx,gfx,0.2970747537412961,0,0
3,test,pad_top,crop_bottom_side,284,image_block_06,fgx,gfx,0.3198968710213657,0,0
3,test,pad_top,crop_bottom_side,273,image_block_06,fgx,gfx,0.2730925107034231,0,0
3,test,pad_top,crop_bottom_side,264,image_final_norm,fgx,gfx,0.2772380850000034,0,0
3,test,pad_top,crop_bottom_side,284,image_final_norm,fgx,gfx,0.3246350422302963,0,0
3,test,pad_top,crop_bottom_side,273,image_final_norm,fgx,gfx,0.27125935597866035,0,0
3,test,pad_top,crop_bottom_side,118,image_input_tokens,fgx,gfx,0.008909293382831637,0,1
3,test,pad_top,crop_bottom_side,235,image_input_tokens,fgx,gfx,0.014017195153893873,0,1
3,test,pad_top,crop_bottom_side,143,image_input_tokens,fgx,gfx,0.009106490665434754,0,1
3,test,pad_top,crop_bottom_side,58,image_input_tokens,fgx,gfx,0.008613972941712449,0,1
3,test,pad_top,crop_bottom_side,89,image_input_tokens,fgx,gfx,0.013156191290812167,0,1
3,test,pad_top,crop_bottom_side,171,image_input_tokens,fgx,gfx,0.007900703946132993,0,1
3,test,pad_top,crop_bottom_side,118,image_block_01,fgx,gfx,0.058906920773027054,0,0
3,test,pad_top,crop_bottom_side,235,image_block_01,fgx,gfx,0.04406131194969955,0,1
3,test,pad_top,crop_bottom_side,143,image_block_01,fgx,gfx,0.04804414197400965,0,1
3,test,pad_top,crop_bottom_side,58,image_block_01,fgx,gfx,0.05983738529512874,0,0
3,test,pad_top,crop_bottom_side,89,image_block_01,fgx,gfx,0.052946338362168284,0,0
3,test,pad_top,crop_bottom_side,171,image_block_01,fgx,gfx,0.06408586032302335,0,0
3,test,pad_top,crop_bottom_side,118,image_block_02,fgx,gfx,0.10349036688670947,0,0
3,test,pad_top,crop_bottom_side,235,image_block_02,fgx,gfx,0.0863876609379862,0,0
3,test,pad_top,crop_bottom_side,143,image_block_02,fgx,gfx,0.09415545037629335,0,0
3,test,pad_top,crop_bottom_side,58,image_block_02,fgx,gfx,0.12902161652517466,0,0
3,test,pad_top,crop_bottom_side,89,image_block_02,fgx,gfx,0.09959378646946171,0,0
3,test,pad_top,crop_bottom_side,171,image_block_02,fgx,gfx,0.10841799485376284,0,0
3,test,pad_top,crop_bottom_side,118,image_block_03,fgx,gfx,0.16283398788696427,0,0
3,test,pad_top,crop_bottom_side,235,image_block_03,fgx,gfx,0.13990170717449812,0,0
3,test,pad_top,crop_bottom_side,143,image_block_03,fgx,gfx,0.1421033050513981,0,0
3,test,pad_top,crop_bottom_side,58,image_block_03,fgx,gfx,0.1477331962617275,0,0
3,test,pad_top,crop_bottom_side,89,image_block_03,fgx,gfx,0.1499479260132276,0,0
3,test,pad_top,crop_bottom_side,171,image_block_03,fgx,gfx,0.12246121374049757,0,0
3,test,pad_top,crop_bottom_side,118,image_block_04,fgx,gfx,0.18004009496719336,0,0
3,test,pad_top,crop_bottom_side,235,image_block_04,fgx,gfx,0.185101577729398,0,0
3,test,pad_top,crop_bottom_side,143,image_block_04,fgx,gfx,0.15976582812456663,0,0
3,test,pad_top,crop_bottom_side,58,image_block_04,fgx,gfx,0.18745651520893972,0,0
3,test,pad_top,crop_bottom_side,89,image_block_04,fgx,gfx,0.15846751981516338,0,0
3,test,pad_top,crop_bottom_side,171,image_block_04,fgx,gfx,0.152849931067979,0,0
3,test,pad_top,crop_bottom_side,118,image_block_05,fgx,gfx,0.2366441941047014,0,0
3,test,pad_top,crop_bottom_side,235,image_block_05,fgx,gfx,0.22334718041693893,0,0
3,test,pad_top,crop_bottom_side,143,image_block_05,fgx,gfx,0.1992425976669827,0,0
3,test,pad_top,crop_bottom_side,58,image_block_05,fgx,gfx,0.21384167484388916,0,0
3,test,pad_top,crop_bottom_side,89,image_block_05,fgx,gfx,0.1865801520335288,0,0
3,test,pad_top,crop_bottom_side,171,image_block_05,fgx,gfx,0.20480237071077487,0,0
3,test,pad_top,crop_bottom_side,118,image_block_06,fgx,gfx,0.30185250347998227,0,0
3,test,pad_top,crop_bottom_side,235,image_block_06,fgx,gfx,0.31161709848554325,0,0
3,test,pad_top,crop_bottom_side,143,image_block_06,fgx,gfx,0.30011042615267686,0,0
3,test,pad_top,crop_bottom_side,58,image_block_06,fgx,gfx,0.28146593679240156,0,0
3,test,pad_top,crop_bottom_side,89,image_block_06,fgx,gfx,0.2514337482233371,0,0
3,test,pad_top,crop_bottom_side,171,image_block_06,fgx,gfx,0.28828510768661564,0,0
3,test,pad_top,crop_bottom_side,118,image_final_norm,fgx,gfx,0.27129029574911034,0,0
3,test,pad_top,crop_bottom_side,235,image_final_norm,fgx,gfx,0.2969004351797406,0,0
3,test,pad_top,crop_bottom_side,143,image_final_norm,fgx,gfx,0.29439647820209736,0,0
3,test,pad_top,crop_bottom_side,58,image_final_norm,fgx,gfx,0.2738463217489394,0,0
3,test,pad_top,crop_bottom_side,89,image_final_norm,fgx,gfx,0.23051386869028562,0,0
3,test,pad_top,crop_bottom_side,171,image_final_norm,fgx,gfx,0.28496738491234536,0,0
3,test,pad_top,crop_bottom_side,225,image_input_tokens,fgx,gfx,0.010057880671037588,0,1
3,test,pad_top,crop_bottom_side,225,image_block_01,fgx,gfx,0.06362026130869818,0,0
3,test,pad_top,crop_bottom_side,225,image_block_02,fgx,gfx,0.11377706287118536,0,0
3,test,pad_top,crop_bottom_side,225,image_block_03,fgx,gfx,0.1459771268375204,0,0
3,test,pad_top,crop_bottom_side,225,image_block_04,fgx,gfx,0.17401328529118024,0,0
3,test,pad_top,crop_bottom_side,225,image_block_05,fgx,gfx,0.20082567033751791,0,0
3,test,pad_top,crop_bottom_side,225,image_block_06,fgx,gfx,0.31810995114676244,0,0
3,test,pad_top,crop_bottom_side,225,image_final_norm,fgx,gfx,0.3059950057878248,0,0
3,test,pad_top,crop_bottom_side,8,image_input_tokens,fgx,gfx,0.009530435718870823,0,1
3,test,pad_top,crop_bottom_side,7,image_input_tokens,fgx,gfx,0.011971581752875217,0,1
3,test,pad_top,crop_bottom_side,88,image_input_tokens,fgx,gfx,0.009019372576124287,0,1
3,test,pad_top,crop_bottom_side,8,image_block_01,fgx,gfx,0.05602489441449429,0,0
3,test,pad_top,crop_bottom_side,7,image_block_01,fgx,gfx,0.05628676243958489,0,0
3,test,pad_top,crop_bottom_side,88,image_block_01,fgx,gfx,0.05875325172944602,0,0
3,test,pad_top,crop_bottom_side,8,image_block_02,fgx,gfx,0.10411808001634769,0,0
3,test,pad_top,crop_bottom_side,7,image_block_02,fgx,gfx,0.09920356537913125,0,0
3,test,pad_top,crop_bottom_side,88,image_block_02,fgx,gfx,0.09757464945369643,0,0
3,test,pad_top,crop_bottom_side,8,image_block_03,fgx,gfx,0.15848348189388645,0,0
3,test,pad_top,crop_bottom_side,7,image_block_03,fgx,gfx,0.1364447720478979,0,0
3,test,pad_top,crop_bottom_side,88,image_block_03,fgx,gfx,0.13678788273988582,0,0
3,test,pad_top,crop_bottom_side,8,image_block_04,fgx,gfx,0.16393086350589997,0,0
3,test,pad_top,crop_bottom_side,7,image_block_04,fgx,gfx,0.15339876639976835,0,0
3,test,pad_top,crop_bottom_side,88,image_block_04,fgx,gfx,0.17650390928395682,0,0
3,test,pad_top,crop_bottom_side,8,image_block_05,fgx,gfx,0.2188054454858301,0,0
3,test,pad_top,crop_bottom_side,7,image_block_05,fgx,gfx,0.17977627543185132,0,0
3,test,pad_top,crop_bottom_side,88,image_block_05,fgx,gfx,0.1789340810972471,0,0
3,test,pad_top,crop_bottom_side,8,image_block_06,fgx,gfx,0.297610227125919,0,0
3,test,pad_top,crop_bottom_side,7,image_block_06,fgx,gfx,0.2588930902710112,0,0
3,test,pad_top,crop_bottom_side,88,image_block_06,fgx,gfx,0.24096001264534195,0,0
3,test,pad_top,crop_bottom_side,8,image_final_norm,fgx,gfx,0.28814365612874526,0,0
3,test,pad_top,crop_bottom_side,7,image_final_norm,fgx,gfx,0.24130442747844544,0,0
3,test,pad_top,crop_bottom_side,88,image_final_norm,fgx,gfx,0.22948224122649333,0,0
3,test,pad_top,pad_top,172,image_input_tokens,fx,gx,0.0,1,
3,test,pad_top,pad_top,172,image_input_tokens,fgx,gfx,0.0,1,
3,test,pad_top,pad_top,64,image_input_tokens,fx,gx,0.0,1,
3,test,pad_top,pad_top,64,image_input_tokens,fgx,gfx,0.0,1,
3,test,pad_top,pad_top,247,image_input_tokens,fx,gx,0.0,1,
3,test,pad_top,pad_top,247,image_input_tokens,fgx,gfx,0.0,1,
3,test,pad_top,pad_top,46,image_input_tokens,fx,gx,0.0,1,
3,test,pad_top,pad_top,46,image_input_tokens,fgx,gfx,0.0,1,
3,test,pad_top,pad_top,101,image_input_tokens,fx,gx,0.0,1,
3,test,pad_top,pad_top,101,image_input_tokens,fgx,gfx,0.0,1,
3,test,pad_top,pad_top,309,image_input_tokens,fx,gx,0.0,1,
3,test,pad_top,pad_top,309,image_input_tokens,fgx,gfx,0.0,1,
3,test,pad_top,pad_top,132,image_input_tokens,fx,gx,0.0,1,
3,test,pad_top,pad_top,132,image_input_tokens,fgx,gfx,0.0,1,
3,test,pad_top,pad_top,50,image_input_tokens,fx,gx,0.0,1,
3,test,pad_top,pad_top,50,image_input_tokens,fgx,gfx,0.0,1,
3,test,pad_top,pad_top,26,image_input_tokens,fx,gx,0.0,1,
3,test,pad_top,pad_top,26,image_input_tokens,fgx,gfx,0.0,1,
3,test,pad_top,pad_top,173,image_input_tokens,fx,gx,0.0,1,
3,test,pad_top,pad_top,173,image_input_tokens,fgx,gfx,0.0,1,
3,test,pad_top,pad_top,242,image_input_tokens,fx,gx,0.0,1,
3,test,pad_top,pad_top,242,image_input_tokens,fgx,gfx,0.0,1,
3,test,pad_top,pad_top,216,image_input_tokens,fx,gx,0.0,1,
3,test,pad_top,pad_top,216,image_input_tokens,fgx,gfx,0.0,1,
3,test,pad_top,pad_top,294,image_input_tokens,fx,gx,0.0,1,
3,test,pad_top,pad_top,294,image_input_tokens,fgx,gfx,0.0,1,
3,test,pad_top,pad_top,302,image_input_tokens,fx,gx,0.0,1,
3,test,pad_top,pad_top,302,image_input_tokens,fgx,gfx,0.0,1,
3,test,pad_top,pad_top,131,image_input_tokens,fx,gx,0.0,1,
3,test,pad_top,pad_top,131,image_input_tokens,fgx,gfx,0.0,1,
3,test,pad_top,pad_top,174,image_input_tokens,fx,gx,0.0,1,
3,test,pad_top,pad_top,174,image_input_tokens,fgx,gfx,0.0,1,
3,test,pad_top,pad_top,172,image_block_01,fx,gx,0.0,1,
3,test,pad_top,pad_top,172,image_block_01,fgx,gfx,0.0,1,
3,test,pad_top,pad_top,64,image_block_01,fx,gx,0.0,1,
3,test,pad_top,pad_top,64,image_block_01,fgx,gfx,0.0,1,
3,test,pad_top,pad_top,247,image_block_01,fx,gx,0.0,1,
3,test,pad_top,pad_top,247,image_block_01,fgx,gfx,0.0,1,
3,test,pad_top,pad_top,46,image_block_01,fx,gx,0.0,1,
3,test,pad_top,pad_top,46,image_block_01,fgx,gfx,0.0,1,
3,test,pad_top,pad_top,101,image_block_01,fx,gx,0.0,1,
3,test,pad_top,pad_top,101,image_block_01,fgx,gfx,0.0,1,
3,test,pad_top,pad_top,309,image_block_01,fx,gx,0.0,1,
3,test,pad_top,pad_top,309,image_block_01,fgx,gfx,0.0,1,
3,test,pad_top,pad_top,132,image_block_01,fx,gx,0.0,1,
3,test,pad_top,pad_top,132,image_block_01,fgx,gfx,0.0,1,
3,test,pad_top,pad_top,50,image_block_01,fx,gx,0.0,1,
3,test,pad_top,pad_top,50,image_block_01,fgx,gfx,0.0,1,
3,test,pad_top,pad_top,26,image_block_01,fx,gx,0.0,1,
3,test,pad_top,pad_top,26,image_block_01,fgx,gfx,0.0,1,
3,test,pad_top,pad_top,173,image_block_01,fx,gx,0.0,1,
3,test,pad_top,pad_top,173,image_block_01,fgx,gfx,0.0,1,
3,test,pad_top,pad_top,242,image_block_01,fx,gx,0.0,1,
3,test,pad_top,pad_top,242,image_block_01,fgx,gfx,0.0,1,
3,test,pad_top,pad_top,216,image_block_01,fx,gx,0.0,1,
3,test,pad_top,pad_top,216,image_block_01,fgx,gfx,0.0,1,
3,test,pad_top,pad_top,294,image_block_01,fx,gx,0.0,1,
3,test,pad_top,pad_top,294,image_block_01,fgx,gfx,0.0,1,
3,test,pad_top,pad_top,302,image_block_01,fx,gx,0.0,1,
3,test,pad_top,pad_top,302,image_block_01,fgx,gfx,0.0,1,
3,test,pad_top,pad_top,131,image_block_01,fx,gx,0.0,1,
3,test,pad_top,pad_top,131,image_block_01,fgx,gfx,0.0,1,
3,test,pad_top,pad_top,174,image_block_01,fx,gx,0.0,1,
3,test,pad_top,pad_top,174,image_block_01,fgx,gfx,0.0,1,
3,test,pad_top,pad_top,172,image_block_02,fx,gx,0.0,1,
3,test,pad_top,pad_top,172,image_block_02,fgx,gfx,0.0,1,
3,test,pad_top,pad_top,64,image_block_02,fx,gx,0.0,1,
3,test,pad_top,pad_top,64,image_block_02,fgx,gfx,0.0,1,
3,test,pad_top,pad_top,247,image_block_02,fx,gx,0.0,1,
3,test,pad_top,pad_top,247,image_block_02,fgx,gfx,0.0,1,
3,test,pad_top,pad_top,46,image_block_02,fx,gx,0.0,1,
3,test,pad_top,pad_top,46,image_block_02,fgx,gfx,0.0,1,
3,test,pad_top,pad_top,101,image_block_02,fx,gx,0.0,1,
3,test,pad_top,pad_top,101,image_block_02,fgx,gfx,0.0,1,
3,test,pad_top,pad_top,309,image_block_02,fx,gx,0.0,1,
3,test,pad_top,pad_top,309,image_block_02,fgx,gfx,0.0,1,
3,test,pad_top,pad_top,132,image_block_02,fx,gx,0.0,1,
3,test,pad_top,pad_top,132,image_block_02,fgx,gfx,0.0,1,
3,test,pad_top,pad_top,50,image_block_02,fx,gx,0.0,1,
3,test,pad_top,pad_top,50,image_block_02,fgx,gfx,0.0,1,
3,test,pad_top,pad_top,26,image_block_02,fx,gx,0.0,1,
3,test,pad_top,pad_top,26,image_block_02,fgx,gfx,0.0,1,
3,test,pad_top,pad_top,173,image_block_02,fx,gx,0.0,1,
3,test,pad_top,pad_top,173,image_block_02,fgx,gfx,0.0,1,
3,test,pad_top,pad_top,242,image_block_02,fx,gx,0.0,1,
3,test,pad_top,pad_top,242,image_block_02,fgx,gfx,0.0,1,
3,test,pad_top,pad_top,216,image_block_02,fx,gx,0.0,1,
3,test,pad_top,pad_top,216,image_block_02,fgx,gfx,0.0,1,
3,test,pad_top,pad_top,294,image_block_02,fx,gx,0.0,1,
3,test,pad_top,pad_top,294,image_block_02,fgx,gfx,0.0,1,
3,test,pad_top,pad_top,302,image_block_02,fx,gx,0.0,1,
3,test,pad_top,pad_top,302,image_block_02,fgx,gfx,0.0,1,
3,test,pad_top,pad_top,131,image_block_02,fx,gx,0.0,1,
3,test,pad_top,pad_top,131,image_block_02,fgx,gfx,0.0,1,
3,test,pad_top,pad_top,174,image_block_02,fx,gx,0.0,1,
3,test,pad_top,pad_top,174,image_block_02,fgx,gfx,0.0,1,
3,test,pad_top,pad_top,172,image_block_03,fx,gx,0.0,1,
3,test,pad_top,pad_top,172,image_block_03,fgx,gfx,0.0,1,
3,test,pad_top,pad_top,64,image_block_03,fx,gx,0.0,1,
3,test,pad_top,pad_top,64,image_block_03,fgx,gfx,0.0,1,
3,test,pad_top,pad_top,247,image_block_03,fx,gx,0.0,1,
3,test,pad_top,pad_top,247,image_block_03,fgx,gfx,0.0,1,
3,test,pad_top,pad_top,46,image_block_03,fx,gx,0.0,1,
3,test,pad_top,pad_top,46,image_block_03,fgx,gfx,0.0,1,
3,test,pad_top,pad_top,101,image_block_03,fx,gx,0.0,1,
3,test,pad_top,pad_top,101,image_block_03,fgx,gfx,0.0,1,
3,test,pad_top,pad_top,309,image_block_03,fx,gx,0.0,1,
3,test,pad_top,pad_top,309,image_block_03,fgx,gfx,0.0,1,
3,test,pad_top,pad_top,132,image_block_03,fx,gx,0.0,1,
3,test,pad_top,pad_top,132,image_block_03,fgx,gfx,0.0,1,
3,test,pad_top,pad_top,50,image_block_03,fx,gx,0.0,1,
3,test,pad_top,pad_top,50,image_block_03,fgx,gfx,0.0,1,
3,test,pad_top,pad_top,26,image_block_03,fx,gx,0.0,1,
3,test,pad_top,pad_top,26,image_block_03,fgx,gfx,0.0,1,
3,test,pad_top,pad_top,173,image_block_03,fx,gx,0.0,1,
3,test,pad_top,pad_top,173,image_block_03,fgx,gfx,0.0,1,
3,test,pad_top,pad_top,242,image_block_03,fx,gx,0.0,1,
3,test,pad_top,pad_top,242,image_block_03,fgx,gfx,0.0,1,
3,test,pad_top,pad_top,216,image_block_03,fx,gx,0.0,1,
3,test,pad_top,pad_top,216,image_block_03,fgx,gfx,0.0,1,
3,test,pad_top,pad_top,294,image_block_03,fx,gx,0.0,1,
3,test,pad_top,pad_top,294,image_block_03,fgx,gfx,0.0,1,
3,test,pad_top,pad_top,302,image_block_03,fx,gx,0.0,1,
3,test,pad_top,pad_top,302,image_block_03,fgx,gfx,0.0,1,
3,test,pad_top,pad_top,131,image_block_03,fx,gx,0.0,1,
3,test,pad_top,pad_top,131,image_block_03,fgx,gfx,0.0,1,
3,test,pad_top,pad_top,174,image_block_03,fx,gx,0.0,1,
3,test,pad_top,pad_top,174,image_block_03,fgx,gfx,0.0,1,
3,test,pad_top,pad_top,172,image_block_04,fx,gx,0.0,1,
3,test,pad_top,pad_top,172,image_block_04,fgx,gfx,0.0,1,
3,test,pad_top,pad_top,64,image_block_04,fx,gx,0.0,1,
3,test,pad_top,pad_top,64,image_block_04,fgx,gfx,0.0,1,
3,test,pad_top,pad_top,247,image_block_04,fx,gx,0.0,1,
3,test,pad_top,pad_top,247,image_block_04,fgx,gfx,0.0,1,
3,test,pad_top,pad_top,46,image_block_04,fx,gx,0.0,1,
3,test,pad_top,pad_top,46,image_block_04,fgx,gfx,0.0,1,
3,test,pad_top,pad_top,101,image_block_04,fx,gx,0.0,1,
3,test,pad_top,pad_top,101,image_block_04,fgx,gfx,0.0,1,
3,test,pad_top,pad_top,309,image_block_04,fx,gx,0.0,1,
3,test,pad_top,pad_top,309,image_block_04,fgx,gfx,0.0,1,
3,test,pad_top,pad_top,132,image_block_04,fx,gx,0.0,1,
3,test,pad_top,pad_top,132,image_block_04,fgx,gfx,0.0,1,
3,test,pad_top,pad_top,50,image_block_04,fx,gx,0.0,1,
3,test,pad_top,pad_top,50,image_block_04,fgx,gfx,0.0,1,
3,test,pad_top,pad_top,26,image_block_04,fx,gx,0.0,1,
3,test,pad_top,pad_top,26,image_block_04,fgx,gfx,0.0,1,
3,test,pad_top,pad_top,173,image_block_04,fx,gx,0.0,1,
3,test,pad_top,pad_top,173,image_block_04,fgx,gfx,0.0,1,
3,test,pad_top,pad_top,242,image_block_04,fx,gx,0.0,1,
3,test,pad_top,pad_top,242,image_block_04,fgx,gfx,0.0,1,
3,test,pad_top,pad_top,216,image_block_04,fx,gx,0.0,1,
3,test,pad_top,pad_top,216,image_block_04,fgx,gfx,0.0,1,
3,test,pad_top,pad_top,294,image_block_04,fx,gx,0.0,1,
3,test,pad_top,pad_top,294,image_block_04,fgx,gfx,0.0,1,
3,test,pad_top,pad_top,302,image_block_04,fx,gx,0.0,1,
3,test,pad_top,pad_top,302,image_block_04,fgx,gfx,0.0,1,
3,test,pad_top,pad_top,131,image_block_04,fx,gx,0.0,1,
3,test,pad_top,pad_top,131,image_block_04,fgx,gfx,0.0,1,
3,test,pad_top,pad_top,174,image_block_04,fx,gx,0.0,1,
3,test,pad_top,pad_top,174,image_block_04,fgx,gfx,0.0,1,
3,test,pad_top,pad_top,172,image_block_05,fx,gx,0.0,1,
3,test,pad_top,pad_top,172,image_block_05,fgx,gfx,0.0,1,
3,test,pad_top,pad_top,64,image_block_05,fx,gx,0.0,1,
3,test,pad_top,pad_top,64,image_block_05,fgx,gfx,0.0,1,
3,test,pad_top,pad_top,247,image_block_05,fx,gx,0.0,1,
3,test,pad_top,pad_top,247,image_block_05,fgx,gfx,0.0,1,
3,test,pad_top,pad_top,46,image_block_05,fx,gx,0.0,1,
3,test,pad_top,pad_top,46,image_block_05,fgx,gfx,0.0,1,
3,test,pad_top,pad_top,101,image_block_05,fx,gx,0.0,1,
3,test,pad_top,pad_top,101,image_block_05,fgx,gfx,0.0,1,
3,test,pad_top,pad_top,309,image_block_05,fx,gx,0.0,1,
3,test,pad_top,pad_top,309,image_block_05,fgx,gfx,0.0,1,
3,test,pad_top,pad_top,132,image_block_05,fx,gx,0.0,1,
3,test,pad_top,pad_top,132,image_block_05,fgx,gfx,0.0,1,
3,test,pad_top,pad_top,50,image_block_05,fx,gx,0.0,1,
3,test,pad_top,pad_top,50,image_block_05,fgx,gfx,0.0,1,
3,test,pad_top,pad_top,26,image_block_05,fx,gx,0.0,1,
3,test,pad_top,pad_top,26,image_block_05,fgx,gfx,0.0,1,
3,test,pad_top,pad_top,173,image_block_05,fx,gx,0.0,1,
3,test,pad_top,pad_top,173,image_block_05,fgx,gfx,0.0,1,
3,test,pad_top,pad_top,242,image_block_05,fx,gx,0.0,1,
3,test,pad_top,pad_top,242,image_block_05,fgx,gfx,0.0,1,
3,test,pad_top,pad_top,216,image_block_05,fx,gx,0.0,1,
3,test,pad_top,pad_top,216,image_block_05,fgx,gfx,0.0,1,
3,test,pad_top,pad_top,294,image_block_05,fx,gx,0.0,1,
3,test,pad_top,pad_top,294,image_block_05,fgx,gfx,0.0,1,
3,test,pad_top,pad_top,302,image_block_05,fx,gx,0.0,1,
3,test,pad_top,pad_top,302,image_block_05,fgx,gfx,0.0,1,
3,test,pad_top,pad_top,131,image_block_05,fx,gx,0.0,1,
3,test,pad_top,pad_top,131,image_block_05,fgx,gfx,0.0,1,
3,test,pad_top,pad_top,174,image_block_05,fx,gx,0.0,1,
3,test,pad_top,pad_top,174,image_block_05,fgx,gfx,0.0,1,
3,test,pad_top,pad_top,172,image_block_06,fx,gx,0.0,1,
3,test,pad_top,pad_top,172,image_block_06,fgx,gfx,0.0,1,
3,test,pad_top,pad_top,64,image_block_06,fx,gx,0.0,1,
3,test,pad_top,pad_top,64,image_block_06,fgx,gfx,0.0,1,
3,test,pad_top,pad_top,247,image_block_06,fx,gx,0.0,1,
3,test,pad_top,pad_top,247,image_block_06,fgx,gfx,0.0,1,
3,test,pad_top,pad_top,46,image_block_06,fx,gx,0.0,1,
3,test,pad_top,pad_top,46,image_block_06,fgx,gfx,0.0,1,
3,test,pad_top,pad_top,101,image_block_06,fx,gx,0.0,1,
3,test,pad_top,pad_top,101,image_block_06,fgx,gfx,0.0,1,
3,test,pad_top,pad_top,309,image_block_06,fx,gx,0.0,1,
3,test,pad_top,pad_top,309,image_block_06,fgx,gfx,0.0,1,
3,test,pad_top,pad_top,132,image_block_06,fx,gx,0.0,1,
3,test,pad_top,pad_top,132,image_block_06,fgx,gfx,0.0,1,
3,test,pad_top,pad_top,50,image_block_06,fx,gx,0.0,1,
3,test,pad_top,pad_top,50,image_block_06,fgx,gfx,0.0,1,
3,test,pad_top,pad_top,26,image_block_06,fx,gx,0.0,1,
3,test,pad_top,pad_top,26,image_block_06,fgx,gfx,0.0,1,
3,test,pad_top,pad_top,173,image_block_06,fx,gx,0.0,1,
3,test,pad_top,pad_top,173,image_block_06,fgx,gfx,0.0,1,
3,test,pad_top,pad_top,242,image_block_06,fx,gx,0.0,1,
3,test,pad_top,pad_top,242,image_block_06,fgx,gfx,0.0,1,
3,test,pad_top,pad_top,216,image_block_06,fx,gx,0.0,1,
3,test,pad_top,pad_top,216,image_block_06,fgx,gfx,0.0,1,
3,test,pad_top,pad_top,294,image_block_06,fx,gx,0.0,1,
3,test,pad_top,pad_top,294,image_block_06,fgx,gfx,0.0,1,
3,test,pad_top,pad_top,302,image_block_06,fx,gx,0.0,1,
3,test,pad_top,pad_top,302,image_block_06,fgx,gfx,0.0,1,
3,test,pad_top,pad_top,131,image_block_06,fx,gx,0.0,1,
3,test,pad_top,pad_top,131,image_block_06,fgx,gfx,0.0,1,
3,test,pad_top,pad_top,174,image_block_06,fx,gx,0.0,1,
3,test,pad_top,pad_top,174,image_block_06,fgx,gfx,0.0,1,
3,test,pad_top,pad_top,172,image_final_norm,fx,gx,0.0,1,
3,test,pad_top,pad_top,172,image_final_norm,fgx,gfx,0.0,1,
3,test,pad_top,pad_top,64,image_final_norm,fx,gx,0.0,1,
3,test,pad_top,pad_top,64,image_final_norm,fgx,gfx,0.0,1,
3,test,pad_top,pad_top,247,image_final_norm,fx,gx,0.0,1,
3,test,pad_top,pad_top,247,image_final_norm,fgx,gfx,0.0,1,
3,test,pad_top,pad_top,46,image_final_norm,fx,gx,0.0,1,
3,test,pad_top,pad_top,46,image_final_norm,fgx,gfx,0.0,1,
3,test,pad_top,pad_top,101,image_final_norm,fx,gx,0.0,1,
3,test,pad_top,pad_top,101,image_final_norm,fgx,gfx,0.0,1,
3,test,pad_top,pad_top,309,image_final_norm,fx,gx,0.0,1,
3,test,pad_top,pad_top,309,image_final_norm,fgx,gfx,0.0,1,
3,test,pad_top,pad_top,132,image_final_norm,fx,gx,0.0,1,
3,test,pad_top,pad_top,132,image_final_norm,fgx,gfx,0.0,1,
3,test,pad_top,pad_top,50,image_final_norm,fx,gx,0.0,1,
3,test,pad_top,pad_top,50,image_final_norm,fgx,gfx,0.0,1,
3,test,pad_top,pad_top,26,image_final_norm,fx,gx,0.0,1,
3,test,pad_top,pad_top,26,image_final_norm,fgx,gfx,0.0,1,
3,test,pad_top,pad_top,173,image_final_norm,fx,gx,0.0,1,
3,test,pad_top,pad_top,173,image_final_norm,fgx,gfx,0.0,1,
3,test,pad_top,pad_top,242,image_final_norm,fx,gx,0.0,1,
3,test,pad_top,pad_top,242,image_final_norm,fgx,gfx,0.0,1,
3,test,pad_top,pad_top,216,image_final_norm,fx,gx,0.0,1,
3,test,pad_top,pad_top,216,image_final_norm,fgx,gfx,0.0,1,
3,test,pad_top,pad_top,294,image_final_norm,fx,gx,0.0,1,
3,test,pad_top,pad_top,294,image_final_norm,fgx,gfx,0.0,1,
3,test,pad_top,pad_top,302,image_final_norm,fx,gx,0.0,1,
3,test,pad_top,pad_top,302,image_final_norm,fgx,gfx,0.0,1,
3,test,pad_top,pad_top,131,image_final_norm,fx,gx,0.0,1,
3,test,pad_top,pad_top,131,image_final_norm,fgx,gfx,0.0,1,
3,test,pad_top,pad_top,174,image_final_norm,fx,gx,0.0,1,
3,test,pad_top,pad_top,174,image_final_norm,fgx,gfx,0.0,1,
3,test,pad_top,pad_top,56,image_input_tokens,fx,gx,0.0,1,
3,test,pad_top,pad_top,56,image_input_tokens,fgx,gfx,0.0,1,
3,test,pad_top,pad_top,203,image_input_tokens,fx,gx,0.0,1,
3,test,pad_top,pad_top,203,image_input_tokens,fgx,gfx,0.0,1,
3,test,pad_top,pad_top,77,image_input_tokens,fx,gx,0.0,1,
3,test,pad_top,pad_top,77,image_input_tokens,fgx,gfx,0.0,1,
3,test,pad_top,pad_top,19,image_input_tokens,fx,gx,0.0,1,
3,test,pad_top,pad_top,19,image_input_tokens,fgx,gfx,0.0,1,
3,test,pad_top,pad_top,98,image_input_tokens,fx,gx,0.0,1,
3,test,pad_top,pad_top,98,image_input_tokens,fgx,gfx,0.0,1,
3,test,pad_top,pad_top,332,image_input_tokens,fx,gx,0.0,1,
3,test,pad_top,pad_top,332,image_input_tokens,fgx,gfx,0.0,1,
3,test,pad_top,pad_top,82,image_input_tokens,fx,gx,0.0,1,
3,test,pad_top,pad_top,82,image_input_tokens,fgx,gfx,0.0,1,
3,test,pad_top,pad_top,228,image_input_tokens,fx,gx,0.0,1,
3,test,pad_top,pad_top,228,image_input_tokens,fgx,gfx,0.0,1,
3,test,pad_top,pad_top,305,image_input_tokens,fx,gx,0.0,1,
3,test,pad_top,pad_top,305,image_input_tokens,fgx,gfx,0.0,1,
3,test,pad_top,pad_top,219,image_input_tokens,fx,gx,0.0,1,
3,test,pad_top,pad_top,219,image_input_tokens,fgx,gfx,0.0,1,
3,test,pad_top,pad_top,24,image_input_tokens,fx,gx,0.0,1,
3,test,pad_top,pad_top,24,image_input_tokens,fgx,gfx,0.0,1,
3,test,pad_top,pad_top,164,image_input_tokens,fx,gx,0.0,1,
3,test,pad_top,pad_top,164,image_input_tokens,fgx,gfx,0.0,1,
3,test,pad_top,pad_top,51,image_input_tokens,fx,gx,0.0,1,
3,test,pad_top,pad_top,51,image_input_tokens,fgx,gfx,0.0,1,
3,test,pad_top,pad_top,145,image_input_tokens,fx,gx,0.0,1,
3,test,pad_top,pad_top,145,image_input_tokens,fgx,gfx,0.0,1,
3,test,pad_top,pad_top,107,image_input_tokens,fx,gx,0.0,1,
3,test,pad_top,pad_top,107,image_input_tokens,fgx,gfx,0.0,1,
3,test,pad_top,pad_top,33,image_input_tokens,fx,gx,0.0,1,
3,test,pad_top,pad_top,33,image_input_tokens,fgx,gfx,0.0,1,
3,test,pad_top,pad_top,56,image_block_01,fx,gx,0.0,1,
3,test,pad_top,pad_top,56,image_block_01,fgx,gfx,0.0,1,
3,test,pad_top,pad_top,203,image_block_01,fx,gx,0.0,1,
3,test,pad_top,pad_top,203,image_block_01,fgx,gfx,0.0,1,
3,test,pad_top,pad_top,77,image_block_01,fx,gx,0.0,1,
3,test,pad_top,pad_top,77,image_block_01,fgx,gfx,0.0,1,
3,test,pad_top,pad_top,19,image_block_01,fx,gx,0.0,1,
3,test,pad_top,pad_top,19,image_block_01,fgx,gfx,0.0,1,
3,test,pad_top,pad_top,98,image_block_01,fx,gx,0.0,1,
3,test,pad_top,pad_top,98,image_block_01,fgx,gfx,0.0,1,
3,test,pad_top,pad_top,332,image_block_01,fx,gx,0.0,1,
3,test,pad_top,pad_top,332,image_block_01,fgx,gfx,0.0,1,
3,test,pad_top,pad_top,82,image_block_01,fx,gx,0.0,1,
3,test,pad_top,pad_top,82,image_block_01,fgx,gfx,0.0,1,
3,test,pad_top,pad_top,228,image_block_01,fx,gx,0.0,1,
3,test,pad_top,pad_top,228,image_block_01,fgx,gfx,0.0,1,
3,test,pad_top,pad_top,305,image_block_01,fx,gx,0.0,1,
3,test,pad_top,pad_top,305,image_block_01,fgx,gfx,0.0,1,
3,test,pad_top,pad_top,219,image_block_01,fx,gx,0.0,1,
3,test,pad_top,pad_top,219,image_block_01,fgx,gfx,0.0,1,
3,test,pad_top,pad_top,24,image_block_01,fx,gx,0.0,1,
3,test,pad_top,pad_top,24,image_block_01,fgx,gfx,0.0,1,
3,test,pad_top,pad_top,164,image_block_01,fx,gx,0.0,1,
3,test,pad_top,pad_top,164,image_block_01,fgx,gfx,0.0,1,
3,test,pad_top,pad_top,51,image_block_01,fx,gx,0.0,1,
3,test,pad_top,pad_top,51,image_block_01,fgx,gfx,0.0,1,
3,test,pad_top,pad_top,145,image_block_01,fx,gx,0.0,1,
3,test,pad_top,pad_top,145,image_block_01,fgx,gfx,0.0,1,
3,test,pad_top,pad_top,107,image_block_01,fx,gx,0.0,1,
3,test,pad_top,pad_top,107,image_block_01,fgx,gfx,0.0,1,
3,test,pad_top,pad_top,33,image_block_01,fx,gx,0.0,1,
3,test,pad_top,pad_top,33,image_block_01,fgx,gfx,0.0,1,
3,test,pad_top,pad_top,56,image_block_02,fx,gx,0.0,1,
3,test,pad_top,pad_top,56,image_block_02,fgx,gfx,0.0,1,
3,test,pad_top,pad_top,203,image_block_02,fx,gx,0.0,1,
3,test,pad_top,pad_top,203,image_block_02,fgx,gfx,0.0,1,
3,test,pad_top,pad_top,77,image_block_02,fx,gx,0.0,1,
3,test,pad_top,pad_top,77,image_block_02,fgx,gfx,0.0,1,
3,test,pad_top,pad_top,19,image_block_02,fx,gx,0.0,1,
3,test,pad_top,pad_top,19,image_block_02,fgx,gfx,0.0,1,
3,test,pad_top,pad_top,98,image_block_02,fx,gx,0.0,1,
3,test,pad_top,pad_top,98,image_block_02,fgx,gfx,0.0,1,
3,test,pad_top,pad_top,332,image_block_02,fx,gx,0.0,1,
3,test,pad_top,pad_top,332,image_block_02,fgx,gfx,0.0,1,
3,test,pad_top,pad_top,82,image_block_02,fx,gx,0.0,1,
3,test,pad_top,pad_top,82,image_block_02,fgx,gfx,0.0,1,
3,test,pad_top,pad_top,228,image_block_02,fx,gx,0.0,1,
3,test,pad_top,pad_top,228,image_block_02,fgx,gfx,0.0,1,
3,test,pad_top,pad_top,305,image_block_02,fx,gx,0.0,1,
3,test,pad_top,pad_top,305,image_block_02,fgx,gfx,0.0,1,
3,test,pad_top,pad_top,219,image_block_02,fx,gx,0.0,1,
3,test,pad_top,pad_top,219,image_block_02,fgx,gfx,0.0,1,
3,test,pad_top,pad_top,24,image_block_02,fx,gx,0.0,1,
3,test,pad_top,pad_top,24,image_block_02,fgx,gfx,0.0,1,
3,test,pad_top,pad_top,164,image_block_02,fx,gx,0.0,1,
3,test,pad_top,pad_top,164,image_block_02,fgx,gfx,0.0,1,
3,test,pad_top,pad_top,51,image_block_02,fx,gx,0.0,1,
3,test,pad_top,pad_top,51,image_block_02,fgx,gfx,0.0,1,
3,test,pad_top,pad_top,145,image_block_02,fx,gx,0.0,1,
3,test,pad_top,pad_top,145,image_block_02,fgx,gfx,0.0,1,
3,test,pad_top,pad_top,107,image_block_02,fx,gx,0.0,1,
3,test,pad_top,pad_top,107,image_block_02,fgx,gfx,0.0,1,
3,test,pad_top,pad_top,33,image_block_02,fx,gx,0.0,1,
3,test,pad_top,pad_top,33,image_block_02,fgx,gfx,0.0,1,
3,test,pad_top,pad_top,56,image_block_03,fx,gx,0.0,1,
3,test,pad_top,pad_top,56,image_block_03,fgx,gfx,0.0,1,
3,test,pad_top,pad_top,203,image_block_03,fx,gx,0.0,1,
3,test,pad_top,pad_top,203,image_block_03,fgx,gfx,0.0,1,
3,test,pad_top,pad_top,77,image_block_03,fx,gx,0.0,1,
3,test,pad_top,pad_top,77,image_block_03,fgx,gfx,0.0,1,
3,test,pad_top,pad_top,19,image_block_03,fx,gx,0.0,1,
3,test,pad_top,pad_top,19,image_block_03,fgx,gfx,0.0,1,
3,test,pad_top,pad_top,98,image_block_03,fx,gx,0.0,1,
3,test,pad_top,pad_top,98,image_block_03,fgx,gfx,0.0,1,
3,test,pad_top,pad_top,332,image_block_03,fx,gx,0.0,1,
3,test,pad_top,pad_top,332,image_block_03,fgx,gfx,0.0,1,
3,test,pad_top,pad_top,82,image_block_03,fx,gx,0.0,1,
3,test,pad_top,pad_top,82,image_block_03,fgx,gfx,0.0,1,
3,test,pad_top,pad_top,228,image_block_03,fx,gx,0.0,1,
3,test,pad_top,pad_top,228,image_block_03,fgx,gfx,0.0,1,
3,test,pad_top,pad_top,305,image_block_03,fx,gx,0.0,1,
3,test,pad_top,pad_top,305,image_block_03,fgx,gfx,0.0,1,
3,test,pad_top,pad_top,219,image_block_03,fx,gx,0.0,1,
3,test,pad_top,pad_top,219,image_block_03,fgx,gfx,0.0,1,
3,test,pad_top,pad_top,24,image_block_03,fx,gx,0.0,1,
3,test,pad_top,pad_top,24,image_block_03,fgx,gfx,0.0,1,
3,test,pad_top,pad_top,164,image_block_03,fx,gx,0.0,1,
3,test,pad_top,pad_top,164,image_block_03,fgx,gfx,0.0,1,
3,test,pad_top,pad_top,51,image_block_03,fx,gx,0.0,1,
3,test,pad_top,pad_top,51,image_block_03,fgx,gfx,0.0,1,
3,test,pad_top,pad_top,145,image_block_03,fx,gx,0.0,1,
3,test,pad_top,pad_top,145,image_block_03,fgx,gfx,0.0,1,
3,test,pad_top,pad_top,107,image_block_03,fx,gx,0.0,1,
3,test,pad_top,pad_top,107,image_block_03,fgx,gfx,0.0,1,
3,test,pad_top,pad_top,33,image_block_03,fx,gx,0.0,1,
3,test,pad_top,pad_top,33,image_block_03,fgx,gfx,0.0,1,
3,test,pad_top,pad_top,56,image_block_04,fx,gx,0.0,1,
3,test,pad_top,pad_top,56,image_block_04,fgx,gfx,0.0,1,
3,test,pad_top,pad_top,203,image_block_04,fx,gx,0.0,1,
3,test,pad_top,pad_top,203,image_block_04,fgx,gfx,0.0,1,
3,test,pad_top,pad_top,77,image_block_04,fx,gx,0.0,1,
3,test,pad_top,pad_top,77,image_block_04,fgx,gfx,0.0,1,
3,test,pad_top,pad_top,19,image_block_04,fx,gx,0.0,1,
3,test,pad_top,pad_top,19,image_block_04,fgx,gfx,0.0,1,
3,test,pad_top,pad_top,98,image_block_04,fx,gx,0.0,1,
3,test,pad_top,pad_top,98,image_block_04,fgx,gfx,0.0,1,
3,test,pad_top,pad_top,332,image_block_04,fx,gx,0.0,1,
3,test,pad_top,pad_top,332,image_block_04,fgx,gfx,0.0,1,
3,test,pad_top,pad_top,82,image_block_04,fx,gx,0.0,1,
3,test,pad_top,pad_top,82,image_block_04,fgx,gfx,0.0,1,
3,test,pad_top,pad_top,228,image_block_04,fx,gx,0.0,1,
3,test,pad_top,pad_top,228,image_block_04,fgx,gfx,0.0,1,
3,test,pad_top,pad_top,305,image_block_04,fx,gx,0.0,1,
3,test,pad_top,pad_top,305,image_block_04,fgx,gfx,0.0,1,
3,test,pad_top,pad_top,219,image_block_04,fx,gx,0.0,1,
3,test,pad_top,pad_top,219,image_block_04,fgx,gfx,0.0,1,
3,test,pad_top,pad_top,24,image_block_04,fx,gx,0.0,1,
3,test,pad_top,pad_top,24,image_block_04,fgx,gfx,0.0,1,
3,test,pad_top,pad_top,164,image_block_04,fx,gx,0.0,1,
3,test,pad_top,pad_top,164,image_block_04,fgx,gfx,0.0,1,
3,test,pad_top,pad_top,51,image_block_04,fx,gx,0.0,1,
3,test,pad_top,pad_top,51,image_block_04,fgx,gfx,0.0,1,
3,test,pad_top,pad_top,145,image_block_04,fx,gx,0.0,1,
3,test,pad_top,pad_top,145,image_block_04,fgx,gfx,0.0,1,
3,test,pad_top,pad_top,107,image_block_04,fx,gx,0.0,1,
3,test,pad_top,pad_top,107,image_block_04,fgx,gfx,0.0,1,
3,test,pad_top,pad_top,33,image_block_04,fx,gx,0.0,1,
3,test,pad_top,pad_top,33,image_block_04,fgx,gfx,0.0,1,
3,test,pad_top,pad_top,56,image_block_05,fx,gx,0.0,1,
3,test,pad_top,pad_top,56,image_block_05,fgx,gfx,0.0,1,
3,test,pad_top,pad_top,203,image_block_05,fx,gx,0.0,1,
3,test,pad_top,pad_top,203,image_block_05,fgx,gfx,0.0,1,
3,test,pad_top,pad_top,77,image_block_05,fx,gx,0.0,1,
3,test,pad_top,pad_top,77,image_block_05,fgx,gfx,0.0,1,
3,test,pad_top,pad_top,19,image_block_05,fx,gx,0.0,1,
3,test,pad_top,pad_top,19,image_block_05,fgx,gfx,0.0,1,
3,test,pad_top,pad_top,98,image_block_05,fx,gx,0.0,1,
3,test,pad_top,pad_top,98,image_block_05,fgx,gfx,0.0,1,
3,test,pad_top,pad_top,332,image_block_05,fx,gx,0.0,1,
3,test,pad_top,pad_top,332,image_block_05,fgx,gfx,0.0,1,
3,test,pad_top,pad_top,82,image_block_05,fx,gx,0.0,1,
3,test,pad_top,pad_top,82,image_block_05,fgx,gfx,0.0,1,
3,test,pad_top,pad_top,228,image_block_05,fx,gx,0.0,1,
3,test,pad_top,pad_top,228,image_block_05,fgx,gfx,0.0,1,
3,test,pad_top,pad_top,305,image_block_05,fx,gx,0.0,1,
3,test,pad_top,pad_top,305,image_block_05,fgx,gfx,0.0,1,
3,test,pad_top,pad_top,219,image_block_05,fx,gx,0.0,1,
3,test,pad_top,pad_top,219,image_block_05,fgx,gfx,0.0,1,
3,test,pad_top,pad_top,24,image_block_05,fx,gx,0.0,1,
3,test,pad_top,pad_top,24,image_block_05,fgx,gfx,0.0,1,
3,test,pad_top,pad_top,164,image_block_05,fx,gx,0.0,1,
3,test,pad_top,pad_top,164,image_block_05,fgx,gfx,0.0,1,
3,test,pad_top,pad_top,51,image_block_05,fx,gx,0.0,1,
3,test,pad_top,pad_top,51,image_block_05,fgx,gfx,0.0,1,
3,test,pad_top,pad_top,145,image_block_05,fx,gx,0.0,1,
3,test,pad_top,pad_top,145,image_block_05,fgx,gfx,0.0,1,
3,test,pad_top,pad_top,107,image_block_05,fx,gx,0.0,1,
3,test,pad_top,pad_top,107,image_block_05,fgx,gfx,0.0,1,
3,test,pad_top,pad_top,33,image_block_05,fx,gx,0.0,1,
3,test,pad_top,pad_top,33,image_block_05,fgx,gfx,0.0,1,
3,test,pad_top,pad_top,56,image_block_06,fx,gx,0.0,1,
3,test,pad_top,pad_top,56,image_block_06,fgx,gfx,0.0,1,
3,test,pad_top,pad_top,203,image_block_06,fx,gx,0.0,1,
3,test,pad_top,pad_top,203,image_block_06,fgx,gfx,0.0,1,
3,test,pad_top,pad_top,77,image_block_06,fx,gx,0.0,1,
3,test,pad_top,pad_top,77,image_block_06,fgx,gfx,0.0,1,
3,test,pad_top,pad_top,19,image_block_06,fx,gx,0.0,1,
3,test,pad_top,pad_top,19,image_block_06,fgx,gfx,0.0,1,
3,test,pad_top,pad_top,98,image_block_06,fx,gx,0.0,1,
3,test,pad_top,pad_top,98,image_block_06,fgx,gfx,0.0,1,
3,test,pad_top,pad_top,332,image_block_06,fx,gx,0.0,1,
3,test,pad_top,pad_top,332,image_block_06,fgx,gfx,0.0,1,
3,test,pad_top,pad_top,82,image_block_06,fx,gx,0.0,1,
3,test,pad_top,pad_top,82,image_block_06,fgx,gfx,0.0,1,
3,test,pad_top,pad_top,228,image_block_06,fx,gx,0.0,1,
3,test,pad_top,pad_top,228,image_block_06,fgx,gfx,0.0,1,
3,test,pad_top,pad_top,305,image_block_06,fx,gx,0.0,1,
3,test,pad_top,pad_top,305,image_block_06,fgx,gfx,0.0,1,
3,test,pad_top,pad_top,219,image_block_06,fx,gx,0.0,1,
3,test,pad_top,pad_top,219,image_block_06,fgx,gfx,0.0,1,
3,test,pad_top,pad_top,24,image_block_06,fx,gx,0.0,1,
3,test,pad_top,pad_top,24,image_block_06,fgx,gfx,0.0,1,
3,test,pad_top,pad_top,164,image_block_06,fx,gx,0.0,1,
3,test,pad_top,pad_top,164,image_block_06,fgx,gfx,0.0,1,
3,test,pad_top,pad_top,51,image_block_06,fx,gx,0.0,1,
3,test,pad_top,pad_top,51,image_block_06,fgx,gfx,0.0,1,
3,test,pad_top,pad_top,145,image_block_06,fx,gx,0.0,1,
3,test,pad_top,pad_top,145,image_block_06,fgx,gfx,0.0,1,
3,test,pad_top,pad_top,107,image_block_06,fx,gx,0.0,1,
3,test,pad_top,pad_top,107,image_block_06,fgx,gfx,0.0,1,
3,test,pad_top,pad_top,33,image_block_06,fx,gx,0.0,1,
3,test,pad_top,pad_top,33,image_block_06,fgx,gfx,0.0,1,
3,test,pad_top,pad_top,56,image_final_norm,fx,gx,0.0,1,
3,test,pad_top,pad_top,56,image_final_norm,fgx,gfx,0.0,1,
3,test,pad_top,pad_top,203,image_final_norm,fx,gx,0.0,1,
3,test,pad_top,pad_top,203,image_final_norm,fgx,gfx,0.0,1,
3,test,pad_top,pad_top,77,image_final_norm,fx,gx,0.0,1,
3,test,pad_top,pad_top,77,image_final_norm,fgx,gfx,0.0,1,
3,test,pad_top,pad_top,19,image_final_norm,fx,gx,0.0,1,
3,test,pad_top,pad_top,19,image_final_norm,fgx,gfx,0.0,1,
3,test,pad_top,pad_top,98,image_final_norm,fx,gx,0.0,1,
3,test,pad_top,pad_top,98,image_final_norm,fgx,gfx,0.0,1,
3,test,pad_top,pad_top,332,image_final_norm,fx,gx,0.0,1,
3,test,pad_top,pad_top,332,image_final_norm,fgx,gfx,0.0,1,
3,test,pad_top,pad_top,82,image_final_norm,fx,gx,0.0,1,
3,test,pad_top,pad_top,82,image_final_norm,fgx,gfx,0.0,1,
3,test,pad_top,pad_top,228,image_final_norm,fx,gx,0.0,1,
3,test,pad_top,pad_top,228,image_final_norm,fgx,gfx,0.0,1,
3,test,pad_top,pad_top,305,image_final_norm,fx,gx,0.0,1,
3,test,pad_top,pad_top,305,image_final_norm,fgx,gfx,0.0,1,
3,test,pad_top,pad_top,219,image_final_norm,fx,gx,0.0,1,
3,test,pad_top,pad_top,219,image_final_norm,fgx,gfx,0.0,1,
3,test,pad_top,pad_top,24,image_final_norm,fx,gx,0.0,1,
3,test,pad_top,pad_top,24,image_final_norm,fgx,gfx,0.0,1,
3,test,pad_top,pad_top,164,image_final_norm,fx,gx,0.0,1,
3,test,pad_top,pad_top,164,image_final_norm,fgx,gfx,0.0,1,
3,test,pad_top,pad_top,51,image_final_norm,fx,gx,0.0,1,
3,test,pad_top,pad_top,51,image_final_norm,fgx,gfx,0.0,1,
3,test,pad_top,pad_top,145,image_final_norm,fx,gx,0.0,1,
3,test,pad_top,pad_top,145,image_final_norm,fgx,gfx,0.0,1,
3,test,pad_top,pad_top,107,image_final_norm,fx,gx,0.0,1,
3,test,pad_top,pad_top,107,image_final_norm,fgx,gfx,0.0,1,
3,test,pad_top,pad_top,33,image_final_norm,fx,gx,0.0,1,
3,test,pad_top,pad_top,33,image_final_norm,fgx,gfx,0.0,1,
3,test,pad_top,pad_top,127,image_input_tokens,fx,gx,0.0,1,
3,test,pad_top,pad_top,127,image_input_tokens,fgx,gfx,0.0,1,
3,test,pad_top,pad_top,251,image_input_tokens,fx,gx,0.0,1,
3,test,pad_top,pad_top,251,image_input_tokens,fgx,gfx,0.0,1,
3,test,pad_top,pad_top,213,image_input_tokens,fx,gx,0.0,1,
3,test,pad_top,pad_top,213,image_input_tokens,fgx,gfx,0.0,1,
3,test,pad_top,pad_top,152,image_input_tokens,fx,gx,0.0,1,
3,test,pad_top,pad_top,152,image_input_tokens,fgx,gfx,0.0,1,
3,test,pad_top,pad_top,27,image_input_tokens,fx,gx,0.0,1,
3,test,pad_top,pad_top,27,image_input_tokens,fgx,gfx,0.0,1,
3,test,pad_top,pad_top,316,image_input_tokens,fx,gx,0.0,1,
3,test,pad_top,pad_top,316,image_input_tokens,fgx,gfx,0.0,1,
3,test,pad_top,pad_top,61,image_input_tokens,fx,gx,0.0,1,
3,test,pad_top,pad_top,61,image_input_tokens,fgx,gfx,0.0,1,
3,test,pad_top,pad_top,84,image_input_tokens,fx,gx,0.0,1,
3,test,pad_top,pad_top,84,image_input_tokens,fgx,gfx,0.0,1,
3,test,pad_top,pad_top,196,image_input_tokens,fx,gx,0.0,1,
3,test,pad_top,pad_top,196,image_input_tokens,fgx,gfx,0.0,1,
3,test,pad_top,pad_top,215,image_input_tokens,fx,gx,0.0,1,
3,test,pad_top,pad_top,215,image_input_tokens,fgx,gfx,0.0,1,
3,test,pad_top,pad_top,331,image_input_tokens,fx,gx,0.0,1,
3,test,pad_top,pad_top,331,image_input_tokens,fgx,gfx,0.0,1,
3,test,pad_top,pad_top,3,image_input_tokens,fx,gx,0.0,1,
3,test,pad_top,pad_top,3,image_input_tokens,fgx,gfx,0.0,1,
3,test,pad_top,pad_top,306,image_input_tokens,fx,gx,0.0,1,
3,test,pad_top,pad_top,306,image_input_tokens,fgx,gfx,0.0,1,
3,test,pad_top,pad_top,181,image_input_tokens,fx,gx,0.0,1,
3,test,pad_top,pad_top,181,image_input_tokens,fgx,gfx,0.0,1,
3,test,pad_top,pad_top,149,image_input_tokens,fx,gx,0.0,1,
3,test,pad_top,pad_top,149,image_input_tokens,fgx,gfx,0.0,1,
3,test,pad_top,pad_top,38,image_input_tokens,fx,gx,0.0,1,
3,test,pad_top,pad_top,38,image_input_tokens,fgx,gfx,0.0,1,
3,test,pad_top,pad_top,127,image_block_01,fx,gx,0.0,1,
3,test,pad_top,pad_top,127,image_block_01,fgx,gfx,0.0,1,
3,test,pad_top,pad_top,251,image_block_01,fx,gx,0.0,1,
3,test,pad_top,pad_top,251,image_block_01,fgx,gfx,0.0,1,
3,test,pad_top,pad_top,213,image_block_01,fx,gx,0.0,1,
3,test,pad_top,pad_top,213,image_block_01,fgx,gfx,0.0,1,
3,test,pad_top,pad_top,152,image_block_01,fx,gx,0.0,1,
3,test,pad_top,pad_top,152,image_block_01,fgx,gfx,0.0,1,
3,test,pad_top,pad_top,27,image_block_01,fx,gx,0.0,1,
3,test,pad_top,pad_top,27,image_block_01,fgx,gfx,0.0,1,
3,test,pad_top,pad_top,316,image_block_01,fx,gx,0.0,1,
3,test,pad_top,pad_top,316,image_block_01,fgx,gfx,0.0,1,
3,test,pad_top,pad_top,61,image_block_01,fx,gx,0.0,1,
3,test,pad_top,pad_top,61,image_block_01,fgx,gfx,0.0,1,
3,test,pad_top,pad_top,84,image_block_01,fx,gx,0.0,1,
3,test,pad_top,pad_top,84,image_block_01,fgx,gfx,0.0,1,
3,test,pad_top,pad_top,196,image_block_01,fx,gx,0.0,1,
3,test,pad_top,pad_top,196,image_block_01,fgx,gfx,0.0,1,
3,test,pad_top,pad_top,215,image_block_01,fx,gx,0.0,1,
3,test,pad_top,pad_top,215,image_block_01,fgx,gfx,0.0,1,
3,test,pad_top,pad_top,331,image_block_01,fx,gx,0.0,1,
3,test,pad_top,pad_top,331,image_block_01,fgx,gfx,0.0,1,
3,test,pad_top,pad_top,3,image_block_01,fx,gx,0.0,1,
3,test,pad_top,pad_top,3,image_block_01,fgx,gfx,0.0,1,
3,test,pad_top,pad_top,306,image_block_01,fx,gx,0.0,1,
3,test,pad_top,pad_top,306,image_block_01,fgx,gfx,0.0,1,
3,test,pad_top,pad_top,181,image_block_01,fx,gx,0.0,1,
3,test,pad_top,pad_top,181,image_block_01,fgx,gfx,0.0,1,
3,test,pad_top,pad_top,149,image_block_01,fx,gx,0.0,1,
3,test,pad_top,pad_top,149,image_block_01,fgx,gfx,0.0,1,
3,test,pad_top,pad_top,38,image_block_01,fx,gx,0.0,1,
3,test,pad_top,pad_top,38,image_block_01,fgx,gfx,0.0,1,
3,test,pad_top,pad_top,127,image_block_02,fx,gx,0.0,1,
3,test,pad_top,pad_top,127,image_block_02,fgx,gfx,0.0,1,
3,test,pad_top,pad_top,251,image_block_02,fx,gx,0.0,1,
3,test,pad_top,pad_top,251,image_block_02,fgx,gfx,0.0,1,
3,test,pad_top,pad_top,213,image_block_02,fx,gx,0.0,1,
3,test,pad_top,pad_top,213,image_block_02,fgx,gfx,0.0,1,
3,test,pad_top,pad_top,152,image_block_02,fx,gx,0.0,1,
3,test,pad_top,pad_top,152,image_block_02,fgx,gfx,0.0,1,
3,test,pad_top,pad_top,27,image_block_02,fx,gx,0.0,1,
3,test,pad_top,pad_top,27,image_block_02,fgx,gfx,0.0,1,
3,test,pad_top,pad_top,316,image_block_02,fx,gx,0.0,1,
3,test,pad_top,pad_top,316,image_block_02,fgx,gfx,0.0,1,
3,test,pad_top,pad_top,61,image_block_02,fx,gx,0.0,1,
3,test,pad_top,pad_top,61,image_block_02,fgx,gfx,0.0,1,
3,test,pad_top,pad_top,84,image_block_02,fx,gx,0.0,1,
3,test,pad_top,pad_top,84,image_block_02,fgx,gfx,0.0,1,
3,test,pad_top,pad_top,196,image_block_02,fx,gx,0.0,1,
3,test,pad_top,pad_top,196,image_block_02,fgx,gfx,0.0,1,
3,test,pad_top,pad_top,215,image_block_02,fx,gx,0.0,1,
3,test,pad_top,pad_top,215,image_block_02,fgx,gfx,0.0,1,
3,test,pad_top,pad_top,331,image_block_02,fx,gx,0.0,1,
3,test,pad_top,pad_top,331,image_block_02,fgx,gfx,0.0,1,
3,test,pad_top,pad_top,3,image_block_02,fx,gx,0.0,1,
3,test,pad_top,pad_top,3,image_block_02,fgx,gfx,0.0,1,
3,test,pad_top,pad_top,306,image_block_02,fx,gx,0.0,1,
3,test,pad_top,pad_top,306,image_block_02,fgx,gfx,0.0,1,
3,test,pad_top,pad_top,181,image_block_02,fx,gx,0.0,1,
3,test,pad_top,pad_top,181,image_block_02,fgx,gfx,0.0,1,
3,test,pad_top,pad_top,149,image_block_02,fx,gx,0.0,1,
3,test,pad_top,pad_top,149,image_block_02,fgx,gfx,0.0,1,
3,test,pad_top,pad_top,38,image_block_02,fx,gx,0.0,1,
3,test,pad_top,pad_top,38,image_block_02,fgx,gfx,0.0,1,
3,test,pad_top,pad_top,127,image_block_03,fx,gx,0.0,1,
3,test,pad_top,pad_top,127,image_block_03,fgx,gfx,0.0,1,
3,test,pad_top,pad_top,251,image_block_03,fx,gx,0.0,1,
3,test,pad_top,pad_top,251,image_block_03,fgx,gfx,0.0,1,
3,test,pad_top,pad_top,213,image_block_03,fx,gx,0.0,1,
3,test,pad_top,pad_top,213,image_block_03,fgx,gfx,0.0,1,
3,test,pad_top,pad_top,152,image_block_03,fx,gx,0.0,1,
3,test,pad_top,pad_top,152,image_block_03,fgx,gfx,0.0,1,
3,test,pad_top,pad_top,27,image_block_03,fx,gx,0.0,1,
3,test,pad_top,pad_top,27,image_block_03,fgx,gfx,0.0,1,
3,test,pad_top,pad_top,316,image_block_03,fx,gx,0.0,1,
3,test,pad_top,pad_top,316,image_block_03,fgx,gfx,0.0,1,
3,test,pad_top,pad_top,61,image_block_03,fx,gx,0.0,1,
3,test,pad_top,pad_top,61,image_block_03,fgx,gfx,0.0,1,
3,test,pad_top,pad_top,84,image_block_03,fx,gx,0.0,1,
3,test,pad_top,pad_top,84,image_block_03,fgx,gfx,0.0,1,
3,test,pad_top,pad_top,196,image_block_03,fx,gx,0.0,1,
3,test,pad_top,pad_top,196,image_block_03,fgx,gfx,0.0,1,
3,test,pad_top,pad_top,215,image_block_03,fx,gx,0.0,1,
3,test,pad_top,pad_top,215,image_block_03,fgx,gfx,0.0,1,
3,test,pad_top,pad_top,331,image_block_03,fx,gx,0.0,1,
3,test,pad_top,pad_top,331,image_block_03,fgx,gfx,0.0,1,
3,test,pad_top,pad_top,3,image_block_03,fx,gx,0.0,1,
3,test,pad_top,pad_top,3,image_block_03,fgx,gfx,0.0,1,
3,test,pad_top,pad_top,306,image_block_03,fx,gx,0.0,1,
3,test,pad_top,pad_top,306,image_block_03,fgx,gfx,0.0,1,
3,test,pad_top,pad_top,181,image_block_03,fx,gx,0.0,1,
3,test,pad_top,pad_top,181,image_block_03,fgx,gfx,0.0,1,
3,test,pad_top,pad_top,149,image_block_03,fx,gx,0.0,1,
3,test,pad_top,pad_top,149,image_block_03,fgx,gfx,0.0,1,
3,test,pad_top,pad_top,38,image_block_03,fx,gx,0.0,1,
3,test,pad_top,pad_top,38,image_block_03,fgx,gfx,0.0,1,
3,test,pad_top,pad_top,127,image_block_04,fx,gx,0.0,1,
3,test,pad_top,pad_top,127,image_block_04,fgx,gfx,0.0,1,
3,test,pad_top,pad_top,251,image_block_04,fx,gx,0.0,1,
3,test,pad_top,pad_top,251,image_block_04,fgx,gfx,0.0,1,
3,test,pad_top,pad_top,213,image_block_04,fx,gx,0.0,1,
3,test,pad_top,pad_top,213,image_block_04,fgx,gfx,0.0,1,
3,test,pad_top,pad_top,152,image_block_04,fx,gx,0.0,1,
3,test,pad_top,pad_top,152,image_block_04,fgx,gfx,0.0,1,
3,test,pad_top,pad_top,27,image_block_04,fx,gx,0.0,1,
3,test,pad_top,pad_top,27,image_block_04,fgx,gfx,0.0,1,
3,test,pad_top,pad_top,316,image_block_04,fx,gx,0.0,1,
3,test,pad_top,pad_top,316,image_block_04,fgx,gfx,0.0,1,
3,test,pad_top,pad_top,61,image_block_04,fx,gx,0.0,1,
3,test,pad_top,pad_top,61,image_block_04,fgx,gfx,0.0,1,
3,test,pad_top,pad_top,84,image_block_04,fx,gx,0.0,1,
3,test,pad_top,pad_top,84,image_block_04,fgx,gfx,0.0,1,
3,test,pad_top,pad_top,196,image_block_04,fx,gx,0.0,1,
3,test,pad_top,pad_top,196,image_block_04,fgx,gfx,0.0,1,
3,test,pad_top,pad_top,215,image_block_04,fx,gx,0.0,1,
3,test,pad_top,pad_top,215,image_block_04,fgx,gfx,0.0,1,
3,test,pad_top,pad_top,331,image_block_04,fx,gx,0.0,1,
3,test,pad_top,pad_top,331,image_block_04,fgx,gfx,0.0,1,
3,test,pad_top,pad_top,3,image_block_04,fx,gx,0.0,1,
3,test,pad_top,pad_top,3,image_block_04,fgx,gfx,0.0,1,
3,test,pad_top,pad_top,306,image_block_04,fx,gx,0.0,1,
3,test,pad_top,pad_top,306,image_block_04,fgx,gfx,0.0,1,
3,test,pad_top,pad_top,181,image_block_04,fx,gx,0.0,1,
3,test,pad_top,pad_top,181,image_block_04,fgx,gfx,0.0,1,
3,test,pad_top,pad_top,149,image_block_04,fx,gx,0.0,1,
3,test,pad_top,pad_top,149,image_block_04,fgx,gfx,0.0,1,
3,test,pad_top,pad_top,38,image_block_04,fx,gx,0.0,1,
3,test,pad_top,pad_top,38,image_block_04,fgx,gfx,0.0,1,
3,test,pad_top,pad_top,127,image_block_05,fx,gx,0.0,1,
3,test,pad_top,pad_top,127,image_block_05,fgx,gfx,0.0,1,
3,test,pad_top,pad_top,251,image_block_05,fx,gx,0.0,1,
3,test,pad_top,pad_top,251,image_block_05,fgx,gfx,0.0,1,
3,test,pad_top,pad_top,213,image_block_05,fx,gx,0.0,1,
3,test,pad_top,pad_top,213,image_block_05,fgx,gfx,0.0,1,
3,test,pad_top,pad_top,152,image_block_05,fx,gx,0.0,1,
3,test,pad_top,pad_top,152,image_block_05,fgx,gfx,0.0,1,
3,test,pad_top,pad_top,27,image_block_05,fx,gx,0.0,1,
3,test,pad_top,pad_top,27,image_block_05,fgx,gfx,0.0,1,
3,test,pad_top,pad_top,316,image_block_05,fx,gx,0.0,1,
3,test,pad_top,pad_top,316,image_block_05,fgx,gfx,0.0,1,
3,test,pad_top,pad_top,61,image_block_05,fx,gx,0.0,1,
3,test,pad_top,pad_top,61,image_block_05,fgx,gfx,0.0,1,
3,test,pad_top,pad_top,84,image_block_05,fx,gx,0.0,1,
3,test,pad_top,pad_top,84,image_block_05,fgx,gfx,0.0,1,
3,test,pad_top,pad_top,196,image_block_05,fx,gx,0.0,1,
3,test,pad_top,pad_top,196,image_block_05,fgx,gfx,0.0,1,
3,test,pad_top,pad_top,215,image_block_05,fx,gx,0.0,1,
3,test,pad_top,pad_top,215,image_block_05,fgx,gfx,0.0,1,
3,test,pad_top,pad_top,331,image_block_05,fx,gx,0.0,1,
3,test,pad_top,pad_top,331,image_block_05,fgx,gfx,0.0,1,
3,test,pad_top,pad_top,3,image_block_05,fx,gx,0.0,1,
3,test,pad_top,pad_top,3,image_block_05,fgx,gfx,0.0,1,
3,test,pad_top,pad_top,306,image_block_05,fx,gx,0.0,1,
3,test,pad_top,pad_top,306,image_block_05,fgx,gfx,0.0,1,
3,test,pad_top,pad_top,181,image_block_05,fx,gx,0.0,1,
3,test,pad_top,pad_top,181,image_block_05,fgx,gfx,0.0,1,
3,test,pad_top,pad_top,149,image_block_05,fx,gx,0.0,1,
3,test,pad_top,pad_top,149,image_block_05,fgx,gfx,0.0,1,
3,test,pad_top,pad_top,38,image_block_05,fx,gx,0.0,1,
3,test,pad_top,pad_top,38,image_block_05,fgx,gfx,0.0,1,
3,test,pad_top,pad_top,127,image_block_06,fx,gx,0.0,1,
3,test,pad_top,pad_top,127,image_block_06,fgx,gfx,0.0,1,
3,test,pad_top,pad_top,251,image_block_06,fx,gx,0.0,1,
3,test,pad_top,pad_top,251,image_block_06,fgx,gfx,0.0,1,
3,test,pad_top,pad_top,213,image_block_06,fx,gx,0.0,1,
3,test,pad_top,pad_top,213,image_block_06,fgx,gfx,0.0,1,
3,test,pad_top,pad_top,152,image_block_06,fx,gx,0.0,1,
3,test,pad_top,pad_top,152,image_block_06,fgx,gfx,0.0,1,
3,test,pad_top,pad_top,27,image_block_06,fx,gx,0.0,1,
3,test,pad_top,pad_top,27,image_block_06,fgx,gfx,0.0,1,
3,test,pad_top,pad_top,316,image_block_06,fx,gx,0.0,1,
3,test,pad_top,pad_top,316,image_block_06,fgx,gfx,0.0,1,
3,test,pad_top,pad_top,61,image_block_06,fx,gx,0.0,1,
3,test,pad_top,pad_top,61,image_block_06,fgx,gfx,0.0,1,
3,test,pad_top,pad_top,84,image_block_06,fx,gx,0.0,1,
3,test,pad_top,pad_top,84,image_block_06,fgx,gfx,0.0,1,
3,test,pad_top,pad_top,196,image_block_06,fx,gx,0.0,1,
3,test,pad_top,pad_top,196,image_block_06,fgx,gfx,0.0,1,
3,test,pad_top,pad_top,215,image_block_06,fx,gx,0.0,1,
3,test,pad_top,pad_top,215,image_block_06,fgx,gfx,0.0,1,
3,test,pad_top,pad_top,331,image_block_06,fx,gx,0.0,1,
3,test,pad_top,pad_top,331,image_block_06,fgx,gfx,0.0,1,
3,test,pad_top,pad_top,3,image_block_06,fx,gx,0.0,1,
3,test,pad_top,pad_top,3,image_block_06,fgx,gfx,0.0,1,
3,test,pad_top,pad_top,306,image_block_06,fx,gx,0.0,1,
3,test,pad_top,pad_top,306,image_block_06,fgx,gfx,0.0,1,
3,test,pad_top,pad_top,181,image_block_06,fx,gx,0.0,1,
3,test,pad_top,pad_top,181,image_block_06,fgx,gfx,0.0,1,
3,test,pad_top,pad_top,149,image_block_06,fx,gx,0.0,1,
3,test,pad_top,pad_top,149,image_block_06,fgx,gfx,0.0,1,
3,test,pad_top,pad_top,38,image_block_06,fx,gx,0.0,1,
3,test,pad_top,pad_top,38,image_block_06,fgx,gfx,0.0,1,
3,test,pad_top,pad_top,127,image_final_norm,fx,gx,0.0,1,
3,test,pad_top,pad_top,127,image_final_norm,fgx,gfx,0.0,1,
3,test,pad_top,pad_top,251,image_final_norm,fx,gx,0.0,1,
3,test,pad_top,pad_top,251,image_final_norm,fgx,gfx,0.0,1,
3,test,pad_top,pad_top,213,image_final_norm,fx,gx,0.0,1,
3,test,pad_top,pad_top,213,image_final_norm,fgx,gfx,0.0,1,
3,test,pad_top,pad_top,152,image_final_norm,fx,gx,0.0,1,
3,test,pad_top,pad_top,152,image_final_norm,fgx,gfx,0.0,1,
3,test,pad_top,pad_top,27,image_final_norm,fx,gx,0.0,1,
3,test,pad_top,pad_top,27,image_final_norm,fgx,gfx,0.0,1,
3,test,pad_top,pad_top,316,image_final_norm,fx,gx,0.0,1,
3,test,pad_top,pad_top,316,image_final_norm,fgx,gfx,0.0,1,
3,test,pad_top,pad_top,61,image_final_norm,fx,gx,0.0,1,
3,test,pad_top,pad_top,61,image_final_norm,fgx,gfx,0.0,1,
3,test,pad_top,pad_top,84,image_final_norm,fx,gx,0.0,1,
3,test,pad_top,pad_top,84,image_final_norm,fgx,gfx,0.0,1,
3,test,pad_top,pad_top,196,image_final_norm,fx,gx,0.0,1,
3,test,pad_top,pad_top,196,image_final_norm,fgx,gfx,0.0,1,
3,test,pad_top,pad_top,215,image_final_norm,fx,gx,0.0,1,
3,test,pad_top,pad_top,215,image_final_norm,fgx,gfx,0.0,1,
3,test,pad_top,pad_top,331,image_final_norm,fx,gx,0.0,1,
3,test,pad_top,pad_top,331,image_final_norm,fgx,gfx,0.0,1,
3,test,pad_top,pad_top,3,image_final_norm,fx,gx,0.0,1,
3,test,pad_top,pad_top,3,image_final_norm,fgx,gfx,0.0,1,
3,test,pad_top,pad_top,306,image_final_norm,fx,gx,0.0,1,
3,test,pad_top,pad_top,306,image_final_norm,fgx,gfx,0.0,1,
3,test,pad_top,pad_top,181,image_final_norm,fx,gx,0.0,1,
3,test,pad_top,pad_top,181,image_final_norm,fgx,gfx,0.0,1,
3,test,pad_top,pad_top,149,image_final_norm,fx,gx,0.0,1,
3,test,pad_top,pad_top,149,image_final_norm,fgx,gfx,0.0,1,
3,test,pad_top,pad_top,38,image_final_norm,fx,gx,0.0,1,
3,test,pad_top,pad_top,38,image_final_norm,fgx,gfx,0.0,1,
3,test,pad_top,pad_top,238,image_input_tokens,fx,gx,0.0,1,
3,test,pad_top,pad_top,238,image_input_tokens,fgx,gfx,0.0,1,
3,test,pad_top,pad_top,198,image_input_tokens,fx,gx,0.0,1,
3,test,pad_top,pad_top,198,image_input_tokens,fgx,gfx,0.0,1,
3,test,pad_top,pad_top,68,image_input_tokens,fx,gx,0.0,1,
3,test,pad_top,pad_top,68,image_input_tokens,fgx,gfx,0.0,1,
3,test,pad_top,pad_top,29,image_input_tokens,fx,gx,0.0,1,
3,test,pad_top,pad_top,29,image_input_tokens,fgx,gfx,0.0,1,
3,test,pad_top,pad_top,12,image_input_tokens,fx,gx,0.0,1,
3,test,pad_top,pad_top,12,image_input_tokens,fgx,gfx,0.0,1,
3,test,pad_top,pad_top,233,image_input_tokens,fx,gx,0.0,1,
3,test,pad_top,pad_top,233,image_input_tokens,fgx,gfx,0.0,1,
3,test,pad_top,pad_top,264,image_input_tokens,fx,gx,0.0,1,
3,test,pad_top,pad_top,264,image_input_tokens,fgx,gfx,0.0,1,
3,test,pad_top,pad_top,259,image_input_tokens,fx,gx,0.0,1,
3,test,pad_top,pad_top,259,image_input_tokens,fgx,gfx,0.0,1,
3,test,pad_top,pad_top,104,image_input_tokens,fx,gx,0.0,1,
3,test,pad_top,pad_top,104,image_input_tokens,fgx,gfx,0.0,1,
3,test,pad_top,pad_top,284,image_input_tokens,fx,gx,0.0,1,
3,test,pad_top,pad_top,284,image_input_tokens,fgx,gfx,0.0,1,
3,test,pad_top,pad_top,318,image_input_tokens,fx,gx,0.0,1,
3,test,pad_top,pad_top,318,image_input_tokens,fgx,gfx,0.0,1,
3,test,pad_top,pad_top,200,image_input_tokens,fx,gx,0.0,1,
3,test,pad_top,pad_top,200,image_input_tokens,fgx,gfx,0.0,1,
3,test,pad_top,pad_top,118,image_input_tokens,fx,gx,0.0,1,
3,test,pad_top,pad_top,118,image_input_tokens,fgx,gfx,0.0,1,
3,test,pad_top,pad_top,235,image_input_tokens,fx,gx,0.0,1,
3,test,pad_top,pad_top,235,image_input_tokens,fgx,gfx,0.0,1,
3,test,pad_top,pad_top,159,image_input_tokens,fx,gx,0.0,1,
3,test,pad_top,pad_top,159,image_input_tokens,fgx,gfx,0.0,1,
3,test,pad_top,pad_top,276,image_input_tokens,fx,gx,0.0,1,
3,test,pad_top,pad_top,276,image_input_tokens,fgx,gfx,0.0,1,
3,test,pad_top,pad_top,238,image_block_01,fx,gx,0.0,1,
3,test,pad_top,pad_top,238,image_block_01,fgx,gfx,0.0,1,
3,test,pad_top,pad_top,198,image_block_01,fx,gx,0.0,1,
3,test,pad_top,pad_top,198,image_block_01,fgx,gfx,0.0,1,
3,test,pad_top,pad_top,68,image_block_01,fx,gx,0.0,1,
3,test,pad_top,pad_top,68,image_block_01,fgx,gfx,0.0,1,
3,test,pad_top,pad_top,29,image_block_01,fx,gx,0.0,1,
3,test,pad_top,pad_top,29,image_block_01,fgx,gfx,0.0,1,
3,test,pad_top,pad_top,12,image_block_01,fx,gx,0.0,1,
3,test,pad_top,pad_top,12,image_block_01,fgx,gfx,0.0,1,
3,test,pad_top,pad_top,233,image_block_01,fx,gx,0.0,1,
3,test,pad_top,pad_top,233,image_block_01,fgx,gfx,0.0,1,
3,test,pad_top,pad_top,264,image_block_01,fx,gx,0.0,1,
3,test,pad_top,pad_top,264,image_block_01,fgx,gfx,0.0,1,
3,test,pad_top,pad_top,259,image_block_01,fx,gx,0.0,1,
3,test,pad_top,pad_top,259,image_block_01,fgx,gfx,0.0,1,
3,test,pad_top,pad_top,104,image_block_01,fx,gx,0.0,1,
3,test,pad_top,pad_top,104,image_block_01,fgx,gfx,0.0,1,
3,test,pad_top,pad_top,284,image_block_01,fx,gx,0.0,1,
3,test,pad_top,pad_top,284,image_block_01,fgx,gfx,0.0,1,
3,test,pad_top,pad_top,318,image_block_01,fx,gx,0.0,1,
3,test,pad_top,pad_top,318,image_block_01,fgx,gfx,0.0,1,
3,test,pad_top,pad_top,200,image_block_01,fx,gx,0.0,1,
3,test,pad_top,pad_top,200,image_block_01,fgx,gfx,0.0,1,
3,test,pad_top,pad_top,118,image_block_01,fx,gx,0.0,1,
3,test,pad_top,pad_top,118,image_block_01,fgx,gfx,0.0,1,
3,test,pad_top,pad_top,235,image_block_01,fx,gx,0.0,1,
3,test,pad_top,pad_top,235,image_block_01,fgx,gfx,0.0,1,
3,test,pad_top,pad_top,159,image_block_01,fx,gx,0.0,1,
3,test,pad_top,pad_top,159,image_block_01,fgx,gfx,0.0,1,
3,test,pad_top,pad_top,276,image_block_01,fx,gx,0.0,1,
3,test,pad_top,pad_top,276,image_block_01,fgx,gfx,0.0,1,
3,test,pad_top,pad_top,238,image_block_02,fx,gx,0.0,1,
3,test,pad_top,pad_top,238,image_block_02,fgx,gfx,0.0,1,
3,test,pad_top,pad_top,198,image_block_02,fx,gx,0.0,1,
3,test,pad_top,pad_top,198,image_block_02,fgx,gfx,0.0,1,
3,test,pad_top,pad_top,68,image_block_02,fx,gx,0.0,1,
3,test,pad_top,pad_top,68,image_block_02,fgx,gfx,0.0,1,
3,test,pad_top,pad_top,29,image_block_02,fx,gx,0.0,1,
3,test,pad_top,pad_top,29,image_block_02,fgx,gfx,0.0,1,
3,test,pad_top,pad_top,12,image_block_02,fx,gx,0.0,1,
3,test,pad_top,pad_top,12,image_block_02,fgx,gfx,0.0,1,
3,test,pad_top,pad_top,233,image_block_02,fx,gx,0.0,1,
3,test,pad_top,pad_top,233,image_block_02,fgx,gfx,0.0,1,
3,test,pad_top,pad_top,264,image_block_02,fx,gx,0.0,1,
3,test,pad_top,pad_top,264,image_block_02,fgx,gfx,0.0,1,
3,test,pad_top,pad_top,259,image_block_02,fx,gx,0.0,1,
3,test,pad_top,pad_top,259,image_block_02,fgx,gfx,0.0,1,
3,test,pad_top,pad_top,104,image_block_02,fx,gx,0.0,1,
3,test,pad_top,pad_top,104,image_block_02,fgx,gfx,0.0,1,
3,test,pad_top,pad_top,284,image_block_02,fx,gx,0.0,1,
3,test,pad_top,pad_top,284,image_block_02,fgx,gfx,0.0,1,
3,test,pad_top,pad_top,318,image_block_02,fx,gx,0.0,1,
3,test,pad_top,pad_top,318,image_block_02,fgx,gfx,0.0,1,
3,test,pad_top,pad_top,200,image_block_02,fx,gx,0.0,1,
3,test,pad_top,pad_top,200,image_block_02,fgx,gfx,0.0,1,
3,test,pad_top,pad_top,118,image_block_02,fx,gx,0.0,1,
3,test,pad_top,pad_top,118,image_block_02,fgx,gfx,0.0,1,
3,test,pad_top,pad_top,235,image_block_02,fx,gx,0.0,1,
3,test,pad_top,pad_top,235,image_block_02,fgx,gfx,0.0,1,
3,test,pad_top,pad_top,159,image_block_02,fx,gx,0.0,1,
3,test,pad_top,pad_top,159,image_block_02,fgx,gfx,0.0,1,
3,test,pad_top,pad_top,276,image_block_02,fx,gx,0.0,1,
3,test,pad_top,pad_top,276,image_block_02,fgx,gfx,0.0,1,
3,test,pad_top,pad_top,238,image_block_03,fx,gx,0.0,1,
3,test,pad_top,pad_top,238,image_block_03,fgx,gfx,0.0,1,
3,test,pad_top,pad_top,198,image_block_03,fx,gx,0.0,1,
3,test,pad_top,pad_top,198,image_block_03,fgx,gfx,0.0,1,
3,test,pad_top,pad_top,68,image_block_03,fx,gx,0.0,1,
3,test,pad_top,pad_top,68,image_block_03,fgx,gfx,0.0,1,
3,test,pad_top,pad_top,29,image_block_03,fx,gx,0.0,1,
3,test,pad_top,pad_top,29,image_block_03,fgx,gfx,0.0,1,
3,test,pad_top,pad_top,12,image_block_03,fx,gx,0.0,1,
3,test,pad_top,pad_top,12,image_block_03,fgx,gfx,0.0,1,
3,test,pad_top,pad_top,233,image_block_03,fx,gx,0.0,1,
3,test,pad_top,pad_top,233,image_block_03,fgx,gfx,0.0,1,
3,test,pad_top,pad_top,264,image_block_03,fx,gx,0.0,1,
3,test,pad_top,pad_top,264,image_block_03,fgx,gfx,0.0,1,
3,test,pad_top,pad_top,259,image_block_03,fx,gx,0.0,1,
3,test,pad_top,pad_top,259,image_block_03,fgx,gfx,0.0,1,
3,test,pad_top,pad_top,104,image_block_03,fx,gx,0.0,1,
3,test,pad_top,pad_top,104,image_block_03,fgx,gfx,0.0,1,
3,test,pad_top,pad_top,284,image_block_03,fx,gx,0.0,1,
3,test,pad_top,pad_top,284,image_block_03,fgx,gfx,0.0,1,
3,test,pad_top,pad_top,318,image_block_03,fx,gx,0.0,1,
3,test,pad_top,pad_top,318,image_block_03,fgx,gfx,0.0,1,
3,test,pad_top,pad_top,200,image_block_03,fx,gx,0.0,1,
3,test,pad_top,pad_top,200,image_block_03,fgx,gfx,0.0,1,
3,test,pad_top,pad_top,118,image_block_03,fx,gx,0.0,1,
3,test,pad_top,pad_top,118,image_block_03,fgx,gfx,0.0,1,
3,test,pad_top,pad_top,235,image_block_03,fx,gx,0.0,1,
3,test,pad_top,pad_top,235,image_block_03,fgx,gfx,0.0,1,
3,test,pad_top,pad_top,159,image_block_03,fx,gx,0.0,1,
3,test,pad_top,pad_top,159,image_block_03,fgx,gfx,0.0,1,
3,test,pad_top,pad_top,276,image_block_03,fx,gx,0.0,1,
3,test,pad_top,pad_top,276,image_block_03,fgx,gfx,0.0,1,
3,test,pad_top,pad_top,238,image_block_04,fx,gx,0.0,1,
3,test,pad_top,pad_top,238,image_block_04,fgx,gfx,0.0,1,
3,test,pad_top,pad_top,198,image_block_04,fx,gx,0.0,1,
3,test,pad_top,pad_top,198,image_block_04,fgx,gfx,0.0,1,
3,test,pad_top,pad_top,68,image_block_04,fx,gx,0.0,1,
3,test,pad_top,pad_top,68,image_block_04,fgx,gfx,0.0,1,
3,test,pad_top,pad_top,29,image_block_04,fx,gx,0.0,1,
3,test,pad_top,pad_top,29,image_block_04,fgx,gfx,0.0,1,
3,test,pad_top,pad_top,12,image_block_04,fx,gx,0.0,1,
3,test,pad_top,pad_top,12,image_block_04,fgx,gfx,0.0,1,
3,test,pad_top,pad_top,233,image_block_04,fx,gx,0.0,1,
3,test,pad_top,pad_top,233,image_block_04,fgx,gfx,0.0,1,
3,test,pad_top,pad_top,264,image_block_04,fx,gx,0.0,1,
3,test,pad_top,pad_top,264,image_block_04,fgx,gfx,0.0,1,
3,test,pad_top,pad_top,259,image_block_04,fx,gx,0.0,1,
3,test,pad_top,pad_top,259,image_block_04,fgx,gfx,0.0,1,
3,test,pad_top,pad_top,104,image_block_04,fx,gx,0.0,1,
3,test,pad_top,pad_top,104,image_block_04,fgx,gfx,0.0,1,
3,test,pad_top,pad_top,284,image_block_04,fx,gx,0.0,1,
3,test,pad_top,pad_top,284,image_block_04,fgx,gfx,0.0,1,
3,test,pad_top,pad_top,318,image_block_04,fx,gx,0.0,1,
3,test,pad_top,pad_top,318,image_block_04,fgx,gfx,0.0,1,
3,test,pad_top,pad_top,200,image_block_04,fx,gx,0.0,1,
3,test,pad_top,pad_top,200,image_block_04,fgx,gfx,0.0,1,
3,test,pad_top,pad_top,118,image_block_04,fx,gx,0.0,1,
3,test,pad_top,pad_top,118,image_block_04,fgx,gfx,0.0,1,
3,test,pad_top,pad_top,235,image_block_04,fx,gx,0.0,1,
3,test,pad_top,pad_top,235,image_block_04,fgx,gfx,0.0,1,
3,test,pad_top,pad_top,159,image_block_04,fx,gx,0.0,1,
3,test,pad_top,pad_top,159,image_block_04,fgx,gfx,0.0,1,
3,test,pad_top,pad_top,276,image_block_04,fx,gx,0.0,1,
3,test,pad_top,pad_top,276,image_block_04,fgx,gfx,0.0,1,
3,test,pad_top,pad_top,238,image_block_05,fx,gx,0.0,1,
3,test,pad_top,pad_top,238,image_block_05,fgx,gfx,0.0,1,
3,test,pad_top,pad_top,198,image_block_05,fx,gx,0.0,1,
3,test,pad_top,pad_top,198,image_block_05,fgx,gfx,0.0,1,
3,test,pad_top,pad_top,68,image_block_05,fx,gx,0.0,1,
3,test,pad_top,pad_top,68,image_block_05,fgx,gfx,0.0,1,
3,test,pad_top,pad_top,29,image_block_05,fx,gx,0.0,1,
3,test,pad_top,pad_top,29,image_block_05,fgx,gfx,0.0,1,
3,test,pad_top,pad_top,12,image_block_05,fx,gx,0.0,1,
3,test,pad_top,pad_top,12,image_block_05,fgx,gfx,0.0,1,
3,test,pad_top,pad_top,233,image_block_05,fx,gx,0.0,1,
3,test,pad_top,pad_top,233,image_block_05,fgx,gfx,0.0,1,
3,test,pad_top,pad_top,264,image_block_05,fx,gx,0.0,1,
3,test,pad_top,pad_top,264,image_block_05,fgx,gfx,0.0,1,
3,test,pad_top,pad_top,259,image_block_05,fx,gx,0.0,1,
3,test,pad_top,pad_top,259,image_block_05,fgx,gfx,0.0,1,
3,test,pad_top,pad_top,104,image_block_05,fx,gx,0.0,1,
3,test,pad_top,pad_top,104,image_block_05,fgx,gfx,0.0,1,
3,test,pad_top,pad_top,284,image_block_05,fx,gx,0.0,1,
3,test,pad_top,pad_top,284,image_block_05,fgx,gfx,0.0,1,
3,test,pad_top,pad_top,318,image_block_05,fx,gx,0.0,1,
3,test,pad_top,pad_top,318,image_block_05,fgx,gfx,0.0,1,
3,test,pad_top,pad_top,200,image_block_05,fx,gx,0.0,1,
3,test,pad_top,pad_top,200,image_block_05,fgx,gfx,0.0,1,
3,test,pad_top,pad_top,118,image_block_05,fx,gx,0.0,1,
3,test,pad_top,pad_top,118,image_block_05,fgx,gfx,0.0,1,
3,test,pad_top,pad_top,235,image_block_05,fx,gx,0.0,1,
3,test,pad_top,pad_top,235,image_block_05,fgx,gfx,0.0,1,
3,test,pad_top,pad_top,159,image_block_05,fx,gx,0.0,1,
3,test,pad_top,pad_top,159,image_block_05,fgx,gfx,0.0,1,
3,test,pad_top,pad_top,276,image_block_05,fx,gx,0.0,1,
3,test,pad_top,pad_top,276,image_block_05,fgx,gfx,0.0,1,
3,test,pad_top,pad_top,238,image_block_06,fx,gx,0.0,1,
3,test,pad_top,pad_top,238,image_block_06,fgx,gfx,0.0,1,
3,test,pad_top,pad_top,198,image_block_06,fx,gx,0.0,1,
3,test,pad_top,pad_top,198,image_block_06,fgx,gfx,0.0,1,
3,test,pad_top,pad_top,68,image_block_06,fx,gx,0.0,1,
3,test,pad_top,pad_top,68,image_block_06,fgx,gfx,0.0,1,
3,test,pad_top,pad_top,29,image_block_06,fx,gx,0.0,1,
3,test,pad_top,pad_top,29,image_block_06,fgx,gfx,0.0,1,
3,test,pad_top,pad_top,12,image_block_06,fx,gx,0.0,1,
3,test,pad_top,pad_top,12,image_block_06,fgx,gfx,0.0,1,
3,test,pad_top,pad_top,233,image_block_06,fx,gx,0.0,1,
3,test,pad_top,pad_top,233,image_block_06,fgx,gfx,0.0,1,
3,test,pad_top,pad_top,264,image_block_06,fx,gx,0.0,1,
3,test,pad_top,pad_top,264,image_block_06,fgx,gfx,0.0,1,
3,test,pad_top,pad_top,259,image_block_06,fx,gx,0.0,1,
3,test,pad_top,pad_top,259,image_block_06,fgx,gfx,0.0,1,
3,test,pad_top,pad_top,104,image_block_06,fx,gx,0.0,1,
3,test,pad_top,pad_top,104,image_block_06,fgx,gfx,0.0,1,
3,test,pad_top,pad_top,284,image_block_06,fx,gx,0.0,1,
3,test,pad_top,pad_top,284,image_block_06,fgx,gfx,0.0,1,
3,test,pad_top,pad_top,318,image_block_06,fx,gx,0.0,1,
3,test,pad_top,pad_top,318,image_block_06,fgx,gfx,0.0,1,
3,test,pad_top,pad_top,200,image_block_06,fx,gx,0.0,1,
3,test,pad_top,pad_top,200,image_block_06,fgx,gfx,0.0,1,
3,test,pad_top,pad_top,118,image_block_06,fx,gx,0.0,1,
3,test,pad_top,pad_top,118,image_block_06,fgx,gfx,0.0,1,
3,test,pad_top,pad_top,235,image_block_06,fx,gx,0.0,1,
3,test,pad_top,pad_top,235,image_block_06,fgx,gfx,0.0,1,
3,test,pad_top,pad_top,159,image_block_06,fx,gx,0.0,1,
3,test,pad_top,pad_top,159,image_block_06,fgx,gfx,0.0,1,
3,test,pad_top,pad_top,276,image_block_06,fx,gx,0.0,1,
3,test,pad_top,pad_top,276,image_block_06,fgx,gfx,0.0,1,
3,test,pad_top,pad_top,238,image_final_norm,fx,gx,0.0,1,
3,test,pad_top,pad_top,238,image_final_norm,fgx,gfx,0.0,1,
3,test,pad_top,pad_top,198,image_final_norm,fx,gx,0.0,1,
3,test,pad_top,pad_top,198,image_final_norm,fgx,gfx,0.0,1,
3,test,pad_top,pad_top,68,image_final_norm,fx,gx,0.0,1,
3,test,pad_top,pad_top,68,image_final_norm,fgx,gfx,0.0,1,
3,test,pad_top,pad_top,29,image_final_norm,fx,gx,0.0,1,
3,test,pad_top,pad_top,29,image_final_norm,fgx,gfx,0.0,1,
3,test,pad_top,pad_top,12,image_final_norm,fx,gx,0.0,1,
3,test,pad_top,pad_top,12,image_final_norm,fgx,gfx,0.0,1,
3,test,pad_top,pad_top,233,image_final_norm,fx,gx,0.0,1,
3,test,pad_top,pad_top,233,image_final_norm,fgx,gfx,0.0,1,
3,test,pad_top,pad_top,264,image_final_norm,fx,gx,0.0,1,
3,test,pad_top,pad_top,264,image_final_norm,fgx,gfx,0.0,1,
3,test,pad_top,pad_top,259,image_final_norm,fx,gx,0.0,1,
3,test,pad_top,pad_top,259,image_final_norm,fgx,gfx,0.0,1,
3,test,pad_top,pad_top,104,image_final_norm,fx,gx,0.0,1,
3,test,pad_top,pad_top,104,image_final_norm,fgx,gfx,0.0,1,
3,test,pad_top,pad_top,284,image_final_norm,fx,gx,0.0,1,
3,test,pad_top,pad_top,284,image_final_norm,fgx,gfx,0.0,1,
3,test,pad_top,pad_top,318,image_final_norm,fx,gx,0.0,1,
3,test,pad_top,pad_top,318,image_final_norm,fgx,gfx,0.0,1,
3,test,pad_top,pad_top,200,image_final_norm,fx,gx,0.0,1,
3,test,pad_top,pad_top,200,image_final_norm,fgx,gfx,0.0,1,
3,test,pad_top,pad_top,118,image_final_norm,fx,gx,0.0,1,
3,test,pad_top,pad_top,118,image_final_norm,fgx,gfx,0.0,1,
3,test,pad_top,pad_top,235,image_final_norm,fx,gx,0.0,1,
3,test,pad_top,pad_top,235,image_final_norm,fgx,gfx,0.0,1,
3,test,pad_top,pad_top,159,image_final_norm,fx,gx,0.0,1,
3,test,pad_top,pad_top,159,image_final_norm,fgx,gfx,0.0,1,
3,test,pad_top,pad_top,276,image_final_norm,fx,gx,0.0,1,
3,test,pad_top,pad_top,276,image_final_norm,fgx,gfx,0.0,1,
3,test,pad_top,pad_top,180,image_input_tokens,fx,gx,0.0,1,
3,test,pad_top,pad_top,180,image_input_tokens,fgx,gfx,0.0,1,
3,test,pad_top,pad_top,143,image_input_tokens,fx,gx,0.0,1,
3,test,pad_top,pad_top,143,image_input_tokens,fgx,gfx,0.0,1,
3,test,pad_top,pad_top,58,image_input_tokens,fx,gx,0.0,1,
3,test,pad_top,pad_top,58,image_input_tokens,fgx,gfx,0.0,1,
3,test,pad_top,pad_top,283,image_input_tokens,fx,gx,0.0,1,
3,test,pad_top,pad_top,283,image_input_tokens,fgx,gfx,0.0,1,
3,test,pad_top,pad_top,89,image_input_tokens,fx,gx,0.0,1,
3,test,pad_top,pad_top,89,image_input_tokens,fgx,gfx,0.0,1,
3,test,pad_top,pad_top,171,image_input_tokens,fx,gx,0.0,1,
3,test,pad_top,pad_top,171,image_input_tokens,fgx,gfx,0.0,1,
3,test,pad_top,pad_top,70,image_input_tokens,fx,gx,0.0,1,
3,test,pad_top,pad_top,70,image_input_tokens,fgx,gfx,0.0,1,
3,test,pad_top,pad_top,179,image_input_tokens,fx,gx,0.0,1,
3,test,pad_top,pad_top,179,image_input_tokens,fgx,gfx,0.0,1,
3,test,pad_top,pad_top,54,image_input_tokens,fx,gx,0.0,1,
3,test,pad_top,pad_top,54,image_input_tokens,fgx,gfx,0.0,1,
3,test,pad_top,pad_top,162,image_input_tokens,fx,gx,0.0,1,
3,test,pad_top,pad_top,162,image_input_tokens,fgx,gfx,0.0,1,
3,test,pad_top,pad_top,135,image_input_tokens,fx,gx,0.0,1,
3,test,pad_top,pad_top,135,image_input_tokens,fgx,gfx,0.0,1,
3,test,pad_top,pad_top,211,image_input_tokens,fx,gx,0.0,1,
3,test,pad_top,pad_top,211,image_input_tokens,fgx,gfx,0.0,1,
3,test,pad_top,pad_top,323,image_input_tokens,fx,gx,0.0,1,
3,test,pad_top,pad_top,323,image_input_tokens,fgx,gfx,0.0,1,
3,test,pad_top,pad_top,53,image_input_tokens,fx,gx,0.0,1,
3,test,pad_top,pad_top,53,image_input_tokens,fgx,gfx,0.0,1,
3,test,pad_top,pad_top,258,image_input_tokens,fx,gx,0.0,1,
3,test,pad_top,pad_top,258,image_input_tokens,fgx,gfx,0.0,1,
3,test,pad_top,pad_top,317,image_input_tokens,fx,gx,0.0,1,
3,test,pad_top,pad_top,317,image_input_tokens,fgx,gfx,0.0,1,
3,test,pad_top,pad_top,180,image_block_01,fx,gx,0.0,1,
3,test,pad_top,pad_top,180,image_block_01,fgx,gfx,0.0,1,
3,test,pad_top,pad_top,143,image_block_01,fx,gx,0.0,1,
3,test,pad_top,pad_top,143,image_block_01,fgx,gfx,0.0,1,
3,test,pad_top,pad_top,58,image_block_01,fx,gx,0.0,1,
3,test,pad_top,pad_top,58,image_block_01,fgx,gfx,0.0,1,
3,test,pad_top,pad_top,283,image_block_01,fx,gx,0.0,1,
3,test,pad_top,pad_top,283,image_block_01,fgx,gfx,0.0,1,
3,test,pad_top,pad_top,89,image_block_01,fx,gx,0.0,1,
3,test,pad_top,pad_top,89,image_block_01,fgx,gfx,0.0,1,
3,test,pad_top,pad_top,171,image_block_01,fx,gx,0.0,1,
3,test,pad_top,pad_top,171,image_block_01,fgx,gfx,0.0,1,
3,test,pad_top,pad_top,70,image_block_01,fx,gx,0.0,1,
3,test,pad_top,pad_top,70,image_block_01,fgx,gfx,0.0,1,
3,test,pad_top,pad_top,179,image_block_01,fx,gx,0.0,1,
3,test,pad_top,pad_top,179,image_block_01,fgx,gfx,0.0,1,
3,test,pad_top,pad_top,54,image_block_01,fx,gx,0.0,1,
3,test,pad_top,pad_top,54,image_block_01,fgx,gfx,0.0,1,
3,test,pad_top,pad_top,162,image_block_01,fx,gx,0.0,1,
3,test,pad_top,pad_top,162,image_block_01,fgx,gfx,0.0,1,
3,test,pad_top,pad_top,135,image_block_01,fx,gx,0.0,1,
3,test,pad_top,pad_top,135,image_block_01,fgx,gfx,0.0,1,
3,test,pad_top,pad_top,211,image_block_01,fx,gx,0.0,1,
3,test,pad_top,pad_top,211,image_block_01,fgx,gfx,0.0,1,
3,test,pad_top,pad_top,323,image_block_01,fx,gx,0.0,1,
3,test,pad_top,pad_top,323,image_block_01,fgx,gfx,0.0,1,
3,test,pad_top,pad_top,53,image_block_01,fx,gx,0.0,1,
3,test,pad_top,pad_top,53,image_block_01,fgx,gfx,0.0,1,
3,test,pad_top,pad_top,258,image_block_01,fx,gx,0.0,1,
3,test,pad_top,pad_top,258,image_block_01,fgx,gfx,0.0,1,
3,test,pad_top,pad_top,317,image_block_01,fx,gx,0.0,1,
3,test,pad_top,pad_top,317,image_block_01,fgx,gfx,0.0,1,
3,test,pad_top,pad_top,180,image_block_02,fx,gx,0.0,1,
3,test,pad_top,pad_top,180,image_block_02,fgx,gfx,0.0,1,
3,test,pad_top,pad_top,143,image_block_02,fx,gx,0.0,1,
3,test,pad_top,pad_top,143,image_block_02,fgx,gfx,0.0,1,
3,test,pad_top,pad_top,58,image_block_02,fx,gx,0.0,1,
3,test,pad_top,pad_top,58,image_block_02,fgx,gfx,0.0,1,
3,test,pad_top,pad_top,283,image_block_02,fx,gx,0.0,1,
3,test,pad_top,pad_top,283,image_block_02,fgx,gfx,0.0,1,
3,test,pad_top,pad_top,89,image_block_02,fx,gx,0.0,1,
3,test,pad_top,pad_top,89,image_block_02,fgx,gfx,0.0,1,
3,test,pad_top,pad_top,171,image_block_02,fx,gx,0.0,1,
3,test,pad_top,pad_top,171,image_block_02,fgx,gfx,0.0,1,
3,test,pad_top,pad_top,70,image_block_02,fx,gx,0.0,1,
3,test,pad_top,pad_top,70,image_block_02,fgx,gfx,0.0,1,
3,test,pad_top,pad_top,179,image_block_02,fx,gx,0.0,1,
3,test,pad_top,pad_top,179,image_block_02,fgx,gfx,0.0,1,
3,test,pad_top,pad_top,54,image_block_02,fx,gx,0.0,1,
3,test,pad_top,pad_top,54,image_block_02,fgx,gfx,0.0,1,
3,test,pad_top,pad_top,162,image_block_02,fx,gx,0.0,1,
3,test,pad_top,pad_top,162,image_block_02,fgx,gfx,0.0,1,
3,test,pad_top,pad_top,135,image_block_02,fx,gx,0.0,1,
3,test,pad_top,pad_top,135,image_block_02,fgx,gfx,0.0,1,
3,test,pad_top,pad_top,211,image_block_02,fx,gx,0.0,1,
3,test,pad_top,pad_top,211,image_block_02,fgx,gfx,0.0,1,
3,test,pad_top,pad_top,323,image_block_02,fx,gx,0.0,1,
3,test,pad_top,pad_top,323,image_block_02,fgx,gfx,0.0,1,
3,test,pad_top,pad_top,53,image_block_02,fx,gx,0.0,1,
3,test,pad_top,pad_top,53,image_block_02,fgx,gfx,0.0,1,
3,test,pad_top,pad_top,258,image_block_02,fx,gx,0.0,1,
3,test,pad_top,pad_top,258,image_block_02,fgx,gfx,0.0,1,
3,test,pad_top,pad_top,317,image_block_02,fx,gx,0.0,1,
3,test,pad_top,pad_top,317,image_block_02,fgx,gfx,0.0,1,
3,test,pad_top,pad_top,180,image_block_03,fx,gx,0.0,1,
3,test,pad_top,pad_top,180,image_block_03,fgx,gfx,0.0,1,
3,test,pad_top,pad_top,143,image_block_03,fx,gx,0.0,1,
3,test,pad_top,pad_top,143,image_block_03,fgx,gfx,0.0,1,
3,test,pad_top,pad_top,58,image_block_03,fx,gx,0.0,1,
3,test,pad_top,pad_top,58,image_block_03,fgx,gfx,0.0,1,
3,test,pad_top,pad_top,283,image_block_03,fx,gx,0.0,1,
3,test,pad_top,pad_top,283,image_block_03,fgx,gfx,0.0,1,
3,test,pad_top,pad_top,89,image_block_03,fx,gx,0.0,1,
3,test,pad_top,pad_top,89,image_block_03,fgx,gfx,0.0,1,
3,test,pad_top,pad_top,171,image_block_03,fx,gx,0.0,1,
3,test,pad_top,pad_top,171,image_block_03,fgx,gfx,0.0,1,
3,test,pad_top,pad_top,70,image_block_03,fx,gx,0.0,1,
3,test,pad_top,pad_top,70,image_block_03,fgx,gfx,0.0,1,
3,test,pad_top,pad_top,179,image_block_03,fx,gx,0.0,1,
3,test,pad_top,pad_top,179,image_block_03,fgx,gfx,0.0,1,
3,test,pad_top,pad_top,54,image_block_03,fx,gx,0.0,1,
3,test,pad_top,pad_top,54,image_block_03,fgx,gfx,0.0,1,
3,test,pad_top,pad_top,162,image_block_03,fx,gx,0.0,1,
3,test,pad_top,pad_top,162,image_block_03,fgx,gfx,0.0,1,
3,test,pad_top,pad_top,135,image_block_03,fx,gx,0.0,1,
3,test,pad_top,pad_top,135,image_block_03,fgx,gfx,0.0,1,
3,test,pad_top,pad_top,211,image_block_03,fx,gx,0.0,1,
3,test,pad_top,pad_top,211,image_block_03,fgx,gfx,0.0,1,
3,test,pad_top,pad_top,323,image_block_03,fx,gx,0.0,1,
3,test,pad_top,pad_top,323,image_block_03,fgx,gfx,0.0,1,
3,test,pad_top,pad_top,53,image_block_03,fx,gx,0.0,1,
3,test,pad_top,pad_top,53,image_block_03,fgx,gfx,0.0,1,
3,test,pad_top,pad_top,258,image_block_03,fx,gx,0.0,1,
3,test,pad_top,pad_top,258,image_block_03,fgx,gfx,0.0,1,
3,test,pad_top,pad_top,317,image_block_03,fx,gx,0.0,1,
3,test,pad_top,pad_top,317,image_block_03,fgx,gfx,0.0,1,
3,test,pad_top,pad_top,180,image_block_04,fx,gx,0.0,1,
3,test,pad_top,pad_top,180,image_block_04,fgx,gfx,0.0,1,
3,test,pad_top,pad_top,143,image_block_04,fx,gx,0.0,1,
3,test,pad_top,pad_top,143,image_block_04,fgx,gfx,0.0,1,
3,test,pad_top,pad_top,58,image_block_04,fx,gx,0.0,1,
3,test,pad_top,pad_top,58,image_block_04,fgx,gfx,0.0,1,
3,test,pad_top,pad_top,283,image_block_04,fx,gx,0.0,1,
3,test,pad_top,pad_top,283,image_block_04,fgx,gfx,0.0,1,
3,test,pad_top,pad_top,89,image_block_04,fx,gx,0.0,1,
3,test,pad_top,pad_top,89,image_block_04,fgx,gfx,0.0,1,
3,test,pad_top,pad_top,171,image_block_04,fx,gx,0.0,1,
3,test,pad_top,pad_top,171,image_block_04,fgx,gfx,0.0,1,
3,test,pad_top,pad_top,70,image_block_04,fx,gx,0.0,1,
3,test,pad_top,pad_top,70,image_block_04,fgx,gfx,0.0,1,
3,test,pad_top,pad_top,179,image_block_04,fx,gx,0.0,1,
3,test,pad_top,pad_top,179,image_block_04,fgx,gfx,0.0,1,
3,test,pad_top,pad_top,54,image_block_04,fx,gx,0.0,1,
3,test,pad_top,pad_top,54,image_block_04,fgx,gfx,0.0,1,
3,test,pad_top,pad_top,162,image_block_04,fx,gx,0.0,1,
3,test,pad_top,pad_top,162,image_block_04,fgx,gfx,0.0,1,
3,test,pad_top,pad_top,135,image_block_04,fx,gx,0.0,1,
3,test,pad_top,pad_top,135,image_block_04,fgx,gfx,0.0,1,
3,test,pad_top,pad_top,211,image_block_04,fx,gx,0.0,1,
3,test,pad_top,pad_top,211,image_block_04,fgx,gfx,0.0,1,
3,test,pad_top,pad_top,323,image_block_04,fx,gx,0.0,1,
3,test,pad_top,pad_top,323,image_block_04,fgx,gfx,0.0,1,
3,test,pad_top,pad_top,53,image_block_04,fx,gx,0.0,1,
3,test,pad_top,pad_top,53,image_block_04,fgx,gfx,0.0,1,
3,test,pad_top,pad_top,258,image_block_04,fx,gx,0.0,1,
3,test,pad_top,pad_top,258,image_block_04,fgx,gfx,0.0,1,
3,test,pad_top,pad_top,317,image_block_04,fx,gx,0.0,1,
3,test,pad_top,pad_top,317,image_block_04,fgx,gfx,0.0,1,
3,test,pad_top,pad_top,180,image_block_05,fx,gx,0.0,1,
3,test,pad_top,pad_top,180,image_block_05,fgx,gfx,0.0,1,
3,test,pad_top,pad_top,143,image_block_05,fx,gx,0.0,1,
3,test,pad_top,pad_top,143,image_block_05,fgx,gfx,0.0,1,
3,test,pad_top,pad_top,58,image_block_05,fx,gx,0.0,1,
3,test,pad_top,pad_top,58,image_block_05,fgx,gfx,0.0,1,
3,test,pad_top,pad_top,283,image_block_05,fx,gx,0.0,1,
3,test,pad_top,pad_top,283,image_block_05,fgx,gfx,0.0,1,
3,test,pad_top,pad_top,89,image_block_05,fx,gx,0.0,1,
3,test,pad_top,pad_top,89,image_block_05,fgx,gfx,0.0,1,
3,test,pad_top,pad_top,171,image_block_05,fx,gx,0.0,1,
3,test,pad_top,pad_top,171,image_block_05,fgx,gfx,0.0,1,
3,test,pad_top,pad_top,70,image_block_05,fx,gx,0.0,1,
3,test,pad_top,pad_top,70,image_block_05,fgx,gfx,0.0,1,
3,test,pad_top,pad_top,179,image_block_05,fx,gx,0.0,1,
3,test,pad_top,pad_top,179,image_block_05,fgx,gfx,0.0,1,
3,test,pad_top,pad_top,54,image_block_05,fx,gx,0.0,1,
3,test,pad_top,pad_top,54,image_block_05,fgx,gfx,0.0,1,
3,test,pad_top,pad_top,162,image_block_05,fx,gx,0.0,1,
3,test,pad_top,pad_top,162,image_block_05,fgx,gfx,0.0,1,
3,test,pad_top,pad_top,135,image_block_05,fx,gx,0.0,1,
3,test,pad_top,pad_top,135,image_block_05,fgx,gfx,0.0,1,
3,test,pad_top,pad_top,211,image_block_05,fx,gx,0.0,1,
3,test,pad_top,pad_top,211,image_block_05,fgx,gfx,0.0,1,
3,test,pad_top,pad_top,323,image_block_05,fx,gx,0.0,1,
3,test,pad_top,pad_top,323,image_block_05,fgx,gfx,0.0,1,
3,test,pad_top,pad_top,53,image_block_05,fx,gx,0.0,1,
3,test,pad_top,pad_top,53,image_block_05,fgx,gfx,0.0,1,
3,test,pad_top,pad_top,258,image_block_05,fx,gx,0.0,1,
3,test,pad_top,pad_top,258,image_block_05,fgx,gfx,0.0,1,
3,test,pad_top,pad_top,317,image_block_05,fx,gx,0.0,1,
3,test,pad_top,pad_top,317,image_block_05,fgx,gfx,0.0,1,
3,test,pad_top,pad_top,180,image_block_06,fx,gx,0.0,1,
3,test,pad_top,pad_top,180,image_block_06,fgx,gfx,0.0,1,
3,test,pad_top,pad_top,143,image_block_06,fx,gx,0.0,1,
3,test,pad_top,pad_top,143,image_block_06,fgx,gfx,0.0,1,
3,test,pad_top,pad_top,58,image_block_06,fx,gx,0.0,1,
3,test,pad_top,pad_top,58,image_block_06,fgx,gfx,0.0,1,
3,test,pad_top,pad_top,283,image_block_06,fx,gx,0.0,1,
3,test,pad_top,pad_top,283,image_block_06,fgx,gfx,0.0,1,
3,test,pad_top,pad_top,89,image_block_06,fx,gx,0.0,1,
3,test,pad_top,pad_top,89,image_block_06,fgx,gfx,0.0,1,
3,test,pad_top,pad_top,171,image_block_06,fx,gx,0.0,1,
3,test,pad_top,pad_top,171,image_block_06,fgx,gfx,0.0,1,
3,test,pad_top,pad_top,70,image_block_06,fx,gx,0.0,1,
3,test,pad_top,pad_top,70,image_block_06,fgx,gfx,0.0,1,
3,test,pad_top,pad_top,179,image_block_06,fx,gx,0.0,1,
3,test,pad_top,pad_top,179,image_block_06,fgx,gfx,0.0,1,
3,test,pad_top,pad_top,54,image_block_06,fx,gx,0.0,1,
3,test,pad_top,pad_top,54,image_block_06,fgx,gfx,0.0,1,
3,test,pad_top,pad_top,162,image_block_06,fx,gx,0.0,1,
3,test,pad_top,pad_top,162,image_block_06,fgx,gfx,0.0,1,
3,test,pad_top,pad_top,135,image_block_06,fx,gx,0.0,1,
3,test,pad_top,pad_top,135,image_block_06,fgx,gfx,0.0,1,
3,test,pad_top,pad_top,211,image_block_06,fx,gx,0.0,1,
3,test,pad_top,pad_top,211,image_block_06,fgx,gfx,0.0,1,
3,test,pad_top,pad_top,323,image_block_06,fx,gx,0.0,1,
3,test,pad_top,pad_top,323,image_block_06,fgx,gfx,0.0,1,
3,test,pad_top,pad_top,53,image_block_06,fx,gx,0.0,1,
3,test,pad_top,pad_top,53,image_block_06,fgx,gfx,0.0,1,
3,test,pad_top,pad_top,258,image_block_06,fx,gx,0.0,1,
3,test,pad_top,pad_top,258,image_block_06,fgx,gfx,0.0,1,
3,test,pad_top,pad_top,317,image_block_06,fx,gx,0.0,1,
3,test,pad_top,pad_top,317,image_block_06,fgx,gfx,0.0,1,
3,test,pad_top,pad_top,180,image_final_norm,fx,gx,0.0,1,
3,test,pad_top,pad_top,180,image_final_norm,fgx,gfx,0.0,1,
3,test,pad_top,pad_top,143,image_final_norm,fx,gx,0.0,1,
3,test,pad_top,pad_top,143,image_final_norm,fgx,gfx,0.0,1,
3,test,pad_top,pad_top,58,image_final_norm,fx,gx,0.0,1,
3,test,pad_top,pad_top,58,image_final_norm,fgx,gfx,0.0,1,
3,test,pad_top,pad_top,283,image_final_norm,fx,gx,0.0,1,
3,test,pad_top,pad_top,283,image_final_norm,fgx,gfx,0.0,1,
3,test,pad_top,pad_top,89,image_final_norm,fx,gx,0.0,1,
3,test,pad_top,pad_top,89,image_final_norm,fgx,gfx,0.0,1,
3,test,pad_top,pad_top,171,image_final_norm,fx,gx,0.0,1,
3,test,pad_top,pad_top,171,image_final_norm,fgx,gfx,0.0,1,
3,test,pad_top,pad_top,70,image_final_norm,fx,gx,0.0,1,
3,test,pad_top,pad_top,70,image_final_norm,fgx,gfx,0.0,1,
3,test,pad_top,pad_top,179,image_final_norm,fx,gx,0.0,1,
3,test,pad_top,pad_top,179,image_final_norm,fgx,gfx,0.0,1,
3,test,pad_top,pad_top,54,image_final_norm,fx,gx,0.0,1,
3,test,pad_top,pad_top,54,image_final_norm,fgx,gfx,0.0,1,
3,test,pad_top,pad_top,162,image_final_norm,fx,gx,0.0,1,
3,test,pad_top,pad_top,162,image_final_norm,fgx,gfx,0.0,1,
3,test,pad_top,pad_top,135,image_final_norm,fx,gx,0.0,1,
3,test,pad_top,pad_top,135,image_final_norm,fgx,gfx,0.0,1,
3,test,pad_top,pad_top,211,image_final_norm,fx,gx,0.0,1,
3,test,pad_top,pad_top,211,image_final_norm,fgx,gfx,0.0,1,
3,test,pad_top,pad_top,323,image_final_norm,fx,gx,0.0,1,
3,test,pad_top,pad_top,323,image_final_norm,fgx,gfx,0.0,1,
3,test,pad_top,pad_top,53,image_final_norm,fx,gx,0.0,1,
3,test,pad_top,pad_top,53,image_final_norm,fgx,gfx,0.0,1,
3,test,pad_top,pad_top,258,image_final_norm,fx,gx,0.0,1,
3,test,pad_top,pad_top,258,image_final_norm,fgx,gfx,0.0,1,
3,test,pad_top,pad_top,317,image_final_norm,fx,gx,0.0,1,
3,test,pad_top,pad_top,317,image_final_norm,fgx,gfx,0.0,1,
3,test,pad_top,pad_top,293,image_input_tokens,fx,gx,0.0,1,
3,test,pad_top,pad_top,293,image_input_tokens,fgx,gfx,0.0,1,
3,test,pad_top,pad_top,30,image_input_tokens,fx,gx,0.0,1,
3,test,pad_top,pad_top,30,image_input_tokens,fgx,gfx,0.0,1,
3,test,pad_top,pad_top,8,image_input_tokens,fx,gx,0.0,1,
3,test,pad_top,pad_top,8,image_input_tokens,fgx,gfx,0.0,1,
3,test,pad_top,pad_top,205,image_input_tokens,fx,gx,0.0,1,
3,test,pad_top,pad_top,205,image_input_tokens,fgx,gfx,0.0,1,
3,test,pad_top,pad_top,92,image_input_tokens,fx,gx,0.0,1,
3,test,pad_top,pad_top,92,image_input_tokens,fgx,gfx,0.0,1,
3,test,pad_top,pad_top,169,image_input_tokens,fx,gx,0.0,1,
3,test,pad_top,pad_top,169,image_input_tokens,fgx,gfx,0.0,1,
3,test,pad_top,pad_top,7,image_input_tokens,fx,gx,0.0,1,
3,test,pad_top,pad_top,7,image_input_tokens,fgx,gfx,0.0,1,
3,test,pad_top,pad_top,280,image_input_tokens,fx,gx,0.0,1,
3,test,pad_top,pad_top,280,image_input_tokens,fgx,gfx,0.0,1,
3,test,pad_top,pad_top,178,image_input_tokens,fx,gx,0.0,1,
3,test,pad_top,pad_top,178,image_input_tokens,fgx,gfx,0.0,1,
3,test,pad_top,pad_top,60,image_input_tokens,fx,gx,0.0,1,
3,test,pad_top,pad_top,60,image_input_tokens,fgx,gfx,0.0,1,
3,test,pad_top,pad_top,148,image_input_tokens,fx,gx,0.0,1,
3,test,pad_top,pad_top,148,image_input_tokens,fgx,gfx,0.0,1,
3,test,pad_top,pad_top,307,image_input_tokens,fx,gx,0.0,1,
3,test,pad_top,pad_top,307,image_input_tokens,fgx,gfx,0.0,1,
3,test,pad_top,pad_top,204,image_input_tokens,fx,gx,0.0,1,
3,test,pad_top,pad_top,204,image_input_tokens,fgx,gfx,0.0,1,
3,test,pad_top,pad_top,292,image_input_tokens,fx,gx,0.0,1,
3,test,pad_top,pad_top,292,image_input_tokens,fgx,gfx,0.0,1,
3,test,pad_top,pad_top,256,image_input_tokens,fx,gx,0.0,1,
3,test,pad_top,pad_top,256,image_input_tokens,fgx,gfx,0.0,1,
3,test,pad_top,pad_top,20,image_input_tokens,fx,gx,0.0,1,
3,test,pad_top,pad_top,20,image_input_tokens,fgx,gfx,0.0,1,
3,test,pad_top,pad_top,293,image_block_01,fx,gx,0.0,1,
3,test,pad_top,pad_top,293,image_block_01,fgx,gfx,0.0,1,
3,test,pad_top,pad_top,30,image_block_01,fx,gx,0.0,1,
3,test,pad_top,pad_top,30,image_block_01,fgx,gfx,0.0,1,
3,test,pad_top,pad_top,8,image_block_01,fx,gx,0.0,1,
3,test,pad_top,pad_top,8,image_block_01,fgx,gfx,0.0,1,
3,test,pad_top,pad_top,205,image_block_01,fx,gx,0.0,1,
3,test,pad_top,pad_top,205,image_block_01,fgx,gfx,0.0,1,
3,test,pad_top,pad_top,92,image_block_01,fx,gx,0.0,1,
3,test,pad_top,pad_top,92,image_block_01,fgx,gfx,0.0,1,
3,test,pad_top,pad_top,169,image_block_01,fx,gx,0.0,1,
3,test,pad_top,pad_top,169,image_block_01,fgx,gfx,0.0,1,
3,test,pad_top,pad_top,7,image_block_01,fx,gx,0.0,1,
3,test,pad_top,pad_top,7,image_block_01,fgx,gfx,0.0,1,
3,test,pad_top,pad_top,280,image_block_01,fx,gx,0.0,1,
3,test,pad_top,pad_top,280,image_block_01,fgx,gfx,0.0,1,
3,test,pad_top,pad_top,178,image_block_01,fx,gx,0.0,1,
3,test,pad_top,pad_top,178,image_block_01,fgx,gfx,0.0,1,
3,test,pad_top,pad_top,60,image_block_01,fx,gx,0.0,1,
3,test,pad_top,pad_top,60,image_block_01,fgx,gfx,0.0,1,
3,test,pad_top,pad_top,148,image_block_01,fx,gx,0.0,1,
3,test,pad_top,pad_top,148,image_block_01,fgx,gfx,0.0,1,
3,test,pad_top,pad_top,307,image_block_01,fx,gx,0.0,1,
3,test,pad_top,pad_top,307,image_block_01,fgx,gfx,0.0,1,
3,test,pad_top,pad_top,204,image_block_01,fx,gx,0.0,1,
3,test,pad_top,pad_top,204,image_block_01,fgx,gfx,0.0,1,
3,test,pad_top,pad_top,292,image_block_01,fx,gx,0.0,1,
3,test,pad_top,pad_top,292,image_block_01,fgx,gfx,0.0,1,
3,test,pad_top,pad_top,256,image_block_01,fx,gx,0.0,1,
3,test,pad_top,pad_top,256,image_block_01,fgx,gfx,0.0,1,
3,test,pad_top,pad_top,20,image_block_01,fx,gx,0.0,1,
3,test,pad_top,pad_top,20,image_block_01,fgx,gfx,0.0,1,
3,test,pad_top,pad_top,293,image_block_02,fx,gx,0.0,1,
3,test,pad_top,pad_top,293,image_block_02,fgx,gfx,0.0,1,
3,test,pad_top,pad_top,30,image_block_02,fx,gx,0.0,1,
3,test,pad_top,pad_top,30,image_block_02,fgx,gfx,0.0,1,
3,test,pad_top,pad_top,8,image_block_02,fx,gx,0.0,1,
3,test,pad_top,pad_top,8,image_block_02,fgx,gfx,0.0,1,
3,test,pad_top,pad_top,205,image_block_02,fx,gx,0.0,1,
3,test,pad_top,pad_top,205,image_block_02,fgx,gfx,0.0,1,
3,test,pad_top,pad_top,92,image_block_02,fx,gx,0.0,1,
3,test,pad_top,pad_top,92,image_block_02,fgx,gfx,0.0,1,
3,test,pad_top,pad_top,169,image_block_02,fx,gx,0.0,1,
3,test,pad_top,pad_top,169,image_block_02,fgx,gfx,0.0,1,
3,test,pad_top,pad_top,7,image_block_02,fx,gx,0.0,1,
3,test,pad_top,pad_top,7,image_block_02,fgx,gfx,0.0,1,
3,test,pad_top,pad_top,280,image_block_02,fx,gx,0.0,1,
3,test,pad_top,pad_top,280,image_block_02,fgx,gfx,0.0,1,
3,test,pad_top,pad_top,178,image_block_02,fx,gx,0.0,1,
3,test,pad_top,pad_top,178,image_block_02,fgx,gfx,0.0,1,
3,test,pad_top,pad_top,60,image_block_02,fx,gx,0.0,1,
3,test,pad_top,pad_top,60,image_block_02,fgx,gfx,0.0,1,
3,test,pad_top,pad_top,148,image_block_02,fx,gx,0.0,1,
3,test,pad_top,pad_top,148,image_block_02,fgx,gfx,0.0,1,
3,test,pad_top,pad_top,307,image_block_02,fx,gx,0.0,1,
3,test,pad_top,pad_top,307,image_block_02,fgx,gfx,0.0,1,
3,test,pad_top,pad_top,204,image_block_02,fx,gx,0.0,1,
3,test,pad_top,pad_top,204,image_block_02,fgx,gfx,0.0,1,
3,test,pad_top,pad_top,292,image_block_02,fx,gx,0.0,1,
3,test,pad_top,pad_top,292,image_block_02,fgx,gfx,0.0,1,
3,test,pad_top,pad_top,256,image_block_02,fx,gx,0.0,1,
3,test,pad_top,pad_top,256,image_block_02,fgx,gfx,0.0,1,
3,test,pad_top,pad_top,20,image_block_02,fx,gx,0.0,1,
3,test,pad_top,pad_top,20,image_block_02,fgx,gfx,0.0,1,
3,test,pad_top,pad_top,293,image_block_03,fx,gx,0.0,1,
3,test,pad_top,pad_top,293,image_block_03,fgx,gfx,0.0,1,
3,test,pad_top,pad_top,30,image_block_03,fx,gx,0.0,1,
3,test,pad_top,pad_top,30,image_block_03,fgx,gfx,0.0,1,
3,test,pad_top,pad_top,8,image_block_03,fx,gx,0.0,1,
3,test,pad_top,pad_top,8,image_block_03,fgx,gfx,0.0,1,
3,test,pad_top,pad_top,205,image_block_03,fx,gx,0.0,1,
3,test,pad_top,pad_top,205,image_block_03,fgx,gfx,0.0,1,
3,test,pad_top,pad_top,92,image_block_03,fx,gx,0.0,1,
3,test,pad_top,pad_top,92,image_block_03,fgx,gfx,0.0,1,
3,test,pad_top,pad_top,169,image_block_03,fx,gx,0.0,1,
3,test,pad_top,pad_top,169,image_block_03,fgx,gfx,0.0,1,
3,test,pad_top,pad_top,7,image_block_03,fx,gx,0.0,1,
3,test,pad_top,pad_top,7,image_block_03,fgx,gfx,0.0,1,
3,test,pad_top,pad_top,280,image_block_03,fx,gx,0.0,1,
3,test,pad_top,pad_top,280,image_block_03,fgx,gfx,0.0,1,
3,test,pad_top,pad_top,178,image_block_03,fx,gx,0.0,1,
3,test,pad_top,pad_top,178,image_block_03,fgx,gfx,0.0,1,
3,test,pad_top,pad_top,60,image_block_03,fx,gx,0.0,1,
3,test,pad_top,pad_top,60,image_block_03,fgx,gfx,0.0,1,
3,test,pad_top,pad_top,148,image_block_03,fx,gx,0.0,1,
3,test,pad_top,pad_top,148,image_block_03,fgx,gfx,0.0,1,
3,test,pad_top,pad_top,307,image_block_03,fx,gx,0.0,1,
3,test,pad_top,pad_top,307,image_block_03,fgx,gfx,0.0,1,
3,test,pad_top,pad_top,204,image_block_03,fx,gx,0.0,1,
3,test,pad_top,pad_top,204,image_block_03,fgx,gfx,0.0,1,
3,test,pad_top,pad_top,292,image_block_03,fx,gx,0.0,1,
3,test,pad_top,pad_top,292,image_block_03,fgx,gfx,0.0,1,
3,test,pad_top,pad_top,256,image_block_03,fx,gx,0.0,1,
3,test,pad_top,pad_top,256,image_block_03,fgx,gfx,0.0,1,
3,test,pad_top,pad_top,20,image_block_03,fx,gx,0.0,1,
3,test,pad_top,pad_top,20,image_block_03,fgx,gfx,0.0,1,
3,test,pad_top,pad_top,293,image_block_04,fx,gx,0.0,1,
3,test,pad_top,pad_top,293,image_block_04,fgx,gfx,0.0,1,
3,test,pad_top,pad_top,30,image_block_04,fx,gx,0.0,1,
3,test,pad_top,pad_top,30,image_block_04,fgx,gfx,0.0,1,
3,test,pad_top,pad_top,8,image_block_04,fx,gx,0.0,1,
3,test,pad_top,pad_top,8,image_block_04,fgx,gfx,0.0,1,
3,test,pad_top,pad_top,205,image_block_04,fx,gx,0.0,1,
3,test,pad_top,pad_top,205,image_block_04,fgx,gfx,0.0,1,
3,test,pad_top,pad_top,92,image_block_04,fx,gx,0.0,1,
3,test,pad_top,pad_top,92,image_block_04,fgx,gfx,0.0,1,
3,test,pad_top,pad_top,169,image_block_04,fx,gx,0.0,1,
3,test,pad_top,pad_top,169,image_block_04,fgx,gfx,0.0,1,
3,test,pad_top,pad_top,7,image_block_04,fx,gx,0.0,1,
3,test,pad_top,pad_top,7,image_block_04,fgx,gfx,0.0,1,
3,test,pad_top,pad_top,280,image_block_04,fx,gx,0.0,1,
3,test,pad_top,pad_top,280,image_block_04,fgx,gfx,0.0,1,
3,test,pad_top,pad_top,178,image_block_04,fx,gx,0.0,1,
3,test,pad_top,pad_top,178,image_block_04,fgx,gfx,0.0,1,
3,test,pad_top,pad_top,60,image_block_04,fx,gx,0.0,1,
3,test,pad_top,pad_top,60,image_block_04,fgx,gfx,0.0,1,
3,test,pad_top,pad_top,148,image_block_04,fx,gx,0.0,1,
3,test,pad_top,pad_top,148,image_block_04,fgx,gfx,0.0,1,
3,test,pad_top,pad_top,307,image_block_04,fx,gx,0.0,1,
3,test,pad_top,pad_top,307,image_block_04,fgx,gfx,0.0,1,
3,test,pad_top,pad_top,204,image_block_04,fx,gx,0.0,1,
3,test,pad_top,pad_top,204,image_block_04,fgx,gfx,0.0,1,
3,test,pad_top,pad_top,292,image_block_04,fx,gx,0.0,1,
3,test,pad_top,pad_top,292,image_block_04,fgx,gfx,0.0,1,
3,test,pad_top,pad_top,256,image_block_04,fx,gx,0.0,1,
3,test,pad_top,pad_top,256,image_block_04,fgx,gfx,0.0,1,
3,test,pad_top,pad_top,20,image_block_04,fx,gx,0.0,1,
3,test,pad_top,pad_top,20,image_block_04,fgx,gfx,0.0,1,
3,test,pad_top,pad_top,293,image_block_05,fx,gx,0.0,1,
3,test,pad_top,pad_top,293,image_block_05,fgx,gfx,0.0,1,
3,test,pad_top,pad_top,30,image_block_05,fx,gx,0.0,1,
3,test,pad_top,pad_top,30,image_block_05,fgx,gfx,0.0,1,
3,test,pad_top,pad_top,8,image_block_05,fx,gx,0.0,1,
3,test,pad_top,pad_top,8,image_block_05,fgx,gfx,0.0,1,
3,test,pad_top,pad_top,205,image_block_05,fx,gx,0.0,1,
3,test,pad_top,pad_top,205,image_block_05,fgx,gfx,0.0,1,
3,test,pad_top,pad_top,92,image_block_05,fx,gx,0.0,1,
3,test,pad_top,pad_top,92,image_block_05,fgx,gfx,0.0,1,
3,test,pad_top,pad_top,169,image_block_05,fx,gx,0.0,1,
3,test,pad_top,pad_top,169,image_block_05,fgx,gfx,0.0,1,
3,test,pad_top,pad_top,7,image_block_05,fx,gx,0.0,1,
3,test,pad_top,pad_top,7,image_block_05,fgx,gfx,0.0,1,
3,test,pad_top,pad_top,280,image_block_05,fx,gx,0.0,1,
3,test,pad_top,pad_top,280,image_block_05,fgx,gfx,0.0,1,
3,test,pad_top,pad_top,178,image_block_05,fx,gx,0.0,1,
3,test,pad_top,pad_top,178,image_block_05,fgx,gfx,0.0,1,
3,test,pad_top,pad_top,60,image_block_05,fx,gx,0.0,1,
3,test,pad_top,pad_top,60,image_block_05,fgx,gfx,0.0,1,
3,test,pad_top,pad_top,148,image_block_05,fx,gx,0.0,1,
3,test,pad_top,pad_top,148,image_block_05,fgx,gfx,0.0,1,
3,test,pad_top,pad_top,307,image_block_05,fx,gx,0.0,1,
3,test,pad_top,pad_top,307,image_block_05,fgx,gfx,0.0,1,
3,test,pad_top,pad_top,204,image_block_05,fx,gx,0.0,1,
3,test,pad_top,pad_top,204,image_block_05,fgx,gfx,0.0,1,
3,test,pad_top,pad_top,292,image_block_05,fx,gx,0.0,1,
3,test,pad_top,pad_top,292,image_block_05,fgx,gfx,0.0,1,
3,test,pad_top,pad_top,256,image_block_05,fx,gx,0.0,1,
3,test,pad_top,pad_top,256,image_block_05,fgx,gfx,0.0,1,
3,test,pad_top,pad_top,20,image_block_05,fx,gx,0.0,1,
3,test,pad_top,pad_top,20,image_block_05,fgx,gfx,0.0,1,
3,test,pad_top,pad_top,293,image_block_06,fx,gx,0.0,1,
3,test,pad_top,pad_top,293,image_block_06,fgx,gfx,0.0,1,
3,test,pad_top,pad_top,30,image_block_06,fx,gx,0.0,1,
3,test,pad_top,pad_top,30,image_block_06,fgx,gfx,0.0,1,
3,test,pad_top,pad_top,8,image_block_06,fx,gx,0.0,1,
3,test,pad_top,pad_top,8,image_block_06,fgx,gfx,0.0,1,
3,test,pad_top,pad_top,205,image_block_06,fx,gx,0.0,1,
3,test,pad_top,pad_top,205,image_block_06,fgx,gfx,0.0,1,
3,test,pad_top,pad_top,92,image_block_06,fx,gx,0.0,1,
3,test,pad_top,pad_top,92,image_block_06,fgx,gfx,0.0,1,
3,test,pad_top,pad_top,169,image_block_06,fx,gx,0.0,1,
3,test,pad_top,pad_top,169,image_block_06,fgx,gfx,0.0,1,
3,test,pad_top,pad_top,7,image_block_06,fx,gx,0.0,1,
3,test,pad_top,pad_top,7,image_block_06,fgx,gfx,0.0,1,
3,test,pad_top,pad_top,280,image_block_06,fx,gx,0.0,1,
3,test,pad_top,pad_top,280,image_block_06,fgx,gfx,0.0,1,
3,test,pad_top,pad_top,178,image_block_06,fx,gx,0.0,1,
3,test,pad_top,pad_top,178,image_block_06,fgx,gfx,0.0,1,
3,test,pad_top,pad_top,60,image_block_06,fx,gx,0.0,1,
3,test,pad_top,pad_top,60,image_block_06,fgx,gfx,0.0,1,
3,test,pad_top,pad_top,148,image_block_06,fx,gx,0.0,1,
3,test,pad_top,pad_top,148,image_block_06,fgx,gfx,0.0,1,
3,test,pad_top,pad_top,307,image_block_06,fx,gx,0.0,1,
3,test,pad_top,pad_top,307,image_block_06,fgx,gfx,0.0,1,
3,test,pad_top,pad_top,204,image_block_06,fx,gx,0.0,1,
3,test,pad_top,pad_top,204,image_block_06,fgx,gfx,0.0,1,
3,test,pad_top,pad_top,292,image_block_06,fx,gx,0.0,1,
3,test,pad_top,pad_top,292,image_block_06,fgx,gfx,0.0,1,
3,test,pad_top,pad_top,256,image_block_06,fx,gx,0.0,1,
3,test,pad_top,pad_top,256,image_block_06,fgx,gfx,0.0,1,
3,test,pad_top,pad_top,20,image_block_06,fx,gx,0.0,1,
3,test,pad_top,pad_top,20,image_block_06,fgx,gfx,0.0,1,
3,test,pad_top,pad_top,293,image_final_norm,fx,gx,0.0,1,
3,test,pad_top,pad_top,293,image_final_norm,fgx,gfx,0.0,1,
3,test,pad_top,pad_top,30,image_final_norm,fx,gx,0.0,1,
3,test,pad_top,pad_top,30,image_final_norm,fgx,gfx,0.0,1,
3,test,pad_top,pad_top,8,image_final_norm,fx,gx,0.0,1,
3,test,pad_top,pad_top,8,image_final_norm,fgx,gfx,0.0,1,
3,test,pad_top,pad_top,205,image_final_norm,fx,gx,0.0,1,
3,test,pad_top,pad_top,205,image_final_norm,fgx,gfx,0.0,1,
3,test,pad_top,pad_top,92,image_final_norm,fx,gx,0.0,1,
3,test,pad_top,pad_top,92,image_final_norm,fgx,gfx,0.0,1,
3,test,pad_top,pad_top,169,image_final_norm,fx,gx,0.0,1,
3,test,pad_top,pad_top,169,image_final_norm,fgx,gfx,0.0,1,
3,test,pad_top,pad_top,7,image_final_norm,fx,gx,0.0,1,
3,test,pad_top,pad_top,7,image_final_norm,fgx,gfx,0.0,1,
3,test,pad_top,pad_top,280,image_final_norm,fx,gx,0.0,1,
3,test,pad_top,pad_top,280,image_final_norm,fgx,gfx,0.0,1,
3,test,pad_top,pad_top,178,image_final_norm,fx,gx,0.0,1,
3,test,pad_top,pad_top,178,image_final_norm,fgx,gfx,0.0,1,
3,test,pad_top,pad_top,60,image_final_norm,fx,gx,0.0,1,
3,test,pad_top,pad_top,60,image_final_norm,fgx,gfx,0.0,1,
3,test,pad_top,pad_top,148,image_final_norm,fx,gx,0.0,1,
3,test,pad_top,pad_top,148,image_final_norm,fgx,gfx,0.0,1,
3,test,pad_top,pad_top,307,image_final_norm,fx,gx,0.0,1,
3,test,pad_top,pad_top,307,image_final_norm,fgx,gfx,0.0,1,
3,test,pad_top,pad_top,204,image_final_norm,fx,gx,0.0,1,
3,test,pad_top,pad_top,204,image_final_norm,fgx,gfx,0.0,1,
3,test,pad_top,pad_top,292,image_final_norm,fx,gx,0.0,1,
3,test,pad_top,pad_top,292,image_final_norm,fgx,gfx,0.0,1,
3,test,pad_top,pad_top,256,image_final_norm,fx,gx,0.0,1,
3,test,pad_top,pad_top,256,image_final_norm,fgx,gfx,0.0,1,
3,test,pad_top,pad_top,20,image_final_norm,fx,gx,0.0,1,
3,test,pad_top,pad_top,20,image_final_norm,fgx,gfx,0.0,1,
3,test,pad_top,pad_top,999,image_input_tokens,fx,gx,0.0,1,
3,test,pad_top,pad_top,999,image_input_tokens,fgx,gfx,0.0,1,
3,test,pad_top,pad_top,166,image_input_tokens,fx,gx,0.0,1,
3,test,pad_top,pad_top,166,image_input_tokens,fgx,gfx,0.0,1,
3,test,pad_top,pad_top,112,image_input_tokens,fx,gx,0.0,1,
3,test,pad_top,pad_top,112,image_input_tokens,fgx,gfx,0.0,1,
3,test,pad_top,pad_top,201,image_input_tokens,fx,gx,0.0,1,
3,test,pad_top,pad_top,201,image_input_tokens,fgx,gfx,0.0,1,
3,test,pad_top,pad_top,313,image_input_tokens,fx,gx,0.0,1,
3,test,pad_top,pad_top,313,image_input_tokens,fgx,gfx,0.0,1,
3,test,pad_top,pad_top,79,image_input_tokens,fx,gx,0.0,1,
3,test,pad_top,pad_top,79,image_input_tokens,fgx,gfx,0.0,1,
3,test,pad_top,pad_top,327,image_input_tokens,fx,gx,0.0,1,
3,test,pad_top,pad_top,327,image_input_tokens,fgx,gfx,0.0,1,
3,test,pad_top,pad_top,9,image_input_tokens,fx,gx,0.0,1,
3,test,pad_top,pad_top,9,image_input_tokens,fgx,gfx,0.0,1,
3,test,pad_top,pad_top,202,image_input_tokens,fx,gx,0.0,1,
3,test,pad_top,pad_top,202,image_input_tokens,fgx,gfx,0.0,1,
3,test,pad_top,pad_top,207,image_input_tokens,fx,gx,0.0,1,
3,test,pad_top,pad_top,207,image_input_tokens,fgx,gfx,0.0,1,
3,test,pad_top,pad_top,59,image_input_tokens,fx,gx,0.0,1,
3,test,pad_top,pad_top,59,image_input_tokens,fgx,gfx,0.0,1,
3,test,pad_top,pad_top,151,image_input_tokens,fx,gx,0.0,1,
3,test,pad_top,pad_top,151,image_input_tokens,fgx,gfx,0.0,1,
3,test,pad_top,pad_top,185,image_input_tokens,fx,gx,0.0,1,
3,test,pad_top,pad_top,185,image_input_tokens,fgx,gfx,0.0,1,
3,test,pad_top,pad_top,4,image_input_tokens,fx,gx,0.0,1,
3,test,pad_top,pad_top,4,image_input_tokens,fgx,gfx,0.0,1,
3,test,pad_top,pad_top,245,image_input_tokens,fx,gx,0.0,1,
3,test,pad_top,pad_top,245,image_input_tokens,fgx,gfx,0.0,1,
3,test,pad_top,pad_top,67,image_input_tokens,fx,gx,0.0,1,
3,test,pad_top,pad_top,67,image_input_tokens,fgx,gfx,0.0,1,
3,test,pad_top,pad_top,999,image_block_01,fx,gx,0.0,1,
3,test,pad_top,pad_top,999,image_block_01,fgx,gfx,0.0,1,
3,test,pad_top,pad_top,166,image_block_01,fx,gx,0.0,1,
3,test,pad_top,pad_top,166,image_block_01,fgx,gfx,0.0,1,
3,test,pad_top,pad_top,112,image_block_01,fx,gx,0.0,1,
3,test,pad_top,pad_top,112,image_block_01,fgx,gfx,0.0,1,
3,test,pad_top,pad_top,201,image_block_01,fx,gx,0.0,1,
3,test,pad_top,pad_top,201,image_block_01,fgx,gfx,0.0,1,
3,test,pad_top,pad_top,313,image_block_01,fx,gx,0.0,1,
3,test,pad_top,pad_top,313,image_block_01,fgx,gfx,0.0,1,
3,test,pad_top,pad_top,79,image_block_01,fx,gx,0.0,1,
3,test,pad_top,pad_top,79,image_block_01,fgx,gfx,0.0,1,
3,test,pad_top,pad_top,327,image_block_01,fx,gx,0.0,1,
3,test,pad_top,pad_top,327,image_block_01,fgx,gfx,0.0,1,
3,test,pad_top,pad_top,9,image_block_01,fx,gx,0.0,1,
3,test,pad_top,pad_top,9,image_block_01,fgx,gfx,0.0,1,
3,test,pad_top,pad_top,202,image_block_01,fx,gx,0.0,1,
3,test,pad_top,pad_top,202,image_block_01,fgx,gfx,0.0,1,
3,test,pad_top,pad_top,207,image_block_01,fx,gx,0.0,1,
3,test,pad_top,pad_top,207,image_block_01,fgx,gfx,0.0,1,
3,test,pad_top,pad_top,59,image_block_01,fx,gx,0.0,1,
3,test,pad_top,pad_top,59,image_block_01,fgx,gfx,0.0,1,
3,test,pad_top,pad_top,151,image_block_01,fx,gx,0.0,1,
3,test,pad_top,pad_top,151,image_block_01,fgx,gfx,0.0,1,
3,test,pad_top,pad_top,185,image_block_01,fx,gx,0.0,1,
3,test,pad_top,pad_top,185,image_block_01,fgx,gfx,0.0,1,
3,test,pad_top,pad_top,4,image_block_01,fx,gx,0.0,1,
3,test,pad_top,pad_top,4,image_block_01,fgx,gfx,0.0,1,
3,test,pad_top,pad_top,245,image_block_01,fx,gx,0.0,1,
3,test,pad_top,pad_top,245,image_block_01,fgx,gfx,0.0,1,
3,test,pad_top,pad_top,67,image_block_01,fx,gx,0.0,1,
3,test,pad_top,pad_top,67,image_block_01,fgx,gfx,0.0,1,
3,test,pad_top,pad_top,999,image_block_02,fx,gx,0.0,1,
3,test,pad_top,pad_top,999,image_block_02,fgx,gfx,0.0,1,
3,test,pad_top,pad_top,166,image_block_02,fx,gx,0.0,1,
3,test,pad_top,pad_top,166,image_block_02,fgx,gfx,0.0,1,
3,test,pad_top,pad_top,112,image_block_02,fx,gx,0.0,1,
3,test,pad_top,pad_top,112,image_block_02,fgx,gfx,0.0,1,
3,test,pad_top,pad_top,201,image_block_02,fx,gx,0.0,1,
3,test,pad_top,pad_top,201,image_block_02,fgx,gfx,0.0,1,
3,test,pad_top,pad_top,313,image_block_02,fx,gx,0.0,1,
3,test,pad_top,pad_top,313,image_block_02,fgx,gfx,0.0,1,
3,test,pad_top,pad_top,79,image_block_02,fx,gx,0.0,1,
3,test,pad_top,pad_top,79,image_block_02,fgx,gfx,0.0,1,
3,test,pad_top,pad_top,327,image_block_02,fx,gx,0.0,1,
3,test,pad_top,pad_top,327,image_block_02,fgx,gfx,0.0,1,
3,test,pad_top,pad_top,9,image_block_02,fx,gx,0.0,1,
3,test,pad_top,pad_top,9,image_block_02,fgx,gfx,0.0,1,
3,test,pad_top,pad_top,202,image_block_02,fx,gx,0.0,1,
3,test,pad_top,pad_top,202,image_block_02,fgx,gfx,0.0,1,
3,test,pad_top,pad_top,207,image_block_02,fx,gx,0.0,1,
3,test,pad_top,pad_top,207,image_block_02,fgx,gfx,0.0,1,
3,test,pad_top,pad_top,59,image_block_02,fx,gx,0.0,1,
3,test,pad_top,pad_top,59,image_block_02,fgx,gfx,0.0,1,
3,test,pad_top,pad_top,151,image_block_02,fx,gx,0.0,1,
3,test,pad_top,pad_top,151,image_block_02,fgx,gfx,0.0,1,
3,test,pad_top,pad_top,185,image_block_02,fx,gx,0.0,1,
3,test,pad_top,pad_top,185,image_block_02,fgx,gfx,0.0,1,
3,test,pad_top,pad_top,4,image_block_02,fx,gx,0.0,1,
3,test,pad_top,pad_top,4,image_block_02,fgx,gfx,0.0,1,
3,test,pad_top,pad_top,245,image_block_02,fx,gx,0.0,1,
3,test,pad_top,pad_top,245,image_block_02,fgx,gfx,0.0,1,
3,test,pad_top,pad_top,67,image_block_02,fx,gx,0.0,1,
3,test,pad_top,pad_top,67,image_block_02,fgx,gfx,0.0,1,
3,test,pad_top,pad_top,999,image_block_03,fx,gx,0.0,1,
3,test,pad_top,pad_top,999,image_block_03,fgx,gfx,0.0,1,
3,test,pad_top,pad_top,166,image_block_03,fx,gx,0.0,1,
3,test,pad_top,pad_top,166,image_block_03,fgx,gfx,0.0,1,
3,test,pad_top,pad_top,112,image_block_03,fx,gx,0.0,1,
3,test,pad_top,pad_top,112,image_block_03,fgx,gfx,0.0,1,
3,test,pad_top,pad_top,201,image_block_03,fx,gx,0.0,1,
3,test,pad_top,pad_top,201,image_block_03,fgx,gfx,0.0,1,
3,test,pad_top,pad_top,313,image_block_03,fx,gx,0.0,1,
3,test,pad_top,pad_top,313,image_block_03,fgx,gfx,0.0,1,
3,test,pad_top,pad_top,79,image_block_03,fx,gx,0.0,1,
3,test,pad_top,pad_top,79,image_block_03,fgx,gfx,0.0,1,
3,test,pad_top,pad_top,327,image_block_03,fx,gx,0.0,1,
3,test,pad_top,pad_top,327,image_block_03,fgx,gfx,0.0,1,
3,test,pad_top,pad_top,9,image_block_03,fx,gx,0.0,1,
3,test,pad_top,pad_top,9,image_block_03,fgx,gfx,0.0,1,
3,test,pad_top,pad_top,202,image_block_03,fx,gx,0.0,1,
3,test,pad_top,pad_top,202,image_block_03,fgx,gfx,0.0,1,
3,test,pad_top,pad_top,207,image_block_03,fx,gx,0.0,1,
3,test,pad_top,pad_top,207,image_block_03,fgx,gfx,0.0,1,
3,test,pad_top,pad_top,59,image_block_03,fx,gx,0.0,1,
3,test,pad_top,pad_top,59,image_block_03,fgx,gfx,0.0,1,
3,test,pad_top,pad_top,151,image_block_03,fx,gx,0.0,1,
3,test,pad_top,pad_top,151,image_block_03,fgx,gfx,0.0,1,
3,test,pad_top,pad_top,185,image_block_03,fx,gx,0.0,1,
3,test,pad_top,pad_top,185,image_block_03,fgx,gfx,0.0,1,
3,test,pad_top,pad_top,4,image_block_03,fx,gx,0.0,1,
3,test,pad_top,pad_top,4,image_block_03,fgx,gfx,0.0,1,
3,test,pad_top,pad_top,245,image_block_03,fx,gx,0.0,1,
3,test,pad_top,pad_top,245,image_block_03,fgx,gfx,0.0,1,
3,test,pad_top,pad_top,67,image_block_03,fx,gx,0.0,1,
3,test,pad_top,pad_top,67,image_block_03,fgx,gfx,0.0,1,
3,test,pad_top,pad_top,999,image_block_04,fx,gx,0.0,1,
3,test,pad_top,pad_top,999,image_block_04,fgx,gfx,0.0,1,
3,test,pad_top,pad_top,166,image_block_04,fx,gx,0.0,1,
3,test,pad_top,pad_top,166,image_block_04,fgx,gfx,0.0,1,
3,test,pad_top,pad_top,112,image_block_04,fx,gx,0.0,1,
3,test,pad_top,pad_top,112,image_block_04,fgx,gfx,0.0,1,
3,test,pad_top,pad_top,201,image_block_04,fx,gx,0.0,1,
3,test,pad_top,pad_top,201,image_block_04,fgx,gfx,0.0,1,
3,test,pad_top,pad_top,313,image_block_04,fx,gx,0.0,1,
3,test,pad_top,pad_top,313,image_block_04,fgx,gfx,0.0,1,
3,test,pad_top,pad_top,79,image_block_04,fx,gx,0.0,1,
3,test,pad_top,pad_top,79,image_block_04,fgx,gfx,0.0,1,
3,test,pad_top,pad_top,327,image_block_04,fx,gx,0.0,1,
3,test,pad_top,pad_top,327,image_block_04,fgx,gfx,0.0,1,
3,test,pad_top,pad_top,9,image_block_04,fx,gx,0.0,1,
3,test,pad_top,pad_top,9,image_block_04,fgx,gfx,0.0,1,
3,test,pad_top,pad_top,202,image_block_04,fx,gx,0.0,1,
3,test,pad_top,pad_top,202,image_block_04,fgx,gfx,0.0,1,
3,test,pad_top,pad_top,207,image_block_04,fx,gx,0.0,1,
3,test,pad_top,pad_top,207,image_block_04,fgx,gfx,0.0,1,
3,test,pad_top,pad_top,59,image_block_04,fx,gx,0.0,1,
3,test,pad_top,pad_top,59,image_block_04,fgx,gfx,0.0,1,
3,test,pad_top,pad_top,151,image_block_04,fx,gx,0.0,1,
3,test,pad_top,pad_top,151,image_block_04,fgx,gfx,0.0,1,
3,test,pad_top,pad_top,185,image_block_04,fx,gx,0.0,1,
3,test,pad_top,pad_top,185,image_block_04,fgx,gfx,0.0,1,
3,test,pad_top,pad_top,4,image_block_04,fx,gx,0.0,1,
3,test,pad_top,pad_top,4,image_block_04,fgx,gfx,0.0,1,
3,test,pad_top,pad_top,245,image_block_04,fx,gx,0.0,1,
3,test,pad_top,pad_top,245,image_block_04,fgx,gfx,0.0,1,
3,test,pad_top,pad_top,67,image_block_04,fx,gx,0.0,1,
3,test,pad_top,pad_top,67,image_block_04,fgx,gfx,0.0,1,
3,test,pad_top,pad_top,999,image_block_05,fx,gx,0.0,1,
3,test,pad_top,pad_top,999,image_block_05,fgx,gfx,0.0,1,
3,test,pad_top,pad_top,166,image_block_05,fx,gx,0.0,1,
3,test,pad_top,pad_top,166,image_block_05,fgx,gfx,0.0,1,
3,test,pad_top,pad_top,112,image_block_05,fx,gx,0.0,1,
3,test,pad_top,pad_top,112,image_block_05,fgx,gfx,0.0,1,
3,test,pad_top,pad_top,201,image_block_05,fx,gx,0.0,1,
3,test,pad_top,pad_top,201,image_block_05,fgx,gfx,0.0,1,
3,test,pad_top,pad_top,313,image_block_05,fx,gx,0.0,1,
3,test,pad_top,pad_top,313,image_block_05,fgx,gfx,0.0,1,
3,test,pad_top,pad_top,79,image_block_05,fx,gx,0.0,1,
3,test,pad_top,pad_top,79,image_block_05,fgx,gfx,0.0,1,
3,test,pad_top,pad_top,327,image_block_05,fx,gx,0.0,1,
3,test,pad_top,pad_top,327,image_block_05,fgx,gfx,0.0,1,
3,test,pad_top,pad_top,9,image_block_05,fx,gx,0.0,1,
3,test,pad_top,pad_top,9,image_block_05,fgx,gfx,0.0,1,
3,test,pad_top,pad_top,202,image_block_05,fx,gx,0.0,1,
3,test,pad_top,pad_top,202,image_block_05,fgx,gfx,0.0,1,
3,test,pad_top,pad_top,207,image_block_05,fx,gx,0.0,1,
3,test,pad_top,pad_top,207,image_block_05,fgx,gfx,0.0,1,
3,test,pad_top,pad_top,59,image_block_05,fx,gx,0.0,1,
3,test,pad_top,pad_top,59,image_block_05,fgx,gfx,0.0,1,
3,test,pad_top,pad_top,151,image_block_05,fx,gx,0.0,1,
3,test,pad_top,pad_top,151,image_block_05,fgx,gfx,0.0,1,
3,test,pad_top,pad_top,185,image_block_05,fx,gx,0.0,1,
3,test,pad_top,pad_top,185,image_block_05,fgx,gfx,0.0,1,
3,test,pad_top,pad_top,4,image_block_05,fx,gx,0.0,1,
3,test,pad_top,pad_top,4,image_block_05,fgx,gfx,0.0,1,
3,test,pad_top,pad_top,245,image_block_05,fx,gx,0.0,1,
3,test,pad_top,pad_top,245,image_block_05,fgx,gfx,0.0,1,
3,test,pad_top,pad_top,67,image_block_05,fx,gx,0.0,1,
3,test,pad_top,pad_top,67,image_block_05,fgx,gfx,0.0,1,
3,test,pad_top,pad_top,999,image_block_06,fx,gx,0.0,1,
3,test,pad_top,pad_top,999,image_block_06,fgx,gfx,0.0,1,
3,test,pad_top,pad_top,166,image_block_06,fx,gx,0.0,1,
3,test,pad_top,pad_top,166,image_block_06,fgx,gfx,0.0,1,
3,test,pad_top,pad_top,112,image_block_06,fx,gx,0.0,1,
3,test,pad_top,pad_top,112,image_block_06,fgx,gfx,0.0,1,
3,test,pad_top,pad_top,201,image_block_06,fx,gx,0.0,1,
3,test,pad_top,pad_top,201,image_block_06,fgx,gfx,0.0,1,
3,test,pad_top,pad_top,313,image_block_06,fx,gx,0.0,1,
3,test,pad_top,pad_top,313,image_block_06,fgx,gfx,0.0,1,
3,test,pad_top,pad_top,79,image_block_06,fx,gx,0.0,1,
3,test,pad_top,pad_top,79,image_block_06,fgx,gfx,0.0,1,
3,test,pad_top,pad_top,327,image_block_06,fx,gx,0.0,1,
3,test,pad_top,pad_top,327,image_block_06,fgx,gfx,0.0,1,
3,test,pad_top,pad_top,9,image_block_06,fx,gx,0.0,1,
3,test,pad_top,pad_top,9,image_block_06,fgx,gfx,0.0,1,
3,test,pad_top,pad_top,202,image_block_06,fx,gx,0.0,1,
3,test,pad_top,pad_top,202,image_block_06,fgx,gfx,0.0,1,
3,test,pad_top,pad_top,207,image_block_06,fx,gx,0.0,1,
3,test,pad_top,pad_top,207,image_block_06,fgx,gfx,0.0,1,
3,test,pad_top,pad_top,59,image_block_06,fx,gx,0.0,1,
3,test,pad_top,pad_top,59,image_block_06,fgx,gfx,0.0,1,
3,test,pad_top,pad_top,151,image_block_06,fx,gx,0.0,1,
3,test,pad_top,pad_top,151,image_block_06,fgx,gfx,0.0,1,
3,test,pad_top,pad_top,185,image_block_06,fx,gx,0.0,1,
3,test,pad_top,pad_top,185,image_block_06,fgx,gfx,0.0,1,
3,test,pad_top,pad_top,4,image_block_06,fx,gx,0.0,1,
3,test,pad_top,pad_top,4,image_block_06,fgx,gfx,0.0,1,
3,test,pad_top,pad_top,245,image_block_06,fx,gx,0.0,1,
3,test,pad_top,pad_top,245,image_block_06,fgx,gfx,0.0,1,
3,test,pad_top,pad_top,67,image_block_06,fx,gx,0.0,1,
3,test,pad_top,pad_top,67,image_block_06,fgx,gfx,0.0,1,
3,test,pad_top,pad_top,999,image_final_norm,fx,gx,0.0,1,
3,test,pad_top,pad_top,999,image_final_norm,fgx,gfx,0.0,1,
3,test,pad_top,pad_top,166,image_final_norm,fx,gx,0.0,1,
3,test,pad_top,pad_top,166,image_final_norm,fgx,gfx,0.0,1,
3,test,pad_top,pad_top,112,image_final_norm,fx,gx,0.0,1,
3,test,pad_top,pad_top,112,image_final_norm,fgx,gfx,0.0,1,
3,test,pad_top,pad_top,201,image_final_norm,fx,gx,0.0,1,
3,test,pad_top,pad_top,201,image_final_norm,fgx,gfx,0.0,1,
3,test,pad_top,pad_top,313,image_final_norm,fx,gx,0.0,1,
3,test,pad_top,pad_top,313,image_final_norm,fgx,gfx,0.0,1,
3,test,pad_top,pad_top,79,image_final_norm,fx,gx,0.0,1,
3,test,pad_top,pad_top,79,image_final_norm,fgx,gfx,0.0,1,
3,test,pad_top,pad_top,327,image_final_norm,fx,gx,0.0,1,
3,test,pad_top,pad_top,327,image_final_norm,fgx,gfx,0.0,1,
3,test,pad_top,pad_top,9,image_final_norm,fx,gx,0.0,1,
3,test,pad_top,pad_top,9,image_final_norm,fgx,gfx,0.0,1,
3,test,pad_top,pad_top,202,image_final_norm,fx,gx,0.0,1,
3,test,pad_top,pad_top,202,image_final_norm,fgx,gfx,0.0,1,
3,test,pad_top,pad_top,207,image_final_norm,fx,gx,0.0,1,
3,test,pad_top,pad_top,207,image_final_norm,fgx,gfx,0.0,1,
3,test,pad_top,pad_top,59,image_final_norm,fx,gx,0.0,1,
3,test,pad_top,pad_top,59,image_final_norm,fgx,gfx,0.0,1,
3,test,pad_top,pad_top,151,image_final_norm,fx,gx,0.0,1,
3,test,pad_top,pad_top,151,image_final_norm,fgx,gfx,0.0,1,
3,test,pad_top,pad_top,185,image_final_norm,fx,gx,0.0,1,
3,test,pad_top,pad_top,185,image_final_norm,fgx,gfx,0.0,1,
3,test,pad_top,pad_top,4,image_final_norm,fx,gx,0.0,1,
3,test,pad_top,pad_top,4,image_final_norm,fgx,gfx,0.0,1,
3,test,pad_top,pad_top,245,image_final_norm,fx,gx,0.0,1,
3,test,pad_top,pad_top,245,image_final_norm,fgx,gfx,0.0,1,
3,test,pad_top,pad_top,67,image_final_norm,fx,gx,0.0,1,
3,test,pad_top,pad_top,67,image_final_norm,fgx,gfx,0.0,1,
3,test,pad_top,pad_top,94,image_input_tokens,fx,gx,0.0,1,
3,test,pad_top,pad_top,94,image_input_tokens,fgx,gfx,0.0,1,
3,test,pad_top,pad_top,183,image_input_tokens,fx,gx,0.0,1,
3,test,pad_top,pad_top,183,image_input_tokens,fgx,gfx,0.0,1,
3,test,pad_top,pad_top,124,image_input_tokens,fx,gx,0.0,1,
3,test,pad_top,pad_top,124,image_input_tokens,fgx,gfx,0.0,1,
3,test,pad_top,pad_top,72,image_input_tokens,fx,gx,0.0,1,
3,test,pad_top,pad_top,72,image_input_tokens,fgx,gfx,0.0,1,
3,test,pad_top,pad_top,329,image_input_tokens,fx,gx,0.0,1,
3,test,pad_top,pad_top,329,image_input_tokens,fgx,gfx,0.0,1,
3,test,pad_top,pad_top,191,image_input_tokens,fx,gx,0.0,1,
3,test,pad_top,pad_top,191,image_input_tokens,fgx,gfx,0.0,1,
3,test,pad_top,pad_top,32,image_input_tokens,fx,gx,0.0,1,
3,test,pad_top,pad_top,32,image_input_tokens,fgx,gfx,0.0,1,
3,test,pad_top,pad_top,214,image_input_tokens,fx,gx,0.0,1,
3,test,pad_top,pad_top,214,image_input_tokens,fgx,gfx,0.0,1,
3,test,pad_top,pad_top,230,image_input_tokens,fx,gx,0.0,1,
3,test,pad_top,pad_top,230,image_input_tokens,fgx,gfx,0.0,1,
3,test,pad_top,pad_top,155,image_input_tokens,fx,gx,0.0,1,
3,test,pad_top,pad_top,155,image_input_tokens,fgx,gfx,0.0,1,
3,test,pad_top,pad_top,269,image_input_tokens,fx,gx,0.0,1,
3,test,pad_top,pad_top,269,image_input_tokens,fgx,gfx,0.0,1,
3,test,pad_top,pad_top,311,image_input_tokens,fx,gx,0.0,1,
3,test,pad_top,pad_top,311,image_input_tokens,fgx,gfx,0.0,1,
3,test,pad_top,pad_top,121,image_input_tokens,fx,gx,0.0,1,
3,test,pad_top,pad_top,121,image_input_tokens,fgx,gfx,0.0,1,
3,test,pad_top,pad_top,326,image_input_tokens,fx,gx,0.0,1,
3,test,pad_top,pad_top,326,image_input_tokens,fgx,gfx,0.0,1,
3,test,pad_top,pad_top,130,image_input_tokens,fx,gx,0.0,1,
3,test,pad_top,pad_top,130,image_input_tokens,fgx,gfx,0.0,1,
3,test,pad_top,pad_top,108,image_input_tokens,fx,gx,0.0,1,
3,test,pad_top,pad_top,108,image_input_tokens,fgx,gfx,0.0,1,
3,test,pad_top,pad_top,94,image_block_01,fx,gx,0.0,1,
3,test,pad_top,pad_top,94,image_block_01,fgx,gfx,0.0,1,
3,test,pad_top,pad_top,183,image_block_01,fx,gx,0.0,1,
3,test,pad_top,pad_top,183,image_block_01,fgx,gfx,0.0,1,
3,test,pad_top,pad_top,124,image_block_01,fx,gx,0.0,1,
3,test,pad_top,pad_top,124,image_block_01,fgx,gfx,0.0,1,
3,test,pad_top,pad_top,72,image_block_01,fx,gx,0.0,1,
3,test,pad_top,pad_top,72,image_block_01,fgx,gfx,0.0,1,
3,test,pad_top,pad_top,329,image_block_01,fx,gx,0.0,1,
3,test,pad_top,pad_top,329,image_block_01,fgx,gfx,0.0,1,
3,test,pad_top,pad_top,191,image_block_01,fx,gx,0.0,1,
3,test,pad_top,pad_top,191,image_block_01,fgx,gfx,0.0,1,
3,test,pad_top,pad_top,32,image_block_01,fx,gx,0.0,1,
3,test,pad_top,pad_top,32,image_block_01,fgx,gfx,0.0,1,
3,test,pad_top,pad_top,214,image_block_01,fx,gx,0.0,1,
3,test,pad_top,pad_top,214,image_block_01,fgx,gfx,0.0,1,
3,test,pad_top,pad_top,230,image_block_01,fx,gx,0.0,1,
3,test,pad_top,pad_top,230,image_block_01,fgx,gfx,0.0,1,
3,test,pad_top,pad_top,155,image_block_01,fx,gx,0.0,1,
3,test,pad_top,pad_top,155,image_block_01,fgx,gfx,0.0,1,
3,test,pad_top,pad_top,269,image_block_01,fx,gx,0.0,1,
3,test,pad_top,pad_top,269,image_block_01,fgx,gfx,0.0,1,
3,test,pad_top,pad_top,311,image_block_01,fx,gx,0.0,1,
3,test,pad_top,pad_top,311,image_block_01,fgx,gfx,0.0,1,
3,test,pad_top,pad_top,121,image_block_01,fx,gx,0.0,1,
3,test,pad_top,pad_top,121,image_block_01,fgx,gfx,0.0,1,
3,test,pad_top,pad_top,326,image_block_01,fx,gx,0.0,1,
3,test,pad_top,pad_top,326,image_block_01,fgx,gfx,0.0,1,
3,test,pad_top,pad_top,130,image_block_01,fx,gx,0.0,1,
3,test,pad_top,pad_top,130,image_block_01,fgx,gfx,0.0,1,
3,test,pad_top,pad_top,108,image_block_01,fx,gx,0.0,1,
3,test,pad_top,pad_top,108,image_block_01,fgx,gfx,0.0,1,
3,test,pad_top,pad_top,94,image_block_02,fx,gx,0.0,1,
3,test,pad_top,pad_top,94,image_block_02,fgx,gfx,0.0,1,
3,test,pad_top,pad_top,183,image_block_02,fx,gx,0.0,1,
3,test,pad_top,pad_top,183,image_block_02,fgx,gfx,0.0,1,
3,test,pad_top,pad_top,124,image_block_02,fx,gx,0.0,1,
3,test,pad_top,pad_top,124,image_block_02,fgx,gfx,0.0,1,
3,test,pad_top,pad_top,72,image_block_02,fx,gx,0.0,1,
3,test,pad_top,pad_top,72,image_block_02,fgx,gfx,0.0,1,
3,test,pad_top,pad_top,329,image_block_02,fx,gx,0.0,1,
3,test,pad_top,pad_top,329,image_block_02,fgx,gfx,0.0,1,
3,test,pad_top,pad_top,191,image_block_02,fx,gx,0.0,1,
3,test,pad_top,pad_top,191,image_block_02,fgx,gfx,0.0,1,
3,test,pad_top,pad_top,32,image_block_02,fx,gx,0.0,1,
3,test,pad_top,pad_top,32,image_block_02,fgx,gfx,0.0,1,
3,test,pad_top,pad_top,214,image_block_02,fx,gx,0.0,1,
3,test,pad_top,pad_top,214,image_block_02,fgx,gfx,0.0,1,
3,test,pad_top,pad_top,230,image_block_02,fx,gx,0.0,1,
3,test,pad_top,pad_top,230,image_block_02,fgx,gfx,0.0,1,
3,test,pad_top,pad_top,155,image_block_02,fx,gx,0.0,1,
3,test,pad_top,pad_top,155,image_block_02,fgx,gfx,0.0,1,
3,test,pad_top,pad_top,269,image_block_02,fx,gx,0.0,1,
3,test,pad_top,pad_top,269,image_block_02,fgx,gfx,0.0,1,
3,test,pad_top,pad_top,311,image_block_02,fx,gx,0.0,1,
3,test,pad_top,pad_top,311,image_block_02,fgx,gfx,0.0,1,
3,test,pad_top,pad_top,121,image_block_02,fx,gx,0.0,1,
3,test,pad_top,pad_top,121,image_block_02,fgx,gfx,0.0,1,
3,test,pad_top,pad_top,326,image_block_02,fx,gx,0.0,1,
3,test,pad_top,pad_top,326,image_block_02,fgx,gfx,0.0,1,
3,test,pad_top,pad_top,130,image_block_02,fx,gx,0.0,1,
3,test,pad_top,pad_top,130,image_block_02,fgx,gfx,0.0,1,
3,test,pad_top,pad_top,108,image_block_02,fx,gx,0.0,1,
3,test,pad_top,pad_top,108,image_block_02,fgx,gfx,0.0,1,
3,test,pad_top,pad_top,94,image_block_03,fx,gx,0.0,1,
3,test,pad_top,pad_top,94,image_block_03,fgx,gfx,0.0,1,
3,test,pad_top,pad_top,183,image_block_03,fx,gx,0.0,1,
3,test,pad_top,pad_top,183,image_block_03,fgx,gfx,0.0,1,
3,test,pad_top,pad_top,124,image_block_03,fx,gx,0.0,1,
3,test,pad_top,pad_top,124,image_block_03,fgx,gfx,0.0,1,
3,test,pad_top,pad_top,72,image_block_03,fx,gx,0.0,1,
3,test,pad_top,pad_top,72,image_block_03,fgx,gfx,0.0,1,
3,test,pad_top,pad_top,329,image_block_03,fx,gx,0.0,1,
3,test,pad_top,pad_top,329,image_block_03,fgx,gfx,0.0,1,
3,test,pad_top,pad_top,191,image_block_03,fx,gx,0.0,1,
3,test,pad_top,pad_top,191,image_block_03,fgx,gfx,0.0,1,
3,test,pad_top,pad_top,32,image_block_03,fx,gx,0.0,1,
3,test,pad_top,pad_top,32,image_block_03,fgx,gfx,0.0,1,
3,test,pad_top,pad_top,214,image_block_03,fx,gx,0.0,1,
3,test,pad_top,pad_top,214,image_block_03,fgx,gfx,0.0,1,
3,test,pad_top,pad_top,230,image_block_03,fx,gx,0.0,1,
3,test,pad_top,pad_top,230,image_block_03,fgx,gfx,0.0,1,
3,test,pad_top,pad_top,155,image_block_03,fx,gx,0.0,1,
3,test,pad_top,pad_top,155,image_block_03,fgx,gfx,0.0,1,
3,test,pad_top,pad_top,269,image_block_03,fx,gx,0.0,1,
3,test,pad_top,pad_top,269,image_block_03,fgx,gfx,0.0,1,
3,test,pad_top,pad_top,311,image_block_03,fx,gx,0.0,1,
3,test,pad_top,pad_top,311,image_block_03,fgx,gfx,0.0,1,
3,test,pad_top,pad_top,121,image_block_03,fx,gx,0.0,1,
3,test,pad_top,pad_top,121,image_block_03,fgx,gfx,0.0,1,
3,test,pad_top,pad_top,326,image_block_03,fx,gx,0.0,1,
3,test,pad_top,pad_top,326,image_block_03,fgx,gfx,0.0,1,
3,test,pad_top,pad_top,130,image_block_03,fx,gx,0.0,1,
3,test,pad_top,pad_top,130,image_block_03,fgx,gfx,0.0,1,
3,test,pad_top,pad_top,108,image_block_03,fx,gx,0.0,1,
3,test,pad_top,pad_top,108,image_block_03,fgx,gfx,0.0,1,
3,test,pad_top,pad_top,94,image_block_04,fx,gx,0.0,1,
3,test,pad_top,pad_top,94,image_block_04,fgx,gfx,0.0,1,
3,test,pad_top,pad_top,183,image_block_04,fx,gx,0.0,1,
3,test,pad_top,pad_top,183,image_block_04,fgx,gfx,0.0,1,
3,test,pad_top,pad_top,124,image_block_04,fx,gx,0.0,1,
3,test,pad_top,pad_top,124,image_block_04,fgx,gfx,0.0,1,
3,test,pad_top,pad_top,72,image_block_04,fx,gx,0.0,1,
3,test,pad_top,pad_top,72,image_block_04,fgx,gfx,0.0,1,
3,test,pad_top,pad_top,329,image_block_04,fx,gx,0.0,1,
3,test,pad_top,pad_top,329,image_block_04,fgx,gfx,0.0,1,
3,test,pad_top,pad_top,191,image_block_04,fx,gx,0.0,1,
3,test,pad_top,pad_top,191,image_block_04,fgx,gfx,0.0,1,
3,test,pad_top,pad_top,32,image_block_04,fx,gx,0.0,1,
3,test,pad_top,pad_top,32,image_block_04,fgx,gfx,0.0,1,
3,test,pad_top,pad_top,214,image_block_04,fx,gx,0.0,1,
3,test,pad_top,pad_top,214,image_block_04,fgx,gfx,0.0,1,
3,test,pad_top,pad_top,230,image_block_04,fx,gx,0.0,1,
3,test,pad_top,pad_top,230,image_block_04,fgx,gfx,0.0,1,
3,test,pad_top,pad_top,155,image_block_04,fx,gx,0.0,1,
3,test,pad_top,pad_top,155,image_block_04,fgx,gfx,0.0,1,
3,test,pad_top,pad_top,269,image_block_04,fx,gx,0.0,1,
3,test,pad_top,pad_top,269,image_block_04,fgx,gfx,0.0,1,
3,test,pad_top,pad_top,311,image_block_04,fx,gx,0.0,1,
3,test,pad_top,pad_top,311,image_block_04,fgx,gfx,0.0,1,
3,test,pad_top,pad_top,121,image_block_04,fx,gx,0.0,1,
3,test,pad_top,pad_top,121,image_block_04,fgx,gfx,0.0,1,
3,test,pad_top,pad_top,326,image_block_04,fx,gx,0.0,1,
3,test,pad_top,pad_top,326,image_block_04,fgx,gfx,0.0,1,
3,test,pad_top,pad_top,130,image_block_04,fx,gx,0.0,1,
3,test,pad_top,pad_top,130,image_block_04,fgx,gfx,0.0,1,
3,test,pad_top,pad_top,108,image_block_04,fx,gx,0.0,1,
3,test,pad_top,pad_top,108,image_block_04,fgx,gfx,0.0,1,
3,test,pad_top,pad_top,94,image_block_05,fx,gx,0.0,1,
3,test,pad_top,pad_top,94,image_block_05,fgx,gfx,0.0,1,
3,test,pad_top,pad_top,183,image_block_05,fx,gx,0.0,1,
3,test,pad_top,pad_top,183,image_block_05,fgx,gfx,0.0,1,
3,test,pad_top,pad_top,124,image_block_05,fx,gx,0.0,1,
3,test,pad_top,pad_top,124,image_block_05,fgx,gfx,0.0,1,
3,test,pad_top,pad_top,72,image_block_05,fx,gx,0.0,1,
3,test,pad_top,pad_top,72,image_block_05,fgx,gfx,0.0,1,
3,test,pad_top,pad_top,329,image_block_05,fx,gx,0.0,1,
3,test,pad_top,pad_top,329,image_block_05,fgx,gfx,0.0,1,
3,test,pad_top,pad_top,191,image_block_05,fx,gx,0.0,1,
3,test,pad_top,pad_top,191,image_block_05,fgx,gfx,0.0,1,
3,test,pad_top,pad_top,32,image_block_05,fx,gx,0.0,1,
3,test,pad_top,pad_top,32,image_block_05,fgx,gfx,0.0,1,
3,test,pad_top,pad_top,214,image_block_05,fx,gx,0.0,1,
3,test,pad_top,pad_top,214,image_block_05,fgx,gfx,0.0,1,
3,test,pad_top,pad_top,230,image_block_05,fx,gx,0.0,1,
3,test,pad_top,pad_top,230,image_block_05,fgx,gfx,0.0,1,
3,test,pad_top,pad_top,155,image_block_05,fx,gx,0.0,1,
3,test,pad_top,pad_top,155,image_block_05,fgx,gfx,0.0,1,
3,test,pad_top,pad_top,269,image_block_05,fx,gx,0.0,1,
3,test,pad_top,pad_top,269,image_block_05,fgx,gfx,0.0,1,
3,test,pad_top,pad_top,311,image_block_05,fx,gx,0.0,1,
3,test,pad_top,pad_top,311,image_block_05,fgx,gfx,0.0,1,
3,test,pad_top,pad_top,121,image_block_05,fx,gx,0.0,1,
3,test,pad_top,pad_top,121,image_block_05,fgx,gfx,0.0,1,
3,test,pad_top,pad_top,326,image_block_05,fx,gx,0.0,1,
3,test,pad_top,pad_top,326,image_block_05,fgx,gfx,0.0,1,
3,test,pad_top,pad_top,130,image_block_05,fx,gx,0.0,1,
3,test,pad_top,pad_top,130,image_block_05,fgx,gfx,0.0,1,
3,test,pad_top,pad_top,108,image_block_05,fx,gx,0.0,1,
3,test,pad_top,pad_top,108,image_block_05,fgx,gfx,0.0,1,
3,test,pad_top,pad_top,94,image_block_06,fx,gx,0.0,1,
3,test,pad_top,pad_top,94,image_block_06,fgx,gfx,0.0,1,
3,test,pad_top,pad_top,183,image_block_06,fx,gx,0.0,1,
3,test,pad_top,pad_top,183,image_block_06,fgx,gfx,0.0,1,
3,test,pad_top,pad_top,124,image_block_06,fx,gx,0.0,1,
3,test,pad_top,pad_top,124,image_block_06,fgx,gfx,0.0,1,
3,test,pad_top,pad_top,72,image_block_06,fx,gx,0.0,1,
3,test,pad_top,pad_top,72,image_block_06,fgx,gfx,0.0,1,
3,test,pad_top,pad_top,329,image_block_06,fx,gx,0.0,1,
3,test,pad_top,pad_top,329,image_block_06,fgx,gfx,0.0,1,
3,test,pad_top,pad_top,191,image_block_06,fx,gx,0.0,1,
3,test,pad_top,pad_top,191,image_block_06,fgx,gfx,0.0,1,
3,test,pad_top,pad_top,32,image_block_06,fx,gx,0.0,1,
3,test,pad_top,pad_top,32,image_block_06,fgx,gfx,0.0,1,
3,test,pad_top,pad_top,214,image_block_06,fx,gx,0.0,1,
3,test,pad_top,pad_top,214,image_block_06,fgx,gfx,0.0,1,
3,test,pad_top,pad_top,230,image_block_06,fx,gx,0.0,1,
3,test,pad_top,pad_top,230,image_block_06,fgx,gfx,0.0,1,
3,test,pad_top,pad_top,155,image_block_06,fx,gx,0.0,1,
3,test,pad_top,pad_top,155,image_block_06,fgx,gfx,0.0,1,
3,test,pad_top,pad_top,269,image_block_06,fx,gx,0.0,1,
3,test,pad_top,pad_top,269,image_block_06,fgx,gfx,0.0,1,
3,test,pad_top,pad_top,311,image_block_06,fx,gx,0.0,1,
3,test,pad_top,pad_top,311,image_block_06,fgx,gfx,0.0,1,
3,test,pad_top,pad_top,121,image_block_06,fx,gx,0.0,1,
3,test,pad_top,pad_top,121,image_block_06,fgx,gfx,0.0,1,
3,test,pad_top,pad_top,326,image_block_06,fx,gx,0.0,1,
3,test,pad_top,pad_top,326,image_block_06,fgx,gfx,0.0,1,
3,test,pad_top,pad_top,130,image_block_06,fx,gx,0.0,1,
3,test,pad_top,pad_top,130,image_block_06,fgx,gfx,0.0,1,
3,test,pad_top,pad_top,108,image_block_06,fx,gx,0.0,1,
3,test,pad_top,pad_top,108,image_block_06,fgx,gfx,0.0,1,
3,test,pad_top,pad_top,94,image_final_norm,fx,gx,0.0,1,
3,test,pad_top,pad_top,94,image_final_norm,fgx,gfx,0.0,1,
3,test,pad_top,pad_top,183,image_final_norm,fx,gx,0.0,1,
3,test,pad_top,pad_top,183,image_final_norm,fgx,gfx,0.0,1,
3,test,pad_top,pad_top,124,image_final_norm,fx,gx,0.0,1,
3,test,pad_top,pad_top,124,image_final_norm,fgx,gfx,0.0,1,
3,test,pad_top,pad_top,72,image_final_norm,fx,gx,0.0,1,
3,test,pad_top,pad_top,72,image_final_norm,fgx,gfx,0.0,1,
3,test,pad_top,pad_top,329,image_final_norm,fx,gx,0.0,1,
3,test,pad_top,pad_top,329,image_final_norm,fgx,gfx,0.0,1,
3,test,pad_top,pad_top,191,image_final_norm,fx,gx,0.0,1,
3,test,pad_top,pad_top,191,image_final_norm,fgx,gfx,0.0,1,
3,test,pad_top,pad_top,32,image_final_norm,fx,gx,0.0,1,
3,test,pad_top,pad_top,32,image_final_norm,fgx,gfx,0.0,1,
3,test,pad_top,pad_top,214,image_final_norm,fx,gx,0.0,1,
3,test,pad_top,pad_top,214,image_final_norm,fgx,gfx,0.0,1,
3,test,pad_top,pad_top,230,image_final_norm,fx,gx,0.0,1,
3,test,pad_top,pad_top,230,image_final_norm,fgx,gfx,0.0,1,
3,test,pad_top,pad_top,155,image_final_norm,fx,gx,0.0,1,
3,test,pad_top,pad_top,155,image_final_norm,fgx,gfx,0.0,1,
3,test,pad_top,pad_top,269,image_final_norm,fx,gx,0.0,1,
3,test,pad_top,pad_top,269,image_final_norm,fgx,gfx,0.0,1,
3,test,pad_top,pad_top,311,image_final_norm,fx,gx,0.0,1,
3,test,pad_top,pad_top,311,image_final_norm,fgx,gfx,0.0,1,
3,test,pad_top,pad_top,121,image_final_norm,fx,gx,0.0,1,
3,test,pad_top,pad_top,121,image_final_norm,fgx,gfx,0.0,1,
3,test,pad_top,pad_top,326,image_final_norm,fx,gx,0.0,1,
3,test,pad_top,pad_top,326,image_final_norm,fgx,gfx,0.0,1,
3,test,pad_top,pad_top,130,image_final_norm,fx,gx,0.0,1,
3,test,pad_top,pad_top,130,image_final_norm,fgx,gfx,0.0,1,
3,test,pad_top,pad_top,108,image_final_norm,fx,gx,0.0,1,
3,test,pad_top,pad_top,108,image_final_norm,fgx,gfx,0.0,1,
3,test,rot90,crop_bottom_side,173,image_input_tokens,gx,gfx,0.011844487064925172,0,1
3,test,rot90,crop_bottom_side,173,image_block_01,gx,gfx,0.10008360871764527,0,0
3,test,rot90,crop_bottom_side,173,image_block_02,gx,gfx,0.12737785568097595,0,0
3,test,rot90,crop_bottom_side,173,image_block_03,gx,gfx,0.16500373243973704,0,0
3,test,rot90,crop_bottom_side,173,image_block_04,gx,gfx,0.1563884639450378,0,0
3,test,rot90,crop_bottom_side,173,image_block_05,gx,gfx,0.1737768140479218,0,0
3,test,rot90,crop_bottom_side,173,image_block_06,gx,gfx,0.2227684834850375,0,0
3,test,rot90,crop_bottom_side,173,image_final_norm,gx,gfx,0.19857161517585573,0,0
3,test,rot90,rot90,172,image_input_tokens,fx,gx,0.0,1,
3,test,rot90,rot90,172,image_input_tokens,fgx,gfx,0.0,1,
3,test,rot90,rot90,64,image_input_tokens,fx,gx,0.0,1,
3,test,rot90,rot90,64,image_input_tokens,fgx,gfx,0.0,1,
3,test,rot90,rot90,161,image_input_tokens,fx,gx,0.0,1,
3,test,rot90,rot90,161,image_input_tokens,fgx,gfx,0.0,1,
3,test,rot90,rot90,247,image_input_tokens,fx,gx,0.0,1,
3,test,rot90,rot90,247,image_input_tokens,fgx,gfx,0.0,1,
3,test,rot90,rot90,46,image_input_tokens,fx,gx,0.0,1,
3,test,rot90,rot90,46,image_input_tokens,fgx,gfx,0.0,1,
3,test,rot90,rot90,0,image_input_tokens,fx,gx,0.0,1,
3,test,rot90,rot90,0,image_input_tokens,fgx,gfx,0.0,1,
3,test,rot90,rot90,101,image_input_tokens,fx,gx,0.0,1,
3,test,rot90,rot90,101,image_input_tokens,fgx,gfx,0.0,1,
3,test,rot90,rot90,309,image_input_tokens,fx,gx,0.0,1,
3,test,rot90,rot90,309,image_input_tokens,fgx,gfx,0.0,1,
3,test,rot90,rot90,132,image_input_tokens,fx,gx,0.0,1,
3,test,rot90,rot90,132,image_input_tokens,fgx,gfx,0.0,1,
3,test,rot90,rot90,50,image_input_tokens,fx,gx,0.0,1,
3,test,rot90,rot90,50,image_input_tokens,fgx,gfx,0.0,1,
3,test,rot90,rot90,26,image_input_tokens,fx,gx,0.0,1,
3,test,rot90,rot90,26,image_input_tokens,fgx,gfx,0.0,1,
3,test,rot90,rot90,173,image_input_tokens,fx,gx,0.0,1,
3,test,rot90,rot90,173,image_input_tokens,fgx,gfx,0.0,1,
3,test,rot90,rot90,242,image_input_tokens,fx,gx,0.0,1,
3,test,rot90,rot90,242,image_input_tokens,fgx,gfx,0.0,1,
3,test,rot90,rot90,250,image_input_tokens,fx,gx,0.0,1,
3,test,rot90,rot90,250,image_input_tokens,fgx,gfx,0.0,1,
3,test,rot90,rot90,294,image_input_tokens,fx,gx,0.0,1,
3,test,rot90,rot90,294,image_input_tokens,fgx,gfx,0.0,1,
3,test,rot90,rot90,47,image_input_tokens,fx,gx,0.0,1,
3,test,rot90,rot90,47,image_input_tokens,fgx,gfx,0.0,1,
3,test,rot90,rot90,172,image_block_01,fx,gx,0.0,1,
3,test,rot90,rot90,172,image_block_01,fgx,gfx,0.0,1,
3,test,rot90,rot90,64,image_block_01,fx,gx,0.0,1,
3,test,rot90,rot90,64,image_block_01,fgx,gfx,0.0,1,
3,test,rot90,rot90,161,image_block_01,fx,gx,0.0,1,
3,test,rot90,rot90,161,image_block_01,fgx,gfx,0.0,1,
3,test,rot90,rot90,247,image_block_01,fx,gx,0.0,1,
3,test,rot90,rot90,247,image_block_01,fgx,gfx,0.0,1,
3,test,rot90,rot90,46,image_block_01,fx,gx,0.0,1,
3,test,rot90,rot90,46,image_block_01,fgx,gfx,0.0,1,
3,test,rot90,rot90,0,image_block_01,fx,gx,0.0,1,
3,test,rot90,rot90,0,image_block_01,fgx,gfx,0.0,1,
3,test,rot90,rot90,101,image_block_01,fx,gx,0.0,1,
3,test,rot90,rot90,101,image_block_01,fgx,gfx,0.0,1,
3,test,rot90,rot90,309,image_block_01,fx,gx,0.0,1,
3,test,rot90,rot90,309,image_block_01,fgx,gfx,0.0,1,
3,test,rot90,rot90,132,image_block_01,fx,gx,0.0,1,
3,test,rot90,rot90,132,image_block_01,fgx,gfx,0.0,1,
3,test,rot90,rot90,50,image_block_01,fx,gx,0.0,1,
3,test,rot90,rot90,50,image_block_01,fgx,gfx,0.0,1,
3,test,rot90,rot90,26,image_block_01,fx,gx,0.0,1,
3,test,rot90,rot90,26,image_block_01,fgx,gfx,0.0,1,
3,test,rot90,rot90,173,image_block_01,fx,gx,0.0,1,
3,test,rot90,rot90,173,image_block_01,fgx,gfx,0.0,1,
3,test,rot90,rot90,242,image_block_01,fx,gx,0.0,1,
3,test,rot90,rot90,242,image_block_01,fgx,gfx,0.0,1,
3,test,rot90,rot90,250,image_block_01,fx,gx,0.0,1,
3,test,rot90,rot90,250,image_block_01,fgx,gfx,0.0,1,
3,test,rot90,rot90,294,image_block_01,fx,gx,0.0,1,
3,test,rot90,rot90,294,image_block_01,fgx,gfx,0.0,1,
3,test,rot90,rot90,47,image_block_01,fx,gx,0.0,1,
3,test,rot90,rot90,47,image_block_01,fgx,gfx,0.0,1,
3,test,rot90,rot90,172,image_block_02,fx,gx,0.0,1,
3,test,rot90,rot90,172,image_block_02,fgx,gfx,0.0,1,
3,test,rot90,rot90,64,image_block_02,fx,gx,0.0,1,
3,test,rot90,rot90,64,image_block_02,fgx,gfx,0.0,1,
3,test,rot90,rot90,161,image_block_02,fx,gx,0.0,1,
3,test,rot90,rot90,161,image_block_02,fgx,gfx,0.0,1,
3,test,rot90,rot90,247,image_block_02,fx,gx,0.0,1,
3,test,rot90,rot90,247,image_block_02,fgx,gfx,0.0,1,
3,test,rot90,rot90,46,image_block_02,fx,gx,0.0,1,
3,test,rot90,rot90,46,image_block_02,fgx,gfx,0.0,1,
3,test,rot90,rot90,0,image_block_02,fx,gx,0.0,1,
3,test,rot90,rot90,0,image_block_02,fgx,gfx,0.0,1,
3,test,rot90,rot90,101,image_block_02,fx,gx,0.0,1,
3,test,rot90,rot90,101,image_block_02,fgx,gfx,0.0,1,
3,test,rot90,rot90,309,image_block_02,fx,gx,0.0,1,
3,test,rot90,rot90,309,image_block_02,fgx,gfx,0.0,1,
3,test,rot90,rot90,132,image_block_02,fx,gx,0.0,1,
3,test,rot90,rot90,132,image_block_02,fgx,gfx,0.0,1,
3,test,rot90,rot90,50,image_block_02,fx,gx,0.0,1,
3,test,rot90,rot90,50,image_block_02,fgx,gfx,0.0,1,
3,test,rot90,rot90,26,image_block_02,fx,gx,0.0,1,
3,test,rot90,rot90,26,image_block_02,fgx,gfx,0.0,1,
3,test,rot90,rot90,173,image_block_02,fx,gx,0.0,1,
3,test,rot90,rot90,173,image_block_02,fgx,gfx,0.0,1,
3,test,rot90,rot90,242,image_block_02,fx,gx,0.0,1,
3,test,rot90,rot90,242,image_block_02,fgx,gfx,0.0,1,
3,test,rot90,rot90,250,image_block_02,fx,gx,0.0,1,
3,test,rot90,rot90,250,image_block_02,fgx,gfx,0.0,1,
3,test,rot90,rot90,294,image_block_02,fx,gx,0.0,1,
3,test,rot90,rot90,294,image_block_02,fgx,gfx,0.0,1,
3,test,rot90,rot90,47,image_block_02,fx,gx,0.0,1,
3,test,rot90,rot90,47,image_block_02,fgx,gfx,0.0,1,
3,test,rot90,rot90,172,image_block_03,fx,gx,0.0,1,
3,test,rot90,rot90,172,image_block_03,fgx,gfx,0.0,1,
3,test,rot90,rot90,64,image_block_03,fx,gx,0.0,1,
3,test,rot90,rot90,64,image_block_03,fgx,gfx,0.0,1,
3,test,rot90,rot90,161,image_block_03,fx,gx,0.0,1,
3,test,rot90,rot90,161,image_block_03,fgx,gfx,0.0,1,
3,test,rot90,rot90,247,image_block_03,fx,gx,0.0,1,
3,test,rot90,rot90,247,image_block_03,fgx,gfx,0.0,1,
3,test,rot90,rot90,46,image_block_03,fx,gx,0.0,1,
3,test,rot90,rot90,46,image_block_03,fgx,gfx,0.0,1,
3,test,rot90,rot90,0,image_block_03,fx,gx,0.0,1,
3,test,rot90,rot90,0,image_block_03,fgx,gfx,0.0,1,
3,test,rot90,rot90,101,image_block_03,fx,gx,0.0,1,
3,test,rot90,rot90,101,image_block_03,fgx,gfx,0.0,1,
3,test,rot90,rot90,309,image_block_03,fx,gx,0.0,1,
3,test,rot90,rot90,309,image_block_03,fgx,gfx,0.0,1,
3,test,rot90,rot90,132,image_block_03,fx,gx,0.0,1,
3,test,rot90,rot90,132,image_block_03,fgx,gfx,0.0,1,
3,test,rot90,rot90,50,image_block_03,fx,gx,0.0,1,
3,test,rot90,rot90,50,image_block_03,fgx,gfx,0.0,1,
3,test,rot90,rot90,26,image_block_03,fx,gx,0.0,1,
3,test,rot90,rot90,26,image_block_03,fgx,gfx,0.0,1,
3,test,rot90,rot90,173,image_block_03,fx,gx,0.0,1,
3,test,rot90,rot90,173,image_block_03,fgx,gfx,0.0,1,
3,test,rot90,rot90,242,image_block_03,fx,gx,0.0,1,
3,test,rot90,rot90,242,image_block_03,fgx,gfx,0.0,1,
3,test,rot90,rot90,250,image_block_03,fx,gx,0.0,1,
3,test,rot90,rot90,250,image_block_03,fgx,gfx,0.0,1,
3,test,rot90,rot90,294,image_block_03,fx,gx,0.0,1,
3,test,rot90,rot90,294,image_block_03,fgx,gfx,0.0,1,
3,test,rot90,rot90,47,image_block_03,fx,gx,0.0,1,
3,test,rot90,rot90,47,image_block_03,fgx,gfx,0.0,1,
3,test,rot90,rot90,172,image_block_04,fx,gx,0.0,1,
3,test,rot90,rot90,172,image_block_04,fgx,gfx,0.0,1,
3,test,rot90,rot90,64,image_block_04,fx,gx,0.0,1,
3,test,rot90,rot90,64,image_block_04,fgx,gfx,0.0,1,
3,test,rot90,rot90,161,image_block_04,fx,gx,0.0,1,
3,test,rot90,rot90,161,image_block_04,fgx,gfx,0.0,1,
3,test,rot90,rot90,247,image_block_04,fx,gx,0.0,1,
3,test,rot90,rot90,247,image_block_04,fgx,gfx,0.0,1,
3,test,rot90,rot90,46,image_block_04,fx,gx,0.0,1,
3,test,rot90,rot90,46,image_block_04,fgx,gfx,0.0,1,
3,test,rot90,rot90,0,image_block_04,fx,gx,0.0,1,
3,test,rot90,rot90,0,image_block_04,fgx,gfx,0.0,1,
3,test,rot90,rot90,101,image_block_04,fx,gx,0.0,1,
3,test,rot90,rot90,101,image_block_04,fgx,gfx,0.0,1,
3,test,rot90,rot90,309,image_block_04,fx,gx,0.0,1,
3,test,rot90,rot90,309,image_block_04,fgx,gfx,0.0,1,
3,test,rot90,rot90,132,image_block_04,fx,gx,0.0,1,
3,test,rot90,rot90,132,image_block_04,fgx,gfx,0.0,1,
3,test,rot90,rot90,50,image_block_04,fx,gx,0.0,1,
3,test,rot90,rot90,50,image_block_04,fgx,gfx,0.0,1,
3,test,rot90,rot90,26,image_block_04,fx,gx,0.0,1,
3,test,rot90,rot90,26,image_block_04,fgx,gfx,0.0,1,
3,test,rot90,rot90,173,image_block_04,fx,gx,0.0,1,
3,test,rot90,rot90,173,image_block_04,fgx,gfx,0.0,1,
3,test,rot90,rot90,242,image_block_04,fx,gx,0.0,1,
3,test,rot90,rot90,242,image_block_04,fgx,gfx,0.0,1,
3,test,rot90,rot90,250,image_block_04,fx,gx,0.0,1,
3,test,rot90,rot90,250,image_block_04,fgx,gfx,0.0,1,
3,test,rot90,rot90,294,image_block_04,fx,gx,0.0,1,
3,test,rot90,rot90,294,image_block_04,fgx,gfx,0.0,1,
3,test,rot90,rot90,47,image_block_04,fx,gx,0.0,1,
3,test,rot90,rot90,47,image_block_04,fgx,gfx,0.0,1,
3,test,rot90,rot90,172,image_block_05,fx,gx,0.0,1,
3,test,rot90,rot90,172,image_block_05,fgx,gfx,0.0,1,
3,test,rot90,rot90,64,image_block_05,fx,gx,0.0,1,
3,test,rot90,rot90,64,image_block_05,fgx,gfx,0.0,1,
3,test,rot90,rot90,161,image_block_05,fx,gx,0.0,1,
3,test,rot90,rot90,161,image_block_05,fgx,gfx,0.0,1,
3,test,rot90,rot90,247,image_block_05,fx,gx,0.0,1,
3,test,rot90,rot90,247,image_block_05,fgx,gfx,0.0,1,
3,test,rot90,rot90,46,image_block_05,fx,gx,0.0,1,
3,test,rot90,rot90,46,image_block_05,fgx,gfx,0.0,1,
3,test,rot90,rot90,0,image_block_05,fx,gx,0.0,1,
3,test,rot90,rot90,0,image_block_05,fgx,gfx,0.0,1,
3,test,rot90,rot90,101,image_block_05,fx,gx,0.0,1,
3,test,rot90,rot90,101,image_block_05,fgx,gfx,0.0,1,
3,test,rot90,rot90,309,image_block_05,fx,gx,0.0,1,
3,test,rot90,rot90,309,image_block_05,fgx,gfx,0.0,1,
3,test,rot90,rot90,132,image_block_05,fx,gx,0.0,1,
3,test,rot90,rot90,132,image_block_05,fgx,gfx,0.0,1,
3,test,rot90,rot90,50,image_block_05,fx,gx,0.0,1,
3,test,rot90,rot90,50,image_block_05,fgx,gfx,0.0,1,
3,test,rot90,rot90,26,image_block_05,fx,gx,0.0,1,
3,test,rot90,rot90,26,image_block_05,fgx,gfx,0.0,1,
3,test,rot90,rot90,173,image_block_05,fx,gx,0.0,1,
3,test,rot90,rot90,173,image_block_05,fgx,gfx,0.0,1,
3,test,rot90,rot90,242,image_block_05,fx,gx,0.0,1,
3,test,rot90,rot90,242,image_block_05,fgx,gfx,0.0,1,
3,test,rot90,rot90,250,image_block_05,fx,gx,0.0,1,
3,test,rot90,rot90,250,image_block_05,fgx,gfx,0.0,1,
3,test,rot90,rot90,294,image_block_05,fx,gx,0.0,1,
3,test,rot90,rot90,294,image_block_05,fgx,gfx,0.0,1,
3,test,rot90,rot90,47,image_block_05,fx,gx,0.0,1,
3,test,rot90,rot90,47,image_block_05,fgx,gfx,0.0,1,
3,test,rot90,rot90,172,image_block_06,fx,gx,0.0,1,
3,test,rot90,rot90,172,image_block_06,fgx,gfx,0.0,1,
3,test,rot90,rot90,64,image_block_06,fx,gx,0.0,1,
3,test,rot90,rot90,64,image_block_06,fgx,gfx,0.0,1,
3,test,rot90,rot90,161,image_block_06,fx,gx,0.0,1,
3,test,rot90,rot90,161,image_block_06,fgx,gfx,0.0,1,
3,test,rot90,rot90,247,image_block_06,fx,gx,0.0,1,
3,test,rot90,rot90,247,image_block_06,fgx,gfx,0.0,1,
3,test,rot90,rot90,46,image_block_06,fx,gx,0.0,1,
3,test,rot90,rot90,46,image_block_06,fgx,gfx,0.0,1,
3,test,rot90,rot90,0,image_block_06,fx,gx,0.0,1,
3,test,rot90,rot90,0,image_block_06,fgx,gfx,0.0,1,
3,test,rot90,rot90,101,image_block_06,fx,gx,0.0,1,
3,test,rot90,rot90,101,image_block_06,fgx,gfx,0.0,1,
3,test,rot90,rot90,309,image_block_06,fx,gx,0.0,1,
3,test,rot90,rot90,309,image_block_06,fgx,gfx,0.0,1,
3,test,rot90,rot90,132,image_block_06,fx,gx,0.0,1,
3,test,rot90,rot90,132,image_block_06,fgx,gfx,0.0,1,
3,test,rot90,rot90,50,image_block_06,fx,gx,0.0,1,
3,test,rot90,rot90,50,image_block_06,fgx,gfx,0.0,1,
3,test,rot90,rot90,26,image_block_06,fx,gx,0.0,1,
3,test,rot90,rot90,26,image_block_06,fgx,gfx,0.0,1,
3,test,rot90,rot90,173,image_block_06,fx,gx,0.0,1,
3,test,rot90,rot90,173,image_block_06,fgx,gfx,0.0,1,
3,test,rot90,rot90,242,image_block_06,fx,gx,0.0,1,
3,test,rot90,rot90,242,image_block_06,fgx,gfx,0.0,1,
3,test,rot90,rot90,250,image_block_06,fx,gx,0.0,1,
3,test,rot90,rot90,250,image_block_06,fgx,gfx,0.0,1,
3,test,rot90,rot90,294,image_block_06,fx,gx,0.0,1,
3,test,rot90,rot90,294,image_block_06,fgx,gfx,0.0,1,
3,test,rot90,rot90,47,image_block_06,fx,gx,0.0,1,
3,test,rot90,rot90,47,image_block_06,fgx,gfx,0.0,1,
3,test,rot90,rot90,172,image_final_norm,fx,gx,0.0,1,
3,test,rot90,rot90,172,image_final_norm,fgx,gfx,0.0,1,
3,test,rot90,rot90,64,image_final_norm,fx,gx,0.0,1,
3,test,rot90,rot90,64,image_final_norm,fgx,gfx,0.0,1,
3,test,rot90,rot90,161,image_final_norm,fx,gx,0.0,1,
3,test,rot90,rot90,161,image_final_norm,fgx,gfx,0.0,1,
3,test,rot90,rot90,247,image_final_norm,fx,gx,0.0,1,
3,test,rot90,rot90,247,image_final_norm,fgx,gfx,0.0,1,
3,test,rot90,rot90,46,image_final_norm,fx,gx,0.0,1,
3,test,rot90,rot90,46,image_final_norm,fgx,gfx,0.0,1,
3,test,rot90,rot90,0,image_final_norm,fx,gx,0.0,1,
3,test,rot90,rot90,0,image_final_norm,fgx,gfx,0.0,1,
3,test,rot90,rot90,101,image_final_norm,fx,gx,0.0,1,
3,test,rot90,rot90,101,image_final_norm,fgx,gfx,0.0,1,
3,test,rot90,rot90,309,image_final_norm,fx,gx,0.0,1,
3,test,rot90,rot90,309,image_final_norm,fgx,gfx,0.0,1,
3,test,rot90,rot90,132,image_final_norm,fx,gx,0.0,1,
3,test,rot90,rot90,132,image_final_norm,fgx,gfx,0.0,1,
3,test,rot90,rot90,50,image_final_norm,fx,gx,0.0,1,
3,test,rot90,rot90,50,image_final_norm,fgx,gfx,0.0,1,
3,test,rot90,rot90,26,image_final_norm,fx,gx,0.0,1,
3,test,rot90,rot90,26,image_final_norm,fgx,gfx,0.0,1,
3,test,rot90,rot90,173,image_final_norm,fx,gx,0.0,1,
3,test,rot90,rot90,173,image_final_norm,fgx,gfx,0.0,1,
3,test,rot90,rot90,242,image_final_norm,fx,gx,0.0,1,
3,test,rot90,rot90,242,image_final_norm,fgx,gfx,0.0,1,
3,test,rot90,rot90,250,image_final_norm,fx,gx,0.0,1,
3,test,rot90,rot90,250,image_final_norm,fgx,gfx,0.0,1,
3,test,rot90,rot90,294,image_final_norm,fx,gx,0.0,1,
3,test,rot90,rot90,294,image_final_norm,fgx,gfx,0.0,1,
3,test,rot90,rot90,47,image_final_norm,fx,gx,0.0,1,
3,test,rot90,rot90,47,image_final_norm,fgx,gfx,0.0,1,
3,test,rot90,rot90,302,image_input_tokens,fx,gx,0.0,1,
3,test,rot90,rot90,302,image_input_tokens,fgx,gfx,0.0,1,
3,test,rot90,rot90,131,image_input_tokens,fx,gx,0.0,1,
3,test,rot90,rot90,131,image_input_tokens,fgx,gfx,0.0,1,
3,test,rot90,rot90,174,image_input_tokens,fx,gx,0.0,1,
3,test,rot90,rot90,174,image_input_tokens,fgx,gfx,0.0,1,
3,test,rot90,rot90,56,image_input_tokens,fx,gx,0.0,1,
3,test,rot90,rot90,56,image_input_tokens,fgx,gfx,0.0,1,
3,test,rot90,rot90,146,image_input_tokens,fx,gx,0.0,1,
3,test,rot90,rot90,146,image_input_tokens,fgx,gfx,0.0,1,
3,test,rot90,rot90,165,image_input_tokens,fx,gx,0.0,1,
3,test,rot90,rot90,165,image_input_tokens,fgx,gfx,0.0,1,
3,test,rot90,rot90,203,image_input_tokens,fx,gx,0.0,1,
3,test,rot90,rot90,203,image_input_tokens,fgx,gfx,0.0,1,
3,test,rot90,rot90,150,image_input_tokens,fx,gx,0.0,1,
3,test,rot90,rot90,150,image_input_tokens,fgx,gfx,0.0,1,
3,test,rot90,rot90,77,image_input_tokens,fx,gx,0.0,1,
3,test,rot90,rot90,77,image_input_tokens,fgx,gfx,0.0,1,
3,test,rot90,rot90,248,image_input_tokens,fx,gx,0.0,1,
3,test,rot90,rot90,248,image_input_tokens,fgx,gfx,0.0,1,
3,test,rot90,rot90,19,image_input_tokens,fx,gx,0.0,1,
3,test,rot90,rot90,19,image_input_tokens,fgx,gfx,0.0,1,
3,test,rot90,rot90,98,image_input_tokens,fx,gx,0.0,1,
3,test,rot90,rot90,98,image_input_tokens,fgx,gfx,0.0,1,
3,test,rot90,rot90,332,image_input_tokens,fx,gx,0.0,1,
3,test,rot90,rot90,332,image_input_tokens,fgx,gfx,0.0,1,
3,test,rot90,rot90,260,image_input_tokens,fx,gx,0.0,1,
3,test,rot90,rot90,260,image_input_tokens,fgx,gfx,0.0,1,
3,test,rot90,rot90,266,image_input_tokens,fx,gx,0.0,1,
3,test,rot90,rot90,266,image_input_tokens,fgx,gfx,0.0,1,
3,test,rot90,rot90,82,image_input_tokens,fx,gx,0.0,1,
3,test,rot90,rot90,82,image_input_tokens,fgx,gfx,0.0,1,
3,test,rot90,rot90,302,image_block_01,fx,gx,0.0,1,
3,test,rot90,rot90,302,image_block_01,fgx,gfx,0.0,1,
3,test,rot90,rot90,131,image_block_01,fx,gx,0.0,1,
3,test,rot90,rot90,131,image_block_01,fgx,gfx,0.0,1,
3,test,rot90,rot90,174,image_block_01,fx,gx,0.0,1,
3,test,rot90,rot90,174,image_block_01,fgx,gfx,0.0,1,
3,test,rot90,rot90,56,image_block_01,fx,gx,0.0,1,
3,test,rot90,rot90,56,image_block_01,fgx,gfx,0.0,1,
3,test,rot90,rot90,146,image_block_01,fx,gx,0.0,1,
3,test,rot90,rot90,146,image_block_01,fgx,gfx,0.0,1,
3,test,rot90,rot90,165,image_block_01,fx,gx,0.0,1,
3,test,rot90,rot90,165,image_block_01,fgx,gfx,0.0,1,
3,test,rot90,rot90,203,image_block_01,fx,gx,0.0,1,
3,test,rot90,rot90,203,image_block_01,fgx,gfx,0.0,1,
3,test,rot90,rot90,150,image_block_01,fx,gx,0.0,1,
3,test,rot90,rot90,150,image_block_01,fgx,gfx,0.0,1,
3,test,rot90,rot90,77,image_block_01,fx,gx,0.0,1,
3,test,rot90,rot90,77,image_block_01,fgx,gfx,0.0,1,
3,test,rot90,rot90,248,image_block_01,fx,gx,0.0,1,
3,test,rot90,rot90,248,image_block_01,fgx,gfx,0.0,1,
3,test,rot90,rot90,19,image_block_01,fx,gx,0.0,1,
3,test,rot90,rot90,19,image_block_01,fgx,gfx,0.0,1,
3,test,rot90,rot90,98,image_block_01,fx,gx,0.0,1,
3,test,rot90,rot90,98,image_block_01,fgx,gfx,0.0,1,
3,test,rot90,rot90,332,image_block_01,fx,gx,0.0,1,
3,test,rot90,rot90,332,image_block_01,fgx,gfx,0.0,1,
3,test,rot90,rot90,260,image_block_01,fx,gx,0.0,1,
3,test,rot90,rot90,260,image_block_01,fgx,gfx,0.0,1,
3,test,rot90,rot90,266,image_block_01,fx,gx,0.0,1,
3,test,rot90,rot90,266,image_block_01,fgx,gfx,0.0,1,
3,test,rot90,rot90,82,image_block_01,fx,gx,0.0,1,
3,test,rot90,rot90,82,image_block_01,fgx,gfx,0.0,1,
3,test,rot90,rot90,302,image_block_02,fx,gx,0.0,1,
3,test,rot90,rot90,302,image_block_02,fgx,gfx,0.0,1,
3,test,rot90,rot90,131,image_block_02,fx,gx,0.0,1,
3,test,rot90,rot90,131,image_block_02,fgx,gfx,0.0,1,
3,test,rot90,rot90,174,image_block_02,fx,gx,0.0,1,
3,test,rot90,rot90,174,image_block_02,fgx,gfx,0.0,1,
3,test,rot90,rot90,56,image_block_02,fx,gx,0.0,1,
3,test,rot90,rot90,56,image_block_02,fgx,gfx,0.0,1,
3,test,rot90,rot90,146,image_block_02,fx,gx,0.0,1,
3,test,rot90,rot90,146,image_block_02,fgx,gfx,0.0,1,
3,test,rot90,rot90,165,image_block_02,fx,gx,0.0,1,
3,test,rot90,rot90,165,image_block_02,fgx,gfx,0.0,1,
3,test,rot90,rot90,203,image_block_02,fx,gx,0.0,1,
3,test,rot90,rot90,203,image_block_02,fgx,gfx,0.0,1,
3,test,rot90,rot90,150,image_block_02,fx,gx,0.0,1,
3,test,rot90,rot90,150,image_block_02,fgx,gfx,0.0,1,
3,test,rot90,rot90,77,image_block_02,fx,gx,0.0,1,
3,test,rot90,rot90,77,image_block_02,fgx,gfx,0.0,1,
3,test,rot90,rot90,248,image_block_02,fx,gx,0.0,1,
3,test,rot90,rot90,248,image_block_02,fgx,gfx,0.0,1,
3,test,rot90,rot90,19,image_block_02,fx,gx,0.0,1,
3,test,rot90,rot90,19,image_block_02,fgx,gfx,0.0,1,
3,test,rot90,rot90,98,image_block_02,fx,gx,0.0,1,
3,test,rot90,rot90,98,image_block_02,fgx,gfx,0.0,1,
3,test,rot90,rot90,332,image_block_02,fx,gx,0.0,1,
3,test,rot90,rot90,332,image_block_02,fgx,gfx,0.0,1,
3,test,rot90,rot90,260,image_block_02,fx,gx,0.0,1,
3,test,rot90,rot90,260,image_block_02,fgx,gfx,0.0,1,
3,test,rot90,rot90,266,image_block_02,fx,gx,0.0,1,
3,test,rot90,rot90,266,image_block_02,fgx,gfx,0.0,1,
3,test,rot90,rot90,82,image_block_02,fx,gx,0.0,1,
3,test,rot90,rot90,82,image_block_02,fgx,gfx,0.0,1,
3,test,rot90,rot90,302,image_block_03,fx,gx,0.0,1,
3,test,rot90,rot90,302,image_block_03,fgx,gfx,0.0,1,
3,test,rot90,rot90,131,image_block_03,fx,gx,0.0,1,
3,test,rot90,rot90,131,image_block_03,fgx,gfx,0.0,1,
3,test,rot90,rot90,174,image_block_03,fx,gx,0.0,1,
3,test,rot90,rot90,174,image_block_03,fgx,gfx,0.0,1,
3,test,rot90,rot90,56,image_block_03,fx,gx,0.0,1,
3,test,rot90,rot90,56,image_block_03,fgx,gfx,0.0,1,
3,test,rot90,rot90,146,image_block_03,fx,gx,0.0,1,
3,test,rot90,rot90,146,image_block_03,fgx,gfx,0.0,1,
3,test,rot90,rot90,165,image_block_03,fx,gx,0.0,1,
3,test,rot90,rot90,165,image_block_03,fgx,gfx,0.0,1,
3,test,rot90,rot90,203,image_block_03,fx,gx,0.0,1,
3,test,rot90,rot90,203,image_block_03,fgx,gfx,0.0,1,
3,test,rot90,rot90,150,image_block_03,fx,gx,0.0,1,
3,test,rot90,rot90,150,image_block_03,fgx,gfx,0.0,1,
3,test,rot90,rot90,77,image_block_03,fx,gx,0.0,1,
3,test,rot90,rot90,77,image_block_03,fgx,gfx,0.0,1,
3,test,rot90,rot90,248,image_block_03,fx,gx,0.0,1,
3,test,rot90,rot90,248,image_block_03,fgx,gfx,0.0,1,
3,test,rot90,rot90,19,image_block_03,fx,gx,0.0,1,
3,test,rot90,rot90,19,image_block_03,fgx,gfx,0.0,1,
3,test,rot90,rot90,98,image_block_03,fx,gx,0.0,1,
3,test,rot90,rot90,98,image_block_03,fgx,gfx,0.0,1,
3,test,rot90,rot90,332,image_block_03,fx,gx,0.0,1,
3,test,rot90,rot90,332,image_block_03,fgx,gfx,0.0,1,
3,test,rot90,rot90,260,image_block_03,fx,gx,0.0,1,
3,test,rot90,rot90,260,image_block_03,fgx,gfx,0.0,1,
3,test,rot90,rot90,266,image_block_03,fx,gx,0.0,1,
3,test,rot90,rot90,266,image_block_03,fgx,gfx,0.0,1,
3,test,rot90,rot90,82,image_block_03,fx,gx,0.0,1,
3,test,rot90,rot90,82,image_block_03,fgx,gfx,0.0,1,
3,test,rot90,rot90,302,image_block_04,fx,gx,0.0,1,
3,test,rot90,rot90,302,image_block_04,fgx,gfx,0.0,1,
3,test,rot90,rot90,131,image_block_04,fx,gx,0.0,1,
3,test,rot90,rot90,131,image_block_04,fgx,gfx,0.0,1,
3,test,rot90,rot90,174,image_block_04,fx,gx,0.0,1,
3,test,rot90,rot90,174,image_block_04,fgx,gfx,0.0,1,
3,test,rot90,rot90,56,image_block_04,fx,gx,0.0,1,
3,test,rot90,rot90,56,image_block_04,fgx,gfx,0.0,1,
3,test,rot90,rot90,146,image_block_04,fx,gx,0.0,1,
3,test,rot90,rot90,146,image_block_04,fgx,gfx,0.0,1,
3,test,rot90,rot90,165,image_block_04,fx,gx,0.0,1,
3,test,rot90,rot90,165,image_block_04,fgx,gfx,0.0,1,
3,test,rot90,rot90,203,image_block_04,fx,gx,0.0,1,
3,test,rot90,rot90,203,image_block_04,fgx,gfx,0.0,1,
3,test,rot90,rot90,150,image_block_04,fx,gx,0.0,1,
3,test,rot90,rot90,150,image_block_04,fgx,gfx,0.0,1,
3,test,rot90,rot90,77,image_block_04,fx,gx,0.0,1,
3,test,rot90,rot90,77,image_block_04,fgx,gfx,0.0,1,
3,test,rot90,rot90,248,image_block_04,fx,gx,0.0,1,
3,test,rot90,rot90,248,image_block_04,fgx,gfx,0.0,1,
3,test,rot90,rot90,19,image_block_04,fx,gx,0.0,1,
3,test,rot90,rot90,19,image_block_04,fgx,gfx,0.0,1,
3,test,rot90,rot90,98,image_block_04,fx,gx,0.0,1,
3,test,rot90,rot90,98,image_block_04,fgx,gfx,0.0,1,
3,test,rot90,rot90,332,image_block_04,fx,gx,0.0,1,
3,test,rot90,rot90,332,image_block_04,fgx,gfx,0.0,1,
3,test,rot90,rot90,260,image_block_04,fx,gx,0.0,1,
3,test,rot90,rot90,260,image_block_04,fgx,gfx,0.0,1,
3,test,rot90,rot90,266,image_block_04,fx,gx,0.0,1,
3,test,rot90,rot90,266,image_block_04,fgx,gfx,0.0,1,
3,test,rot90,rot90,82,image_block_04,fx,gx,0.0,1,
3,test,rot90,rot90,82,image_block_04,fgx,gfx,0.0,1,
3,test,rot90,rot90,302,image_block_05,fx,gx,0.0,1,
3,test,rot90,rot90,302,image_block_05,fgx,gfx,0.0,1,
3,test,rot90,rot90,131,image_block_05,fx,gx,0.0,1,
3,test,rot90,rot90,131,image_block_05,fgx,gfx,0.0,1,
3,test,rot90,rot90,174,image_block_05,fx,gx,0.0,1,
3,test,rot90,rot90,174,image_block_05,fgx,gfx,0.0,1,
3,test,rot90,rot90,56,image_block_05,fx,gx,0.0,1,
3,test,rot90,rot90,56,image_block_05,fgx,gfx,0.0,1,
3,test,rot90,rot90,146,image_block_05,fx,gx,0.0,1,
3,test,rot90,rot90,146,image_block_05,fgx,gfx,0.0,1,
3,test,rot90,rot90,165,image_block_05,fx,gx,0.0,1,
3,test,rot90,rot90,165,image_block_05,fgx,gfx,0.0,1,
3,test,rot90,rot90,203,image_block_05,fx,gx,0.0,1,
3,test,rot90,rot90,203,image_block_05,fgx,gfx,0.0,1,
3,test,rot90,rot90,150,image_block_05,fx,gx,0.0,1,
3,test,rot90,rot90,150,image_block_05,fgx,gfx,0.0,1,
3,test,rot90,rot90,77,image_block_05,fx,gx,0.0,1,
3,test,rot90,rot90,77,image_block_05,fgx,gfx,0.0,1,
3,test,rot90,rot90,248,image_block_05,fx,gx,0.0,1,
3,test,rot90,rot90,248,image_block_05,fgx,gfx,0.0,1,
3,test,rot90,rot90,19,image_block_05,fx,gx,0.0,1,
3,test,rot90,rot90,19,image_block_05,fgx,gfx,0.0,1,
3,test,rot90,rot90,98,image_block_05,fx,gx,0.0,1,
3,test,rot90,rot90,98,image_block_05,fgx,gfx,0.0,1,
3,test,rot90,rot90,332,image_block_05,fx,gx,0.0,1,
3,test,rot90,rot90,332,image_block_05,fgx,gfx,0.0,1,
3,test,rot90,rot90,260,image_block_05,fx,gx,0.0,1,
3,test,rot90,rot90,260,image_block_05,fgx,gfx,0.0,1,
3,test,rot90,rot90,266,image_block_05,fx,gx,0.0,1,
3,test,rot90,rot90,266,image_block_05,fgx,gfx,0.0,1,
3,test,rot90,rot90,82,image_block_05,fx,gx,0.0,1,
3,test,rot90,rot90,82,image_block_05,fgx,gfx,0.0,1,
3,test,rot90,rot90,302,image_block_06,fx,gx,0.0,1,
3,test,rot90,rot90,302,image_block_06,fgx,gfx,0.0,1,
3,test,rot90,rot90,131,image_block_06,fx,gx,0.0,1,
3,test,rot90,rot90,131,image_block_06,fgx,gfx,0.0,1,
3,test,rot90,rot90,174,image_block_06,fx,gx,0.0,1,
3,test,rot90,rot90,174,image_block_06,fgx,gfx,0.0,1,
3,test,rot90,rot90,56,image_block_06,fx,gx,0.0,1,
3,test,rot90,rot90,56,image_block_06,fgx,gfx,0.0,1,
3,test,rot90,rot90,146,image_block_06,fx,gx,0.0,1,
3,test,rot90,rot90,146,image_block_06,fgx,gfx,0.0,1,
3,test,rot90,rot90,165,image_block_06,fx,gx,0.0,1,
3,test,rot90,rot90,165,image_block_06,fgx,gfx,0.0,1,
3,test,rot90,rot90,203,image_block_06,fx,gx,0.0,1,
3,test,rot90,rot90,203,image_block_06,fgx,gfx,0.0,1,
3,test,rot90,rot90,150,image_block_06,fx,gx,0.0,1,
3,test,rot90,rot90,150,image_block_06,fgx,gfx,0.0,1,
3,test,rot90,rot90,77,image_block_06,fx,gx,0.0,1,
3,test,rot90,rot90,77,image_block_06,fgx,gfx,0.0,1,
3,test,rot90,rot90,248,image_block_06,fx,gx,0.0,1,
3,test,rot90,rot90,248,image_block_06,fgx,gfx,0.0,1,
3,test,rot90,rot90,19,image_block_06,fx,gx,0.0,1,
3,test,rot90,rot90,19,image_block_06,fgx,gfx,0.0,1,
3,test,rot90,rot90,98,image_block_06,fx,gx,0.0,1,
3,test,rot90,rot90,98,image_block_06,fgx,gfx,0.0,1,
3,test,rot90,rot90,332,image_block_06,fx,gx,0.0,1,
3,test,rot90,rot90,332,image_block_06,fgx,gfx,0.0,1,
3,test,rot90,rot90,260,image_block_06,fx,gx,0.0,1,
3,test,rot90,rot90,260,image_block_06,fgx,gfx,0.0,1,
3,test,rot90,rot90,266,image_block_06,fx,gx,0.0,1,
3,test,rot90,rot90,266,image_block_06,fgx,gfx,0.0,1,
3,test,rot90,rot90,82,image_block_06,fx,gx,0.0,1,
3,test,rot90,rot90,82,image_block_06,fgx,gfx,0.0,1,
3,test,rot90,rot90,302,image_final_norm,fx,gx,0.0,1,
3,test,rot90,rot90,302,image_final_norm,fgx,gfx,0.0,1,
3,test,rot90,rot90,131,image_final_norm,fx,gx,0.0,1,
3,test,rot90,rot90,131,image_final_norm,fgx,gfx,0.0,1,
3,test,rot90,rot90,174,image_final_norm,fx,gx,0.0,1,
3,test,rot90,rot90,174,image_final_norm,fgx,gfx,0.0,1,
3,test,rot90,rot90,56,image_final_norm,fx,gx,0.0,1,
3,test,rot90,rot90,56,image_final_norm,fgx,gfx,0.0,1,
3,test,rot90,rot90,146,image_final_norm,fx,gx,0.0,1,
3,test,rot90,rot90,146,image_final_norm,fgx,gfx,0.0,1,
3,test,rot90,rot90,165,image_final_norm,fx,gx,0.0,1,
3,test,rot90,rot90,165,image_final_norm,fgx,gfx,0.0,1,
3,test,rot90,rot90,203,image_final_norm,fx,gx,0.0,1,
3,test,rot90,rot90,203,image_final_norm,fgx,gfx,0.0,1,
3,test,rot90,rot90,150,image_final_norm,fx,gx,0.0,1,
3,test,rot90,rot90,150,image_final_norm,fgx,gfx,0.0,1,
3,test,rot90,rot90,77,image_final_norm,fx,gx,0.0,1,
3,test,rot90,rot90,77,image_final_norm,fgx,gfx,0.0,1,
3,test,rot90,rot90,248,image_final_norm,fx,gx,0.0,1,
3,test,rot90,rot90,248,image_final_norm,fgx,gfx,0.0,1,
3,test,rot90,rot90,19,image_final_norm,fx,gx,0.0,1,
3,test,rot90,rot90,19,image_final_norm,fgx,gfx,0.0,1,
3,test,rot90,rot90,98,image_final_norm,fx,gx,0.0,1,
3,test,rot90,rot90,98,image_final_norm,fgx,gfx,0.0,1,
3,test,rot90,rot90,332,image_final_norm,fx,gx,0.0,1,
3,test,rot90,rot90,332,image_final_norm,fgx,gfx,0.0,1,
3,test,rot90,rot90,260,image_final_norm,fx,gx,0.0,1,
3,test,rot90,rot90,260,image_final_norm,fgx,gfx,0.0,1,
3,test,rot90,rot90,266,image_final_norm,fx,gx,0.0,1,
3,test,rot90,rot90,266,image_final_norm,fgx,gfx,0.0,1,
3,test,rot90,rot90,82,image_final_norm,fx,gx,0.0,1,
3,test,rot90,rot90,82,image_final_norm,fgx,gfx,0.0,1,
3,test,rot90,rot90,228,image_input_tokens,fx,gx,0.0,1,
3,test,rot90,rot90,228,image_input_tokens,fgx,gfx,0.0,1,
3,test,rot90,rot90,296,image_input_tokens,fx,gx,0.0,1,
3,test,rot90,rot90,296,image_input_tokens,fgx,gfx,0.0,1,
3,test,rot90,rot90,153,image_input_tokens,fx,gx,0.0,1,
3,test,rot90,rot90,153,image_input_tokens,fgx,gfx,0.0,1,
3,test,rot90,rot90,115,image_input_tokens,fx,gx,0.0,1,
3,test,rot90,rot90,115,image_input_tokens,fgx,gfx,0.0,1,
3,test,rot90,rot90,305,image_input_tokens,fx,gx,0.0,1,
3,test,rot90,rot90,305,image_input_tokens,fgx,gfx,0.0,1,
3,test,rot90,rot90,219,image_input_tokens,fx,gx,0.0,1,
3,test,rot90,rot90,219,image_input_tokens,fgx,gfx,0.0,1,
3,test,rot90,rot90,24,image_input_tokens,fx,gx,0.0,1,
3,test,rot90,rot90,24,image_input_tokens,fgx,gfx,0.0,1,
3,test,rot90,rot90,164,image_input_tokens,fx,gx,0.0,1,
3,test,rot90,rot90,164,image_input_tokens,fgx,gfx,0.0,1,
3,test,rot90,rot90,51,image_input_tokens,fx,gx,0.0,1,
3,test,rot90,rot90,51,image_input_tokens,fgx,gfx,0.0,1,
3,test,rot90,rot90,145,image_input_tokens,fx,gx,0.0,1,
3,test,rot90,rot90,145,image_input_tokens,fgx,gfx,0.0,1,
3,test,rot90,rot90,107,image_input_tokens,fx,gx,0.0,1,
3,test,rot90,rot90,107,image_input_tokens,fgx,gfx,0.0,1,
3,test,rot90,rot90,154,image_input_tokens,fx,gx,0.0,1,
3,test,rot90,rot90,154,image_input_tokens,fgx,gfx,0.0,1,
3,test,rot90,rot90,33,image_input_tokens,fx,gx,0.0,1,
3,test,rot90,rot90,33,image_input_tokens,fgx,gfx,0.0,1,
3,test,rot90,rot90,127,image_input_tokens,fx,gx,0.0,1,
3,test,rot90,rot90,127,image_input_tokens,fgx,gfx,0.0,1,
3,test,rot90,rot90,251,image_input_tokens,fx,gx,0.0,1,
3,test,rot90,rot90,251,image_input_tokens,fgx,gfx,0.0,1,
3,test,rot90,rot90,213,image_input_tokens,fx,gx,0.0,1,
3,test,rot90,rot90,213,image_input_tokens,fgx,gfx,0.0,1,
3,test,rot90,rot90,228,image_block_01,fx,gx,0.0,1,
3,test,rot90,rot90,228,image_block_01,fgx,gfx,0.0,1,
3,test,rot90,rot90,296,image_block_01,fx,gx,0.0,1,
3,test,rot90,rot90,296,image_block_01,fgx,gfx,0.0,1,
3,test,rot90,rot90,153,image_block_01,fx,gx,0.0,1,
3,test,rot90,rot90,153,image_block_01,fgx,gfx,0.0,1,
3,test,rot90,rot90,115,image_block_01,fx,gx,0.0,1,
3,test,rot90,rot90,115,image_block_01,fgx,gfx,0.0,1,
3,test,rot90,rot90,305,image_block_01,fx,gx,0.0,1,
3,test,rot90,rot90,305,image_block_01,fgx,gfx,0.0,1,
3,test,rot90,rot90,219,image_block_01,fx,gx,0.0,1,
3,test,rot90,rot90,219,image_block_01,fgx,gfx,0.0,1,
3,test,rot90,rot90,24,image_block_01,fx,gx,0.0,1,
3,test,rot90,rot90,24,image_block_01,fgx,gfx,0.0,1,
3,test,rot90,rot90,164,image_block_01,fx,gx,0.0,1,
3,test,rot90,rot90,164,image_block_01,fgx,gfx,0.0,1,
3,test,rot90,rot90,51,image_block_01,fx,gx,0.0,1,
3,test,rot90,rot90,51,image_block_01,fgx,gfx,0.0,1,
3,test,rot90,rot90,145,image_block_01,fx,gx,0.0,1,
3,test,rot90,rot90,145,image_block_01,fgx,gfx,0.0,1,
3,test,rot90,rot90,107,image_block_01,fx,gx,0.0,1,
3,test,rot90,rot90,107,image_block_01,fgx,gfx,0.0,1,
3,test,rot90,rot90,154,image_block_01,fx,gx,0.0,1,
3,test,rot90,rot90,154,image_block_01,fgx,gfx,0.0,1,
3,test,rot90,rot90,33,image_block_01,fx,gx,0.0,1,
3,test,rot90,rot90,33,image_block_01,fgx,gfx,0.0,1,
3,test,rot90,rot90,127,image_block_01,fx,gx,0.0,1,
3,test,rot90,rot90,127,image_block_01,fgx,gfx,0.0,1,
3,test,rot90,rot90,251,image_block_01,fx,gx,0.0,1,
3,test,rot90,rot90,251,image_block_01,fgx,gfx,0.0,1,
3,test,rot90,rot90,213,image_block_01,fx,gx,0.0,1,
3,test,rot90,rot90,213,image_block_01,fgx,gfx,0.0,1,
3,test,rot90,rot90,228,image_block_02,fx,gx,0.0,1,
3,test,rot90,rot90,228,image_block_02,fgx,gfx,0.0,1,
3,test,rot90,rot90,296,image_block_02,fx,gx,0.0,1,
3,test,rot90,rot90,296,image_block_02,fgx,gfx,0.0,1,
3,test,rot90,rot90,153,image_block_02,fx,gx,0.0,1,
3,test,rot90,rot90,153,image_block_02,fgx,gfx,0.0,1,
3,test,rot90,rot90,115,image_block_02,fx,gx,0.0,1,
3,test,rot90,rot90,115,image_block_02,fgx,gfx,0.0,1,
3,test,rot90,rot90,305,image_block_02,fx,gx,0.0,1,
3,test,rot90,rot90,305,image_block_02,fgx,gfx,0.0,1,
3,test,rot90,rot90,219,image_block_02,fx,gx,0.0,1,
3,test,rot90,rot90,219,image_block_02,fgx,gfx,0.0,1,
3,test,rot90,rot90,24,image_block_02,fx,gx,0.0,1,
3,test,rot90,rot90,24,image_block_02,fgx,gfx,0.0,1,
3,test,rot90,rot90,164,image_block_02,fx,gx,0.0,1,
3,test,rot90,rot90,164,image_block_02,fgx,gfx,0.0,1,
3,test,rot90,rot90,51,image_block_02,fx,gx,0.0,1,
3,test,rot90,rot90,51,image_block_02,fgx,gfx,0.0,1,
3,test,rot90,rot90,145,image_block_02,fx,gx,0.0,1,
3,test,rot90,rot90,145,image_block_02,fgx,gfx,0.0,1,
3,test,rot90,rot90,107,image_block_02,fx,gx,0.0,1,
3,test,rot90,rot90,107,image_block_02,fgx,gfx,0.0,1,
3,test,rot90,rot90,154,image_block_02,fx,gx,0.0,1,
3,test,rot90,rot90,154,image_block_02,fgx,gfx,0.0,1,
3,test,rot90,rot90,33,image_block_02,fx,gx,0.0,1,
3,test,rot90,rot90,33,image_block_02,fgx,gfx,0.0,1,
3,test,rot90,rot90,127,image_block_02,fx,gx,0.0,1,
3,test,rot90,rot90,127,image_block_02,fgx,gfx,0.0,1,
3,test,rot90,rot90,251,image_block_02,fx,gx,0.0,1,
3,test,rot90,rot90,251,image_block_02,fgx,gfx,0.0,1,
3,test,rot90,rot90,213,image_block_02,fx,gx,0.0,1,
3,test,rot90,rot90,213,image_block_02,fgx,gfx,0.0,1,
3,test,rot90,rot90,228,image_block_03,fx,gx,0.0,1,
3,test,rot90,rot90,228,image_block_03,fgx,gfx,0.0,1,
3,test,rot90,rot90,296,image_block_03,fx,gx,0.0,1,
3,test,rot90,rot90,296,image_block_03,fgx,gfx,0.0,1,
3,test,rot90,rot90,153,image_block_03,fx,gx,0.0,1,
3,test,rot90,rot90,153,image_block_03,fgx,gfx,0.0,1,
3,test,rot90,rot90,115,image_block_03,fx,gx,0.0,1,
3,test,rot90,rot90,115,image_block_03,fgx,gfx,0.0,1,
3,test,rot90,rot90,305,image_block_03,fx,gx,0.0,1,
3,test,rot90,rot90,305,image_block_03,fgx,gfx,0.0,1,
3,test,rot90,rot90,219,image_block_03,fx,gx,0.0,1,
3,test,rot90,rot90,219,image_block_03,fgx,gfx,0.0,1,
3,test,rot90,rot90,24,image_block_03,fx,gx,0.0,1,
3,test,rot90,rot90,24,image_block_03,fgx,gfx,0.0,1,
3,test,rot90,rot90,164,image_block_03,fx,gx,0.0,1,
3,test,rot90,rot90,164,image_block_03,fgx,gfx,0.0,1,
3,test,rot90,rot90,51,image_block_03,fx,gx,0.0,1,
3,test,rot90,rot90,51,image_block_03,fgx,gfx,0.0,1,
3,test,rot90,rot90,145,image_block_03,fx,gx,0.0,1,
3,test,rot90,rot90,145,image_block_03,fgx,gfx,0.0,1,
3,test,rot90,rot90,107,image_block_03,fx,gx,0.0,1,
3,test,rot90,rot90,107,image_block_03,fgx,gfx,0.0,1,
3,test,rot90,rot90,154,image_block_03,fx,gx,0.0,1,
3,test,rot90,rot90,154,image_block_03,fgx,gfx,0.0,1,
3,test,rot90,rot90,33,image_block_03,fx,gx,0.0,1,
3,test,rot90,rot90,33,image_block_03,fgx,gfx,0.0,1,
3,test,rot90,rot90,127,image_block_03,fx,gx,0.0,1,
3,test,rot90,rot90,127,image_block_03,fgx,gfx,0.0,1,
3,test,rot90,rot90,251,image_block_03,fx,gx,0.0,1,
3,test,rot90,rot90,251,image_block_03,fgx,gfx,0.0,1,
3,test,rot90,rot90,213,image_block_03,fx,gx,0.0,1,
3,test,rot90,rot90,213,image_block_03,fgx,gfx,0.0,1,
3,test,rot90,rot90,228,image_block_04,fx,gx,0.0,1,
3,test,rot90,rot90,228,image_block_04,fgx,gfx,0.0,1,
3,test,rot90,rot90,296,image_block_04,fx,gx,0.0,1,
3,test,rot90,rot90,296,image_block_04,fgx,gfx,0.0,1,
3,test,rot90,rot90,153,image_block_04,fx,gx,0.0,1,
3,test,rot90,rot90,153,image_block_04,fgx,gfx,0.0,1,
3,test,rot90,rot90,115,image_block_04,fx,gx,0.0,1,
3,test,rot90,rot90,115,image_block_04,fgx,gfx,0.0,1,
3,test,rot90,rot90,305,image_block_04,fx,gx,0.0,1,
3,test,rot90,rot90,305,image_block_04,fgx,gfx,0.0,1,
3,test,rot90,rot90,219,image_block_04,fx,gx,0.0,1,
3,test,rot90,rot90,219,image_block_04,fgx,gfx,0.0,1,
3,test,rot90,rot90,24,image_block_04,fx,gx,0.0,1,
3,test,rot90,rot90,24,image_block_04,fgx,gfx,0.0,1,
3,test,rot90,rot90,164,image_block_04,fx,gx,0.0,1,
3,test,rot90,rot90,164,image_block_04,fgx,gfx,0.0,1,
3,test,rot90,rot90,51,image_block_04,fx,gx,0.0,1,
3,test,rot90,rot90,51,image_block_04,fgx,gfx,0.0,1,
3,test,rot90,rot90,145,image_block_04,fx,gx,0.0,1,
3,test,rot90,rot90,145,image_block_04,fgx,gfx,0.0,1,
3,test,rot90,rot90,107,image_block_04,fx,gx,0.0,1,
3,test,rot90,rot90,107,image_block_04,fgx,gfx,0.0,1,
3,test,rot90,rot90,154,image_block_04,fx,gx,0.0,1,
3,test,rot90,rot90,154,image_block_04,fgx,gfx,0.0,1,
3,test,rot90,rot90,33,image_block_04,fx,gx,0.0,1,
3,test,rot90,rot90,33,image_block_04,fgx,gfx,0.0,1,
3,test,rot90,rot90,127,image_block_04,fx,gx,0.0,1,
3,test,rot90,rot90,127,image_block_04,fgx,gfx,0.0,1,
3,test,rot90,rot90,251,image_block_04,fx,gx,0.0,1,
3,test,rot90,rot90,251,image_block_04,fgx,gfx,0.0,1,
3,test,rot90,rot90,213,image_block_04,fx,gx,0.0,1,
3,test,rot90,rot90,213,image_block_04,fgx,gfx,0.0,1,
3,test,rot90,rot90,228,image_block_05,fx,gx,0.0,1,
3,test,rot90,rot90,228,image_block_05,fgx,gfx,0.0,1,
3,test,rot90,rot90,296,image_block_05,fx,gx,0.0,1,
3,test,rot90,rot90,296,image_block_05,fgx,gfx,0.0,1,
3,test,rot90,rot90,153,image_block_05,fx,gx,0.0,1,
3,test,rot90,rot90,153,image_block_05,fgx,gfx,0.0,1,
3,test,rot90,rot90,115,image_block_05,fx,gx,0.0,1,
3,test,rot90,rot90,115,image_block_05,fgx,gfx,0.0,1,
3,test,rot90,rot90,305,image_block_05,fx,gx,0.0,1,
3,test,rot90,rot90,305,image_block_05,fgx,gfx,0.0,1,
3,test,rot90,rot90,219,image_block_05,fx,gx,0.0,1,
3,test,rot90,rot90,219,image_block_05,fgx,gfx,0.0,1,
3,test,rot90,rot90,24,image_block_05,fx,gx,0.0,1,
3,test,rot90,rot90,24,image_block_05,fgx,gfx,0.0,1,
3,test,rot90,rot90,164,image_block_05,fx,gx,0.0,1,
3,test,rot90,rot90,164,image_block_05,fgx,gfx,0.0,1,
3,test,rot90,rot90,51,image_block_05,fx,gx,0.0,1,
3,test,rot90,rot90,51,image_block_05,fgx,gfx,0.0,1,
3,test,rot90,rot90,145,image_block_05,fx,gx,0.0,1,
3,test,rot90,rot90,145,image_block_05,fgx,gfx,0.0,1,
3,test,rot90,rot90,107,image_block_05,fx,gx,0.0,1,
3,test,rot90,rot90,107,image_block_05,fgx,gfx,0.0,1,
3,test,rot90,rot90,154,image_block_05,fx,gx,0.0,1,
3,test,rot90,rot90,154,image_block_05,fgx,gfx,0.0,1,
3,test,rot90,rot90,33,image_block_05,fx,gx,0.0,1,
3,test,rot90,rot90,33,image_block_05,fgx,gfx,0.0,1,
3,test,rot90,rot90,127,image_block_05,fx,gx,0.0,1,
3,test,rot90,rot90,127,image_block_05,fgx,gfx,0.0,1,
3,test,rot90,rot90,251,image_block_05,fx,gx,0.0,1,
3,test,rot90,rot90,251,image_block_05,fgx,gfx,0.0,1,
3,test,rot90,rot90,213,image_block_05,fx,gx,0.0,1,
3,test,rot90,rot90,213,image_block_05,fgx,gfx,0.0,1,
3,test,rot90,rot90,228,image_block_06,fx,gx,0.0,1,
3,test,rot90,rot90,228,image_block_06,fgx,gfx,0.0,1,
3,test,rot90,rot90,296,image_block_06,fx,gx,0.0,1,
3,test,rot90,rot90,296,image_block_06,fgx,gfx,0.0,1,
3,test,rot90,rot90,153,image_block_06,fx,gx,0.0,1,
3,test,rot90,rot90,153,image_block_06,fgx,gfx,0.0,1,
3,test,rot90,rot90,115,image_block_06,fx,gx,0.0,1,
3,test,rot90,rot90,115,image_block_06,fgx,gfx,0.0,1,
3,test,rot90,rot90,305,image_block_06,fx,gx,0.0,1,
3,test,rot90,rot90,305,image_block_06,fgx,gfx,0.0,1,
3,test,rot90,rot90,219,image_block_06,fx,gx,0.0,1,
3,test,rot90,rot90,219,image_block_06,fgx,gfx,0.0,1,
3,test,rot90,rot90,24,image_block_06,fx,gx,0.0,1,
3,test,rot90,rot90,24,image_block_06,fgx,gfx,0.0,1,
3,test,rot90,rot90,164,image_block_06,fx,gx,0.0,1,
3,test,rot90,rot90,164,image_block_06,fgx,gfx,0.0,1,
3,test,rot90,rot90,51,image_block_06,fx,gx,0.0,1,
3,test,rot90,rot90,51,image_block_06,fgx,gfx,0.0,1,
3,test,rot90,rot90,145,image_block_06,fx,gx,0.0,1,
3,test,rot90,rot90,145,image_block_06,fgx,gfx,0.0,1,
3,test,rot90,rot90,107,image_block_06,fx,gx,0.0,1,
3,test,rot90,rot90,107,image_block_06,fgx,gfx,0.0,1,
3,test,rot90,rot90,154,image_block_06,fx,gx,0.0,1,
3,test,rot90,rot90,154,image_block_06,fgx,gfx,0.0,1,
3,test,rot90,rot90,33,image_block_06,fx,gx,0.0,1,
3,test,rot90,rot90,33,image_block_06,fgx,gfx,0.0,1,
3,test,rot90,rot90,127,image_block_06,fx,gx,0.0,1,
3,test,rot90,rot90,127,image_block_06,fgx,gfx,0.0,1,
3,test,rot90,rot90,251,image_block_06,fx,gx,0.0,1,
3,test,rot90,rot90,251,image_block_06,fgx,gfx,0.0,1,
3,test,rot90,rot90,213,image_block_06,fx,gx,0.0,1,
3,test,rot90,rot90,213,image_block_06,fgx,gfx,0.0,1,
3,test,rot90,rot90,228,image_final_norm,fx,gx,0.0,1,
3,test,rot90,rot90,228,image_final_norm,fgx,gfx,0.0,1,
3,test,rot90,rot90,296,image_final_norm,fx,gx,0.0,1,
3,test,rot90,rot90,296,image_final_norm,fgx,gfx,0.0,1,
3,test,rot90,rot90,153,image_final_norm,fx,gx,0.0,1,
3,test,rot90,rot90,153,image_final_norm,fgx,gfx,0.0,1,
3,test,rot90,rot90,115,image_final_norm,fx,gx,0.0,1,
3,test,rot90,rot90,115,image_final_norm,fgx,gfx,0.0,1,
3,test,rot90,rot90,305,image_final_norm,fx,gx,0.0,1,
3,test,rot90,rot90,305,image_final_norm,fgx,gfx,0.0,1,
3,test,rot90,rot90,219,image_final_norm,fx,gx,0.0,1,
3,test,rot90,rot90,219,image_final_norm,fgx,gfx,0.0,1,
3,test,rot90,rot90,24,image_final_norm,fx,gx,0.0,1,
3,test,rot90,rot90,24,image_final_norm,fgx,gfx,0.0,1,
3,test,rot90,rot90,164,image_final_norm,fx,gx,0.0,1,
3,test,rot90,rot90,164,image_final_norm,fgx,gfx,0.0,1,
3,test,rot90,rot90,51,image_final_norm,fx,gx,0.0,1,
3,test,rot90,rot90,51,image_final_norm,fgx,gfx,0.0,1,
3,test,rot90,rot90,145,image_final_norm,fx,gx,0.0,1,
3,test,rot90,rot90,145,image_final_norm,fgx,gfx,0.0,1,
3,test,rot90,rot90,107,image_final_norm,fx,gx,0.0,1,
3,test,rot90,rot90,107,image_final_norm,fgx,gfx,0.0,1,
3,test,rot90,rot90,154,image_final_norm,fx,gx,0.0,1,
3,test,rot90,rot90,154,image_final_norm,fgx,gfx,0.0,1,
3,test,rot90,rot90,33,image_final_norm,fx,gx,0.0,1,
3,test,rot90,rot90,33,image_final_norm,fgx,gfx,0.0,1,
3,test,rot90,rot90,127,image_final_norm,fx,gx,0.0,1,
3,test,rot90,rot90,127,image_final_norm,fgx,gfx,0.0,1,
3,test,rot90,rot90,251,image_final_norm,fx,gx,0.0,1,
3,test,rot90,rot90,251,image_final_norm,fgx,gfx,0.0,1,
3,test,rot90,rot90,213,image_final_norm,fx,gx,0.0,1,
3,test,rot90,rot90,213,image_final_norm,fgx,gfx,0.0,1,
3,test,rot90,rot90,100,image_input_tokens,fx,gx,0.0,1,
3,test,rot90,rot90,100,image_input_tokens,fgx,gfx,0.0,1,
3,test,rot90,rot90,27,image_input_tokens,fx,gx,0.0,1,
3,test,rot90,rot90,27,image_input_tokens,fgx,gfx,0.0,1,
3,test,rot90,rot90,61,image_input_tokens,fx,gx,0.0,1,
3,test,rot90,rot90,61,image_input_tokens,fgx,gfx,0.0,1,
3,test,rot90,rot90,291,image_input_tokens,fx,gx,0.0,1,
3,test,rot90,rot90,291,image_input_tokens,fgx,gfx,0.0,1,
3,test,rot90,rot90,84,image_input_tokens,fx,gx,0.0,1,
3,test,rot90,rot90,84,image_input_tokens,fgx,gfx,0.0,1,
3,test,rot90,rot90,265,image_input_tokens,fx,gx,0.0,1,
3,test,rot90,rot90,265,image_input_tokens,fgx,gfx,0.0,1,
3,test,rot90,rot90,196,image_input_tokens,fx,gx,0.0,1,
3,test,rot90,rot90,196,image_input_tokens,fgx,gfx,0.0,1,
3,test,rot90,rot90,215,image_input_tokens,fx,gx,0.0,1,
3,test,rot90,rot90,215,image_input_tokens,fgx,gfx,0.0,1,
3,test,rot90,rot90,253,image_input_tokens,fx,gx,0.0,1,
3,test,rot90,rot90,253,image_input_tokens,fgx,gfx,0.0,1,
3,test,rot90,rot90,239,image_input_tokens,fx,gx,0.0,1,
3,test,rot90,rot90,239,image_input_tokens,fgx,gfx,0.0,1,
3,test,rot90,rot90,331,image_input_tokens,fx,gx,0.0,1,
3,test,rot90,rot90,331,image_input_tokens,fgx,gfx,0.0,1,
3,test,rot90,rot90,3,image_input_tokens,fx,gx,0.0,1,
3,test,rot90,rot90,3,image_input_tokens,fgx,gfx,0.0,1,
3,test,rot90,rot90,2,image_input_tokens,fx,gx,0.0,1,
3,test,rot90,rot90,2,image_input_tokens,fgx,gfx,0.0,1,
3,test,rot90,rot90,306,image_input_tokens,fx,gx,0.0,1,
3,test,rot90,rot90,306,image_input_tokens,fgx,gfx,0.0,1,
3,test,rot90,rot90,181,image_input_tokens,fx,gx,0.0,1,
3,test,rot90,rot90,181,image_input_tokens,fgx,gfx,0.0,1,
3,test,rot90,rot90,149,image_input_tokens,fx,gx,0.0,1,
3,test,rot90,rot90,149,image_input_tokens,fgx,gfx,0.0,1,
3,test,rot90,rot90,100,image_block_01,fx,gx,0.0,1,
3,test,rot90,rot90,100,image_block_01,fgx,gfx,0.0,1,
3,test,rot90,rot90,27,image_block_01,fx,gx,0.0,1,
3,test,rot90,rot90,27,image_block_01,fgx,gfx,0.0,1,
3,test,rot90,rot90,61,image_block_01,fx,gx,0.0,1,
3,test,rot90,rot90,61,image_block_01,fgx,gfx,0.0,1,
3,test,rot90,rot90,291,image_block_01,fx,gx,0.0,1,
3,test,rot90,rot90,291,image_block_01,fgx,gfx,0.0,1,
3,test,rot90,rot90,84,image_block_01,fx,gx,0.0,1,
3,test,rot90,rot90,84,image_block_01,fgx,gfx,0.0,1,
3,test,rot90,rot90,265,image_block_01,fx,gx,0.0,1,
3,test,rot90,rot90,265,image_block_01,fgx,gfx,0.0,1,
3,test,rot90,rot90,196,image_block_01,fx,gx,0.0,1,
3,test,rot90,rot90,196,image_block_01,fgx,gfx,0.0,1,
3,test,rot90,rot90,215,image_block_01,fx,gx,0.0,1,
3,test,rot90,rot90,215,image_block_01,fgx,gfx,0.0,1,
3,test,rot90,rot90,253,image_block_01,fx,gx,0.0,1,
3,test,rot90,rot90,253,image_block_01,fgx,gfx,0.0,1,
3,test,rot90,rot90,239,image_block_01,fx,gx,0.0,1,
3,test,rot90,rot90,239,image_block_01,fgx,gfx,0.0,1,
3,test,rot90,rot90,331,image_block_01,fx,gx,0.0,1,
3,test,rot90,rot90,331,image_block_01,fgx,gfx,0.0,1,
3,test,rot90,rot90,3,image_block_01,fx,gx,0.0,1,
3,test,rot90,rot90,3,image_block_01,fgx,gfx,0.0,1,
3,test,rot90,rot90,2,image_block_01,fx,gx,0.0,1,
3,test,rot90,rot90,2,image_block_01,fgx,gfx,0.0,1,
3,test,rot90,rot90,306,image_block_01,fx,gx,0.0,1,
3,test,rot90,rot90,306,image_block_01,fgx,gfx,0.0,1,
3,test,rot90,rot90,181,image_block_01,fx,gx,0.0,1,
3,test,rot90,rot90,181,image_block_01,fgx,gfx,0.0,1,
3,test,rot90,rot90,149,image_block_01,fx,gx,0.0,1,
3,test,rot90,rot90,149,image_block_01,fgx,gfx,0.0,1,
3,test,rot90,rot90,100,image_block_02,fx,gx,0.0,1,
3,test,rot90,rot90,100,image_block_02,fgx,gfx,0.0,1,
3,test,rot90,rot90,27,image_block_02,fx,gx,0.0,1,
3,test,rot90,rot90,27,image_block_02,fgx,gfx,0.0,1,
3,test,rot90,rot90,61,image_block_02,fx,gx,0.0,1,
3,test,rot90,rot90,61,image_block_02,fgx,gfx,0.0,1,
3,test,rot90,rot90,291,image_block_02,fx,gx,0.0,1,
3,test,rot90,rot90,291,image_block_02,fgx,gfx,0.0,1,
3,test,rot90,rot90,84,image_block_02,fx,gx,0.0,1,
3,test,rot90,rot90,84,image_block_02,fgx,gfx,0.0,1,
3,test,rot90,rot90,265,image_block_02,fx,gx,0.0,1,
3,test,rot90,rot90,265,image_block_02,fgx,gfx,0.0,1,
3,test,rot90,rot90,196,image_block_02,fx,gx,0.0,1,
3,test,rot90,rot90,196,image_block_02,fgx,gfx,0.0,1,
3,test,rot90,rot90,215,image_block_02,fx,gx,0.0,1,
3,test,rot90,rot90,215,image_block_02,fgx,gfx,0.0,1,
3,test,rot90,rot90,253,image_block_02,fx,gx,0.0,1,
3,test,rot90,rot90,253,image_block_02,fgx,gfx,0.0,1,
3,test,rot90,rot90,239,image_block_02,fx,gx,0.0,1,
3,test,rot90,rot90,239,image_block_02,fgx,gfx,0.0,1,
3,test,rot90,rot90,331,image_block_02,fx,gx,0.0,1,
3,test,rot90,rot90,331,image_block_02,fgx,gfx,0.0,1,
3,test,rot90,rot90,3,image_block_02,fx,gx,0.0,1,
3,test,rot90,rot90,3,image_block_02,fgx,gfx,0.0,1,
3,test,rot90,rot90,2,image_block_02,fx,gx,0.0,1,
3,test,rot90,rot90,2,image_block_02,fgx,gfx,0.0,1,
3,test,rot90,rot90,306,image_block_02,fx,gx,0.0,1,
3,test,rot90,rot90,306,image_block_02,fgx,gfx,0.0,1,
3,test,rot90,rot90,181,image_block_02,fx,gx,0.0,1,
3,test,rot90,rot90,181,image_block_02,fgx,gfx,0.0,1,
3,test,rot90,rot90,149,image_block_02,fx,gx,0.0,1,
3,test,rot90,rot90,149,image_block_02,fgx,gfx,0.0,1,
3,test,rot90,rot90,100,image_block_03,fx,gx,0.0,1,
3,test,rot90,rot90,100,image_block_03,fgx,gfx,0.0,1,
3,test,rot90,rot90,27,image_block_03,fx,gx,0.0,1,
3,test,rot90,rot90,27,image_block_03,fgx,gfx,0.0,1,
3,test,rot90,rot90,61,image_block_03,fx,gx,0.0,1,
3,test,rot90,rot90,61,image_block_03,fgx,gfx,0.0,1,
3,test,rot90,rot90,291,image_block_03,fx,gx,0.0,1,
3,test,rot90,rot90,291,image_block_03,fgx,gfx,0.0,1,
3,test,rot90,rot90,84,image_block_03,fx,gx,0.0,1,
3,test,rot90,rot90,84,image_block_03,fgx,gfx,0.0,1,
3,test,rot90,rot90,265,image_block_03,fx,gx,0.0,1,
3,test,rot90,rot90,265,image_block_03,fgx,gfx,0.0,1,
3,test,rot90,rot90,196,image_block_03,fx,gx,0.0,1,
3,test,rot90,rot90,196,image_block_03,fgx,gfx,0.0,1,
3,test,rot90,rot90,215,image_block_03,fx,gx,0.0,1,
3,test,rot90,rot90,215,image_block_03,fgx,gfx,0.0,1,
3,test,rot90,rot90,253,image_block_03,fx,gx,0.0,1,
3,test,rot90,rot90,253,image_block_03,fgx,gfx,0.0,1,
3,test,rot90,rot90,239,image_block_03,fx,gx,0.0,1,
3,test,rot90,rot90,239,image_block_03,fgx,gfx,0.0,1,
3,test,rot90,rot90,331,image_block_03,fx,gx,0.0,1,
3,test,rot90,rot90,331,image_block_03,fgx,gfx,0.0,1,
3,test,rot90,rot90,3,image_block_03,fx,gx,0.0,1,
3,test,rot90,rot90,3,image_block_03,fgx,gfx,0.0,1,
3,test,rot90,rot90,2,image_block_03,fx,gx,0.0,1,
3,test,rot90,rot90,2,image_block_03,fgx,gfx,0.0,1,
3,test,rot90,rot90,306,image_block_03,fx,gx,0.0,1,
3,test,rot90,rot90,306,image_block_03,fgx,gfx,0.0,1,
3,test,rot90,rot90,181,image_block_03,fx,gx,0.0,1,
3,test,rot90,rot90,181,image_block_03,fgx,gfx,0.0,1,
3,test,rot90,rot90,149,image_block_03,fx,gx,0.0,1,
3,test,rot90,rot90,149,image_block_03,fgx,gfx,0.0,1,
3,test,rot90,rot90,100,image_block_04,fx,gx,0.0,1,
3,test,rot90,rot90,100,image_block_04,fgx,gfx,0.0,1,
3,test,rot90,rot90,27,image_block_04,fx,gx,0.0,1,
3,test,rot90,rot90,27,image_block_04,fgx,gfx,0.0,1,
3,test,rot90,rot90,61,image_block_04,fx,gx,0.0,1,
3,test,rot90,rot90,61,image_block_04,fgx,gfx,0.0,1,
3,test,rot90,rot90,291,image_block_04,fx,gx,0.0,1,
3,test,rot90,rot90,291,image_block_04,fgx,gfx,0.0,1,
3,test,rot90,rot90,84,image_block_04,fx,gx,0.0,1,
3,test,rot90,rot90,84,image_block_04,fgx,gfx,0.0,1,
3,test,rot90,rot90,265,image_block_04,fx,gx,0.0,1,
3,test,rot90,rot90,265,image_block_04,fgx,gfx,0.0,1,
3,test,rot90,rot90,196,image_block_04,fx,gx,0.0,1,
3,test,rot90,rot90,196,image_block_04,fgx,gfx,0.0,1,
3,test,rot90,rot90,215,image_block_04,fx,gx,0.0,1,
3,test,rot90,rot90,215,image_block_04,fgx,gfx,0.0,1,
3,test,rot90,rot90,253,image_block_04,fx,gx,0.0,1,
3,test,rot90,rot90,253,image_block_04,fgx,gfx,0.0,1,
3,test,rot90,rot90,239,image_block_04,fx,gx,0.0,1,
3,test,rot90,rot90,239,image_block_04,fgx,gfx,0.0,1,
3,test,rot90,rot90,331,image_block_04,fx,gx,0.0,1,
3,test,rot90,rot90,331,image_block_04,fgx,gfx,0.0,1,
3,test,rot90,rot90,3,image_block_04,fx,gx,0.0,1,
3,test,rot90,rot90,3,image_block_04,fgx,gfx,0.0,1,
3,test,rot90,rot90,2,image_block_04,fx,gx,0.0,1,
3,test,rot90,rot90,2,image_block_04,fgx,gfx,0.0,1,
3,test,rot90,rot90,306,image_block_04,fx,gx,0.0,1,
3,test,rot90,rot90,306,image_block_04,fgx,gfx,0.0,1,
3,test,rot90,rot90,181,image_block_04,fx,gx,0.0,1,
3,test,rot90,rot90,181,image_block_04,fgx,gfx,0.0,1,
3,test,rot90,rot90,149,image_block_04,fx,gx,0.0,1,
3,test,rot90,rot90,149,image_block_04,fgx,gfx,0.0,1,
3,test,rot90,rot90,100,image_block_05,fx,gx,0.0,1,
3,test,rot90,rot90,100,image_block_05,fgx,gfx,0.0,1,
3,test,rot90,rot90,27,image_block_05,fx,gx,0.0,1,
3,test,rot90,rot90,27,image_block_05,fgx,gfx,0.0,1,
3,test,rot90,rot90,61,image_block_05,fx,gx,0.0,1,
3,test,rot90,rot90,61,image_block_05,fgx,gfx,0.0,1,
3,test,rot90,rot90,291,image_block_05,fx,gx,0.0,1,
3,test,rot90,rot90,291,image_block_05,fgx,gfx,0.0,1,
3,test,rot90,rot90,84,image_block_05,fx,gx,0.0,1,
3,test,rot90,rot90,84,image_block_05,fgx,gfx,0.0,1,
3,test,rot90,rot90,265,image_block_05,fx,gx,0.0,1,
3,test,rot90,rot90,265,image_block_05,fgx,gfx,0.0,1,
3,test,rot90,rot90,196,image_block_05,fx,gx,0.0,1,
3,test,rot90,rot90,196,image_block_05,fgx,gfx,0.0,1,
3,test,rot90,rot90,215,image_block_05,fx,gx,0.0,1,
3,test,rot90,rot90,215,image_block_05,fgx,gfx,0.0,1,
3,test,rot90,rot90,253,image_block_05,fx,gx,0.0,1,
3,test,rot90,rot90,253,image_block_05,fgx,gfx,0.0,1,
3,test,rot90,rot90,239,image_block_05,fx,gx,0.0,1,
3,test,rot90,rot90,239,image_block_05,fgx,gfx,0.0,1,
3,test,rot90,rot90,331,image_block_05,fx,gx,0.0,1,
3,test,rot90,rot90,331,image_block_05,fgx,gfx,0.0,1,
3,test,rot90,rot90,3,image_block_05,fx,gx,0.0,1,
3,test,rot90,rot90,3,image_block_05,fgx,gfx,0.0,1,
3,test,rot90,rot90,2,image_block_05,fx,gx,0.0,1,
3,test,rot90,rot90,2,image_block_05,fgx,gfx,0.0,1,
3,test,rot90,rot90,306,image_block_05,fx,gx,0.0,1,
3,test,rot90,rot90,306,image_block_05,fgx,gfx,0.0,1,
3,test,rot90,rot90,181,image_block_05,fx,gx,0.0,1,
3,test,rot90,rot90,181,image_block_05,fgx,gfx,0.0,1,
3,test,rot90,rot90,149,image_block_05,fx,gx,0.0,1,
3,test,rot90,rot90,149,image_block_05,fgx,gfx,0.0,1,
3,test,rot90,rot90,100,image_block_06,fx,gx,0.0,1,
3,test,rot90,rot90,100,image_block_06,fgx,gfx,0.0,1,
3,test,rot90,rot90,27,image_block_06,fx,gx,0.0,1,
3,test,rot90,rot90,27,image_block_06,fgx,gfx,0.0,1,
3,test,rot90,rot90,61,image_block_06,fx,gx,0.0,1,
3,test,rot90,rot90,61,image_block_06,fgx,gfx,0.0,1,
3,test,rot90,rot90,291,image_block_06,fx,gx,0.0,1,
3,test,rot90,rot90,291,image_block_06,fgx,gfx,0.0,1,
3,test,rot90,rot90,84,image_block_06,fx,gx,0.0,1,
3,test,rot90,rot90,84,image_block_06,fgx,gfx,0.0,1,
3,test,rot90,rot90,265,image_block_06,fx,gx,0.0,1,
3,test,rot90,rot90,265,image_block_06,fgx,gfx,0.0,1,
3,test,rot90,rot90,196,image_block_06,fx,gx,0.0,1,
3,test,rot90,rot90,196,image_block_06,fgx,gfx,0.0,1,
3,test,rot90,rot90,215,image_block_06,fx,gx,0.0,1,
3,test,rot90,rot90,215,image_block_06,fgx,gfx,0.0,1,
3,test,rot90,rot90,253,image_block_06,fx,gx,0.0,1,
3,test,rot90,rot90,253,image_block_06,fgx,gfx,0.0,1,
3,test,rot90,rot90,239,image_block_06,fx,gx,0.0,1,
3,test,rot90,rot90,239,image_block_06,fgx,gfx,0.0,1,
3,test,rot90,rot90,331,image_block_06,fx,gx,0.0,1,
3,test,rot90,rot90,331,image_block_06,fgx,gfx,0.0,1,
3,test,rot90,rot90,3,image_block_06,fx,gx,0.0,1,
3,test,rot90,rot90,3,image_block_06,fgx,gfx,0.0,1,
3,test,rot90,rot90,2,image_block_06,fx,gx,0.0,1,
3,test,rot90,rot90,2,image_block_06,fgx,gfx,0.0,1,
3,test,rot90,rot90,306,image_block_06,fx,gx,0.0,1,
3,test,rot90,rot90,306,image_block_06,fgx,gfx,0.0,1,
3,test,rot90,rot90,181,image_block_06,fx,gx,0.0,1,
3,test,rot90,rot90,181,image_block_06,fgx,gfx,0.0,1,
3,test,rot90,rot90,149,image_block_06,fx,gx,0.0,1,
3,test,rot90,rot90,149,image_block_06,fgx,gfx,0.0,1,
3,test,rot90,rot90,100,image_final_norm,fx,gx,0.0,1,
3,test,rot90,rot90,100,image_final_norm,fgx,gfx,0.0,1,
3,test,rot90,rot90,27,image_final_norm,fx,gx,0.0,1,
3,test,rot90,rot90,27,image_final_norm,fgx,gfx,0.0,1,
3,test,rot90,rot90,61,image_final_norm,fx,gx,0.0,1,
3,test,rot90,rot90,61,image_final_norm,fgx,gfx,0.0,1,
3,test,rot90,rot90,291,image_final_norm,fx,gx,0.0,1,
3,test,rot90,rot90,291,image_final_norm,fgx,gfx,0.0,1,
3,test,rot90,rot90,84,image_final_norm,fx,gx,0.0,1,
3,test,rot90,rot90,84,image_final_norm,fgx,gfx,0.0,1,
3,test,rot90,rot90,265,image_final_norm,fx,gx,0.0,1,
3,test,rot90,rot90,265,image_final_norm,fgx,gfx,0.0,1,
3,test,rot90,rot90,196,image_final_norm,fx,gx,0.0,1,
3,test,rot90,rot90,196,image_final_norm,fgx,gfx,0.0,1,
3,test,rot90,rot90,215,image_final_norm,fx,gx,0.0,1,
3,test,rot90,rot90,215,image_final_norm,fgx,gfx,0.0,1,
3,test,rot90,rot90,253,image_final_norm,fx,gx,0.0,1,
3,test,rot90,rot90,253,image_final_norm,fgx,gfx,0.0,1,
3,test,rot90,rot90,239,image_final_norm,fx,gx,0.0,1,
3,test,rot90,rot90,239,image_final_norm,fgx,gfx,0.0,1,
3,test,rot90,rot90,331,image_final_norm,fx,gx,0.0,1,
3,test,rot90,rot90,331,image_final_norm,fgx,gfx,0.0,1,
3,test,rot90,rot90,3,image_final_norm,fx,gx,0.0,1,
3,test,rot90,rot90,3,image_final_norm,fgx,gfx,0.0,1,
3,test,rot90,rot90,2,image_final_norm,fx,gx,0.0,1,
3,test,rot90,rot90,2,image_final_norm,fgx,gfx,0.0,1,
3,test,rot90,rot90,306,image_final_norm,fx,gx,0.0,1,
3,test,rot90,rot90,306,image_final_norm,fgx,gfx,0.0,1,
3,test,rot90,rot90,181,image_final_norm,fx,gx,0.0,1,
3,test,rot90,rot90,181,image_final_norm,fgx,gfx,0.0,1,
3,test,rot90,rot90,149,image_final_norm,fx,gx,0.0,1,
3,test,rot90,rot90,149,image_final_norm,fgx,gfx,0.0,1,
3,test,rot90,rot90,38,image_input_tokens,fx,gx,0.0,1,
3,test,rot90,rot90,38,image_input_tokens,fgx,gfx,0.0,1,
3,test,rot90,rot90,238,image_input_tokens,fx,gx,0.0,1,
3,test,rot90,rot90,238,image_input_tokens,fgx,gfx,0.0,1,
3,test,rot90,rot90,198,image_input_tokens,fx,gx,0.0,1,
3,test,rot90,rot90,198,image_input_tokens,fgx,gfx,0.0,1,
3,test,rot90,rot90,236,image_input_tokens,fx,gx,0.0,1,
3,test,rot90,rot90,236,image_input_tokens,fgx,gfx,0.0,1,
3,test,rot90,rot90,138,image_input_tokens,fx,gx,0.0,1,
3,test,rot90,rot90,138,image_input_tokens,fgx,gfx,0.0,1,
3,test,rot90,rot90,68,image_input_tokens,fx,gx,0.0,1,
3,test,rot90,rot90,68,image_input_tokens,fgx,gfx,0.0,1,
3,test,rot90,rot90,281,image_input_tokens,fx,gx,0.0,1,
3,test,rot90,rot90,281,image_input_tokens,fgx,gfx,0.0,1,
3,test,rot90,rot90,29,image_input_tokens,fx,gx,0.0,1,
3,test,rot90,rot90,29,image_input_tokens,fgx,gfx,0.0,1,
3,test,rot90,rot90,315,image_input_tokens,fx,gx,0.0,1,
3,test,rot90,rot90,315,image_input_tokens,fgx,gfx,0.0,1,
3,test,rot90,rot90,80,image_input_tokens,fx,gx,0.0,1,
3,test,rot90,rot90,80,image_input_tokens,fgx,gfx,0.0,1,
3,test,rot90,rot90,12,image_input_tokens,fx,gx,0.0,1,
3,test,rot90,rot90,12,image_input_tokens,fgx,gfx,0.0,1,
3,test,rot90,rot90,168,image_input_tokens,fx,gx,0.0,1,
3,test,rot90,rot90,168,image_input_tokens,fgx,gfx,0.0,1,
3,test,rot90,rot90,233,image_input_tokens,fx,gx,0.0,1,
3,test,rot90,rot90,233,image_input_tokens,fgx,gfx,0.0,1,
3,test,rot90,rot90,264,image_input_tokens,fx,gx,0.0,1,
3,test,rot90,rot90,264,image_input_tokens,fgx,gfx,0.0,1,
3,test,rot90,rot90,184,image_input_tokens,fx,gx,0.0,1,
3,test,rot90,rot90,184,image_input_tokens,fgx,gfx,0.0,1,
3,test,rot90,rot90,126,image_input_tokens,fx,gx,0.0,1,
3,test,rot90,rot90,126,image_input_tokens,fgx,gfx,0.0,1,
3,test,rot90,rot90,38,image_block_01,fx,gx,0.0,1,
3,test,rot90,rot90,38,image_block_01,fgx,gfx,0.0,1,
3,test,rot90,rot90,238,image_block_01,fx,gx,0.0,1,
3,test,rot90,rot90,238,image_block_01,fgx,gfx,0.0,1,
3,test,rot90,rot90,198,image_block_01,fx,gx,0.0,1,
3,test,rot90,rot90,198,image_block_01,fgx,gfx,0.0,1,
3,test,rot90,rot90,236,image_block_01,fx,gx,0.0,1,
3,test,rot90,rot90,236,image_block_01,fgx,gfx,0.0,1,
3,test,rot90,rot90,138,image_block_01,fx,gx,0.0,1,
3,test,rot90,rot90,138,image_block_01,fgx,gfx,0.0,1,
3,test,rot90,rot90,68,image_block_01,fx,gx,0.0,1,
3,test,rot90,rot90,68,image_block_01,fgx,gfx,0.0,1,
3,test,rot90,rot90,281,image_block_01,fx,gx,0.0,1,
3,test,rot90,rot90,281,image_block_01,fgx,gfx,0.0,1,
3,test,rot90,rot90,29,image_block_01,fx,gx,0.0,1,
3,test,rot90,rot90,29,image_block_01,fgx,gfx,0.0,1,
3,test,rot90,rot90,315,image_block_01,fx,gx,0.0,1,
3,test,rot90,rot90,315,image_block_01,fgx,gfx,0.0,1,
3,test,rot90,rot90,80,image_block_01,fx,gx,0.0,1,
3,test,rot90,rot90,80,image_block_01,fgx,gfx,0.0,1,
3,test,rot90,rot90,12,image_block_01,fx,gx,0.0,1,
3,test,rot90,rot90,12,image_block_01,fgx,gfx,0.0,1,
3,test,rot90,rot90,168,image_block_01,fx,gx,0.0,1,
3,test,rot90,rot90,168,image_block_01,fgx,gfx,0.0,1,
3,test,rot90,rot90,233,image_block_01,fx,gx,0.0,1,
3,test,rot90,rot90,233,image_block_01,fgx,gfx,0.0,1,
3,test,rot90,rot90,264,image_block_01,fx,gx,0.0,1,
3,test,rot90,rot90,264,image_block_01,fgx,gfx,0.0,1,
3,test,rot90,rot90,184,image_block_01,fx,gx,0.0,1,
3,test,rot90,rot90,184,image_block_01,fgx,gfx,0.0,1,
3,test,rot90,rot90,126,image_block_01,fx,gx,0.0,1,
3,test,rot90,rot90,126,image_block_01,fgx,gfx,0.0,1,
3,test,rot90,rot90,38,image_block_02,fx,gx,0.0,1,
3,test,rot90,rot90,38,image_block_02,fgx,gfx,0.0,1,
3,test,rot90,rot90,238,image_block_02,fx,gx,0.0,1,
3,test,rot90,rot90,238,image_block_02,fgx,gfx,0.0,1,
3,test,rot90,rot90,198,image_block_02,fx,gx,0.0,1,
3,test,rot90,rot90,198,image_block_02,fgx,gfx,0.0,1,
3,test,rot90,rot90,236,image_block_02,fx,gx,0.0,1,
3,test,rot90,rot90,236,image_block_02,fgx,gfx,0.0,1,
3,test,rot90,rot90,138,image_block_02,fx,gx,0.0,1,
3,test,rot90,rot90,138,image_block_02,fgx,gfx,0.0,1,
3,test,rot90,rot90,68,image_block_02,fx,gx,0.0,1,
3,test,rot90,rot90,68,image_block_02,fgx,gfx,0.0,1,
3,test,rot90,rot90,281,image_block_02,fx,gx,0.0,1,
3,test,rot90,rot90,281,image_block_02,fgx,gfx,0.0,1,
3,test,rot90,rot90,29,image_block_02,fx,gx,0.0,1,
3,test,rot90,rot90,29,image_block_02,fgx,gfx,0.0,1,
3,test,rot90,rot90,315,image_block_02,fx,gx,0.0,1,
3,test,rot90,rot90,315,image_block_02,fgx,gfx,0.0,1,
3,test,rot90,rot90,80,image_block_02,fx,gx,0.0,1,
3,test,rot90,rot90,80,image_block_02,fgx,gfx,0.0,1,
3,test,rot90,rot90,12,image_block_02,fx,gx,0.0,1,
3,test,rot90,rot90,12,image_block_02,fgx,gfx,0.0,1,
3,test,rot90,rot90,168,image_block_02,fx,gx,0.0,1,
3,test,rot90,rot90,168,image_block_02,fgx,gfx,0.0,1,
3,test,rot90,rot90,233,image_block_02,fx,gx,0.0,1,
3,test,rot90,rot90,233,image_block_02,fgx,gfx,0.0,1,
3,test,rot90,rot90,264,image_block_02,fx,gx,0.0,1,
3,test,rot90,rot90,264,image_block_02,fgx,gfx,0.0,1,
3,test,rot90,rot90,184,image_block_02,fx,gx,0.0,1,
3,test,rot90,rot90,184,image_block_02,fgx,gfx,0.0,1,
3,test,rot90,rot90,126,image_block_02,fx,gx,0.0,1,
3,test,rot90,rot90,126,image_block_02,fgx,gfx,0.0,1,
3,test,rot90,rot90,38,image_block_03,fx,gx,0.0,1,
3,test,rot90,rot90,38,image_block_03,fgx,gfx,0.0,1,
3,test,rot90,rot90,238,image_block_03,fx,gx,0.0,1,
3,test,rot90,rot90,238,image_block_03,fgx,gfx,0.0,1,
3,test,rot90,rot90,198,image_block_03,fx,gx,0.0,1,
3,test,rot90,rot90,198,image_block_03,fgx,gfx,0.0,1,
3,test,rot90,rot90,236,image_block_03,fx,gx,0.0,1,
3,test,rot90,rot90,236,image_block_03,fgx,gfx,0.0,1,
3,test,rot90,rot90,138,image_block_03,fx,gx,0.0,1,
3,test,rot90,rot90,138,image_block_03,fgx,gfx,0.0,1,
3,test,rot90,rot90,68,image_block_03,fx,gx,0.0,1,
3,test,rot90,rot90,68,image_block_03,fgx,gfx,0.0,1,
3,test,rot90,rot90,281,image_block_03,fx,gx,0.0,1,
3,test,rot90,rot90,281,image_block_03,fgx,gfx,0.0,1,
3,test,rot90,rot90,29,image_block_03,fx,gx,0.0,1,
3,test,rot90,rot90,29,image_block_03,fgx,gfx,0.0,1,
3,test,rot90,rot90,315,image_block_03,fx,gx,0.0,1,
3,test,rot90,rot90,315,image_block_03,fgx,gfx,0.0,1,
3,test,rot90,rot90,80,image_block_03,fx,gx,0.0,1,
3,test,rot90,rot90,80,image_block_03,fgx,gfx,0.0,1,
3,test,rot90,rot90,12,image_block_03,fx,gx,0.0,1,
3,test,rot90,rot90,12,image_block_03,fgx,gfx,0.0,1,
3,test,rot90,rot90,168,image_block_03,fx,gx,0.0,1,
3,test,rot90,rot90,168,image_block_03,fgx,gfx,0.0,1,
3,test,rot90,rot90,233,image_block_03,fx,gx,0.0,1,
3,test,rot90,rot90,233,image_block_03,fgx,gfx,0.0,1,
3,test,rot90,rot90,264,image_block_03,fx,gx,0.0,1,
3,test,rot90,rot90,264,image_block_03,fgx,gfx,0.0,1,
3,test,rot90,rot90,184,image_block_03,fx,gx,0.0,1,
3,test,rot90,rot90,184,image_block_03,fgx,gfx,0.0,1,
3,test,rot90,rot90,126,image_block_03,fx,gx,0.0,1,
3,test,rot90,rot90,126,image_block_03,fgx,gfx,0.0,1,
3,test,rot90,rot90,38,image_block_04,fx,gx,0.0,1,
3,test,rot90,rot90,38,image_block_04,fgx,gfx,0.0,1,
3,test,rot90,rot90,238,image_block_04,fx,gx,0.0,1,
3,test,rot90,rot90,238,image_block_04,fgx,gfx,0.0,1,
3,test,rot90,rot90,198,image_block_04,fx,gx,0.0,1,
3,test,rot90,rot90,198,image_block_04,fgx,gfx,0.0,1,
3,test,rot90,rot90,236,image_block_04,fx,gx,0.0,1,
3,test,rot90,rot90,236,image_block_04,fgx,gfx,0.0,1,
3,test,rot90,rot90,138,image_block_04,fx,gx,0.0,1,
3,test,rot90,rot90,138,image_block_04,fgx,gfx,0.0,1,
3,test,rot90,rot90,68,image_block_04,fx,gx,0.0,1,
3,test,rot90,rot90,68,image_block_04,fgx,gfx,0.0,1,
3,test,rot90,rot90,281,image_block_04,fx,gx,0.0,1,
3,test,rot90,rot90,281,image_block_04,fgx,gfx,0.0,1,
3,test,rot90,rot90,29,image_block_04,fx,gx,0.0,1,
3,test,rot90,rot90,29,image_block_04,fgx,gfx,0.0,1,
3,test,rot90,rot90,315,image_block_04,fx,gx,0.0,1,
3,test,rot90,rot90,315,image_block_04,fgx,gfx,0.0,1,
3,test,rot90,rot90,80,image_block_04,fx,gx,0.0,1,
3,test,rot90,rot90,80,image_block_04,fgx,gfx,0.0,1,
3,test,rot90,rot90,12,image_block_04,fx,gx,0.0,1,
3,test,rot90,rot90,12,image_block_04,fgx,gfx,0.0,1,
3,test,rot90,rot90,168,image_block_04,fx,gx,0.0,1,
3,test,rot90,rot90,168,image_block_04,fgx,gfx,0.0,1,
3,test,rot90,rot90,233,image_block_04,fx,gx,0.0,1,
3,test,rot90,rot90,233,image_block_04,fgx,gfx,0.0,1,
3,test,rot90,rot90,264,image_block_04,fx,gx,0.0,1,
3,test,rot90,rot90,264,image_block_04,fgx,gfx,0.0,1,
3,test,rot90,rot90,184,image_block_04,fx,gx,0.0,1,
3,test,rot90,rot90,184,image_block_04,fgx,gfx,0.0,1,
3,test,rot90,rot90,126,image_block_04,fx,gx,0.0,1,
3,test,rot90,rot90,126,image_block_04,fgx,gfx,0.0,1,
3,test,rot90,rot90,38,image_block_05,fx,gx,0.0,1,
3,test,rot90,rot90,38,image_block_05,fgx,gfx,0.0,1,
3,test,rot90,rot90,238,image_block_05,fx,gx,0.0,1,
3,test,rot90,rot90,238,image_block_05,fgx,gfx,0.0,1,
3,test,rot90,rot90,198,image_block_05,fx,gx,0.0,1,
3,test,rot90,rot90,198,image_block_05,fgx,gfx,0.0,1,
3,test,rot90,rot90,236,image_block_05,fx,gx,0.0,1,
3,test,rot90,rot90,236,image_block_05,fgx,gfx,0.0,1,
3,test,rot90,rot90,138,image_block_05,fx,gx,0.0,1,
3,test,rot90,rot90,138,image_block_05,fgx,gfx,0.0,1,
3,test,rot90,rot90,68,image_block_05,fx,gx,0.0,1,
3,test,rot90,rot90,68,image_block_05,fgx,gfx,0.0,1,
3,test,rot90,rot90,281,image_block_05,fx,gx,0.0,1,
3,test,rot90,rot90,281,image_block_05,fgx,gfx,0.0,1,
3,test,rot90,rot90,29,image_block_05,fx,gx,0.0,1,
3,test,rot90,rot90,29,image_block_05,fgx,gfx,0.0,1,
3,test,rot90,rot90,315,image_block_05,fx,gx,0.0,1,
3,test,rot90,rot90,315,image_block_05,fgx,gfx,0.0,1,
3,test,rot90,rot90,80,image_block_05,fx,gx,0.0,1,
3,test,rot90,rot90,80,image_block_05,fgx,gfx,0.0,1,
3,test,rot90,rot90,12,image_block_05,fx,gx,0.0,1,
3,test,rot90,rot90,12,image_block_05,fgx,gfx,0.0,1,
3,test,rot90,rot90,168,image_block_05,fx,gx,0.0,1,
3,test,rot90,rot90,168,image_block_05,fgx,gfx,0.0,1,
3,test,rot90,rot90,233,image_block_05,fx,gx,0.0,1,
3,test,rot90,rot90,233,image_block_05,fgx,gfx,0.0,1,
3,test,rot90,rot90,264,image_block_05,fx,gx,0.0,1,
3,test,rot90,rot90,264,image_block_05,fgx,gfx,0.0,1,
3,test,rot90,rot90,184,image_block_05,fx,gx,0.0,1,
3,test,rot90,rot90,184,image_block_05,fgx,gfx,0.0,1,
3,test,rot90,rot90,126,image_block_05,fx,gx,0.0,1,
3,test,rot90,rot90,126,image_block_05,fgx,gfx,0.0,1,
3,test,rot90,rot90,38,image_block_06,fx,gx,0.0,1,
3,test,rot90,rot90,38,image_block_06,fgx,gfx,0.0,1,
3,test,rot90,rot90,238,image_block_06,fx,gx,0.0,1,
3,test,rot90,rot90,238,image_block_06,fgx,gfx,0.0,1,
3,test,rot90,rot90,198,image_block_06,fx,gx,0.0,1,
3,test,rot90,rot90,198,image_block_06,fgx,gfx,0.0,1,
3,test,rot90,rot90,236,image_block_06,fx,gx,0.0,1,
3,test,rot90,rot90,236,image_block_06,fgx,gfx,0.0,1,
3,test,rot90,rot90,138,image_block_06,fx,gx,0.0,1,
3,test,rot90,rot90,138,image_block_06,fgx,gfx,0.0,1,
3,test,rot90,rot90,68,image_block_06,fx,gx,0.0,1,
3,test,rot90,rot90,68,image_block_06,fgx,gfx,0.0,1,
3,test,rot90,rot90,281,image_block_06,fx,gx,0.0,1,
3,test,rot90,rot90,281,image_block_06,fgx,gfx,0.0,1,
3,test,rot90,rot90,29,image_block_06,fx,gx,0.0,1,
3,test,rot90,rot90,29,image_block_06,fgx,gfx,0.0,1,
3,test,rot90,rot90,315,image_block_06,fx,gx,0.0,1,
3,test,rot90,rot90,315,image_block_06,fgx,gfx,0.0,1,
3,test,rot90,rot90,80,image_block_06,fx,gx,0.0,1,
3,test,rot90,rot90,80,image_block_06,fgx,gfx,0.0,1,
3,test,rot90,rot90,12,image_block_06,fx,gx,0.0,1,
3,test,rot90,rot90,12,image_block_06,fgx,gfx,0.0,1,
3,test,rot90,rot90,168,image_block_06,fx,gx,0.0,1,
3,test,rot90,rot90,168,image_block_06,fgx,gfx,0.0,1,
3,test,rot90,rot90,233,image_block_06,fx,gx,0.0,1,
3,test,rot90,rot90,233,image_block_06,fgx,gfx,0.0,1,
3,test,rot90,rot90,264,image_block_06,fx,gx,0.0,1,
3,test,rot90,rot90,264,image_block_06,fgx,gfx,0.0,1,
3,test,rot90,rot90,184,image_block_06,fx,gx,0.0,1,
3,test,rot90,rot90,184,image_block_06,fgx,gfx,0.0,1,
3,test,rot90,rot90,126,image_block_06,fx,gx,0.0,1,
3,test,rot90,rot90,126,image_block_06,fgx,gfx,0.0,1,
3,test,rot90,rot90,38,image_final_norm,fx,gx,0.0,1,
3,test,rot90,rot90,38,image_final_norm,fgx,gfx,0.0,1,
3,test,rot90,rot90,238,image_final_norm,fx,gx,0.0,1,
3,test,rot90,rot90,238,image_final_norm,fgx,gfx,0.0,1,
3,test,rot90,rot90,198,image_final_norm,fx,gx,0.0,1,
3,test,rot90,rot90,198,image_final_norm,fgx,gfx,0.0,1,
3,test,rot90,rot90,236,image_final_norm,fx,gx,0.0,1,
3,test,rot90,rot90,236,image_final_norm,fgx,gfx,0.0,1,
3,test,rot90,rot90,138,image_final_norm,fx,gx,0.0,1,
3,test,rot90,rot90,138,image_final_norm,fgx,gfx,0.0,1,
3,test,rot90,rot90,68,image_final_norm,fx,gx,0.0,1,
3,test,rot90,rot90,68,image_final_norm,fgx,gfx,0.0,1,
3,test,rot90,rot90,281,image_final_norm,fx,gx,0.0,1,
3,test,rot90,rot90,281,image_final_norm,fgx,gfx,0.0,1,
3,test,rot90,rot90,29,image_final_norm,fx,gx,0.0,1,
3,test,rot90,rot90,29,image_final_norm,fgx,gfx,0.0,1,
3,test,rot90,rot90,315,image_final_norm,fx,gx,0.0,1,
3,test,rot90,rot90,315,image_final_norm,fgx,gfx,0.0,1,
3,test,rot90,rot90,80,image_final_norm,fx,gx,0.0,1,
3,test,rot90,rot90,80,image_final_norm,fgx,gfx,0.0,1,
3,test,rot90,rot90,12,image_final_norm,fx,gx,0.0,1,
3,test,rot90,rot90,12,image_final_norm,fgx,gfx,0.0,1,
3,test,rot90,rot90,168,image_final_norm,fx,gx,0.0,1,
3,test,rot90,rot90,168,image_final_norm,fgx,gfx,0.0,1,
3,test,rot90,rot90,233,image_final_norm,fx,gx,0.0,1,
3,test,rot90,rot90,233,image_final_norm,fgx,gfx,0.0,1,
3,test,rot90,rot90,264,image_final_norm,fx,gx,0.0,1,
3,test,rot90,rot90,264,image_final_norm,fgx,gfx,0.0,1,
3,test,rot90,rot90,184,image_final_norm,fx,gx,0.0,1,
3,test,rot90,rot90,184,image_final_norm,fgx,gfx,0.0,1,
3,test,rot90,rot90,126,image_final_norm,fx,gx,0.0,1,
3,test,rot90,rot90,126,image_final_norm,fgx,gfx,0.0,1,
3,test,rot90,rot90,259,image_input_tokens,fx,gx,0.0,1,
3,test,rot90,rot90,259,image_input_tokens,fgx,gfx,0.0,1,
3,test,rot90,rot90,104,image_input_tokens,fx,gx,0.0,1,
3,test,rot90,rot90,104,image_input_tokens,fgx,gfx,0.0,1,
3,test,rot90,rot90,25,image_input_tokens,fx,gx,0.0,1,
3,test,rot90,rot90,25,image_input_tokens,fgx,gfx,0.0,1,
3,test,rot90,rot90,284,image_input_tokens,fx,gx,0.0,1,
3,test,rot90,rot90,284,image_input_tokens,fgx,gfx,0.0,1,
3,test,rot90,rot90,273,image_input_tokens,fx,gx,0.0,1,
3,test,rot90,rot90,273,image_input_tokens,fgx,gfx,0.0,1,
3,test,rot90,rot90,318,image_input_tokens,fx,gx,0.0,1,
3,test,rot90,rot90,318,image_input_tokens,fgx,gfx,0.0,1,
3,test,rot90,rot90,40,image_input_tokens,fx,gx,0.0,1,
3,test,rot90,rot90,40,image_input_tokens,fgx,gfx,0.0,1,
3,test,rot90,rot90,200,image_input_tokens,fx,gx,0.0,1,
3,test,rot90,rot90,200,image_input_tokens,fgx,gfx,0.0,1,
3,test,rot90,rot90,312,image_input_tokens,fx,gx,0.0,1,
3,test,rot90,rot90,312,image_input_tokens,fgx,gfx,0.0,1,
3,test,rot90,rot90,118,image_input_tokens,fx,gx,0.0,1,
3,test,rot90,rot90,118,image_input_tokens,fgx,gfx,0.0,1,
3,test,rot90,rot90,75,image_input_tokens,fx,gx,0.0,1,
3,test,rot90,rot90,75,image_input_tokens,fgx,gfx,0.0,1,
3,test,rot90,rot90,235,image_input_tokens,fx,gx,0.0,1,
3,test,rot90,rot90,235,image_input_tokens,fgx,gfx,0.0,1,
3,test,rot90,rot90,159,image_input_tokens,fx,gx,0.0,1,
3,test,rot90,rot90,159,image_input_tokens,fgx,gfx,0.0,1,
3,test,rot90,rot90,134,image_input_tokens,fx,gx,0.0,1,
3,test,rot90,rot90,134,image_input_tokens,fgx,gfx,0.0,1,
3,test,rot90,rot90,261,image_input_tokens,fx,gx,0.0,1,
3,test,rot90,rot90,261,image_input_tokens,fgx,gfx,0.0,1,
3,test,rot90,rot90,263,image_input_tokens,fx,gx,0.0,1,
3,test,rot90,rot90,263,image_input_tokens,fgx,gfx,0.0,1,
3,test,rot90,rot90,259,image_block_01,fx,gx,0.0,1,
3,test,rot90,rot90,259,image_block_01,fgx,gfx,0.0,1,
3,test,rot90,rot90,104,image_block_01,fx,gx,0.0,1,
3,test,rot90,rot90,104,image_block_01,fgx,gfx,0.0,1,
3,test,rot90,rot90,25,image_block_01,fx,gx,0.0,1,
3,test,rot90,rot90,25,image_block_01,fgx,gfx,0.0,1,
3,test,rot90,rot90,284,image_block_01,fx,gx,0.0,1,
3,test,rot90,rot90,284,image_block_01,fgx,gfx,0.0,1,
3,test,rot90,rot90,273,image_block_01,fx,gx,0.0,1,
3,test,rot90,rot90,273,image_block_01,fgx,gfx,0.0,1,
3,test,rot90,rot90,318,image_block_01,fx,gx,0.0,1,
3,test,rot90,rot90,318,image_block_01,fgx,gfx,0.0,1,
3,test,rot90,rot90,40,image_block_01,fx,gx,0.0,1,
3,test,rot90,rot90,40,image_block_01,fgx,gfx,0.0,1,
3,test,rot90,rot90,200,image_block_01,fx,gx,0.0,1,
3,test,rot90,rot90,200,image_block_01,fgx,gfx,0.0,1,
3,test,rot90,rot90,312,image_block_01,fx,gx,0.0,1,
3,test,rot90,rot90,312,image_block_01,fgx,gfx,0.0,1,
3,test,rot90,rot90,118,image_block_01,fx,gx,0.0,1,
3,test,rot90,rot90,118,image_block_01,fgx,gfx,0.0,1,
3,test,rot90,rot90,75,image_block_01,fx,gx,0.0,1,
3,test,rot90,rot90,75,image_block_01,fgx,gfx,0.0,1,
3,test,rot90,rot90,235,image_block_01,fx,gx,0.0,1,
3,test,rot90,rot90,235,image_block_01,fgx,gfx,0.0,1,
3,test,rot90,rot90,159,image_block_01,fx,gx,0.0,1,
3,test,rot90,rot90,159,image_block_01,fgx,gfx,0.0,1,
3,test,rot90,rot90,134,image_block_01,fx,gx,0.0,1,
3,test,rot90,rot90,134,image_block_01,fgx,gfx,0.0,1,
3,test,rot90,rot90,261,image_block_01,fx,gx,0.0,1,
3,test,rot90,rot90,261,image_block_01,fgx,gfx,0.0,1,
3,test,rot90,rot90,263,image_block_01,fx,gx,0.0,1,
3,test,rot90,rot90,263,image_block_01,fgx,gfx,0.0,1,
3,test,rot90,rot90,259,image_block_02,fx,gx,0.0,1,
3,test,rot90,rot90,259,image_block_02,fgx,gfx,0.0,1,
3,test,rot90,rot90,104,image_block_02,fx,gx,0.0,1,
3,test,rot90,rot90,104,image_block_02,fgx,gfx,0.0,1,
3,test,rot90,rot90,25,image_block_02,fx,gx,0.0,1,
3,test,rot90,rot90,25,image_block_02,fgx,gfx,0.0,1,
3,test,rot90,rot90,284,image_block_02,fx,gx,0.0,1,
3,test,rot90,rot90,284,image_block_02,fgx,gfx,0.0,1,
3,test,rot90,rot90,273,image_block_02,fx,gx,0.0,1,
3,test,rot90,rot90,273,image_block_02,fgx,gfx,0.0,1,
3,test,rot90,rot90,318,image_block_02,fx,gx,0.0,1,
3,test,rot90,rot90,318,image_block_02,fgx,gfx,0.0,1,
3,test,rot90,rot90,40,image_block_02,fx,gx,0.0,1,
3,test,rot90,rot90,40,image_block_02,fgx,gfx,0.0,1,
3,test,rot90,rot90,200,image_block_02,fx,gx,0.0,1,
3,test,rot90,rot90,200,image_block_02,fgx,gfx,0.0,1,
3,test,rot90,rot90,312,image_block_02,fx,gx,0.0,1,
3,test,rot90,rot90,312,image_block_02,fgx,gfx,0.0,1,
3,test,rot90,rot90,118,image_block_02,fx,gx,0.0,1,
3,test,rot90,rot90,118,image_block_02,fgx,gfx,0.0,1,
3,test,rot90,rot90,75,image_block_02,fx,gx,0.0,1,
3,test,rot90,rot90,75,image_block_02,fgx,gfx,0.0,1,
3,test,rot90,rot90,235,image_block_02,fx,gx,0.0,1,
3,test,rot90,rot90,235,image_block_02,fgx,gfx,0.0,1,
3,test,rot90,rot90,159,image_block_02,fx,gx,0.0,1,
3,test,rot90,rot90,159,image_block_02,fgx,gfx,0.0,1,
3,test,rot90,rot90,134,image_block_02,fx,gx,0.0,1,
3,test,rot90,rot90,134,image_block_02,fgx,gfx,0.0,1,
3,test,rot90,rot90,261,image_block_02,fx,gx,0.0,1,
3,test,rot90,rot90,261,image_block_02,fgx,gfx,0.0,1,
3,test,rot90,rot90,263,image_block_02,fx,gx,0.0,1,
3,test,rot90,rot90,263,image_block_02,fgx,gfx,0.0,1,
3,test,rot90,rot90,259,image_block_03,fx,gx,0.0,1,
3,test,rot90,rot90,259,image_block_03,fgx,gfx,0.0,1,
3,test,rot90,rot90,104,image_block_03,fx,gx,0.0,1,
3,test,rot90,rot90,104,image_block_03,fgx,gfx,0.0,1,
3,test,rot90,rot90,25,image_block_03,fx,gx,0.0,1,
3,test,rot90,rot90,25,image_block_03,fgx,gfx,0.0,1,
3,test,rot90,rot90,284,image_block_03,fx,gx,0.0,1,
3,test,rot90,rot90,284,image_block_03,fgx,gfx,0.0,1,
3,test,rot90,rot90,273,image_block_03,fx,gx,0.0,1,
3,test,rot90,rot90,273,image_block_03,fgx,gfx,0.0,1,
3,test,rot90,rot90,318,image_block_03,fx,gx,0.0,1,
3,test,rot90,rot90,318,image_block_03,fgx,gfx,0.0,1,
3,test,rot90,rot90,40,image_block_03,fx,gx,0.0,1,
3,test,rot90,rot90,40,image_block_03,fgx,gfx,0.0,1,
3,test,rot90,rot90,200,image_block_03,fx,gx,0.0,1,
3,test,rot90,rot90,200,image_block_03,fgx,gfx,0.0,1,
3,test,rot90,rot90,312,image_block_03,fx,gx,0.0,1,
3,test,rot90,rot90,312,image_block_03,fgx,gfx,0.0,1,
3,test,rot90,rot90,118,image_block_03,fx,gx,0.0,1,
3,test,rot90,rot90,118,image_block_03,fgx,gfx,0.0,1,
3,test,rot90,rot90,75,image_block_03,fx,gx,0.0,1,
3,test,rot90,rot90,75,image_block_03,fgx,gfx,0.0,1,
3,test,rot90,rot90,235,image_block_03,fx,gx,0.0,1,
3,test,rot90,rot90,235,image_block_03,fgx,gfx,0.0,1,
3,test,rot90,rot90,159,image_block_03,fx,gx,0.0,1,
3,test,rot90,rot90,159,image_block_03,fgx,gfx,0.0,1,
3,test,rot90,rot90,134,image_block_03,fx,gx,0.0,1,
3,test,rot90,rot90,134,image_block_03,fgx,gfx,0.0,1,
3,test,rot90,rot90,261,image_block_03,fx,gx,0.0,1,
3,test,rot90,rot90,261,image_block_03,fgx,gfx,0.0,1,
3,test,rot90,rot90,263,image_block_03,fx,gx,0.0,1,
3,test,rot90,rot90,263,image_block_03,fgx,gfx,0.0,1,
3,test,rot90,rot90,259,image_block_04,fx,gx,0.0,1,
3,test,rot90,rot90,259,image_block_04,fgx,gfx,0.0,1,
3,test,rot90,rot90,104,image_block_04,fx,gx,0.0,1,
3,test,rot90,rot90,104,image_block_04,fgx,gfx,0.0,1,
3,test,rot90,rot90,25,image_block_04,fx,gx,0.0,1,
3,test,rot90,rot90,25,image_block_04,fgx,gfx,0.0,1,
3,test,rot90,rot90,284,image_block_04,fx,gx,0.0,1,
3,test,rot90,rot90,284,image_block_04,fgx,gfx,0.0,1,
3,test,rot90,rot90,273,image_block_04,fx,gx,0.0,1,
3,test,rot90,rot90,273,image_block_04,fgx,gfx,0.0,1,
3,test,rot90,rot90,318,image_block_04,fx,gx,0.0,1,
3,test,rot90,rot90,318,image_block_04,fgx,gfx,0.0,1,
3,test,rot90,rot90,40,image_block_04,fx,gx,0.0,1,
3,test,rot90,rot90,40,image_block_04,fgx,gfx,0.0,1,
3,test,rot90,rot90,200,image_block_04,fx,gx,0.0,1,
3,test,rot90,rot90,200,image_block_04,fgx,gfx,0.0,1,
3,test,rot90,rot90,312,image_block_04,fx,gx,0.0,1,
3,test,rot90,rot90,312,image_block_04,fgx,gfx,0.0,1,
3,test,rot90,rot90,118,image_block_04,fx,gx,0.0,1,
3,test,rot90,rot90,118,image_block_04,fgx,gfx,0.0,1,
3,test,rot90,rot90,75,image_block_04,fx,gx,0.0,1,
3,test,rot90,rot90,75,image_block_04,fgx,gfx,0.0,1,
3,test,rot90,rot90,235,image_block_04,fx,gx,0.0,1,
3,test,rot90,rot90,235,image_block_04,fgx,gfx,0.0,1,
3,test,rot90,rot90,159,image_block_04,fx,gx,0.0,1,
3,test,rot90,rot90,159,image_block_04,fgx,gfx,0.0,1,
3,test,rot90,rot90,134,image_block_04,fx,gx,0.0,1,
3,test,rot90,rot90,134,image_block_04,fgx,gfx,0.0,1,
3,test,rot90,rot90,261,image_block_04,fx,gx,0.0,1,
3,test,rot90,rot90,261,image_block_04,fgx,gfx,0.0,1,
3,test,rot90,rot90,263,image_block_04,fx,gx,0.0,1,
3,test,rot90,rot90,263,image_block_04,fgx,gfx,0.0,1,
3,test,rot90,rot90,259,image_block_05,fx,gx,0.0,1,
3,test,rot90,rot90,259,image_block_05,fgx,gfx,0.0,1,
3,test,rot90,rot90,104,image_block_05,fx,gx,0.0,1,
3,test,rot90,rot90,104,image_block_05,fgx,gfx,0.0,1,
3,test,rot90,rot90,25,image_block_05,fx,gx,0.0,1,
3,test,rot90,rot90,25,image_block_05,fgx,gfx,0.0,1,
3,test,rot90,rot90,284,image_block_05,fx,gx,0.0,1,
3,test,rot90,rot90,284,image_block_05,fgx,gfx,0.0,1,
3,test,rot90,rot90,273,image_block_05,fx,gx,0.0,1,
3,test,rot90,rot90,273,image_block_05,fgx,gfx,0.0,1,
3,test,rot90,rot90,318,image_block_05,fx,gx,0.0,1,
3,test,rot90,rot90,318,image_block_05,fgx,gfx,0.0,1,
3,test,rot90,rot90,40,image_block_05,fx,gx,0.0,1,
3,test,rot90,rot90,40,image_block_05,fgx,gfx,0.0,1,
3,test,rot90,rot90,200,image_block_05,fx,gx,0.0,1,
3,test,rot90,rot90,200,image_block_05,fgx,gfx,0.0,1,
3,test,rot90,rot90,312,image_block_05,fx,gx,0.0,1,
3,test,rot90,rot90,312,image_block_05,fgx,gfx,0.0,1,
3,test,rot90,rot90,118,image_block_05,fx,gx,0.0,1,
3,test,rot90,rot90,118,image_block_05,fgx,gfx,0.0,1,
3,test,rot90,rot90,75,image_block_05,fx,gx,0.0,1,
3,test,rot90,rot90,75,image_block_05,fgx,gfx,0.0,1,
3,test,rot90,rot90,235,image_block_05,fx,gx,0.0,1,
3,test,rot90,rot90,235,image_block_05,fgx,gfx,0.0,1,
3,test,rot90,rot90,159,image_block_05,fx,gx,0.0,1,
3,test,rot90,rot90,159,image_block_05,fgx,gfx,0.0,1,
3,test,rot90,rot90,134,image_block_05,fx,gx,0.0,1,
3,test,rot90,rot90,134,image_block_05,fgx,gfx,0.0,1,
3,test,rot90,rot90,261,image_block_05,fx,gx,0.0,1,
3,test,rot90,rot90,261,image_block_05,fgx,gfx,0.0,1,
3,test,rot90,rot90,263,image_block_05,fx,gx,0.0,1,
3,test,rot90,rot90,263,image_block_05,fgx,gfx,0.0,1,
3,test,rot90,rot90,259,image_block_06,fx,gx,0.0,1,
3,test,rot90,rot90,259,image_block_06,fgx,gfx,0.0,1,
3,test,rot90,rot90,104,image_block_06,fx,gx,0.0,1,
3,test,rot90,rot90,104,image_block_06,fgx,gfx,0.0,1,
3,test,rot90,rot90,25,image_block_06,fx,gx,0.0,1,
3,test,rot90,rot90,25,image_block_06,fgx,gfx,0.0,1,
3,test,rot90,rot90,284,image_block_06,fx,gx,0.0,1,
3,test,rot90,rot90,284,image_block_06,fgx,gfx,0.0,1,
3,test,rot90,rot90,273,image_block_06,fx,gx,0.0,1,
3,test,rot90,rot90,273,image_block_06,fgx,gfx,0.0,1,
3,test,rot90,rot90,318,image_block_06,fx,gx,0.0,1,
3,test,rot90,rot90,318,image_block_06,fgx,gfx,0.0,1,
3,test,rot90,rot90,40,image_block_06,fx,gx,0.0,1,
3,test,rot90,rot90,40,image_block_06,fgx,gfx,0.0,1,
3,test,rot90,rot90,200,image_block_06,fx,gx,0.0,1,
3,test,rot90,rot90,200,image_block_06,fgx,gfx,0.0,1,
3,test,rot90,rot90,312,image_block_06,fx,gx,0.0,1,
3,test,rot90,rot90,312,image_block_06,fgx,gfx,0.0,1,
3,test,rot90,rot90,118,image_block_06,fx,gx,0.0,1,
3,test,rot90,rot90,118,image_block_06,fgx,gfx,0.0,1,
3,test,rot90,rot90,75,image_block_06,fx,gx,0.0,1,
3,test,rot90,rot90,75,image_block_06,fgx,gfx,0.0,1,
3,test,rot90,rot90,235,image_block_06,fx,gx,0.0,1,
3,test,rot90,rot90,235,image_block_06,fgx,gfx,0.0,1,
3,test,rot90,rot90,159,image_block_06,fx,gx,0.0,1,
3,test,rot90,rot90,159,image_block_06,fgx,gfx,0.0,1,
3,test,rot90,rot90,134,image_block_06,fx,gx,0.0,1,
3,test,rot90,rot90,134,image_block_06,fgx,gfx,0.0,1,
3,test,rot90,rot90,261,image_block_06,fx,gx,0.0,1,
3,test,rot90,rot90,261,image_block_06,fgx,gfx,0.0,1,
3,test,rot90,rot90,263,image_block_06,fx,gx,0.0,1,
3,test,rot90,rot90,263,image_block_06,fgx,gfx,0.0,1,
3,test,rot90,rot90,259,image_final_norm,fx,gx,0.0,1,
3,test,rot90,rot90,259,image_final_norm,fgx,gfx,0.0,1,
3,test,rot90,rot90,104,image_final_norm,fx,gx,0.0,1,
3,test,rot90,rot90,104,image_final_norm,fgx,gfx,0.0,1,
3,test,rot90,rot90,25,image_final_norm,fx,gx,0.0,1,
3,test,rot90,rot90,25,image_final_norm,fgx,gfx,0.0,1,
3,test,rot90,rot90,284,image_final_norm,fx,gx,0.0,1,
3,test,rot90,rot90,284,image_final_norm,fgx,gfx,0.0,1,
3,test,rot90,rot90,273,image_final_norm,fx,gx,0.0,1,
3,test,rot90,rot90,273,image_final_norm,fgx,gfx,0.0,1,
3,test,rot90,rot90,318,image_final_norm,fx,gx,0.0,1,
3,test,rot90,rot90,318,image_final_norm,fgx,gfx,0.0,1,
3,test,rot90,rot90,40,image_final_norm,fx,gx,0.0,1,
3,test,rot90,rot90,40,image_final_norm,fgx,gfx,0.0,1,
3,test,rot90,rot90,200,image_final_norm,fx,gx,0.0,1,
3,test,rot90,rot90,200,image_final_norm,fgx,gfx,0.0,1,
3,test,rot90,rot90,312,image_final_norm,fx,gx,0.0,1,
3,test,rot90,rot90,312,image_final_norm,fgx,gfx,0.0,1,
3,test,rot90,rot90,118,image_final_norm,fx,gx,0.0,1,
3,test,rot90,rot90,118,image_final_norm,fgx,gfx,0.0,1,
3,test,rot90,rot90,75,image_final_norm,fx,gx,0.0,1,
3,test,rot90,rot90,75,image_final_norm,fgx,gfx,0.0,1,
3,test,rot90,rot90,235,image_final_norm,fx,gx,0.0,1,
3,test,rot90,rot90,235,image_final_norm,fgx,gfx,0.0,1,
3,test,rot90,rot90,159,image_final_norm,fx,gx,0.0,1,
3,test,rot90,rot90,159,image_final_norm,fgx,gfx,0.0,1,
3,test,rot90,rot90,134,image_final_norm,fx,gx,0.0,1,
3,test,rot90,rot90,134,image_final_norm,fgx,gfx,0.0,1,
3,test,rot90,rot90,261,image_final_norm,fx,gx,0.0,1,
3,test,rot90,rot90,261,image_final_norm,fgx,gfx,0.0,1,
3,test,rot90,rot90,263,image_final_norm,fx,gx,0.0,1,
3,test,rot90,rot90,263,image_final_norm,fgx,gfx,0.0,1,
3,test,rot90,rot90,180,image_input_tokens,fx,gx,0.0,1,
3,test,rot90,rot90,180,image_input_tokens,fgx,gfx,0.0,1,
3,test,rot90,rot90,143,image_input_tokens,fx,gx,0.0,1,
3,test,rot90,rot90,143,image_input_tokens,fgx,gfx,0.0,1,
3,test,rot90,rot90,58,image_input_tokens,fx,gx,0.0,1,
3,test,rot90,rot90,58,image_input_tokens,fgx,gfx,0.0,1,
3,test,rot90,rot90,158,image_input_tokens,fx,gx,0.0,1,
3,test,rot90,rot90,158,image_input_tokens,fgx,gfx,0.0,1,
3,test,rot90,rot90,89,image_input_tokens,fx,gx,0.0,1,
3,test,rot90,rot90,89,image_input_tokens,fgx,gfx,0.0,1,
3,test,rot90,rot90,226,image_input_tokens,fx,gx,0.0,1,
3,test,rot90,rot90,226,image_input_tokens,fgx,gfx,0.0,1,
3,test,rot90,rot90,171,image_input_tokens,fx,gx,0.0,1,
3,test,rot90,rot90,171,image_input_tokens,fgx,gfx,0.0,1,
3,test,rot90,rot90,70,image_input_tokens,fx,gx,0.0,1,
3,test,rot90,rot90,70,image_input_tokens,fgx,gfx,0.0,1,
3,test,rot90,rot90,144,image_input_tokens,fx,gx,0.0,1,
3,test,rot90,rot90,144,image_input_tokens,fgx,gfx,0.0,1,
3,test,rot90,rot90,271,image_input_tokens,fx,gx,0.0,1,
3,test,rot90,rot90,271,image_input_tokens,fgx,gfx,0.0,1,
3,test,rot90,rot90,179,image_input_tokens,fx,gx,0.0,1,
3,test,rot90,rot90,179,image_input_tokens,fgx,gfx,0.0,1,
3,test,rot90,rot90,54,image_input_tokens,fx,gx,0.0,1,
3,test,rot90,rot90,54,image_input_tokens,fgx,gfx,0.0,1,
3,test,rot90,rot90,162,image_input_tokens,fx,gx,0.0,1,
3,test,rot90,rot90,162,image_input_tokens,fgx,gfx,0.0,1,
3,test,rot90,rot90,135,image_input_tokens,fx,gx,0.0,1,
3,test,rot90,rot90,135,image_input_tokens,fgx,gfx,0.0,1,
3,test,rot90,rot90,62,image_input_tokens,fx,gx,0.0,1,
3,test,rot90,rot90,62,image_input_tokens,fgx,gfx,0.0,1,
3,test,rot90,rot90,323,image_input_tokens,fx,gx,0.0,1,
3,test,rot90,rot90,323,image_input_tokens,fgx,gfx,0.0,1,
3,test,rot90,rot90,180,image_block_01,fx,gx,0.0,1,
3,test,rot90,rot90,180,image_block_01,fgx,gfx,0.0,1,
3,test,rot90,rot90,143,image_block_01,fx,gx,0.0,1,
3,test,rot90,rot90,143,image_block_01,fgx,gfx,0.0,1,
3,test,rot90,rot90,58,image_block_01,fx,gx,0.0,1,
3,test,rot90,rot90,58,image_block_01,fgx,gfx,0.0,1,
3,test,rot90,rot90,158,image_block_01,fx,gx,0.0,1,
3,test,rot90,rot90,158,image_block_01,fgx,gfx,0.0,1,
3,test,rot90,rot90,89,image_block_01,fx,gx,0.0,1,
3,test,rot90,rot90,89,image_block_01,fgx,gfx,0.0,1,
3,test,rot90,rot90,226,image_block_01,fx,gx,0.0,1,
3,test,rot90,rot90,226,image_block_01,fgx,gfx,0.0,1,
3,test,rot90,rot90,171,image_block_01,fx,gx,0.0,1,
3,test,rot90,rot90,171,image_block_01,fgx,gfx,0.0,1,
3,test,rot90,rot90,70,image_block_01,fx,gx,0.0,1,
3,test,rot90,rot90,70,image_block_01,fgx,gfx,0.0,1,
3,test,rot90,rot90,144,image_block_01,fx,gx,0.0,1,
3,test,rot90,rot90,144,image_block_01,fgx,gfx,0.0,1,
3,test,rot90,rot90,271,image_block_01,fx,gx,0.0,1,
3,test,rot90,rot90,271,image_block_01,fgx,gfx,0.0,1,
3,test,rot90,rot90,179,image_block_01,fx,gx,0.0,1,
3,test,rot90,rot90,179,image_block_01,fgx,gfx,0.0,1,
3,test,rot90,rot90,54,image_block_01,fx,gx,0.0,1,
3,test,rot90,rot90,54,image_block_01,fgx,gfx,0.0,1,
3,test,rot90,rot90,162,image_block_01,fx,gx,0.0,1,
3,test,rot90,rot90,162,image_block_01,fgx,gfx,0.0,1,
3,test,rot90,rot90,135,image_block_01,fx,gx,0.0,1,
3,test,rot90,rot90,135,image_block_01,fgx,gfx,0.0,1,
3,test,rot90,rot90,62,image_block_01,fx,gx,0.0,1,
3,test,rot90,rot90,62,image_block_01,fgx,gfx,0.0,1,
3,test,rot90,rot90,323,image_block_01,fx,gx,0.0,1,
3,test,rot90,rot90,323,image_block_01,fgx,gfx,0.0,1,
3,test,rot90,rot90,180,image_block_02,fx,gx,0.0,1,
3,test,rot90,rot90,180,image_block_02,fgx,gfx,0.0,1,
3,test,rot90,rot90,143,image_block_02,fx,gx,0.0,1,
3,test,rot90,rot90,143,image_block_02,fgx,gfx,0.0,1,
3,test,rot90,rot90,58,image_block_02,fx,gx,0.0,1,
3,test,rot90,rot90,58,image_block_02,fgx,gfx,0.0,1,
3,test,rot90,rot90,158,image_block_02,fx,gx,0.0,1,
3,test,rot90,rot90,158,image_block_02,fgx,gfx,0.0,1,
3,test,rot90,rot90,89,image_block_02,fx,gx,0.0,1,
3,test,rot90,rot90,89,image_block_02,fgx,gfx,0.0,1,
3,test,rot90,rot90,226,image_block_02,fx,gx,0.0,1,
3,test,rot90,rot90,226,image_block_02,fgx,gfx,0.0,1,
3,test,rot90,rot90,171,image_block_02,fx,gx,0.0,1,
3,test,rot90,rot90,171,image_block_02,fgx,gfx,0.0,1,
3,test,rot90,rot90,70,image_block_02,fx,gx,0.0,1,
3,test,rot90,rot90,70,image_block_02,fgx,gfx,0.0,1,
3,test,rot90,rot90,144,image_block_02,fx,gx,0.0,1,
3,test,rot90,rot90,144,image_block_02,fgx,gfx,0.0,1,
3,test,rot90,rot90,271,image_block_02,fx,gx,0.0,1,
3,test,rot90,rot90,271,image_block_02,fgx,gfx,0.0,1,
3,test,rot90,rot90,179,image_block_02,fx,gx,0.0,1,
3,test,rot90,rot90,179,image_block_02,fgx,gfx,0.0,1,
3,test,rot90,rot90,54,image_block_02,fx,gx,0.0,1,
3,test,rot90,rot90,54,image_block_02,fgx,gfx,0.0,1,
3,test,rot90,rot90,162,image_block_02,fx,gx,0.0,1,
3,test,rot90,rot90,162,image_block_02,fgx,gfx,0.0,1,
3,test,rot90,rot90,135,image_block_02,fx,gx,0.0,1,
3,test,rot90,rot90,135,image_block_02,fgx,gfx,0.0,1,
3,test,rot90,rot90,62,image_block_02,fx,gx,0.0,1,
3,test,rot90,rot90,62,image_block_02,fgx,gfx,0.0,1,
3,test,rot90,rot90,323,image_block_02,fx,gx,0.0,1,
3,test,rot90,rot90,323,image_block_02,fgx,gfx,0.0,1,
3,test,rot90,rot90,180,image_block_03,fx,gx,0.0,1,
3,test,rot90,rot90,180,image_block_03,fgx,gfx,0.0,1,
3,test,rot90,rot90,143,image_block_03,fx,gx,0.0,1,
3,test,rot90,rot90,143,image_block_03,fgx,gfx,0.0,1,
3,test,rot90,rot90,58,image_block_03,fx,gx,0.0,1,
3,test,rot90,rot90,58,image_block_03,fgx,gfx,0.0,1,
3,test,rot90,rot90,158,image_block_03,fx,gx,0.0,1,
3,test,rot90,rot90,158,image_block_03,fgx,gfx,0.0,1,
3,test,rot90,rot90,89,image_block_03,fx,gx,0.0,1,
3,test,rot90,rot90,89,image_block_03,fgx,gfx,0.0,1,
3,test,rot90,rot90,226,image_block_03,fx,gx,0.0,1,
3,test,rot90,rot90,226,image_block_03,fgx,gfx,0.0,1,
3,test,rot90,rot90,171,image_block_03,fx,gx,0.0,1,
3,test,rot90,rot90,171,image_block_03,fgx,gfx,0.0,1,
3,test,rot90,rot90,70,image_block_03,fx,gx,0.0,1,
3,test,rot90,rot90,70,image_block_03,fgx,gfx,0.0,1,
3,test,rot90,rot90,144,image_block_03,fx,gx,0.0,1,
3,test,rot90,rot90,144,image_block_03,fgx,gfx,0.0,1,
3,test,rot90,rot90,271,image_block_03,fx,gx,0.0,1,
3,test,rot90,rot90,271,image_block_03,fgx,gfx,0.0,1,
3,test,rot90,rot90,179,image_block_03,fx,gx,0.0,1,
3,test,rot90,rot90,179,image_block_03,fgx,gfx,0.0,1,
3,test,rot90,rot90,54,image_block_03,fx,gx,0.0,1,
3,test,rot90,rot90,54,image_block_03,fgx,gfx,0.0,1,
3,test,rot90,rot90,162,image_block_03,fx,gx,0.0,1,
3,test,rot90,rot90,162,image_block_03,fgx,gfx,0.0,1,
3,test,rot90,rot90,135,image_block_03,fx,gx,0.0,1,
3,test,rot90,rot90,135,image_block_03,fgx,gfx,0.0,1,
3,test,rot90,rot90,62,image_block_03,fx,gx,0.0,1,
3,test,rot90,rot90,62,image_block_03,fgx,gfx,0.0,1,
3,test,rot90,rot90,323,image_block_03,fx,gx,0.0,1,
3,test,rot90,rot90,323,image_block_03,fgx,gfx,0.0,1,
3,test,rot90,rot90,180,image_block_04,fx,gx,0.0,1,
3,test,rot90,rot90,180,image_block_04,fgx,gfx,0.0,1,
3,test,rot90,rot90,143,image_block_04,fx,gx,0.0,1,
3,test,rot90,rot90,143,image_block_04,fgx,gfx,0.0,1,
3,test,rot90,rot90,58,image_block_04,fx,gx,0.0,1,
3,test,rot90,rot90,58,image_block_04,fgx,gfx,0.0,1,
3,test,rot90,rot90,158,image_block_04,fx,gx,0.0,1,
3,test,rot90,rot90,158,image_block_04,fgx,gfx,0.0,1,
3,test,rot90,rot90,89,image_block_04,fx,gx,0.0,1,
3,test,rot90,rot90,89,image_block_04,fgx,gfx,0.0,1,
3,test,rot90,rot90,226,image_block_04,fx,gx,0.0,1,
3,test,rot90,rot90,226,image_block_04,fgx,gfx,0.0,1,
3,test,rot90,rot90,171,image_block_04,fx,gx,0.0,1,
3,test,rot90,rot90,171,image_block_04,fgx,gfx,0.0,1,
3,test,rot90,rot90,70,image_block_04,fx,gx,0.0,1,
3,test,rot90,rot90,70,image_block_04,fgx,gfx,0.0,1,
3,test,rot90,rot90,144,image_block_04,fx,gx,0.0,1,
3,test,rot90,rot90,144,image_block_04,fgx,gfx,0.0,1,
3,test,rot90,rot90,271,image_block_04,fx,gx,0.0,1,
3,test,rot90,rot90,271,image_block_04,fgx,gfx,0.0,1,
3,test,rot90,rot90,179,image_block_04,fx,gx,0.0,1,
3,test,rot90,rot90,179,image_block_04,fgx,gfx,0.0,1,
3,test,rot90,rot90,54,image_block_04,fx,gx,0.0,1,
3,test,rot90,rot90,54,image_block_04,fgx,gfx,0.0,1,
3,test,rot90,rot90,162,image_block_04,fx,gx,0.0,1,
3,test,rot90,rot90,162,image_block_04,fgx,gfx,0.0,1,
3,test,rot90,rot90,135,image_block_04,fx,gx,0.0,1,
3,test,rot90,rot90,135,image_block_04,fgx,gfx,0.0,1,
3,test,rot90,rot90,62,image_block_04,fx,gx,0.0,1,
3,test,rot90,rot90,62,image_block_04,fgx,gfx,0.0,1,
3,test,rot90,rot90,323,image_block_04,fx,gx,0.0,1,
3,test,rot90,rot90,323,image_block_04,fgx,gfx,0.0,1,
3,test,rot90,rot90,180,image_block_05,fx,gx,0.0,1,
3,test,rot90,rot90,180,image_block_05,fgx,gfx,0.0,1,
3,test,rot90,rot90,143,image_block_05,fx,gx,0.0,1,
3,test,rot90,rot90,143,image_block_05,fgx,gfx,0.0,1,
3,test,rot90,rot90,58,image_block_05,fx,gx,0.0,1,
3,test,rot90,rot90,58,image_block_05,fgx,gfx,0.0,1,
3,test,rot90,rot90,158,image_block_05,fx,gx,0.0,1,
3,test,rot90,rot90,158,image_block_05,fgx,gfx,0.0,1,
3,test,rot90,rot90,89,image_block_05,fx,gx,0.0,1,
3,test,rot90,rot90,89,image_block_05,fgx,gfx,0.0,1,
3,test,rot90,rot90,226,image_block_05,fx,gx,0.0,1,
3,test,rot90,rot90,226,image_block_05,fgx,gfx,0.0,1,
3,test,rot90,rot90,171,image_block_05,fx,gx,0.0,1,
3,test,rot90,rot90,171,image_block_05,fgx,gfx,0.0,1,
3,test,rot90,rot90,70,image_block_05,fx,gx,0.0,1,
3,test,rot90,rot90,70,image_block_05,fgx,gfx,0.0,1,
3,test,rot90,rot90,144,image_block_05,fx,gx,0.0,1,
3,test,rot90,rot90,144,image_block_05,fgx,gfx,0.0,1,
3,test,rot90,rot90,271,image_block_05,fx,gx,0.0,1,
3,test,rot90,rot90,271,image_block_05,fgx,gfx,0.0,1,
3,test,rot90,rot90,179,image_block_05,fx,gx,0.0,1,
3,test,rot90,rot90,179,image_block_05,fgx,gfx,0.0,1,
3,test,rot90,rot90,54,image_block_05,fx,gx,0.0,1,
3,test,rot90,rot90,54,image_block_05,fgx,gfx,0.0,1,
3,test,rot90,rot90,162,image_block_05,fx,gx,0.0,1,
3,test,rot90,rot90,162,image_block_05,fgx,gfx,0.0,1,
3,test,rot90,rot90,135,image_block_05,fx,gx,0.0,1,
3,test,rot90,rot90,135,image_block_05,fgx,gfx,0.0,1,
3,test,rot90,rot90,62,image_block_05,fx,gx,0.0,1,
3,test,rot90,rot90,62,image_block_05,fgx,gfx,0.0,1,
3,test,rot90,rot90,323,image_block_05,fx,gx,0.0,1,
3,test,rot90,rot90,323,image_block_05,fgx,gfx,0.0,1,
3,test,rot90,rot90,180,image_block_06,fx,gx,0.0,1,
3,test,rot90,rot90,180,image_block_06,fgx,gfx,0.0,1,
3,test,rot90,rot90,143,image_block_06,fx,gx,0.0,1,
3,test,rot90,rot90,143,image_block_06,fgx,gfx,0.0,1,
3,test,rot90,rot90,58,image_block_06,fx,gx,0.0,1,
3,test,rot90,rot90,58,image_block_06,fgx,gfx,0.0,1,
3,test,rot90,rot90,158,image_block_06,fx,gx,0.0,1,
3,test,rot90,rot90,158,image_block_06,fgx,gfx,0.0,1,
3,test,rot90,rot90,89,image_block_06,fx,gx,0.0,1,
3,test,rot90,rot90,89,image_block_06,fgx,gfx,0.0,1,
3,test,rot90,rot90,226,image_block_06,fx,gx,0.0,1,
3,test,rot90,rot90,226,image_block_06,fgx,gfx,0.0,1,
3,test,rot90,rot90,171,image_block_06,fx,gx,0.0,1,
3,test,rot90,rot90,171,image_block_06,fgx,gfx,0.0,1,
3,test,rot90,rot90,70,image_block_06,fx,gx,0.0,1,
3,test,rot90,rot90,70,image_block_06,fgx,gfx,0.0,1,
3,test,rot90,rot90,144,image_block_06,fx,gx,0.0,1,
3,test,rot90,rot90,144,image_block_06,fgx,gfx,0.0,1,
3,test,rot90,rot90,271,image_block_06,fx,gx,0.0,1,
3,test,rot90,rot90,271,image_block_06,fgx,gfx,0.0,1,
3,test,rot90,rot90,179,image_block_06,fx,gx,0.0,1,
3,test,rot90,rot90,179,image_block_06,fgx,gfx,0.0,1,
3,test,rot90,rot90,54,image_block_06,fx,gx,0.0,1,
3,test,rot90,rot90,54,image_block_06,fgx,gfx,0.0,1,
3,test,rot90,rot90,162,image_block_06,fx,gx,0.0,1,
3,test,rot90,rot90,162,image_block_06,fgx,gfx,0.0,1,
3,test,rot90,rot90,135,image_block_06,fx,gx,0.0,1,
3,test,rot90,rot90,135,image_block_06,fgx,gfx,0.0,1,
3,test,rot90,rot90,62,image_block_06,fx,gx,0.0,1,
3,test,rot90,rot90,62,image_block_06,fgx,gfx,0.0,1,
3,test,rot90,rot90,323,image_block_06,fx,gx,0.0,1,
3,test,rot90,rot90,323,image_block_06,fgx,gfx,0.0,1,
3,test,rot90,rot90,180,image_final_norm,fx,gx,0.0,1,
3,test,rot90,rot90,180,image_final_norm,fgx,gfx,0.0,1,
3,test,rot90,rot90,143,image_final_norm,fx,gx,0.0,1,
3,test,rot90,rot90,143,image_final_norm,fgx,gfx,0.0,1,
3,test,rot90,rot90,58,image_final_norm,fx,gx,0.0,1,
3,test,rot90,rot90,58,image_final_norm,fgx,gfx,0.0,1,
3,test,rot90,rot90,158,image_final_norm,fx,gx,0.0,1,
3,test,rot90,rot90,158,image_final_norm,fgx,gfx,0.0,1,
3,test,rot90,rot90,89,image_final_norm,fx,gx,0.0,1,
3,test,rot90,rot90,89,image_final_norm,fgx,gfx,0.0,1,
3,test,rot90,rot90,226,image_final_norm,fx,gx,0.0,1,
3,test,rot90,rot90,226,image_final_norm,fgx,gfx,0.0,1,
3,test,rot90,rot90,171,image_final_norm,fx,gx,0.0,1,
3,test,rot90,rot90,171,image_final_norm,fgx,gfx,0.0,1,
3,test,rot90,rot90,70,image_final_norm,fx,gx,0.0,1,
3,test,rot90,rot90,70,image_final_norm,fgx,gfx,0.0,1,
3,test,rot90,rot90,144,image_final_norm,fx,gx,0.0,1,
3,test,rot90,rot90,144,image_final_norm,fgx,gfx,0.0,1,
3,test,rot90,rot90,271,image_final_norm,fx,gx,0.0,1,
3,test,rot90,rot90,271,image_final_norm,fgx,gfx,0.0,1,
3,test,rot90,rot90,179,image_final_norm,fx,gx,0.0,1,
3,test,rot90,rot90,179,image_final_norm,fgx,gfx,0.0,1,
3,test,rot90,rot90,54,image_final_norm,fx,gx,0.0,1,
3,test,rot90,rot90,54,image_final_norm,fgx,gfx,0.0,1,
3,test,rot90,rot90,162,image_final_norm,fx,gx,0.0,1,
3,test,rot90,rot90,162,image_final_norm,fgx,gfx,0.0,1,
3,test,rot90,rot90,135,image_final_norm,fx,gx,0.0,1,
3,test,rot90,rot90,135,image_final_norm,fgx,gfx,0.0,1,
3,test,rot90,rot90,62,image_final_norm,fx,gx,0.0,1,
3,test,rot90,rot90,62,image_final_norm,fgx,gfx,0.0,1,
3,test,rot90,rot90,323,image_final_norm,fx,gx,0.0,1,
3,test,rot90,rot90,323,image_final_norm,fgx,gfx,0.0,1,
3,test,rot90,rot90,53,image_input_tokens,fx,gx,0.0,1,
3,test,rot90,rot90,53,image_input_tokens,fgx,gfx,0.0,1,
3,test,rot90,rot90,258,image_input_tokens,fx,gx,0.0,1,
3,test,rot90,rot90,258,image_input_tokens,fgx,gfx,0.0,1,
3,test,rot90,rot90,96,image_input_tokens,fx,gx,0.0,1,
3,test,rot90,rot90,96,image_input_tokens,fgx,gfx,0.0,1,
3,test,rot90,rot90,277,image_input_tokens,fx,gx,0.0,1,
3,test,rot90,rot90,277,image_input_tokens,fgx,gfx,0.0,1,
3,test,rot90,rot90,317,image_input_tokens,fx,gx,0.0,1,
3,test,rot90,rot90,317,image_input_tokens,fgx,gfx,0.0,1,
3,test,rot90,rot90,225,image_input_tokens,fx,gx,0.0,1,
3,test,rot90,rot90,225,image_input_tokens,fgx,gfx,0.0,1,
3,test,rot90,rot90,293,image_input_tokens,fx,gx,0.0,1,
3,test,rot90,rot90,293,image_input_tokens,fgx,gfx,0.0,1,
3,test,rot90,rot90,30,image_input_tokens,fx,gx,0.0,1,
3,test,rot90,rot90,30,image_input_tokens,fgx,gfx,0.0,1,
3,test,rot90,rot90,8,image_input_tokens,fx,gx,0.0,1,
3,test,rot90,rot90,8,image_input_tokens,fgx,gfx,0.0,1,
3,test,rot90,rot90,304,image_input_tokens,fx,gx,0.0,1,
3,test,rot90,rot90,304,image_input_tokens,fgx,gfx,0.0,1,
3,test,rot90,rot90,95,image_input_tokens,fx,gx,0.0,1,
3,test,rot90,rot90,95,image_input_tokens,fgx,gfx,0.0,1,
3,test,rot90,rot90,205,image_input_tokens,fx,gx,0.0,1,
3,test,rot90,rot90,205,image_input_tokens,fgx,gfx,0.0,1,
3,test,rot90,rot90,92,image_input_tokens,fx,gx,0.0,1,
3,test,rot90,rot90,92,image_input_tokens,fgx,gfx,0.0,1,
3,test,rot90,rot90,229,image_input_tokens,fx,gx,0.0,1,
3,test,rot90,rot90,229,image_input_tokens,fgx,gfx,0.0,1,
3,test,rot90,rot90,169,image_input_tokens,fx,gx,0.0,1,
3,test,rot90,rot90,169,image_input_tokens,fgx,gfx,0.0,1,
3,test,rot90,rot90,7,image_input_tokens,fx,gx,0.0,1,
3,test,rot90,rot90,7,image_input_tokens,fgx,gfx,0.0,1,
3,test,rot90,rot90,53,image_block_01,fx,gx,0.0,1,
3,test,rot90,rot90,53,image_block_01,fgx,gfx,0.0,1,
3,test,rot90,rot90,258,image_block_01,fx,gx,0.0,1,
3,test,rot90,rot90,258,image_block_01,fgx,gfx,0.0,1,
3,test,rot90,rot90,96,image_block_01,fx,gx,0.0,1,
3,test,rot90,rot90,96,image_block_01,fgx,gfx,0.0,1,
3,test,rot90,rot90,277,image_block_01,fx,gx,0.0,1,
3,test,rot90,rot90,277,image_block_01,fgx,gfx,0.0,1,
3,test,rot90,rot90,317,image_block_01,fx,gx,0.0,1,
3,test,rot90,rot90,317,image_block_01,fgx,gfx,0.0,1,
3,test,rot90,rot90,225,image_block_01,fx,gx,0.0,1,
3,test,rot90,rot90,225,image_block_01,fgx,gfx,0.0,1,
3,test,rot90,rot90,293,image_block_01,fx,gx,0.0,1,
3,test,rot90,rot90,293,image_block_01,fgx,gfx,0.0,1,
3,test,rot90,rot90,30,image_block_01,fx,gx,0.0,1,
3,test,rot90,rot90,30,image_block_01,fgx,gfx,0.0,1,
3,test,rot90,rot90,8,image_block_01,fx,gx,0.0,1,
3,test,rot90,rot90,8,image_block_01,fgx,gfx,0.0,1,
3,test,rot90,rot90,304,image_block_01,fx,gx,0.0,1,
3,test,rot90,rot90,304,image_block_01,fgx,gfx,0.0,1,
3,test,rot90,rot90,95,image_block_01,fx,gx,0.0,1,
3,test,rot90,rot90,95,image_block_01,fgx,gfx,0.0,1,
3,test,rot90,rot90,205,image_block_01,fx,gx,0.0,1,
3,test,rot90,rot90,205,image_block_01,fgx,gfx,0.0,1,
3,test,rot90,rot90,92,image_block_01,fx,gx,0.0,1,
3,test,rot90,rot90,92,image_block_01,fgx,gfx,0.0,1,
3,test,rot90,rot90,229,image_block_01,fx,gx,0.0,1,
3,test,rot90,rot90,229,image_block_01,fgx,gfx,0.0,1,
3,test,rot90,rot90,169,image_block_01,fx,gx,0.0,1,
3,test,rot90,rot90,169,image_block_01,fgx,gfx,0.0,1,
3,test,rot90,rot90,7,image_block_01,fx,gx,0.0,1,
3,test,rot90,rot90,7,image_block_01,fgx,gfx,0.0,1,
3,test,rot90,rot90,53,image_block_02,fx,gx,0.0,1,
3,test,rot90,rot90,53,image_block_02,fgx,gfx,0.0,1,
3,test,rot90,rot90,258,image_block_02,fx,gx,0.0,1,
3,test,rot90,rot90,258,image_block_02,fgx,gfx,0.0,1,
3,test,rot90,rot90,96,image_block_02,fx,gx,0.0,1,
3,test,rot90,rot90,96,image_block_02,fgx,gfx,0.0,1,
3,test,rot90,rot90,277,image_block_02,fx,gx,0.0,1,
3,test,rot90,rot90,277,image_block_02,fgx,gfx,0.0,1,
3,test,rot90,rot90,317,image_block_02,fx,gx,0.0,1,
3,test,rot90,rot90,317,image_block_02,fgx,gfx,0.0,1,
3,test,rot90,rot90,225,image_block_02,fx,gx,0.0,1,
3,test,rot90,rot90,225,image_block_02,fgx,gfx,0.0,1,
3,test,rot90,rot90,293,image_block_02,fx,gx,0.0,1,
3,test,rot90,rot90,293,image_block_02,fgx,gfx,0.0,1,
3,test,rot90,rot90,30,image_block_02,fx,gx,0.0,1,
3,test,rot90,rot90,30,image_block_02,fgx,gfx,0.0,1,
3,test,rot90,rot90,8,image_block_02,fx,gx,0.0,1,
3,test,rot90,rot90,8,image_block_02,fgx,gfx,0.0,1,
3,test,rot90,rot90,304,image_block_02,fx,gx,0.0,1,
3,test,rot90,rot90,304,image_block_02,fgx,gfx,0.0,1,
3,test,rot90,rot90,95,image_block_02,fx,gx,0.0,1,
3,test,rot90,rot90,95,image_block_02,fgx,gfx,0.0,1,
3,test,rot90,rot90,205,image_block_02,fx,gx,0.0,1,
3,test,rot90,rot90,205,image_block_02,fgx,gfx,0.0,1,
3,test,rot90,rot90,92,image_block_02,fx,gx,0.0,1,
3,test,rot90,rot90,92,image_block_02,fgx,gfx,0.0,1,
3,test,rot90,rot90,229,image_block_02,fx,gx,0.0,1,
3,test,rot90,rot90,229,image_block_02,fgx,gfx,0.0,1,
3,test,rot90,rot90,169,image_block_02,fx,gx,0.0,1,
3,test,rot90,rot90,169,image_block_02,fgx,gfx,0.0,1,
3,test,rot90,rot90,7,image_block_02,fx,gx,0.0,1,
3,test,rot90,rot90,7,image_block_02,fgx,gfx,0.0,1,
3,test,rot90,rot90,53,image_block_03,fx,gx,0.0,1,
3,test,rot90,rot90,53,image_block_03,fgx,gfx,0.0,1,
3,test,rot90,rot90,258,image_block_03,fx,gx,0.0,1,
3,test,rot90,rot90,258,image_block_03,fgx,gfx,0.0,1,
3,test,rot90,rot90,96,image_block_03,fx,gx,0.0,1,
3,test,rot90,rot90,96,image_block_03,fgx,gfx,0.0,1,
3,test,rot90,rot90,277,image_block_03,fx,gx,0.0,1,
3,test,rot90,rot90,277,image_block_03,fgx,gfx,0.0,1,
3,test,rot90,rot90,317,image_block_03,fx,gx,0.0,1,
3,test,rot90,rot90,317,image_block_03,fgx,gfx,0.0,1,
3,test,rot90,rot90,225,image_block_03,fx,gx,0.0,1,
3,test,rot90,rot90,225,image_block_03,fgx,gfx,0.0,1,
3,test,rot90,rot90,293,image_block_03,fx,gx,0.0,1,
3,test,rot90,rot90,293,image_block_03,fgx,gfx,0.0,1,
3,test,rot90,rot90,30,image_block_03,fx,gx,0.0,1,
3,test,rot90,rot90,30,image_block_03,fgx,gfx,0.0,1,
3,test,rot90,rot90,8,image_block_03,fx,gx,0.0,1,
3,test,rot90,rot90,8,image_block_03,fgx,gfx,0.0,1,
3,test,rot90,rot90,304,image_block_03,fx,gx,0.0,1,
3,test,rot90,rot90,304,image_block_03,fgx,gfx,0.0,1,
3,test,rot90,rot90,95,image_block_03,fx,gx,0.0,1,
3,test,rot90,rot90,95,image_block_03,fgx,gfx,0.0,1,
3,test,rot90,rot90,205,image_block_03,fx,gx,0.0,1,
3,test,rot90,rot90,205,image_block_03,fgx,gfx,0.0,1,
3,test,rot90,rot90,92,image_block_03,fx,gx,0.0,1,
3,test,rot90,rot90,92,image_block_03,fgx,gfx,0.0,1,
3,test,rot90,rot90,229,image_block_03,fx,gx,0.0,1,
3,test,rot90,rot90,229,image_block_03,fgx,gfx,0.0,1,
3,test,rot90,rot90,169,image_block_03,fx,gx,0.0,1,
3,test,rot90,rot90,169,image_block_03,fgx,gfx,0.0,1,
3,test,rot90,rot90,7,image_block_03,fx,gx,0.0,1,
3,test,rot90,rot90,7,image_block_03,fgx,gfx,0.0,1,
3,test,rot90,rot90,53,image_block_04,fx,gx,0.0,1,
3,test,rot90,rot90,53,image_block_04,fgx,gfx,0.0,1,
3,test,rot90,rot90,258,image_block_04,fx,gx,0.0,1,
3,test,rot90,rot90,258,image_block_04,fgx,gfx,0.0,1,
3,test,rot90,rot90,96,image_block_04,fx,gx,0.0,1,
3,test,rot90,rot90,96,image_block_04,fgx,gfx,0.0,1,
3,test,rot90,rot90,277,image_block_04,fx,gx,0.0,1,
3,test,rot90,rot90,277,image_block_04,fgx,gfx,0.0,1,
3,test,rot90,rot90,317,image_block_04,fx,gx,0.0,1,
3,test,rot90,rot90,317,image_block_04,fgx,gfx,0.0,1,
3,test,rot90,rot90,225,image_block_04,fx,gx,0.0,1,
3,test,rot90,rot90,225,image_block_04,fgx,gfx,0.0,1,
3,test,rot90,rot90,293,image_block_04,fx,gx,0.0,1,
3,test,rot90,rot90,293,image_block_04,fgx,gfx,0.0,1,
3,test,rot90,rot90,30,image_block_04,fx,gx,0.0,1,
3,test,rot90,rot90,30,image_block_04,fgx,gfx,0.0,1,
3,test,rot90,rot90,8,image_block_04,fx,gx,0.0,1,
3,test,rot90,rot90,8,image_block_04,fgx,gfx,0.0,1,
3,test,rot90,rot90,304,image_block_04,fx,gx,0.0,1,
3,test,rot90,rot90,304,image_block_04,fgx,gfx,0.0,1,
3,test,rot90,rot90,95,image_block_04,fx,gx,0.0,1,
3,test,rot90,rot90,95,image_block_04,fgx,gfx,0.0,1,
3,test,rot90,rot90,205,image_block_04,fx,gx,0.0,1,
3,test,rot90,rot90,205,image_block_04,fgx,gfx,0.0,1,
3,test,rot90,rot90,92,image_block_04,fx,gx,0.0,1,
3,test,rot90,rot90,92,image_block_04,fgx,gfx,0.0,1,
3,test,rot90,rot90,229,image_block_04,fx,gx,0.0,1,
3,test,rot90,rot90,229,image_block_04,fgx,gfx,0.0,1,
3,test,rot90,rot90,169,image_block_04,fx,gx,0.0,1,
3,test,rot90,rot90,169,image_block_04,fgx,gfx,0.0,1,
3,test,rot90,rot90,7,image_block_04,fx,gx,0.0,1,
3,test,rot90,rot90,7,image_block_04,fgx,gfx,0.0,1,
3,test,rot90,rot90,53,image_block_05,fx,gx,0.0,1,
3,test,rot90,rot90,53,image_block_05,fgx,gfx,0.0,1,
3,test,rot90,rot90,258,image_block_05,fx,gx,0.0,1,
3,test,rot90,rot90,258,image_block_05,fgx,gfx,0.0,1,
3,test,rot90,rot90,96,image_block_05,fx,gx,0.0,1,
3,test,rot90,rot90,96,image_block_05,fgx,gfx,0.0,1,
3,test,rot90,rot90,277,image_block_05,fx,gx,0.0,1,
3,test,rot90,rot90,277,image_block_05,fgx,gfx,0.0,1,
3,test,rot90,rot90,317,image_block_05,fx,gx,0.0,1,
3,test,rot90,rot90,317,image_block_05,fgx,gfx,0.0,1,
3,test,rot90,rot90,225,image_block_05,fx,gx,0.0,1,
3,test,rot90,rot90,225,image_block_05,fgx,gfx,0.0,1,
3,test,rot90,rot90,293,image_block_05,fx,gx,0.0,1,
3,test,rot90,rot90,293,image_block_05,fgx,gfx,0.0,1,
3,test,rot90,rot90,30,image_block_05,fx,gx,0.0,1,
3,test,rot90,rot90,30,image_block_05,fgx,gfx,0.0,1,
3,test,rot90,rot90,8,image_block_05,fx,gx,0.0,1,
3,test,rot90,rot90,8,image_block_05,fgx,gfx,0.0,1,
3,test,rot90,rot90,304,image_block_05,fx,gx,0.0,1,
3,test,rot90,rot90,304,image_block_05,fgx,gfx,0.0,1,
3,test,rot90,rot90,95,image_block_05,fx,gx,0.0,1,
3,test,rot90,rot90,95,image_block_05,fgx,gfx,0.0,1,
3,test,rot90,rot90,205,image_block_05,fx,gx,0.0,1,
3,test,rot90,rot90,205,image_block_05,fgx,gfx,0.0,1,
3,test,rot90,rot90,92,image_block_05,fx,gx,0.0,1,
3,test,rot90,rot90,92,image_block_05,fgx,gfx,0.0,1,
3,test,rot90,rot90,229,image_block_05,fx,gx,0.0,1,
3,test,rot90,rot90,229,image_block_05,fgx,gfx,0.0,1,
3,test,rot90,rot90,169,image_block_05,fx,gx,0.0,1,
3,test,rot90,rot90,169,image_block_05,fgx,gfx,0.0,1,
3,test,rot90,rot90,7,image_block_05,fx,gx,0.0,1,
3,test,rot90,rot90,7,image_block_05,fgx,gfx,0.0,1,
3,test,rot90,rot90,53,image_block_06,fx,gx,0.0,1,
3,test,rot90,rot90,53,image_block_06,fgx,gfx,0.0,1,
3,test,rot90,rot90,258,image_block_06,fx,gx,0.0,1,
3,test,rot90,rot90,258,image_block_06,fgx,gfx,0.0,1,
3,test,rot90,rot90,96,image_block_06,fx,gx,0.0,1,
3,test,rot90,rot90,96,image_block_06,fgx,gfx,0.0,1,
3,test,rot90,rot90,277,image_block_06,fx,gx,0.0,1,
3,test,rot90,rot90,277,image_block_06,fgx,gfx,0.0,1,
3,test,rot90,rot90,317,image_block_06,fx,gx,0.0,1,
3,test,rot90,rot90,317,image_block_06,fgx,gfx,0.0,1,
3,test,rot90,rot90,225,image_block_06,fx,gx,0.0,1,
3,test,rot90,rot90,225,image_block_06,fgx,gfx,0.0,1,
3,test,rot90,rot90,293,image_block_06,fx,gx,0.0,1,
3,test,rot90,rot90,293,image_block_06,fgx,gfx,0.0,1,
3,test,rot90,rot90,30,image_block_06,fx,gx,0.0,1,
3,test,rot90,rot90,30,image_block_06,fgx,gfx,0.0,1,
3,test,rot90,rot90,8,image_block_06,fx,gx,0.0,1,
3,test,rot90,rot90,8,image_block_06,fgx,gfx,0.0,1,
3,test,rot90,rot90,304,image_block_06,fx,gx,0.0,1,
3,test,rot90,rot90,304,image_block_06,fgx,gfx,0.0,1,
3,test,rot90,rot90,95,image_block_06,fx,gx,0.0,1,
3,test,rot90,rot90,95,image_block_06,fgx,gfx,0.0,1,
3,test,rot90,rot90,205,image_block_06,fx,gx,0.0,1,
3,test,rot90,rot90,205,image_block_06,fgx,gfx,0.0,1,
3,test,rot90,rot90,92,image_block_06,fx,gx,0.0,1,
3,test,rot90,rot90,92,image_block_06,fgx,gfx,0.0,1,
3,test,rot90,rot90,229,image_block_06,fx,gx,0.0,1,
3,test,rot90,rot90,229,image_block_06,fgx,gfx,0.0,1,
3,test,rot90,rot90,169,image_block_06,fx,gx,0.0,1,
3,test,rot90,rot90,169,image_block_06,fgx,gfx,0.0,1,
3,test,rot90,rot90,7,image_block_06,fx,gx,0.0,1,
3,test,rot90,rot90,7,image_block_06,fgx,gfx,0.0,1,
3,test,rot90,rot90,53,image_final_norm,fx,gx,0.0,1,
3,test,rot90,rot90,53,image_final_norm,fgx,gfx,0.0,1,
3,test,rot90,rot90,258,image_final_norm,fx,gx,0.0,1,
3,test,rot90,rot90,258,image_final_norm,fgx,gfx,0.0,1,
3,test,rot90,rot90,96,image_final_norm,fx,gx,0.0,1,
3,test,rot90,rot90,96,image_final_norm,fgx,gfx,0.0,1,
3,test,rot90,rot90,277,image_final_norm,fx,gx,0.0,1,
3,test,rot90,rot90,277,image_final_norm,fgx,gfx,0.0,1,
3,test,rot90,rot90,317,image_final_norm,fx,gx,0.0,1,
3,test,rot90,rot90,317,image_final_norm,fgx,gfx,0.0,1,
3,test,rot90,rot90,225,image_final_norm,fx,gx,0.0,1,
3,test,rot90,rot90,225,image_final_norm,fgx,gfx,0.0,1,
3,test,rot90,rot90,293,image_final_norm,fx,gx,0.0,1,
3,test,rot90,rot90,293,image_final_norm,fgx,gfx,0.0,1,
3,test,rot90,rot90,30,image_final_norm,fx,gx,0.0,1,
3,test,rot90,rot90,30,image_final_norm,fgx,gfx,0.0,1,
3,test,rot90,rot90,8,image_final_norm,fx,gx,0.0,1,
3,test,rot90,rot90,8,image_final_norm,fgx,gfx,0.0,1,
3,test,rot90,rot90,304,image_final_norm,fx,gx,0.0,1,
3,test,rot90,rot90,304,image_final_norm,fgx,gfx,0.0,1,
3,test,rot90,rot90,95,image_final_norm,fx,gx,0.0,1,
3,test,rot90,rot90,95,image_final_norm,fgx,gfx,0.0,1,
3,test,rot90,rot90,205,image_final_norm,fx,gx,0.0,1,
3,test,rot90,rot90,205,image_final_norm,fgx,gfx,0.0,1,
3,test,rot90,rot90,92,image_final_norm,fx,gx,0.0,1,
3,test,rot90,rot90,92,image_final_norm,fgx,gfx,0.0,1,
3,test,rot90,rot90,229,image_final_norm,fx,gx,0.0,1,
3,test,rot90,rot90,229,image_final_norm,fgx,gfx,0.0,1,
3,test,rot90,rot90,169,image_final_norm,fx,gx,0.0,1,
3,test,rot90,rot90,169,image_final_norm,fgx,gfx,0.0,1,
3,test,rot90,rot90,7,image_final_norm,fx,gx,0.0,1,
3,test,rot90,rot90,7,image_final_norm,fgx,gfx,0.0,1,
