checkpoint_path,checkpoint_sha256,git_commit,experiment_id,split,f,g,program,function_ordering,oracle_valid_count,model_sample_count,sample_count,layer,seed,global_step,probe_fit_sample_count,g_probe_fit_sample_count,ridge,pool_grid,pca_settings,source_kind,id_atomic_error,g_id_atomic_error,atomic_baseline_split,context_error,composition_error,matched_atomic_error,identity_error,zero_error,only_g_error,only_f_error,shuffled_operator_error,transfer_gap,g_context_error,g_transfer_gap,cheating_composition_upper_bound_error,commutator_data_defect,commuting_samples,reverse_valid_samples,effective_source_rank,latent_dimension,underidentified,probe_train_error,upper_bound_label,upper_bound_fit_samples,contributing_checkpoints,contributing_experiments,evaluated_example_count,metric,behavior_metric,correlation_level,pairs,pearson,pearson_pvalue,spearman,spearman_pvalue,status,pearson_ci_low,pearson_ci_high,bootstrap_unit,independent_replicates,checkpoint_clusters,inference_note,context,rank_setting,pca_rank,id_projection_error,projection_error,energy_error,random_projection_error,random_energy_error,principal_angle_defect,effective_id_rank,effective_ood_rank,ood_pca_role,pca_status,contributing_pca_ranks
"[""/home/ubuntu/cogitao-research/checkpoints/cogitao_vit_cross_attention/cogitao_c1_experiment_1_vit6_function_mlp_cross_attention/run_000/last.ckpt"", ""/home/ubuntu/cogitao-research/checkpoints/cogitao_vit_cross_attention/cogitao_c1_experiment_2_vit6_function_mlp_cross_attention/run_000/last.ckpt"", ""/home/ubuntu/cogitao-research/checkpoints/cogitao_vit_cross_attention/cogitao_c1_experiment_3_vit6_function_mlp_cross_attention/run_000/last.ckpt"", ""/home/ubuntu/cogitao-research/checkpoints/cogitao_vit_cross_attention/cogitao_c1_experiment_4_vit6_function_mlp_cross_attention/run_000/last.ckpt"", ""/home/ubuntu/cogitao-research/checkpoints/cogitao_vit_cross_attention/cogitao_c1_experiment_5_vit6_function_mlp_cross_attention/run_000/last.ckpt""]","[""2bff05e8e2e5f390f6eb1f5cbf0ac8187832a8a365af10da7100cb8d732aa3f2"", ""35f91e02d5b826c89f6b24f52abf83581220b4b6676009c59b6715b0b2251589"", ""900674f94996e9b2f5190e7cd8bac4486d09332daaf131226f7f107123274de1"", ""9fc5e4f84cb131416f158af2b67349dc93c59e82f33086a7eeab2f7d6f335a7f"", ""c6578b6a655d823b9e27296aaf186e6b5b97bad640fb400cc5f2abaa6f308e6d""]","[""dfec9cbb2afe6616194c1fb41430c0c5d2bc4208""]","[1, 2, 3, 4, 5]",val_ood,"[""change_shape_color"", ""crop_bottom_side"", ""crop_contours"", ""extend_contours_same_color"", ""rot90""]","[""double_right"", ""pad_left"", ""pad_right"", ""rot90"", ""translate_up""]","[""double_right -> crop_contours"", ""pad_left -> extend_contours_same_color"", ""pad_right -> change_shape_color"", ""rot90 -> crop_bottom_side"", ""translate_up -> rot90""]","pair (f,g): fgx=f(g(x)); task-token order [g,f] means g -> f",567,5,5,image_input_tokens,42,"[71370, 78000]",256,256,0.01,2,"{""fixed_ranks"": [1, 2, 4, 8, 16, 32], ""variance_thresholds"": [0.9, 0.95]}",recorded_ood,0.023961875638089335,0.026949313037917304,val,0.0213846068541829,0.0312845920648602,0.022662177437949696,0.029858785476530588,1.0,0.02984473210187911,0.03166906092340201,0.03117339344931234,-0.002577268783906435,0.026074810326013494,-0.0008745027119038089,0.05066595796137319,0.0031129225752520324,128,128,255,512,True,0.018801101399775512,CHEATING; fit on first half of this split; score second half only,64,5,5,567,context_error,D_object_error,checkpoint_program_means,5,-0.6693040050520787,0.21660312916629618,-0.7,0.1881204043741873,ok,-1.0,0.728388313398717,experiment_run,False,5,Cluster bootstrap by experiment; training-time checkpoints share a run. Few C1 models limit inference.,,,,,,,,,,,,,,
"[""/home/ubuntu/cogitao-research/checkpoints/cogitao_vit_cross_attention/cogitao_c1_experiment_1_vit6_function_mlp_cross_attention/run_000/last.ckpt"", ""/home/ubuntu/cogitao-research/checkpoints/cogitao_vit_cross_attention/cogitao_c1_experiment_2_vit6_function_mlp_cross_attention/run_000/last.ckpt"", ""/home/ubuntu/cogitao-research/checkpoints/cogitao_vit_cross_attention/cogitao_c1_experiment_3_vit6_function_mlp_cross_attention/run_000/last.ckpt"", ""/home/ubuntu/cogitao-research/checkpoints/cogitao_vit_cross_attention/cogitao_c1_experiment_4_vit6_function_mlp_cross_attention/run_000/last.ckpt"", ""/home/ubuntu/cogitao-research/checkpoints/cogitao_vit_cross_attention/cogitao_c1_experiment_5_vit6_function_mlp_cross_attention/run_000/last.ckpt""]","[""2bff05e8e2e5f390f6eb1f5cbf0ac8187832a8a365af10da7100cb8d732aa3f2"", ""35f91e02d5b826c89f6b24f52abf83581220b4b6676009c59b6715b0b2251589"", ""900674f94996e9b2f5190e7cd8bac4486d09332daaf131226f7f107123274de1"", ""9fc5e4f84cb131416f158af2b67349dc93c59e82f33086a7eeab2f7d6f335a7f"", ""c6578b6a655d823b9e27296aaf186e6b5b97bad640fb400cc5f2abaa6f308e6d""]","[""dfec9cbb2afe6616194c1fb41430c0c5d2bc4208""]","[1, 2, 3, 4, 5]",val_ood,"[""change_shape_color"", ""crop_bottom_side"", ""crop_contours"", ""extend_contours_same_color"", ""rot90""]","[""double_right"", ""pad_left"", ""pad_right"", ""rot90"", ""translate_up""]","[""double_right -> crop_contours"", ""pad_left -> extend_contours_same_color"", ""pad_right -> change_shape_color"", ""rot90 -> crop_bottom_side"", ""translate_up -> rot90""]","pair (f,g): fgx=f(g(x)); task-token order [g,f] means g -> f",567,5,5,image_input_tokens,42,"[71370, 78000]",256,256,0.01,2,"{""fixed_ranks"": [1, 2, 4, 8, 16, 32], ""variance_thresholds"": [0.9, 0.95]}",recorded_ood,0.023961875638089335,0.026949313037917304,val,0.0213846068541829,0.0312845920648602,0.022662177437949696,0.029858785476530588,1.0,0.02984473210187911,0.03166906092340201,0.03117339344931234,-0.002577268783906435,0.026074810326013494,-0.0008745027119038089,0.05066595796137319,0.0031129225752520324,128,128,255,512,True,0.018801101399775512,CHEATING; fit on first half of this split; score second half only,64,5,5,567,context_error,D_nll,checkpoint_program_means,5,-0.2681760480081915,0.6626857621254929,-0.3,0.623837664781073,ok,-0.9999999999999999,0.9999999999999999,experiment_run,False,5,Cluster bootstrap by experiment; training-time checkpoints share a run. Few C1 models limit inference.,,,,,,,,,,,,,,
"[""/home/ubuntu/cogitao-research/checkpoints/cogitao_vit_cross_attention/cogitao_c1_experiment_1_vit6_function_mlp_cross_attention/run_000/last.ckpt"", ""/home/ubuntu/cogitao-research/checkpoints/cogitao_vit_cross_attention/cogitao_c1_experiment_2_vit6_function_mlp_cross_attention/run_000/last.ckpt"", ""/home/ubuntu/cogitao-research/checkpoints/cogitao_vit_cross_attention/cogitao_c1_experiment_3_vit6_function_mlp_cross_attention/run_000/last.ckpt"", ""/home/ubuntu/cogitao-research/checkpoints/cogitao_vit_cross_attention/cogitao_c1_experiment_4_vit6_function_mlp_cross_attention/run_000/last.ckpt"", ""/home/ubuntu/cogitao-research/checkpoints/cogitao_vit_cross_attention/cogitao_c1_experiment_5_vit6_function_mlp_cross_attention/run_000/last.ckpt""]","[""2bff05e8e2e5f390f6eb1f5cbf0ac8187832a8a365af10da7100cb8d732aa3f2"", ""35f91e02d5b826c89f6b24f52abf83581220b4b6676009c59b6715b0b2251589"", ""900674f94996e9b2f5190e7cd8bac4486d09332daaf131226f7f107123274de1"", ""9fc5e4f84cb131416f158af2b67349dc93c59e82f33086a7eeab2f7d6f335a7f"", ""c6578b6a655d823b9e27296aaf186e6b5b97bad640fb400cc5f2abaa6f308e6d""]","[""dfec9cbb2afe6616194c1fb41430c0c5d2bc4208""]","[1, 2, 3, 4, 5]",val_ood,"[""change_shape_color"", ""crop_bottom_side"", ""crop_contours"", ""extend_contours_same_color"", ""rot90""]","[""double_right"", ""pad_left"", ""pad_right"", ""rot90"", ""translate_up""]","[""double_right -> crop_contours"", ""pad_left -> extend_contours_same_color"", ""pad_right -> change_shape_color"", ""rot90 -> crop_bottom_side"", ""translate_up -> rot90""]","pair (f,g): fgx=f(g(x)); task-token order [g,f] means g -> f",567,5,5,image_input_tokens,42,"[71370, 78000]",256,256,0.01,2,"{""fixed_ranks"": [1, 2, 4, 8, 16, 32], ""variance_thresholds"": [0.9, 0.95]}",recorded_ood,0.023961875638089335,0.026949313037917304,val,0.0213846068541829,0.0312845920648602,0.022662177437949696,0.029858785476530588,1.0,0.02984473210187911,0.03166906092340201,0.03117339344931234,-0.002577268783906435,0.026074810326013494,-0.0008745027119038089,0.05066595796137319,0.0031129225752520324,128,128,255,512,True,0.018801101399775512,CHEATING; fit on first half of this split; score second half only,64,5,5,567,context_error,D_confidence,checkpoint_program_means,5,0.8704415089697641,0.05487915767233659,0.8999999999999998,0.03738607346849874,ok,0.6269346748423799,1.0,experiment_run,False,5,Cluster bootstrap by experiment; training-time checkpoints share a run. Few C1 models limit inference.,,,,,,,,,,,,,,
"[""/home/ubuntu/cogitao-research/checkpoints/cogitao_vit_cross_attention/cogitao_c1_experiment_1_vit6_function_mlp_cross_attention/run_000/last.ckpt"", ""/home/ubuntu/cogitao-research/checkpoints/cogitao_vit_cross_attention/cogitao_c1_experiment_2_vit6_function_mlp_cross_attention/run_000/last.ckpt"", ""/home/ubuntu/cogitao-research/checkpoints/cogitao_vit_cross_attention/cogitao_c1_experiment_3_vit6_function_mlp_cross_attention/run_000/last.ckpt"", ""/home/ubuntu/cogitao-research/checkpoints/cogitao_vit_cross_attention/cogitao_c1_experiment_4_vit6_function_mlp_cross_attention/run_000/last.ckpt"", ""/home/ubuntu/cogitao-research/checkpoints/cogitao_vit_cross_attention/cogitao_c1_experiment_5_vit6_function_mlp_cross_attention/run_000/last.ckpt""]","[""2bff05e8e2e5f390f6eb1f5cbf0ac8187832a8a365af10da7100cb8d732aa3f2"", ""35f91e02d5b826c89f6b24f52abf83581220b4b6676009c59b6715b0b2251589"", ""900674f94996e9b2f5190e7cd8bac4486d09332daaf131226f7f107123274de1"", ""9fc5e4f84cb131416f158af2b67349dc93c59e82f33086a7eeab2f7d6f335a7f"", ""c6578b6a655d823b9e27296aaf186e6b5b97bad640fb400cc5f2abaa6f308e6d""]","[""dfec9cbb2afe6616194c1fb41430c0c5d2bc4208""]","[1, 2, 3, 4, 5]",val_ood,"[""change_shape_color"", ""crop_bottom_side"", ""crop_contours"", ""extend_contours_same_color"", ""rot90""]","[""double_right"", ""pad_left"", ""pad_right"", ""rot90"", ""translate_up""]","[""double_right -> crop_contours"", ""pad_left -> extend_contours_same_color"", ""pad_right -> change_shape_color"", ""rot90 -> crop_bottom_side"", ""translate_up -> rot90""]","pair (f,g): fgx=f(g(x)); task-token order [g,f] means g -> f",567,5,5,image_input_tokens,42,"[71370, 78000]",256,256,0.01,2,"{""fixed_ranks"": [1, 2, 4, 8, 16, 32], ""variance_thresholds"": [0.9, 0.95]}",recorded_ood,0.023961875638089335,0.026949313037917304,val,0.0213846068541829,0.0312845920648602,0.022662177437949696,0.029858785476530588,1.0,0.02984473210187911,0.03166906092340201,0.03117339344931234,-0.002577268783906435,0.026074810326013494,-0.0008745027119038089,0.05066595796137319,0.0031129225752520324,128,128,255,512,True,0.018801101399775512,CHEATING; fit on first half of this split; score second half only,64,5,5,567,context_error,D_brier,checkpoint_program_means,5,-0.17896458601600637,0.7733574780576357,-0.19999999999999998,0.7470600781046621,ok,-1.0,0.9999999999999998,experiment_run,False,5,Cluster bootstrap by experiment; training-time checkpoints share a run. Few C1 models limit inference.,,,,,,,,,,,,,,
"[""/home/ubuntu/cogitao-research/checkpoints/cogitao_vit_cross_attention/cogitao_c1_experiment_1_vit6_function_mlp_cross_attention/run_000/last.ckpt"", ""/home/ubuntu/cogitao-research/checkpoints/cogitao_vit_cross_attention/cogitao_c1_experiment_2_vit6_function_mlp_cross_attention/run_000/last.ckpt"", ""/home/ubuntu/cogitao-research/checkpoints/cogitao_vit_cross_attention/cogitao_c1_experiment_3_vit6_function_mlp_cross_attention/run_000/last.ckpt"", ""/home/ubuntu/cogitao-research/checkpoints/cogitao_vit_cross_attention/cogitao_c1_experiment_4_vit6_function_mlp_cross_attention/run_000/last.ckpt"", ""/home/ubuntu/cogitao-research/checkpoints/cogitao_vit_cross_attention/cogitao_c1_experiment_5_vit6_function_mlp_cross_attention/run_000/last.ckpt""]","[""2bff05e8e2e5f390f6eb1f5cbf0ac8187832a8a365af10da7100cb8d732aa3f2"", ""35f91e02d5b826c89f6b24f52abf83581220b4b6676009c59b6715b0b2251589"", ""900674f94996e9b2f5190e7cd8bac4486d09332daaf131226f7f107123274de1"", ""9fc5e4f84cb131416f158af2b67349dc93c59e82f33086a7eeab2f7d6f335a7f"", ""c6578b6a655d823b9e27296aaf186e6b5b97bad640fb400cc5f2abaa6f308e6d""]","[""dfec9cbb2afe6616194c1fb41430c0c5d2bc4208""]","[1, 2, 3, 4, 5]",val_ood,"[""change_shape_color"", ""crop_bottom_side"", ""crop_contours"", ""extend_contours_same_color"", ""rot90""]","[""double_right"", ""pad_left"", ""pad_right"", ""rot90"", ""translate_up""]","[""double_right -> crop_contours"", ""pad_left -> extend_contours_same_color"", ""pad_right -> change_shape_color"", ""rot90 -> crop_bottom_side"", ""translate_up -> rot90""]","pair (f,g): fgx=f(g(x)); task-token order [g,f] means g -> f",567,5,5,image_input_tokens,42,"[71370, 78000]",256,256,0.01,2,"{""fixed_ranks"": [1, 2, 4, 8, 16, 32], ""variance_thresholds"": [0.9, 0.95]}",recorded_ood,0.023961875638089335,0.026949313037917304,val,0.0213846068541829,0.0312845920648602,0.022662177437949696,0.029858785476530588,1.0,0.02984473210187911,0.03166906092340201,0.03117339344931234,-0.002577268783906435,0.026074810326013494,-0.0008745027119038089,0.05066595796137319,0.0031129225752520324,128,128,255,512,True,0.018801101399775512,CHEATING; fit on first half of this split; score second half only,64,5,5,567,composition_error,D_object_error,checkpoint_program_means,5,-0.7741051492623615,0.1244230559389668,-0.7,0.1881204043741873,ok,-1.0,0.8089509539719567,experiment_run,False,5,Cluster bootstrap by experiment; training-time checkpoints share a run. Few C1 models limit inference.,,,,,,,,,,,,,,
"[""/home/ubuntu/cogitao-research/checkpoints/cogitao_vit_cross_attention/cogitao_c1_experiment_1_vit6_function_mlp_cross_attention/run_000/last.ckpt"", ""/home/ubuntu/cogitao-research/checkpoints/cogitao_vit_cross_attention/cogitao_c1_experiment_2_vit6_function_mlp_cross_attention/run_000/last.ckpt"", ""/home/ubuntu/cogitao-research/checkpoints/cogitao_vit_cross_attention/cogitao_c1_experiment_3_vit6_function_mlp_cross_attention/run_000/last.ckpt"", ""/home/ubuntu/cogitao-research/checkpoints/cogitao_vit_cross_attention/cogitao_c1_experiment_4_vit6_function_mlp_cross_attention/run_000/last.ckpt"", ""/home/ubuntu/cogitao-research/checkpoints/cogitao_vit_cross_attention/cogitao_c1_experiment_5_vit6_function_mlp_cross_attention/run_000/last.ckpt""]","[""2bff05e8e2e5f390f6eb1f5cbf0ac8187832a8a365af10da7100cb8d732aa3f2"", ""35f91e02d5b826c89f6b24f52abf83581220b4b6676009c59b6715b0b2251589"", ""900674f94996e9b2f5190e7cd8bac4486d09332daaf131226f7f107123274de1"", ""9fc5e4f84cb131416f158af2b67349dc93c59e82f33086a7eeab2f7d6f335a7f"", ""c6578b6a655d823b9e27296aaf186e6b5b97bad640fb400cc5f2abaa6f308e6d""]","[""dfec9cbb2afe6616194c1fb41430c0c5d2bc4208""]","[1, 2, 3, 4, 5]",val_ood,"[""change_shape_color"", ""crop_bottom_side"", ""crop_contours"", ""extend_contours_same_color"", ""rot90""]","[""double_right"", ""pad_left"", ""pad_right"", ""rot90"", ""translate_up""]","[""double_right -> crop_contours"", ""pad_left -> extend_contours_same_color"", ""pad_right -> change_shape_color"", ""rot90 -> crop_bottom_side"", ""translate_up -> rot90""]","pair (f,g): fgx=f(g(x)); task-token order [g,f] means g -> f",567,5,5,image_input_tokens,42,"[71370, 78000]",256,256,0.01,2,"{""fixed_ranks"": [1, 2, 4, 8, 16, 32], ""variance_thresholds"": [0.9, 0.95]}",recorded_ood,0.023961875638089335,0.026949313037917304,val,0.0213846068541829,0.0312845920648602,0.022662177437949696,0.029858785476530588,1.0,0.02984473210187911,0.03166906092340201,0.03117339344931234,-0.002577268783906435,0.026074810326013494,-0.0008745027119038089,0.05066595796137319,0.0031129225752520324,128,128,255,512,True,0.018801101399775512,CHEATING; fit on first half of this split; score second half only,64,5,5,567,composition_error,D_nll,checkpoint_program_means,5,-0.3232042918940203,0.5957647634268328,-0.3,0.623837664781073,ok,-1.0,1.0,experiment_run,False,5,Cluster bootstrap by experiment; training-time checkpoints share a run. Few C1 models limit inference.,,,,,,,,,,,,,,
"[""/home/ubuntu/cogitao-research/checkpoints/cogitao_vit_cross_attention/cogitao_c1_experiment_1_vit6_function_mlp_cross_attention/run_000/last.ckpt"", ""/home/ubuntu/cogitao-research/checkpoints/cogitao_vit_cross_attention/cogitao_c1_experiment_2_vit6_function_mlp_cross_attention/run_000/last.ckpt"", ""/home/ubuntu/cogitao-research/checkpoints/cogitao_vit_cross_attention/cogitao_c1_experiment_3_vit6_function_mlp_cross_attention/run_000/last.ckpt"", ""/home/ubuntu/cogitao-research/checkpoints/cogitao_vit_cross_attention/cogitao_c1_experiment_4_vit6_function_mlp_cross_attention/run_000/last.ckpt"", ""/home/ubuntu/cogitao-research/checkpoints/cogitao_vit_cross_attention/cogitao_c1_experiment_5_vit6_function_mlp_cross_attention/run_000/last.ckpt""]","[""2bff05e8e2e5f390f6eb1f5cbf0ac8187832a8a365af10da7100cb8d732aa3f2"", ""35f91e02d5b826c89f6b24f52abf83581220b4b6676009c59b6715b0b2251589"", ""900674f94996e9b2f5190e7cd8bac4486d09332daaf131226f7f107123274de1"", ""9fc5e4f84cb131416f158af2b67349dc93c59e82f33086a7eeab2f7d6f335a7f"", ""c6578b6a655d823b9e27296aaf186e6b5b97bad640fb400cc5f2abaa6f308e6d""]","[""dfec9cbb2afe6616194c1fb41430c0c5d2bc4208""]","[1, 2, 3, 4, 5]",val_ood,"[""change_shape_color"", ""crop_bottom_side"", ""crop_contours"", ""extend_contours_same_color"", ""rot90""]","[""double_right"", ""pad_left"", ""pad_right"", ""rot90"", ""translate_up""]","[""double_right -> crop_contours"", ""pad_left -> extend_contours_same_color"", ""pad_right -> change_shape_color"", ""rot90 -> crop_bottom_side"", ""translate_up -> rot90""]","pair (f,g): fgx=f(g(x)); task-token order [g,f] means g -> f",567,5,5,image_input_tokens,42,"[71370, 78000]",256,256,0.01,2,"{""fixed_ranks"": [1, 2, 4, 8, 16, 32], ""variance_thresholds"": [0.9, 0.95]}",recorded_ood,0.023961875638089335,0.026949313037917304,val,0.0213846068541829,0.0312845920648602,0.022662177437949696,0.029858785476530588,1.0,0.02984473210187911,0.03166906092340201,0.03117339344931234,-0.002577268783906435,0.026074810326013494,-0.0008745027119038089,0.05066595796137319,0.0031129225752520324,128,128,255,512,True,0.018801101399775512,CHEATING; fit on first half of this split; score second half only,64,5,5,567,composition_error,D_confidence,checkpoint_program_means,5,0.7568240239973643,0.1385804828515082,0.8999999999999998,0.03738607346849874,ok,0.40120745446914463,1.0,experiment_run,False,5,Cluster bootstrap by experiment; training-time checkpoints share a run. Few C1 models limit inference.,,,,,,,,,,,,,,
"[""/home/ubuntu/cogitao-research/checkpoints/cogitao_vit_cross_attention/cogitao_c1_experiment_1_vit6_function_mlp_cross_attention/run_000/last.ckpt"", ""/home/ubuntu/cogitao-research/checkpoints/cogitao_vit_cross_attention/cogitao_c1_experiment_2_vit6_function_mlp_cross_attention/run_000/last.ckpt"", ""/home/ubuntu/cogitao-research/checkpoints/cogitao_vit_cross_attention/cogitao_c1_experiment_3_vit6_function_mlp_cross_attention/run_000/last.ckpt"", ""/home/ubuntu/cogitao-research/checkpoints/cogitao_vit_cross_attention/cogitao_c1_experiment_4_vit6_function_mlp_cross_attention/run_000/last.ckpt"", ""/home/ubuntu/cogitao-research/checkpoints/cogitao_vit_cross_attention/cogitao_c1_experiment_5_vit6_function_mlp_cross_attention/run_000/last.ckpt""]","[""2bff05e8e2e5f390f6eb1f5cbf0ac8187832a8a365af10da7100cb8d732aa3f2"", ""35f91e02d5b826c89f6b24f52abf83581220b4b6676009c59b6715b0b2251589"", ""900674f94996e9b2f5190e7cd8bac4486d09332daaf131226f7f107123274de1"", ""9fc5e4f84cb131416f158af2b67349dc93c59e82f33086a7eeab2f7d6f335a7f"", ""c6578b6a655d823b9e27296aaf186e6b5b97bad640fb400cc5f2abaa6f308e6d""]","[""dfec9cbb2afe6616194c1fb41430c0c5d2bc4208""]","[1, 2, 3, 4, 5]",val_ood,"[""change_shape_color"", ""crop_bottom_side"", ""crop_contours"", ""extend_contours_same_color"", ""rot90""]","[""double_right"", ""pad_left"", ""pad_right"", ""rot90"", ""translate_up""]","[""double_right -> crop_contours"", ""pad_left -> extend_contours_same_color"", ""pad_right -> change_shape_color"", ""rot90 -> crop_bottom_side"", ""translate_up -> rot90""]","pair (f,g): fgx=f(g(x)); task-token order [g,f] means g -> f",567,5,5,image_input_tokens,42,"[71370, 78000]",256,256,0.01,2,"{""fixed_ranks"": [1, 2, 4, 8, 16, 32], ""variance_thresholds"": [0.9, 0.95]}",recorded_ood,0.023961875638089335,0.026949313037917304,val,0.0213846068541829,0.0312845920648602,0.022662177437949696,0.029858785476530588,1.0,0.02984473210187911,0.03166906092340201,0.03117339344931234,-0.002577268783906435,0.026074810326013494,-0.0008745027119038089,0.05066595796137319,0.0031129225752520324,128,128,255,512,True,0.018801101399775512,CHEATING; fit on first half of this split; score second half only,64,5,5,567,composition_error,D_brier,checkpoint_program_means,5,-0.04567413131819151,0.9418661156355294,-0.19999999999999998,0.7470600781046621,ok,-1.0,0.9999999999999999,experiment_run,False,5,Cluster bootstrap by experiment; training-time checkpoints share a run. Few C1 models limit inference.,,,,,,,,,,,,,,
"[""/home/ubuntu/cogitao-research/checkpoints/cogitao_vit_cross_attention/cogitao_c1_experiment_1_vit6_function_mlp_cross_attention/run_000/last.ckpt"", ""/home/ubuntu/cogitao-research/checkpoints/cogitao_vit_cross_attention/cogitao_c1_experiment_2_vit6_function_mlp_cross_attention/run_000/last.ckpt"", ""/home/ubuntu/cogitao-research/checkpoints/cogitao_vit_cross_attention/cogitao_c1_experiment_3_vit6_function_mlp_cross_attention/run_000/last.ckpt"", ""/home/ubuntu/cogitao-research/checkpoints/cogitao_vit_cross_attention/cogitao_c1_experiment_4_vit6_function_mlp_cross_attention/run_000/last.ckpt"", ""/home/ubuntu/cogitao-research/checkpoints/cogitao_vit_cross_attention/cogitao_c1_experiment_5_vit6_function_mlp_cross_attention/run_000/last.ckpt""]","[""2bff05e8e2e5f390f6eb1f5cbf0ac8187832a8a365af10da7100cb8d732aa3f2"", ""35f91e02d5b826c89f6b24f52abf83581220b4b6676009c59b6715b0b2251589"", ""900674f94996e9b2f5190e7cd8bac4486d09332daaf131226f7f107123274de1"", ""9fc5e4f84cb131416f158af2b67349dc93c59e82f33086a7eeab2f7d6f335a7f"", ""c6578b6a655d823b9e27296aaf186e6b5b97bad640fb400cc5f2abaa6f308e6d""]","[""dfec9cbb2afe6616194c1fb41430c0c5d2bc4208""]","[1, 2, 3, 4, 5]",val_ood,"[""change_shape_color"", ""crop_bottom_side"", ""crop_contours"", ""extend_contours_same_color"", ""rot90""]","[""double_right"", ""pad_left"", ""pad_right"", ""rot90"", ""translate_up""]","[""double_right -> crop_contours"", ""pad_left -> extend_contours_same_color"", ""pad_right -> change_shape_color"", ""rot90 -> crop_bottom_side"", ""translate_up -> rot90""]","pair (f,g): fgx=f(g(x)); task-token order [g,f] means g -> f",567,5,5,image_input_tokens,42,"[71370, 78000]",256,256,0.01,2,"{""fixed_ranks"": [1, 2, 4, 8, 16, 32], ""variance_thresholds"": [0.9, 0.95]}",recorded_ood,0.023961875638089335,0.026949313037917304,val,0.0213846068541829,0.0312845920648602,0.022662177437949696,0.029858785476530588,1.0,0.02984473210187911,0.03166906092340201,0.03117339344931234,-0.002577268783906435,0.026074810326013494,-0.0008745027119038089,0.05066595796137319,0.0031129225752520324,128,128,255,512,True,0.018801101399775512,CHEATING; fit on first half of this split; score second half only,64,5,5,567,transfer_gap,D_object_error,checkpoint_program_means,5,-0.21664682928283036,0.7263299655457129,-0.19999999999999998,0.7470600781046621,ok,-1.0,0.9999999999999999,experiment_run,False,5,Cluster bootstrap by experiment; training-time checkpoints share a run. Few C1 models limit inference.,,,,,,,,,,,,,,
"[""/home/ubuntu/cogitao-research/checkpoints/cogitao_vit_cross_attention/cogitao_c1_experiment_1_vit6_function_mlp_cross_attention/run_000/last.ckpt"", ""/home/ubuntu/cogitao-research/checkpoints/cogitao_vit_cross_attention/cogitao_c1_experiment_2_vit6_function_mlp_cross_attention/run_000/last.ckpt"", ""/home/ubuntu/cogitao-research/checkpoints/cogitao_vit_cross_attention/cogitao_c1_experiment_3_vit6_function_mlp_cross_attention/run_000/last.ckpt"", ""/home/ubuntu/cogitao-research/checkpoints/cogitao_vit_cross_attention/cogitao_c1_experiment_4_vit6_function_mlp_cross_attention/run_000/last.ckpt"", ""/home/ubuntu/cogitao-research/checkpoints/cogitao_vit_cross_attention/cogitao_c1_experiment_5_vit6_function_mlp_cross_attention/run_000/last.ckpt""]","[""2bff05e8e2e5f390f6eb1f5cbf0ac8187832a8a365af10da7100cb8d732aa3f2"", ""35f91e02d5b826c89f6b24f52abf83581220b4b6676009c59b6715b0b2251589"", ""900674f94996e9b2f5190e7cd8bac4486d09332daaf131226f7f107123274de1"", ""9fc5e4f84cb131416f158af2b67349dc93c59e82f33086a7eeab2f7d6f335a7f"", ""c6578b6a655d823b9e27296aaf186e6b5b97bad640fb400cc5f2abaa6f308e6d""]","[""dfec9cbb2afe6616194c1fb41430c0c5d2bc4208""]","[1, 2, 3, 4, 5]",val_ood,"[""change_shape_color"", ""crop_bottom_side"", ""crop_contours"", ""extend_contours_same_color"", ""rot90""]","[""double_right"", ""pad_left"", ""pad_right"", ""rot90"", ""translate_up""]","[""double_right -> crop_contours"", ""pad_left -> extend_contours_same_color"", ""pad_right -> change_shape_color"", ""rot90 -> crop_bottom_side"", ""translate_up -> rot90""]","pair (f,g): fgx=f(g(x)); task-token order [g,f] means g -> f",567,5,5,image_input_tokens,42,"[71370, 78000]",256,256,0.01,2,"{""fixed_ranks"": [1, 2, 4, 8, 16, 32], ""variance_thresholds"": [0.9, 0.95]}",recorded_ood,0.023961875638089335,0.026949313037917304,val,0.0213846068541829,0.0312845920648602,0.022662177437949696,0.029858785476530588,1.0,0.02984473210187911,0.03166906092340201,0.03117339344931234,-0.002577268783906435,0.026074810326013494,-0.0008745027119038089,0.05066595796137319,0.0031129225752520324,128,128,255,512,True,0.018801101399775512,CHEATING; fit on first half of this split; score second half only,64,5,5,567,transfer_gap,D_nll,checkpoint_program_means,5,0.14486783903684242,0.8161957559228895,0.0,1.0,ok,-1.0,1.0,experiment_run,False,5,Cluster bootstrap by experiment; training-time checkpoints share a run. Few C1 models limit inference.,,,,,,,,,,,,,,
"[""/home/ubuntu/cogitao-research/checkpoints/cogitao_vit_cross_attention/cogitao_c1_experiment_1_vit6_function_mlp_cross_attention/run_000/last.ckpt"", ""/home/ubuntu/cogitao-research/checkpoints/cogitao_vit_cross_attention/cogitao_c1_experiment_2_vit6_function_mlp_cross_attention/run_000/last.ckpt"", ""/home/ubuntu/cogitao-research/checkpoints/cogitao_vit_cross_attention/cogitao_c1_experiment_3_vit6_function_mlp_cross_attention/run_000/last.ckpt"", ""/home/ubuntu/cogitao-research/checkpoints/cogitao_vit_cross_attention/cogitao_c1_experiment_4_vit6_function_mlp_cross_attention/run_000/last.ckpt"", ""/home/ubuntu/cogitao-research/checkpoints/cogitao_vit_cross_attention/cogitao_c1_experiment_5_vit6_function_mlp_cross_attention/run_000/last.ckpt""]","[""2bff05e8e2e5f390f6eb1f5cbf0ac8187832a8a365af10da7100cb8d732aa3f2"", ""35f91e02d5b826c89f6b24f52abf83581220b4b6676009c59b6715b0b2251589"", ""900674f94996e9b2f5190e7cd8bac4486d09332daaf131226f7f107123274de1"", ""9fc5e4f84cb131416f158af2b67349dc93c59e82f33086a7eeab2f7d6f335a7f"", ""c6578b6a655d823b9e27296aaf186e6b5b97bad640fb400cc5f2abaa6f308e6d""]","[""dfec9cbb2afe6616194c1fb41430c0c5d2bc4208""]","[1, 2, 3, 4, 5]",val_ood,"[""change_shape_color"", ""crop_bottom_side"", ""crop_contours"", ""extend_contours_same_color"", ""rot90""]","[""double_right"", ""pad_left"", ""pad_right"", ""rot90"", ""translate_up""]","[""double_right -> crop_contours"", ""pad_left -> extend_contours_same_color"", ""pad_right -> change_shape_color"", ""rot90 -> crop_bottom_side"", ""translate_up -> rot90""]","pair (f,g): fgx=f(g(x)); task-token order [g,f] means g -> f",567,5,5,image_input_tokens,42,"[71370, 78000]",256,256,0.01,2,"{""fixed_ranks"": [1, 2, 4, 8, 16, 32], ""variance_thresholds"": [0.9, 0.95]}",recorded_ood,0.023961875638089335,0.026949313037917304,val,0.0213846068541829,0.0312845920648602,0.022662177437949696,0.029858785476530588,1.0,0.02984473210187911,0.03166906092340201,0.03117339344931234,-0.002577268783906435,0.026074810326013494,-0.0008745027119038089,0.05066595796137319,0.0031129225752520324,128,128,255,512,True,0.018801101399775512,CHEATING; fit on first half of this split; score second half only,64,5,5,567,transfer_gap,D_confidence,checkpoint_program_means,5,0.977011692817721,0.004169568419038327,0.8999999999999998,0.03738607346849874,ok,0.7008848614651582,1.0,experiment_run,False,5,Cluster bootstrap by experiment; training-time checkpoints share a run. Few C1 models limit inference.,,,,,,,,,,,,,,
"[""/home/ubuntu/cogitao-research/checkpoints/cogitao_vit_cross_attention/cogitao_c1_experiment_1_vit6_function_mlp_cross_attention/run_000/last.ckpt"", ""/home/ubuntu/cogitao-research/checkpoints/cogitao_vit_cross_attention/cogitao_c1_experiment_2_vit6_function_mlp_cross_attention/run_000/last.ckpt"", ""/home/ubuntu/cogitao-research/checkpoints/cogitao_vit_cross_attention/cogitao_c1_experiment_3_vit6_function_mlp_cross_attention/run_000/last.ckpt"", ""/home/ubuntu/cogitao-research/checkpoints/cogitao_vit_cross_attention/cogitao_c1_experiment_4_vit6_function_mlp_cross_attention/run_000/last.ckpt"", ""/home/ubuntu/cogitao-research/checkpoints/cogitao_vit_cross_attention/cogitao_c1_experiment_5_vit6_function_mlp_cross_attention/run_000/last.ckpt""]","[""2bff05e8e2e5f390f6eb1f5cbf0ac8187832a8a365af10da7100cb8d732aa3f2"", ""35f91e02d5b826c89f6b24f52abf83581220b4b6676009c59b6715b0b2251589"", ""900674f94996e9b2f5190e7cd8bac4486d09332daaf131226f7f107123274de1"", ""9fc5e4f84cb131416f158af2b67349dc93c59e82f33086a7eeab2f7d6f335a7f"", ""c6578b6a655d823b9e27296aaf186e6b5b97bad640fb400cc5f2abaa6f308e6d""]","[""dfec9cbb2afe6616194c1fb41430c0c5d2bc4208""]","[1, 2, 3, 4, 5]",val_ood,"[""change_shape_color"", ""crop_bottom_side"", ""crop_contours"", ""extend_contours_same_color"", ""rot90""]","[""double_right"", ""pad_left"", ""pad_right"", ""rot90"", ""translate_up""]","[""double_right -> crop_contours"", ""pad_left -> extend_contours_same_color"", ""pad_right -> change_shape_color"", ""rot90 -> crop_bottom_side"", ""translate_up -> rot90""]","pair (f,g): fgx=f(g(x)); task-token order [g,f] means g -> f",567,5,5,image_input_tokens,42,"[71370, 78000]",256,256,0.01,2,"{""fixed_ranks"": [1, 2, 4, 8, 16, 32], ""variance_thresholds"": [0.9, 0.95]}",recorded_ood,0.023961875638089335,0.026949313037917304,val,0.0213846068541829,0.0312845920648602,0.022662177437949696,0.029858785476530588,1.0,0.02984473210187911,0.03166906092340201,0.03117339344931234,-0.002577268783906435,0.026074810326013494,-0.0008745027119038089,0.05066595796137319,0.0031129225752520324,128,128,255,512,True,0.018801101399775512,CHEATING; fit on first half of this split; score second half only,64,5,5,567,transfer_gap,D_brier,checkpoint_program_means,5,0.37930676382970663,0.5288959598319245,0.19999999999999998,0.7470600781046621,ok,-0.9999999999999999,1.0,experiment_run,False,5,Cluster bootstrap by experiment; training-time checkpoints share a run. Few C1 models limit inference.,,,,,,,,,,,,,,
"[""/home/ubuntu/cogitao-research/checkpoints/cogitao_vit_cross_attention/cogitao_c1_experiment_1_vit6_function_mlp_cross_attention/run_000/last.ckpt"", ""/home/ubuntu/cogitao-research/checkpoints/cogitao_vit_cross_attention/cogitao_c1_experiment_2_vit6_function_mlp_cross_attention/run_000/last.ckpt"", ""/home/ubuntu/cogitao-research/checkpoints/cogitao_vit_cross_attention/cogitao_c1_experiment_3_vit6_function_mlp_cross_attention/run_000/last.ckpt"", ""/home/ubuntu/cogitao-research/checkpoints/cogitao_vit_cross_attention/cogitao_c1_experiment_4_vit6_function_mlp_cross_attention/run_000/last.ckpt"", ""/home/ubuntu/cogitao-research/checkpoints/cogitao_vit_cross_attention/cogitao_c1_experiment_5_vit6_function_mlp_cross_attention/run_000/last.ckpt""]","[""2bff05e8e2e5f390f6eb1f5cbf0ac8187832a8a365af10da7100cb8d732aa3f2"", ""35f91e02d5b826c89f6b24f52abf83581220b4b6676009c59b6715b0b2251589"", ""900674f94996e9b2f5190e7cd8bac4486d09332daaf131226f7f107123274de1"", ""9fc5e4f84cb131416f158af2b67349dc93c59e82f33086a7eeab2f7d6f335a7f"", ""c6578b6a655d823b9e27296aaf186e6b5b97bad640fb400cc5f2abaa6f308e6d""]","[""dfec9cbb2afe6616194c1fb41430c0c5d2bc4208""]","[1, 2, 3, 4, 5]",val_ood,"[""change_shape_color"", ""crop_bottom_side"", ""crop_contours"", ""extend_contours_same_color"", ""rot90""]","[""double_right"", ""pad_left"", ""pad_right"", ""rot90"", ""translate_up""]","[""double_right -> crop_contours"", ""pad_left -> extend_contours_same_color"", ""pad_right -> change_shape_color"", ""rot90 -> crop_bottom_side"", ""translate_up -> rot90""]","pair (f,g): fgx=f(g(x)); task-token order [g,f] means g -> f",567,5,5,image_block_01,42,"[71370, 78000]",256,256,0.01,2,"{""fixed_ranks"": [1, 2, 4, 8, 16, 32], ""variance_thresholds"": [0.9, 0.95]}",recorded_ood,0.10074327956160596,0.04293304680841399,val,0.10409552774094849,0.10321465233952504,0.10637586664538616,0.14629602436171982,1.0,0.09211551231790555,0.14867857502763349,0.1061310517995115,0.0033522481793425256,0.041093653511423814,-0.0018393932969901737,0.1454189622335643,0.03420647538332393,128,128,255,512,True,0.052256869999475514,CHEATING; fit on first half of this split; score second half only,64,5,5,567,context_error,D_object_error,checkpoint_program_means,5,0.5690764750084334,0.3167000066409268,0.39999999999999997,0.5046315754686912,ok,-0.6420230645227823,1.0,experiment_run,False,5,Cluster bootstrap by experiment; training-time checkpoints share a run. Few C1 models limit inference.,,,,,,,,,,,,,,
"[""/home/ubuntu/cogitao-research/checkpoints/cogitao_vit_cross_attention/cogitao_c1_experiment_1_vit6_function_mlp_cross_attention/run_000/last.ckpt"", ""/home/ubuntu/cogitao-research/checkpoints/cogitao_vit_cross_attention/cogitao_c1_experiment_2_vit6_function_mlp_cross_attention/run_000/last.ckpt"", ""/home/ubuntu/cogitao-research/checkpoints/cogitao_vit_cross_attention/cogitao_c1_experiment_3_vit6_function_mlp_cross_attention/run_000/last.ckpt"", ""/home/ubuntu/cogitao-research/checkpoints/cogitao_vit_cross_attention/cogitao_c1_experiment_4_vit6_function_mlp_cross_attention/run_000/last.ckpt"", ""/home/ubuntu/cogitao-research/checkpoints/cogitao_vit_cross_attention/cogitao_c1_experiment_5_vit6_function_mlp_cross_attention/run_000/last.ckpt""]","[""2bff05e8e2e5f390f6eb1f5cbf0ac8187832a8a365af10da7100cb8d732aa3f2"", ""35f91e02d5b826c89f6b24f52abf83581220b4b6676009c59b6715b0b2251589"", ""900674f94996e9b2f5190e7cd8bac4486d09332daaf131226f7f107123274de1"", ""9fc5e4f84cb131416f158af2b67349dc93c59e82f33086a7eeab2f7d6f335a7f"", ""c6578b6a655d823b9e27296aaf186e6b5b97bad640fb400cc5f2abaa6f308e6d""]","[""dfec9cbb2afe6616194c1fb41430c0c5d2bc4208""]","[1, 2, 3, 4, 5]",val_ood,"[""change_shape_color"", ""crop_bottom_side"", ""crop_contours"", ""extend_contours_same_color"", ""rot90""]","[""double_right"", ""pad_left"", ""pad_right"", ""rot90"", ""translate_up""]","[""double_right -> crop_contours"", ""pad_left -> extend_contours_same_color"", ""pad_right -> change_shape_color"", ""rot90 -> crop_bottom_side"", ""translate_up -> rot90""]","pair (f,g): fgx=f(g(x)); task-token order [g,f] means g -> f",567,5,5,image_block_01,42,"[71370, 78000]",256,256,0.01,2,"{""fixed_ranks"": [1, 2, 4, 8, 16, 32], ""variance_thresholds"": [0.9, 0.95]}",recorded_ood,0.10074327956160596,0.04293304680841399,val,0.10409552774094849,0.10321465233952504,0.10637586664538616,0.14629602436171982,1.0,0.09211551231790555,0.14867857502763349,0.1061310517995115,0.0033522481793425256,0.041093653511423814,-0.0018393932969901737,0.1454189622335643,0.03420647538332393,128,128,255,512,True,0.052256869999475514,CHEATING; fit on first half of this split; score second half only,64,5,5,567,context_error,D_nll,checkpoint_program_means,5,0.6285403849497333,0.2560847391944751,0.8999999999999998,0.03738607346849874,ok,-0.2904289094750232,1.0,experiment_run,False,5,Cluster bootstrap by experiment; training-time checkpoints share a run. Few C1 models limit inference.,,,,,,,,,,,,,,
"[""/home/ubuntu/cogitao-research/checkpoints/cogitao_vit_cross_attention/cogitao_c1_experiment_1_vit6_function_mlp_cross_attention/run_000/last.ckpt"", ""/home/ubuntu/cogitao-research/checkpoints/cogitao_vit_cross_attention/cogitao_c1_experiment_2_vit6_function_mlp_cross_attention/run_000/last.ckpt"", ""/home/ubuntu/cogitao-research/checkpoints/cogitao_vit_cross_attention/cogitao_c1_experiment_3_vit6_function_mlp_cross_attention/run_000/last.ckpt"", ""/home/ubuntu/cogitao-research/checkpoints/cogitao_vit_cross_attention/cogitao_c1_experiment_4_vit6_function_mlp_cross_attention/run_000/last.ckpt"", ""/home/ubuntu/cogitao-research/checkpoints/cogitao_vit_cross_attention/cogitao_c1_experiment_5_vit6_function_mlp_cross_attention/run_000/last.ckpt""]","[""2bff05e8e2e5f390f6eb1f5cbf0ac8187832a8a365af10da7100cb8d732aa3f2"", ""35f91e02d5b826c89f6b24f52abf83581220b4b6676009c59b6715b0b2251589"", ""900674f94996e9b2f5190e7cd8bac4486d09332daaf131226f7f107123274de1"", ""9fc5e4f84cb131416f158af2b67349dc93c59e82f33086a7eeab2f7d6f335a7f"", ""c6578b6a655d823b9e27296aaf186e6b5b97bad640fb400cc5f2abaa6f308e6d""]","[""dfec9cbb2afe6616194c1fb41430c0c5d2bc4208""]","[1, 2, 3, 4, 5]",val_ood,"[""change_shape_color"", ""crop_bottom_side"", ""crop_contours"", ""extend_contours_same_color"", ""rot90""]","[""double_right"", ""pad_left"", ""pad_right"", ""rot90"", ""translate_up""]","[""double_right -> crop_contours"", ""pad_left -> extend_contours_same_color"", ""pad_right -> change_shape_color"", ""rot90 -> crop_bottom_side"", ""translate_up -> rot90""]","pair (f,g): fgx=f(g(x)); task-token order [g,f] means g -> f",567,5,5,image_block_01,42,"[71370, 78000]",256,256,0.01,2,"{""fixed_ranks"": [1, 2, 4, 8, 16, 32], ""variance_thresholds"": [0.9, 0.95]}",recorded_ood,0.10074327956160596,0.04293304680841399,val,0.10409552774094849,0.10321465233952504,0.10637586664538616,0.14629602436171982,1.0,0.09211551231790555,0.14867857502763349,0.1061310517995115,0.0033522481793425256,0.041093653511423814,-0.0018393932969901737,0.1454189622335643,0.03420647538332393,128,128,255,512,True,0.052256869999475514,CHEATING; fit on first half of this split; score second half only,64,5,5,567,context_error,D_confidence,checkpoint_program_means,5,0.31065628228261283,0.6109176491438328,0.3,0.623837664781073,ok,-0.9999999999999999,1.0,experiment_run,False,5,Cluster bootstrap by experiment; training-time checkpoints share a run. Few C1 models limit inference.,,,,,,,,,,,,,,
"[""/home/ubuntu/cogitao-research/checkpoints/cogitao_vit_cross_attention/cogitao_c1_experiment_1_vit6_function_mlp_cross_attention/run_000/last.ckpt"", ""/home/ubuntu/cogitao-research/checkpoints/cogitao_vit_cross_attention/cogitao_c1_experiment_2_vit6_function_mlp_cross_attention/run_000/last.ckpt"", ""/home/ubuntu/cogitao-research/checkpoints/cogitao_vit_cross_attention/cogitao_c1_experiment_3_vit6_function_mlp_cross_attention/run_000/last.ckpt"", ""/home/ubuntu/cogitao-research/checkpoints/cogitao_vit_cross_attention/cogitao_c1_experiment_4_vit6_function_mlp_cross_attention/run_000/last.ckpt"", ""/home/ubuntu/cogitao-research/checkpoints/cogitao_vit_cross_attention/cogitao_c1_experiment_5_vit6_function_mlp_cross_attention/run_000/last.ckpt""]","[""2bff05e8e2e5f390f6eb1f5cbf0ac8187832a8a365af10da7100cb8d732aa3f2"", ""35f91e02d5b826c89f6b24f52abf83581220b4b6676009c59b6715b0b2251589"", ""900674f94996e9b2f5190e7cd8bac4486d09332daaf131226f7f107123274de1"", ""9fc5e4f84cb131416f158af2b67349dc93c59e82f33086a7eeab2f7d6f335a7f"", ""c6578b6a655d823b9e27296aaf186e6b5b97bad640fb400cc5f2abaa6f308e6d""]","[""dfec9cbb2afe6616194c1fb41430c0c5d2bc4208""]","[1, 2, 3, 4, 5]",val_ood,"[""change_shape_color"", ""crop_bottom_side"", ""crop_contours"", ""extend_contours_same_color"", ""rot90""]","[""double_right"", ""pad_left"", ""pad_right"", ""rot90"", ""translate_up""]","[""double_right -> crop_contours"", ""pad_left -> extend_contours_same_color"", ""pad_right -> change_shape_color"", ""rot90 -> crop_bottom_side"", ""translate_up -> rot90""]","pair (f,g): fgx=f(g(x)); task-token order [g,f] means g -> f",567,5,5,image_block_01,42,"[71370, 78000]",256,256,0.01,2,"{""fixed_ranks"": [1, 2, 4, 8, 16, 32], ""variance_thresholds"": [0.9, 0.95]}",recorded_ood,0.10074327956160596,0.04293304680841399,val,0.10409552774094849,0.10321465233952504,0.10637586664538616,0.14629602436171982,1.0,0.09211551231790555,0.14867857502763349,0.1061310517995115,0.0033522481793425256,0.041093653511423814,-0.0018393932969901737,0.1454189622335643,0.03420647538332393,128,128,255,512,True,0.052256869999475514,CHEATING; fit on first half of this split; score second half only,64,5,5,567,context_error,D_brier,checkpoint_program_means,5,0.1970171228938425,0.7507824119334366,0.49999999999999994,0.3910022189557703,ok,-0.7738449452117332,0.9999999999999999,experiment_run,False,5,Cluster bootstrap by experiment; training-time checkpoints share a run. Few C1 models limit inference.,,,,,,,,,,,,,,
"[""/home/ubuntu/cogitao-research/checkpoints/cogitao_vit_cross_attention/cogitao_c1_experiment_1_vit6_function_mlp_cross_attention/run_000/last.ckpt"", ""/home/ubuntu/cogitao-research/checkpoints/cogitao_vit_cross_attention/cogitao_c1_experiment_2_vit6_function_mlp_cross_attention/run_000/last.ckpt"", ""/home/ubuntu/cogitao-research/checkpoints/cogitao_vit_cross_attention/cogitao_c1_experiment_3_vit6_function_mlp_cross_attention/run_000/last.ckpt"", ""/home/ubuntu/cogitao-research/checkpoints/cogitao_vit_cross_attention/cogitao_c1_experiment_4_vit6_function_mlp_cross_attention/run_000/last.ckpt"", ""/home/ubuntu/cogitao-research/checkpoints/cogitao_vit_cross_attention/cogitao_c1_experiment_5_vit6_function_mlp_cross_attention/run_000/last.ckpt""]","[""2bff05e8e2e5f390f6eb1f5cbf0ac8187832a8a365af10da7100cb8d732aa3f2"", ""35f91e02d5b826c89f6b24f52abf83581220b4b6676009c59b6715b0b2251589"", ""900674f94996e9b2f5190e7cd8bac4486d09332daaf131226f7f107123274de1"", ""9fc5e4f84cb131416f158af2b67349dc93c59e82f33086a7eeab2f7d6f335a7f"", ""c6578b6a655d823b9e27296aaf186e6b5b97bad640fb400cc5f2abaa6f308e6d""]","[""dfec9cbb2afe6616194c1fb41430c0c5d2bc4208""]","[1, 2, 3, 4, 5]",val_ood,"[""change_shape_color"", ""crop_bottom_side"", ""crop_contours"", ""extend_contours_same_color"", ""rot90""]","[""double_right"", ""pad_left"", ""pad_right"", ""rot90"", ""translate_up""]","[""double_right -> crop_contours"", ""pad_left -> extend_contours_same_color"", ""pad_right -> change_shape_color"", ""rot90 -> crop_bottom_side"", ""translate_up -> rot90""]","pair (f,g): fgx=f(g(x)); task-token order [g,f] means g -> f",567,5,5,image_block_01,42,"[71370, 78000]",256,256,0.01,2,"{""fixed_ranks"": [1, 2, 4, 8, 16, 32], ""variance_thresholds"": [0.9, 0.95]}",recorded_ood,0.10074327956160596,0.04293304680841399,val,0.10409552774094849,0.10321465233952504,0.10637586664538616,0.14629602436171982,1.0,0.09211551231790555,0.14867857502763349,0.1061310517995115,0.0033522481793425256,0.041093653511423814,-0.0018393932969901737,0.1454189622335643,0.03420647538332393,128,128,255,512,True,0.052256869999475514,CHEATING; fit on first half of this split; score second half only,64,5,5,567,composition_error,D_object_error,checkpoint_program_means,5,0.23892915689958677,0.698705706060967,0.09999999999999999,0.8728885715695384,ok,-1.0,1.0,experiment_run,False,5,Cluster bootstrap by experiment; training-time checkpoints share a run. Few C1 models limit inference.,,,,,,,,,,,,,,
"[""/home/ubuntu/cogitao-research/checkpoints/cogitao_vit_cross_attention/cogitao_c1_experiment_1_vit6_function_mlp_cross_attention/run_000/last.ckpt"", ""/home/ubuntu/cogitao-research/checkpoints/cogitao_vit_cross_attention/cogitao_c1_experiment_2_vit6_function_mlp_cross_attention/run_000/last.ckpt"", ""/home/ubuntu/cogitao-research/checkpoints/cogitao_vit_cross_attention/cogitao_c1_experiment_3_vit6_function_mlp_cross_attention/run_000/last.ckpt"", ""/home/ubuntu/cogitao-research/checkpoints/cogitao_vit_cross_attention/cogitao_c1_experiment_4_vit6_function_mlp_cross_attention/run_000/last.ckpt"", ""/home/ubuntu/cogitao-research/checkpoints/cogitao_vit_cross_attention/cogitao_c1_experiment_5_vit6_function_mlp_cross_attention/run_000/last.ckpt""]","[""2bff05e8e2e5f390f6eb1f5cbf0ac8187832a8a365af10da7100cb8d732aa3f2"", ""35f91e02d5b826c89f6b24f52abf83581220b4b6676009c59b6715b0b2251589"", ""900674f94996e9b2f5190e7cd8bac4486d09332daaf131226f7f107123274de1"", ""9fc5e4f84cb131416f158af2b67349dc93c59e82f33086a7eeab2f7d6f335a7f"", ""c6578b6a655d823b9e27296aaf186e6b5b97bad640fb400cc5f2abaa6f308e6d""]","[""dfec9cbb2afe6616194c1fb41430c0c5d2bc4208""]","[1, 2, 3, 4, 5]",val_ood,"[""change_shape_color"", ""crop_bottom_side"", ""crop_contours"", ""extend_contours_same_color"", ""rot90""]","[""double_right"", ""pad_left"", ""pad_right"", ""rot90"", ""translate_up""]","[""double_right -> crop_contours"", ""pad_left -> extend_contours_same_color"", ""pad_right -> change_shape_color"", ""rot90 -> crop_bottom_side"", ""translate_up -> rot90""]","pair (f,g): fgx=f(g(x)); task-token order [g,f] means g -> f",567,5,5,image_block_01,42,"[71370, 78000]",256,256,0.01,2,"{""fixed_ranks"": [1, 2, 4, 8, 16, 32], ""variance_thresholds"": [0.9, 0.95]}",recorded_ood,0.10074327956160596,0.04293304680841399,val,0.10409552774094849,0.10321465233952504,0.10637586664538616,0.14629602436171982,1.0,0.09211551231790555,0.14867857502763349,0.1061310517995115,0.0033522481793425256,0.041093653511423814,-0.0018393932969901737,0.1454189622335643,0.03420647538332393,128,128,255,512,True,0.052256869999475514,CHEATING; fit on first half of this split; score second half only,64,5,5,567,composition_error,D_nll,checkpoint_program_means,5,-0.16725719602230393,0.7880386504297595,0.39999999999999997,0.5046315754686912,ok,-1.0,1.0,experiment_run,False,5,Cluster bootstrap by experiment; training-time checkpoints share a run. Few C1 models limit inference.,,,,,,,,,,,,,,
"[""/home/ubuntu/cogitao-research/checkpoints/cogitao_vit_cross_attention/cogitao_c1_experiment_1_vit6_function_mlp_cross_attention/run_000/last.ckpt"", ""/home/ubuntu/cogitao-research/checkpoints/cogitao_vit_cross_attention/cogitao_c1_experiment_2_vit6_function_mlp_cross_attention/run_000/last.ckpt"", ""/home/ubuntu/cogitao-research/checkpoints/cogitao_vit_cross_attention/cogitao_c1_experiment_3_vit6_function_mlp_cross_attention/run_000/last.ckpt"", ""/home/ubuntu/cogitao-research/checkpoints/cogitao_vit_cross_attention/cogitao_c1_experiment_4_vit6_function_mlp_cross_attention/run_000/last.ckpt"", ""/home/ubuntu/cogitao-research/checkpoints/cogitao_vit_cross_attention/cogitao_c1_experiment_5_vit6_function_mlp_cross_attention/run_000/last.ckpt""]","[""2bff05e8e2e5f390f6eb1f5cbf0ac8187832a8a365af10da7100cb8d732aa3f2"", ""35f91e02d5b826c89f6b24f52abf83581220b4b6676009c59b6715b0b2251589"", ""900674f94996e9b2f5190e7cd8bac4486d09332daaf131226f7f107123274de1"", ""9fc5e4f84cb131416f158af2b67349dc93c59e82f33086a7eeab2f7d6f335a7f"", ""c6578b6a655d823b9e27296aaf186e6b5b97bad640fb400cc5f2abaa6f308e6d""]","[""dfec9cbb2afe6616194c1fb41430c0c5d2bc4208""]","[1, 2, 3, 4, 5]",val_ood,"[""change_shape_color"", ""crop_bottom_side"", ""crop_contours"", ""extend_contours_same_color"", ""rot90""]","[""double_right"", ""pad_left"", ""pad_right"", ""rot90"", ""translate_up""]","[""double_right -> crop_contours"", ""pad_left -> extend_contours_same_color"", ""pad_right -> change_shape_color"", ""rot90 -> crop_bottom_side"", ""translate_up -> rot90""]","pair (f,g): fgx=f(g(x)); task-token order [g,f] means g -> f",567,5,5,image_block_01,42,"[71370, 78000]",256,256,0.01,2,"{""fixed_ranks"": [1, 2, 4, 8, 16, 32], ""variance_thresholds"": [0.9, 0.95]}",recorded_ood,0.10074327956160596,0.04293304680841399,val,0.10409552774094849,0.10321465233952504,0.10637586664538616,0.14629602436171982,1.0,0.09211551231790555,0.14867857502763349,0.1061310517995115,0.0033522481793425256,0.041093653511423814,-0.0018393932969901737,0.1454189622335643,0.03420647538332393,128,128,255,512,True,0.052256869999475514,CHEATING; fit on first half of this split; score second half only,64,5,5,567,composition_error,D_confidence,checkpoint_program_means,5,0.10067180084263733,0.8720375246750985,0.19999999999999998,0.7470600781046621,ok,-0.9999999999999999,1.0,experiment_run,False,5,Cluster bootstrap by experiment; training-time checkpoints share a run. Few C1 models limit inference.,,,,,,,,,,,,,,
"[""/home/ubuntu/cogitao-research/checkpoints/cogitao_vit_cross_attention/cogitao_c1_experiment_1_vit6_function_mlp_cross_attention/run_000/last.ckpt"", ""/home/ubuntu/cogitao-research/checkpoints/cogitao_vit_cross_attention/cogitao_c1_experiment_2_vit6_function_mlp_cross_attention/run_000/last.ckpt"", ""/home/ubuntu/cogitao-research/checkpoints/cogitao_vit_cross_attention/cogitao_c1_experiment_3_vit6_function_mlp_cross_attention/run_000/last.ckpt"", ""/home/ubuntu/cogitao-research/checkpoints/cogitao_vit_cross_attention/cogitao_c1_experiment_4_vit6_function_mlp_cross_attention/run_000/last.ckpt"", ""/home/ubuntu/cogitao-research/checkpoints/cogitao_vit_cross_attention/cogitao_c1_experiment_5_vit6_function_mlp_cross_attention/run_000/last.ckpt""]","[""2bff05e8e2e5f390f6eb1f5cbf0ac8187832a8a365af10da7100cb8d732aa3f2"", ""35f91e02d5b826c89f6b24f52abf83581220b4b6676009c59b6715b0b2251589"", ""900674f94996e9b2f5190e7cd8bac4486d09332daaf131226f7f107123274de1"", ""9fc5e4f84cb131416f158af2b67349dc93c59e82f33086a7eeab2f7d6f335a7f"", ""c6578b6a655d823b9e27296aaf186e6b5b97bad640fb400cc5f2abaa6f308e6d""]","[""dfec9cbb2afe6616194c1fb41430c0c5d2bc4208""]","[1, 2, 3, 4, 5]",val_ood,"[""change_shape_color"", ""crop_bottom_side"", ""crop_contours"", ""extend_contours_same_color"", ""rot90""]","[""double_right"", ""pad_left"", ""pad_right"", ""rot90"", ""translate_up""]","[""double_right -> crop_contours"", ""pad_left -> extend_contours_same_color"", ""pad_right -> change_shape_color"", ""rot90 -> crop_bottom_side"", ""translate_up -> rot90""]","pair (f,g): fgx=f(g(x)); task-token order [g,f] means g -> f",567,5,5,image_block_01,42,"[71370, 78000]",256,256,0.01,2,"{""fixed_ranks"": [1, 2, 4, 8, 16, 32], ""variance_thresholds"": [0.9, 0.95]}",recorded_ood,0.10074327956160596,0.04293304680841399,val,0.10409552774094849,0.10321465233952504,0.10637586664538616,0.14629602436171982,1.0,0.09211551231790555,0.14867857502763349,0.1061310517995115,0.0033522481793425256,0.041093653511423814,-0.0018393932969901737,0.1454189622335643,0.03420647538332393,128,128,255,512,True,0.052256869999475514,CHEATING; fit on first half of this split; score second half only,64,5,5,567,composition_error,D_brier,checkpoint_program_means,5,-0.4228783365502929,0.4780826102816614,-0.09999999999999999,0.8728885715695384,ok,-1.0,1.0,experiment_run,False,5,Cluster bootstrap by experiment; training-time checkpoints share a run. Few C1 models limit inference.,,,,,,,,,,,,,,
"[""/home/ubuntu/cogitao-research/checkpoints/cogitao_vit_cross_attention/cogitao_c1_experiment_1_vit6_function_mlp_cross_attention/run_000/last.ckpt"", ""/home/ubuntu/cogitao-research/checkpoints/cogitao_vit_cross_attention/cogitao_c1_experiment_2_vit6_function_mlp_cross_attention/run_000/last.ckpt"", ""/home/ubuntu/cogitao-research/checkpoints/cogitao_vit_cross_attention/cogitao_c1_experiment_3_vit6_function_mlp_cross_attention/run_000/last.ckpt"", ""/home/ubuntu/cogitao-research/checkpoints/cogitao_vit_cross_attention/cogitao_c1_experiment_4_vit6_function_mlp_cross_attention/run_000/last.ckpt"", ""/home/ubuntu/cogitao-research/checkpoints/cogitao_vit_cross_attention/cogitao_c1_experiment_5_vit6_function_mlp_cross_attention/run_000/last.ckpt""]","[""2bff05e8e2e5f390f6eb1f5cbf0ac8187832a8a365af10da7100cb8d732aa3f2"", ""35f91e02d5b826c89f6b24f52abf83581220b4b6676009c59b6715b0b2251589"", ""900674f94996e9b2f5190e7cd8bac4486d09332daaf131226f7f107123274de1"", ""9fc5e4f84cb131416f158af2b67349dc93c59e82f33086a7eeab2f7d6f335a7f"", ""c6578b6a655d823b9e27296aaf186e6b5b97bad640fb400cc5f2abaa6f308e6d""]","[""dfec9cbb2afe6616194c1fb41430c0c5d2bc4208""]","[1, 2, 3, 4, 5]",val_ood,"[""change_shape_color"", ""crop_bottom_side"", ""crop_contours"", ""extend_contours_same_color"", ""rot90""]","[""double_right"", ""pad_left"", ""pad_right"", ""rot90"", ""translate_up""]","[""double_right -> crop_contours"", ""pad_left -> extend_contours_same_color"", ""pad_right -> change_shape_color"", ""rot90 -> crop_bottom_side"", ""translate_up -> rot90""]","pair (f,g): fgx=f(g(x)); task-token order [g,f] means g -> f",567,5,5,image_block_01,42,"[71370, 78000]",256,256,0.01,2,"{""fixed_ranks"": [1, 2, 4, 8, 16, 32], ""variance_thresholds"": [0.9, 0.95]}",recorded_ood,0.10074327956160596,0.04293304680841399,val,0.10409552774094849,0.10321465233952504,0.10637586664538616,0.14629602436171982,1.0,0.09211551231790555,0.14867857502763349,0.1061310517995115,0.0033522481793425256,0.041093653511423814,-0.0018393932969901737,0.1454189622335643,0.03420647538332393,128,128,255,512,True,0.052256869999475514,CHEATING; fit on first half of this split; score second half only,64,5,5,567,transfer_gap,D_object_error,checkpoint_program_means,5,0.2531643482257501,0.681138259166827,0.0,1.0,ok,-1.0,1.0,experiment_run,False,5,Cluster bootstrap by experiment; training-time checkpoints share a run. Few C1 models limit inference.,,,,,,,,,,,,,,
"[""/home/ubuntu/cogitao-research/checkpoints/cogitao_vit_cross_attention/cogitao_c1_experiment_1_vit6_function_mlp_cross_attention/run_000/last.ckpt"", ""/home/ubuntu/cogitao-research/checkpoints/cogitao_vit_cross_attention/cogitao_c1_experiment_2_vit6_function_mlp_cross_attention/run_000/last.ckpt"", ""/home/ubuntu/cogitao-research/checkpoints/cogitao_vit_cross_attention/cogitao_c1_experiment_3_vit6_function_mlp_cross_attention/run_000/last.ckpt"", ""/home/ubuntu/cogitao-research/checkpoints/cogitao_vit_cross_attention/cogitao_c1_experiment_4_vit6_function_mlp_cross_attention/run_000/last.ckpt"", ""/home/ubuntu/cogitao-research/checkpoints/cogitao_vit_cross_attention/cogitao_c1_experiment_5_vit6_function_mlp_cross_attention/run_000/last.ckpt""]","[""2bff05e8e2e5f390f6eb1f5cbf0ac8187832a8a365af10da7100cb8d732aa3f2"", ""35f91e02d5b826c89f6b24f52abf83581220b4b6676009c59b6715b0b2251589"", ""900674f94996e9b2f5190e7cd8bac4486d09332daaf131226f7f107123274de1"", ""9fc5e4f84cb131416f158af2b67349dc93c59e82f33086a7eeab2f7d6f335a7f"", ""c6578b6a655d823b9e27296aaf186e6b5b97bad640fb400cc5f2abaa6f308e6d""]","[""dfec9cbb2afe6616194c1fb41430c0c5d2bc4208""]","[1, 2, 3, 4, 5]",val_ood,"[""change_shape_color"", ""crop_bottom_side"", ""crop_contours"", ""extend_contours_same_color"", ""rot90""]","[""double_right"", ""pad_left"", ""pad_right"", ""rot90"", ""translate_up""]","[""double_right -> crop_contours"", ""pad_left -> extend_contours_same_color"", ""pad_right -> change_shape_color"", ""rot90 -> crop_bottom_side"", ""translate_up -> rot90""]","pair (f,g): fgx=f(g(x)); task-token order [g,f] means g -> f",567,5,5,image_block_01,42,"[71370, 78000]",256,256,0.01,2,"{""fixed_ranks"": [1, 2, 4, 8, 16, 32], ""variance_thresholds"": [0.9, 0.95]}",recorded_ood,0.10074327956160596,0.04293304680841399,val,0.10409552774094849,0.10321465233952504,0.10637586664538616,0.14629602436171982,1.0,0.09211551231790555,0.14867857502763349,0.1061310517995115,0.0033522481793425256,0.041093653511423814,-0.0018393932969901737,0.1454189622335643,0.03420647538332393,128,128,255,512,True,0.052256869999475514,CHEATING; fit on first half of this split; score second half only,64,5,5,567,transfer_gap,D_nll,checkpoint_program_means,5,0.5727179555084845,0.3128933638030238,0.39999999999999997,0.5046315754686912,ok,-0.9026612187810494,1.0,experiment_run,False,5,Cluster bootstrap by experiment; training-time checkpoints share a run. Few C1 models limit inference.,,,,,,,,,,,,,,
"[""/home/ubuntu/cogitao-research/checkpoints/cogitao_vit_cross_attention/cogitao_c1_experiment_1_vit6_function_mlp_cross_attention/run_000/last.ckpt"", ""/home/ubuntu/cogitao-research/checkpoints/cogitao_vit_cross_attention/cogitao_c1_experiment_2_vit6_function_mlp_cross_attention/run_000/last.ckpt"", ""/home/ubuntu/cogitao-research/checkpoints/cogitao_vit_cross_attention/cogitao_c1_experiment_3_vit6_function_mlp_cross_attention/run_000/last.ckpt"", ""/home/ubuntu/cogitao-research/checkpoints/cogitao_vit_cross_attention/cogitao_c1_experiment_4_vit6_function_mlp_cross_attention/run_000/last.ckpt"", ""/home/ubuntu/cogitao-research/checkpoints/cogitao_vit_cross_attention/cogitao_c1_experiment_5_vit6_function_mlp_cross_attention/run_000/last.ckpt""]","[""2bff05e8e2e5f390f6eb1f5cbf0ac8187832a8a365af10da7100cb8d732aa3f2"", ""35f91e02d5b826c89f6b24f52abf83581220b4b6676009c59b6715b0b2251589"", ""900674f94996e9b2f5190e7cd8bac4486d09332daaf131226f7f107123274de1"", ""9fc5e4f84cb131416f158af2b67349dc93c59e82f33086a7eeab2f7d6f335a7f"", ""c6578b6a655d823b9e27296aaf186e6b5b97bad640fb400cc5f2abaa6f308e6d""]","[""dfec9cbb2afe6616194c1fb41430c0c5d2bc4208""]","[1, 2, 3, 4, 5]",val_ood,"[""change_shape_color"", ""crop_bottom_side"", ""crop_contours"", ""extend_contours_same_color"", ""rot90""]","[""double_right"", ""pad_left"", ""pad_right"", ""rot90"", ""translate_up""]","[""double_right -> crop_contours"", ""pad_left -> extend_contours_same_color"", ""pad_right -> change_shape_color"", ""rot90 -> crop_bottom_side"", ""translate_up -> rot90""]","pair (f,g): fgx=f(g(x)); task-token order [g,f] means g -> f",567,5,5,image_block_01,42,"[71370, 78000]",256,256,0.01,2,"{""fixed_ranks"": [1, 2, 4, 8, 16, 32], ""variance_thresholds"": [0.9, 0.95]}",recorded_ood,0.10074327956160596,0.04293304680841399,val,0.10409552774094849,0.10321465233952504,0.10637586664538616,0.14629602436171982,1.0,0.09211551231790555,0.14867857502763349,0.1061310517995115,0.0033522481793425256,0.041093653511423814,-0.0018393932969901737,0.1454189622335643,0.03420647538332393,128,128,255,512,True,0.052256869999475514,CHEATING; fit on first half of this split; score second half only,64,5,5,567,transfer_gap,D_confidence,checkpoint_program_means,5,0.8269374562678238,0.0841453965880593,0.7,0.1881204043741873,ok,-0.7310460173369111,1.0,experiment_run,False,5,Cluster bootstrap by experiment; training-time checkpoints share a run. Few C1 models limit inference.,,,,,,,,,,,,,,
"[""/home/ubuntu/cogitao-research/checkpoints/cogitao_vit_cross_attention/cogitao_c1_experiment_1_vit6_function_mlp_cross_attention/run_000/last.ckpt"", ""/home/ubuntu/cogitao-research/checkpoints/cogitao_vit_cross_attention/cogitao_c1_experiment_2_vit6_function_mlp_cross_attention/run_000/last.ckpt"", ""/home/ubuntu/cogitao-research/checkpoints/cogitao_vit_cross_attention/cogitao_c1_experiment_3_vit6_function_mlp_cross_attention/run_000/last.ckpt"", ""/home/ubuntu/cogitao-research/checkpoints/cogitao_vit_cross_attention/cogitao_c1_experiment_4_vit6_function_mlp_cross_attention/run_000/last.ckpt"", ""/home/ubuntu/cogitao-research/checkpoints/cogitao_vit_cross_attention/cogitao_c1_experiment_5_vit6_function_mlp_cross_attention/run_000/last.ckpt""]","[""2bff05e8e2e5f390f6eb1f5cbf0ac8187832a8a365af10da7100cb8d732aa3f2"", ""35f91e02d5b826c89f6b24f52abf83581220b4b6676009c59b6715b0b2251589"", ""900674f94996e9b2f5190e7cd8bac4486d09332daaf131226f7f107123274de1"", ""9fc5e4f84cb131416f158af2b67349dc93c59e82f33086a7eeab2f7d6f335a7f"", ""c6578b6a655d823b9e27296aaf186e6b5b97bad640fb400cc5f2abaa6f308e6d""]","[""dfec9cbb2afe6616194c1fb41430c0c5d2bc4208""]","[1, 2, 3, 4, 5]",val_ood,"[""change_shape_color"", ""crop_bottom_side"", ""crop_contours"", ""extend_contours_same_color"", ""rot90""]","[""double_right"", ""pad_left"", ""pad_right"", ""rot90"", ""translate_up""]","[""double_right -> crop_contours"", ""pad_left -> extend_contours_same_color"", ""pad_right -> change_shape_color"", ""rot90 -> crop_bottom_side"", ""translate_up -> rot90""]","pair (f,g): fgx=f(g(x)); task-token order [g,f] means g -> f",567,5,5,image_block_01,42,"[71370, 78000]",256,256,0.01,2,"{""fixed_ranks"": [1, 2, 4, 8, 16, 32], ""variance_thresholds"": [0.9, 0.95]}",recorded_ood,0.10074327956160596,0.04293304680841399,val,0.10409552774094849,0.10321465233952504,0.10637586664538616,0.14629602436171982,1.0,0.09211551231790555,0.14867857502763349,0.1061310517995115,0.0033522481793425256,0.041093653511423814,-0.0018393932969901737,0.1454189622335643,0.03420647538332393,128,128,255,512,True,0.052256869999475514,CHEATING; fit on first half of this split; score second half only,64,5,5,567,transfer_gap,D_brier,checkpoint_program_means,5,0.6090366833428125,0.2755915881821798,0.6,0.28475697986529386,ok,-0.9999999999999998,1.0,experiment_run,False,5,Cluster bootstrap by experiment; training-time checkpoints share a run. Few C1 models limit inference.,,,,,,,,,,,,,,
"[""/home/ubuntu/cogitao-research/checkpoints/cogitao_vit_cross_attention/cogitao_c1_experiment_1_vit6_function_mlp_cross_attention/run_000/last.ckpt"", ""/home/ubuntu/cogitao-research/checkpoints/cogitao_vit_cross_attention/cogitao_c1_experiment_2_vit6_function_mlp_cross_attention/run_000/last.ckpt"", ""/home/ubuntu/cogitao-research/checkpoints/cogitao_vit_cross_attention/cogitao_c1_experiment_3_vit6_function_mlp_cross_attention/run_000/last.ckpt"", ""/home/ubuntu/cogitao-research/checkpoints/cogitao_vit_cross_attention/cogitao_c1_experiment_4_vit6_function_mlp_cross_attention/run_000/last.ckpt"", ""/home/ubuntu/cogitao-research/checkpoints/cogitao_vit_cross_attention/cogitao_c1_experiment_5_vit6_function_mlp_cross_attention/run_000/last.ckpt""]","[""2bff05e8e2e5f390f6eb1f5cbf0ac8187832a8a365af10da7100cb8d732aa3f2"", ""35f91e02d5b826c89f6b24f52abf83581220b4b6676009c59b6715b0b2251589"", ""900674f94996e9b2f5190e7cd8bac4486d09332daaf131226f7f107123274de1"", ""9fc5e4f84cb131416f158af2b67349dc93c59e82f33086a7eeab2f7d6f335a7f"", ""c6578b6a655d823b9e27296aaf186e6b5b97bad640fb400cc5f2abaa6f308e6d""]","[""dfec9cbb2afe6616194c1fb41430c0c5d2bc4208""]","[1, 2, 3, 4, 5]",val_ood,"[""change_shape_color"", ""crop_bottom_side"", ""crop_contours"", ""extend_contours_same_color"", ""rot90""]","[""double_right"", ""pad_left"", ""pad_right"", ""rot90"", ""translate_up""]","[""double_right -> crop_contours"", ""pad_left -> extend_contours_same_color"", ""pad_right -> change_shape_color"", ""rot90 -> crop_bottom_side"", ""translate_up -> rot90""]","pair (f,g): fgx=f(g(x)); task-token order [g,f] means g -> f",567,5,5,image_block_02,42,"[71370, 78000]",256,256,0.01,2,"{""fixed_ranks"": [1, 2, 4, 8, 16, 32], ""variance_thresholds"": [0.9, 0.95]}",recorded_ood,0.1154100971528369,0.05157528223546111,val,0.12262742697665222,0.1236127453070335,0.12499822850342042,0.16107170467034113,1.0,0.11450313933619677,0.16648158705280844,0.12585379052800155,0.007217329823815323,0.04961184433176631,-0.001963437903694799,0.17902839686990893,0.045029477822472935,128,128,255,512,True,0.05261344917983996,CHEATING; fit on first half of this split; score second half only,64,5,5,567,context_error,D_object_error,checkpoint_program_means,5,0.5591666078800794,0.3271181919641828,0.39999999999999997,0.5046315754686912,ok,-0.7720173828271782,1.0,experiment_run,False,5,Cluster bootstrap by experiment; training-time checkpoints share a run. Few C1 models limit inference.,,,,,,,,,,,,,,
"[""/home/ubuntu/cogitao-research/checkpoints/cogitao_vit_cross_attention/cogitao_c1_experiment_1_vit6_function_mlp_cross_attention/run_000/last.ckpt"", ""/home/ubuntu/cogitao-research/checkpoints/cogitao_vit_cross_attention/cogitao_c1_experiment_2_vit6_function_mlp_cross_attention/run_000/last.ckpt"", ""/home/ubuntu/cogitao-research/checkpoints/cogitao_vit_cross_attention/cogitao_c1_experiment_3_vit6_function_mlp_cross_attention/run_000/last.ckpt"", ""/home/ubuntu/cogitao-research/checkpoints/cogitao_vit_cross_attention/cogitao_c1_experiment_4_vit6_function_mlp_cross_attention/run_000/last.ckpt"", ""/home/ubuntu/cogitao-research/checkpoints/cogitao_vit_cross_attention/cogitao_c1_experiment_5_vit6_function_mlp_cross_attention/run_000/last.ckpt""]","[""2bff05e8e2e5f390f6eb1f5cbf0ac8187832a8a365af10da7100cb8d732aa3f2"", ""35f91e02d5b826c89f6b24f52abf83581220b4b6676009c59b6715b0b2251589"", ""900674f94996e9b2f5190e7cd8bac4486d09332daaf131226f7f107123274de1"", ""9fc5e4f84cb131416f158af2b67349dc93c59e82f33086a7eeab2f7d6f335a7f"", ""c6578b6a655d823b9e27296aaf186e6b5b97bad640fb400cc5f2abaa6f308e6d""]","[""dfec9cbb2afe6616194c1fb41430c0c5d2bc4208""]","[1, 2, 3, 4, 5]",val_ood,"[""change_shape_color"", ""crop_bottom_side"", ""crop_contours"", ""extend_contours_same_color"", ""rot90""]","[""double_right"", ""pad_left"", ""pad_right"", ""rot90"", ""translate_up""]","[""double_right -> crop_contours"", ""pad_left -> extend_contours_same_color"", ""pad_right -> change_shape_color"", ""rot90 -> crop_bottom_side"", ""translate_up -> rot90""]","pair (f,g): fgx=f(g(x)); task-token order [g,f] means g -> f",567,5,5,image_block_02,42,"[71370, 78000]",256,256,0.01,2,"{""fixed_ranks"": [1, 2, 4, 8, 16, 32], ""variance_thresholds"": [0.9, 0.95]}",recorded_ood,0.1154100971528369,0.05157528223546111,val,0.12262742697665222,0.1236127453070335,0.12499822850342042,0.16107170467034113,1.0,0.11450313933619677,0.16648158705280844,0.12585379052800155,0.007217329823815323,0.04961184433176631,-0.001963437903694799,0.17902839686990893,0.045029477822472935,128,128,255,512,True,0.05261344917983996,CHEATING; fit on first half of this split; score second half only,64,5,5,567,context_error,D_nll,checkpoint_program_means,5,0.6348885357988738,0.24981903695819727,0.8999999999999998,0.03738607346849874,ok,-0.4394669965670575,1.0,experiment_run,False,5,Cluster bootstrap by experiment; training-time checkpoints share a run. Few C1 models limit inference.,,,,,,,,,,,,,,
"[""/home/ubuntu/cogitao-research/checkpoints/cogitao_vit_cross_attention/cogitao_c1_experiment_1_vit6_function_mlp_cross_attention/run_000/last.ckpt"", ""/home/ubuntu/cogitao-research/checkpoints/cogitao_vit_cross_attention/cogitao_c1_experiment_2_vit6_function_mlp_cross_attention/run_000/last.ckpt"", ""/home/ubuntu/cogitao-research/checkpoints/cogitao_vit_cross_attention/cogitao_c1_experiment_3_vit6_function_mlp_cross_attention/run_000/last.ckpt"", ""/home/ubuntu/cogitao-research/checkpoints/cogitao_vit_cross_attention/cogitao_c1_experiment_4_vit6_function_mlp_cross_attention/run_000/last.ckpt"", ""/home/ubuntu/cogitao-research/checkpoints/cogitao_vit_cross_attention/cogitao_c1_experiment_5_vit6_function_mlp_cross_attention/run_000/last.ckpt""]","[""2bff05e8e2e5f390f6eb1f5cbf0ac8187832a8a365af10da7100cb8d732aa3f2"", ""35f91e02d5b826c89f6b24f52abf83581220b4b6676009c59b6715b0b2251589"", ""900674f94996e9b2f5190e7cd8bac4486d09332daaf131226f7f107123274de1"", ""9fc5e4f84cb131416f158af2b67349dc93c59e82f33086a7eeab2f7d6f335a7f"", ""c6578b6a655d823b9e27296aaf186e6b5b97bad640fb400cc5f2abaa6f308e6d""]","[""dfec9cbb2afe6616194c1fb41430c0c5d2bc4208""]","[1, 2, 3, 4, 5]",val_ood,"[""change_shape_color"", ""crop_bottom_side"", ""crop_contours"", ""extend_contours_same_color"", ""rot90""]","[""double_right"", ""pad_left"", ""pad_right"", ""rot90"", ""translate_up""]","[""double_right -> crop_contours"", ""pad_left -> extend_contours_same_color"", ""pad_right -> change_shape_color"", ""rot90 -> crop_bottom_side"", ""translate_up -> rot90""]","pair (f,g): fgx=f(g(x)); task-token order [g,f] means g -> f",567,5,5,image_block_02,42,"[71370, 78000]",256,256,0.01,2,"{""fixed_ranks"": [1, 2, 4, 8, 16, 32], ""variance_thresholds"": [0.9, 0.95]}",recorded_ood,0.1154100971528369,0.05157528223546111,val,0.12262742697665222,0.1236127453070335,0.12499822850342042,0.16107170467034113,1.0,0.11450313933619677,0.16648158705280844,0.12585379052800155,0.007217329823815323,0.04961184433176631,-0.001963437903694799,0.17902839686990893,0.045029477822472935,128,128,255,512,True,0.05261344917983996,CHEATING; fit on first half of this split; score second half only,64,5,5,567,context_error,D_confidence,checkpoint_program_means,5,0.512175240827823,0.3776321728022823,0.3,0.623837664781073,ok,-0.9999999999999999,1.0,experiment_run,False,5,Cluster bootstrap by experiment; training-time checkpoints share a run. Few C1 models limit inference.,,,,,,,,,,,,,,
"[""/home/ubuntu/cogitao-research/checkpoints/cogitao_vit_cross_attention/cogitao_c1_experiment_1_vit6_function_mlp_cross_attention/run_000/last.ckpt"", ""/home/ubuntu/cogitao-research/checkpoints/cogitao_vit_cross_attention/cogitao_c1_experiment_2_vit6_function_mlp_cross_attention/run_000/last.ckpt"", ""/home/ubuntu/cogitao-research/checkpoints/cogitao_vit_cross_attention/cogitao_c1_experiment_3_vit6_function_mlp_cross_attention/run_000/last.ckpt"", ""/home/ubuntu/cogitao-research/checkpoints/cogitao_vit_cross_attention/cogitao_c1_experiment_4_vit6_function_mlp_cross_attention/run_000/last.ckpt"", ""/home/ubuntu/cogitao-research/checkpoints/cogitao_vit_cross_attention/cogitao_c1_experiment_5_vit6_function_mlp_cross_attention/run_000/last.ckpt""]","[""2bff05e8e2e5f390f6eb1f5cbf0ac8187832a8a365af10da7100cb8d732aa3f2"", ""35f91e02d5b826c89f6b24f52abf83581220b4b6676009c59b6715b0b2251589"", ""900674f94996e9b2f5190e7cd8bac4486d09332daaf131226f7f107123274de1"", ""9fc5e4f84cb131416f158af2b67349dc93c59e82f33086a7eeab2f7d6f335a7f"", ""c6578b6a655d823b9e27296aaf186e6b5b97bad640fb400cc5f2abaa6f308e6d""]","[""dfec9cbb2afe6616194c1fb41430c0c5d2bc4208""]","[1, 2, 3, 4, 5]",val_ood,"[""change_shape_color"", ""crop_bottom_side"", ""crop_contours"", ""extend_contours_same_color"", ""rot90""]","[""double_right"", ""pad_left"", ""pad_right"", ""rot90"", ""translate_up""]","[""double_right -> crop_contours"", ""pad_left -> extend_contours_same_color"", ""pad_right -> change_shape_color"", ""rot90 -> crop_bottom_side"", ""translate_up -> rot90""]","pair (f,g): fgx=f(g(x)); task-token order [g,f] means g -> f",567,5,5,image_block_02,42,"[71370, 78000]",256,256,0.01,2,"{""fixed_ranks"": [1, 2, 4, 8, 16, 32], ""variance_thresholds"": [0.9, 0.95]}",recorded_ood,0.1154100971528369,0.05157528223546111,val,0.12262742697665222,0.1236127453070335,0.12499822850342042,0.16107170467034113,1.0,0.11450313933619677,0.16648158705280844,0.12585379052800155,0.007217329823815323,0.04961184433176631,-0.001963437903694799,0.17902839686990893,0.045029477822472935,128,128,255,512,True,0.05261344917983996,CHEATING; fit on first half of this split; score second half only,64,5,5,567,context_error,D_brier,checkpoint_program_means,5,0.3621090110363132,0.5492323201131348,0.49999999999999994,0.3910022189557703,ok,-0.8778832350428144,1.0,experiment_run,False,5,Cluster bootstrap by experiment; training-time checkpoints share a run. Few C1 models limit inference.,,,,,,,,,,,,,,
"[""/home/ubuntu/cogitao-research/checkpoints/cogitao_vit_cross_attention/cogitao_c1_experiment_1_vit6_function_mlp_cross_attention/run_000/last.ckpt"", ""/home/ubuntu/cogitao-research/checkpoints/cogitao_vit_cross_attention/cogitao_c1_experiment_2_vit6_function_mlp_cross_attention/run_000/last.ckpt"", ""/home/ubuntu/cogitao-research/checkpoints/cogitao_vit_cross_attention/cogitao_c1_experiment_3_vit6_function_mlp_cross_attention/run_000/last.ckpt"", ""/home/ubuntu/cogitao-research/checkpoints/cogitao_vit_cross_attention/cogitao_c1_experiment_4_vit6_function_mlp_cross_attention/run_000/last.ckpt"", ""/home/ubuntu/cogitao-research/checkpoints/cogitao_vit_cross_attention/cogitao_c1_experiment_5_vit6_function_mlp_cross_attention/run_000/last.ckpt""]","[""2bff05e8e2e5f390f6eb1f5cbf0ac8187832a8a365af10da7100cb8d732aa3f2"", ""35f91e02d5b826c89f6b24f52abf83581220b4b6676009c59b6715b0b2251589"", ""900674f94996e9b2f5190e7cd8bac4486d09332daaf131226f7f107123274de1"", ""9fc5e4f84cb131416f158af2b67349dc93c59e82f33086a7eeab2f7d6f335a7f"", ""c6578b6a655d823b9e27296aaf186e6b5b97bad640fb400cc5f2abaa6f308e6d""]","[""dfec9cbb2afe6616194c1fb41430c0c5d2bc4208""]","[1, 2, 3, 4, 5]",val_ood,"[""change_shape_color"", ""crop_bottom_side"", ""crop_contours"", ""extend_contours_same_color"", ""rot90""]","[""double_right"", ""pad_left"", ""pad_right"", ""rot90"", ""translate_up""]","[""double_right -> crop_contours"", ""pad_left -> extend_contours_same_color"", ""pad_right -> change_shape_color"", ""rot90 -> crop_bottom_side"", ""translate_up -> rot90""]","pair (f,g): fgx=f(g(x)); task-token order [g,f] means g -> f",567,5,5,image_block_02,42,"[71370, 78000]",256,256,0.01,2,"{""fixed_ranks"": [1, 2, 4, 8, 16, 32], ""variance_thresholds"": [0.9, 0.95]}",recorded_ood,0.1154100971528369,0.05157528223546111,val,0.12262742697665222,0.1236127453070335,0.12499822850342042,0.16107170467034113,1.0,0.11450313933619677,0.16648158705280844,0.12585379052800155,0.007217329823815323,0.04961184433176631,-0.001963437903694799,0.17902839686990893,0.045029477822472935,128,128,255,512,True,0.05261344917983996,CHEATING; fit on first half of this split; score second half only,64,5,5,567,composition_error,D_object_error,checkpoint_program_means,5,0.4134387273539192,0.4890001930057628,0.09999999999999999,0.8728885715695384,ok,-1.0,1.0,experiment_run,False,5,Cluster bootstrap by experiment; training-time checkpoints share a run. Few C1 models limit inference.,,,,,,,,,,,,,,
"[""/home/ubuntu/cogitao-research/checkpoints/cogitao_vit_cross_attention/cogitao_c1_experiment_1_vit6_function_mlp_cross_attention/run_000/last.ckpt"", ""/home/ubuntu/cogitao-research/checkpoints/cogitao_vit_cross_attention/cogitao_c1_experiment_2_vit6_function_mlp_cross_attention/run_000/last.ckpt"", ""/home/ubuntu/cogitao-research/checkpoints/cogitao_vit_cross_attention/cogitao_c1_experiment_3_vit6_function_mlp_cross_attention/run_000/last.ckpt"", ""/home/ubuntu/cogitao-research/checkpoints/cogitao_vit_cross_attention/cogitao_c1_experiment_4_vit6_function_mlp_cross_attention/run_000/last.ckpt"", ""/home/ubuntu/cogitao-research/checkpoints/cogitao_vit_cross_attention/cogitao_c1_experiment_5_vit6_function_mlp_cross_attention/run_000/last.ckpt""]","[""2bff05e8e2e5f390f6eb1f5cbf0ac8187832a8a365af10da7100cb8d732aa3f2"", ""35f91e02d5b826c89f6b24f52abf83581220b4b6676009c59b6715b0b2251589"", ""900674f94996e9b2f5190e7cd8bac4486d09332daaf131226f7f107123274de1"", ""9fc5e4f84cb131416f158af2b67349dc93c59e82f33086a7eeab2f7d6f335a7f"", ""c6578b6a655d823b9e27296aaf186e6b5b97bad640fb400cc5f2abaa6f308e6d""]","[""dfec9cbb2afe6616194c1fb41430c0c5d2bc4208""]","[1, 2, 3, 4, 5]",val_ood,"[""change_shape_color"", ""crop_bottom_side"", ""crop_contours"", ""extend_contours_same_color"", ""rot90""]","[""double_right"", ""pad_left"", ""pad_right"", ""rot90"", ""translate_up""]","[""double_right -> crop_contours"", ""pad_left -> extend_contours_same_color"", ""pad_right -> change_shape_color"", ""rot90 -> crop_bottom_side"", ""translate_up -> rot90""]","pair (f,g): fgx=f(g(x)); task-token order [g,f] means g -> f",567,5,5,image_block_02,42,"[71370, 78000]",256,256,0.01,2,"{""fixed_ranks"": [1, 2, 4, 8, 16, 32], ""variance_thresholds"": [0.9, 0.95]}",recorded_ood,0.1154100971528369,0.05157528223546111,val,0.12262742697665222,0.1236127453070335,0.12499822850342042,0.16107170467034113,1.0,0.11450313933619677,0.16648158705280844,0.12585379052800155,0.007217329823815323,0.04961184433176631,-0.001963437903694799,0.17902839686990893,0.045029477822472935,128,128,255,512,True,0.05261344917983996,CHEATING; fit on first half of this split; score second half only,64,5,5,567,composition_error,D_nll,checkpoint_program_means,5,0.1493025027336201,0.8106107826022572,0.39999999999999997,0.5046315754686912,ok,-1.0,1.0,experiment_run,False,5,Cluster bootstrap by experiment; training-time checkpoints share a run. Few C1 models limit inference.,,,,,,,,,,,,,,
"[""/home/ubuntu/cogitao-research/checkpoints/cogitao_vit_cross_attention/cogitao_c1_experiment_1_vit6_function_mlp_cross_attention/run_000/last.ckpt"", ""/home/ubuntu/cogitao-research/checkpoints/cogitao_vit_cross_attention/cogitao_c1_experiment_2_vit6_function_mlp_cross_attention/run_000/last.ckpt"", ""/home/ubuntu/cogitao-research/checkpoints/cogitao_vit_cross_attention/cogitao_c1_experiment_3_vit6_function_mlp_cross_attention/run_000/last.ckpt"", ""/home/ubuntu/cogitao-research/checkpoints/cogitao_vit_cross_attention/cogitao_c1_experiment_4_vit6_function_mlp_cross_attention/run_000/last.ckpt"", ""/home/ubuntu/cogitao-research/checkpoints/cogitao_vit_cross_attention/cogitao_c1_experiment_5_vit6_function_mlp_cross_attention/run_000/last.ckpt""]","[""2bff05e8e2e5f390f6eb1f5cbf0ac8187832a8a365af10da7100cb8d732aa3f2"", ""35f91e02d5b826c89f6b24f52abf83581220b4b6676009c59b6715b0b2251589"", ""900674f94996e9b2f5190e7cd8bac4486d09332daaf131226f7f107123274de1"", ""9fc5e4f84cb131416f158af2b67349dc93c59e82f33086a7eeab2f7d6f335a7f"", ""c6578b6a655d823b9e27296aaf186e6b5b97bad640fb400cc5f2abaa6f308e6d""]","[""dfec9cbb2afe6616194c1fb41430c0c5d2bc4208""]","[1, 2, 3, 4, 5]",val_ood,"[""change_shape_color"", ""crop_bottom_side"", ""crop_contours"", ""extend_contours_same_color"", ""rot90""]","[""double_right"", ""pad_left"", ""pad_right"", ""rot90"", ""translate_up""]","[""double_right -> crop_contours"", ""pad_left -> extend_contours_same_color"", ""pad_right -> change_shape_color"", ""rot90 -> crop_bottom_side"", ""translate_up -> rot90""]","pair (f,g): fgx=f(g(x)); task-token order [g,f] means g -> f",567,5,5,image_block_02,42,"[71370, 78000]",256,256,0.01,2,"{""fixed_ranks"": [1, 2, 4, 8, 16, 32], ""variance_thresholds"": [0.9, 0.95]}",recorded_ood,0.1154100971528369,0.05157528223546111,val,0.12262742697665222,0.1236127453070335,0.12499822850342042,0.16107170467034113,1.0,0.11450313933619677,0.16648158705280844,0.12585379052800155,0.007217329823815323,0.04961184433176631,-0.001963437903694799,0.17902839686990893,0.045029477822472935,128,128,255,512,True,0.05261344917983996,CHEATING; fit on first half of this split; score second half only,64,5,5,567,composition_error,D_confidence,checkpoint_program_means,5,0.3508764472581838,0.5625943204916758,0.19999999999999998,0.7470600781046621,ok,-1.0,1.0,experiment_run,False,5,Cluster bootstrap by experiment; training-time checkpoints share a run. Few C1 models limit inference.,,,,,,,,,,,,,,
"[""/home/ubuntu/cogitao-research/checkpoints/cogitao_vit_cross_attention/cogitao_c1_experiment_1_vit6_function_mlp_cross_attention/run_000/last.ckpt"", ""/home/ubuntu/cogitao-research/checkpoints/cogitao_vit_cross_attention/cogitao_c1_experiment_2_vit6_function_mlp_cross_attention/run_000/last.ckpt"", ""/home/ubuntu/cogitao-research/checkpoints/cogitao_vit_cross_attention/cogitao_c1_experiment_3_vit6_function_mlp_cross_attention/run_000/last.ckpt"", ""/home/ubuntu/cogitao-research/checkpoints/cogitao_vit_cross_attention/cogitao_c1_experiment_4_vit6_function_mlp_cross_attention/run_000/last.ckpt"", ""/home/ubuntu/cogitao-research/checkpoints/cogitao_vit_cross_attention/cogitao_c1_experiment_5_vit6_function_mlp_cross_attention/run_000/last.ckpt""]","[""2bff05e8e2e5f390f6eb1f5cbf0ac8187832a8a365af10da7100cb8d732aa3f2"", ""35f91e02d5b826c89f6b24f52abf83581220b4b6676009c59b6715b0b2251589"", ""900674f94996e9b2f5190e7cd8bac4486d09332daaf131226f7f107123274de1"", ""9fc5e4f84cb131416f158af2b67349dc93c59e82f33086a7eeab2f7d6f335a7f"", ""c6578b6a655d823b9e27296aaf186e6b5b97bad640fb400cc5f2abaa6f308e6d""]","[""dfec9cbb2afe6616194c1fb41430c0c5d2bc4208""]","[1, 2, 3, 4, 5]",val_ood,"[""change_shape_color"", ""crop_bottom_side"", ""crop_contours"", ""extend_contours_same_color"", ""rot90""]","[""double_right"", ""pad_left"", ""pad_right"", ""rot90"", ""translate_up""]","[""double_right -> crop_contours"", ""pad_left -> extend_contours_same_color"", ""pad_right -> change_shape_color"", ""rot90 -> crop_bottom_side"", ""translate_up -> rot90""]","pair (f,g): fgx=f(g(x)); task-token order [g,f] means g -> f",567,5,5,image_block_02,42,"[71370, 78000]",256,256,0.01,2,"{""fixed_ranks"": [1, 2, 4, 8, 16, 32], ""variance_thresholds"": [0.9, 0.95]}",recorded_ood,0.1154100971528369,0.05157528223546111,val,0.12262742697665222,0.1236127453070335,0.12499822850342042,0.16107170467034113,1.0,0.11450313933619677,0.16648158705280844,0.12585379052800155,0.007217329823815323,0.04961184433176631,-0.001963437903694799,0.17902839686990893,0.045029477822472935,128,128,255,512,True,0.05261344917983996,CHEATING; fit on first half of this split; score second half only,64,5,5,567,composition_error,D_brier,checkpoint_program_means,5,-0.06914457891889439,0.9120325891157199,-0.09999999999999999,0.8728885715695384,ok,-1.0,0.9999999999999999,experiment_run,False,5,Cluster bootstrap by experiment; training-time checkpoints share a run. Few C1 models limit inference.,,,,,,,,,,,,,,
"[""/home/ubuntu/cogitao-research/checkpoints/cogitao_vit_cross_attention/cogitao_c1_experiment_1_vit6_function_mlp_cross_attention/run_000/last.ckpt"", ""/home/ubuntu/cogitao-research/checkpoints/cogitao_vit_cross_attention/cogitao_c1_experiment_2_vit6_function_mlp_cross_attention/run_000/last.ckpt"", ""/home/ubuntu/cogitao-research/checkpoints/cogitao_vit_cross_attention/cogitao_c1_experiment_3_vit6_function_mlp_cross_attention/run_000/last.ckpt"", ""/home/ubuntu/cogitao-research/checkpoints/cogitao_vit_cross_attention/cogitao_c1_experiment_4_vit6_function_mlp_cross_attention/run_000/last.ckpt"", ""/home/ubuntu/cogitao-research/checkpoints/cogitao_vit_cross_attention/cogitao_c1_experiment_5_vit6_function_mlp_cross_attention/run_000/last.ckpt""]","[""2bff05e8e2e5f390f6eb1f5cbf0ac8187832a8a365af10da7100cb8d732aa3f2"", ""35f91e02d5b826c89f6b24f52abf83581220b4b6676009c59b6715b0b2251589"", ""900674f94996e9b2f5190e7cd8bac4486d09332daaf131226f7f107123274de1"", ""9fc5e4f84cb131416f158af2b67349dc93c59e82f33086a7eeab2f7d6f335a7f"", ""c6578b6a655d823b9e27296aaf186e6b5b97bad640fb400cc5f2abaa6f308e6d""]","[""dfec9cbb2afe6616194c1fb41430c0c5d2bc4208""]","[1, 2, 3, 4, 5]",val_ood,"[""change_shape_color"", ""crop_bottom_side"", ""crop_contours"", ""extend_contours_same_color"", ""rot90""]","[""double_right"", ""pad_left"", ""pad_right"", ""rot90"", ""translate_up""]","[""double_right -> crop_contours"", ""pad_left -> extend_contours_same_color"", ""pad_right -> change_shape_color"", ""rot90 -> crop_bottom_side"", ""translate_up -> rot90""]","pair (f,g): fgx=f(g(x)); task-token order [g,f] means g -> f",567,5,5,image_block_02,42,"[71370, 78000]",256,256,0.01,2,"{""fixed_ranks"": [1, 2, 4, 8, 16, 32], ""variance_thresholds"": [0.9, 0.95]}",recorded_ood,0.1154100971528369,0.05157528223546111,val,0.12262742697665222,0.1236127453070335,0.12499822850342042,0.16107170467034113,1.0,0.11450313933619677,0.16648158705280844,0.12585379052800155,0.007217329823815323,0.04961184433176631,-0.001963437903694799,0.17902839686990893,0.045029477822472935,128,128,255,512,True,0.05261344917983996,CHEATING; fit on first half of this split; score second half only,64,5,5,567,transfer_gap,D_object_error,checkpoint_program_means,5,0.4474713748197343,0.449891312646075,0.39999999999999997,0.5046315754686912,ok,-0.22377060713063618,1.0,experiment_run,False,5,Cluster bootstrap by experiment; training-time checkpoints share a run. Few C1 models limit inference.,,,,,,,,,,,,,,
"[""/home/ubuntu/cogitao-research/checkpoints/cogitao_vit_cross_attention/cogitao_c1_experiment_1_vit6_function_mlp_cross_attention/run_000/last.ckpt"", ""/home/ubuntu/cogitao-research/checkpoints/cogitao_vit_cross_attention/cogitao_c1_experiment_2_vit6_function_mlp_cross_attention/run_000/last.ckpt"", ""/home/ubuntu/cogitao-research/checkpoints/cogitao_vit_cross_attention/cogitao_c1_experiment_3_vit6_function_mlp_cross_attention/run_000/last.ckpt"", ""/home/ubuntu/cogitao-research/checkpoints/cogitao_vit_cross_attention/cogitao_c1_experiment_4_vit6_function_mlp_cross_attention/run_000/last.ckpt"", ""/home/ubuntu/cogitao-research/checkpoints/cogitao_vit_cross_attention/cogitao_c1_experiment_5_vit6_function_mlp_cross_attention/run_000/last.ckpt""]","[""2bff05e8e2e5f390f6eb1f5cbf0ac8187832a8a365af10da7100cb8d732aa3f2"", ""35f91e02d5b826c89f6b24f52abf83581220b4b6676009c59b6715b0b2251589"", ""900674f94996e9b2f5190e7cd8bac4486d09332daaf131226f7f107123274de1"", ""9fc5e4f84cb131416f158af2b67349dc93c59e82f33086a7eeab2f7d6f335a7f"", ""c6578b6a655d823b9e27296aaf186e6b5b97bad640fb400cc5f2abaa6f308e6d""]","[""dfec9cbb2afe6616194c1fb41430c0c5d2bc4208""]","[1, 2, 3, 4, 5]",val_ood,"[""change_shape_color"", ""crop_bottom_side"", ""crop_contours"", ""extend_contours_same_color"", ""rot90""]","[""double_right"", ""pad_left"", ""pad_right"", ""rot90"", ""translate_up""]","[""double_right -> crop_contours"", ""pad_left -> extend_contours_same_color"", ""pad_right -> change_shape_color"", ""rot90 -> crop_bottom_side"", ""translate_up -> rot90""]","pair (f,g): fgx=f(g(x)); task-token order [g,f] means g -> f",567,5,5,image_block_02,42,"[71370, 78000]",256,256,0.01,2,"{""fixed_ranks"": [1, 2, 4, 8, 16, 32], ""variance_thresholds"": [0.9, 0.95]}",recorded_ood,0.1154100971528369,0.05157528223546111,val,0.12262742697665222,0.1236127453070335,0.12499822850342042,0.16107170467034113,1.0,0.11450313933619677,0.16648158705280844,0.12585379052800155,0.007217329823815323,0.04961184433176631,-0.001963437903694799,0.17902839686990893,0.045029477822472935,128,128,255,512,True,0.05261344917983996,CHEATING; fit on first half of this split; score second half only,64,5,5,567,transfer_gap,D_nll,checkpoint_program_means,5,0.6945645328599844,0.1930810812174439,0.8999999999999998,0.03738607346849874,ok,-0.13910033106617486,1.0,experiment_run,False,5,Cluster bootstrap by experiment; training-time checkpoints share a run. Few C1 models limit inference.,,,,,,,,,,,,,,
"[""/home/ubuntu/cogitao-research/checkpoints/cogitao_vit_cross_attention/cogitao_c1_experiment_1_vit6_function_mlp_cross_attention/run_000/last.ckpt"", ""/home/ubuntu/cogitao-research/checkpoints/cogitao_vit_cross_attention/cogitao_c1_experiment_2_vit6_function_mlp_cross_attention/run_000/last.ckpt"", ""/home/ubuntu/cogitao-research/checkpoints/cogitao_vit_cross_attention/cogitao_c1_experiment_3_vit6_function_mlp_cross_attention/run_000/last.ckpt"", ""/home/ubuntu/cogitao-research/checkpoints/cogitao_vit_cross_attention/cogitao_c1_experiment_4_vit6_function_mlp_cross_attention/run_000/last.ckpt"", ""/home/ubuntu/cogitao-research/checkpoints/cogitao_vit_cross_attention/cogitao_c1_experiment_5_vit6_function_mlp_cross_attention/run_000/last.ckpt""]","[""2bff05e8e2e5f390f6eb1f5cbf0ac8187832a8a365af10da7100cb8d732aa3f2"", ""35f91e02d5b826c89f6b24f52abf83581220b4b6676009c59b6715b0b2251589"", ""900674f94996e9b2f5190e7cd8bac4486d09332daaf131226f7f107123274de1"", ""9fc5e4f84cb131416f158af2b67349dc93c59e82f33086a7eeab2f7d6f335a7f"", ""c6578b6a655d823b9e27296aaf186e6b5b97bad640fb400cc5f2abaa6f308e6d""]","[""dfec9cbb2afe6616194c1fb41430c0c5d2bc4208""]","[1, 2, 3, 4, 5]",val_ood,"[""change_shape_color"", ""crop_bottom_side"", ""crop_contours"", ""extend_contours_same_color"", ""rot90""]","[""double_right"", ""pad_left"", ""pad_right"", ""rot90"", ""translate_up""]","[""double_right -> crop_contours"", ""pad_left -> extend_contours_same_color"", ""pad_right -> change_shape_color"", ""rot90 -> crop_bottom_side"", ""translate_up -> rot90""]","pair (f,g): fgx=f(g(x)); task-token order [g,f] means g -> f",567,5,5,image_block_02,42,"[71370, 78000]",256,256,0.01,2,"{""fixed_ranks"": [1, 2, 4, 8, 16, 32], ""variance_thresholds"": [0.9, 0.95]}",recorded_ood,0.1154100971528369,0.05157528223546111,val,0.12262742697665222,0.1236127453070335,0.12499822850342042,0.16107170467034113,1.0,0.11450313933619677,0.16648158705280844,0.12585379052800155,0.007217329823815323,0.04961184433176631,-0.001963437903694799,0.17902839686990893,0.045029477822472935,128,128,255,512,True,0.05261344917983996,CHEATING; fit on first half of this split; score second half only,64,5,5,567,transfer_gap,D_confidence,checkpoint_program_means,5,0.6918426763695316,0.19557886340216257,0.3,0.623837664781073,ok,-1.0,1.0,experiment_run,False,5,Cluster bootstrap by experiment; training-time checkpoints share a run. Few C1 models limit inference.,,,,,,,,,,,,,,
"[""/home/ubuntu/cogitao-research/checkpoints/cogitao_vit_cross_attention/cogitao_c1_experiment_1_vit6_function_mlp_cross_attention/run_000/last.ckpt"", ""/home/ubuntu/cogitao-research/checkpoints/cogitao_vit_cross_attention/cogitao_c1_experiment_2_vit6_function_mlp_cross_attention/run_000/last.ckpt"", ""/home/ubuntu/cogitao-research/checkpoints/cogitao_vit_cross_attention/cogitao_c1_experiment_3_vit6_function_mlp_cross_attention/run_000/last.ckpt"", ""/home/ubuntu/cogitao-research/checkpoints/cogitao_vit_cross_attention/cogitao_c1_experiment_4_vit6_function_mlp_cross_attention/run_000/last.ckpt"", ""/home/ubuntu/cogitao-research/checkpoints/cogitao_vit_cross_attention/cogitao_c1_experiment_5_vit6_function_mlp_cross_attention/run_000/last.ckpt""]","[""2bff05e8e2e5f390f6eb1f5cbf0ac8187832a8a365af10da7100cb8d732aa3f2"", ""35f91e02d5b826c89f6b24f52abf83581220b4b6676009c59b6715b0b2251589"", ""900674f94996e9b2f5190e7cd8bac4486d09332daaf131226f7f107123274de1"", ""9fc5e4f84cb131416f158af2b67349dc93c59e82f33086a7eeab2f7d6f335a7f"", ""c6578b6a655d823b9e27296aaf186e6b5b97bad640fb400cc5f2abaa6f308e6d""]","[""dfec9cbb2afe6616194c1fb41430c0c5d2bc4208""]","[1, 2, 3, 4, 5]",val_ood,"[""change_shape_color"", ""crop_bottom_side"", ""crop_contours"", ""extend_contours_same_color"", ""rot90""]","[""double_right"", ""pad_left"", ""pad_right"", ""rot90"", ""translate_up""]","[""double_right -> crop_contours"", ""pad_left -> extend_contours_same_color"", ""pad_right -> change_shape_color"", ""rot90 -> crop_bottom_side"", ""translate_up -> rot90""]","pair (f,g): fgx=f(g(x)); task-token order [g,f] means g -> f",567,5,5,image_block_02,42,"[71370, 78000]",256,256,0.01,2,"{""fixed_ranks"": [1, 2, 4, 8, 16, 32], ""variance_thresholds"": [0.9, 0.95]}",recorded_ood,0.1154100971528369,0.05157528223546111,val,0.12262742697665222,0.1236127453070335,0.12499822850342042,0.16107170467034113,1.0,0.11450313933619677,0.16648158705280844,0.12585379052800155,0.007217329823815323,0.04961184433176631,-0.001963437903694799,0.17902839686990893,0.045029477822472935,128,128,255,512,True,0.05261344917983996,CHEATING; fit on first half of this split; score second half only,64,5,5,567,transfer_gap,D_brier,checkpoint_program_means,5,0.6016855687725071,0.28304143214470445,0.49999999999999994,0.3910022189557703,ok,-0.6359654835805827,1.0,experiment_run,False,5,Cluster bootstrap by experiment; training-time checkpoints share a run. Few C1 models limit inference.,,,,,,,,,,,,,,
"[""/home/ubuntu/cogitao-research/checkpoints/cogitao_vit_cross_attention/cogitao_c1_experiment_1_vit6_function_mlp_cross_attention/run_000/last.ckpt"", ""/home/ubuntu/cogitao-research/checkpoints/cogitao_vit_cross_attention/cogitao_c1_experiment_2_vit6_function_mlp_cross_attention/run_000/last.ckpt"", ""/home/ubuntu/cogitao-research/checkpoints/cogitao_vit_cross_attention/cogitao_c1_experiment_3_vit6_function_mlp_cross_attention/run_000/last.ckpt"", ""/home/ubuntu/cogitao-research/checkpoints/cogitao_vit_cross_attention/cogitao_c1_experiment_4_vit6_function_mlp_cross_attention/run_000/last.ckpt"", ""/home/ubuntu/cogitao-research/checkpoints/cogitao_vit_cross_attention/cogitao_c1_experiment_5_vit6_function_mlp_cross_attention/run_000/last.ckpt""]","[""2bff05e8e2e5f390f6eb1f5cbf0ac8187832a8a365af10da7100cb8d732aa3f2"", ""35f91e02d5b826c89f6b24f52abf83581220b4b6676009c59b6715b0b2251589"", ""900674f94996e9b2f5190e7cd8bac4486d09332daaf131226f7f107123274de1"", ""9fc5e4f84cb131416f158af2b67349dc93c59e82f33086a7eeab2f7d6f335a7f"", ""c6578b6a655d823b9e27296aaf186e6b5b97bad640fb400cc5f2abaa6f308e6d""]","[""dfec9cbb2afe6616194c1fb41430c0c5d2bc4208""]","[1, 2, 3, 4, 5]",val_ood,"[""change_shape_color"", ""crop_bottom_side"", ""crop_contours"", ""extend_contours_same_color"", ""rot90""]","[""double_right"", ""pad_left"", ""pad_right"", ""rot90"", ""translate_up""]","[""double_right -> crop_contours"", ""pad_left -> extend_contours_same_color"", ""pad_right -> change_shape_color"", ""rot90 -> crop_bottom_side"", ""translate_up -> rot90""]","pair (f,g): fgx=f(g(x)); task-token order [g,f] means g -> f",567,5,5,image_block_03,42,"[71370, 78000]",256,256,0.01,2,"{""fixed_ranks"": [1, 2, 4, 8, 16, 32], ""variance_thresholds"": [0.9, 0.95]}",recorded_ood,0.11579675632908668,0.054220848360072314,val,0.12561400431030986,0.12628435296839688,0.12597108978332194,0.15724913050001313,1.0,0.11646253358707304,0.16649281601025,0.12819907568384997,0.0098172479812232,0.05247008536132618,-0.0017507629987461313,0.17285248770149014,0.05115135490341717,128,128,255,512,True,0.04324689777734689,CHEATING; fit on first half of this split; score second half only,64,5,5,567,context_error,D_object_error,checkpoint_program_means,5,0.4503287030780374,0.4466404065460133,0.3,0.623837664781073,ok,-0.9999999999999998,1.0,experiment_run,False,5,Cluster bootstrap by experiment; training-time checkpoints share a run. Few C1 models limit inference.,,,,,,,,,,,,,,
"[""/home/ubuntu/cogitao-research/checkpoints/cogitao_vit_cross_attention/cogitao_c1_experiment_1_vit6_function_mlp_cross_attention/run_000/last.ckpt"", ""/home/ubuntu/cogitao-research/checkpoints/cogitao_vit_cross_attention/cogitao_c1_experiment_2_vit6_function_mlp_cross_attention/run_000/last.ckpt"", ""/home/ubuntu/cogitao-research/checkpoints/cogitao_vit_cross_attention/cogitao_c1_experiment_3_vit6_function_mlp_cross_attention/run_000/last.ckpt"", ""/home/ubuntu/cogitao-research/checkpoints/cogitao_vit_cross_attention/cogitao_c1_experiment_4_vit6_function_mlp_cross_attention/run_000/last.ckpt"", ""/home/ubuntu/cogitao-research/checkpoints/cogitao_vit_cross_attention/cogitao_c1_experiment_5_vit6_function_mlp_cross_attention/run_000/last.ckpt""]","[""2bff05e8e2e5f390f6eb1f5cbf0ac8187832a8a365af10da7100cb8d732aa3f2"", ""35f91e02d5b826c89f6b24f52abf83581220b4b6676009c59b6715b0b2251589"", ""900674f94996e9b2f5190e7cd8bac4486d09332daaf131226f7f107123274de1"", ""9fc5e4f84cb131416f158af2b67349dc93c59e82f33086a7eeab2f7d6f335a7f"", ""c6578b6a655d823b9e27296aaf186e6b5b97bad640fb400cc5f2abaa6f308e6d""]","[""dfec9cbb2afe6616194c1fb41430c0c5d2bc4208""]","[1, 2, 3, 4, 5]",val_ood,"[""change_shape_color"", ""crop_bottom_side"", ""crop_contours"", ""extend_contours_same_color"", ""rot90""]","[""double_right"", ""pad_left"", ""pad_right"", ""rot90"", ""translate_up""]","[""double_right -> crop_contours"", ""pad_left -> extend_contours_same_color"", ""pad_right -> change_shape_color"", ""rot90 -> crop_bottom_side"", ""translate_up -> rot90""]","pair (f,g): fgx=f(g(x)); task-token order [g,f] means g -> f",567,5,5,image_block_03,42,"[71370, 78000]",256,256,0.01,2,"{""fixed_ranks"": [1, 2, 4, 8, 16, 32], ""variance_thresholds"": [0.9, 0.95]}",recorded_ood,0.11579675632908668,0.054220848360072314,val,0.12561400431030986,0.12628435296839688,0.12597108978332194,0.15724913050001313,1.0,0.11646253358707304,0.16649281601025,0.12819907568384997,0.0098172479812232,0.05247008536132618,-0.0017507629987461313,0.17285248770149014,0.05115135490341717,128,128,255,512,True,0.04324689777734689,CHEATING; fit on first half of this split; score second half only,64,5,5,567,context_error,D_nll,checkpoint_program_means,5,0.4775498682919227,0.415938624937076,0.7,0.1881204043741873,ok,-0.7831865744721414,1.0,experiment_run,False,5,Cluster bootstrap by experiment; training-time checkpoints share a run. Few C1 models limit inference.,,,,,,,,,,,,,,
"[""/home/ubuntu/cogitao-research/checkpoints/cogitao_vit_cross_attention/cogitao_c1_experiment_1_vit6_function_mlp_cross_attention/run_000/last.ckpt"", ""/home/ubuntu/cogitao-research/checkpoints/cogitao_vit_cross_attention/cogitao_c1_experiment_2_vit6_function_mlp_cross_attention/run_000/last.ckpt"", ""/home/ubuntu/cogitao-research/checkpoints/cogitao_vit_cross_attention/cogitao_c1_experiment_3_vit6_function_mlp_cross_attention/run_000/last.ckpt"", ""/home/ubuntu/cogitao-research/checkpoints/cogitao_vit_cross_attention/cogitao_c1_experiment_4_vit6_function_mlp_cross_attention/run_000/last.ckpt"", ""/home/ubuntu/cogitao-research/checkpoints/cogitao_vit_cross_attention/cogitao_c1_experiment_5_vit6_function_mlp_cross_attention/run_000/last.ckpt""]","[""2bff05e8e2e5f390f6eb1f5cbf0ac8187832a8a365af10da7100cb8d732aa3f2"", ""35f91e02d5b826c89f6b24f52abf83581220b4b6676009c59b6715b0b2251589"", ""900674f94996e9b2f5190e7cd8bac4486d09332daaf131226f7f107123274de1"", ""9fc5e4f84cb131416f158af2b67349dc93c59e82f33086a7eeab2f7d6f335a7f"", ""c6578b6a655d823b9e27296aaf186e6b5b97bad640fb400cc5f2abaa6f308e6d""]","[""dfec9cbb2afe6616194c1fb41430c0c5d2bc4208""]","[1, 2, 3, 4, 5]",val_ood,"[""change_shape_color"", ""crop_bottom_side"", ""crop_contours"", ""extend_contours_same_color"", ""rot90""]","[""double_right"", ""pad_left"", ""pad_right"", ""rot90"", ""translate_up""]","[""double_right -> crop_contours"", ""pad_left -> extend_contours_same_color"", ""pad_right -> change_shape_color"", ""rot90 -> crop_bottom_side"", ""translate_up -> rot90""]","pair (f,g): fgx=f(g(x)); task-token order [g,f] means g -> f",567,5,5,image_block_03,42,"[71370, 78000]",256,256,0.01,2,"{""fixed_ranks"": [1, 2, 4, 8, 16, 32], ""variance_thresholds"": [0.9, 0.95]}",recorded_ood,0.11579675632908668,0.054220848360072314,val,0.12561400431030986,0.12628435296839688,0.12597108978332194,0.15724913050001313,1.0,0.11646253358707304,0.16649281601025,0.12819907568384997,0.0098172479812232,0.05247008536132618,-0.0017507629987461313,0.17285248770149014,0.05115135490341717,128,128,255,512,True,0.04324689777734689,CHEATING; fit on first half of this split; score second half only,64,5,5,567,context_error,D_confidence,checkpoint_program_means,5,0.6070809534128861,0.2775684678755073,0.39999999999999997,0.5046315754686912,ok,-0.7842585963351401,1.0,experiment_run,False,5,Cluster bootstrap by experiment; training-time checkpoints share a run. Few C1 models limit inference.,,,,,,,,,,,,,,
"[""/home/ubuntu/cogitao-research/checkpoints/cogitao_vit_cross_attention/cogitao_c1_experiment_1_vit6_function_mlp_cross_attention/run_000/last.ckpt"", ""/home/ubuntu/cogitao-research/checkpoints/cogitao_vit_cross_attention/cogitao_c1_experiment_2_vit6_function_mlp_cross_attention/run_000/last.ckpt"", ""/home/ubuntu/cogitao-research/checkpoints/cogitao_vit_cross_attention/cogitao_c1_experiment_3_vit6_function_mlp_cross_attention/run_000/last.ckpt"", ""/home/ubuntu/cogitao-research/checkpoints/cogitao_vit_cross_attention/cogitao_c1_experiment_4_vit6_function_mlp_cross_attention/run_000/last.ckpt"", ""/home/ubuntu/cogitao-research/checkpoints/cogitao_vit_cross_attention/cogitao_c1_experiment_5_vit6_function_mlp_cross_attention/run_000/last.ckpt""]","[""2bff05e8e2e5f390f6eb1f5cbf0ac8187832a8a365af10da7100cb8d732aa3f2"", ""35f91e02d5b826c89f6b24f52abf83581220b4b6676009c59b6715b0b2251589"", ""900674f94996e9b2f5190e7cd8bac4486d09332daaf131226f7f107123274de1"", ""9fc5e4f84cb131416f158af2b67349dc93c59e82f33086a7eeab2f7d6f335a7f"", ""c6578b6a655d823b9e27296aaf186e6b5b97bad640fb400cc5f2abaa6f308e6d""]","[""dfec9cbb2afe6616194c1fb41430c0c5d2bc4208""]","[1, 2, 3, 4, 5]",val_ood,"[""change_shape_color"", ""crop_bottom_side"", ""crop_contours"", ""extend_contours_same_color"", ""rot90""]","[""double_right"", ""pad_left"", ""pad_right"", ""rot90"", ""translate_up""]","[""double_right -> crop_contours"", ""pad_left -> extend_contours_same_color"", ""pad_right -> change_shape_color"", ""rot90 -> crop_bottom_side"", ""translate_up -> rot90""]","pair (f,g): fgx=f(g(x)); task-token order [g,f] means g -> f",567,5,5,image_block_03,42,"[71370, 78000]",256,256,0.01,2,"{""fixed_ranks"": [1, 2, 4, 8, 16, 32], ""variance_thresholds"": [0.9, 0.95]}",recorded_ood,0.11579675632908668,0.054220848360072314,val,0.12561400431030986,0.12628435296839688,0.12597108978332194,0.15724913050001313,1.0,0.11646253358707304,0.16649281601025,0.12819907568384997,0.0098172479812232,0.05247008536132618,-0.0017507629987461313,0.17285248770149014,0.05115135490341717,128,128,255,512,True,0.04324689777734689,CHEATING; fit on first half of this split; score second half only,64,5,5,567,context_error,D_brier,checkpoint_program_means,5,0.2696346167590193,0.6608970584555809,0.3,0.623837664781073,ok,-0.9970319188216598,1.0,experiment_run,False,5,Cluster bootstrap by experiment; training-time checkpoints share a run. Few C1 models limit inference.,,,,,,,,,,,,,,
"[""/home/ubuntu/cogitao-research/checkpoints/cogitao_vit_cross_attention/cogitao_c1_experiment_1_vit6_function_mlp_cross_attention/run_000/last.ckpt"", ""/home/ubuntu/cogitao-research/checkpoints/cogitao_vit_cross_attention/cogitao_c1_experiment_2_vit6_function_mlp_cross_attention/run_000/last.ckpt"", ""/home/ubuntu/cogitao-research/checkpoints/cogitao_vit_cross_attention/cogitao_c1_experiment_3_vit6_function_mlp_cross_attention/run_000/last.ckpt"", ""/home/ubuntu/cogitao-research/checkpoints/cogitao_vit_cross_attention/cogitao_c1_experiment_4_vit6_function_mlp_cross_attention/run_000/last.ckpt"", ""/home/ubuntu/cogitao-research/checkpoints/cogitao_vit_cross_attention/cogitao_c1_experiment_5_vit6_function_mlp_cross_attention/run_000/last.ckpt""]","[""2bff05e8e2e5f390f6eb1f5cbf0ac8187832a8a365af10da7100cb8d732aa3f2"", ""35f91e02d5b826c89f6b24f52abf83581220b4b6676009c59b6715b0b2251589"", ""900674f94996e9b2f5190e7cd8bac4486d09332daaf131226f7f107123274de1"", ""9fc5e4f84cb131416f158af2b67349dc93c59e82f33086a7eeab2f7d6f335a7f"", ""c6578b6a655d823b9e27296aaf186e6b5b97bad640fb400cc5f2abaa6f308e6d""]","[""dfec9cbb2afe6616194c1fb41430c0c5d2bc4208""]","[1, 2, 3, 4, 5]",val_ood,"[""change_shape_color"", ""crop_bottom_side"", ""crop_contours"", ""extend_contours_same_color"", ""rot90""]","[""double_right"", ""pad_left"", ""pad_right"", ""rot90"", ""translate_up""]","[""double_right -> crop_contours"", ""pad_left -> extend_contours_same_color"", ""pad_right -> change_shape_color"", ""rot90 -> crop_bottom_side"", ""translate_up -> rot90""]","pair (f,g): fgx=f(g(x)); task-token order [g,f] means g -> f",567,5,5,image_block_03,42,"[71370, 78000]",256,256,0.01,2,"{""fixed_ranks"": [1, 2, 4, 8, 16, 32], ""variance_thresholds"": [0.9, 0.95]}",recorded_ood,0.11579675632908668,0.054220848360072314,val,0.12561400431030986,0.12628435296839688,0.12597108978332194,0.15724913050001313,1.0,0.11646253358707304,0.16649281601025,0.12819907568384997,0.0098172479812232,0.05247008536132618,-0.0017507629987461313,0.17285248770149014,0.05115135490341717,128,128,255,512,True,0.04324689777734689,CHEATING; fit on first half of this split; score second half only,64,5,5,567,composition_error,D_object_error,checkpoint_program_means,5,0.31969981074277937,0.599989985562728,0.09999999999999999,0.8728885715695384,ok,-1.0,1.0,experiment_run,False,5,Cluster bootstrap by experiment; training-time checkpoints share a run. Few C1 models limit inference.,,,,,,,,,,,,,,
"[""/home/ubuntu/cogitao-research/checkpoints/cogitao_vit_cross_attention/cogitao_c1_experiment_1_vit6_function_mlp_cross_attention/run_000/last.ckpt"", ""/home/ubuntu/cogitao-research/checkpoints/cogitao_vit_cross_attention/cogitao_c1_experiment_2_vit6_function_mlp_cross_attention/run_000/last.ckpt"", ""/home/ubuntu/cogitao-research/checkpoints/cogitao_vit_cross_attention/cogitao_c1_experiment_3_vit6_function_mlp_cross_attention/run_000/last.ckpt"", ""/home/ubuntu/cogitao-research/checkpoints/cogitao_vit_cross_attention/cogitao_c1_experiment_4_vit6_function_mlp_cross_attention/run_000/last.ckpt"", ""/home/ubuntu/cogitao-research/checkpoints/cogitao_vit_cross_attention/cogitao_c1_experiment_5_vit6_function_mlp_cross_attention/run_000/last.ckpt""]","[""2bff05e8e2e5f390f6eb1f5cbf0ac8187832a8a365af10da7100cb8d732aa3f2"", ""35f91e02d5b826c89f6b24f52abf83581220b4b6676009c59b6715b0b2251589"", ""900674f94996e9b2f5190e7cd8bac4486d09332daaf131226f7f107123274de1"", ""9fc5e4f84cb131416f158af2b67349dc93c59e82f33086a7eeab2f7d6f335a7f"", ""c6578b6a655d823b9e27296aaf186e6b5b97bad640fb400cc5f2abaa6f308e6d""]","[""dfec9cbb2afe6616194c1fb41430c0c5d2bc4208""]","[1, 2, 3, 4, 5]",val_ood,"[""change_shape_color"", ""crop_bottom_side"", ""crop_contours"", ""extend_contours_same_color"", ""rot90""]","[""double_right"", ""pad_left"", ""pad_right"", ""rot90"", ""translate_up""]","[""double_right -> crop_contours"", ""pad_left -> extend_contours_same_color"", ""pad_right -> change_shape_color"", ""rot90 -> crop_bottom_side"", ""translate_up -> rot90""]","pair (f,g): fgx=f(g(x)); task-token order [g,f] means g -> f",567,5,5,image_block_03,42,"[71370, 78000]",256,256,0.01,2,"{""fixed_ranks"": [1, 2, 4, 8, 16, 32], ""variance_thresholds"": [0.9, 0.95]}",recorded_ood,0.11579675632908668,0.054220848360072314,val,0.12561400431030986,0.12628435296839688,0.12597108978332194,0.15724913050001313,1.0,0.11646253358707304,0.16649281601025,0.12819907568384997,0.0098172479812232,0.05247008536132618,-0.0017507629987461313,0.17285248770149014,0.05115135490341717,128,128,255,512,True,0.04324689777734689,CHEATING; fit on first half of this split; score second half only,64,5,5,567,composition_error,D_nll,checkpoint_program_means,5,0.08111971322397421,0.8968285613875073,0.39999999999999997,0.5046315754686912,ok,-0.9999999999999999,1.0,experiment_run,False,5,Cluster bootstrap by experiment; training-time checkpoints share a run. Few C1 models limit inference.,,,,,,,,,,,,,,
"[""/home/ubuntu/cogitao-research/checkpoints/cogitao_vit_cross_attention/cogitao_c1_experiment_1_vit6_function_mlp_cross_attention/run_000/last.ckpt"", ""/home/ubuntu/cogitao-research/checkpoints/cogitao_vit_cross_attention/cogitao_c1_experiment_2_vit6_function_mlp_cross_attention/run_000/last.ckpt"", ""/home/ubuntu/cogitao-research/checkpoints/cogitao_vit_cross_attention/cogitao_c1_experiment_3_vit6_function_mlp_cross_attention/run_000/last.ckpt"", ""/home/ubuntu/cogitao-research/checkpoints/cogitao_vit_cross_attention/cogitao_c1_experiment_4_vit6_function_mlp_cross_attention/run_000/last.ckpt"", ""/home/ubuntu/cogitao-research/checkpoints/cogitao_vit_cross_attention/cogitao_c1_experiment_5_vit6_function_mlp_cross_attention/run_000/last.ckpt""]","[""2bff05e8e2e5f390f6eb1f5cbf0ac8187832a8a365af10da7100cb8d732aa3f2"", ""35f91e02d5b826c89f6b24f52abf83581220b4b6676009c59b6715b0b2251589"", ""900674f94996e9b2f5190e7cd8bac4486d09332daaf131226f7f107123274de1"", ""9fc5e4f84cb131416f158af2b67349dc93c59e82f33086a7eeab2f7d6f335a7f"", ""c6578b6a655d823b9e27296aaf186e6b5b97bad640fb400cc5f2abaa6f308e6d""]","[""dfec9cbb2afe6616194c1fb41430c0c5d2bc4208""]","[1, 2, 3, 4, 5]",val_ood,"[""change_shape_color"", ""crop_bottom_side"", ""crop_contours"", ""extend_contours_same_color"", ""rot90""]","[""double_right"", ""pad_left"", ""pad_right"", ""rot90"", ""translate_up""]","[""double_right -> crop_contours"", ""pad_left -> extend_contours_same_color"", ""pad_right -> change_shape_color"", ""rot90 -> crop_bottom_side"", ""translate_up -> rot90""]","pair (f,g): fgx=f(g(x)); task-token order [g,f] means g -> f",567,5,5,image_block_03,42,"[71370, 78000]",256,256,0.01,2,"{""fixed_ranks"": [1, 2, 4, 8, 16, 32], ""variance_thresholds"": [0.9, 0.95]}",recorded_ood,0.11579675632908668,0.054220848360072314,val,0.12561400431030986,0.12628435296839688,0.12597108978332194,0.15724913050001313,1.0,0.11646253358707304,0.16649281601025,0.12819907568384997,0.0098172479812232,0.05247008536132618,-0.0017507629987461313,0.17285248770149014,0.05115135490341717,128,128,255,512,True,0.04324689777734689,CHEATING; fit on first half of this split; score second half only,64,5,5,567,composition_error,D_confidence,checkpoint_program_means,5,0.4408714750859475,0.4574201175258788,0.19999999999999998,0.7470600781046621,ok,-1.0,1.0,experiment_run,False,5,Cluster bootstrap by experiment; training-time checkpoints share a run. Few C1 models limit inference.,,,,,,,,,,,,,,
"[""/home/ubuntu/cogitao-research/checkpoints/cogitao_vit_cross_attention/cogitao_c1_experiment_1_vit6_function_mlp_cross_attention/run_000/last.ckpt"", ""/home/ubuntu/cogitao-research/checkpoints/cogitao_vit_cross_attention/cogitao_c1_experiment_2_vit6_function_mlp_cross_attention/run_000/last.ckpt"", ""/home/ubuntu/cogitao-research/checkpoints/cogitao_vit_cross_attention/cogitao_c1_experiment_3_vit6_function_mlp_cross_attention/run_000/last.ckpt"", ""/home/ubuntu/cogitao-research/checkpoints/cogitao_vit_cross_attention/cogitao_c1_experiment_4_vit6_function_mlp_cross_attention/run_000/last.ckpt"", ""/home/ubuntu/cogitao-research/checkpoints/cogitao_vit_cross_attention/cogitao_c1_experiment_5_vit6_function_mlp_cross_attention/run_000/last.ckpt""]","[""2bff05e8e2e5f390f6eb1f5cbf0ac8187832a8a365af10da7100cb8d732aa3f2"", ""35f91e02d5b826c89f6b24f52abf83581220b4b6676009c59b6715b0b2251589"", ""900674f94996e9b2f5190e7cd8bac4486d09332daaf131226f7f107123274de1"", ""9fc5e4f84cb131416f158af2b67349dc93c59e82f33086a7eeab2f7d6f335a7f"", ""c6578b6a655d823b9e27296aaf186e6b5b97bad640fb400cc5f2abaa6f308e6d""]","[""dfec9cbb2afe6616194c1fb41430c0c5d2bc4208""]","[1, 2, 3, 4, 5]",val_ood,"[""change_shape_color"", ""crop_bottom_side"", ""crop_contours"", ""extend_contours_same_color"", ""rot90""]","[""double_right"", ""pad_left"", ""pad_right"", ""rot90"", ""translate_up""]","[""double_right -> crop_contours"", ""pad_left -> extend_contours_same_color"", ""pad_right -> change_shape_color"", ""rot90 -> crop_bottom_side"", ""translate_up -> rot90""]","pair (f,g): fgx=f(g(x)); task-token order [g,f] means g -> f",567,5,5,image_block_03,42,"[71370, 78000]",256,256,0.01,2,"{""fixed_ranks"": [1, 2, 4, 8, 16, 32], ""variance_thresholds"": [0.9, 0.95]}",recorded_ood,0.11579675632908668,0.054220848360072314,val,0.12561400431030986,0.12628435296839688,0.12597108978332194,0.15724913050001313,1.0,0.11646253358707304,0.16649281601025,0.12819907568384997,0.0098172479812232,0.05247008536132618,-0.0017507629987461313,0.17285248770149014,0.05115135490341717,128,128,255,512,True,0.04324689777734689,CHEATING; fit on first half of this split; score second half only,64,5,5,567,composition_error,D_brier,checkpoint_program_means,5,-0.09076624743054565,0.88459170470847,-0.09999999999999999,0.8728885715695384,ok,-0.9999999999999999,1.0,experiment_run,False,5,Cluster bootstrap by experiment; training-time checkpoints share a run. Few C1 models limit inference.,,,,,,,,,,,,,,
"[""/home/ubuntu/cogitao-research/checkpoints/cogitao_vit_cross_attention/cogitao_c1_experiment_1_vit6_function_mlp_cross_attention/run_000/last.ckpt"", ""/home/ubuntu/cogitao-research/checkpoints/cogitao_vit_cross_attention/cogitao_c1_experiment_2_vit6_function_mlp_cross_attention/run_000/last.ckpt"", ""/home/ubuntu/cogitao-research/checkpoints/cogitao_vit_cross_attention/cogitao_c1_experiment_3_vit6_function_mlp_cross_attention/run_000/last.ckpt"", ""/home/ubuntu/cogitao-research/checkpoints/cogitao_vit_cross_attention/cogitao_c1_experiment_4_vit6_function_mlp_cross_attention/run_000/last.ckpt"", ""/home/ubuntu/cogitao-research/checkpoints/cogitao_vit_cross_attention/cogitao_c1_experiment_5_vit6_function_mlp_cross_attention/run_000/last.ckpt""]","[""2bff05e8e2e5f390f6eb1f5cbf0ac8187832a8a365af10da7100cb8d732aa3f2"", ""35f91e02d5b826c89f6b24f52abf83581220b4b6676009c59b6715b0b2251589"", ""900674f94996e9b2f5190e7cd8bac4486d09332daaf131226f7f107123274de1"", ""9fc5e4f84cb131416f158af2b67349dc93c59e82f33086a7eeab2f7d6f335a7f"", ""c6578b6a655d823b9e27296aaf186e6b5b97bad640fb400cc5f2abaa6f308e6d""]","[""dfec9cbb2afe6616194c1fb41430c0c5d2bc4208""]","[1, 2, 3, 4, 5]",val_ood,"[""change_shape_color"", ""crop_bottom_side"", ""crop_contours"", ""extend_contours_same_color"", ""rot90""]","[""double_right"", ""pad_left"", ""pad_right"", ""rot90"", ""translate_up""]","[""double_right -> crop_contours"", ""pad_left -> extend_contours_same_color"", ""pad_right -> change_shape_color"", ""rot90 -> crop_bottom_side"", ""translate_up -> rot90""]","pair (f,g): fgx=f(g(x)); task-token order [g,f] means g -> f",567,5,5,image_block_03,42,"[71370, 78000]",256,256,0.01,2,"{""fixed_ranks"": [1, 2, 4, 8, 16, 32], ""variance_thresholds"": [0.9, 0.95]}",recorded_ood,0.11579675632908668,0.054220848360072314,val,0.12561400431030986,0.12628435296839688,0.12597108978332194,0.15724913050001313,1.0,0.11646253358707304,0.16649281601025,0.12819907568384997,0.0098172479812232,0.05247008536132618,-0.0017507629987461313,0.17285248770149014,0.05115135490341717,128,128,255,512,True,0.04324689777734689,CHEATING; fit on first half of this split; score second half only,64,5,5,567,transfer_gap,D_object_error,checkpoint_program_means,5,0.47276984798917593,0.4212937822745863,0.39999999999999997,0.5046315754686912,ok,-0.6320095059198498,1.0,experiment_run,False,5,Cluster bootstrap by experiment; training-time checkpoints share a run. Few C1 models limit inference.,,,,,,,,,,,,,,
"[""/home/ubuntu/cogitao-research/checkpoints/cogitao_vit_cross_attention/cogitao_c1_experiment_1_vit6_function_mlp_cross_attention/run_000/last.ckpt"", ""/home/ubuntu/cogitao-research/checkpoints/cogitao_vit_cross_attention/cogitao_c1_experiment_2_vit6_function_mlp_cross_attention/run_000/last.ckpt"", ""/home/ubuntu/cogitao-research/checkpoints/cogitao_vit_cross_attention/cogitao_c1_experiment_3_vit6_function_mlp_cross_attention/run_000/last.ckpt"", ""/home/ubuntu/cogitao-research/checkpoints/cogitao_vit_cross_attention/cogitao_c1_experiment_4_vit6_function_mlp_cross_attention/run_000/last.ckpt"", ""/home/ubuntu/cogitao-research/checkpoints/cogitao_vit_cross_attention/cogitao_c1_experiment_5_vit6_function_mlp_cross_attention/run_000/last.ckpt""]","[""2bff05e8e2e5f390f6eb1f5cbf0ac8187832a8a365af10da7100cb8d732aa3f2"", ""35f91e02d5b826c89f6b24f52abf83581220b4b6676009c59b6715b0b2251589"", ""900674f94996e9b2f5190e7cd8bac4486d09332daaf131226f7f107123274de1"", ""9fc5e4f84cb131416f158af2b67349dc93c59e82f33086a7eeab2f7d6f335a7f"", ""c6578b6a655d823b9e27296aaf186e6b5b97bad640fb400cc5f2abaa6f308e6d""]","[""dfec9cbb2afe6616194c1fb41430c0c5d2bc4208""]","[1, 2, 3, 4, 5]",val_ood,"[""change_shape_color"", ""crop_bottom_side"", ""crop_contours"", ""extend_contours_same_color"", ""rot90""]","[""double_right"", ""pad_left"", ""pad_right"", ""rot90"", ""translate_up""]","[""double_right -> crop_contours"", ""pad_left -> extend_contours_same_color"", ""pad_right -> change_shape_color"", ""rot90 -> crop_bottom_side"", ""translate_up -> rot90""]","pair (f,g): fgx=f(g(x)); task-token order [g,f] means g -> f",567,5,5,image_block_03,42,"[71370, 78000]",256,256,0.01,2,"{""fixed_ranks"": [1, 2, 4, 8, 16, 32], ""variance_thresholds"": [0.9, 0.95]}",recorded_ood,0.11579675632908668,0.054220848360072314,val,0.12561400431030986,0.12628435296839688,0.12597108978332194,0.15724913050001313,1.0,0.11646253358707304,0.16649281601025,0.12819907568384997,0.0098172479812232,0.05247008536132618,-0.0017507629987461313,0.17285248770149014,0.05115135490341717,128,128,255,512,True,0.04324689777734689,CHEATING; fit on first half of this split; score second half only,64,5,5,567,transfer_gap,D_nll,checkpoint_program_means,5,0.664098619044892,0.22154290408476038,0.8999999999999998,0.03738607346849874,ok,-0.20787723640231248,1.0,experiment_run,False,5,Cluster bootstrap by experiment; training-time checkpoints share a run. Few C1 models limit inference.,,,,,,,,,,,,,,
"[""/home/ubuntu/cogitao-research/checkpoints/cogitao_vit_cross_attention/cogitao_c1_experiment_1_vit6_function_mlp_cross_attention/run_000/last.ckpt"", ""/home/ubuntu/cogitao-research/checkpoints/cogitao_vit_cross_attention/cogitao_c1_experiment_2_vit6_function_mlp_cross_attention/run_000/last.ckpt"", ""/home/ubuntu/cogitao-research/checkpoints/cogitao_vit_cross_attention/cogitao_c1_experiment_3_vit6_function_mlp_cross_attention/run_000/last.ckpt"", ""/home/ubuntu/cogitao-research/checkpoints/cogitao_vit_cross_attention/cogitao_c1_experiment_4_vit6_function_mlp_cross_attention/run_000/last.ckpt"", ""/home/ubuntu/cogitao-research/checkpoints/cogitao_vit_cross_attention/cogitao_c1_experiment_5_vit6_function_mlp_cross_attention/run_000/last.ckpt""]","[""2bff05e8e2e5f390f6eb1f5cbf0ac8187832a8a365af10da7100cb8d732aa3f2"", ""35f91e02d5b826c89f6b24f52abf83581220b4b6676009c59b6715b0b2251589"", ""900674f94996e9b2f5190e7cd8bac4486d09332daaf131226f7f107123274de1"", ""9fc5e4f84cb131416f158af2b67349dc93c59e82f33086a7eeab2f7d6f335a7f"", ""c6578b6a655d823b9e27296aaf186e6b5b97bad640fb400cc5f2abaa6f308e6d""]","[""dfec9cbb2afe6616194c1fb41430c0c5d2bc4208""]","[1, 2, 3, 4, 5]",val_ood,"[""change_shape_color"", ""crop_bottom_side"", ""crop_contours"", ""extend_contours_same_color"", ""rot90""]","[""double_right"", ""pad_left"", ""pad_right"", ""rot90"", ""translate_up""]","[""double_right -> crop_contours"", ""pad_left -> extend_contours_same_color"", ""pad_right -> change_shape_color"", ""rot90 -> crop_bottom_side"", ""translate_up -> rot90""]","pair (f,g): fgx=f(g(x)); task-token order [g,f] means g -> f",567,5,5,image_block_03,42,"[71370, 78000]",256,256,0.01,2,"{""fixed_ranks"": [1, 2, 4, 8, 16, 32], ""variance_thresholds"": [0.9, 0.95]}",recorded_ood,0.11579675632908668,0.054220848360072314,val,0.12561400431030986,0.12628435296839688,0.12597108978332194,0.15724913050001313,1.0,0.11646253358707304,0.16649281601025,0.12819907568384997,0.0098172479812232,0.05247008536132618,-0.0017507629987461313,0.17285248770149014,0.05115135490341717,128,128,255,512,True,0.04324689777734689,CHEATING; fit on first half of this split; score second half only,64,5,5,567,transfer_gap,D_confidence,checkpoint_program_means,5,0.6808772566734552,0.2057324268431476,0.3,0.623837664781073,ok,-0.9999999999999999,1.0,experiment_run,False,5,Cluster bootstrap by experiment; training-time checkpoints share a run. Few C1 models limit inference.,,,,,,,,,,,,,,
"[""/home/ubuntu/cogitao-research/checkpoints/cogitao_vit_cross_attention/cogitao_c1_experiment_1_vit6_function_mlp_cross_attention/run_000/last.ckpt"", ""/home/ubuntu/cogitao-research/checkpoints/cogitao_vit_cross_attention/cogitao_c1_experiment_2_vit6_function_mlp_cross_attention/run_000/last.ckpt"", ""/home/ubuntu/cogitao-research/checkpoints/cogitao_vit_cross_attention/cogitao_c1_experiment_3_vit6_function_mlp_cross_attention/run_000/last.ckpt"", ""/home/ubuntu/cogitao-research/checkpoints/cogitao_vit_cross_attention/cogitao_c1_experiment_4_vit6_function_mlp_cross_attention/run_000/last.ckpt"", ""/home/ubuntu/cogitao-research/checkpoints/cogitao_vit_cross_attention/cogitao_c1_experiment_5_vit6_function_mlp_cross_attention/run_000/last.ckpt""]","[""2bff05e8e2e5f390f6eb1f5cbf0ac8187832a8a365af10da7100cb8d732aa3f2"", ""35f91e02d5b826c89f6b24f52abf83581220b4b6676009c59b6715b0b2251589"", ""900674f94996e9b2f5190e7cd8bac4486d09332daaf131226f7f107123274de1"", ""9fc5e4f84cb131416f158af2b67349dc93c59e82f33086a7eeab2f7d6f335a7f"", ""c6578b6a655d823b9e27296aaf186e6b5b97bad640fb400cc5f2abaa6f308e6d""]","[""dfec9cbb2afe6616194c1fb41430c0c5d2bc4208""]","[1, 2, 3, 4, 5]",val_ood,"[""change_shape_color"", ""crop_bottom_side"", ""crop_contours"", ""extend_contours_same_color"", ""rot90""]","[""double_right"", ""pad_left"", ""pad_right"", ""rot90"", ""translate_up""]","[""double_right -> crop_contours"", ""pad_left -> extend_contours_same_color"", ""pad_right -> change_shape_color"", ""rot90 -> crop_bottom_side"", ""translate_up -> rot90""]","pair (f,g): fgx=f(g(x)); task-token order [g,f] means g -> f",567,5,5,image_block_03,42,"[71370, 78000]",256,256,0.01,2,"{""fixed_ranks"": [1, 2, 4, 8, 16, 32], ""variance_thresholds"": [0.9, 0.95]}",recorded_ood,0.11579675632908668,0.054220848360072314,val,0.12561400431030986,0.12628435296839688,0.12597108978332194,0.15724913050001313,1.0,0.11646253358707304,0.16649281601025,0.12819907568384997,0.0098172479812232,0.05247008536132618,-0.0017507629987461313,0.17285248770149014,0.05115135490341717,128,128,255,512,True,0.04324689777734689,CHEATING; fit on first half of this split; score second half only,64,5,5,567,transfer_gap,D_brier,checkpoint_program_means,5,0.5626212790209315,0.3234766293448732,0.49999999999999994,0.3910022189557703,ok,-0.7331824386968987,1.0,experiment_run,False,5,Cluster bootstrap by experiment; training-time checkpoints share a run. Few C1 models limit inference.,,,,,,,,,,,,,,
"[""/home/ubuntu/cogitao-research/checkpoints/cogitao_vit_cross_attention/cogitao_c1_experiment_1_vit6_function_mlp_cross_attention/run_000/last.ckpt"", ""/home/ubuntu/cogitao-research/checkpoints/cogitao_vit_cross_attention/cogitao_c1_experiment_2_vit6_function_mlp_cross_attention/run_000/last.ckpt"", ""/home/ubuntu/cogitao-research/checkpoints/cogitao_vit_cross_attention/cogitao_c1_experiment_3_vit6_function_mlp_cross_attention/run_000/last.ckpt"", ""/home/ubuntu/cogitao-research/checkpoints/cogitao_vit_cross_attention/cogitao_c1_experiment_4_vit6_function_mlp_cross_attention/run_000/last.ckpt"", ""/home/ubuntu/cogitao-research/checkpoints/cogitao_vit_cross_attention/cogitao_c1_experiment_5_vit6_function_mlp_cross_attention/run_000/last.ckpt""]","[""2bff05e8e2e5f390f6eb1f5cbf0ac8187832a8a365af10da7100cb8d732aa3f2"", ""35f91e02d5b826c89f6b24f52abf83581220b4b6676009c59b6715b0b2251589"", ""900674f94996e9b2f5190e7cd8bac4486d09332daaf131226f7f107123274de1"", ""9fc5e4f84cb131416f158af2b67349dc93c59e82f33086a7eeab2f7d6f335a7f"", ""c6578b6a655d823b9e27296aaf186e6b5b97bad640fb400cc5f2abaa6f308e6d""]","[""dfec9cbb2afe6616194c1fb41430c0c5d2bc4208""]","[1, 2, 3, 4, 5]",val_ood,"[""change_shape_color"", ""crop_bottom_side"", ""crop_contours"", ""extend_contours_same_color"", ""rot90""]","[""double_right"", ""pad_left"", ""pad_right"", ""rot90"", ""translate_up""]","[""double_right -> crop_contours"", ""pad_left -> extend_contours_same_color"", ""pad_right -> change_shape_color"", ""rot90 -> crop_bottom_side"", ""translate_up -> rot90""]","pair (f,g): fgx=f(g(x)); task-token order [g,f] means g -> f",567,5,5,image_block_04,42,"[71370, 78000]",256,256,0.01,2,"{""fixed_ranks"": [1, 2, 4, 8, 16, 32], ""variance_thresholds"": [0.9, 0.95]}",recorded_ood,0.12776176006246467,0.06082127816431382,val,0.13630525422658019,0.1386792717412358,0.1358918912307311,0.17764167032796385,1.0,0.13247224092826887,0.18325042848873047,0.13824306694121458,0.008543494164115515,0.059487632995165116,-0.0013336451691486962,0.1800054252933353,0.060953851129529016,128,128,255,512,True,0.04077371033031458,CHEATING; fit on first half of this split; score second half only,64,5,5,567,context_error,D_object_error,checkpoint_program_means,5,0.45159390853525955,0.4452025997852439,0.3,0.623837664781073,ok,-0.9999999999999998,1.0,experiment_run,False,5,Cluster bootstrap by experiment; training-time checkpoints share a run. Few C1 models limit inference.,,,,,,,,,,,,,,
"[""/home/ubuntu/cogitao-research/checkpoints/cogitao_vit_cross_attention/cogitao_c1_experiment_1_vit6_function_mlp_cross_attention/run_000/last.ckpt"", ""/home/ubuntu/cogitao-research/checkpoints/cogitao_vit_cross_attention/cogitao_c1_experiment_2_vit6_function_mlp_cross_attention/run_000/last.ckpt"", ""/home/ubuntu/cogitao-research/checkpoints/cogitao_vit_cross_attention/cogitao_c1_experiment_3_vit6_function_mlp_cross_attention/run_000/last.ckpt"", ""/home/ubuntu/cogitao-research/checkpoints/cogitao_vit_cross_attention/cogitao_c1_experiment_4_vit6_function_mlp_cross_attention/run_000/last.ckpt"", ""/home/ubuntu/cogitao-research/checkpoints/cogitao_vit_cross_attention/cogitao_c1_experiment_5_vit6_function_mlp_cross_attention/run_000/last.ckpt""]","[""2bff05e8e2e5f390f6eb1f5cbf0ac8187832a8a365af10da7100cb8d732aa3f2"", ""35f91e02d5b826c89f6b24f52abf83581220b4b6676009c59b6715b0b2251589"", ""900674f94996e9b2f5190e7cd8bac4486d09332daaf131226f7f107123274de1"", ""9fc5e4f84cb131416f158af2b67349dc93c59e82f33086a7eeab2f7d6f335a7f"", ""c6578b6a655d823b9e27296aaf186e6b5b97bad640fb400cc5f2abaa6f308e6d""]","[""dfec9cbb2afe6616194c1fb41430c0c5d2bc4208""]","[1, 2, 3, 4, 5]",val_ood,"[""change_shape_color"", ""crop_bottom_side"", ""crop_contours"", ""extend_contours_same_color"", ""rot90""]","[""double_right"", ""pad_left"", ""pad_right"", ""rot90"", ""translate_up""]","[""double_right -> crop_contours"", ""pad_left -> extend_contours_same_color"", ""pad_right -> change_shape_color"", ""rot90 -> crop_bottom_side"", ""translate_up -> rot90""]","pair (f,g): fgx=f(g(x)); task-token order [g,f] means g -> f",567,5,5,image_block_04,42,"[71370, 78000]",256,256,0.01,2,"{""fixed_ranks"": [1, 2, 4, 8, 16, 32], ""variance_thresholds"": [0.9, 0.95]}",recorded_ood,0.12776176006246467,0.06082127816431382,val,0.13630525422658019,0.1386792717412358,0.1358918912307311,0.17764167032796385,1.0,0.13247224092826887,0.18325042848873047,0.13824306694121458,0.008543494164115515,0.059487632995165116,-0.0013336451691486962,0.1800054252933353,0.060953851129529016,128,128,255,512,True,0.04077371033031458,CHEATING; fit on first half of this split; score second half only,64,5,5,567,context_error,D_nll,checkpoint_program_means,5,0.4711900894625197,0.423067060581527,0.7,0.1881204043741873,ok,-0.7594657915532411,1.0,experiment_run,False,5,Cluster bootstrap by experiment; training-time checkpoints share a run. Few C1 models limit inference.,,,,,,,,,,,,,,
"[""/home/ubuntu/cogitao-research/checkpoints/cogitao_vit_cross_attention/cogitao_c1_experiment_1_vit6_function_mlp_cross_attention/run_000/last.ckpt"", ""/home/ubuntu/cogitao-research/checkpoints/cogitao_vit_cross_attention/cogitao_c1_experiment_2_vit6_function_mlp_cross_attention/run_000/last.ckpt"", ""/home/ubuntu/cogitao-research/checkpoints/cogitao_vit_cross_attention/cogitao_c1_experiment_3_vit6_function_mlp_cross_attention/run_000/last.ckpt"", ""/home/ubuntu/cogitao-research/checkpoints/cogitao_vit_cross_attention/cogitao_c1_experiment_4_vit6_function_mlp_cross_attention/run_000/last.ckpt"", ""/home/ubuntu/cogitao-research/checkpoints/cogitao_vit_cross_attention/cogitao_c1_experiment_5_vit6_function_mlp_cross_attention/run_000/last.ckpt""]","[""2bff05e8e2e5f390f6eb1f5cbf0ac8187832a8a365af10da7100cb8d732aa3f2"", ""35f91e02d5b826c89f6b24f52abf83581220b4b6676009c59b6715b0b2251589"", ""900674f94996e9b2f5190e7cd8bac4486d09332daaf131226f7f107123274de1"", ""9fc5e4f84cb131416f158af2b67349dc93c59e82f33086a7eeab2f7d6f335a7f"", ""c6578b6a655d823b9e27296aaf186e6b5b97bad640fb400cc5f2abaa6f308e6d""]","[""dfec9cbb2afe6616194c1fb41430c0c5d2bc4208""]","[1, 2, 3, 4, 5]",val_ood,"[""change_shape_color"", ""crop_bottom_side"", ""crop_contours"", ""extend_contours_same_color"", ""rot90""]","[""double_right"", ""pad_left"", ""pad_right"", ""rot90"", ""translate_up""]","[""double_right -> crop_contours"", ""pad_left -> extend_contours_same_color"", ""pad_right -> change_shape_color"", ""rot90 -> crop_bottom_side"", ""translate_up -> rot90""]","pair (f,g): fgx=f(g(x)); task-token order [g,f] means g -> f",567,5,5,image_block_04,42,"[71370, 78000]",256,256,0.01,2,"{""fixed_ranks"": [1, 2, 4, 8, 16, 32], ""variance_thresholds"": [0.9, 0.95]}",recorded_ood,0.12776176006246467,0.06082127816431382,val,0.13630525422658019,0.1386792717412358,0.1358918912307311,0.17764167032796385,1.0,0.13247224092826887,0.18325042848873047,0.13824306694121458,0.008543494164115515,0.059487632995165116,-0.0013336451691486962,0.1800054252933353,0.060953851129529016,128,128,255,512,True,0.04077371033031458,CHEATING; fit on first half of this split; score second half only,64,5,5,567,context_error,D_confidence,checkpoint_program_means,5,0.5879753469708786,0.29707351397327747,0.39999999999999997,0.5046315754686912,ok,-0.8057733610041552,1.0,experiment_run,False,5,Cluster bootstrap by experiment; training-time checkpoints share a run. Few C1 models limit inference.,,,,,,,,,,,,,,
"[""/home/ubuntu/cogitao-research/checkpoints/cogitao_vit_cross_attention/cogitao_c1_experiment_1_vit6_function_mlp_cross_attention/run_000/last.ckpt"", ""/home/ubuntu/cogitao-research/checkpoints/cogitao_vit_cross_attention/cogitao_c1_experiment_2_vit6_function_mlp_cross_attention/run_000/last.ckpt"", ""/home/ubuntu/cogitao-research/checkpoints/cogitao_vit_cross_attention/cogitao_c1_experiment_3_vit6_function_mlp_cross_attention/run_000/last.ckpt"", ""/home/ubuntu/cogitao-research/checkpoints/cogitao_vit_cross_attention/cogitao_c1_experiment_4_vit6_function_mlp_cross_attention/run_000/last.ckpt"", ""/home/ubuntu/cogitao-research/checkpoints/cogitao_vit_cross_attention/cogitao_c1_experiment_5_vit6_function_mlp_cross_attention/run_000/last.ckpt""]","[""2bff05e8e2e5f390f6eb1f5cbf0ac8187832a8a365af10da7100cb8d732aa3f2"", ""35f91e02d5b826c89f6b24f52abf83581220b4b6676009c59b6715b0b2251589"", ""900674f94996e9b2f5190e7cd8bac4486d09332daaf131226f7f107123274de1"", ""9fc5e4f84cb131416f158af2b67349dc93c59e82f33086a7eeab2f7d6f335a7f"", ""c6578b6a655d823b9e27296aaf186e6b5b97bad640fb400cc5f2abaa6f308e6d""]","[""dfec9cbb2afe6616194c1fb41430c0c5d2bc4208""]","[1, 2, 3, 4, 5]",val_ood,"[""change_shape_color"", ""crop_bottom_side"", ""crop_contours"", ""extend_contours_same_color"", ""rot90""]","[""double_right"", ""pad_left"", ""pad_right"", ""rot90"", ""translate_up""]","[""double_right -> crop_contours"", ""pad_left -> extend_contours_same_color"", ""pad_right -> change_shape_color"", ""rot90 -> crop_bottom_side"", ""translate_up -> rot90""]","pair (f,g): fgx=f(g(x)); task-token order [g,f] means g -> f",567,5,5,image_block_04,42,"[71370, 78000]",256,256,0.01,2,"{""fixed_ranks"": [1, 2, 4, 8, 16, 32], ""variance_thresholds"": [0.9, 0.95]}",recorded_ood,0.12776176006246467,0.06082127816431382,val,0.13630525422658019,0.1386792717412358,0.1358918912307311,0.17764167032796385,1.0,0.13247224092826887,0.18325042848873047,0.13824306694121458,0.008543494164115515,0.059487632995165116,-0.0013336451691486962,0.1800054252933353,0.060953851129529016,128,128,255,512,True,0.04077371033031458,CHEATING; fit on first half of this split; score second half only,64,5,5,567,context_error,D_brier,checkpoint_program_means,5,0.24198205819786545,0.6949326792918992,0.3,0.623837664781073,ok,-0.9941076745061928,1.0,experiment_run,False,5,Cluster bootstrap by experiment; training-time checkpoints share a run. Few C1 models limit inference.,,,,,,,,,,,,,,
"[""/home/ubuntu/cogitao-research/checkpoints/cogitao_vit_cross_attention/cogitao_c1_experiment_1_vit6_function_mlp_cross_attention/run_000/last.ckpt"", ""/home/ubuntu/cogitao-research/checkpoints/cogitao_vit_cross_attention/cogitao_c1_experiment_2_vit6_function_mlp_cross_attention/run_000/last.ckpt"", ""/home/ubuntu/cogitao-research/checkpoints/cogitao_vit_cross_attention/cogitao_c1_experiment_3_vit6_function_mlp_cross_attention/run_000/last.ckpt"", ""/home/ubuntu/cogitao-research/checkpoints/cogitao_vit_cross_attention/cogitao_c1_experiment_4_vit6_function_mlp_cross_attention/run_000/last.ckpt"", ""/home/ubuntu/cogitao-research/checkpoints/cogitao_vit_cross_attention/cogitao_c1_experiment_5_vit6_function_mlp_cross_attention/run_000/last.ckpt""]","[""2bff05e8e2e5f390f6eb1f5cbf0ac8187832a8a365af10da7100cb8d732aa3f2"", ""35f91e02d5b826c89f6b24f52abf83581220b4b6676009c59b6715b0b2251589"", ""900674f94996e9b2f5190e7cd8bac4486d09332daaf131226f7f107123274de1"", ""9fc5e4f84cb131416f158af2b67349dc93c59e82f33086a7eeab2f7d6f335a7f"", ""c6578b6a655d823b9e27296aaf186e6b5b97bad640fb400cc5f2abaa6f308e6d""]","[""dfec9cbb2afe6616194c1fb41430c0c5d2bc4208""]","[1, 2, 3, 4, 5]",val_ood,"[""change_shape_color"", ""crop_bottom_side"", ""crop_contours"", ""extend_contours_same_color"", ""rot90""]","[""double_right"", ""pad_left"", ""pad_right"", ""rot90"", ""translate_up""]","[""double_right -> crop_contours"", ""pad_left -> extend_contours_same_color"", ""pad_right -> change_shape_color"", ""rot90 -> crop_bottom_side"", ""translate_up -> rot90""]","pair (f,g): fgx=f(g(x)); task-token order [g,f] means g -> f",567,5,5,image_block_04,42,"[71370, 78000]",256,256,0.01,2,"{""fixed_ranks"": [1, 2, 4, 8, 16, 32], ""variance_thresholds"": [0.9, 0.95]}",recorded_ood,0.12776176006246467,0.06082127816431382,val,0.13630525422658019,0.1386792717412358,0.1358918912307311,0.17764167032796385,1.0,0.13247224092826887,0.18325042848873047,0.13824306694121458,0.008543494164115515,0.059487632995165116,-0.0013336451691486962,0.1800054252933353,0.060953851129529016,128,128,255,512,True,0.04077371033031458,CHEATING; fit on first half of this split; score second half only,64,5,5,567,composition_error,D_object_error,checkpoint_program_means,5,0.34704865006140634,0.5671616424552371,0.3,0.623837664781073,ok,-0.9999999999999999,1.0,experiment_run,False,5,Cluster bootstrap by experiment; training-time checkpoints share a run. Few C1 models limit inference.,,,,,,,,,,,,,,
"[""/home/ubuntu/cogitao-research/checkpoints/cogitao_vit_cross_attention/cogitao_c1_experiment_1_vit6_function_mlp_cross_attention/run_000/last.ckpt"", ""/home/ubuntu/cogitao-research/checkpoints/cogitao_vit_cross_attention/cogitao_c1_experiment_2_vit6_function_mlp_cross_attention/run_000/last.ckpt"", ""/home/ubuntu/cogitao-research/checkpoints/cogitao_vit_cross_attention/cogitao_c1_experiment_3_vit6_function_mlp_cross_attention/run_000/last.ckpt"", ""/home/ubuntu/cogitao-research/checkpoints/cogitao_vit_cross_attention/cogitao_c1_experiment_4_vit6_function_mlp_cross_attention/run_000/last.ckpt"", ""/home/ubuntu/cogitao-research/checkpoints/cogitao_vit_cross_attention/cogitao_c1_experiment_5_vit6_function_mlp_cross_attention/run_000/last.ckpt""]","[""2bff05e8e2e5f390f6eb1f5cbf0ac8187832a8a365af10da7100cb8d732aa3f2"", ""35f91e02d5b826c89f6b24f52abf83581220b4b6676009c59b6715b0b2251589"", ""900674f94996e9b2f5190e7cd8bac4486d09332daaf131226f7f107123274de1"", ""9fc5e4f84cb131416f158af2b67349dc93c59e82f33086a7eeab2f7d6f335a7f"", ""c6578b6a655d823b9e27296aaf186e6b5b97bad640fb400cc5f2abaa6f308e6d""]","[""dfec9cbb2afe6616194c1fb41430c0c5d2bc4208""]","[1, 2, 3, 4, 5]",val_ood,"[""change_shape_color"", ""crop_bottom_side"", ""crop_contours"", ""extend_contours_same_color"", ""rot90""]","[""double_right"", ""pad_left"", ""pad_right"", ""rot90"", ""translate_up""]","[""double_right -> crop_contours"", ""pad_left -> extend_contours_same_color"", ""pad_right -> change_shape_color"", ""rot90 -> crop_bottom_side"", ""translate_up -> rot90""]","pair (f,g): fgx=f(g(x)); task-token order [g,f] means g -> f",567,5,5,image_block_04,42,"[71370, 78000]",256,256,0.01,2,"{""fixed_ranks"": [1, 2, 4, 8, 16, 32], ""variance_thresholds"": [0.9, 0.95]}",recorded_ood,0.12776176006246467,0.06082127816431382,val,0.13630525422658019,0.1386792717412358,0.1358918912307311,0.17764167032796385,1.0,0.13247224092826887,0.18325042848873047,0.13824306694121458,0.008543494164115515,0.059487632995165116,-0.0013336451691486962,0.1800054252933353,0.060953851129529016,128,128,255,512,True,0.04077371033031458,CHEATING; fit on first half of this split; score second half only,64,5,5,567,composition_error,D_nll,checkpoint_program_means,5,0.1276271031443439,0.8379423608238656,0.7,0.1881204043741873,ok,-0.9526659251091518,1.0,experiment_run,False,5,Cluster bootstrap by experiment; training-time checkpoints share a run. Few C1 models limit inference.,,,,,,,,,,,,,,
"[""/home/ubuntu/cogitao-research/checkpoints/cogitao_vit_cross_attention/cogitao_c1_experiment_1_vit6_function_mlp_cross_attention/run_000/last.ckpt"", ""/home/ubuntu/cogitao-research/checkpoints/cogitao_vit_cross_attention/cogitao_c1_experiment_2_vit6_function_mlp_cross_attention/run_000/last.ckpt"", ""/home/ubuntu/cogitao-research/checkpoints/cogitao_vit_cross_attention/cogitao_c1_experiment_3_vit6_function_mlp_cross_attention/run_000/last.ckpt"", ""/home/ubuntu/cogitao-research/checkpoints/cogitao_vit_cross_attention/cogitao_c1_experiment_4_vit6_function_mlp_cross_attention/run_000/last.ckpt"", ""/home/ubuntu/cogitao-research/checkpoints/cogitao_vit_cross_attention/cogitao_c1_experiment_5_vit6_function_mlp_cross_attention/run_000/last.ckpt""]","[""2bff05e8e2e5f390f6eb1f5cbf0ac8187832a8a365af10da7100cb8d732aa3f2"", ""35f91e02d5b826c89f6b24f52abf83581220b4b6676009c59b6715b0b2251589"", ""900674f94996e9b2f5190e7cd8bac4486d09332daaf131226f7f107123274de1"", ""9fc5e4f84cb131416f158af2b67349dc93c59e82f33086a7eeab2f7d6f335a7f"", ""c6578b6a655d823b9e27296aaf186e6b5b97bad640fb400cc5f2abaa6f308e6d""]","[""dfec9cbb2afe6616194c1fb41430c0c5d2bc4208""]","[1, 2, 3, 4, 5]",val_ood,"[""change_shape_color"", ""crop_bottom_side"", ""crop_contours"", ""extend_contours_same_color"", ""rot90""]","[""double_right"", ""pad_left"", ""pad_right"", ""rot90"", ""translate_up""]","[""double_right -> crop_contours"", ""pad_left -> extend_contours_same_color"", ""pad_right -> change_shape_color"", ""rot90 -> crop_bottom_side"", ""translate_up -> rot90""]","pair (f,g): fgx=f(g(x)); task-token order [g,f] means g -> f",567,5,5,image_block_04,42,"[71370, 78000]",256,256,0.01,2,"{""fixed_ranks"": [1, 2, 4, 8, 16, 32], ""variance_thresholds"": [0.9, 0.95]}",recorded_ood,0.12776176006246467,0.06082127816431382,val,0.13630525422658019,0.1386792717412358,0.1358918912307311,0.17764167032796385,1.0,0.13247224092826887,0.18325042848873047,0.13824306694121458,0.008543494164115515,0.059487632995165116,-0.0013336451691486962,0.1800054252933353,0.060953851129529016,128,128,255,512,True,0.04077371033031458,CHEATING; fit on first half of this split; score second half only,64,5,5,567,composition_error,D_confidence,checkpoint_program_means,5,0.44219174106172754,0.45591183435581384,0.39999999999999997,0.5046315754686912,ok,-0.7129371058740067,1.0,experiment_run,False,5,Cluster bootstrap by experiment; training-time checkpoints share a run. Few C1 models limit inference.,,,,,,,,,,,,,,
"[""/home/ubuntu/cogitao-research/checkpoints/cogitao_vit_cross_attention/cogitao_c1_experiment_1_vit6_function_mlp_cross_attention/run_000/last.ckpt"", ""/home/ubuntu/cogitao-research/checkpoints/cogitao_vit_cross_attention/cogitao_c1_experiment_2_vit6_function_mlp_cross_attention/run_000/last.ckpt"", ""/home/ubuntu/cogitao-research/checkpoints/cogitao_vit_cross_attention/cogitao_c1_experiment_3_vit6_function_mlp_cross_attention/run_000/last.ckpt"", ""/home/ubuntu/cogitao-research/checkpoints/cogitao_vit_cross_attention/cogitao_c1_experiment_4_vit6_function_mlp_cross_attention/run_000/last.ckpt"", ""/home/ubuntu/cogitao-research/checkpoints/cogitao_vit_cross_attention/cogitao_c1_experiment_5_vit6_function_mlp_cross_attention/run_000/last.ckpt""]","[""2bff05e8e2e5f390f6eb1f5cbf0ac8187832a8a365af10da7100cb8d732aa3f2"", ""35f91e02d5b826c89f6b24f52abf83581220b4b6676009c59b6715b0b2251589"", ""900674f94996e9b2f5190e7cd8bac4486d09332daaf131226f7f107123274de1"", ""9fc5e4f84cb131416f158af2b67349dc93c59e82f33086a7eeab2f7d6f335a7f"", ""c6578b6a655d823b9e27296aaf186e6b5b97bad640fb400cc5f2abaa6f308e6d""]","[""dfec9cbb2afe6616194c1fb41430c0c5d2bc4208""]","[1, 2, 3, 4, 5]",val_ood,"[""change_shape_color"", ""crop_bottom_side"", ""crop_contours"", ""extend_contours_same_color"", ""rot90""]","[""double_right"", ""pad_left"", ""pad_right"", ""rot90"", ""translate_up""]","[""double_right -> crop_contours"", ""pad_left -> extend_contours_same_color"", ""pad_right -> change_shape_color"", ""rot90 -> crop_bottom_side"", ""translate_up -> rot90""]","pair (f,g): fgx=f(g(x)); task-token order [g,f] means g -> f",567,5,5,image_block_04,42,"[71370, 78000]",256,256,0.01,2,"{""fixed_ranks"": [1, 2, 4, 8, 16, 32], ""variance_thresholds"": [0.9, 0.95]}",recorded_ood,0.12776176006246467,0.06082127816431382,val,0.13630525422658019,0.1386792717412358,0.1358918912307311,0.17764167032796385,1.0,0.13247224092826887,0.18325042848873047,0.13824306694121458,0.008543494164115515,0.059487632995165116,-0.0013336451691486962,0.1800054252933353,0.060953851129529016,128,128,255,512,True,0.04077371033031458,CHEATING; fit on first half of this split; score second half only,64,5,5,567,composition_error,D_brier,checkpoint_program_means,5,-0.06796089739029343,0.9135361536719289,0.3,0.623837664781073,ok,-0.965936536980705,1.0,experiment_run,False,5,Cluster bootstrap by experiment; training-time checkpoints share a run. Few C1 models limit inference.,,,,,,,,,,,,,,
"[""/home/ubuntu/cogitao-research/checkpoints/cogitao_vit_cross_attention/cogitao_c1_experiment_1_vit6_function_mlp_cross_attention/run_000/last.ckpt"", ""/home/ubuntu/cogitao-research/checkpoints/cogitao_vit_cross_attention/cogitao_c1_experiment_2_vit6_function_mlp_cross_attention/run_000/last.ckpt"", ""/home/ubuntu/cogitao-research/checkpoints/cogitao_vit_cross_attention/cogitao_c1_experiment_3_vit6_function_mlp_cross_attention/run_000/last.ckpt"", ""/home/ubuntu/cogitao-research/checkpoints/cogitao_vit_cross_attention/cogitao_c1_experiment_4_vit6_function_mlp_cross_attention/run_000/last.ckpt"", ""/home/ubuntu/cogitao-research/checkpoints/cogitao_vit_cross_attention/cogitao_c1_experiment_5_vit6_function_mlp_cross_attention/run_000/last.ckpt""]","[""2bff05e8e2e5f390f6eb1f5cbf0ac8187832a8a365af10da7100cb8d732aa3f2"", ""35f91e02d5b826c89f6b24f52abf83581220b4b6676009c59b6715b0b2251589"", ""900674f94996e9b2f5190e7cd8bac4486d09332daaf131226f7f107123274de1"", ""9fc5e4f84cb131416f158af2b67349dc93c59e82f33086a7eeab2f7d6f335a7f"", ""c6578b6a655d823b9e27296aaf186e6b5b97bad640fb400cc5f2abaa6f308e6d""]","[""dfec9cbb2afe6616194c1fb41430c0c5d2bc4208""]","[1, 2, 3, 4, 5]",val_ood,"[""change_shape_color"", ""crop_bottom_side"", ""crop_contours"", ""extend_contours_same_color"", ""rot90""]","[""double_right"", ""pad_left"", ""pad_right"", ""rot90"", ""translate_up""]","[""double_right -> crop_contours"", ""pad_left -> extend_contours_same_color"", ""pad_right -> change_shape_color"", ""rot90 -> crop_bottom_side"", ""translate_up -> rot90""]","pair (f,g): fgx=f(g(x)); task-token order [g,f] means g -> f",567,5,5,image_block_04,42,"[71370, 78000]",256,256,0.01,2,"{""fixed_ranks"": [1, 2, 4, 8, 16, 32], ""variance_thresholds"": [0.9, 0.95]}",recorded_ood,0.12776176006246467,0.06082127816431382,val,0.13630525422658019,0.1386792717412358,0.1358918912307311,0.17764167032796385,1.0,0.13247224092826887,0.18325042848873047,0.13824306694121458,0.008543494164115515,0.059487632995165116,-0.0013336451691486962,0.1800054252933353,0.060953851129529016,128,128,255,512,True,0.04077371033031458,CHEATING; fit on first half of this split; score second half only,64,5,5,567,transfer_gap,D_object_error,checkpoint_program_means,5,0.41989379887246103,0.48152878598932364,0.39999999999999997,0.5046315754686912,ok,-0.6089414726231388,1.0,experiment_run,False,5,Cluster bootstrap by experiment; training-time checkpoints share a run. Few C1 models limit inference.,,,,,,,,,,,,,,
"[""/home/ubuntu/cogitao-research/checkpoints/cogitao_vit_cross_attention/cogitao_c1_experiment_1_vit6_function_mlp_cross_attention/run_000/last.ckpt"", ""/home/ubuntu/cogitao-research/checkpoints/cogitao_vit_cross_attention/cogitao_c1_experiment_2_vit6_function_mlp_cross_attention/run_000/last.ckpt"", ""/home/ubuntu/cogitao-research/checkpoints/cogitao_vit_cross_attention/cogitao_c1_experiment_3_vit6_function_mlp_cross_attention/run_000/last.ckpt"", ""/home/ubuntu/cogitao-research/checkpoints/cogitao_vit_cross_attention/cogitao_c1_experiment_4_vit6_function_mlp_cross_attention/run_000/last.ckpt"", ""/home/ubuntu/cogitao-research/checkpoints/cogitao_vit_cross_attention/cogitao_c1_experiment_5_vit6_function_mlp_cross_attention/run_000/last.ckpt""]","[""2bff05e8e2e5f390f6eb1f5cbf0ac8187832a8a365af10da7100cb8d732aa3f2"", ""35f91e02d5b826c89f6b24f52abf83581220b4b6676009c59b6715b0b2251589"", ""900674f94996e9b2f5190e7cd8bac4486d09332daaf131226f7f107123274de1"", ""9fc5e4f84cb131416f158af2b67349dc93c59e82f33086a7eeab2f7d6f335a7f"", ""c6578b6a655d823b9e27296aaf186e6b5b97bad640fb400cc5f2abaa6f308e6d""]","[""dfec9cbb2afe6616194c1fb41430c0c5d2bc4208""]","[1, 2, 3, 4, 5]",val_ood,"[""change_shape_color"", ""crop_bottom_side"", ""crop_contours"", ""extend_contours_same_color"", ""rot90""]","[""double_right"", ""pad_left"", ""pad_right"", ""rot90"", ""translate_up""]","[""double_right -> crop_contours"", ""pad_left -> extend_contours_same_color"", ""pad_right -> change_shape_color"", ""rot90 -> crop_bottom_side"", ""translate_up -> rot90""]","pair (f,g): fgx=f(g(x)); task-token order [g,f] means g -> f",567,5,5,image_block_04,42,"[71370, 78000]",256,256,0.01,2,"{""fixed_ranks"": [1, 2, 4, 8, 16, 32], ""variance_thresholds"": [0.9, 0.95]}",recorded_ood,0.12776176006246467,0.06082127816431382,val,0.13630525422658019,0.1386792717412358,0.1358918912307311,0.17764167032796385,1.0,0.13247224092826887,0.18325042848873047,0.13824306694121458,0.008543494164115515,0.059487632995165116,-0.0013336451691486962,0.1800054252933353,0.060953851129529016,128,128,255,512,True,0.04077371033031458,CHEATING; fit on first half of this split; score second half only,64,5,5,567,transfer_gap,D_nll,checkpoint_program_means,5,0.6394320750940717,0.2453603565089301,0.8999999999999998,0.03738607346849874,ok,-0.3492615546170164,1.0,experiment_run,False,5,Cluster bootstrap by experiment; training-time checkpoints share a run. Few C1 models limit inference.,,,,,,,,,,,,,,
"[""/home/ubuntu/cogitao-research/checkpoints/cogitao_vit_cross_attention/cogitao_c1_experiment_1_vit6_function_mlp_cross_attention/run_000/last.ckpt"", ""/home/ubuntu/cogitao-research/checkpoints/cogitao_vit_cross_attention/cogitao_c1_experiment_2_vit6_function_mlp_cross_attention/run_000/last.ckpt"", ""/home/ubuntu/cogitao-research/checkpoints/cogitao_vit_cross_attention/cogitao_c1_experiment_3_vit6_function_mlp_cross_attention/run_000/last.ckpt"", ""/home/ubuntu/cogitao-research/checkpoints/cogitao_vit_cross_attention/cogitao_c1_experiment_4_vit6_function_mlp_cross_attention/run_000/last.ckpt"", ""/home/ubuntu/cogitao-research/checkpoints/cogitao_vit_cross_attention/cogitao_c1_experiment_5_vit6_function_mlp_cross_attention/run_000/last.ckpt""]","[""2bff05e8e2e5f390f6eb1f5cbf0ac8187832a8a365af10da7100cb8d732aa3f2"", ""35f91e02d5b826c89f6b24f52abf83581220b4b6676009c59b6715b0b2251589"", ""900674f94996e9b2f5190e7cd8bac4486d09332daaf131226f7f107123274de1"", ""9fc5e4f84cb131416f158af2b67349dc93c59e82f33086a7eeab2f7d6f335a7f"", ""c6578b6a655d823b9e27296aaf186e6b5b97bad640fb400cc5f2abaa6f308e6d""]","[""dfec9cbb2afe6616194c1fb41430c0c5d2bc4208""]","[1, 2, 3, 4, 5]",val_ood,"[""change_shape_color"", ""crop_bottom_side"", ""crop_contours"", ""extend_contours_same_color"", ""rot90""]","[""double_right"", ""pad_left"", ""pad_right"", ""rot90"", ""translate_up""]","[""double_right -> crop_contours"", ""pad_left -> extend_contours_same_color"", ""pad_right -> change_shape_color"", ""rot90 -> crop_bottom_side"", ""translate_up -> rot90""]","pair (f,g): fgx=f(g(x)); task-token order [g,f] means g -> f",567,5,5,image_block_04,42,"[71370, 78000]",256,256,0.01,2,"{""fixed_ranks"": [1, 2, 4, 8, 16, 32], ""variance_thresholds"": [0.9, 0.95]}",recorded_ood,0.12776176006246467,0.06082127816431382,val,0.13630525422658019,0.1386792717412358,0.1358918912307311,0.17764167032796385,1.0,0.13247224092826887,0.18325042848873047,0.13824306694121458,0.008543494164115515,0.059487632995165116,-0.0013336451691486962,0.1800054252933353,0.060953851129529016,128,128,255,512,True,0.04077371033031458,CHEATING; fit on first half of this split; score second half only,64,5,5,567,transfer_gap,D_confidence,checkpoint_program_means,5,0.7286360900775694,0.16260813764440754,0.3,0.623837664781073,ok,-0.9999999999999999,1.0,experiment_run,False,5,Cluster bootstrap by experiment; training-time checkpoints share a run. Few C1 models limit inference.,,,,,,,,,,,,,,
"[""/home/ubuntu/cogitao-research/checkpoints/cogitao_vit_cross_attention/cogitao_c1_experiment_1_vit6_function_mlp_cross_attention/run_000/last.ckpt"", ""/home/ubuntu/cogitao-research/checkpoints/cogitao_vit_cross_attention/cogitao_c1_experiment_2_vit6_function_mlp_cross_attention/run_000/last.ckpt"", ""/home/ubuntu/cogitao-research/checkpoints/cogitao_vit_cross_attention/cogitao_c1_experiment_3_vit6_function_mlp_cross_attention/run_000/last.ckpt"", ""/home/ubuntu/cogitao-research/checkpoints/cogitao_vit_cross_attention/cogitao_c1_experiment_4_vit6_function_mlp_cross_attention/run_000/last.ckpt"", ""/home/ubuntu/cogitao-research/checkpoints/cogitao_vit_cross_attention/cogitao_c1_experiment_5_vit6_function_mlp_cross_attention/run_000/last.ckpt""]","[""2bff05e8e2e5f390f6eb1f5cbf0ac8187832a8a365af10da7100cb8d732aa3f2"", ""35f91e02d5b826c89f6b24f52abf83581220b4b6676009c59b6715b0b2251589"", ""900674f94996e9b2f5190e7cd8bac4486d09332daaf131226f7f107123274de1"", ""9fc5e4f84cb131416f158af2b67349dc93c59e82f33086a7eeab2f7d6f335a7f"", ""c6578b6a655d823b9e27296aaf186e6b5b97bad640fb400cc5f2abaa6f308e6d""]","[""dfec9cbb2afe6616194c1fb41430c0c5d2bc4208""]","[1, 2, 3, 4, 5]",val_ood,"[""change_shape_color"", ""crop_bottom_side"", ""crop_contours"", ""extend_contours_same_color"", ""rot90""]","[""double_right"", ""pad_left"", ""pad_right"", ""rot90"", ""translate_up""]","[""double_right -> crop_contours"", ""pad_left -> extend_contours_same_color"", ""pad_right -> change_shape_color"", ""rot90 -> crop_bottom_side"", ""translate_up -> rot90""]","pair (f,g): fgx=f(g(x)); task-token order [g,f] means g -> f",567,5,5,image_block_04,42,"[71370, 78000]",256,256,0.01,2,"{""fixed_ranks"": [1, 2, 4, 8, 16, 32], ""variance_thresholds"": [0.9, 0.95]}",recorded_ood,0.12776176006246467,0.06082127816431382,val,0.13630525422658019,0.1386792717412358,0.1358918912307311,0.17764167032796385,1.0,0.13247224092826887,0.18325042848873047,0.13824306694121458,0.008543494164115515,0.059487632995165116,-0.0013336451691486962,0.1800054252933353,0.060953851129529016,128,128,255,512,True,0.04077371033031458,CHEATING; fit on first half of this split; score second half only,64,5,5,567,transfer_gap,D_brier,checkpoint_program_means,5,0.582443399367867,0.3027849416072661,0.49999999999999994,0.3910022189557703,ok,-0.807510232890584,1.0,experiment_run,False,5,Cluster bootstrap by experiment; training-time checkpoints share a run. Few C1 models limit inference.,,,,,,,,,,,,,,
"[""/home/ubuntu/cogitao-research/checkpoints/cogitao_vit_cross_attention/cogitao_c1_experiment_1_vit6_function_mlp_cross_attention/run_000/last.ckpt"", ""/home/ubuntu/cogitao-research/checkpoints/cogitao_vit_cross_attention/cogitao_c1_experiment_2_vit6_function_mlp_cross_attention/run_000/last.ckpt"", ""/home/ubuntu/cogitao-research/checkpoints/cogitao_vit_cross_attention/cogitao_c1_experiment_3_vit6_function_mlp_cross_attention/run_000/last.ckpt"", ""/home/ubuntu/cogitao-research/checkpoints/cogitao_vit_cross_attention/cogitao_c1_experiment_4_vit6_function_mlp_cross_attention/run_000/last.ckpt"", ""/home/ubuntu/cogitao-research/checkpoints/cogitao_vit_cross_attention/cogitao_c1_experiment_5_vit6_function_mlp_cross_attention/run_000/last.ckpt""]","[""2bff05e8e2e5f390f6eb1f5cbf0ac8187832a8a365af10da7100cb8d732aa3f2"", ""35f91e02d5b826c89f6b24f52abf83581220b4b6676009c59b6715b0b2251589"", ""900674f94996e9b2f5190e7cd8bac4486d09332daaf131226f7f107123274de1"", ""9fc5e4f84cb131416f158af2b67349dc93c59e82f33086a7eeab2f7d6f335a7f"", ""c6578b6a655d823b9e27296aaf186e6b5b97bad640fb400cc5f2abaa6f308e6d""]","[""dfec9cbb2afe6616194c1fb41430c0c5d2bc4208""]","[1, 2, 3, 4, 5]",val_ood,"[""change_shape_color"", ""crop_bottom_side"", ""crop_contours"", ""extend_contours_same_color"", ""rot90""]","[""double_right"", ""pad_left"", ""pad_right"", ""rot90"", ""translate_up""]","[""double_right -> crop_contours"", ""pad_left -> extend_contours_same_color"", ""pad_right -> change_shape_color"", ""rot90 -> crop_bottom_side"", ""translate_up -> rot90""]","pair (f,g): fgx=f(g(x)); task-token order [g,f] means g -> f",567,5,5,image_block_05,42,"[71370, 78000]",256,256,0.01,2,"{""fixed_ranks"": [1, 2, 4, 8, 16, 32], ""variance_thresholds"": [0.9, 0.95]}",recorded_ood,0.21767870899661795,0.10169646989594405,val,0.2315777889451518,0.23631111657410045,0.23094934941869508,0.31604872261657524,1.0,0.28688524469672017,0.26585291735261984,0.2343421416297189,0.013899079948533838,0.1059573573675972,0.004260887471653159,0.27981394457903574,0.12435193700303818,128,128,255,512,True,0.054718368094727333,CHEATING; fit on first half of this split; score second half only,64,5,5,567,context_error,D_object_error,checkpoint_program_means,5,0.4616552176132369,0.4338057322424137,0.0,1.0,ok,-1.0,0.9999999999999999,experiment_run,False,5,Cluster bootstrap by experiment; training-time checkpoints share a run. Few C1 models limit inference.,,,,,,,,,,,,,,
"[""/home/ubuntu/cogitao-research/checkpoints/cogitao_vit_cross_attention/cogitao_c1_experiment_1_vit6_function_mlp_cross_attention/run_000/last.ckpt"", ""/home/ubuntu/cogitao-research/checkpoints/cogitao_vit_cross_attention/cogitao_c1_experiment_2_vit6_function_mlp_cross_attention/run_000/last.ckpt"", ""/home/ubuntu/cogitao-research/checkpoints/cogitao_vit_cross_attention/cogitao_c1_experiment_3_vit6_function_mlp_cross_attention/run_000/last.ckpt"", ""/home/ubuntu/cogitao-research/checkpoints/cogitao_vit_cross_attention/cogitao_c1_experiment_4_vit6_function_mlp_cross_attention/run_000/last.ckpt"", ""/home/ubuntu/cogitao-research/checkpoints/cogitao_vit_cross_attention/cogitao_c1_experiment_5_vit6_function_mlp_cross_attention/run_000/last.ckpt""]","[""2bff05e8e2e5f390f6eb1f5cbf0ac8187832a8a365af10da7100cb8d732aa3f2"", ""35f91e02d5b826c89f6b24f52abf83581220b4b6676009c59b6715b0b2251589"", ""900674f94996e9b2f5190e7cd8bac4486d09332daaf131226f7f107123274de1"", ""9fc5e4f84cb131416f158af2b67349dc93c59e82f33086a7eeab2f7d6f335a7f"", ""c6578b6a655d823b9e27296aaf186e6b5b97bad640fb400cc5f2abaa6f308e6d""]","[""dfec9cbb2afe6616194c1fb41430c0c5d2bc4208""]","[1, 2, 3, 4, 5]",val_ood,"[""change_shape_color"", ""crop_bottom_side"", ""crop_contours"", ""extend_contours_same_color"", ""rot90""]","[""double_right"", ""pad_left"", ""pad_right"", ""rot90"", ""translate_up""]","[""double_right -> crop_contours"", ""pad_left -> extend_contours_same_color"", ""pad_right -> change_shape_color"", ""rot90 -> crop_bottom_side"", ""translate_up -> rot90""]","pair (f,g): fgx=f(g(x)); task-token order [g,f] means g -> f",567,5,5,image_block_05,42,"[71370, 78000]",256,256,0.01,2,"{""fixed_ranks"": [1, 2, 4, 8, 16, 32], ""variance_thresholds"": [0.9, 0.95]}",recorded_ood,0.21767870899661795,0.10169646989594405,val,0.2315777889451518,0.23631111657410045,0.23094934941869508,0.31604872261657524,1.0,0.28688524469672017,0.26585291735261984,0.2343421416297189,0.013899079948533838,0.1059573573675972,0.004260887471653159,0.27981394457903574,0.12435193700303818,128,128,255,512,True,0.054718368094727333,CHEATING; fit on first half of this split; score second half only,64,5,5,567,context_error,D_nll,checkpoint_program_means,5,0.6076212171759952,0.2770219888231473,0.7,0.1881204043741873,ok,-0.9999999999999999,1.0,experiment_run,False,5,Cluster bootstrap by experiment; training-time checkpoints share a run. Few C1 models limit inference.,,,,,,,,,,,,,,
"[""/home/ubuntu/cogitao-research/checkpoints/cogitao_vit_cross_attention/cogitao_c1_experiment_1_vit6_function_mlp_cross_attention/run_000/last.ckpt"", ""/home/ubuntu/cogitao-research/checkpoints/cogitao_vit_cross_attention/cogitao_c1_experiment_2_vit6_function_mlp_cross_attention/run_000/last.ckpt"", ""/home/ubuntu/cogitao-research/checkpoints/cogitao_vit_cross_attention/cogitao_c1_experiment_3_vit6_function_mlp_cross_attention/run_000/last.ckpt"", ""/home/ubuntu/cogitao-research/checkpoints/cogitao_vit_cross_attention/cogitao_c1_experiment_4_vit6_function_mlp_cross_attention/run_000/last.ckpt"", ""/home/ubuntu/cogitao-research/checkpoints/cogitao_vit_cross_attention/cogitao_c1_experiment_5_vit6_function_mlp_cross_attention/run_000/last.ckpt""]","[""2bff05e8e2e5f390f6eb1f5cbf0ac8187832a8a365af10da7100cb8d732aa3f2"", ""35f91e02d5b826c89f6b24f52abf83581220b4b6676009c59b6715b0b2251589"", ""900674f94996e9b2f5190e7cd8bac4486d09332daaf131226f7f107123274de1"", ""9fc5e4f84cb131416f158af2b67349dc93c59e82f33086a7eeab2f7d6f335a7f"", ""c6578b6a655d823b9e27296aaf186e6b5b97bad640fb400cc5f2abaa6f308e6d""]","[""dfec9cbb2afe6616194c1fb41430c0c5d2bc4208""]","[1, 2, 3, 4, 5]",val_ood,"[""change_shape_color"", ""crop_bottom_side"", ""crop_contours"", ""extend_contours_same_color"", ""rot90""]","[""double_right"", ""pad_left"", ""pad_right"", ""rot90"", ""translate_up""]","[""double_right -> crop_contours"", ""pad_left -> extend_contours_same_color"", ""pad_right -> change_shape_color"", ""rot90 -> crop_bottom_side"", ""translate_up -> rot90""]","pair (f,g): fgx=f(g(x)); task-token order [g,f] means g -> f",567,5,5,image_block_05,42,"[71370, 78000]",256,256,0.01,2,"{""fixed_ranks"": [1, 2, 4, 8, 16, 32], ""variance_thresholds"": [0.9, 0.95]}",recorded_ood,0.21767870899661795,0.10169646989594405,val,0.2315777889451518,0.23631111657410045,0.23094934941869508,0.31604872261657524,1.0,0.28688524469672017,0.26585291735261984,0.2343421416297189,0.013899079948533838,0.1059573573675972,0.004260887471653159,0.27981394457903574,0.12435193700303818,128,128,255,512,True,0.054718368094727333,CHEATING; fit on first half of this split; score second half only,64,5,5,567,context_error,D_confidence,checkpoint_program_means,5,0.38903483445968035,0.5174603466284174,0.6,0.28475697986529386,ok,-0.9969836771082764,1.0,experiment_run,False,5,Cluster bootstrap by experiment; training-time checkpoints share a run. Few C1 models limit inference.,,,,,,,,,,,,,,
"[""/home/ubuntu/cogitao-research/checkpoints/cogitao_vit_cross_attention/cogitao_c1_experiment_1_vit6_function_mlp_cross_attention/run_000/last.ckpt"", ""/home/ubuntu/cogitao-research/checkpoints/cogitao_vit_cross_attention/cogitao_c1_experiment_2_vit6_function_mlp_cross_attention/run_000/last.ckpt"", ""/home/ubuntu/cogitao-research/checkpoints/cogitao_vit_cross_attention/cogitao_c1_experiment_3_vit6_function_mlp_cross_attention/run_000/last.ckpt"", ""/home/ubuntu/cogitao-research/checkpoints/cogitao_vit_cross_attention/cogitao_c1_experiment_4_vit6_function_mlp_cross_attention/run_000/last.ckpt"", ""/home/ubuntu/cogitao-research/checkpoints/cogitao_vit_cross_attention/cogitao_c1_experiment_5_vit6_function_mlp_cross_attention/run_000/last.ckpt""]","[""2bff05e8e2e5f390f6eb1f5cbf0ac8187832a8a365af10da7100cb8d732aa3f2"", ""35f91e02d5b826c89f6b24f52abf83581220b4b6676009c59b6715b0b2251589"", ""900674f94996e9b2f5190e7cd8bac4486d09332daaf131226f7f107123274de1"", ""9fc5e4f84cb131416f158af2b67349dc93c59e82f33086a7eeab2f7d6f335a7f"", ""c6578b6a655d823b9e27296aaf186e6b5b97bad640fb400cc5f2abaa6f308e6d""]","[""dfec9cbb2afe6616194c1fb41430c0c5d2bc4208""]","[1, 2, 3, 4, 5]",val_ood,"[""change_shape_color"", ""crop_bottom_side"", ""crop_contours"", ""extend_contours_same_color"", ""rot90""]","[""double_right"", ""pad_left"", ""pad_right"", ""rot90"", ""translate_up""]","[""double_right -> crop_contours"", ""pad_left -> extend_contours_same_color"", ""pad_right -> change_shape_color"", ""rot90 -> crop_bottom_side"", ""translate_up -> rot90""]","pair (f,g): fgx=f(g(x)); task-token order [g,f] means g -> f",567,5,5,image_block_05,42,"[71370, 78000]",256,256,0.01,2,"{""fixed_ranks"": [1, 2, 4, 8, 16, 32], ""variance_thresholds"": [0.9, 0.95]}",recorded_ood,0.21767870899661795,0.10169646989594405,val,0.2315777889451518,0.23631111657410045,0.23094934941869508,0.31604872261657524,1.0,0.28688524469672017,0.26585291735261984,0.2343421416297189,0.013899079948533838,0.1059573573675972,0.004260887471653159,0.27981394457903574,0.12435193700303818,128,128,255,512,True,0.054718368094727333,CHEATING; fit on first half of this split; score second half only,64,5,5,567,context_error,D_brier,checkpoint_program_means,5,0.17806890337740539,0.7744795778855856,0.3,0.623837664781073,ok,-0.9999999999999999,1.0,experiment_run,False,5,Cluster bootstrap by experiment; training-time checkpoints share a run. Few C1 models limit inference.,,,,,,,,,,,,,,
"[""/home/ubuntu/cogitao-research/checkpoints/cogitao_vit_cross_attention/cogitao_c1_experiment_1_vit6_function_mlp_cross_attention/run_000/last.ckpt"", ""/home/ubuntu/cogitao-research/checkpoints/cogitao_vit_cross_attention/cogitao_c1_experiment_2_vit6_function_mlp_cross_attention/run_000/last.ckpt"", ""/home/ubuntu/cogitao-research/checkpoints/cogitao_vit_cross_attention/cogitao_c1_experiment_3_vit6_function_mlp_cross_attention/run_000/last.ckpt"", ""/home/ubuntu/cogitao-research/checkpoints/cogitao_vit_cross_attention/cogitao_c1_experiment_4_vit6_function_mlp_cross_attention/run_000/last.ckpt"", ""/home/ubuntu/cogitao-research/checkpoints/cogitao_vit_cross_attention/cogitao_c1_experiment_5_vit6_function_mlp_cross_attention/run_000/last.ckpt""]","[""2bff05e8e2e5f390f6eb1f5cbf0ac8187832a8a365af10da7100cb8d732aa3f2"", ""35f91e02d5b826c89f6b24f52abf83581220b4b6676009c59b6715b0b2251589"", ""900674f94996e9b2f5190e7cd8bac4486d09332daaf131226f7f107123274de1"", ""9fc5e4f84cb131416f158af2b67349dc93c59e82f33086a7eeab2f7d6f335a7f"", ""c6578b6a655d823b9e27296aaf186e6b5b97bad640fb400cc5f2abaa6f308e6d""]","[""dfec9cbb2afe6616194c1fb41430c0c5d2bc4208""]","[1, 2, 3, 4, 5]",val_ood,"[""change_shape_color"", ""crop_bottom_side"", ""crop_contours"", ""extend_contours_same_color"", ""rot90""]","[""double_right"", ""pad_left"", ""pad_right"", ""rot90"", ""translate_up""]","[""double_right -> crop_contours"", ""pad_left -> extend_contours_same_color"", ""pad_right -> change_shape_color"", ""rot90 -> crop_bottom_side"", ""translate_up -> rot90""]","pair (f,g): fgx=f(g(x)); task-token order [g,f] means g -> f",567,5,5,image_block_05,42,"[71370, 78000]",256,256,0.01,2,"{""fixed_ranks"": [1, 2, 4, 8, 16, 32], ""variance_thresholds"": [0.9, 0.95]}",recorded_ood,0.21767870899661795,0.10169646989594405,val,0.2315777889451518,0.23631111657410045,0.23094934941869508,0.31604872261657524,1.0,0.28688524469672017,0.26585291735261984,0.2343421416297189,0.013899079948533838,0.1059573573675972,0.004260887471653159,0.27981394457903574,0.12435193700303818,128,128,255,512,True,0.054718368094727333,CHEATING; fit on first half of this split; score second half only,64,5,5,567,composition_error,D_object_error,checkpoint_program_means,5,0.4070024712189421,0.4964738073035667,-0.09999999999999999,0.8728885715695384,ok,-1.0,0.9999999999999998,experiment_run,False,5,Cluster bootstrap by experiment; training-time checkpoints share a run. Few C1 models limit inference.,,,,,,,,,,,,,,
"[""/home/ubuntu/cogitao-research/checkpoints/cogitao_vit_cross_attention/cogitao_c1_experiment_1_vit6_function_mlp_cross_attention/run_000/last.ckpt"", ""/home/ubuntu/cogitao-research/checkpoints/cogitao_vit_cross_attention/cogitao_c1_experiment_2_vit6_function_mlp_cross_attention/run_000/last.ckpt"", ""/home/ubuntu/cogitao-research/checkpoints/cogitao_vit_cross_attention/cogitao_c1_experiment_3_vit6_function_mlp_cross_attention/run_000/last.ckpt"", ""/home/ubuntu/cogitao-research/checkpoints/cogitao_vit_cross_attention/cogitao_c1_experiment_4_vit6_function_mlp_cross_attention/run_000/last.ckpt"", ""/home/ubuntu/cogitao-research/checkpoints/cogitao_vit_cross_attention/cogitao_c1_experiment_5_vit6_function_mlp_cross_attention/run_000/last.ckpt""]","[""2bff05e8e2e5f390f6eb1f5cbf0ac8187832a8a365af10da7100cb8d732aa3f2"", ""35f91e02d5b826c89f6b24f52abf83581220b4b6676009c59b6715b0b2251589"", ""900674f94996e9b2f5190e7cd8bac4486d09332daaf131226f7f107123274de1"", ""9fc5e4f84cb131416f158af2b67349dc93c59e82f33086a7eeab2f7d6f335a7f"", ""c6578b6a655d823b9e27296aaf186e6b5b97bad640fb400cc5f2abaa6f308e6d""]","[""dfec9cbb2afe6616194c1fb41430c0c5d2bc4208""]","[1, 2, 3, 4, 5]",val_ood,"[""change_shape_color"", ""crop_bottom_side"", ""crop_contours"", ""extend_contours_same_color"", ""rot90""]","[""double_right"", ""pad_left"", ""pad_right"", ""rot90"", ""translate_up""]","[""double_right -> crop_contours"", ""pad_left -> extend_contours_same_color"", ""pad_right -> change_shape_color"", ""rot90 -> crop_bottom_side"", ""translate_up -> rot90""]","pair (f,g): fgx=f(g(x)); task-token order [g,f] means g -> f",567,5,5,image_block_05,42,"[71370, 78000]",256,256,0.01,2,"{""fixed_ranks"": [1, 2, 4, 8, 16, 32], ""variance_thresholds"": [0.9, 0.95]}",recorded_ood,0.21767870899661795,0.10169646989594405,val,0.2315777889451518,0.23631111657410045,0.23094934941869508,0.31604872261657524,1.0,0.28688524469672017,0.26585291735261984,0.2343421416297189,0.013899079948533838,0.1059573573675972,0.004260887471653159,0.27981394457903574,0.12435193700303818,128,128,255,512,True,0.054718368094727333,CHEATING; fit on first half of this split; score second half only,64,5,5,567,composition_error,D_nll,checkpoint_program_means,5,0.30895378053450573,0.6129786911472876,0.49999999999999994,0.3910022189557703,ok,-0.9999999999999999,1.0,experiment_run,False,5,Cluster bootstrap by experiment; training-time checkpoints share a run. Few C1 models limit inference.,,,,,,,,,,,,,,
"[""/home/ubuntu/cogitao-research/checkpoints/cogitao_vit_cross_attention/cogitao_c1_experiment_1_vit6_function_mlp_cross_attention/run_000/last.ckpt"", ""/home/ubuntu/cogitao-research/checkpoints/cogitao_vit_cross_attention/cogitao_c1_experiment_2_vit6_function_mlp_cross_attention/run_000/last.ckpt"", ""/home/ubuntu/cogitao-research/checkpoints/cogitao_vit_cross_attention/cogitao_c1_experiment_3_vit6_function_mlp_cross_attention/run_000/last.ckpt"", ""/home/ubuntu/cogitao-research/checkpoints/cogitao_vit_cross_attention/cogitao_c1_experiment_4_vit6_function_mlp_cross_attention/run_000/last.ckpt"", ""/home/ubuntu/cogitao-research/checkpoints/cogitao_vit_cross_attention/cogitao_c1_experiment_5_vit6_function_mlp_cross_attention/run_000/last.ckpt""]","[""2bff05e8e2e5f390f6eb1f5cbf0ac8187832a8a365af10da7100cb8d732aa3f2"", ""35f91e02d5b826c89f6b24f52abf83581220b4b6676009c59b6715b0b2251589"", ""900674f94996e9b2f5190e7cd8bac4486d09332daaf131226f7f107123274de1"", ""9fc5e4f84cb131416f158af2b67349dc93c59e82f33086a7eeab2f7d6f335a7f"", ""c6578b6a655d823b9e27296aaf186e6b5b97bad640fb400cc5f2abaa6f308e6d""]","[""dfec9cbb2afe6616194c1fb41430c0c5d2bc4208""]","[1, 2, 3, 4, 5]",val_ood,"[""change_shape_color"", ""crop_bottom_side"", ""crop_contours"", ""extend_contours_same_color"", ""rot90""]","[""double_right"", ""pad_left"", ""pad_right"", ""rot90"", ""translate_up""]","[""double_right -> crop_contours"", ""pad_left -> extend_contours_same_color"", ""pad_right -> change_shape_color"", ""rot90 -> crop_bottom_side"", ""translate_up -> rot90""]","pair (f,g): fgx=f(g(x)); task-token order [g,f] means g -> f",567,5,5,image_block_05,42,"[71370, 78000]",256,256,0.01,2,"{""fixed_ranks"": [1, 2, 4, 8, 16, 32], ""variance_thresholds"": [0.9, 0.95]}",recorded_ood,0.21767870899661795,0.10169646989594405,val,0.2315777889451518,0.23631111657410045,0.23094934941869508,0.31604872261657524,1.0,0.28688524469672017,0.26585291735261984,0.2343421416297189,0.013899079948533838,0.1059573573675972,0.004260887471653159,0.27981394457903574,0.12435193700303818,128,128,255,512,True,0.054718368094727333,CHEATING; fit on first half of this split; score second half only,64,5,5,567,composition_error,D_confidence,checkpoint_program_means,5,0.28408051853353,0.6432231135402358,0.7,0.1881204043741873,ok,-0.8489185380462101,1.0,experiment_run,False,5,Cluster bootstrap by experiment; training-time checkpoints share a run. Few C1 models limit inference.,,,,,,,,,,,,,,
"[""/home/ubuntu/cogitao-research/checkpoints/cogitao_vit_cross_attention/cogitao_c1_experiment_1_vit6_function_mlp_cross_attention/run_000/last.ckpt"", ""/home/ubuntu/cogitao-research/checkpoints/cogitao_vit_cross_attention/cogitao_c1_experiment_2_vit6_function_mlp_cross_attention/run_000/last.ckpt"", ""/home/ubuntu/cogitao-research/checkpoints/cogitao_vit_cross_attention/cogitao_c1_experiment_3_vit6_function_mlp_cross_attention/run_000/last.ckpt"", ""/home/ubuntu/cogitao-research/checkpoints/cogitao_vit_cross_attention/cogitao_c1_experiment_4_vit6_function_mlp_cross_attention/run_000/last.ckpt"", ""/home/ubuntu/cogitao-research/checkpoints/cogitao_vit_cross_attention/cogitao_c1_experiment_5_vit6_function_mlp_cross_attention/run_000/last.ckpt""]","[""2bff05e8e2e5f390f6eb1f5cbf0ac8187832a8a365af10da7100cb8d732aa3f2"", ""35f91e02d5b826c89f6b24f52abf83581220b4b6676009c59b6715b0b2251589"", ""900674f94996e9b2f5190e7cd8bac4486d09332daaf131226f7f107123274de1"", ""9fc5e4f84cb131416f158af2b67349dc93c59e82f33086a7eeab2f7d6f335a7f"", ""c6578b6a655d823b9e27296aaf186e6b5b97bad640fb400cc5f2abaa6f308e6d""]","[""dfec9cbb2afe6616194c1fb41430c0c5d2bc4208""]","[1, 2, 3, 4, 5]",val_ood,"[""change_shape_color"", ""crop_bottom_side"", ""crop_contours"", ""extend_contours_same_color"", ""rot90""]","[""double_right"", ""pad_left"", ""pad_right"", ""rot90"", ""translate_up""]","[""double_right -> crop_contours"", ""pad_left -> extend_contours_same_color"", ""pad_right -> change_shape_color"", ""rot90 -> crop_bottom_side"", ""translate_up -> rot90""]","pair (f,g): fgx=f(g(x)); task-token order [g,f] means g -> f",567,5,5,image_block_05,42,"[71370, 78000]",256,256,0.01,2,"{""fixed_ranks"": [1, 2, 4, 8, 16, 32], ""variance_thresholds"": [0.9, 0.95]}",recorded_ood,0.21767870899661795,0.10169646989594405,val,0.2315777889451518,0.23631111657410045,0.23094934941869508,0.31604872261657524,1.0,0.28688524469672017,0.26585291735261984,0.2343421416297189,0.013899079948533838,0.1059573573675972,0.004260887471653159,0.27981394457903574,0.12435193700303818,128,128,255,512,True,0.054718368094727333,CHEATING; fit on first half of this split; score second half only,64,5,5,567,composition_error,D_brier,checkpoint_program_means,5,-0.13173774519034964,0.832752729270519,0.09999999999999999,0.8728885715695384,ok,-0.9999999999999999,1.0,experiment_run,False,5,Cluster bootstrap by experiment; training-time checkpoints share a run. Few C1 models limit inference.,,,,,,,,,,,,,,
"[""/home/ubuntu/cogitao-research/checkpoints/cogitao_vit_cross_attention/cogitao_c1_experiment_1_vit6_function_mlp_cross_attention/run_000/last.ckpt"", ""/home/ubuntu/cogitao-research/checkpoints/cogitao_vit_cross_attention/cogitao_c1_experiment_2_vit6_function_mlp_cross_attention/run_000/last.ckpt"", ""/home/ubuntu/cogitao-research/checkpoints/cogitao_vit_cross_attention/cogitao_c1_experiment_3_vit6_function_mlp_cross_attention/run_000/last.ckpt"", ""/home/ubuntu/cogitao-research/checkpoints/cogitao_vit_cross_attention/cogitao_c1_experiment_4_vit6_function_mlp_cross_attention/run_000/last.ckpt"", ""/home/ubuntu/cogitao-research/checkpoints/cogitao_vit_cross_attention/cogitao_c1_experiment_5_vit6_function_mlp_cross_attention/run_000/last.ckpt""]","[""2bff05e8e2e5f390f6eb1f5cbf0ac8187832a8a365af10da7100cb8d732aa3f2"", ""35f91e02d5b826c89f6b24f52abf83581220b4b6676009c59b6715b0b2251589"", ""900674f94996e9b2f5190e7cd8bac4486d09332daaf131226f7f107123274de1"", ""9fc5e4f84cb131416f158af2b67349dc93c59e82f33086a7eeab2f7d6f335a7f"", ""c6578b6a655d823b9e27296aaf186e6b5b97bad640fb400cc5f2abaa6f308e6d""]","[""dfec9cbb2afe6616194c1fb41430c0c5d2bc4208""]","[1, 2, 3, 4, 5]",val_ood,"[""change_shape_color"", ""crop_bottom_side"", ""crop_contours"", ""extend_contours_same_color"", ""rot90""]","[""double_right"", ""pad_left"", ""pad_right"", ""rot90"", ""translate_up""]","[""double_right -> crop_contours"", ""pad_left -> extend_contours_same_color"", ""pad_right -> change_shape_color"", ""rot90 -> crop_bottom_side"", ""translate_up -> rot90""]","pair (f,g): fgx=f(g(x)); task-token order [g,f] means g -> f",567,5,5,image_block_05,42,"[71370, 78000]",256,256,0.01,2,"{""fixed_ranks"": [1, 2, 4, 8, 16, 32], ""variance_thresholds"": [0.9, 0.95]}",recorded_ood,0.21767870899661795,0.10169646989594405,val,0.2315777889451518,0.23631111657410045,0.23094934941869508,0.31604872261657524,1.0,0.28688524469672017,0.26585291735261984,0.2343421416297189,0.013899079948533838,0.1059573573675972,0.004260887471653159,0.27981394457903574,0.12435193700303818,128,128,255,512,True,0.054718368094727333,CHEATING; fit on first half of this split; score second half only,64,5,5,567,transfer_gap,D_object_error,checkpoint_program_means,5,0.396144402745532,0.5091349534670108,0.0,1.0,ok,-1.0,1.0,experiment_run,False,5,Cluster bootstrap by experiment; training-time checkpoints share a run. Few C1 models limit inference.,,,,,,,,,,,,,,
"[""/home/ubuntu/cogitao-research/checkpoints/cogitao_vit_cross_attention/cogitao_c1_experiment_1_vit6_function_mlp_cross_attention/run_000/last.ckpt"", ""/home/ubuntu/cogitao-research/checkpoints/cogitao_vit_cross_attention/cogitao_c1_experiment_2_vit6_function_mlp_cross_attention/run_000/last.ckpt"", ""/home/ubuntu/cogitao-research/checkpoints/cogitao_vit_cross_attention/cogitao_c1_experiment_3_vit6_function_mlp_cross_attention/run_000/last.ckpt"", ""/home/ubuntu/cogitao-research/checkpoints/cogitao_vit_cross_attention/cogitao_c1_experiment_4_vit6_function_mlp_cross_attention/run_000/last.ckpt"", ""/home/ubuntu/cogitao-research/checkpoints/cogitao_vit_cross_attention/cogitao_c1_experiment_5_vit6_function_mlp_cross_attention/run_000/last.ckpt""]","[""2bff05e8e2e5f390f6eb1f5cbf0ac8187832a8a365af10da7100cb8d732aa3f2"", ""35f91e02d5b826c89f6b24f52abf83581220b4b6676009c59b6715b0b2251589"", ""900674f94996e9b2f5190e7cd8bac4486d09332daaf131226f7f107123274de1"", ""9fc5e4f84cb131416f158af2b67349dc93c59e82f33086a7eeab2f7d6f335a7f"", ""c6578b6a655d823b9e27296aaf186e6b5b97bad640fb400cc5f2abaa6f308e6d""]","[""dfec9cbb2afe6616194c1fb41430c0c5d2bc4208""]","[1, 2, 3, 4, 5]",val_ood,"[""change_shape_color"", ""crop_bottom_side"", ""crop_contours"", ""extend_contours_same_color"", ""rot90""]","[""double_right"", ""pad_left"", ""pad_right"", ""rot90"", ""translate_up""]","[""double_right -> crop_contours"", ""pad_left -> extend_contours_same_color"", ""pad_right -> change_shape_color"", ""rot90 -> crop_bottom_side"", ""translate_up -> rot90""]","pair (f,g): fgx=f(g(x)); task-token order [g,f] means g -> f",567,5,5,image_block_05,42,"[71370, 78000]",256,256,0.01,2,"{""fixed_ranks"": [1, 2, 4, 8, 16, 32], ""variance_thresholds"": [0.9, 0.95]}",recorded_ood,0.21767870899661795,0.10169646989594405,val,0.2315777889451518,0.23631111657410045,0.23094934941869508,0.31604872261657524,1.0,0.28688524469672017,0.26585291735261984,0.2343421416297189,0.013899079948533838,0.1059573573675972,0.004260887471653159,0.27981394457903574,0.12435193700303818,128,128,255,512,True,0.054718368094727333,CHEATING; fit on first half of this split; score second half only,64,5,5,567,transfer_gap,D_nll,checkpoint_program_means,5,0.6404354300215709,0.2443786786118921,0.7,0.1881204043741873,ok,-1.0,1.0,experiment_run,False,5,Cluster bootstrap by experiment; training-time checkpoints share a run. Few C1 models limit inference.,,,,,,,,,,,,,,
"[""/home/ubuntu/cogitao-research/checkpoints/cogitao_vit_cross_attention/cogitao_c1_experiment_1_vit6_function_mlp_cross_attention/run_000/last.ckpt"", ""/home/ubuntu/cogitao-research/checkpoints/cogitao_vit_cross_attention/cogitao_c1_experiment_2_vit6_function_mlp_cross_attention/run_000/last.ckpt"", ""/home/ubuntu/cogitao-research/checkpoints/cogitao_vit_cross_attention/cogitao_c1_experiment_3_vit6_function_mlp_cross_attention/run_000/last.ckpt"", ""/home/ubuntu/cogitao-research/checkpoints/cogitao_vit_cross_attention/cogitao_c1_experiment_4_vit6_function_mlp_cross_attention/run_000/last.ckpt"", ""/home/ubuntu/cogitao-research/checkpoints/cogitao_vit_cross_attention/cogitao_c1_experiment_5_vit6_function_mlp_cross_attention/run_000/last.ckpt""]","[""2bff05e8e2e5f390f6eb1f5cbf0ac8187832a8a365af10da7100cb8d732aa3f2"", ""35f91e02d5b826c89f6b24f52abf83581220b4b6676009c59b6715b0b2251589"", ""900674f94996e9b2f5190e7cd8bac4486d09332daaf131226f7f107123274de1"", ""9fc5e4f84cb131416f158af2b67349dc93c59e82f33086a7eeab2f7d6f335a7f"", ""c6578b6a655d823b9e27296aaf186e6b5b97bad640fb400cc5f2abaa6f308e6d""]","[""dfec9cbb2afe6616194c1fb41430c0c5d2bc4208""]","[1, 2, 3, 4, 5]",val_ood,"[""change_shape_color"", ""crop_bottom_side"", ""crop_contours"", ""extend_contours_same_color"", ""rot90""]","[""double_right"", ""pad_left"", ""pad_right"", ""rot90"", ""translate_up""]","[""double_right -> crop_contours"", ""pad_left -> extend_contours_same_color"", ""pad_right -> change_shape_color"", ""rot90 -> crop_bottom_side"", ""translate_up -> rot90""]","pair (f,g): fgx=f(g(x)); task-token order [g,f] means g -> f",567,5,5,image_block_05,42,"[71370, 78000]",256,256,0.01,2,"{""fixed_ranks"": [1, 2, 4, 8, 16, 32], ""variance_thresholds"": [0.9, 0.95]}",recorded_ood,0.21767870899661795,0.10169646989594405,val,0.2315777889451518,0.23631111657410045,0.23094934941869508,0.31604872261657524,1.0,0.28688524469672017,0.26585291735261984,0.2343421416297189,0.013899079948533838,0.1059573573675972,0.004260887471653159,0.27981394457903574,0.12435193700303818,128,128,255,512,True,0.054718368094727333,CHEATING; fit on first half of this split; score second half only,64,5,5,567,transfer_gap,D_confidence,checkpoint_program_means,5,0.7443962539785312,0.1490354525415395,0.6,0.28475697986529386,ok,-0.9432545940857028,1.0,experiment_run,False,5,Cluster bootstrap by experiment; training-time checkpoints share a run. Few C1 models limit inference.,,,,,,,,,,,,,,
"[""/home/ubuntu/cogitao-research/checkpoints/cogitao_vit_cross_attention/cogitao_c1_experiment_1_vit6_function_mlp_cross_attention/run_000/last.ckpt"", ""/home/ubuntu/cogitao-research/checkpoints/cogitao_vit_cross_attention/cogitao_c1_experiment_2_vit6_function_mlp_cross_attention/run_000/last.ckpt"", ""/home/ubuntu/cogitao-research/checkpoints/cogitao_vit_cross_attention/cogitao_c1_experiment_3_vit6_function_mlp_cross_attention/run_000/last.ckpt"", ""/home/ubuntu/cogitao-research/checkpoints/cogitao_vit_cross_attention/cogitao_c1_experiment_4_vit6_function_mlp_cross_attention/run_000/last.ckpt"", ""/home/ubuntu/cogitao-research/checkpoints/cogitao_vit_cross_attention/cogitao_c1_experiment_5_vit6_function_mlp_cross_attention/run_000/last.ckpt""]","[""2bff05e8e2e5f390f6eb1f5cbf0ac8187832a8a365af10da7100cb8d732aa3f2"", ""35f91e02d5b826c89f6b24f52abf83581220b4b6676009c59b6715b0b2251589"", ""900674f94996e9b2f5190e7cd8bac4486d09332daaf131226f7f107123274de1"", ""9fc5e4f84cb131416f158af2b67349dc93c59e82f33086a7eeab2f7d6f335a7f"", ""c6578b6a655d823b9e27296aaf186e6b5b97bad640fb400cc5f2abaa6f308e6d""]","[""dfec9cbb2afe6616194c1fb41430c0c5d2bc4208""]","[1, 2, 3, 4, 5]",val_ood,"[""change_shape_color"", ""crop_bottom_side"", ""crop_contours"", ""extend_contours_same_color"", ""rot90""]","[""double_right"", ""pad_left"", ""pad_right"", ""rot90"", ""translate_up""]","[""double_right -> crop_contours"", ""pad_left -> extend_contours_same_color"", ""pad_right -> change_shape_color"", ""rot90 -> crop_bottom_side"", ""translate_up -> rot90""]","pair (f,g): fgx=f(g(x)); task-token order [g,f] means g -> f",567,5,5,image_block_05,42,"[71370, 78000]",256,256,0.01,2,"{""fixed_ranks"": [1, 2, 4, 8, 16, 32], ""variance_thresholds"": [0.9, 0.95]}",recorded_ood,0.21767870899661795,0.10169646989594405,val,0.2315777889451518,0.23631111657410045,0.23094934941869508,0.31604872261657524,1.0,0.28688524469672017,0.26585291735261984,0.2343421416297189,0.013899079948533838,0.1059573573675972,0.004260887471653159,0.27981394457903574,0.12435193700303818,128,128,255,512,True,0.054718368094727333,CHEATING; fit on first half of this split; score second half only,64,5,5,567,transfer_gap,D_brier,checkpoint_program_means,5,0.5994329290670138,0.2853347470370828,0.3,0.623837664781073,ok,-1.0,1.0,experiment_run,False,5,Cluster bootstrap by experiment; training-time checkpoints share a run. Few C1 models limit inference.,,,,,,,,,,,,,,
"[""/home/ubuntu/cogitao-research/checkpoints/cogitao_vit_cross_attention/cogitao_c1_experiment_1_vit6_function_mlp_cross_attention/run_000/last.ckpt"", ""/home/ubuntu/cogitao-research/checkpoints/cogitao_vit_cross_attention/cogitao_c1_experiment_2_vit6_function_mlp_cross_attention/run_000/last.ckpt"", ""/home/ubuntu/cogitao-research/checkpoints/cogitao_vit_cross_attention/cogitao_c1_experiment_3_vit6_function_mlp_cross_attention/run_000/last.ckpt"", ""/home/ubuntu/cogitao-research/checkpoints/cogitao_vit_cross_attention/cogitao_c1_experiment_4_vit6_function_mlp_cross_attention/run_000/last.ckpt"", ""/home/ubuntu/cogitao-research/checkpoints/cogitao_vit_cross_attention/cogitao_c1_experiment_5_vit6_function_mlp_cross_attention/run_000/last.ckpt""]","[""2bff05e8e2e5f390f6eb1f5cbf0ac8187832a8a365af10da7100cb8d732aa3f2"", ""35f91e02d5b826c89f6b24f52abf83581220b4b6676009c59b6715b0b2251589"", ""900674f94996e9b2f5190e7cd8bac4486d09332daaf131226f7f107123274de1"", ""9fc5e4f84cb131416f158af2b67349dc93c59e82f33086a7eeab2f7d6f335a7f"", ""c6578b6a655d823b9e27296aaf186e6b5b97bad640fb400cc5f2abaa6f308e6d""]","[""dfec9cbb2afe6616194c1fb41430c0c5d2bc4208""]","[1, 2, 3, 4, 5]",val_ood,"[""change_shape_color"", ""crop_bottom_side"", ""crop_contours"", ""extend_contours_same_color"", ""rot90""]","[""double_right"", ""pad_left"", ""pad_right"", ""rot90"", ""translate_up""]","[""double_right -> crop_contours"", ""pad_left -> extend_contours_same_color"", ""pad_right -> change_shape_color"", ""rot90 -> crop_bottom_side"", ""translate_up -> rot90""]","pair (f,g): fgx=f(g(x)); task-token order [g,f] means g -> f",567,5,5,image_block_06,42,"[71370, 78000]",256,256,0.01,2,"{""fixed_ranks"": [1, 2, 4, 8, 16, 32], ""variance_thresholds"": [0.9, 0.95]}",recorded_ood,0.23420144057251535,0.11005448361580956,val,0.24775041242764606,0.2495198944646723,0.24388642777339675,0.3278393335404781,1.0,0.29822069828904973,0.28093197439598483,0.24810781805150964,0.01354897185513068,0.11969220104571213,0.009637717429902578,0.29233866900350497,0.13768311319266435,128,128,255,512,True,0.04998228284446776,CHEATING; fit on first half of this split; score second half only,64,5,5,567,context_error,D_object_error,checkpoint_program_means,5,0.4881448612528105,0.40412549631034683,0.0,1.0,ok,-1.0,1.0,experiment_run,False,5,Cluster bootstrap by experiment; training-time checkpoints share a run. Few C1 models limit inference.,,,,,,,,,,,,,,
"[""/home/ubuntu/cogitao-research/checkpoints/cogitao_vit_cross_attention/cogitao_c1_experiment_1_vit6_function_mlp_cross_attention/run_000/last.ckpt"", ""/home/ubuntu/cogitao-research/checkpoints/cogitao_vit_cross_attention/cogitao_c1_experiment_2_vit6_function_mlp_cross_attention/run_000/last.ckpt"", ""/home/ubuntu/cogitao-research/checkpoints/cogitao_vit_cross_attention/cogitao_c1_experiment_3_vit6_function_mlp_cross_attention/run_000/last.ckpt"", ""/home/ubuntu/cogitao-research/checkpoints/cogitao_vit_cross_attention/cogitao_c1_experiment_4_vit6_function_mlp_cross_attention/run_000/last.ckpt"", ""/home/ubuntu/cogitao-research/checkpoints/cogitao_vit_cross_attention/cogitao_c1_experiment_5_vit6_function_mlp_cross_attention/run_000/last.ckpt""]","[""2bff05e8e2e5f390f6eb1f5cbf0ac8187832a8a365af10da7100cb8d732aa3f2"", ""35f91e02d5b826c89f6b24f52abf83581220b4b6676009c59b6715b0b2251589"", ""900674f94996e9b2f5190e7cd8bac4486d09332daaf131226f7f107123274de1"", ""9fc5e4f84cb131416f158af2b67349dc93c59e82f33086a7eeab2f7d6f335a7f"", ""c6578b6a655d823b9e27296aaf186e6b5b97bad640fb400cc5f2abaa6f308e6d""]","[""dfec9cbb2afe6616194c1fb41430c0c5d2bc4208""]","[1, 2, 3, 4, 5]",val_ood,"[""change_shape_color"", ""crop_bottom_side"", ""crop_contours"", ""extend_contours_same_color"", ""rot90""]","[""double_right"", ""pad_left"", ""pad_right"", ""rot90"", ""translate_up""]","[""double_right -> crop_contours"", ""pad_left -> extend_contours_same_color"", ""pad_right -> change_shape_color"", ""rot90 -> crop_bottom_side"", ""translate_up -> rot90""]","pair (f,g): fgx=f(g(x)); task-token order [g,f] means g -> f",567,5,5,image_block_06,42,"[71370, 78000]",256,256,0.01,2,"{""fixed_ranks"": [1, 2, 4, 8, 16, 32], ""variance_thresholds"": [0.9, 0.95]}",recorded_ood,0.23420144057251535,0.11005448361580956,val,0.24775041242764606,0.2495198944646723,0.24388642777339675,0.3278393335404781,1.0,0.29822069828904973,0.28093197439598483,0.24810781805150964,0.01354897185513068,0.11969220104571213,0.009637717429902578,0.29233866900350497,0.13768311319266435,128,128,255,512,True,0.04998228284446776,CHEATING; fit on first half of this split; score second half only,64,5,5,567,context_error,D_nll,checkpoint_program_means,5,0.5594562666615068,0.32681246824333743,0.7,0.1881204043741873,ok,-1.0,1.0,experiment_run,False,5,Cluster bootstrap by experiment; training-time checkpoints share a run. Few C1 models limit inference.,,,,,,,,,,,,,,
"[""/home/ubuntu/cogitao-research/checkpoints/cogitao_vit_cross_attention/cogitao_c1_experiment_1_vit6_function_mlp_cross_attention/run_000/last.ckpt"", ""/home/ubuntu/cogitao-research/checkpoints/cogitao_vit_cross_attention/cogitao_c1_experiment_2_vit6_function_mlp_cross_attention/run_000/last.ckpt"", ""/home/ubuntu/cogitao-research/checkpoints/cogitao_vit_cross_attention/cogitao_c1_experiment_3_vit6_function_mlp_cross_attention/run_000/last.ckpt"", ""/home/ubuntu/cogitao-research/checkpoints/cogitao_vit_cross_attention/cogitao_c1_experiment_4_vit6_function_mlp_cross_attention/run_000/last.ckpt"", ""/home/ubuntu/cogitao-research/checkpoints/cogitao_vit_cross_attention/cogitao_c1_experiment_5_vit6_function_mlp_cross_attention/run_000/last.ckpt""]","[""2bff05e8e2e5f390f6eb1f5cbf0ac8187832a8a365af10da7100cb8d732aa3f2"", ""35f91e02d5b826c89f6b24f52abf83581220b4b6676009c59b6715b0b2251589"", ""900674f94996e9b2f5190e7cd8bac4486d09332daaf131226f7f107123274de1"", ""9fc5e4f84cb131416f158af2b67349dc93c59e82f33086a7eeab2f7d6f335a7f"", ""c6578b6a655d823b9e27296aaf186e6b5b97bad640fb400cc5f2abaa6f308e6d""]","[""dfec9cbb2afe6616194c1fb41430c0c5d2bc4208""]","[1, 2, 3, 4, 5]",val_ood,"[""change_shape_color"", ""crop_bottom_side"", ""crop_contours"", ""extend_contours_same_color"", ""rot90""]","[""double_right"", ""pad_left"", ""pad_right"", ""rot90"", ""translate_up""]","[""double_right -> crop_contours"", ""pad_left -> extend_contours_same_color"", ""pad_right -> change_shape_color"", ""rot90 -> crop_bottom_side"", ""translate_up -> rot90""]","pair (f,g): fgx=f(g(x)); task-token order [g,f] means g -> f",567,5,5,image_block_06,42,"[71370, 78000]",256,256,0.01,2,"{""fixed_ranks"": [1, 2, 4, 8, 16, 32], ""variance_thresholds"": [0.9, 0.95]}",recorded_ood,0.23420144057251535,0.11005448361580956,val,0.24775041242764606,0.2495198944646723,0.24388642777339675,0.3278393335404781,1.0,0.29822069828904973,0.28093197439598483,0.24810781805150964,0.01354897185513068,0.11969220104571213,0.009637717429902578,0.29233866900350497,0.13768311319266435,128,128,255,512,True,0.04998228284446776,CHEATING; fit on first half of this split; score second half only,64,5,5,567,context_error,D_confidence,checkpoint_program_means,5,0.3772230064097367,0.531351947687384,0.6,0.28475697986529386,ok,-0.994815084871442,1.0,experiment_run,False,5,Cluster bootstrap by experiment; training-time checkpoints share a run. Few C1 models limit inference.,,,,,,,,,,,,,,
"[""/home/ubuntu/cogitao-research/checkpoints/cogitao_vit_cross_attention/cogitao_c1_experiment_1_vit6_function_mlp_cross_attention/run_000/last.ckpt"", ""/home/ubuntu/cogitao-research/checkpoints/cogitao_vit_cross_attention/cogitao_c1_experiment_2_vit6_function_mlp_cross_attention/run_000/last.ckpt"", ""/home/ubuntu/cogitao-research/checkpoints/cogitao_vit_cross_attention/cogitao_c1_experiment_3_vit6_function_mlp_cross_attention/run_000/last.ckpt"", ""/home/ubuntu/cogitao-research/checkpoints/cogitao_vit_cross_attention/cogitao_c1_experiment_4_vit6_function_mlp_cross_attention/run_000/last.ckpt"", ""/home/ubuntu/cogitao-research/checkpoints/cogitao_vit_cross_attention/cogitao_c1_experiment_5_vit6_function_mlp_cross_attention/run_000/last.ckpt""]","[""2bff05e8e2e5f390f6eb1f5cbf0ac8187832a8a365af10da7100cb8d732aa3f2"", ""35f91e02d5b826c89f6b24f52abf83581220b4b6676009c59b6715b0b2251589"", ""900674f94996e9b2f5190e7cd8bac4486d09332daaf131226f7f107123274de1"", ""9fc5e4f84cb131416f158af2b67349dc93c59e82f33086a7eeab2f7d6f335a7f"", ""c6578b6a655d823b9e27296aaf186e6b5b97bad640fb400cc5f2abaa6f308e6d""]","[""dfec9cbb2afe6616194c1fb41430c0c5d2bc4208""]","[1, 2, 3, 4, 5]",val_ood,"[""change_shape_color"", ""crop_bottom_side"", ""crop_contours"", ""extend_contours_same_color"", ""rot90""]","[""double_right"", ""pad_left"", ""pad_right"", ""rot90"", ""translate_up""]","[""double_right -> crop_contours"", ""pad_left -> extend_contours_same_color"", ""pad_right -> change_shape_color"", ""rot90 -> crop_bottom_side"", ""translate_up -> rot90""]","pair (f,g): fgx=f(g(x)); task-token order [g,f] means g -> f",567,5,5,image_block_06,42,"[71370, 78000]",256,256,0.01,2,"{""fixed_ranks"": [1, 2, 4, 8, 16, 32], ""variance_thresholds"": [0.9, 0.95]}",recorded_ood,0.23420144057251535,0.11005448361580956,val,0.24775041242764606,0.2495198944646723,0.24388642777339675,0.3278393335404781,1.0,0.29822069828904973,0.28093197439598483,0.24810781805150964,0.01354897185513068,0.11969220104571213,0.009637717429902578,0.29233866900350497,0.13768311319266435,128,128,255,512,True,0.04998228284446776,CHEATING; fit on first half of this split; score second half only,64,5,5,567,context_error,D_brier,checkpoint_program_means,5,0.13522080605730097,0.8283576448239152,0.3,0.623837664781073,ok,-1.0,1.0,experiment_run,False,5,Cluster bootstrap by experiment; training-time checkpoints share a run. Few C1 models limit inference.,,,,,,,,,,,,,,
"[""/home/ubuntu/cogitao-research/checkpoints/cogitao_vit_cross_attention/cogitao_c1_experiment_1_vit6_function_mlp_cross_attention/run_000/last.ckpt"", ""/home/ubuntu/cogitao-research/checkpoints/cogitao_vit_cross_attention/cogitao_c1_experiment_2_vit6_function_mlp_cross_attention/run_000/last.ckpt"", ""/home/ubuntu/cogitao-research/checkpoints/cogitao_vit_cross_attention/cogitao_c1_experiment_3_vit6_function_mlp_cross_attention/run_000/last.ckpt"", ""/home/ubuntu/cogitao-research/checkpoints/cogitao_vit_cross_attention/cogitao_c1_experiment_4_vit6_function_mlp_cross_attention/run_000/last.ckpt"", ""/home/ubuntu/cogitao-research/checkpoints/cogitao_vit_cross_attention/cogitao_c1_experiment_5_vit6_function_mlp_cross_attention/run_000/last.ckpt""]","[""2bff05e8e2e5f390f6eb1f5cbf0ac8187832a8a365af10da7100cb8d732aa3f2"", ""35f91e02d5b826c89f6b24f52abf83581220b4b6676009c59b6715b0b2251589"", ""900674f94996e9b2f5190e7cd8bac4486d09332daaf131226f7f107123274de1"", ""9fc5e4f84cb131416f158af2b67349dc93c59e82f33086a7eeab2f7d6f335a7f"", ""c6578b6a655d823b9e27296aaf186e6b5b97bad640fb400cc5f2abaa6f308e6d""]","[""dfec9cbb2afe6616194c1fb41430c0c5d2bc4208""]","[1, 2, 3, 4, 5]",val_ood,"[""change_shape_color"", ""crop_bottom_side"", ""crop_contours"", ""extend_contours_same_color"", ""rot90""]","[""double_right"", ""pad_left"", ""pad_right"", ""rot90"", ""translate_up""]","[""double_right -> crop_contours"", ""pad_left -> extend_contours_same_color"", ""pad_right -> change_shape_color"", ""rot90 -> crop_bottom_side"", ""translate_up -> rot90""]","pair (f,g): fgx=f(g(x)); task-token order [g,f] means g -> f",567,5,5,image_block_06,42,"[71370, 78000]",256,256,0.01,2,"{""fixed_ranks"": [1, 2, 4, 8, 16, 32], ""variance_thresholds"": [0.9, 0.95]}",recorded_ood,0.23420144057251535,0.11005448361580956,val,0.24775041242764606,0.2495198944646723,0.24388642777339675,0.3278393335404781,1.0,0.29822069828904973,0.28093197439598483,0.24810781805150964,0.01354897185513068,0.11969220104571213,0.009637717429902578,0.29233866900350497,0.13768311319266435,128,128,255,512,True,0.04998228284446776,CHEATING; fit on first half of this split; score second half only,64,5,5,567,composition_error,D_object_error,checkpoint_program_means,5,0.4477178067569959,0.4496107308149598,0.3,0.623837664781073,ok,-0.9999999999999998,1.0,experiment_run,False,5,Cluster bootstrap by experiment; training-time checkpoints share a run. Few C1 models limit inference.,,,,,,,,,,,,,,
"[""/home/ubuntu/cogitao-research/checkpoints/cogitao_vit_cross_attention/cogitao_c1_experiment_1_vit6_function_mlp_cross_attention/run_000/last.ckpt"", ""/home/ubuntu/cogitao-research/checkpoints/cogitao_vit_cross_attention/cogitao_c1_experiment_2_vit6_function_mlp_cross_attention/run_000/last.ckpt"", ""/home/ubuntu/cogitao-research/checkpoints/cogitao_vit_cross_attention/cogitao_c1_experiment_3_vit6_function_mlp_cross_attention/run_000/last.ckpt"", ""/home/ubuntu/cogitao-research/checkpoints/cogitao_vit_cross_attention/cogitao_c1_experiment_4_vit6_function_mlp_cross_attention/run_000/last.ckpt"", ""/home/ubuntu/cogitao-research/checkpoints/cogitao_vit_cross_attention/cogitao_c1_experiment_5_vit6_function_mlp_cross_attention/run_000/last.ckpt""]","[""2bff05e8e2e5f390f6eb1f5cbf0ac8187832a8a365af10da7100cb8d732aa3f2"", ""35f91e02d5b826c89f6b24f52abf83581220b4b6676009c59b6715b0b2251589"", ""900674f94996e9b2f5190e7cd8bac4486d09332daaf131226f7f107123274de1"", ""9fc5e4f84cb131416f158af2b67349dc93c59e82f33086a7eeab2f7d6f335a7f"", ""c6578b6a655d823b9e27296aaf186e6b5b97bad640fb400cc5f2abaa6f308e6d""]","[""dfec9cbb2afe6616194c1fb41430c0c5d2bc4208""]","[1, 2, 3, 4, 5]",val_ood,"[""change_shape_color"", ""crop_bottom_side"", ""crop_contours"", ""extend_contours_same_color"", ""rot90""]","[""double_right"", ""pad_left"", ""pad_right"", ""rot90"", ""translate_up""]","[""double_right -> crop_contours"", ""pad_left -> extend_contours_same_color"", ""pad_right -> change_shape_color"", ""rot90 -> crop_bottom_side"", ""translate_up -> rot90""]","pair (f,g): fgx=f(g(x)); task-token order [g,f] means g -> f",567,5,5,image_block_06,42,"[71370, 78000]",256,256,0.01,2,"{""fixed_ranks"": [1, 2, 4, 8, 16, 32], ""variance_thresholds"": [0.9, 0.95]}",recorded_ood,0.23420144057251535,0.11005448361580956,val,0.24775041242764606,0.2495198944646723,0.24388642777339675,0.3278393335404781,1.0,0.29822069828904973,0.28093197439598483,0.24810781805150964,0.01354897185513068,0.11969220104571213,0.009637717429902578,0.29233866900350497,0.13768311319266435,128,128,255,512,True,0.04998228284446776,CHEATING; fit on first half of this split; score second half only,64,5,5,567,composition_error,D_nll,checkpoint_program_means,5,0.31391076007406027,0.6069811537405098,0.7,0.1881204043741873,ok,-0.6758733138382319,1.0,experiment_run,False,5,Cluster bootstrap by experiment; training-time checkpoints share a run. Few C1 models limit inference.,,,,,,,,,,,,,,
"[""/home/ubuntu/cogitao-research/checkpoints/cogitao_vit_cross_attention/cogitao_c1_experiment_1_vit6_function_mlp_cross_attention/run_000/last.ckpt"", ""/home/ubuntu/cogitao-research/checkpoints/cogitao_vit_cross_attention/cogitao_c1_experiment_2_vit6_function_mlp_cross_attention/run_000/last.ckpt"", ""/home/ubuntu/cogitao-research/checkpoints/cogitao_vit_cross_attention/cogitao_c1_experiment_3_vit6_function_mlp_cross_attention/run_000/last.ckpt"", ""/home/ubuntu/cogitao-research/checkpoints/cogitao_vit_cross_attention/cogitao_c1_experiment_4_vit6_function_mlp_cross_attention/run_000/last.ckpt"", ""/home/ubuntu/cogitao-research/checkpoints/cogitao_vit_cross_attention/cogitao_c1_experiment_5_vit6_function_mlp_cross_attention/run_000/last.ckpt""]","[""2bff05e8e2e5f390f6eb1f5cbf0ac8187832a8a365af10da7100cb8d732aa3f2"", ""35f91e02d5b826c89f6b24f52abf83581220b4b6676009c59b6715b0b2251589"", ""900674f94996e9b2f5190e7cd8bac4486d09332daaf131226f7f107123274de1"", ""9fc5e4f84cb131416f158af2b67349dc93c59e82f33086a7eeab2f7d6f335a7f"", ""c6578b6a655d823b9e27296aaf186e6b5b97bad640fb400cc5f2abaa6f308e6d""]","[""dfec9cbb2afe6616194c1fb41430c0c5d2bc4208""]","[1, 2, 3, 4, 5]",val_ood,"[""change_shape_color"", ""crop_bottom_side"", ""crop_contours"", ""extend_contours_same_color"", ""rot90""]","[""double_right"", ""pad_left"", ""pad_right"", ""rot90"", ""translate_up""]","[""double_right -> crop_contours"", ""pad_left -> extend_contours_same_color"", ""pad_right -> change_shape_color"", ""rot90 -> crop_bottom_side"", ""translate_up -> rot90""]","pair (f,g): fgx=f(g(x)); task-token order [g,f] means g -> f",567,5,5,image_block_06,42,"[71370, 78000]",256,256,0.01,2,"{""fixed_ranks"": [1, 2, 4, 8, 16, 32], ""variance_thresholds"": [0.9, 0.95]}",recorded_ood,0.23420144057251535,0.11005448361580956,val,0.24775041242764606,0.2495198944646723,0.24388642777339675,0.3278393335404781,1.0,0.29822069828904973,0.28093197439598483,0.24810781805150964,0.01354897185513068,0.11969220104571213,0.009637717429902578,0.29233866900350497,0.13768311319266435,128,128,255,512,True,0.04998228284446776,CHEATING; fit on first half of this split; score second half only,64,5,5,567,composition_error,D_confidence,checkpoint_program_means,5,0.27583875301501926,0.653297195609396,0.39999999999999997,0.5046315754686912,ok,-0.8723932881731568,1.0,experiment_run,False,5,Cluster bootstrap by experiment; training-time checkpoints share a run. Few C1 models limit inference.,,,,,,,,,,,,,,
"[""/home/ubuntu/cogitao-research/checkpoints/cogitao_vit_cross_attention/cogitao_c1_experiment_1_vit6_function_mlp_cross_attention/run_000/last.ckpt"", ""/home/ubuntu/cogitao-research/checkpoints/cogitao_vit_cross_attention/cogitao_c1_experiment_2_vit6_function_mlp_cross_attention/run_000/last.ckpt"", ""/home/ubuntu/cogitao-research/checkpoints/cogitao_vit_cross_attention/cogitao_c1_experiment_3_vit6_function_mlp_cross_attention/run_000/last.ckpt"", ""/home/ubuntu/cogitao-research/checkpoints/cogitao_vit_cross_attention/cogitao_c1_experiment_4_vit6_function_mlp_cross_attention/run_000/last.ckpt"", ""/home/ubuntu/cogitao-research/checkpoints/cogitao_vit_cross_attention/cogitao_c1_experiment_5_vit6_function_mlp_cross_attention/run_000/last.ckpt""]","[""2bff05e8e2e5f390f6eb1f5cbf0ac8187832a8a365af10da7100cb8d732aa3f2"", ""35f91e02d5b826c89f6b24f52abf83581220b4b6676009c59b6715b0b2251589"", ""900674f94996e9b2f5190e7cd8bac4486d09332daaf131226f7f107123274de1"", ""9fc5e4f84cb131416f158af2b67349dc93c59e82f33086a7eeab2f7d6f335a7f"", ""c6578b6a655d823b9e27296aaf186e6b5b97bad640fb400cc5f2abaa6f308e6d""]","[""dfec9cbb2afe6616194c1fb41430c0c5d2bc4208""]","[1, 2, 3, 4, 5]",val_ood,"[""change_shape_color"", ""crop_bottom_side"", ""crop_contours"", ""extend_contours_same_color"", ""rot90""]","[""double_right"", ""pad_left"", ""pad_right"", ""rot90"", ""translate_up""]","[""double_right -> crop_contours"", ""pad_left -> extend_contours_same_color"", ""pad_right -> change_shape_color"", ""rot90 -> crop_bottom_side"", ""translate_up -> rot90""]","pair (f,g): fgx=f(g(x)); task-token order [g,f] means g -> f",567,5,5,image_block_06,42,"[71370, 78000]",256,256,0.01,2,"{""fixed_ranks"": [1, 2, 4, 8, 16, 32], ""variance_thresholds"": [0.9, 0.95]}",recorded_ood,0.23420144057251535,0.11005448361580956,val,0.24775041242764606,0.2495198944646723,0.24388642777339675,0.3278393335404781,1.0,0.29822069828904973,0.28093197439598483,0.24810781805150964,0.01354897185513068,0.11969220104571213,0.009637717429902578,0.29233866900350497,0.13768311319266435,128,128,255,512,True,0.04998228284446776,CHEATING; fit on first half of this split; score second half only,64,5,5,567,composition_error,D_brier,checkpoint_program_means,5,-0.10260175437026756,0.8695929568206536,0.3,0.623837664781073,ok,-0.9787946849279834,1.0,experiment_run,False,5,Cluster bootstrap by experiment; training-time checkpoints share a run. Few C1 models limit inference.,,,,,,,,,,,,,,
"[""/home/ubuntu/cogitao-research/checkpoints/cogitao_vit_cross_attention/cogitao_c1_experiment_1_vit6_function_mlp_cross_attention/run_000/last.ckpt"", ""/home/ubuntu/cogitao-research/checkpoints/cogitao_vit_cross_attention/cogitao_c1_experiment_2_vit6_function_mlp_cross_attention/run_000/last.ckpt"", ""/home/ubuntu/cogitao-research/checkpoints/cogitao_vit_cross_attention/cogitao_c1_experiment_3_vit6_function_mlp_cross_attention/run_000/last.ckpt"", ""/home/ubuntu/cogitao-research/checkpoints/cogitao_vit_cross_attention/cogitao_c1_experiment_4_vit6_function_mlp_cross_attention/run_000/last.ckpt"", ""/home/ubuntu/cogitao-research/checkpoints/cogitao_vit_cross_attention/cogitao_c1_experiment_5_vit6_function_mlp_cross_attention/run_000/last.ckpt""]","[""2bff05e8e2e5f390f6eb1f5cbf0ac8187832a8a365af10da7100cb8d732aa3f2"", ""35f91e02d5b826c89f6b24f52abf83581220b4b6676009c59b6715b0b2251589"", ""900674f94996e9b2f5190e7cd8bac4486d09332daaf131226f7f107123274de1"", ""9fc5e4f84cb131416f158af2b67349dc93c59e82f33086a7eeab2f7d6f335a7f"", ""c6578b6a655d823b9e27296aaf186e6b5b97bad640fb400cc5f2abaa6f308e6d""]","[""dfec9cbb2afe6616194c1fb41430c0c5d2bc4208""]","[1, 2, 3, 4, 5]",val_ood,"[""change_shape_color"", ""crop_bottom_side"", ""crop_contours"", ""extend_contours_same_color"", ""rot90""]","[""double_right"", ""pad_left"", ""pad_right"", ""rot90"", ""translate_up""]","[""double_right -> crop_contours"", ""pad_left -> extend_contours_same_color"", ""pad_right -> change_shape_color"", ""rot90 -> crop_bottom_side"", ""translate_up -> rot90""]","pair (f,g): fgx=f(g(x)); task-token order [g,f] means g -> f",567,5,5,image_block_06,42,"[71370, 78000]",256,256,0.01,2,"{""fixed_ranks"": [1, 2, 4, 8, 16, 32], ""variance_thresholds"": [0.9, 0.95]}",recorded_ood,0.23420144057251535,0.11005448361580956,val,0.24775041242764606,0.2495198944646723,0.24388642777339675,0.3278393335404781,1.0,0.29822069828904973,0.28093197439598483,0.24810781805150964,0.01354897185513068,0.11969220104571213,0.009637717429902578,0.29233866900350497,0.13768311319266435,128,128,255,512,True,0.04998228284446776,CHEATING; fit on first half of this split; score second half only,64,5,5,567,transfer_gap,D_object_error,checkpoint_program_means,5,0.3567155628962908,0.5556405905217496,0.19999999999999998,0.7470600781046621,ok,-1.0,1.0,experiment_run,False,5,Cluster bootstrap by experiment; training-time checkpoints share a run. Few C1 models limit inference.,,,,,,,,,,,,,,
"[""/home/ubuntu/cogitao-research/checkpoints/cogitao_vit_cross_attention/cogitao_c1_experiment_1_vit6_function_mlp_cross_attention/run_000/last.ckpt"", ""/home/ubuntu/cogitao-research/checkpoints/cogitao_vit_cross_attention/cogitao_c1_experiment_2_vit6_function_mlp_cross_attention/run_000/last.ckpt"", ""/home/ubuntu/cogitao-research/checkpoints/cogitao_vit_cross_attention/cogitao_c1_experiment_3_vit6_function_mlp_cross_attention/run_000/last.ckpt"", ""/home/ubuntu/cogitao-research/checkpoints/cogitao_vit_cross_attention/cogitao_c1_experiment_4_vit6_function_mlp_cross_attention/run_000/last.ckpt"", ""/home/ubuntu/cogitao-research/checkpoints/cogitao_vit_cross_attention/cogitao_c1_experiment_5_vit6_function_mlp_cross_attention/run_000/last.ckpt""]","[""2bff05e8e2e5f390f6eb1f5cbf0ac8187832a8a365af10da7100cb8d732aa3f2"", ""35f91e02d5b826c89f6b24f52abf83581220b4b6676009c59b6715b0b2251589"", ""900674f94996e9b2f5190e7cd8bac4486d09332daaf131226f7f107123274de1"", ""9fc5e4f84cb131416f158af2b67349dc93c59e82f33086a7eeab2f7d6f335a7f"", ""c6578b6a655d823b9e27296aaf186e6b5b97bad640fb400cc5f2abaa6f308e6d""]","[""dfec9cbb2afe6616194c1fb41430c0c5d2bc4208""]","[1, 2, 3, 4, 5]",val_ood,"[""change_shape_color"", ""crop_bottom_side"", ""crop_contours"", ""extend_contours_same_color"", ""rot90""]","[""double_right"", ""pad_left"", ""pad_right"", ""rot90"", ""translate_up""]","[""double_right -> crop_contours"", ""pad_left -> extend_contours_same_color"", ""pad_right -> change_shape_color"", ""rot90 -> crop_bottom_side"", ""translate_up -> rot90""]","pair (f,g): fgx=f(g(x)); task-token order [g,f] means g -> f",567,5,5,image_block_06,42,"[71370, 78000]",256,256,0.01,2,"{""fixed_ranks"": [1, 2, 4, 8, 16, 32], ""variance_thresholds"": [0.9, 0.95]}",recorded_ood,0.23420144057251535,0.11005448361580956,val,0.24775041242764606,0.2495198944646723,0.24388642777339675,0.3278393335404781,1.0,0.29822069828904973,0.28093197439598483,0.24810781805150964,0.01354897185513068,0.11969220104571213,0.009637717429902578,0.29233866900350497,0.13768311319266435,128,128,255,512,True,0.04998228284446776,CHEATING; fit on first half of this split; score second half only,64,5,5,567,transfer_gap,D_nll,checkpoint_program_means,5,0.6285828543427348,0.25604268283669696,0.7,0.1881204043741873,ok,-0.45094334216099524,1.0,experiment_run,False,5,Cluster bootstrap by experiment; training-time checkpoints share a run. Few C1 models limit inference.,,,,,,,,,,,,,,
"[""/home/ubuntu/cogitao-research/checkpoints/cogitao_vit_cross_attention/cogitao_c1_experiment_1_vit6_function_mlp_cross_attention/run_000/last.ckpt"", ""/home/ubuntu/cogitao-research/checkpoints/cogitao_vit_cross_attention/cogitao_c1_experiment_2_vit6_function_mlp_cross_attention/run_000/last.ckpt"", ""/home/ubuntu/cogitao-research/checkpoints/cogitao_vit_cross_attention/cogitao_c1_experiment_3_vit6_function_mlp_cross_attention/run_000/last.ckpt"", ""/home/ubuntu/cogitao-research/checkpoints/cogitao_vit_cross_attention/cogitao_c1_experiment_4_vit6_function_mlp_cross_attention/run_000/last.ckpt"", ""/home/ubuntu/cogitao-research/checkpoints/cogitao_vit_cross_attention/cogitao_c1_experiment_5_vit6_function_mlp_cross_attention/run_000/last.ckpt""]","[""2bff05e8e2e5f390f6eb1f5cbf0ac8187832a8a365af10da7100cb8d732aa3f2"", ""35f91e02d5b826c89f6b24f52abf83581220b4b6676009c59b6715b0b2251589"", ""900674f94996e9b2f5190e7cd8bac4486d09332daaf131226f7f107123274de1"", ""9fc5e4f84cb131416f158af2b67349dc93c59e82f33086a7eeab2f7d6f335a7f"", ""c6578b6a655d823b9e27296aaf186e6b5b97bad640fb400cc5f2abaa6f308e6d""]","[""dfec9cbb2afe6616194c1fb41430c0c5d2bc4208""]","[1, 2, 3, 4, 5]",val_ood,"[""change_shape_color"", ""crop_bottom_side"", ""crop_contours"", ""extend_contours_same_color"", ""rot90""]","[""double_right"", ""pad_left"", ""pad_right"", ""rot90"", ""translate_up""]","[""double_right -> crop_contours"", ""pad_left -> extend_contours_same_color"", ""pad_right -> change_shape_color"", ""rot90 -> crop_bottom_side"", ""translate_up -> rot90""]","pair (f,g): fgx=f(g(x)); task-token order [g,f] means g -> f",567,5,5,image_block_06,42,"[71370, 78000]",256,256,0.01,2,"{""fixed_ranks"": [1, 2, 4, 8, 16, 32], ""variance_thresholds"": [0.9, 0.95]}",recorded_ood,0.23420144057251535,0.11005448361580956,val,0.24775041242764606,0.2495198944646723,0.24388642777339675,0.3278393335404781,1.0,0.29822069828904973,0.28093197439598483,0.24810781805150964,0.01354897185513068,0.11969220104571213,0.009637717429902578,0.29233866900350497,0.13768311319266435,128,128,255,512,True,0.04998228284446776,CHEATING; fit on first half of this split; score second half only,64,5,5,567,transfer_gap,D_confidence,checkpoint_program_means,5,0.7702165268400111,0.12756913745423887,0.49999999999999994,0.3910022189557703,ok,-0.6837786931761539,1.0,experiment_run,False,5,Cluster bootstrap by experiment; training-time checkpoints share a run. Few C1 models limit inference.,,,,,,,,,,,,,,
"[""/home/ubuntu/cogitao-research/checkpoints/cogitao_vit_cross_attention/cogitao_c1_experiment_1_vit6_function_mlp_cross_attention/run_000/last.ckpt"", ""/home/ubuntu/cogitao-research/checkpoints/cogitao_vit_cross_attention/cogitao_c1_experiment_2_vit6_function_mlp_cross_attention/run_000/last.ckpt"", ""/home/ubuntu/cogitao-research/checkpoints/cogitao_vit_cross_attention/cogitao_c1_experiment_3_vit6_function_mlp_cross_attention/run_000/last.ckpt"", ""/home/ubuntu/cogitao-research/checkpoints/cogitao_vit_cross_attention/cogitao_c1_experiment_4_vit6_function_mlp_cross_attention/run_000/last.ckpt"", ""/home/ubuntu/cogitao-research/checkpoints/cogitao_vit_cross_attention/cogitao_c1_experiment_5_vit6_function_mlp_cross_attention/run_000/last.ckpt""]","[""2bff05e8e2e5f390f6eb1f5cbf0ac8187832a8a365af10da7100cb8d732aa3f2"", ""35f91e02d5b826c89f6b24f52abf83581220b4b6676009c59b6715b0b2251589"", ""900674f94996e9b2f5190e7cd8bac4486d09332daaf131226f7f107123274de1"", ""9fc5e4f84cb131416f158af2b67349dc93c59e82f33086a7eeab2f7d6f335a7f"", ""c6578b6a655d823b9e27296aaf186e6b5b97bad640fb400cc5f2abaa6f308e6d""]","[""dfec9cbb2afe6616194c1fb41430c0c5d2bc4208""]","[1, 2, 3, 4, 5]",val_ood,"[""change_shape_color"", ""crop_bottom_side"", ""crop_contours"", ""extend_contours_same_color"", ""rot90""]","[""double_right"", ""pad_left"", ""pad_right"", ""rot90"", ""translate_up""]","[""double_right -> crop_contours"", ""pad_left -> extend_contours_same_color"", ""pad_right -> change_shape_color"", ""rot90 -> crop_bottom_side"", ""translate_up -> rot90""]","pair (f,g): fgx=f(g(x)); task-token order [g,f] means g -> f",567,5,5,image_block_06,42,"[71370, 78000]",256,256,0.01,2,"{""fixed_ranks"": [1, 2, 4, 8, 16, 32], ""variance_thresholds"": [0.9, 0.95]}",recorded_ood,0.23420144057251535,0.11005448361580956,val,0.24775041242764606,0.2495198944646723,0.24388642777339675,0.3278393335404781,1.0,0.29822069828904973,0.28093197439598483,0.24810781805150964,0.01354897185513068,0.11969220104571213,0.009637717429902578,0.29233866900350497,0.13768311319266435,128,128,255,512,True,0.04998228284446776,CHEATING; fit on first half of this split; score second half only,64,5,5,567,transfer_gap,D_brier,checkpoint_program_means,5,0.6284003503815405,0.2562234250063654,0.7,0.1881204043741873,ok,-0.9016276766346483,1.0,experiment_run,False,5,Cluster bootstrap by experiment; training-time checkpoints share a run. Few C1 models limit inference.,,,,,,,,,,,,,,
"[""/home/ubuntu/cogitao-research/checkpoints/cogitao_vit_cross_attention/cogitao_c1_experiment_1_vit6_function_mlp_cross_attention/run_000/last.ckpt"", ""/home/ubuntu/cogitao-research/checkpoints/cogitao_vit_cross_attention/cogitao_c1_experiment_2_vit6_function_mlp_cross_attention/run_000/last.ckpt"", ""/home/ubuntu/cogitao-research/checkpoints/cogitao_vit_cross_attention/cogitao_c1_experiment_3_vit6_function_mlp_cross_attention/run_000/last.ckpt"", ""/home/ubuntu/cogitao-research/checkpoints/cogitao_vit_cross_attention/cogitao_c1_experiment_4_vit6_function_mlp_cross_attention/run_000/last.ckpt"", ""/home/ubuntu/cogitao-research/checkpoints/cogitao_vit_cross_attention/cogitao_c1_experiment_5_vit6_function_mlp_cross_attention/run_000/last.ckpt""]","[""2bff05e8e2e5f390f6eb1f5cbf0ac8187832a8a365af10da7100cb8d732aa3f2"", ""35f91e02d5b826c89f6b24f52abf83581220b4b6676009c59b6715b0b2251589"", ""900674f94996e9b2f5190e7cd8bac4486d09332daaf131226f7f107123274de1"", ""9fc5e4f84cb131416f158af2b67349dc93c59e82f33086a7eeab2f7d6f335a7f"", ""c6578b6a655d823b9e27296aaf186e6b5b97bad640fb400cc5f2abaa6f308e6d""]","[""dfec9cbb2afe6616194c1fb41430c0c5d2bc4208""]","[1, 2, 3, 4, 5]",val_ood,"[""change_shape_color"", ""crop_bottom_side"", ""crop_contours"", ""extend_contours_same_color"", ""rot90""]","[""double_right"", ""pad_left"", ""pad_right"", ""rot90"", ""translate_up""]","[""double_right -> crop_contours"", ""pad_left -> extend_contours_same_color"", ""pad_right -> change_shape_color"", ""rot90 -> crop_bottom_side"", ""translate_up -> rot90""]","pair (f,g): fgx=f(g(x)); task-token order [g,f] means g -> f",567,5,5,image_final_norm,42,"[71370, 78000]",256,256,0.01,2,"{""fixed_ranks"": [1, 2, 4, 8, 16, 32], ""variance_thresholds"": [0.9, 0.95]}",recorded_ood,0.23356419108312748,0.11147951844262834,val,0.2477122607789211,0.24971818671357457,0.24292585945150866,0.3223733448572376,1.0,0.29471862090634504,0.27853345376624183,0.24815139958283058,0.014148069695793618,0.12258667889527086,0.01110716045264253,0.29113727813499257,0.1407209033495817,128,128,255,512,True,0.04630363247568009,CHEATING; fit on first half of this split; score second half only,64,5,5,567,context_error,D_object_error,checkpoint_program_means,5,0.4727940226661674,0.42126665943445096,0.0,1.0,ok,-1.0,1.0,experiment_run,False,5,Cluster bootstrap by experiment; training-time checkpoints share a run. Few C1 models limit inference.,,,,,,,,,,,,,,
"[""/home/ubuntu/cogitao-research/checkpoints/cogitao_vit_cross_attention/cogitao_c1_experiment_1_vit6_function_mlp_cross_attention/run_000/last.ckpt"", ""/home/ubuntu/cogitao-research/checkpoints/cogitao_vit_cross_attention/cogitao_c1_experiment_2_vit6_function_mlp_cross_attention/run_000/last.ckpt"", ""/home/ubuntu/cogitao-research/checkpoints/cogitao_vit_cross_attention/cogitao_c1_experiment_3_vit6_function_mlp_cross_attention/run_000/last.ckpt"", ""/home/ubuntu/cogitao-research/checkpoints/cogitao_vit_cross_attention/cogitao_c1_experiment_4_vit6_function_mlp_cross_attention/run_000/last.ckpt"", ""/home/ubuntu/cogitao-research/checkpoints/cogitao_vit_cross_attention/cogitao_c1_experiment_5_vit6_function_mlp_cross_attention/run_000/last.ckpt""]","[""2bff05e8e2e5f390f6eb1f5cbf0ac8187832a8a365af10da7100cb8d732aa3f2"", ""35f91e02d5b826c89f6b24f52abf83581220b4b6676009c59b6715b0b2251589"", ""900674f94996e9b2f5190e7cd8bac4486d09332daaf131226f7f107123274de1"", ""9fc5e4f84cb131416f158af2b67349dc93c59e82f33086a7eeab2f7d6f335a7f"", ""c6578b6a655d823b9e27296aaf186e6b5b97bad640fb400cc5f2abaa6f308e6d""]","[""dfec9cbb2afe6616194c1fb41430c0c5d2bc4208""]","[1, 2, 3, 4, 5]",val_ood,"[""change_shape_color"", ""crop_bottom_side"", ""crop_contours"", ""extend_contours_same_color"", ""rot90""]","[""double_right"", ""pad_left"", ""pad_right"", ""rot90"", ""translate_up""]","[""double_right -> crop_contours"", ""pad_left -> extend_contours_same_color"", ""pad_right -> change_shape_color"", ""rot90 -> crop_bottom_side"", ""translate_up -> rot90""]","pair (f,g): fgx=f(g(x)); task-token order [g,f] means g -> f",567,5,5,image_final_norm,42,"[71370, 78000]",256,256,0.01,2,"{""fixed_ranks"": [1, 2, 4, 8, 16, 32], ""variance_thresholds"": [0.9, 0.95]}",recorded_ood,0.23356419108312748,0.11147951844262834,val,0.2477122607789211,0.24971818671357457,0.24292585945150866,0.3223733448572376,1.0,0.29471862090634504,0.27853345376624183,0.24815139958283058,0.014148069695793618,0.12258667889527086,0.01110716045264253,0.29113727813499257,0.1407209033495817,128,128,255,512,True,0.04630363247568009,CHEATING; fit on first half of this split; score second half only,64,5,5,567,context_error,D_nll,checkpoint_program_means,5,0.5612686394136627,0.3249012175753361,0.7,0.1881204043741873,ok,-0.9999999999999997,1.0,experiment_run,False,5,Cluster bootstrap by experiment; training-time checkpoints share a run. Few C1 models limit inference.,,,,,,,,,,,,,,
"[""/home/ubuntu/cogitao-research/checkpoints/cogitao_vit_cross_attention/cogitao_c1_experiment_1_vit6_function_mlp_cross_attention/run_000/last.ckpt"", ""/home/ubuntu/cogitao-research/checkpoints/cogitao_vit_cross_attention/cogitao_c1_experiment_2_vit6_function_mlp_cross_attention/run_000/last.ckpt"", ""/home/ubuntu/cogitao-research/checkpoints/cogitao_vit_cross_attention/cogitao_c1_experiment_3_vit6_function_mlp_cross_attention/run_000/last.ckpt"", ""/home/ubuntu/cogitao-research/checkpoints/cogitao_vit_cross_attention/cogitao_c1_experiment_4_vit6_function_mlp_cross_attention/run_000/last.ckpt"", ""/home/ubuntu/cogitao-research/checkpoints/cogitao_vit_cross_attention/cogitao_c1_experiment_5_vit6_function_mlp_cross_attention/run_000/last.ckpt""]","[""2bff05e8e2e5f390f6eb1f5cbf0ac8187832a8a365af10da7100cb8d732aa3f2"", ""35f91e02d5b826c89f6b24f52abf83581220b4b6676009c59b6715b0b2251589"", ""900674f94996e9b2f5190e7cd8bac4486d09332daaf131226f7f107123274de1"", ""9fc5e4f84cb131416f158af2b67349dc93c59e82f33086a7eeab2f7d6f335a7f"", ""c6578b6a655d823b9e27296aaf186e6b5b97bad640fb400cc5f2abaa6f308e6d""]","[""dfec9cbb2afe6616194c1fb41430c0c5d2bc4208""]","[1, 2, 3, 4, 5]",val_ood,"[""change_shape_color"", ""crop_bottom_side"", ""crop_contours"", ""extend_contours_same_color"", ""rot90""]","[""double_right"", ""pad_left"", ""pad_right"", ""rot90"", ""translate_up""]","[""double_right -> crop_contours"", ""pad_left -> extend_contours_same_color"", ""pad_right -> change_shape_color"", ""rot90 -> crop_bottom_side"", ""translate_up -> rot90""]","pair (f,g): fgx=f(g(x)); task-token order [g,f] means g -> f",567,5,5,image_final_norm,42,"[71370, 78000]",256,256,0.01,2,"{""fixed_ranks"": [1, 2, 4, 8, 16, 32], ""variance_thresholds"": [0.9, 0.95]}",recorded_ood,0.23356419108312748,0.11147951844262834,val,0.2477122607789211,0.24971818671357457,0.24292585945150866,0.3223733448572376,1.0,0.29471862090634504,0.27853345376624183,0.24815139958283058,0.014148069695793618,0.12258667889527086,0.01110716045264253,0.29113727813499257,0.1407209033495817,128,128,255,512,True,0.04630363247568009,CHEATING; fit on first half of this split; score second half only,64,5,5,567,context_error,D_confidence,checkpoint_program_means,5,0.38188575995796836,0.5258594065796925,0.6,0.28475697986529386,ok,-0.9979668075412119,1.0,experiment_run,False,5,Cluster bootstrap by experiment; training-time checkpoints share a run. Few C1 models limit inference.,,,,,,,,,,,,,,
"[""/home/ubuntu/cogitao-research/checkpoints/cogitao_vit_cross_attention/cogitao_c1_experiment_1_vit6_function_mlp_cross_attention/run_000/last.ckpt"", ""/home/ubuntu/cogitao-research/checkpoints/cogitao_vit_cross_attention/cogitao_c1_experiment_2_vit6_function_mlp_cross_attention/run_000/last.ckpt"", ""/home/ubuntu/cogitao-research/checkpoints/cogitao_vit_cross_attention/cogitao_c1_experiment_3_vit6_function_mlp_cross_attention/run_000/last.ckpt"", ""/home/ubuntu/cogitao-research/checkpoints/cogitao_vit_cross_attention/cogitao_c1_experiment_4_vit6_function_mlp_cross_attention/run_000/last.ckpt"", ""/home/ubuntu/cogitao-research/checkpoints/cogitao_vit_cross_attention/cogitao_c1_experiment_5_vit6_function_mlp_cross_attention/run_000/last.ckpt""]","[""2bff05e8e2e5f390f6eb1f5cbf0ac8187832a8a365af10da7100cb8d732aa3f2"", ""35f91e02d5b826c89f6b24f52abf83581220b4b6676009c59b6715b0b2251589"", ""900674f94996e9b2f5190e7cd8bac4486d09332daaf131226f7f107123274de1"", ""9fc5e4f84cb131416f158af2b67349dc93c59e82f33086a7eeab2f7d6f335a7f"", ""c6578b6a655d823b9e27296aaf186e6b5b97bad640fb400cc5f2abaa6f308e6d""]","[""dfec9cbb2afe6616194c1fb41430c0c5d2bc4208""]","[1, 2, 3, 4, 5]",val_ood,"[""change_shape_color"", ""crop_bottom_side"", ""crop_contours"", ""extend_contours_same_color"", ""rot90""]","[""double_right"", ""pad_left"", ""pad_right"", ""rot90"", ""translate_up""]","[""double_right -> crop_contours"", ""pad_left -> extend_contours_same_color"", ""pad_right -> change_shape_color"", ""rot90 -> crop_bottom_side"", ""translate_up -> rot90""]","pair (f,g): fgx=f(g(x)); task-token order [g,f] means g -> f",567,5,5,image_final_norm,42,"[71370, 78000]",256,256,0.01,2,"{""fixed_ranks"": [1, 2, 4, 8, 16, 32], ""variance_thresholds"": [0.9, 0.95]}",recorded_ood,0.23356419108312748,0.11147951844262834,val,0.2477122607789211,0.24971818671357457,0.24292585945150866,0.3223733448572376,1.0,0.29471862090634504,0.27853345376624183,0.24815139958283058,0.014148069695793618,0.12258667889527086,0.01110716045264253,0.29113727813499257,0.1407209033495817,128,128,255,512,True,0.04630363247568009,CHEATING; fit on first half of this split; score second half only,64,5,5,567,context_error,D_brier,checkpoint_program_means,5,0.13249136823057392,0.8318015975519558,0.3,0.623837664781073,ok,-0.9999999999999997,1.0,experiment_run,False,5,Cluster bootstrap by experiment; training-time checkpoints share a run. Few C1 models limit inference.,,,,,,,,,,,,,,
"[""/home/ubuntu/cogitao-research/checkpoints/cogitao_vit_cross_attention/cogitao_c1_experiment_1_vit6_function_mlp_cross_attention/run_000/last.ckpt"", ""/home/ubuntu/cogitao-research/checkpoints/cogitao_vit_cross_attention/cogitao_c1_experiment_2_vit6_function_mlp_cross_attention/run_000/last.ckpt"", ""/home/ubuntu/cogitao-research/checkpoints/cogitao_vit_cross_attention/cogitao_c1_experiment_3_vit6_function_mlp_cross_attention/run_000/last.ckpt"", ""/home/ubuntu/cogitao-research/checkpoints/cogitao_vit_cross_attention/cogitao_c1_experiment_4_vit6_function_mlp_cross_attention/run_000/last.ckpt"", ""/home/ubuntu/cogitao-research/checkpoints/cogitao_vit_cross_attention/cogitao_c1_experiment_5_vit6_function_mlp_cross_attention/run_000/last.ckpt""]","[""2bff05e8e2e5f390f6eb1f5cbf0ac8187832a8a365af10da7100cb8d732aa3f2"", ""35f91e02d5b826c89f6b24f52abf83581220b4b6676009c59b6715b0b2251589"", ""900674f94996e9b2f5190e7cd8bac4486d09332daaf131226f7f107123274de1"", ""9fc5e4f84cb131416f158af2b67349dc93c59e82f33086a7eeab2f7d6f335a7f"", ""c6578b6a655d823b9e27296aaf186e6b5b97bad640fb400cc5f2abaa6f308e6d""]","[""dfec9cbb2afe6616194c1fb41430c0c5d2bc4208""]","[1, 2, 3, 4, 5]",val_ood,"[""change_shape_color"", ""crop_bottom_side"", ""crop_contours"", ""extend_contours_same_color"", ""rot90""]","[""double_right"", ""pad_left"", ""pad_right"", ""rot90"", ""translate_up""]","[""double_right -> crop_contours"", ""pad_left -> extend_contours_same_color"", ""pad_right -> change_shape_color"", ""rot90 -> crop_bottom_side"", ""translate_up -> rot90""]","pair (f,g): fgx=f(g(x)); task-token order [g,f] means g -> f",567,5,5,image_final_norm,42,"[71370, 78000]",256,256,0.01,2,"{""fixed_ranks"": [1, 2, 4, 8, 16, 32], ""variance_thresholds"": [0.9, 0.95]}",recorded_ood,0.23356419108312748,0.11147951844262834,val,0.2477122607789211,0.24971818671357457,0.24292585945150866,0.3223733448572376,1.0,0.29471862090634504,0.27853345376624183,0.24815139958283058,0.014148069695793618,0.12258667889527086,0.01110716045264253,0.29113727813499257,0.1407209033495817,128,128,255,512,True,0.04630363247568009,CHEATING; fit on first half of this split; score second half only,64,5,5,567,composition_error,D_object_error,checkpoint_program_means,5,0.44270354162565273,0.45532744307307504,-0.09999999999999999,0.8728885715695384,ok,-1.0,1.0,experiment_run,False,5,Cluster bootstrap by experiment; training-time checkpoints share a run. Few C1 models limit inference.,,,,,,,,,,,,,,
"[""/home/ubuntu/cogitao-research/checkpoints/cogitao_vit_cross_attention/cogitao_c1_experiment_1_vit6_function_mlp_cross_attention/run_000/last.ckpt"", ""/home/ubuntu/cogitao-research/checkpoints/cogitao_vit_cross_attention/cogitao_c1_experiment_2_vit6_function_mlp_cross_attention/run_000/last.ckpt"", ""/home/ubuntu/cogitao-research/checkpoints/cogitao_vit_cross_attention/cogitao_c1_experiment_3_vit6_function_mlp_cross_attention/run_000/last.ckpt"", ""/home/ubuntu/cogitao-research/checkpoints/cogitao_vit_cross_attention/cogitao_c1_experiment_4_vit6_function_mlp_cross_attention/run_000/last.ckpt"", ""/home/ubuntu/cogitao-research/checkpoints/cogitao_vit_cross_attention/cogitao_c1_experiment_5_vit6_function_mlp_cross_attention/run_000/last.ckpt""]","[""2bff05e8e2e5f390f6eb1f5cbf0ac8187832a8a365af10da7100cb8d732aa3f2"", ""35f91e02d5b826c89f6b24f52abf83581220b4b6676009c59b6715b0b2251589"", ""900674f94996e9b2f5190e7cd8bac4486d09332daaf131226f7f107123274de1"", ""9fc5e4f84cb131416f158af2b67349dc93c59e82f33086a7eeab2f7d6f335a7f"", ""c6578b6a655d823b9e27296aaf186e6b5b97bad640fb400cc5f2abaa6f308e6d""]","[""dfec9cbb2afe6616194c1fb41430c0c5d2bc4208""]","[1, 2, 3, 4, 5]",val_ood,"[""change_shape_color"", ""crop_bottom_side"", ""crop_contours"", ""extend_contours_same_color"", ""rot90""]","[""double_right"", ""pad_left"", ""pad_right"", ""rot90"", ""translate_up""]","[""double_right -> crop_contours"", ""pad_left -> extend_contours_same_color"", ""pad_right -> change_shape_color"", ""rot90 -> crop_bottom_side"", ""translate_up -> rot90""]","pair (f,g): fgx=f(g(x)); task-token order [g,f] means g -> f",567,5,5,image_final_norm,42,"[71370, 78000]",256,256,0.01,2,"{""fixed_ranks"": [1, 2, 4, 8, 16, 32], ""variance_thresholds"": [0.9, 0.95]}",recorded_ood,0.23356419108312748,0.11147951844262834,val,0.2477122607789211,0.24971818671357457,0.24292585945150866,0.3223733448572376,1.0,0.29471862090634504,0.27853345376624183,0.24815139958283058,0.014148069695793618,0.12258667889527086,0.01110716045264253,0.29113727813499257,0.1407209033495817,128,128,255,512,True,0.04630363247568009,CHEATING; fit on first half of this split; score second half only,64,5,5,567,composition_error,D_nll,checkpoint_program_means,5,0.32754691900824917,0.5905364364717723,0.49999999999999994,0.3910022189557703,ok,-1.0,1.0,experiment_run,False,5,Cluster bootstrap by experiment; training-time checkpoints share a run. Few C1 models limit inference.,,,,,,,,,,,,,,
"[""/home/ubuntu/cogitao-research/checkpoints/cogitao_vit_cross_attention/cogitao_c1_experiment_1_vit6_function_mlp_cross_attention/run_000/last.ckpt"", ""/home/ubuntu/cogitao-research/checkpoints/cogitao_vit_cross_attention/cogitao_c1_experiment_2_vit6_function_mlp_cross_attention/run_000/last.ckpt"", ""/home/ubuntu/cogitao-research/checkpoints/cogitao_vit_cross_attention/cogitao_c1_experiment_3_vit6_function_mlp_cross_attention/run_000/last.ckpt"", ""/home/ubuntu/cogitao-research/checkpoints/cogitao_vit_cross_attention/cogitao_c1_experiment_4_vit6_function_mlp_cross_attention/run_000/last.ckpt"", ""/home/ubuntu/cogitao-research/checkpoints/cogitao_vit_cross_attention/cogitao_c1_experiment_5_vit6_function_mlp_cross_attention/run_000/last.ckpt""]","[""2bff05e8e2e5f390f6eb1f5cbf0ac8187832a8a365af10da7100cb8d732aa3f2"", ""35f91e02d5b826c89f6b24f52abf83581220b4b6676009c59b6715b0b2251589"", ""900674f94996e9b2f5190e7cd8bac4486d09332daaf131226f7f107123274de1"", ""9fc5e4f84cb131416f158af2b67349dc93c59e82f33086a7eeab2f7d6f335a7f"", ""c6578b6a655d823b9e27296aaf186e6b5b97bad640fb400cc5f2abaa6f308e6d""]","[""dfec9cbb2afe6616194c1fb41430c0c5d2bc4208""]","[1, 2, 3, 4, 5]",val_ood,"[""change_shape_color"", ""crop_bottom_side"", ""crop_contours"", ""extend_contours_same_color"", ""rot90""]","[""double_right"", ""pad_left"", ""pad_right"", ""rot90"", ""translate_up""]","[""double_right -> crop_contours"", ""pad_left -> extend_contours_same_color"", ""pad_right -> change_shape_color"", ""rot90 -> crop_bottom_side"", ""translate_up -> rot90""]","pair (f,g): fgx=f(g(x)); task-token order [g,f] means g -> f",567,5,5,image_final_norm,42,"[71370, 78000]",256,256,0.01,2,"{""fixed_ranks"": [1, 2, 4, 8, 16, 32], ""variance_thresholds"": [0.9, 0.95]}",recorded_ood,0.23356419108312748,0.11147951844262834,val,0.2477122607789211,0.24971818671357457,0.24292585945150866,0.3223733448572376,1.0,0.29471862090634504,0.27853345376624183,0.24815139958283058,0.014148069695793618,0.12258667889527086,0.01110716045264253,0.29113727813499257,0.1407209033495817,128,128,255,512,True,0.04630363247568009,CHEATING; fit on first half of this split; score second half only,64,5,5,567,composition_error,D_confidence,checkpoint_program_means,5,0.28356919822002363,0.6438473737747152,0.7,0.1881204043741873,ok,-0.825752752431858,1.0,experiment_run,False,5,Cluster bootstrap by experiment; training-time checkpoints share a run. Few C1 models limit inference.,,,,,,,,,,,,,,
"[""/home/ubuntu/cogitao-research/checkpoints/cogitao_vit_cross_attention/cogitao_c1_experiment_1_vit6_function_mlp_cross_attention/run_000/last.ckpt"", ""/home/ubuntu/cogitao-research/checkpoints/cogitao_vit_cross_attention/cogitao_c1_experiment_2_vit6_function_mlp_cross_attention/run_000/last.ckpt"", ""/home/ubuntu/cogitao-research/checkpoints/cogitao_vit_cross_attention/cogitao_c1_experiment_3_vit6_function_mlp_cross_attention/run_000/last.ckpt"", ""/home/ubuntu/cogitao-research/checkpoints/cogitao_vit_cross_attention/cogitao_c1_experiment_4_vit6_function_mlp_cross_attention/run_000/last.ckpt"", ""/home/ubuntu/cogitao-research/checkpoints/cogitao_vit_cross_attention/cogitao_c1_experiment_5_vit6_function_mlp_cross_attention/run_000/last.ckpt""]","[""2bff05e8e2e5f390f6eb1f5cbf0ac8187832a8a365af10da7100cb8d732aa3f2"", ""35f91e02d5b826c89f6b24f52abf83581220b4b6676009c59b6715b0b2251589"", ""900674f94996e9b2f5190e7cd8bac4486d09332daaf131226f7f107123274de1"", ""9fc5e4f84cb131416f158af2b67349dc93c59e82f33086a7eeab2f7d6f335a7f"", ""c6578b6a655d823b9e27296aaf186e6b5b97bad640fb400cc5f2abaa6f308e6d""]","[""dfec9cbb2afe6616194c1fb41430c0c5d2bc4208""]","[1, 2, 3, 4, 5]",val_ood,"[""change_shape_color"", ""crop_bottom_side"", ""crop_contours"", ""extend_contours_same_color"", ""rot90""]","[""double_right"", ""pad_left"", ""pad_right"", ""rot90"", ""translate_up""]","[""double_right -> crop_contours"", ""pad_left -> extend_contours_same_color"", ""pad_right -> change_shape_color"", ""rot90 -> crop_bottom_side"", ""translate_up -> rot90""]","pair (f,g): fgx=f(g(x)); task-token order [g,f] means g -> f",567,5,5,image_final_norm,42,"[71370, 78000]",256,256,0.01,2,"{""fixed_ranks"": [1, 2, 4, 8, 16, 32], ""variance_thresholds"": [0.9, 0.95]}",recorded_ood,0.23356419108312748,0.11147951844262834,val,0.2477122607789211,0.24971818671357457,0.24292585945150866,0.3223733448572376,1.0,0.29471862090634504,0.27853345376624183,0.24815139958283058,0.014148069695793618,0.12258667889527086,0.01110716045264253,0.29113727813499257,0.1407209033495817,128,128,255,512,True,0.04630363247568009,CHEATING; fit on first half of this split; score second half only,64,5,5,567,composition_error,D_brier,checkpoint_program_means,5,-0.0968916575387666,0.8768270097865687,0.09999999999999999,0.8728885715695384,ok,-0.9999999999999999,1.0,experiment_run,False,5,Cluster bootstrap by experiment; training-time checkpoints share a run. Few C1 models limit inference.,,,,,,,,,,,,,,
"[""/home/ubuntu/cogitao-research/checkpoints/cogitao_vit_cross_attention/cogitao_c1_experiment_1_vit6_function_mlp_cross_attention/run_000/last.ckpt"", ""/home/ubuntu/cogitao-research/checkpoints/cogitao_vit_cross_attention/cogitao_c1_experiment_2_vit6_function_mlp_cross_attention/run_000/last.ckpt"", ""/home/ubuntu/cogitao-research/checkpoints/cogitao_vit_cross_attention/cogitao_c1_experiment_3_vit6_function_mlp_cross_attention/run_000/last.ckpt"", ""/home/ubuntu/cogitao-research/checkpoints/cogitao_vit_cross_attention/cogitao_c1_experiment_4_vit6_function_mlp_cross_attention/run_000/last.ckpt"", ""/home/ubuntu/cogitao-research/checkpoints/cogitao_vit_cross_attention/cogitao_c1_experiment_5_vit6_function_mlp_cross_attention/run_000/last.ckpt""]","[""2bff05e8e2e5f390f6eb1f5cbf0ac8187832a8a365af10da7100cb8d732aa3f2"", ""35f91e02d5b826c89f6b24f52abf83581220b4b6676009c59b6715b0b2251589"", ""900674f94996e9b2f5190e7cd8bac4486d09332daaf131226f7f107123274de1"", ""9fc5e4f84cb131416f158af2b67349dc93c59e82f33086a7eeab2f7d6f335a7f"", ""c6578b6a655d823b9e27296aaf186e6b5b97bad640fb400cc5f2abaa6f308e6d""]","[""dfec9cbb2afe6616194c1fb41430c0c5d2bc4208""]","[1, 2, 3, 4, 5]",val_ood,"[""change_shape_color"", ""crop_bottom_side"", ""crop_contours"", ""extend_contours_same_color"", ""rot90""]","[""double_right"", ""pad_left"", ""pad_right"", ""rot90"", ""translate_up""]","[""double_right -> crop_contours"", ""pad_left -> extend_contours_same_color"", ""pad_right -> change_shape_color"", ""rot90 -> crop_bottom_side"", ""translate_up -> rot90""]","pair (f,g): fgx=f(g(x)); task-token order [g,f] means g -> f",567,5,5,image_final_norm,42,"[71370, 78000]",256,256,0.01,2,"{""fixed_ranks"": [1, 2, 4, 8, 16, 32], ""variance_thresholds"": [0.9, 0.95]}",recorded_ood,0.23356419108312748,0.11147951844262834,val,0.2477122607789211,0.24971818671357457,0.24292585945150866,0.3223733448572376,1.0,0.29471862090634504,0.27853345376624183,0.24815139958283058,0.014148069695793618,0.12258667889527086,0.01110716045264253,0.29113727813499257,0.1407209033495817,128,128,255,512,True,0.04630363247568009,CHEATING; fit on first half of this split; score second half only,64,5,5,567,transfer_gap,D_object_error,checkpoint_program_means,5,0.3473779672018766,0.5667684290819863,0.19999999999999998,0.7470600781046621,ok,-1.0,1.0,experiment_run,False,5,Cluster bootstrap by experiment; training-time checkpoints share a run. Few C1 models limit inference.,,,,,,,,,,,,,,
"[""/home/ubuntu/cogitao-research/checkpoints/cogitao_vit_cross_attention/cogitao_c1_experiment_1_vit6_function_mlp_cross_attention/run_000/last.ckpt"", ""/home/ubuntu/cogitao-research/checkpoints/cogitao_vit_cross_attention/cogitao_c1_experiment_2_vit6_function_mlp_cross_attention/run_000/last.ckpt"", ""/home/ubuntu/cogitao-research/checkpoints/cogitao_vit_cross_attention/cogitao_c1_experiment_3_vit6_function_mlp_cross_attention/run_000/last.ckpt"", ""/home/ubuntu/cogitao-research/checkpoints/cogitao_vit_cross_attention/cogitao_c1_experiment_4_vit6_function_mlp_cross_attention/run_000/last.ckpt"", ""/home/ubuntu/cogitao-research/checkpoints/cogitao_vit_cross_attention/cogitao_c1_experiment_5_vit6_function_mlp_cross_attention/run_000/last.ckpt""]","[""2bff05e8e2e5f390f6eb1f5cbf0ac8187832a8a365af10da7100cb8d732aa3f2"", ""35f91e02d5b826c89f6b24f52abf83581220b4b6676009c59b6715b0b2251589"", ""900674f94996e9b2f5190e7cd8bac4486d09332daaf131226f7f107123274de1"", ""9fc5e4f84cb131416f158af2b67349dc93c59e82f33086a7eeab2f7d6f335a7f"", ""c6578b6a655d823b9e27296aaf186e6b5b97bad640fb400cc5f2abaa6f308e6d""]","[""dfec9cbb2afe6616194c1fb41430c0c5d2bc4208""]","[1, 2, 3, 4, 5]",val_ood,"[""change_shape_color"", ""crop_bottom_side"", ""crop_contours"", ""extend_contours_same_color"", ""rot90""]","[""double_right"", ""pad_left"", ""pad_right"", ""rot90"", ""translate_up""]","[""double_right -> crop_contours"", ""pad_left -> extend_contours_same_color"", ""pad_right -> change_shape_color"", ""rot90 -> crop_bottom_side"", ""translate_up -> rot90""]","pair (f,g): fgx=f(g(x)); task-token order [g,f] means g -> f",567,5,5,image_final_norm,42,"[71370, 78000]",256,256,0.01,2,"{""fixed_ranks"": [1, 2, 4, 8, 16, 32], ""variance_thresholds"": [0.9, 0.95]}",recorded_ood,0.23356419108312748,0.11147951844262834,val,0.2477122607789211,0.24971818671357457,0.24292585945150866,0.3223733448572376,1.0,0.29471862090634504,0.27853345376624183,0.24815139958283058,0.014148069695793618,0.12258667889527086,0.01110716045264253,0.29113727813499257,0.1407209033495817,128,128,255,512,True,0.04630363247568009,CHEATING; fit on first half of this split; score second half only,64,5,5,567,transfer_gap,D_nll,checkpoint_program_means,5,0.6285098049208913,0.25611502296712246,0.7,0.1881204043741873,ok,-0.3942062530258309,1.0,experiment_run,False,5,Cluster bootstrap by experiment; training-time checkpoints share a run. Few C1 models limit inference.,,,,,,,,,,,,,,
"[""/home/ubuntu/cogitao-research/checkpoints/cogitao_vit_cross_attention/cogitao_c1_experiment_1_vit6_function_mlp_cross_attention/run_000/last.ckpt"", ""/home/ubuntu/cogitao-research/checkpoints/cogitao_vit_cross_attention/cogitao_c1_experiment_2_vit6_function_mlp_cross_attention/run_000/last.ckpt"", ""/home/ubuntu/cogitao-research/checkpoints/cogitao_vit_cross_attention/cogitao_c1_experiment_3_vit6_function_mlp_cross_attention/run_000/last.ckpt"", ""/home/ubuntu/cogitao-research/checkpoints/cogitao_vit_cross_attention/cogitao_c1_experiment_4_vit6_function_mlp_cross_attention/run_000/last.ckpt"", ""/home/ubuntu/cogitao-research/checkpoints/cogitao_vit_cross_attention/cogitao_c1_experiment_5_vit6_function_mlp_cross_attention/run_000/last.ckpt""]","[""2bff05e8e2e5f390f6eb1f5cbf0ac8187832a8a365af10da7100cb8d732aa3f2"", ""35f91e02d5b826c89f6b24f52abf83581220b4b6676009c59b6715b0b2251589"", ""900674f94996e9b2f5190e7cd8bac4486d09332daaf131226f7f107123274de1"", ""9fc5e4f84cb131416f158af2b67349dc93c59e82f33086a7eeab2f7d6f335a7f"", ""c6578b6a655d823b9e27296aaf186e6b5b97bad640fb400cc5f2abaa6f308e6d""]","[""dfec9cbb2afe6616194c1fb41430c0c5d2bc4208""]","[1, 2, 3, 4, 5]",val_ood,"[""change_shape_color"", ""crop_bottom_side"", ""crop_contours"", ""extend_contours_same_color"", ""rot90""]","[""double_right"", ""pad_left"", ""pad_right"", ""rot90"", ""translate_up""]","[""double_right -> crop_contours"", ""pad_left -> extend_contours_same_color"", ""pad_right -> change_shape_color"", ""rot90 -> crop_bottom_side"", ""translate_up -> rot90""]","pair (f,g): fgx=f(g(x)); task-token order [g,f] means g -> f",567,5,5,image_final_norm,42,"[71370, 78000]",256,256,0.01,2,"{""fixed_ranks"": [1, 2, 4, 8, 16, 32], ""variance_thresholds"": [0.9, 0.95]}",recorded_ood,0.23356419108312748,0.11147951844262834,val,0.2477122607789211,0.24971818671357457,0.24292585945150866,0.3223733448572376,1.0,0.29471862090634504,0.27853345376624183,0.24815139958283058,0.014148069695793618,0.12258667889527086,0.01110716045264253,0.29113727813499257,0.1407209033495817,128,128,255,512,True,0.04630363247568009,CHEATING; fit on first half of this split; score second half only,64,5,5,567,transfer_gap,D_confidence,checkpoint_program_means,5,0.7742353445337852,0.12431812741738354,0.49999999999999994,0.3910022189557703,ok,-0.7462762295715424,1.0,experiment_run,False,5,Cluster bootstrap by experiment; training-time checkpoints share a run. Few C1 models limit inference.,,,,,,,,,,,,,,
"[""/home/ubuntu/cogitao-research/checkpoints/cogitao_vit_cross_attention/cogitao_c1_experiment_1_vit6_function_mlp_cross_attention/run_000/last.ckpt"", ""/home/ubuntu/cogitao-research/checkpoints/cogitao_vit_cross_attention/cogitao_c1_experiment_2_vit6_function_mlp_cross_attention/run_000/last.ckpt"", ""/home/ubuntu/cogitao-research/checkpoints/cogitao_vit_cross_attention/cogitao_c1_experiment_3_vit6_function_mlp_cross_attention/run_000/last.ckpt"", ""/home/ubuntu/cogitao-research/checkpoints/cogitao_vit_cross_attention/cogitao_c1_experiment_4_vit6_function_mlp_cross_attention/run_000/last.ckpt"", ""/home/ubuntu/cogitao-research/checkpoints/cogitao_vit_cross_attention/cogitao_c1_experiment_5_vit6_function_mlp_cross_attention/run_000/last.ckpt""]","[""2bff05e8e2e5f390f6eb1f5cbf0ac8187832a8a365af10da7100cb8d732aa3f2"", ""35f91e02d5b826c89f6b24f52abf83581220b4b6676009c59b6715b0b2251589"", ""900674f94996e9b2f5190e7cd8bac4486d09332daaf131226f7f107123274de1"", ""9fc5e4f84cb131416f158af2b67349dc93c59e82f33086a7eeab2f7d6f335a7f"", ""c6578b6a655d823b9e27296aaf186e6b5b97bad640fb400cc5f2abaa6f308e6d""]","[""dfec9cbb2afe6616194c1fb41430c0c5d2bc4208""]","[1, 2, 3, 4, 5]",val_ood,"[""change_shape_color"", ""crop_bottom_side"", ""crop_contours"", ""extend_contours_same_color"", ""rot90""]","[""double_right"", ""pad_left"", ""pad_right"", ""rot90"", ""translate_up""]","[""double_right -> crop_contours"", ""pad_left -> extend_contours_same_color"", ""pad_right -> change_shape_color"", ""rot90 -> crop_bottom_side"", ""translate_up -> rot90""]","pair (f,g): fgx=f(g(x)); task-token order [g,f] means g -> f",567,5,5,image_final_norm,42,"[71370, 78000]",256,256,0.01,2,"{""fixed_ranks"": [1, 2, 4, 8, 16, 32], ""variance_thresholds"": [0.9, 0.95]}",recorded_ood,0.23356419108312748,0.11147951844262834,val,0.2477122607789211,0.24971818671357457,0.24292585945150866,0.3223733448572376,1.0,0.29471862090634504,0.27853345376624183,0.24815139958283058,0.014148069695793618,0.12258667889527086,0.01110716045264253,0.29113727813499257,0.1407209033495817,128,128,255,512,True,0.04630363247568009,CHEATING; fit on first half of this split; score second half only,64,5,5,567,transfer_gap,D_brier,checkpoint_program_means,5,0.6322992380539956,0.252369653537132,0.7,0.1881204043741873,ok,-0.9479908971370464,1.0,experiment_run,False,5,Cluster bootstrap by experiment; training-time checkpoints share a run. Few C1 models limit inference.,,,,,,,,,,,,,,
"[""/home/ubuntu/cogitao-research/checkpoints/cogitao_vit_cross_attention/cogitao_c1_experiment_1_vit6_function_mlp_cross_attention/run_000/last.ckpt"", ""/home/ubuntu/cogitao-research/checkpoints/cogitao_vit_cross_attention/cogitao_c1_experiment_2_vit6_function_mlp_cross_attention/run_000/last.ckpt"", ""/home/ubuntu/cogitao-research/checkpoints/cogitao_vit_cross_attention/cogitao_c1_experiment_3_vit6_function_mlp_cross_attention/run_000/last.ckpt"", ""/home/ubuntu/cogitao-research/checkpoints/cogitao_vit_cross_attention/cogitao_c1_experiment_4_vit6_function_mlp_cross_attention/run_000/last.ckpt"", ""/home/ubuntu/cogitao-research/checkpoints/cogitao_vit_cross_attention/cogitao_c1_experiment_5_vit6_function_mlp_cross_attention/run_000/last.ckpt""]","[""2bff05e8e2e5f390f6eb1f5cbf0ac8187832a8a365af10da7100cb8d732aa3f2"", ""35f91e02d5b826c89f6b24f52abf83581220b4b6676009c59b6715b0b2251589"", ""900674f94996e9b2f5190e7cd8bac4486d09332daaf131226f7f107123274de1"", ""9fc5e4f84cb131416f158af2b67349dc93c59e82f33086a7eeab2f7d6f335a7f"", ""c6578b6a655d823b9e27296aaf186e6b5b97bad640fb400cc5f2abaa6f308e6d""]","[""dfec9cbb2afe6616194c1fb41430c0c5d2bc4208""]","[1, 2, 3, 4, 5]",test_ood,"[""change_shape_color"", ""crop_bottom_side"", ""crop_contours"", ""extend_contours_same_color"", ""rot90""]","[""double_right"", ""pad_left"", ""pad_right"", ""rot90"", ""translate_up""]","[""double_right -> crop_contours"", ""pad_left -> extend_contours_same_color"", ""pad_right -> change_shape_color"", ""rot90 -> crop_bottom_side"", ""translate_up -> rot90""]","pair (f,g): fgx=f(g(x)); task-token order [g,f] means g -> f",573,5,5,image_input_tokens,42,"[71370, 78000]",256,256,0.01,2,"{""fixed_ranks"": [1, 2, 4, 8, 16, 32], ""variance_thresholds"": [0.9, 0.95]}",recorded_ood,0.023425747849881655,0.02897501755819071,test,0.023878871147415562,0.03350504314806173,0.024723717448639007,0.031835324010588674,1.0,0.0320969709481978,0.03318503412989042,0.033191724902403366,0.00045312329753390967,0.027380248388134597,-0.0015947691700561157,0.056639264007804765,0.0033306828388339873,128,128,255,512,True,0.018801101399775512,CHEATING; fit on first half of this split; score second half only,64,5,5,573,context_error,D_object_error,checkpoint_program_means,5,-0.6720365781809553,0.21402240080036938,-0.7,0.1881204043741873,ok,-1.0,0.8455383691774921,experiment_run,False,5,Cluster bootstrap by experiment; training-time checkpoints share a run. Few C1 models limit inference.,,,,,,,,,,,,,,
"[""/home/ubuntu/cogitao-research/checkpoints/cogitao_vit_cross_attention/cogitao_c1_experiment_1_vit6_function_mlp_cross_attention/run_000/last.ckpt"", ""/home/ubuntu/cogitao-research/checkpoints/cogitao_vit_cross_attention/cogitao_c1_experiment_2_vit6_function_mlp_cross_attention/run_000/last.ckpt"", ""/home/ubuntu/cogitao-research/checkpoints/cogitao_vit_cross_attention/cogitao_c1_experiment_3_vit6_function_mlp_cross_attention/run_000/last.ckpt"", ""/home/ubuntu/cogitao-research/checkpoints/cogitao_vit_cross_attention/cogitao_c1_experiment_4_vit6_function_mlp_cross_attention/run_000/last.ckpt"", ""/home/ubuntu/cogitao-research/checkpoints/cogitao_vit_cross_attention/cogitao_c1_experiment_5_vit6_function_mlp_cross_attention/run_000/last.ckpt""]","[""2bff05e8e2e5f390f6eb1f5cbf0ac8187832a8a365af10da7100cb8d732aa3f2"", ""35f91e02d5b826c89f6b24f52abf83581220b4b6676009c59b6715b0b2251589"", ""900674f94996e9b2f5190e7cd8bac4486d09332daaf131226f7f107123274de1"", ""9fc5e4f84cb131416f158af2b67349dc93c59e82f33086a7eeab2f7d6f335a7f"", ""c6578b6a655d823b9e27296aaf186e6b5b97bad640fb400cc5f2abaa6f308e6d""]","[""dfec9cbb2afe6616194c1fb41430c0c5d2bc4208""]","[1, 2, 3, 4, 5]",test_ood,"[""change_shape_color"", ""crop_bottom_side"", ""crop_contours"", ""extend_contours_same_color"", ""rot90""]","[""double_right"", ""pad_left"", ""pad_right"", ""rot90"", ""translate_up""]","[""double_right -> crop_contours"", ""pad_left -> extend_contours_same_color"", ""pad_right -> change_shape_color"", ""rot90 -> crop_bottom_side"", ""translate_up -> rot90""]","pair (f,g): fgx=f(g(x)); task-token order [g,f] means g -> f",573,5,5,image_input_tokens,42,"[71370, 78000]",256,256,0.01,2,"{""fixed_ranks"": [1, 2, 4, 8, 16, 32], ""variance_thresholds"": [0.9, 0.95]}",recorded_ood,0.023425747849881655,0.02897501755819071,test,0.023878871147415562,0.03350504314806173,0.024723717448639007,0.031835324010588674,1.0,0.0320969709481978,0.03318503412989042,0.033191724902403366,0.00045312329753390967,0.027380248388134597,-0.0015947691700561157,0.056639264007804765,0.0033306828388339873,128,128,255,512,True,0.018801101399775512,CHEATING; fit on first half of this split; score second half only,64,5,5,573,context_error,D_nll,checkpoint_program_means,5,-0.07897953950659778,0.8995447699666667,-0.09999999999999999,0.8728885715695384,ok,-1.0,1.0,experiment_run,False,5,Cluster bootstrap by experiment; training-time checkpoints share a run. Few C1 models limit inference.,,,,,,,,,,,,,,
"[""/home/ubuntu/cogitao-research/checkpoints/cogitao_vit_cross_attention/cogitao_c1_experiment_1_vit6_function_mlp_cross_attention/run_000/last.ckpt"", ""/home/ubuntu/cogitao-research/checkpoints/cogitao_vit_cross_attention/cogitao_c1_experiment_2_vit6_function_mlp_cross_attention/run_000/last.ckpt"", ""/home/ubuntu/cogitao-research/checkpoints/cogitao_vit_cross_attention/cogitao_c1_experiment_3_vit6_function_mlp_cross_attention/run_000/last.ckpt"", ""/home/ubuntu/cogitao-research/checkpoints/cogitao_vit_cross_attention/cogitao_c1_experiment_4_vit6_function_mlp_cross_attention/run_000/last.ckpt"", ""/home/ubuntu/cogitao-research/checkpoints/cogitao_vit_cross_attention/cogitao_c1_experiment_5_vit6_function_mlp_cross_attention/run_000/last.ckpt""]","[""2bff05e8e2e5f390f6eb1f5cbf0ac8187832a8a365af10da7100cb8d732aa3f2"", ""35f91e02d5b826c89f6b24f52abf83581220b4b6676009c59b6715b0b2251589"", ""900674f94996e9b2f5190e7cd8bac4486d09332daaf131226f7f107123274de1"", ""9fc5e4f84cb131416f158af2b67349dc93c59e82f33086a7eeab2f7d6f335a7f"", ""c6578b6a655d823b9e27296aaf186e6b5b97bad640fb400cc5f2abaa6f308e6d""]","[""dfec9cbb2afe6616194c1fb41430c0c5d2bc4208""]","[1, 2, 3, 4, 5]",test_ood,"[""change_shape_color"", ""crop_bottom_side"", ""crop_contours"", ""extend_contours_same_color"", ""rot90""]","[""double_right"", ""pad_left"", ""pad_right"", ""rot90"", ""translate_up""]","[""double_right -> crop_contours"", ""pad_left -> extend_contours_same_color"", ""pad_right -> change_shape_color"", ""rot90 -> crop_bottom_side"", ""translate_up -> rot90""]","pair (f,g): fgx=f(g(x)); task-token order [g,f] means g -> f",573,5,5,image_input_tokens,42,"[71370, 78000]",256,256,0.01,2,"{""fixed_ranks"": [1, 2, 4, 8, 16, 32], ""variance_thresholds"": [0.9, 0.95]}",recorded_ood,0.023425747849881655,0.02897501755819071,test,0.023878871147415562,0.03350504314806173,0.024723717448639007,0.031835324010588674,1.0,0.0320969709481978,0.03318503412989042,0.033191724902403366,0.00045312329753390967,0.027380248388134597,-0.0015947691700561157,0.056639264007804765,0.0033306828388339873,128,128,255,512,True,0.018801101399775512,CHEATING; fit on first half of this split; score second half only,64,5,5,573,context_error,D_confidence,checkpoint_program_means,5,0.8407337688313524,0.07444956163785026,0.8999999999999998,0.03738607346849874,ok,0.4821011544368488,1.0,experiment_run,False,5,Cluster bootstrap by experiment; training-time checkpoints share a run. Few C1 models limit inference.,,,,,,,,,,,,,,
"[""/home/ubuntu/cogitao-research/checkpoints/cogitao_vit_cross_attention/cogitao_c1_experiment_1_vit6_function_mlp_cross_attention/run_000/last.ckpt"", ""/home/ubuntu/cogitao-research/checkpoints/cogitao_vit_cross_attention/cogitao_c1_experiment_2_vit6_function_mlp_cross_attention/run_000/last.ckpt"", ""/home/ubuntu/cogitao-research/checkpoints/cogitao_vit_cross_attention/cogitao_c1_experiment_3_vit6_function_mlp_cross_attention/run_000/last.ckpt"", ""/home/ubuntu/cogitao-research/checkpoints/cogitao_vit_cross_attention/cogitao_c1_experiment_4_vit6_function_mlp_cross_attention/run_000/last.ckpt"", ""/home/ubuntu/cogitao-research/checkpoints/cogitao_vit_cross_attention/cogitao_c1_experiment_5_vit6_function_mlp_cross_attention/run_000/last.ckpt""]","[""2bff05e8e2e5f390f6eb1f5cbf0ac8187832a8a365af10da7100cb8d732aa3f2"", ""35f91e02d5b826c89f6b24f52abf83581220b4b6676009c59b6715b0b2251589"", ""900674f94996e9b2f5190e7cd8bac4486d09332daaf131226f7f107123274de1"", ""9fc5e4f84cb131416f158af2b67349dc93c59e82f33086a7eeab2f7d6f335a7f"", ""c6578b6a655d823b9e27296aaf186e6b5b97bad640fb400cc5f2abaa6f308e6d""]","[""dfec9cbb2afe6616194c1fb41430c0c5d2bc4208""]","[1, 2, 3, 4, 5]",test_ood,"[""change_shape_color"", ""crop_bottom_side"", ""crop_contours"", ""extend_contours_same_color"", ""rot90""]","[""double_right"", ""pad_left"", ""pad_right"", ""rot90"", ""translate_up""]","[""double_right -> crop_contours"", ""pad_left -> extend_contours_same_color"", ""pad_right -> change_shape_color"", ""rot90 -> crop_bottom_side"", ""translate_up -> rot90""]","pair (f,g): fgx=f(g(x)); task-token order [g,f] means g -> f",573,5,5,image_input_tokens,42,"[71370, 78000]",256,256,0.01,2,"{""fixed_ranks"": [1, 2, 4, 8, 16, 32], ""variance_thresholds"": [0.9, 0.95]}",recorded_ood,0.023425747849881655,0.02897501755819071,test,0.023878871147415562,0.03350504314806173,0.024723717448639007,0.031835324010588674,1.0,0.0320969709481978,0.03318503412989042,0.033191724902403366,0.00045312329753390967,0.027380248388134597,-0.0015947691700561157,0.056639264007804765,0.0033306828388339873,128,128,255,512,True,0.018801101399775512,CHEATING; fit on first half of this split; score second half only,64,5,5,573,context_error,D_brier,checkpoint_program_means,5,0.0718590932657839,0.9085849634774485,-0.19999999999999998,0.7470600781046621,ok,-1.0,0.9999999999999998,experiment_run,False,5,Cluster bootstrap by experiment; training-time checkpoints share a run. Few C1 models limit inference.,,,,,,,,,,,,,,
"[""/home/ubuntu/cogitao-research/checkpoints/cogitao_vit_cross_attention/cogitao_c1_experiment_1_vit6_function_mlp_cross_attention/run_000/last.ckpt"", ""/home/ubuntu/cogitao-research/checkpoints/cogitao_vit_cross_attention/cogitao_c1_experiment_2_vit6_function_mlp_cross_attention/run_000/last.ckpt"", ""/home/ubuntu/cogitao-research/checkpoints/cogitao_vit_cross_attention/cogitao_c1_experiment_3_vit6_function_mlp_cross_attention/run_000/last.ckpt"", ""/home/ubuntu/cogitao-research/checkpoints/cogitao_vit_cross_attention/cogitao_c1_experiment_4_vit6_function_mlp_cross_attention/run_000/last.ckpt"", ""/home/ubuntu/cogitao-research/checkpoints/cogitao_vit_cross_attention/cogitao_c1_experiment_5_vit6_function_mlp_cross_attention/run_000/last.ckpt""]","[""2bff05e8e2e5f390f6eb1f5cbf0ac8187832a8a365af10da7100cb8d732aa3f2"", ""35f91e02d5b826c89f6b24f52abf83581220b4b6676009c59b6715b0b2251589"", ""900674f94996e9b2f5190e7cd8bac4486d09332daaf131226f7f107123274de1"", ""9fc5e4f84cb131416f158af2b67349dc93c59e82f33086a7eeab2f7d6f335a7f"", ""c6578b6a655d823b9e27296aaf186e6b5b97bad640fb400cc5f2abaa6f308e6d""]","[""dfec9cbb2afe6616194c1fb41430c0c5d2bc4208""]","[1, 2, 3, 4, 5]",test_ood,"[""change_shape_color"", ""crop_bottom_side"", ""crop_contours"", ""extend_contours_same_color"", ""rot90""]","[""double_right"", ""pad_left"", ""pad_right"", ""rot90"", ""translate_up""]","[""double_right -> crop_contours"", ""pad_left -> extend_contours_same_color"", ""pad_right -> change_shape_color"", ""rot90 -> crop_bottom_side"", ""translate_up -> rot90""]","pair (f,g): fgx=f(g(x)); task-token order [g,f] means g -> f",573,5,5,image_input_tokens,42,"[71370, 78000]",256,256,0.01,2,"{""fixed_ranks"": [1, 2, 4, 8, 16, 32], ""variance_thresholds"": [0.9, 0.95]}",recorded_ood,0.023425747849881655,0.02897501755819071,test,0.023878871147415562,0.03350504314806173,0.024723717448639007,0.031835324010588674,1.0,0.0320969709481978,0.03318503412989042,0.033191724902403366,0.00045312329753390967,0.027380248388134597,-0.0015947691700561157,0.056639264007804765,0.0033306828388339873,128,128,255,512,True,0.018801101399775512,CHEATING; fit on first half of this split; score second half only,64,5,5,573,composition_error,D_object_error,checkpoint_program_means,5,-0.7674192385690334,0.12984667305777492,-0.6,0.28475697986529386,ok,-1.0,0.9999999999999999,experiment_run,False,5,Cluster bootstrap by experiment; training-time checkpoints share a run. Few C1 models limit inference.,,,,,,,,,,,,,,
"[""/home/ubuntu/cogitao-research/checkpoints/cogitao_vit_cross_attention/cogitao_c1_experiment_1_vit6_function_mlp_cross_attention/run_000/last.ckpt"", ""/home/ubuntu/cogitao-research/checkpoints/cogitao_vit_cross_attention/cogitao_c1_experiment_2_vit6_function_mlp_cross_attention/run_000/last.ckpt"", ""/home/ubuntu/cogitao-research/checkpoints/cogitao_vit_cross_attention/cogitao_c1_experiment_3_vit6_function_mlp_cross_attention/run_000/last.ckpt"", ""/home/ubuntu/cogitao-research/checkpoints/cogitao_vit_cross_attention/cogitao_c1_experiment_4_vit6_function_mlp_cross_attention/run_000/last.ckpt"", ""/home/ubuntu/cogitao-research/checkpoints/cogitao_vit_cross_attention/cogitao_c1_experiment_5_vit6_function_mlp_cross_attention/run_000/last.ckpt""]","[""2bff05e8e2e5f390f6eb1f5cbf0ac8187832a8a365af10da7100cb8d732aa3f2"", ""35f91e02d5b826c89f6b24f52abf83581220b4b6676009c59b6715b0b2251589"", ""900674f94996e9b2f5190e7cd8bac4486d09332daaf131226f7f107123274de1"", ""9fc5e4f84cb131416f158af2b67349dc93c59e82f33086a7eeab2f7d6f335a7f"", ""c6578b6a655d823b9e27296aaf186e6b5b97bad640fb400cc5f2abaa6f308e6d""]","[""dfec9cbb2afe6616194c1fb41430c0c5d2bc4208""]","[1, 2, 3, 4, 5]",test_ood,"[""change_shape_color"", ""crop_bottom_side"", ""crop_contours"", ""extend_contours_same_color"", ""rot90""]","[""double_right"", ""pad_left"", ""pad_right"", ""rot90"", ""translate_up""]","[""double_right -> crop_contours"", ""pad_left -> extend_contours_same_color"", ""pad_right -> change_shape_color"", ""rot90 -> crop_bottom_side"", ""translate_up -> rot90""]","pair (f,g): fgx=f(g(x)); task-token order [g,f] means g -> f",573,5,5,image_input_tokens,42,"[71370, 78000]",256,256,0.01,2,"{""fixed_ranks"": [1, 2, 4, 8, 16, 32], ""variance_thresholds"": [0.9, 0.95]}",recorded_ood,0.023425747849881655,0.02897501755819071,test,0.023878871147415562,0.03350504314806173,0.024723717448639007,0.031835324010588674,1.0,0.0320969709481978,0.03318503412989042,0.033191724902403366,0.00045312329753390967,0.027380248388134597,-0.0015947691700561157,0.056639264007804765,0.0033306828388339873,128,128,255,512,True,0.018801101399775512,CHEATING; fit on first half of this split; score second half only,64,5,5,573,composition_error,D_nll,checkpoint_program_means,5,-0.16844982295833297,0.7865416952984756,0.19999999999999998,0.7470600781046621,ok,-1.0,1.0,experiment_run,False,5,Cluster bootstrap by experiment; training-time checkpoints share a run. Few C1 models limit inference.,,,,,,,,,,,,,,
"[""/home/ubuntu/cogitao-research/checkpoints/cogitao_vit_cross_attention/cogitao_c1_experiment_1_vit6_function_mlp_cross_attention/run_000/last.ckpt"", ""/home/ubuntu/cogitao-research/checkpoints/cogitao_vit_cross_attention/cogitao_c1_experiment_2_vit6_function_mlp_cross_attention/run_000/last.ckpt"", ""/home/ubuntu/cogitao-research/checkpoints/cogitao_vit_cross_attention/cogitao_c1_experiment_3_vit6_function_mlp_cross_attention/run_000/last.ckpt"", ""/home/ubuntu/cogitao-research/checkpoints/cogitao_vit_cross_attention/cogitao_c1_experiment_4_vit6_function_mlp_cross_attention/run_000/last.ckpt"", ""/home/ubuntu/cogitao-research/checkpoints/cogitao_vit_cross_attention/cogitao_c1_experiment_5_vit6_function_mlp_cross_attention/run_000/last.ckpt""]","[""2bff05e8e2e5f390f6eb1f5cbf0ac8187832a8a365af10da7100cb8d732aa3f2"", ""35f91e02d5b826c89f6b24f52abf83581220b4b6676009c59b6715b0b2251589"", ""900674f94996e9b2f5190e7cd8bac4486d09332daaf131226f7f107123274de1"", ""9fc5e4f84cb131416f158af2b67349dc93c59e82f33086a7eeab2f7d6f335a7f"", ""c6578b6a655d823b9e27296aaf186e6b5b97bad640fb400cc5f2abaa6f308e6d""]","[""dfec9cbb2afe6616194c1fb41430c0c5d2bc4208""]","[1, 2, 3, 4, 5]",test_ood,"[""change_shape_color"", ""crop_bottom_side"", ""crop_contours"", ""extend_contours_same_color"", ""rot90""]","[""double_right"", ""pad_left"", ""pad_right"", ""rot90"", ""translate_up""]","[""double_right -> crop_contours"", ""pad_left -> extend_contours_same_color"", ""pad_right -> change_shape_color"", ""rot90 -> crop_bottom_side"", ""translate_up -> rot90""]","pair (f,g): fgx=f(g(x)); task-token order [g,f] means g -> f",573,5,5,image_input_tokens,42,"[71370, 78000]",256,256,0.01,2,"{""fixed_ranks"": [1, 2, 4, 8, 16, 32], ""variance_thresholds"": [0.9, 0.95]}",recorded_ood,0.023425747849881655,0.02897501755819071,test,0.023878871147415562,0.03350504314806173,0.024723717448639007,0.031835324010588674,1.0,0.0320969709481978,0.03318503412989042,0.033191724902403366,0.00045312329753390967,0.027380248388134597,-0.0015947691700561157,0.056639264007804765,0.0033306828388339873,128,128,255,512,True,0.018801101399775512,CHEATING; fit on first half of this split; score second half only,64,5,5,573,composition_error,D_confidence,checkpoint_program_means,5,0.7074476553087335,0.18138329327817201,0.7999999999999999,0.10408803866182788,ok,-0.3974505396140746,1.0,experiment_run,False,5,Cluster bootstrap by experiment; training-time checkpoints share a run. Few C1 models limit inference.,,,,,,,,,,,,,,
"[""/home/ubuntu/cogitao-research/checkpoints/cogitao_vit_cross_attention/cogitao_c1_experiment_1_vit6_function_mlp_cross_attention/run_000/last.ckpt"", ""/home/ubuntu/cogitao-research/checkpoints/cogitao_vit_cross_attention/cogitao_c1_experiment_2_vit6_function_mlp_cross_attention/run_000/last.ckpt"", ""/home/ubuntu/cogitao-research/checkpoints/cogitao_vit_cross_attention/cogitao_c1_experiment_3_vit6_function_mlp_cross_attention/run_000/last.ckpt"", ""/home/ubuntu/cogitao-research/checkpoints/cogitao_vit_cross_attention/cogitao_c1_experiment_4_vit6_function_mlp_cross_attention/run_000/last.ckpt"", ""/home/ubuntu/cogitao-research/checkpoints/cogitao_vit_cross_attention/cogitao_c1_experiment_5_vit6_function_mlp_cross_attention/run_000/last.ckpt""]","[""2bff05e8e2e5f390f6eb1f5cbf0ac8187832a8a365af10da7100cb8d732aa3f2"", ""35f91e02d5b826c89f6b24f52abf83581220b4b6676009c59b6715b0b2251589"", ""900674f94996e9b2f5190e7cd8bac4486d09332daaf131226f7f107123274de1"", ""9fc5e4f84cb131416f158af2b67349dc93c59e82f33086a7eeab2f7d6f335a7f"", ""c6578b6a655d823b9e27296aaf186e6b5b97bad640fb400cc5f2abaa6f308e6d""]","[""dfec9cbb2afe6616194c1fb41430c0c5d2bc4208""]","[1, 2, 3, 4, 5]",test_ood,"[""change_shape_color"", ""crop_bottom_side"", ""crop_contours"", ""extend_contours_same_color"", ""rot90""]","[""double_right"", ""pad_left"", ""pad_right"", ""rot90"", ""translate_up""]","[""double_right -> crop_contours"", ""pad_left -> extend_contours_same_color"", ""pad_right -> change_shape_color"", ""rot90 -> crop_bottom_side"", ""translate_up -> rot90""]","pair (f,g): fgx=f(g(x)); task-token order [g,f] means g -> f",573,5,5,image_input_tokens,42,"[71370, 78000]",256,256,0.01,2,"{""fixed_ranks"": [1, 2, 4, 8, 16, 32], ""variance_thresholds"": [0.9, 0.95]}",recorded_ood,0.023425747849881655,0.02897501755819071,test,0.023878871147415562,0.03350504314806173,0.024723717448639007,0.031835324010588674,1.0,0.0320969709481978,0.03318503412989042,0.033191724902403366,0.00045312329753390967,0.027380248388134597,-0.0015947691700561157,0.056639264007804765,0.0033306828388339873,128,128,255,512,True,0.018801101399775512,CHEATING; fit on first half of this split; score second half only,64,5,5,573,composition_error,D_brier,checkpoint_program_means,5,0.1426927639265726,0.8189363720060795,0.0,1.0,ok,-1.0,1.0,experiment_run,False,5,Cluster bootstrap by experiment; training-time checkpoints share a run. Few C1 models limit inference.,,,,,,,,,,,,,,
"[""/home/ubuntu/cogitao-research/checkpoints/cogitao_vit_cross_attention/cogitao_c1_experiment_1_vit6_function_mlp_cross_attention/run_000/last.ckpt"", ""/home/ubuntu/cogitao-research/checkpoints/cogitao_vit_cross_attention/cogitao_c1_experiment_2_vit6_function_mlp_cross_attention/run_000/last.ckpt"", ""/home/ubuntu/cogitao-research/checkpoints/cogitao_vit_cross_attention/cogitao_c1_experiment_3_vit6_function_mlp_cross_attention/run_000/last.ckpt"", ""/home/ubuntu/cogitao-research/checkpoints/cogitao_vit_cross_attention/cogitao_c1_experiment_4_vit6_function_mlp_cross_attention/run_000/last.ckpt"", ""/home/ubuntu/cogitao-research/checkpoints/cogitao_vit_cross_attention/cogitao_c1_experiment_5_vit6_function_mlp_cross_attention/run_000/last.ckpt""]","[""2bff05e8e2e5f390f6eb1f5cbf0ac8187832a8a365af10da7100cb8d732aa3f2"", ""35f91e02d5b826c89f6b24f52abf83581220b4b6676009c59b6715b0b2251589"", ""900674f94996e9b2f5190e7cd8bac4486d09332daaf131226f7f107123274de1"", ""9fc5e4f84cb131416f158af2b67349dc93c59e82f33086a7eeab2f7d6f335a7f"", ""c6578b6a655d823b9e27296aaf186e6b5b97bad640fb400cc5f2abaa6f308e6d""]","[""dfec9cbb2afe6616194c1fb41430c0c5d2bc4208""]","[1, 2, 3, 4, 5]",test_ood,"[""change_shape_color"", ""crop_bottom_side"", ""crop_contours"", ""extend_contours_same_color"", ""rot90""]","[""double_right"", ""pad_left"", ""pad_right"", ""rot90"", ""translate_up""]","[""double_right -> crop_contours"", ""pad_left -> extend_contours_same_color"", ""pad_right -> change_shape_color"", ""rot90 -> crop_bottom_side"", ""translate_up -> rot90""]","pair (f,g): fgx=f(g(x)); task-token order [g,f] means g -> f",573,5,5,image_input_tokens,42,"[71370, 78000]",256,256,0.01,2,"{""fixed_ranks"": [1, 2, 4, 8, 16, 32], ""variance_thresholds"": [0.9, 0.95]}",recorded_ood,0.023425747849881655,0.02897501755819071,test,0.023878871147415562,0.03350504314806173,0.024723717448639007,0.031835324010588674,1.0,0.0320969709481978,0.03318503412989042,0.033191724902403366,0.00045312329753390967,0.027380248388134597,-0.0015947691700561157,0.056639264007804765,0.0033306828388339873,128,128,255,512,True,0.018801101399775512,CHEATING; fit on first half of this split; score second half only,64,5,5,573,transfer_gap,D_object_error,checkpoint_program_means,5,-0.1291717671275473,0.8359919132750578,-0.39999999999999997,0.5046315754686912,ok,-1.0,0.9999999999999999,experiment_run,False,5,Cluster bootstrap by experiment; training-time checkpoints share a run. Few C1 models limit inference.,,,,,,,,,,,,,,
"[""/home/ubuntu/cogitao-research/checkpoints/cogitao_vit_cross_attention/cogitao_c1_experiment_1_vit6_function_mlp_cross_attention/run_000/last.ckpt"", ""/home/ubuntu/cogitao-research/checkpoints/cogitao_vit_cross_attention/cogitao_c1_experiment_2_vit6_function_mlp_cross_attention/run_000/last.ckpt"", ""/home/ubuntu/cogitao-research/checkpoints/cogitao_vit_cross_attention/cogitao_c1_experiment_3_vit6_function_mlp_cross_attention/run_000/last.ckpt"", ""/home/ubuntu/cogitao-research/checkpoints/cogitao_vit_cross_attention/cogitao_c1_experiment_4_vit6_function_mlp_cross_attention/run_000/last.ckpt"", ""/home/ubuntu/cogitao-research/checkpoints/cogitao_vit_cross_attention/cogitao_c1_experiment_5_vit6_function_mlp_cross_attention/run_000/last.ckpt""]","[""2bff05e8e2e5f390f6eb1f5cbf0ac8187832a8a365af10da7100cb8d732aa3f2"", ""35f91e02d5b826c89f6b24f52abf83581220b4b6676009c59b6715b0b2251589"", ""900674f94996e9b2f5190e7cd8bac4486d09332daaf131226f7f107123274de1"", ""9fc5e4f84cb131416f158af2b67349dc93c59e82f33086a7eeab2f7d6f335a7f"", ""c6578b6a655d823b9e27296aaf186e6b5b97bad640fb400cc5f2abaa6f308e6d""]","[""dfec9cbb2afe6616194c1fb41430c0c5d2bc4208""]","[1, 2, 3, 4, 5]",test_ood,"[""change_shape_color"", ""crop_bottom_side"", ""crop_contours"", ""extend_contours_same_color"", ""rot90""]","[""double_right"", ""pad_left"", ""pad_right"", ""rot90"", ""translate_up""]","[""double_right -> crop_contours"", ""pad_left -> extend_contours_same_color"", ""pad_right -> change_shape_color"", ""rot90 -> crop_bottom_side"", ""translate_up -> rot90""]","pair (f,g): fgx=f(g(x)); task-token order [g,f] means g -> f",573,5,5,image_input_tokens,42,"[71370, 78000]",256,256,0.01,2,"{""fixed_ranks"": [1, 2, 4, 8, 16, 32], ""variance_thresholds"": [0.9, 0.95]}",recorded_ood,0.023425747849881655,0.02897501755819071,test,0.023878871147415562,0.03350504314806173,0.024723717448639007,0.031835324010588674,1.0,0.0320969709481978,0.03318503412989042,0.033191724902403366,0.00045312329753390967,0.027380248388134597,-0.0015947691700561157,0.056639264007804765,0.0033306828388339873,128,128,255,512,True,0.018801101399775512,CHEATING; fit on first half of this split; score second half only,64,5,5,573,transfer_gap,D_nll,checkpoint_program_means,5,0.4069892919614009,0.4964891349802617,0.19999999999999998,0.7470600781046621,ok,-0.9999999999999998,0.9999999999999999,experiment_run,False,5,Cluster bootstrap by experiment; training-time checkpoints share a run. Few C1 models limit inference.,,,,,,,,,,,,,,
"[""/home/ubuntu/cogitao-research/checkpoints/cogitao_vit_cross_attention/cogitao_c1_experiment_1_vit6_function_mlp_cross_attention/run_000/last.ckpt"", ""/home/ubuntu/cogitao-research/checkpoints/cogitao_vit_cross_attention/cogitao_c1_experiment_2_vit6_function_mlp_cross_attention/run_000/last.ckpt"", ""/home/ubuntu/cogitao-research/checkpoints/cogitao_vit_cross_attention/cogitao_c1_experiment_3_vit6_function_mlp_cross_attention/run_000/last.ckpt"", ""/home/ubuntu/cogitao-research/checkpoints/cogitao_vit_cross_attention/cogitao_c1_experiment_4_vit6_function_mlp_cross_attention/run_000/last.ckpt"", ""/home/ubuntu/cogitao-research/checkpoints/cogitao_vit_cross_attention/cogitao_c1_experiment_5_vit6_function_mlp_cross_attention/run_000/last.ckpt""]","[""2bff05e8e2e5f390f6eb1f5cbf0ac8187832a8a365af10da7100cb8d732aa3f2"", ""35f91e02d5b826c89f6b24f52abf83581220b4b6676009c59b6715b0b2251589"", ""900674f94996e9b2f5190e7cd8bac4486d09332daaf131226f7f107123274de1"", ""9fc5e4f84cb131416f158af2b67349dc93c59e82f33086a7eeab2f7d6f335a7f"", ""c6578b6a655d823b9e27296aaf186e6b5b97bad640fb400cc5f2abaa6f308e6d""]","[""dfec9cbb2afe6616194c1fb41430c0c5d2bc4208""]","[1, 2, 3, 4, 5]",test_ood,"[""change_shape_color"", ""crop_bottom_side"", ""crop_contours"", ""extend_contours_same_color"", ""rot90""]","[""double_right"", ""pad_left"", ""pad_right"", ""rot90"", ""translate_up""]","[""double_right -> crop_contours"", ""pad_left -> extend_contours_same_color"", ""pad_right -> change_shape_color"", ""rot90 -> crop_bottom_side"", ""translate_up -> rot90""]","pair (f,g): fgx=f(g(x)); task-token order [g,f] means g -> f",573,5,5,image_input_tokens,42,"[71370, 78000]",256,256,0.01,2,"{""fixed_ranks"": [1, 2, 4, 8, 16, 32], ""variance_thresholds"": [0.9, 0.95]}",recorded_ood,0.023425747849881655,0.02897501755819071,test,0.023878871147415562,0.03350504314806173,0.024723717448639007,0.031835324010588674,1.0,0.0320969709481978,0.03318503412989042,0.033191724902403366,0.00045312329753390967,0.027380248388134597,-0.0015947691700561157,0.056639264007804765,0.0033306828388339873,128,128,255,512,True,0.018801101399775512,CHEATING; fit on first half of this split; score second half only,64,5,5,573,transfer_gap,D_confidence,checkpoint_program_means,5,0.9638151712344918,0.008217737741744472,0.9999999999999999,1.4042654220543602e-24,ok,0.8717305211033314,1.0,experiment_run,False,5,Cluster bootstrap by experiment; training-time checkpoints share a run. Few C1 models limit inference.,,,,,,,,,,,,,,
"[""/home/ubuntu/cogitao-research/checkpoints/cogitao_vit_cross_attention/cogitao_c1_experiment_1_vit6_function_mlp_cross_attention/run_000/last.ckpt"", ""/home/ubuntu/cogitao-research/checkpoints/cogitao_vit_cross_attention/cogitao_c1_experiment_2_vit6_function_mlp_cross_attention/run_000/last.ckpt"", ""/home/ubuntu/cogitao-research/checkpoints/cogitao_vit_cross_attention/cogitao_c1_experiment_3_vit6_function_mlp_cross_attention/run_000/last.ckpt"", ""/home/ubuntu/cogitao-research/checkpoints/cogitao_vit_cross_attention/cogitao_c1_experiment_4_vit6_function_mlp_cross_attention/run_000/last.ckpt"", ""/home/ubuntu/cogitao-research/checkpoints/cogitao_vit_cross_attention/cogitao_c1_experiment_5_vit6_function_mlp_cross_attention/run_000/last.ckpt""]","[""2bff05e8e2e5f390f6eb1f5cbf0ac8187832a8a365af10da7100cb8d732aa3f2"", ""35f91e02d5b826c89f6b24f52abf83581220b4b6676009c59b6715b0b2251589"", ""900674f94996e9b2f5190e7cd8bac4486d09332daaf131226f7f107123274de1"", ""9fc5e4f84cb131416f158af2b67349dc93c59e82f33086a7eeab2f7d6f335a7f"", ""c6578b6a655d823b9e27296aaf186e6b5b97bad640fb400cc5f2abaa6f308e6d""]","[""dfec9cbb2afe6616194c1fb41430c0c5d2bc4208""]","[1, 2, 3, 4, 5]",test_ood,"[""change_shape_color"", ""crop_bottom_side"", ""crop_contours"", ""extend_contours_same_color"", ""rot90""]","[""double_right"", ""pad_left"", ""pad_right"", ""rot90"", ""translate_up""]","[""double_right -> crop_contours"", ""pad_left -> extend_contours_same_color"", ""pad_right -> change_shape_color"", ""rot90 -> crop_bottom_side"", ""translate_up -> rot90""]","pair (f,g): fgx=f(g(x)); task-token order [g,f] means g -> f",573,5,5,image_input_tokens,42,"[71370, 78000]",256,256,0.01,2,"{""fixed_ranks"": [1, 2, 4, 8, 16, 32], ""variance_thresholds"": [0.9, 0.95]}",recorded_ood,0.023425747849881655,0.02897501755819071,test,0.023878871147415562,0.03350504314806173,0.024723717448639007,0.031835324010588674,1.0,0.0320969709481978,0.03318503412989042,0.033191724902403366,0.00045312329753390967,0.027380248388134597,-0.0015947691700561157,0.056639264007804765,0.0033306828388339873,128,128,255,512,True,0.018801101399775512,CHEATING; fit on first half of this split; score second half only,64,5,5,573,transfer_gap,D_brier,checkpoint_program_means,5,0.6126642276608627,0.27193473002687985,0.09999999999999999,0.8728885715695384,ok,-1.0,1.0,experiment_run,False,5,Cluster bootstrap by experiment; training-time checkpoints share a run. Few C1 models limit inference.,,,,,,,,,,,,,,
"[""/home/ubuntu/cogitao-research/checkpoints/cogitao_vit_cross_attention/cogitao_c1_experiment_1_vit6_function_mlp_cross_attention/run_000/last.ckpt"", ""/home/ubuntu/cogitao-research/checkpoints/cogitao_vit_cross_attention/cogitao_c1_experiment_2_vit6_function_mlp_cross_attention/run_000/last.ckpt"", ""/home/ubuntu/cogitao-research/checkpoints/cogitao_vit_cross_attention/cogitao_c1_experiment_3_vit6_function_mlp_cross_attention/run_000/last.ckpt"", ""/home/ubuntu/cogitao-research/checkpoints/cogitao_vit_cross_attention/cogitao_c1_experiment_4_vit6_function_mlp_cross_attention/run_000/last.ckpt"", ""/home/ubuntu/cogitao-research/checkpoints/cogitao_vit_cross_attention/cogitao_c1_experiment_5_vit6_function_mlp_cross_attention/run_000/last.ckpt""]","[""2bff05e8e2e5f390f6eb1f5cbf0ac8187832a8a365af10da7100cb8d732aa3f2"", ""35f91e02d5b826c89f6b24f52abf83581220b4b6676009c59b6715b0b2251589"", ""900674f94996e9b2f5190e7cd8bac4486d09332daaf131226f7f107123274de1"", ""9fc5e4f84cb131416f158af2b67349dc93c59e82f33086a7eeab2f7d6f335a7f"", ""c6578b6a655d823b9e27296aaf186e6b5b97bad640fb400cc5f2abaa6f308e6d""]","[""dfec9cbb2afe6616194c1fb41430c0c5d2bc4208""]","[1, 2, 3, 4, 5]",test_ood,"[""change_shape_color"", ""crop_bottom_side"", ""crop_contours"", ""extend_contours_same_color"", ""rot90""]","[""double_right"", ""pad_left"", ""pad_right"", ""rot90"", ""translate_up""]","[""double_right -> crop_contours"", ""pad_left -> extend_contours_same_color"", ""pad_right -> change_shape_color"", ""rot90 -> crop_bottom_side"", ""translate_up -> rot90""]","pair (f,g): fgx=f(g(x)); task-token order [g,f] means g -> f",573,5,5,image_block_01,42,"[71370, 78000]",256,256,0.01,2,"{""fixed_ranks"": [1, 2, 4, 8, 16, 32], ""variance_thresholds"": [0.9, 0.95]}",recorded_ood,0.10236999657643454,0.04438563269118834,test,0.09809907318687677,0.09828632915263444,0.09994662721023703,0.14360801578536234,1.0,0.08554245843791924,0.14665292614056627,0.10013989088339684,-0.004270923389557795,0.043157725620051074,-0.0012279070711372626,0.15806879803033574,0.03445814234973752,128,128,255,512,True,0.052256869999475514,CHEATING; fit on first half of this split; score second half only,64,5,5,573,context_error,D_object_error,checkpoint_program_means,5,0.4234187723356905,0.4774591463701601,0.0,1.0,ok,-1.0,1.0,experiment_run,False,5,Cluster bootstrap by experiment; training-time checkpoints share a run. Few C1 models limit inference.,,,,,,,,,,,,,,
"[""/home/ubuntu/cogitao-research/checkpoints/cogitao_vit_cross_attention/cogitao_c1_experiment_1_vit6_function_mlp_cross_attention/run_000/last.ckpt"", ""/home/ubuntu/cogitao-research/checkpoints/cogitao_vit_cross_attention/cogitao_c1_experiment_2_vit6_function_mlp_cross_attention/run_000/last.ckpt"", ""/home/ubuntu/cogitao-research/checkpoints/cogitao_vit_cross_attention/cogitao_c1_experiment_3_vit6_function_mlp_cross_attention/run_000/last.ckpt"", ""/home/ubuntu/cogitao-research/checkpoints/cogitao_vit_cross_attention/cogitao_c1_experiment_4_vit6_function_mlp_cross_attention/run_000/last.ckpt"", ""/home/ubuntu/cogitao-research/checkpoints/cogitao_vit_cross_attention/cogitao_c1_experiment_5_vit6_function_mlp_cross_attention/run_000/last.ckpt""]","[""2bff05e8e2e5f390f6eb1f5cbf0ac8187832a8a365af10da7100cb8d732aa3f2"", ""35f91e02d5b826c89f6b24f52abf83581220b4b6676009c59b6715b0b2251589"", ""900674f94996e9b2f5190e7cd8bac4486d09332daaf131226f7f107123274de1"", ""9fc5e4f84cb131416f158af2b67349dc93c59e82f33086a7eeab2f7d6f335a7f"", ""c6578b6a655d823b9e27296aaf186e6b5b97bad640fb400cc5f2abaa6f308e6d""]","[""dfec9cbb2afe6616194c1fb41430c0c5d2bc4208""]","[1, 2, 3, 4, 5]",test_ood,"[""change_shape_color"", ""crop_bottom_side"", ""crop_contours"", ""extend_contours_same_color"", ""rot90""]","[""double_right"", ""pad_left"", ""pad_right"", ""rot90"", ""translate_up""]","[""double_right -> crop_contours"", ""pad_left -> extend_contours_same_color"", ""pad_right -> change_shape_color"", ""rot90 -> crop_bottom_side"", ""translate_up -> rot90""]","pair (f,g): fgx=f(g(x)); task-token order [g,f] means g -> f",573,5,5,image_block_01,42,"[71370, 78000]",256,256,0.01,2,"{""fixed_ranks"": [1, 2, 4, 8, 16, 32], ""variance_thresholds"": [0.9, 0.95]}",recorded_ood,0.10236999657643454,0.04438563269118834,test,0.09809907318687677,0.09828632915263444,0.09994662721023703,0.14360801578536234,1.0,0.08554245843791924,0.14665292614056627,0.10013989088339684,-0.004270923389557795,0.043157725620051074,-0.0012279070711372626,0.15806879803033574,0.03445814234973752,128,128,255,512,True,0.052256869999475514,CHEATING; fit on first half of this split; score second half only,64,5,5,573,context_error,D_nll,checkpoint_program_means,5,0.7185390297890522,0.17148158561989482,0.6,0.28475697986529386,ok,-0.9999999999999998,1.0,experiment_run,False,5,Cluster bootstrap by experiment; training-time checkpoints share a run. Few C1 models limit inference.,,,,,,,,,,,,,,
"[""/home/ubuntu/cogitao-research/checkpoints/cogitao_vit_cross_attention/cogitao_c1_experiment_1_vit6_function_mlp_cross_attention/run_000/last.ckpt"", ""/home/ubuntu/cogitao-research/checkpoints/cogitao_vit_cross_attention/cogitao_c1_experiment_2_vit6_function_mlp_cross_attention/run_000/last.ckpt"", ""/home/ubuntu/cogitao-research/checkpoints/cogitao_vit_cross_attention/cogitao_c1_experiment_3_vit6_function_mlp_cross_attention/run_000/last.ckpt"", ""/home/ubuntu/cogitao-research/checkpoints/cogitao_vit_cross_attention/cogitao_c1_experiment_4_vit6_function_mlp_cross_attention/run_000/last.ckpt"", ""/home/ubuntu/cogitao-research/checkpoints/cogitao_vit_cross_attention/cogitao_c1_experiment_5_vit6_function_mlp_cross_attention/run_000/last.ckpt""]","[""2bff05e8e2e5f390f6eb1f5cbf0ac8187832a8a365af10da7100cb8d732aa3f2"", ""35f91e02d5b826c89f6b24f52abf83581220b4b6676009c59b6715b0b2251589"", ""900674f94996e9b2f5190e7cd8bac4486d09332daaf131226f7f107123274de1"", ""9fc5e4f84cb131416f158af2b67349dc93c59e82f33086a7eeab2f7d6f335a7f"", ""c6578b6a655d823b9e27296aaf186e6b5b97bad640fb400cc5f2abaa6f308e6d""]","[""dfec9cbb2afe6616194c1fb41430c0c5d2bc4208""]","[1, 2, 3, 4, 5]",test_ood,"[""change_shape_color"", ""crop_bottom_side"", ""crop_contours"", ""extend_contours_same_color"", ""rot90""]","[""double_right"", ""pad_left"", ""pad_right"", ""rot90"", ""translate_up""]","[""double_right -> crop_contours"", ""pad_left -> extend_contours_same_color"", ""pad_right -> change_shape_color"", ""rot90 -> crop_bottom_side"", ""translate_up -> rot90""]","pair (f,g): fgx=f(g(x)); task-token order [g,f] means g -> f",573,5,5,image_block_01,42,"[71370, 78000]",256,256,0.01,2,"{""fixed_ranks"": [1, 2, 4, 8, 16, 32], ""variance_thresholds"": [0.9, 0.95]}",recorded_ood,0.10236999657643454,0.04438563269118834,test,0.09809907318687677,0.09828632915263444,0.09994662721023703,0.14360801578536234,1.0,0.08554245843791924,0.14665292614056627,0.10013989088339684,-0.004270923389557795,0.043157725620051074,-0.0012279070711372626,0.15806879803033574,0.03445814234973752,128,128,255,512,True,0.052256869999475514,CHEATING; fit on first half of this split; score second half only,64,5,5,573,context_error,D_confidence,checkpoint_program_means,5,0.6084424430417584,0.2761918601235421,0.6,0.28475697986529386,ok,-0.9972007626980981,1.0,experiment_run,False,5,Cluster bootstrap by experiment; training-time checkpoints share a run. Few C1 models limit inference.,,,,,,,,,,,,,,
"[""/home/ubuntu/cogitao-research/checkpoints/cogitao_vit_cross_attention/cogitao_c1_experiment_1_vit6_function_mlp_cross_attention/run_000/last.ckpt"", ""/home/ubuntu/cogitao-research/checkpoints/cogitao_vit_cross_attention/cogitao_c1_experiment_2_vit6_function_mlp_cross_attention/run_000/last.ckpt"", ""/home/ubuntu/cogitao-research/checkpoints/cogitao_vit_cross_attention/cogitao_c1_experiment_3_vit6_function_mlp_cross_attention/run_000/last.ckpt"", ""/home/ubuntu/cogitao-research/checkpoints/cogitao_vit_cross_attention/cogitao_c1_experiment_4_vit6_function_mlp_cross_attention/run_000/last.ckpt"", ""/home/ubuntu/cogitao-research/checkpoints/cogitao_vit_cross_attention/cogitao_c1_experiment_5_vit6_function_mlp_cross_attention/run_000/last.ckpt""]","[""2bff05e8e2e5f390f6eb1f5cbf0ac8187832a8a365af10da7100cb8d732aa3f2"", ""35f91e02d5b826c89f6b24f52abf83581220b4b6676009c59b6715b0b2251589"", ""900674f94996e9b2f5190e7cd8bac4486d09332daaf131226f7f107123274de1"", ""9fc5e4f84cb131416f158af2b67349dc93c59e82f33086a7eeab2f7d6f335a7f"", ""c6578b6a655d823b9e27296aaf186e6b5b97bad640fb400cc5f2abaa6f308e6d""]","[""dfec9cbb2afe6616194c1fb41430c0c5d2bc4208""]","[1, 2, 3, 4, 5]",test_ood,"[""change_shape_color"", ""crop_bottom_side"", ""crop_contours"", ""extend_contours_same_color"", ""rot90""]","[""double_right"", ""pad_left"", ""pad_right"", ""rot90"", ""translate_up""]","[""double_right -> crop_contours"", ""pad_left -> extend_contours_same_color"", ""pad_right -> change_shape_color"", ""rot90 -> crop_bottom_side"", ""translate_up -> rot90""]","pair (f,g): fgx=f(g(x)); task-token order [g,f] means g -> f",573,5,5,image_block_01,42,"[71370, 78000]",256,256,0.01,2,"{""fixed_ranks"": [1, 2, 4, 8, 16, 32], ""variance_thresholds"": [0.9, 0.95]}",recorded_ood,0.10236999657643454,0.04438563269118834,test,0.09809907318687677,0.09828632915263444,0.09994662721023703,0.14360801578536234,1.0,0.08554245843791924,0.14665292614056627,0.10013989088339684,-0.004270923389557795,0.043157725620051074,-0.0012279070711372626,0.15806879803033574,0.03445814234973752,128,128,255,512,True,0.052256869999475514,CHEATING; fit on first half of this split; score second half only,64,5,5,573,context_error,D_brier,checkpoint_program_means,5,0.492659238884703,0.39911624384657113,0.3,0.623837664781073,ok,-0.9999999999999999,1.0,experiment_run,False,5,Cluster bootstrap by experiment; training-time checkpoints share a run. Few C1 models limit inference.,,,,,,,,,,,,,,
"[""/home/ubuntu/cogitao-research/checkpoints/cogitao_vit_cross_attention/cogitao_c1_experiment_1_vit6_function_mlp_cross_attention/run_000/last.ckpt"", ""/home/ubuntu/cogitao-research/checkpoints/cogitao_vit_cross_attention/cogitao_c1_experiment_2_vit6_function_mlp_cross_attention/run_000/last.ckpt"", ""/home/ubuntu/cogitao-research/checkpoints/cogitao_vit_cross_attention/cogitao_c1_experiment_3_vit6_function_mlp_cross_attention/run_000/last.ckpt"", ""/home/ubuntu/cogitao-research/checkpoints/cogitao_vit_cross_attention/cogitao_c1_experiment_4_vit6_function_mlp_cross_attention/run_000/last.ckpt"", ""/home/ubuntu/cogitao-research/checkpoints/cogitao_vit_cross_attention/cogitao_c1_experiment_5_vit6_function_mlp_cross_attention/run_000/last.ckpt""]","[""2bff05e8e2e5f390f6eb1f5cbf0ac8187832a8a365af10da7100cb8d732aa3f2"", ""35f91e02d5b826c89f6b24f52abf83581220b4b6676009c59b6715b0b2251589"", ""900674f94996e9b2f5190e7cd8bac4486d09332daaf131226f7f107123274de1"", ""9fc5e4f84cb131416f158af2b67349dc93c59e82f33086a7eeab2f7d6f335a7f"", ""c6578b6a655d823b9e27296aaf186e6b5b97bad640fb400cc5f2abaa6f308e6d""]","[""dfec9cbb2afe6616194c1fb41430c0c5d2bc4208""]","[1, 2, 3, 4, 5]",test_ood,"[""change_shape_color"", ""crop_bottom_side"", ""crop_contours"", ""extend_contours_same_color"", ""rot90""]","[""double_right"", ""pad_left"", ""pad_right"", ""rot90"", ""translate_up""]","[""double_right -> crop_contours"", ""pad_left -> extend_contours_same_color"", ""pad_right -> change_shape_color"", ""rot90 -> crop_bottom_side"", ""translate_up -> rot90""]","pair (f,g): fgx=f(g(x)); task-token order [g,f] means g -> f",573,5,5,image_block_01,42,"[71370, 78000]",256,256,0.01,2,"{""fixed_ranks"": [1, 2, 4, 8, 16, 32], ""variance_thresholds"": [0.9, 0.95]}",recorded_ood,0.10236999657643454,0.04438563269118834,test,0.09809907318687677,0.09828632915263444,0.09994662721023703,0.14360801578536234,1.0,0.08554245843791924,0.14665292614056627,0.10013989088339684,-0.004270923389557795,0.043157725620051074,-0.0012279070711372626,0.15806879803033574,0.03445814234973752,128,128,255,512,True,0.052256869999475514,CHEATING; fit on first half of this split; score second half only,64,5,5,573,composition_error,D_object_error,checkpoint_program_means,5,0.17208784556537093,0.7819772629003235,-0.3,0.623837664781073,ok,-1.0,0.8441971804956219,experiment_run,False,5,Cluster bootstrap by experiment; training-time checkpoints share a run. Few C1 models limit inference.,,,,,,,,,,,,,,
"[""/home/ubuntu/cogitao-research/checkpoints/cogitao_vit_cross_attention/cogitao_c1_experiment_1_vit6_function_mlp_cross_attention/run_000/last.ckpt"", ""/home/ubuntu/cogitao-research/checkpoints/cogitao_vit_cross_attention/cogitao_c1_experiment_2_vit6_function_mlp_cross_attention/run_000/last.ckpt"", ""/home/ubuntu/cogitao-research/checkpoints/cogitao_vit_cross_attention/cogitao_c1_experiment_3_vit6_function_mlp_cross_attention/run_000/last.ckpt"", ""/home/ubuntu/cogitao-research/checkpoints/cogitao_vit_cross_attention/cogitao_c1_experiment_4_vit6_function_mlp_cross_attention/run_000/last.ckpt"", ""/home/ubuntu/cogitao-research/checkpoints/cogitao_vit_cross_attention/cogitao_c1_experiment_5_vit6_function_mlp_cross_attention/run_000/last.ckpt""]","[""2bff05e8e2e5f390f6eb1f5cbf0ac8187832a8a365af10da7100cb8d732aa3f2"", ""35f91e02d5b826c89f6b24f52abf83581220b4b6676009c59b6715b0b2251589"", ""900674f94996e9b2f5190e7cd8bac4486d09332daaf131226f7f107123274de1"", ""9fc5e4f84cb131416f158af2b67349dc93c59e82f33086a7eeab2f7d6f335a7f"", ""c6578b6a655d823b9e27296aaf186e6b5b97bad640fb400cc5f2abaa6f308e6d""]","[""dfec9cbb2afe6616194c1fb41430c0c5d2bc4208""]","[1, 2, 3, 4, 5]",test_ood,"[""change_shape_color"", ""crop_bottom_side"", ""crop_contours"", ""extend_contours_same_color"", ""rot90""]","[""double_right"", ""pad_left"", ""pad_right"", ""rot90"", ""translate_up""]","[""double_right -> crop_contours"", ""pad_left -> extend_contours_same_color"", ""pad_right -> change_shape_color"", ""rot90 -> crop_bottom_side"", ""translate_up -> rot90""]","pair (f,g): fgx=f(g(x)); task-token order [g,f] means g -> f",573,5,5,image_block_01,42,"[71370, 78000]",256,256,0.01,2,"{""fixed_ranks"": [1, 2, 4, 8, 16, 32], ""variance_thresholds"": [0.9, 0.95]}",recorded_ood,0.10236999657643454,0.04438563269118834,test,0.09809907318687677,0.09828632915263444,0.09994662721023703,0.14360801578536234,1.0,0.08554245843791924,0.14665292614056627,0.10013989088339684,-0.004270923389557795,0.043157725620051074,-0.0012279070711372626,0.15806879803033574,0.03445814234973752,128,128,255,512,True,0.052256869999475514,CHEATING; fit on first half of this split; score second half only,64,5,5,573,composition_error,D_nll,checkpoint_program_means,5,-0.06333350011250174,0.9194152243915485,-0.09999999999999999,0.8728885715695384,ok,-1.0,0.9999999999999999,experiment_run,False,5,Cluster bootstrap by experiment; training-time checkpoints share a run. Few C1 models limit inference.,,,,,,,,,,,,,,
"[""/home/ubuntu/cogitao-research/checkpoints/cogitao_vit_cross_attention/cogitao_c1_experiment_1_vit6_function_mlp_cross_attention/run_000/last.ckpt"", ""/home/ubuntu/cogitao-research/checkpoints/cogitao_vit_cross_attention/cogitao_c1_experiment_2_vit6_function_mlp_cross_attention/run_000/last.ckpt"", ""/home/ubuntu/cogitao-research/checkpoints/cogitao_vit_cross_attention/cogitao_c1_experiment_3_vit6_function_mlp_cross_attention/run_000/last.ckpt"", ""/home/ubuntu/cogitao-research/checkpoints/cogitao_vit_cross_attention/cogitao_c1_experiment_4_vit6_function_mlp_cross_attention/run_000/last.ckpt"", ""/home/ubuntu/cogitao-research/checkpoints/cogitao_vit_cross_attention/cogitao_c1_experiment_5_vit6_function_mlp_cross_attention/run_000/last.ckpt""]","[""2bff05e8e2e5f390f6eb1f5cbf0ac8187832a8a365af10da7100cb8d732aa3f2"", ""35f91e02d5b826c89f6b24f52abf83581220b4b6676009c59b6715b0b2251589"", ""900674f94996e9b2f5190e7cd8bac4486d09332daaf131226f7f107123274de1"", ""9fc5e4f84cb131416f158af2b67349dc93c59e82f33086a7eeab2f7d6f335a7f"", ""c6578b6a655d823b9e27296aaf186e6b5b97bad640fb400cc5f2abaa6f308e6d""]","[""dfec9cbb2afe6616194c1fb41430c0c5d2bc4208""]","[1, 2, 3, 4, 5]",test_ood,"[""change_shape_color"", ""crop_bottom_side"", ""crop_contours"", ""extend_contours_same_color"", ""rot90""]","[""double_right"", ""pad_left"", ""pad_right"", ""rot90"", ""translate_up""]","[""double_right -> crop_contours"", ""pad_left -> extend_contours_same_color"", ""pad_right -> change_shape_color"", ""rot90 -> crop_bottom_side"", ""translate_up -> rot90""]","pair (f,g): fgx=f(g(x)); task-token order [g,f] means g -> f",573,5,5,image_block_01,42,"[71370, 78000]",256,256,0.01,2,"{""fixed_ranks"": [1, 2, 4, 8, 16, 32], ""variance_thresholds"": [0.9, 0.95]}",recorded_ood,0.10236999657643454,0.04438563269118834,test,0.09809907318687677,0.09828632915263444,0.09994662721023703,0.14360801578536234,1.0,0.08554245843791924,0.14665292614056627,0.10013989088339684,-0.004270923389557795,0.043157725620051074,-0.0012279070711372626,0.15806879803033574,0.03445814234973752,128,128,255,512,True,0.052256869999475514,CHEATING; fit on first half of this split; score second half only,64,5,5,573,composition_error,D_confidence,checkpoint_program_means,5,0.3844835475081487,0.5228042656527415,0.49999999999999994,0.3910022189557703,ok,-0.5488359567667485,1.0,experiment_run,False,5,Cluster bootstrap by experiment; training-time checkpoints share a run. Few C1 models limit inference.,,,,,,,,,,,,,,
"[""/home/ubuntu/cogitao-research/checkpoints/cogitao_vit_cross_attention/cogitao_c1_experiment_1_vit6_function_mlp_cross_attention/run_000/last.ckpt"", ""/home/ubuntu/cogitao-research/checkpoints/cogitao_vit_cross_attention/cogitao_c1_experiment_2_vit6_function_mlp_cross_attention/run_000/last.ckpt"", ""/home/ubuntu/cogitao-research/checkpoints/cogitao_vit_cross_attention/cogitao_c1_experiment_3_vit6_function_mlp_cross_attention/run_000/last.ckpt"", ""/home/ubuntu/cogitao-research/checkpoints/cogitao_vit_cross_attention/cogitao_c1_experiment_4_vit6_function_mlp_cross_attention/run_000/last.ckpt"", ""/home/ubuntu/cogitao-research/checkpoints/cogitao_vit_cross_attention/cogitao_c1_experiment_5_vit6_function_mlp_cross_attention/run_000/last.ckpt""]","[""2bff05e8e2e5f390f6eb1f5cbf0ac8187832a8a365af10da7100cb8d732aa3f2"", ""35f91e02d5b826c89f6b24f52abf83581220b4b6676009c59b6715b0b2251589"", ""900674f94996e9b2f5190e7cd8bac4486d09332daaf131226f7f107123274de1"", ""9fc5e4f84cb131416f158af2b67349dc93c59e82f33086a7eeab2f7d6f335a7f"", ""c6578b6a655d823b9e27296aaf186e6b5b97bad640fb400cc5f2abaa6f308e6d""]","[""dfec9cbb2afe6616194c1fb41430c0c5d2bc4208""]","[1, 2, 3, 4, 5]",test_ood,"[""change_shape_color"", ""crop_bottom_side"", ""crop_contours"", ""extend_contours_same_color"", ""rot90""]","[""double_right"", ""pad_left"", ""pad_right"", ""rot90"", ""translate_up""]","[""double_right -> crop_contours"", ""pad_left -> extend_contours_same_color"", ""pad_right -> change_shape_color"", ""rot90 -> crop_bottom_side"", ""translate_up -> rot90""]","pair (f,g): fgx=f(g(x)); task-token order [g,f] means g -> f",573,5,5,image_block_01,42,"[71370, 78000]",256,256,0.01,2,"{""fixed_ranks"": [1, 2, 4, 8, 16, 32], ""variance_thresholds"": [0.9, 0.95]}",recorded_ood,0.10236999657643454,0.04438563269118834,test,0.09809907318687677,0.09828632915263444,0.09994662721023703,0.14360801578536234,1.0,0.08554245843791924,0.14665292614056627,0.10013989088339684,-0.004270923389557795,0.043157725620051074,-0.0012279070711372626,0.15806879803033574,0.03445814234973752,128,128,255,512,True,0.052256869999475514,CHEATING; fit on first half of this split; score second half only,64,5,5,573,composition_error,D_brier,checkpoint_program_means,5,-0.23644581364739967,0.7017769815270732,-0.3,0.623837664781073,ok,-1.0,0.9999999999999999,experiment_run,False,5,Cluster bootstrap by experiment; training-time checkpoints share a run. Few C1 models limit inference.,,,,,,,,,,,,,,
"[""/home/ubuntu/cogitao-research/checkpoints/cogitao_vit_cross_attention/cogitao_c1_experiment_1_vit6_function_mlp_cross_attention/run_000/last.ckpt"", ""/home/ubuntu/cogitao-research/checkpoints/cogitao_vit_cross_attention/cogitao_c1_experiment_2_vit6_function_mlp_cross_attention/run_000/last.ckpt"", ""/home/ubuntu/cogitao-research/checkpoints/cogitao_vit_cross_attention/cogitao_c1_experiment_3_vit6_function_mlp_cross_attention/run_000/last.ckpt"", ""/home/ubuntu/cogitao-research/checkpoints/cogitao_vit_cross_attention/cogitao_c1_experiment_4_vit6_function_mlp_cross_attention/run_000/last.ckpt"", ""/home/ubuntu/cogitao-research/checkpoints/cogitao_vit_cross_attention/cogitao_c1_experiment_5_vit6_function_mlp_cross_attention/run_000/last.ckpt""]","[""2bff05e8e2e5f390f6eb1f5cbf0ac8187832a8a365af10da7100cb8d732aa3f2"", ""35f91e02d5b826c89f6b24f52abf83581220b4b6676009c59b6715b0b2251589"", ""900674f94996e9b2f5190e7cd8bac4486d09332daaf131226f7f107123274de1"", ""9fc5e4f84cb131416f158af2b67349dc93c59e82f33086a7eeab2f7d6f335a7f"", ""c6578b6a655d823b9e27296aaf186e6b5b97bad640fb400cc5f2abaa6f308e6d""]","[""dfec9cbb2afe6616194c1fb41430c0c5d2bc4208""]","[1, 2, 3, 4, 5]",test_ood,"[""change_shape_color"", ""crop_bottom_side"", ""crop_contours"", ""extend_contours_same_color"", ""rot90""]","[""double_right"", ""pad_left"", ""pad_right"", ""rot90"", ""translate_up""]","[""double_right -> crop_contours"", ""pad_left -> extend_contours_same_color"", ""pad_right -> change_shape_color"", ""rot90 -> crop_bottom_side"", ""translate_up -> rot90""]","pair (f,g): fgx=f(g(x)); task-token order [g,f] means g -> f",573,5,5,image_block_01,42,"[71370, 78000]",256,256,0.01,2,"{""fixed_ranks"": [1, 2, 4, 8, 16, 32], ""variance_thresholds"": [0.9, 0.95]}",recorded_ood,0.10236999657643454,0.04438563269118834,test,0.09809907318687677,0.09828632915263444,0.09994662721023703,0.14360801578536234,1.0,0.08554245843791924,0.14665292614056627,0.10013989088339684,-0.004270923389557795,0.043157725620051074,-0.0012279070711372626,0.15806879803033574,0.03445814234973752,128,128,255,512,True,0.052256869999475514,CHEATING; fit on first half of this split; score second half only,64,5,5,573,transfer_gap,D_object_error,checkpoint_program_means,5,0.13139129061982271,0.8331900145437816,-0.19999999999999998,0.7470600781046621,ok,-1.0,0.9999999999999998,experiment_run,False,5,Cluster bootstrap by experiment; training-time checkpoints share a run. Few C1 models limit inference.,,,,,,,,,,,,,,
"[""/home/ubuntu/cogitao-research/checkpoints/cogitao_vit_cross_attention/cogitao_c1_experiment_1_vit6_function_mlp_cross_attention/run_000/last.ckpt"", ""/home/ubuntu/cogitao-research/checkpoints/cogitao_vit_cross_attention/cogitao_c1_experiment_2_vit6_function_mlp_cross_attention/run_000/last.ckpt"", ""/home/ubuntu/cogitao-research/checkpoints/cogitao_vit_cross_attention/cogitao_c1_experiment_3_vit6_function_mlp_cross_attention/run_000/last.ckpt"", ""/home/ubuntu/cogitao-research/checkpoints/cogitao_vit_cross_attention/cogitao_c1_experiment_4_vit6_function_mlp_cross_attention/run_000/last.ckpt"", ""/home/ubuntu/cogitao-research/checkpoints/cogitao_vit_cross_attention/cogitao_c1_experiment_5_vit6_function_mlp_cross_attention/run_000/last.ckpt""]","[""2bff05e8e2e5f390f6eb1f5cbf0ac8187832a8a365af10da7100cb8d732aa3f2"", ""35f91e02d5b826c89f6b24f52abf83581220b4b6676009c59b6715b0b2251589"", ""900674f94996e9b2f5190e7cd8bac4486d09332daaf131226f7f107123274de1"", ""9fc5e4f84cb131416f158af2b67349dc93c59e82f33086a7eeab2f7d6f335a7f"", ""c6578b6a655d823b9e27296aaf186e6b5b97bad640fb400cc5f2abaa6f308e6d""]","[""dfec9cbb2afe6616194c1fb41430c0c5d2bc4208""]","[1, 2, 3, 4, 5]",test_ood,"[""change_shape_color"", ""crop_bottom_side"", ""crop_contours"", ""extend_contours_same_color"", ""rot90""]","[""double_right"", ""pad_left"", ""pad_right"", ""rot90"", ""translate_up""]","[""double_right -> crop_contours"", ""pad_left -> extend_contours_same_color"", ""pad_right -> change_shape_color"", ""rot90 -> crop_bottom_side"", ""translate_up -> rot90""]","pair (f,g): fgx=f(g(x)); task-token order [g,f] means g -> f",573,5,5,image_block_01,42,"[71370, 78000]",256,256,0.01,2,"{""fixed_ranks"": [1, 2, 4, 8, 16, 32], ""variance_thresholds"": [0.9, 0.95]}",recorded_ood,0.10236999657643454,0.04438563269118834,test,0.09809907318687677,0.09828632915263444,0.09994662721023703,0.14360801578536234,1.0,0.08554245843791924,0.14665292614056627,0.10013989088339684,-0.004270923389557795,0.043157725620051074,-0.0012279070711372626,0.15806879803033574,0.03445814234973752,128,128,255,512,True,0.052256869999475514,CHEATING; fit on first half of this split; score second half only,64,5,5,573,transfer_gap,D_nll,checkpoint_program_means,5,0.5363265106027895,0.3514474947071744,0.09999999999999999,0.8728885715695384,ok,-1.0,0.9999999999999999,experiment_run,False,5,Cluster bootstrap by experiment; training-time checkpoints share a run. Few C1 models limit inference.,,,,,,,,,,,,,,
"[""/home/ubuntu/cogitao-research/checkpoints/cogitao_vit_cross_attention/cogitao_c1_experiment_1_vit6_function_mlp_cross_attention/run_000/last.ckpt"", ""/home/ubuntu/cogitao-research/checkpoints/cogitao_vit_cross_attention/cogitao_c1_experiment_2_vit6_function_mlp_cross_attention/run_000/last.ckpt"", ""/home/ubuntu/cogitao-research/checkpoints/cogitao_vit_cross_attention/cogitao_c1_experiment_3_vit6_function_mlp_cross_attention/run_000/last.ckpt"", ""/home/ubuntu/cogitao-research/checkpoints/cogitao_vit_cross_attention/cogitao_c1_experiment_4_vit6_function_mlp_cross_attention/run_000/last.ckpt"", ""/home/ubuntu/cogitao-research/checkpoints/cogitao_vit_cross_attention/cogitao_c1_experiment_5_vit6_function_mlp_cross_attention/run_000/last.ckpt""]","[""2bff05e8e2e5f390f6eb1f5cbf0ac8187832a8a365af10da7100cb8d732aa3f2"", ""35f91e02d5b826c89f6b24f52abf83581220b4b6676009c59b6715b0b2251589"", ""900674f94996e9b2f5190e7cd8bac4486d09332daaf131226f7f107123274de1"", ""9fc5e4f84cb131416f158af2b67349dc93c59e82f33086a7eeab2f7d6f335a7f"", ""c6578b6a655d823b9e27296aaf186e6b5b97bad640fb400cc5f2abaa6f308e6d""]","[""dfec9cbb2afe6616194c1fb41430c0c5d2bc4208""]","[1, 2, 3, 4, 5]",test_ood,"[""change_shape_color"", ""crop_bottom_side"", ""crop_contours"", ""extend_contours_same_color"", ""rot90""]","[""double_right"", ""pad_left"", ""pad_right"", ""rot90"", ""translate_up""]","[""double_right -> crop_contours"", ""pad_left -> extend_contours_same_color"", ""pad_right -> change_shape_color"", ""rot90 -> crop_bottom_side"", ""translate_up -> rot90""]","pair (f,g): fgx=f(g(x)); task-token order [g,f] means g -> f",573,5,5,image_block_01,42,"[71370, 78000]",256,256,0.01,2,"{""fixed_ranks"": [1, 2, 4, 8, 16, 32], ""variance_thresholds"": [0.9, 0.95]}",recorded_ood,0.10236999657643454,0.04438563269118834,test,0.09809907318687677,0.09828632915263444,0.09994662721023703,0.14360801578536234,1.0,0.08554245843791924,0.14665292614056627,0.10013989088339684,-0.004270923389557795,0.043157725620051074,-0.0012279070711372626,0.15806879803033574,0.03445814234973752,128,128,255,512,True,0.052256869999475514,CHEATING; fit on first half of this split; score second half only,64,5,5,573,transfer_gap,D_confidence,checkpoint_program_means,5,0.914799103640479,0.029469345686027312,0.8999999999999998,0.03738607346849874,ok,0.8663807133990805,1.0,experiment_run,False,5,Cluster bootstrap by experiment; training-time checkpoints share a run. Few C1 models limit inference.,,,,,,,,,,,,,,
"[""/home/ubuntu/cogitao-research/checkpoints/cogitao_vit_cross_attention/cogitao_c1_experiment_1_vit6_function_mlp_cross_attention/run_000/last.ckpt"", ""/home/ubuntu/cogitao-research/checkpoints/cogitao_vit_cross_attention/cogitao_c1_experiment_2_vit6_function_mlp_cross_attention/run_000/last.ckpt"", ""/home/ubuntu/cogitao-research/checkpoints/cogitao_vit_cross_attention/cogitao_c1_experiment_3_vit6_function_mlp_cross_attention/run_000/last.ckpt"", ""/home/ubuntu/cogitao-research/checkpoints/cogitao_vit_cross_attention/cogitao_c1_experiment_4_vit6_function_mlp_cross_attention/run_000/last.ckpt"", ""/home/ubuntu/cogitao-research/checkpoints/cogitao_vit_cross_attention/cogitao_c1_experiment_5_vit6_function_mlp_cross_attention/run_000/last.ckpt""]","[""2bff05e8e2e5f390f6eb1f5cbf0ac8187832a8a365af10da7100cb8d732aa3f2"", ""35f91e02d5b826c89f6b24f52abf83581220b4b6676009c59b6715b0b2251589"", ""900674f94996e9b2f5190e7cd8bac4486d09332daaf131226f7f107123274de1"", ""9fc5e4f84cb131416f158af2b67349dc93c59e82f33086a7eeab2f7d6f335a7f"", ""c6578b6a655d823b9e27296aaf186e6b5b97bad640fb400cc5f2abaa6f308e6d""]","[""dfec9cbb2afe6616194c1fb41430c0c5d2bc4208""]","[1, 2, 3, 4, 5]",test_ood,"[""change_shape_color"", ""crop_bottom_side"", ""crop_contours"", ""extend_contours_same_color"", ""rot90""]","[""double_right"", ""pad_left"", ""pad_right"", ""rot90"", ""translate_up""]","[""double_right -> crop_contours"", ""pad_left -> extend_contours_same_color"", ""pad_right -> change_shape_color"", ""rot90 -> crop_bottom_side"", ""translate_up -> rot90""]","pair (f,g): fgx=f(g(x)); task-token order [g,f] means g -> f",573,5,5,image_block_01,42,"[71370, 78000]",256,256,0.01,2,"{""fixed_ranks"": [1, 2, 4, 8, 16, 32], ""variance_thresholds"": [0.9, 0.95]}",recorded_ood,0.10236999657643454,0.04438563269118834,test,0.09809907318687677,0.09828632915263444,0.09994662721023703,0.14360801578536234,1.0,0.08554245843791924,0.14665292614056627,0.10013989088339684,-0.004270923389557795,0.043157725620051074,-0.0012279070711372626,0.15806879803033574,0.03445814234973752,128,128,255,512,True,0.052256869999475514,CHEATING; fit on first half of this split; score second half only,64,5,5,573,transfer_gap,D_brier,checkpoint_program_means,5,0.6628475783313691,0.2227346927647214,0.19999999999999998,0.7470600781046621,ok,-1.0,1.0,experiment_run,False,5,Cluster bootstrap by experiment; training-time checkpoints share a run. Few C1 models limit inference.,,,,,,,,,,,,,,
"[""/home/ubuntu/cogitao-research/checkpoints/cogitao_vit_cross_attention/cogitao_c1_experiment_1_vit6_function_mlp_cross_attention/run_000/last.ckpt"", ""/home/ubuntu/cogitao-research/checkpoints/cogitao_vit_cross_attention/cogitao_c1_experiment_2_vit6_function_mlp_cross_attention/run_000/last.ckpt"", ""/home/ubuntu/cogitao-research/checkpoints/cogitao_vit_cross_attention/cogitao_c1_experiment_3_vit6_function_mlp_cross_attention/run_000/last.ckpt"", ""/home/ubuntu/cogitao-research/checkpoints/cogitao_vit_cross_attention/cogitao_c1_experiment_4_vit6_function_mlp_cross_attention/run_000/last.ckpt"", ""/home/ubuntu/cogitao-research/checkpoints/cogitao_vit_cross_attention/cogitao_c1_experiment_5_vit6_function_mlp_cross_attention/run_000/last.ckpt""]","[""2bff05e8e2e5f390f6eb1f5cbf0ac8187832a8a365af10da7100cb8d732aa3f2"", ""35f91e02d5b826c89f6b24f52abf83581220b4b6676009c59b6715b0b2251589"", ""900674f94996e9b2f5190e7cd8bac4486d09332daaf131226f7f107123274de1"", ""9fc5e4f84cb131416f158af2b67349dc93c59e82f33086a7eeab2f7d6f335a7f"", ""c6578b6a655d823b9e27296aaf186e6b5b97bad640fb400cc5f2abaa6f308e6d""]","[""dfec9cbb2afe6616194c1fb41430c0c5d2bc4208""]","[1, 2, 3, 4, 5]",test_ood,"[""change_shape_color"", ""crop_bottom_side"", ""crop_contours"", ""extend_contours_same_color"", ""rot90""]","[""double_right"", ""pad_left"", ""pad_right"", ""rot90"", ""translate_up""]","[""double_right -> crop_contours"", ""pad_left -> extend_contours_same_color"", ""pad_right -> change_shape_color"", ""rot90 -> crop_bottom_side"", ""translate_up -> rot90""]","pair (f,g): fgx=f(g(x)); task-token order [g,f] means g -> f",573,5,5,image_block_02,42,"[71370, 78000]",256,256,0.01,2,"{""fixed_ranks"": [1, 2, 4, 8, 16, 32], ""variance_thresholds"": [0.9, 0.95]}",recorded_ood,0.11929159060335376,0.052478267089826336,test,0.11633865629037493,0.12004934172788335,0.11846903785119006,0.15494593992773165,1.0,0.10509340633696562,0.16259220885469786,0.11947314575789622,-0.0029529343129788455,0.05020417413227393,-0.0022740929575524042,0.17181771624262132,0.046511456242996005,128,128,255,512,True,0.05261344917983996,CHEATING; fit on first half of this split; score second half only,64,5,5,573,context_error,D_object_error,checkpoint_program_means,5,0.5082600402208434,0.38191948362185996,0.39999999999999997,0.5046315754686912,ok,-0.8675002678176279,1.0,experiment_run,False,5,Cluster bootstrap by experiment; training-time checkpoints share a run. Few C1 models limit inference.,,,,,,,,,,,,,,
"[""/home/ubuntu/cogitao-research/checkpoints/cogitao_vit_cross_attention/cogitao_c1_experiment_1_vit6_function_mlp_cross_attention/run_000/last.ckpt"", ""/home/ubuntu/cogitao-research/checkpoints/cogitao_vit_cross_attention/cogitao_c1_experiment_2_vit6_function_mlp_cross_attention/run_000/last.ckpt"", ""/home/ubuntu/cogitao-research/checkpoints/cogitao_vit_cross_attention/cogitao_c1_experiment_3_vit6_function_mlp_cross_attention/run_000/last.ckpt"", ""/home/ubuntu/cogitao-research/checkpoints/cogitao_vit_cross_attention/cogitao_c1_experiment_4_vit6_function_mlp_cross_attention/run_000/last.ckpt"", ""/home/ubuntu/cogitao-research/checkpoints/cogitao_vit_cross_attention/cogitao_c1_experiment_5_vit6_function_mlp_cross_attention/run_000/last.ckpt""]","[""2bff05e8e2e5f390f6eb1f5cbf0ac8187832a8a365af10da7100cb8d732aa3f2"", ""35f91e02d5b826c89f6b24f52abf83581220b4b6676009c59b6715b0b2251589"", ""900674f94996e9b2f5190e7cd8bac4486d09332daaf131226f7f107123274de1"", ""9fc5e4f84cb131416f158af2b67349dc93c59e82f33086a7eeab2f7d6f335a7f"", ""c6578b6a655d823b9e27296aaf186e6b5b97bad640fb400cc5f2abaa6f308e6d""]","[""dfec9cbb2afe6616194c1fb41430c0c5d2bc4208""]","[1, 2, 3, 4, 5]",test_ood,"[""change_shape_color"", ""crop_bottom_side"", ""crop_contours"", ""extend_contours_same_color"", ""rot90""]","[""double_right"", ""pad_left"", ""pad_right"", ""rot90"", ""translate_up""]","[""double_right -> crop_contours"", ""pad_left -> extend_contours_same_color"", ""pad_right -> change_shape_color"", ""rot90 -> crop_bottom_side"", ""translate_up -> rot90""]","pair (f,g): fgx=f(g(x)); task-token order [g,f] means g -> f",573,5,5,image_block_02,42,"[71370, 78000]",256,256,0.01,2,"{""fixed_ranks"": [1, 2, 4, 8, 16, 32], ""variance_thresholds"": [0.9, 0.95]}",recorded_ood,0.11929159060335376,0.052478267089826336,test,0.11633865629037493,0.12004934172788335,0.11846903785119006,0.15494593992773165,1.0,0.10509340633696562,0.16259220885469786,0.11947314575789622,-0.0029529343129788455,0.05020417413227393,-0.0022740929575524042,0.17181771624262132,0.046511456242996005,128,128,255,512,True,0.05261344917983996,CHEATING; fit on first half of this split; score second half only,64,5,5,573,context_error,D_nll,checkpoint_program_means,5,0.711298993798511,0.1779270291879386,0.7,0.1881204043741873,ok,-0.4251640594184589,1.0,experiment_run,False,5,Cluster bootstrap by experiment; training-time checkpoints share a run. Few C1 models limit inference.,,,,,,,,,,,,,,
"[""/home/ubuntu/cogitao-research/checkpoints/cogitao_vit_cross_attention/cogitao_c1_experiment_1_vit6_function_mlp_cross_attention/run_000/last.ckpt"", ""/home/ubuntu/cogitao-research/checkpoints/cogitao_vit_cross_attention/cogitao_c1_experiment_2_vit6_function_mlp_cross_attention/run_000/last.ckpt"", ""/home/ubuntu/cogitao-research/checkpoints/cogitao_vit_cross_attention/cogitao_c1_experiment_3_vit6_function_mlp_cross_attention/run_000/last.ckpt"", ""/home/ubuntu/cogitao-research/checkpoints/cogitao_vit_cross_attention/cogitao_c1_experiment_4_vit6_function_mlp_cross_attention/run_000/last.ckpt"", ""/home/ubuntu/cogitao-research/checkpoints/cogitao_vit_cross_attention/cogitao_c1_experiment_5_vit6_function_mlp_cross_attention/run_000/last.ckpt""]","[""2bff05e8e2e5f390f6eb1f5cbf0ac8187832a8a365af10da7100cb8d732aa3f2"", ""35f91e02d5b826c89f6b24f52abf83581220b4b6676009c59b6715b0b2251589"", ""900674f94996e9b2f5190e7cd8bac4486d09332daaf131226f7f107123274de1"", ""9fc5e4f84cb131416f158af2b67349dc93c59e82f33086a7eeab2f7d6f335a7f"", ""c6578b6a655d823b9e27296aaf186e6b5b97bad640fb400cc5f2abaa6f308e6d""]","[""dfec9cbb2afe6616194c1fb41430c0c5d2bc4208""]","[1, 2, 3, 4, 5]",test_ood,"[""change_shape_color"", ""crop_bottom_side"", ""crop_contours"", ""extend_contours_same_color"", ""rot90""]","[""double_right"", ""pad_left"", ""pad_right"", ""rot90"", ""translate_up""]","[""double_right -> crop_contours"", ""pad_left -> extend_contours_same_color"", ""pad_right -> change_shape_color"", ""rot90 -> crop_bottom_side"", ""translate_up -> rot90""]","pair (f,g): fgx=f(g(x)); task-token order [g,f] means g -> f",573,5,5,image_block_02,42,"[71370, 78000]",256,256,0.01,2,"{""fixed_ranks"": [1, 2, 4, 8, 16, 32], ""variance_thresholds"": [0.9, 0.95]}",recorded_ood,0.11929159060335376,0.052478267089826336,test,0.11633865629037493,0.12004934172788335,0.11846903785119006,0.15494593992773165,1.0,0.10509340633696562,0.16259220885469786,0.11947314575789622,-0.0029529343129788455,0.05020417413227393,-0.0022740929575524042,0.17181771624262132,0.046511456242996005,128,128,255,512,True,0.05261344917983996,CHEATING; fit on first half of this split; score second half only,64,5,5,573,context_error,D_confidence,checkpoint_program_means,5,0.593773020832462,0.2911181429497799,0.3,0.623837664781073,ok,-1.0,1.0,experiment_run,False,5,Cluster bootstrap by experiment; training-time checkpoints share a run. Few C1 models limit inference.,,,,,,,,,,,,,,
"[""/home/ubuntu/cogitao-research/checkpoints/cogitao_vit_cross_attention/cogitao_c1_experiment_1_vit6_function_mlp_cross_attention/run_000/last.ckpt"", ""/home/ubuntu/cogitao-research/checkpoints/cogitao_vit_cross_attention/cogitao_c1_experiment_2_vit6_function_mlp_cross_attention/run_000/last.ckpt"", ""/home/ubuntu/cogitao-research/checkpoints/cogitao_vit_cross_attention/cogitao_c1_experiment_3_vit6_function_mlp_cross_attention/run_000/last.ckpt"", ""/home/ubuntu/cogitao-research/checkpoints/cogitao_vit_cross_attention/cogitao_c1_experiment_4_vit6_function_mlp_cross_attention/run_000/last.ckpt"", ""/home/ubuntu/cogitao-research/checkpoints/cogitao_vit_cross_attention/cogitao_c1_experiment_5_vit6_function_mlp_cross_attention/run_000/last.ckpt""]","[""2bff05e8e2e5f390f6eb1f5cbf0ac8187832a8a365af10da7100cb8d732aa3f2"", ""35f91e02d5b826c89f6b24f52abf83581220b4b6676009c59b6715b0b2251589"", ""900674f94996e9b2f5190e7cd8bac4486d09332daaf131226f7f107123274de1"", ""9fc5e4f84cb131416f158af2b67349dc93c59e82f33086a7eeab2f7d6f335a7f"", ""c6578b6a655d823b9e27296aaf186e6b5b97bad640fb400cc5f2abaa6f308e6d""]","[""dfec9cbb2afe6616194c1fb41430c0c5d2bc4208""]","[1, 2, 3, 4, 5]",test_ood,"[""change_shape_color"", ""crop_bottom_side"", ""crop_contours"", ""extend_contours_same_color"", ""rot90""]","[""double_right"", ""pad_left"", ""pad_right"", ""rot90"", ""translate_up""]","[""double_right -> crop_contours"", ""pad_left -> extend_contours_same_color"", ""pad_right -> change_shape_color"", ""rot90 -> crop_bottom_side"", ""translate_up -> rot90""]","pair (f,g): fgx=f(g(x)); task-token order [g,f] means g -> f",573,5,5,image_block_02,42,"[71370, 78000]",256,256,0.01,2,"{""fixed_ranks"": [1, 2, 4, 8, 16, 32], ""variance_thresholds"": [0.9, 0.95]}",recorded_ood,0.11929159060335376,0.052478267089826336,test,0.11633865629037493,0.12004934172788335,0.11846903785119006,0.15494593992773165,1.0,0.10509340633696562,0.16259220885469786,0.11947314575789622,-0.0029529343129788455,0.05020417413227393,-0.0022740929575524042,0.17181771624262132,0.046511456242996005,128,128,255,512,True,0.05261344917983996,CHEATING; fit on first half of this split; score second half only,64,5,5,573,context_error,D_brier,checkpoint_program_means,5,0.5180864721167838,0.37118121435689083,0.49999999999999994,0.3910022189557703,ok,-0.8745190585339174,1.0,experiment_run,False,5,Cluster bootstrap by experiment; training-time checkpoints share a run. Few C1 models limit inference.,,,,,,,,,,,,,,
"[""/home/ubuntu/cogitao-research/checkpoints/cogitao_vit_cross_attention/cogitao_c1_experiment_1_vit6_function_mlp_cross_attention/run_000/last.ckpt"", ""/home/ubuntu/cogitao-research/checkpoints/cogitao_vit_cross_attention/cogitao_c1_experiment_2_vit6_function_mlp_cross_attention/run_000/last.ckpt"", ""/home/ubuntu/cogitao-research/checkpoints/cogitao_vit_cross_attention/cogitao_c1_experiment_3_vit6_function_mlp_cross_attention/run_000/last.ckpt"", ""/home/ubuntu/cogitao-research/checkpoints/cogitao_vit_cross_attention/cogitao_c1_experiment_4_vit6_function_mlp_cross_attention/run_000/last.ckpt"", ""/home/ubuntu/cogitao-research/checkpoints/cogitao_vit_cross_attention/cogitao_c1_experiment_5_vit6_function_mlp_cross_attention/run_000/last.ckpt""]","[""2bff05e8e2e5f390f6eb1f5cbf0ac8187832a8a365af10da7100cb8d732aa3f2"", ""35f91e02d5b826c89f6b24f52abf83581220b4b6676009c59b6715b0b2251589"", ""900674f94996e9b2f5190e7cd8bac4486d09332daaf131226f7f107123274de1"", ""9fc5e4f84cb131416f158af2b67349dc93c59e82f33086a7eeab2f7d6f335a7f"", ""c6578b6a655d823b9e27296aaf186e6b5b97bad640fb400cc5f2abaa6f308e6d""]","[""dfec9cbb2afe6616194c1fb41430c0c5d2bc4208""]","[1, 2, 3, 4, 5]",test_ood,"[""change_shape_color"", ""crop_bottom_side"", ""crop_contours"", ""extend_contours_same_color"", ""rot90""]","[""double_right"", ""pad_left"", ""pad_right"", ""rot90"", ""translate_up""]","[""double_right -> crop_contours"", ""pad_left -> extend_contours_same_color"", ""pad_right -> change_shape_color"", ""rot90 -> crop_bottom_side"", ""translate_up -> rot90""]","pair (f,g): fgx=f(g(x)); task-token order [g,f] means g -> f",573,5,5,image_block_02,42,"[71370, 78000]",256,256,0.01,2,"{""fixed_ranks"": [1, 2, 4, 8, 16, 32], ""variance_thresholds"": [0.9, 0.95]}",recorded_ood,0.11929159060335376,0.052478267089826336,test,0.11633865629037493,0.12004934172788335,0.11846903785119006,0.15494593992773165,1.0,0.10509340633696562,0.16259220885469786,0.11947314575789622,-0.0029529343129788455,0.05020417413227393,-0.0022740929575524042,0.17181771624262132,0.046511456242996005,128,128,255,512,True,0.05261344917983996,CHEATING; fit on first half of this split; score second half only,64,5,5,573,composition_error,D_object_error,checkpoint_program_means,5,0.3944249870781105,0.5111458874747562,0.3,0.623837664781073,ok,-1.0,1.0,experiment_run,False,5,Cluster bootstrap by experiment; training-time checkpoints share a run. Few C1 models limit inference.,,,,,,,,,,,,,,
"[""/home/ubuntu/cogitao-research/checkpoints/cogitao_vit_cross_attention/cogitao_c1_experiment_1_vit6_function_mlp_cross_attention/run_000/last.ckpt"", ""/home/ubuntu/cogitao-research/checkpoints/cogitao_vit_cross_attention/cogitao_c1_experiment_2_vit6_function_mlp_cross_attention/run_000/last.ckpt"", ""/home/ubuntu/cogitao-research/checkpoints/cogitao_vit_cross_attention/cogitao_c1_experiment_3_vit6_function_mlp_cross_attention/run_000/last.ckpt"", ""/home/ubuntu/cogitao-research/checkpoints/cogitao_vit_cross_attention/cogitao_c1_experiment_4_vit6_function_mlp_cross_attention/run_000/last.ckpt"", ""/home/ubuntu/cogitao-research/checkpoints/cogitao_vit_cross_attention/cogitao_c1_experiment_5_vit6_function_mlp_cross_attention/run_000/last.ckpt""]","[""2bff05e8e2e5f390f6eb1f5cbf0ac8187832a8a365af10da7100cb8d732aa3f2"", ""35f91e02d5b826c89f6b24f52abf83581220b4b6676009c59b6715b0b2251589"", ""900674f94996e9b2f5190e7cd8bac4486d09332daaf131226f7f107123274de1"", ""9fc5e4f84cb131416f158af2b67349dc93c59e82f33086a7eeab2f7d6f335a7f"", ""c6578b6a655d823b9e27296aaf186e6b5b97bad640fb400cc5f2abaa6f308e6d""]","[""dfec9cbb2afe6616194c1fb41430c0c5d2bc4208""]","[1, 2, 3, 4, 5]",test_ood,"[""change_shape_color"", ""crop_bottom_side"", ""crop_contours"", ""extend_contours_same_color"", ""rot90""]","[""double_right"", ""pad_left"", ""pad_right"", ""rot90"", ""translate_up""]","[""double_right -> crop_contours"", ""pad_left -> extend_contours_same_color"", ""pad_right -> change_shape_color"", ""rot90 -> crop_bottom_side"", ""translate_up -> rot90""]","pair (f,g): fgx=f(g(x)); task-token order [g,f] means g -> f",573,5,5,image_block_02,42,"[71370, 78000]",256,256,0.01,2,"{""fixed_ranks"": [1, 2, 4, 8, 16, 32], ""variance_thresholds"": [0.9, 0.95]}",recorded_ood,0.11929159060335376,0.052478267089826336,test,0.11633865629037493,0.12004934172788335,0.11846903785119006,0.15494593992773165,1.0,0.10509340633696562,0.16259220885469786,0.11947314575789622,-0.0029529343129788455,0.05020417413227393,-0.0022740929575524042,0.17181771624262132,0.046511456242996005,128,128,255,512,True,0.05261344917983996,CHEATING; fit on first half of this split; score second half only,64,5,5,573,composition_error,D_nll,checkpoint_program_means,5,0.22328479308784788,0.718085267261003,0.39999999999999997,0.5046315754686912,ok,-0.9287283886664083,1.0,experiment_run,False,5,Cluster bootstrap by experiment; training-time checkpoints share a run. Few C1 models limit inference.,,,,,,,,,,,,,,
"[""/home/ubuntu/cogitao-research/checkpoints/cogitao_vit_cross_attention/cogitao_c1_experiment_1_vit6_function_mlp_cross_attention/run_000/last.ckpt"", ""/home/ubuntu/cogitao-research/checkpoints/cogitao_vit_cross_attention/cogitao_c1_experiment_2_vit6_function_mlp_cross_attention/run_000/last.ckpt"", ""/home/ubuntu/cogitao-research/checkpoints/cogitao_vit_cross_attention/cogitao_c1_experiment_3_vit6_function_mlp_cross_attention/run_000/last.ckpt"", ""/home/ubuntu/cogitao-research/checkpoints/cogitao_vit_cross_attention/cogitao_c1_experiment_4_vit6_function_mlp_cross_attention/run_000/last.ckpt"", ""/home/ubuntu/cogitao-research/checkpoints/cogitao_vit_cross_attention/cogitao_c1_experiment_5_vit6_function_mlp_cross_attention/run_000/last.ckpt""]","[""2bff05e8e2e5f390f6eb1f5cbf0ac8187832a8a365af10da7100cb8d732aa3f2"", ""35f91e02d5b826c89f6b24f52abf83581220b4b6676009c59b6715b0b2251589"", ""900674f94996e9b2f5190e7cd8bac4486d09332daaf131226f7f107123274de1"", ""9fc5e4f84cb131416f158af2b67349dc93c59e82f33086a7eeab2f7d6f335a7f"", ""c6578b6a655d823b9e27296aaf186e6b5b97bad640fb400cc5f2abaa6f308e6d""]","[""dfec9cbb2afe6616194c1fb41430c0c5d2bc4208""]","[1, 2, 3, 4, 5]",test_ood,"[""change_shape_color"", ""crop_bottom_side"", ""crop_contours"", ""extend_contours_same_color"", ""rot90""]","[""double_right"", ""pad_left"", ""pad_right"", ""rot90"", ""translate_up""]","[""double_right -> crop_contours"", ""pad_left -> extend_contours_same_color"", ""pad_right -> change_shape_color"", ""rot90 -> crop_bottom_side"", ""translate_up -> rot90""]","pair (f,g): fgx=f(g(x)); task-token order [g,f] means g -> f",573,5,5,image_block_02,42,"[71370, 78000]",256,256,0.01,2,"{""fixed_ranks"": [1, 2, 4, 8, 16, 32], ""variance_thresholds"": [0.9, 0.95]}",recorded_ood,0.11929159060335376,0.052478267089826336,test,0.11633865629037493,0.12004934172788335,0.11846903785119006,0.15494593992773165,1.0,0.10509340633696562,0.16259220885469786,0.11947314575789622,-0.0029529343129788455,0.05020417413227393,-0.0022740929575524042,0.17181771624262132,0.046511456242996005,128,128,255,512,True,0.05261344917983996,CHEATING; fit on first half of this split; score second half only,64,5,5,573,composition_error,D_confidence,checkpoint_program_means,5,0.43469729366000087,0.4644879587237094,0.39999999999999997,0.5046315754686912,ok,-0.8439292444646129,1.0,experiment_run,False,5,Cluster bootstrap by experiment; training-time checkpoints share a run. Few C1 models limit inference.,,,,,,,,,,,,,,
"[""/home/ubuntu/cogitao-research/checkpoints/cogitao_vit_cross_attention/cogitao_c1_experiment_1_vit6_function_mlp_cross_attention/run_000/last.ckpt"", ""/home/ubuntu/cogitao-research/checkpoints/cogitao_vit_cross_attention/cogitao_c1_experiment_2_vit6_function_mlp_cross_attention/run_000/last.ckpt"", ""/home/ubuntu/cogitao-research/checkpoints/cogitao_vit_cross_attention/cogitao_c1_experiment_3_vit6_function_mlp_cross_attention/run_000/last.ckpt"", ""/home/ubuntu/cogitao-research/checkpoints/cogitao_vit_cross_attention/cogitao_c1_experiment_4_vit6_function_mlp_cross_attention/run_000/last.ckpt"", ""/home/ubuntu/cogitao-research/checkpoints/cogitao_vit_cross_attention/cogitao_c1_experiment_5_vit6_function_mlp_cross_attention/run_000/last.ckpt""]","[""2bff05e8e2e5f390f6eb1f5cbf0ac8187832a8a365af10da7100cb8d732aa3f2"", ""35f91e02d5b826c89f6b24f52abf83581220b4b6676009c59b6715b0b2251589"", ""900674f94996e9b2f5190e7cd8bac4486d09332daaf131226f7f107123274de1"", ""9fc5e4f84cb131416f158af2b67349dc93c59e82f33086a7eeab2f7d6f335a7f"", ""c6578b6a655d823b9e27296aaf186e6b5b97bad640fb400cc5f2abaa6f308e6d""]","[""dfec9cbb2afe6616194c1fb41430c0c5d2bc4208""]","[1, 2, 3, 4, 5]",test_ood,"[""change_shape_color"", ""crop_bottom_side"", ""crop_contours"", ""extend_contours_same_color"", ""rot90""]","[""double_right"", ""pad_left"", ""pad_right"", ""rot90"", ""translate_up""]","[""double_right -> crop_contours"", ""pad_left -> extend_contours_same_color"", ""pad_right -> change_shape_color"", ""rot90 -> crop_bottom_side"", ""translate_up -> rot90""]","pair (f,g): fgx=f(g(x)); task-token order [g,f] means g -> f",573,5,5,image_block_02,42,"[71370, 78000]",256,256,0.01,2,"{""fixed_ranks"": [1, 2, 4, 8, 16, 32], ""variance_thresholds"": [0.9, 0.95]}",recorded_ood,0.11929159060335376,0.052478267089826336,test,0.11633865629037493,0.12004934172788335,0.11846903785119006,0.15494593992773165,1.0,0.10509340633696562,0.16259220885469786,0.11947314575789622,-0.0029529343129788455,0.05020417413227393,-0.0022740929575524042,0.17181771624262132,0.046511456242996005,128,128,255,512,True,0.05261344917983996,CHEATING; fit on first half of this split; score second half only,64,5,5,573,composition_error,D_brier,checkpoint_program_means,5,0.036225076364400005,0.9538868898238259,0.3,0.623837664781073,ok,-0.9796789562473338,1.0,experiment_run,False,5,Cluster bootstrap by experiment; training-time checkpoints share a run. Few C1 models limit inference.,,,,,,,,,,,,,,
"[""/home/ubuntu/cogitao-research/checkpoints/cogitao_vit_cross_attention/cogitao_c1_experiment_1_vit6_function_mlp_cross_attention/run_000/last.ckpt"", ""/home/ubuntu/cogitao-research/checkpoints/cogitao_vit_cross_attention/cogitao_c1_experiment_2_vit6_function_mlp_cross_attention/run_000/last.ckpt"", ""/home/ubuntu/cogitao-research/checkpoints/cogitao_vit_cross_attention/cogitao_c1_experiment_3_vit6_function_mlp_cross_attention/run_000/last.ckpt"", ""/home/ubuntu/cogitao-research/checkpoints/cogitao_vit_cross_attention/cogitao_c1_experiment_4_vit6_function_mlp_cross_attention/run_000/last.ckpt"", ""/home/ubuntu/cogitao-research/checkpoints/cogitao_vit_cross_attention/cogitao_c1_experiment_5_vit6_function_mlp_cross_attention/run_000/last.ckpt""]","[""2bff05e8e2e5f390f6eb1f5cbf0ac8187832a8a365af10da7100cb8d732aa3f2"", ""35f91e02d5b826c89f6b24f52abf83581220b4b6676009c59b6715b0b2251589"", ""900674f94996e9b2f5190e7cd8bac4486d09332daaf131226f7f107123274de1"", ""9fc5e4f84cb131416f158af2b67349dc93c59e82f33086a7eeab2f7d6f335a7f"", ""c6578b6a655d823b9e27296aaf186e6b5b97bad640fb400cc5f2abaa6f308e6d""]","[""dfec9cbb2afe6616194c1fb41430c0c5d2bc4208""]","[1, 2, 3, 4, 5]",test_ood,"[""change_shape_color"", ""crop_bottom_side"", ""crop_contours"", ""extend_contours_same_color"", ""rot90""]","[""double_right"", ""pad_left"", ""pad_right"", ""rot90"", ""translate_up""]","[""double_right -> crop_contours"", ""pad_left -> extend_contours_same_color"", ""pad_right -> change_shape_color"", ""rot90 -> crop_bottom_side"", ""translate_up -> rot90""]","pair (f,g): fgx=f(g(x)); task-token order [g,f] means g -> f",573,5,5,image_block_02,42,"[71370, 78000]",256,256,0.01,2,"{""fixed_ranks"": [1, 2, 4, 8, 16, 32], ""variance_thresholds"": [0.9, 0.95]}",recorded_ood,0.11929159060335376,0.052478267089826336,test,0.11633865629037493,0.12004934172788335,0.11846903785119006,0.15494593992773165,1.0,0.10509340633696562,0.16259220885469786,0.11947314575789622,-0.0029529343129788455,0.05020417413227393,-0.0022740929575524042,0.17181771624262132,0.046511456242996005,128,128,255,512,True,0.05261344917983996,CHEATING; fit on first half of this split; score second half only,64,5,5,573,transfer_gap,D_object_error,checkpoint_program_means,5,0.2922033484762163,0.6333194785810247,-0.3,0.623837664781073,ok,-1.0,1.0,experiment_run,False,5,Cluster bootstrap by experiment; training-time checkpoints share a run. Few C1 models limit inference.,,,,,,,,,,,,,,
"[""/home/ubuntu/cogitao-research/checkpoints/cogitao_vit_cross_attention/cogitao_c1_experiment_1_vit6_function_mlp_cross_attention/run_000/last.ckpt"", ""/home/ubuntu/cogitao-research/checkpoints/cogitao_vit_cross_attention/cogitao_c1_experiment_2_vit6_function_mlp_cross_attention/run_000/last.ckpt"", ""/home/ubuntu/cogitao-research/checkpoints/cogitao_vit_cross_attention/cogitao_c1_experiment_3_vit6_function_mlp_cross_attention/run_000/last.ckpt"", ""/home/ubuntu/cogitao-research/checkpoints/cogitao_vit_cross_attention/cogitao_c1_experiment_4_vit6_function_mlp_cross_attention/run_000/last.ckpt"", ""/home/ubuntu/cogitao-research/checkpoints/cogitao_vit_cross_attention/cogitao_c1_experiment_5_vit6_function_mlp_cross_attention/run_000/last.ckpt""]","[""2bff05e8e2e5f390f6eb1f5cbf0ac8187832a8a365af10da7100cb8d732aa3f2"", ""35f91e02d5b826c89f6b24f52abf83581220b4b6676009c59b6715b0b2251589"", ""900674f94996e9b2f5190e7cd8bac4486d09332daaf131226f7f107123274de1"", ""9fc5e4f84cb131416f158af2b67349dc93c59e82f33086a7eeab2f7d6f335a7f"", ""c6578b6a655d823b9e27296aaf186e6b5b97bad640fb400cc5f2abaa6f308e6d""]","[""dfec9cbb2afe6616194c1fb41430c0c5d2bc4208""]","[1, 2, 3, 4, 5]",test_ood,"[""change_shape_color"", ""crop_bottom_side"", ""crop_contours"", ""extend_contours_same_color"", ""rot90""]","[""double_right"", ""pad_left"", ""pad_right"", ""rot90"", ""translate_up""]","[""double_right -> crop_contours"", ""pad_left -> extend_contours_same_color"", ""pad_right -> change_shape_color"", ""rot90 -> crop_bottom_side"", ""translate_up -> rot90""]","pair (f,g): fgx=f(g(x)); task-token order [g,f] means g -> f",573,5,5,image_block_02,42,"[71370, 78000]",256,256,0.01,2,"{""fixed_ranks"": [1, 2, 4, 8, 16, 32], ""variance_thresholds"": [0.9, 0.95]}",recorded_ood,0.11929159060335376,0.052478267089826336,test,0.11633865629037493,0.12004934172788335,0.11846903785119006,0.15494593992773165,1.0,0.10509340633696562,0.16259220885469786,0.11947314575789622,-0.0029529343129788455,0.05020417413227393,-0.0022740929575524042,0.17181771624262132,0.046511456242996005,128,128,255,512,True,0.05261344917983996,CHEATING; fit on first half of this split; score second half only,64,5,5,573,transfer_gap,D_nll,checkpoint_program_means,5,0.6307203616840784,0.2539283657327078,0.09999999999999999,0.8728885715695384,ok,-0.9999999999999998,1.0,experiment_run,False,5,Cluster bootstrap by experiment; training-time checkpoints share a run. Few C1 models limit inference.,,,,,,,,,,,,,,
"[""/home/ubuntu/cogitao-research/checkpoints/cogitao_vit_cross_attention/cogitao_c1_experiment_1_vit6_function_mlp_cross_attention/run_000/last.ckpt"", ""/home/ubuntu/cogitao-research/checkpoints/cogitao_vit_cross_attention/cogitao_c1_experiment_2_vit6_function_mlp_cross_attention/run_000/last.ckpt"", ""/home/ubuntu/cogitao-research/checkpoints/cogitao_vit_cross_attention/cogitao_c1_experiment_3_vit6_function_mlp_cross_attention/run_000/last.ckpt"", ""/home/ubuntu/cogitao-research/checkpoints/cogitao_vit_cross_attention/cogitao_c1_experiment_4_vit6_function_mlp_cross_attention/run_000/last.ckpt"", ""/home/ubuntu/cogitao-research/checkpoints/cogitao_vit_cross_attention/cogitao_c1_experiment_5_vit6_function_mlp_cross_attention/run_000/last.ckpt""]","[""2bff05e8e2e5f390f6eb1f5cbf0ac8187832a8a365af10da7100cb8d732aa3f2"", ""35f91e02d5b826c89f6b24f52abf83581220b4b6676009c59b6715b0b2251589"", ""900674f94996e9b2f5190e7cd8bac4486d09332daaf131226f7f107123274de1"", ""9fc5e4f84cb131416f158af2b67349dc93c59e82f33086a7eeab2f7d6f335a7f"", ""c6578b6a655d823b9e27296aaf186e6b5b97bad640fb400cc5f2abaa6f308e6d""]","[""dfec9cbb2afe6616194c1fb41430c0c5d2bc4208""]","[1, 2, 3, 4, 5]",test_ood,"[""change_shape_color"", ""crop_bottom_side"", ""crop_contours"", ""extend_contours_same_color"", ""rot90""]","[""double_right"", ""pad_left"", ""pad_right"", ""rot90"", ""translate_up""]","[""double_right -> crop_contours"", ""pad_left -> extend_contours_same_color"", ""pad_right -> change_shape_color"", ""rot90 -> crop_bottom_side"", ""translate_up -> rot90""]","pair (f,g): fgx=f(g(x)); task-token order [g,f] means g -> f",573,5,5,image_block_02,42,"[71370, 78000]",256,256,0.01,2,"{""fixed_ranks"": [1, 2, 4, 8, 16, 32], ""variance_thresholds"": [0.9, 0.95]}",recorded_ood,0.11929159060335376,0.052478267089826336,test,0.11633865629037493,0.12004934172788335,0.11846903785119006,0.15494593992773165,1.0,0.10509340633696562,0.16259220885469786,0.11947314575789622,-0.0029529343129788455,0.05020417413227393,-0.0022740929575524042,0.17181771624262132,0.046511456242996005,128,128,255,512,True,0.05261344917983996,CHEATING; fit on first half of this split; score second half only,64,5,5,573,transfer_gap,D_confidence,checkpoint_program_means,5,0.8370945364524626,0.07697145428707836,0.8999999999999998,0.03738607346849874,ok,0.7236152231415292,1.0,experiment_run,False,5,Cluster bootstrap by experiment; training-time checkpoints share a run. Few C1 models limit inference.,,,,,,,,,,,,,,
"[""/home/ubuntu/cogitao-research/checkpoints/cogitao_vit_cross_attention/cogitao_c1_experiment_1_vit6_function_mlp_cross_attention/run_000/last.ckpt"", ""/home/ubuntu/cogitao-research/checkpoints/cogitao_vit_cross_attention/cogitao_c1_experiment_2_vit6_function_mlp_cross_attention/run_000/last.ckpt"", ""/home/ubuntu/cogitao-research/checkpoints/cogitao_vit_cross_attention/cogitao_c1_experiment_3_vit6_function_mlp_cross_attention/run_000/last.ckpt"", ""/home/ubuntu/cogitao-research/checkpoints/cogitao_vit_cross_attention/cogitao_c1_experiment_4_vit6_function_mlp_cross_attention/run_000/last.ckpt"", ""/home/ubuntu/cogitao-research/checkpoints/cogitao_vit_cross_attention/cogitao_c1_experiment_5_vit6_function_mlp_cross_attention/run_000/last.ckpt""]","[""2bff05e8e2e5f390f6eb1f5cbf0ac8187832a8a365af10da7100cb8d732aa3f2"", ""35f91e02d5b826c89f6b24f52abf83581220b4b6676009c59b6715b0b2251589"", ""900674f94996e9b2f5190e7cd8bac4486d09332daaf131226f7f107123274de1"", ""9fc5e4f84cb131416f158af2b67349dc93c59e82f33086a7eeab2f7d6f335a7f"", ""c6578b6a655d823b9e27296aaf186e6b5b97bad640fb400cc5f2abaa6f308e6d""]","[""dfec9cbb2afe6616194c1fb41430c0c5d2bc4208""]","[1, 2, 3, 4, 5]",test_ood,"[""change_shape_color"", ""crop_bottom_side"", ""crop_contours"", ""extend_contours_same_color"", ""rot90""]","[""double_right"", ""pad_left"", ""pad_right"", ""rot90"", ""translate_up""]","[""double_right -> crop_contours"", ""pad_left -> extend_contours_same_color"", ""pad_right -> change_shape_color"", ""rot90 -> crop_bottom_side"", ""translate_up -> rot90""]","pair (f,g): fgx=f(g(x)); task-token order [g,f] means g -> f",573,5,5,image_block_02,42,"[71370, 78000]",256,256,0.01,2,"{""fixed_ranks"": [1, 2, 4, 8, 16, 32], ""variance_thresholds"": [0.9, 0.95]}",recorded_ood,0.11929159060335376,0.052478267089826336,test,0.11633865629037493,0.12004934172788335,0.11846903785119006,0.15494593992773165,1.0,0.10509340633696562,0.16259220885469786,0.11947314575789622,-0.0029529343129788455,0.05020417413227393,-0.0022740929575524042,0.17181771624262132,0.046511456242996005,128,128,255,512,True,0.05261344917983996,CHEATING; fit on first half of this split; score second half only,64,5,5,573,transfer_gap,D_brier,checkpoint_program_means,5,0.6865784303199245,0.2004353199090027,0.0,1.0,ok,-1.0,1.0,experiment_run,False,5,Cluster bootstrap by experiment; training-time checkpoints share a run. Few C1 models limit inference.,,,,,,,,,,,,,,
"[""/home/ubuntu/cogitao-research/checkpoints/cogitao_vit_cross_attention/cogitao_c1_experiment_1_vit6_function_mlp_cross_attention/run_000/last.ckpt"", ""/home/ubuntu/cogitao-research/checkpoints/cogitao_vit_cross_attention/cogitao_c1_experiment_2_vit6_function_mlp_cross_attention/run_000/last.ckpt"", ""/home/ubuntu/cogitao-research/checkpoints/cogitao_vit_cross_attention/cogitao_c1_experiment_3_vit6_function_mlp_cross_attention/run_000/last.ckpt"", ""/home/ubuntu/cogitao-research/checkpoints/cogitao_vit_cross_attention/cogitao_c1_experiment_4_vit6_function_mlp_cross_attention/run_000/last.ckpt"", ""/home/ubuntu/cogitao-research/checkpoints/cogitao_vit_cross_attention/cogitao_c1_experiment_5_vit6_function_mlp_cross_attention/run_000/last.ckpt""]","[""2bff05e8e2e5f390f6eb1f5cbf0ac8187832a8a365af10da7100cb8d732aa3f2"", ""35f91e02d5b826c89f6b24f52abf83581220b4b6676009c59b6715b0b2251589"", ""900674f94996e9b2f5190e7cd8bac4486d09332daaf131226f7f107123274de1"", ""9fc5e4f84cb131416f158af2b67349dc93c59e82f33086a7eeab2f7d6f335a7f"", ""c6578b6a655d823b9e27296aaf186e6b5b97bad640fb400cc5f2abaa6f308e6d""]","[""dfec9cbb2afe6616194c1fb41430c0c5d2bc4208""]","[1, 2, 3, 4, 5]",test_ood,"[""change_shape_color"", ""crop_bottom_side"", ""crop_contours"", ""extend_contours_same_color"", ""rot90""]","[""double_right"", ""pad_left"", ""pad_right"", ""rot90"", ""translate_up""]","[""double_right -> crop_contours"", ""pad_left -> extend_contours_same_color"", ""pad_right -> change_shape_color"", ""rot90 -> crop_bottom_side"", ""translate_up -> rot90""]","pair (f,g): fgx=f(g(x)); task-token order [g,f] means g -> f",573,5,5,image_block_03,42,"[71370, 78000]",256,256,0.01,2,"{""fixed_ranks"": [1, 2, 4, 8, 16, 32], ""variance_thresholds"": [0.9, 0.95]}",recorded_ood,0.12207796203036723,0.05561523720958616,test,0.1224299282828378,0.12245744893262776,0.12230102600231008,0.15044951330023124,1.0,0.10602521420302999,0.16371430516119473,0.12524333570086188,0.00035196625247058046,0.05427416957462806,-0.0013410676349581013,0.16151375211955427,0.05330466230110853,128,128,255,512,True,0.04324689777734689,CHEATING; fit on first half of this split; score second half only,64,5,5,573,context_error,D_object_error,checkpoint_program_means,5,0.4251210394818884,0.4754964940477573,-0.09999999999999999,0.8728885715695384,ok,-1.0,0.9999999999999999,experiment_run,False,5,Cluster bootstrap by experiment; training-time checkpoints share a run. Few C1 models limit inference.,,,,,,,,,,,,,,
"[""/home/ubuntu/cogitao-research/checkpoints/cogitao_vit_cross_attention/cogitao_c1_experiment_1_vit6_function_mlp_cross_attention/run_000/last.ckpt"", ""/home/ubuntu/cogitao-research/checkpoints/cogitao_vit_cross_attention/cogitao_c1_experiment_2_vit6_function_mlp_cross_attention/run_000/last.ckpt"", ""/home/ubuntu/cogitao-research/checkpoints/cogitao_vit_cross_attention/cogitao_c1_experiment_3_vit6_function_mlp_cross_attention/run_000/last.ckpt"", ""/home/ubuntu/cogitao-research/checkpoints/cogitao_vit_cross_attention/cogitao_c1_experiment_4_vit6_function_mlp_cross_attention/run_000/last.ckpt"", ""/home/ubuntu/cogitao-research/checkpoints/cogitao_vit_cross_attention/cogitao_c1_experiment_5_vit6_function_mlp_cross_attention/run_000/last.ckpt""]","[""2bff05e8e2e5f390f6eb1f5cbf0ac8187832a8a365af10da7100cb8d732aa3f2"", ""35f91e02d5b826c89f6b24f52abf83581220b4b6676009c59b6715b0b2251589"", ""900674f94996e9b2f5190e7cd8bac4486d09332daaf131226f7f107123274de1"", ""9fc5e4f84cb131416f158af2b67349dc93c59e82f33086a7eeab2f7d6f335a7f"", ""c6578b6a655d823b9e27296aaf186e6b5b97bad640fb400cc5f2abaa6f308e6d""]","[""dfec9cbb2afe6616194c1fb41430c0c5d2bc4208""]","[1, 2, 3, 4, 5]",test_ood,"[""change_shape_color"", ""crop_bottom_side"", ""crop_contours"", ""extend_contours_same_color"", ""rot90""]","[""double_right"", ""pad_left"", ""pad_right"", ""rot90"", ""translate_up""]","[""double_right -> crop_contours"", ""pad_left -> extend_contours_same_color"", ""pad_right -> change_shape_color"", ""rot90 -> crop_bottom_side"", ""translate_up -> rot90""]","pair (f,g): fgx=f(g(x)); task-token order [g,f] means g -> f",573,5,5,image_block_03,42,"[71370, 78000]",256,256,0.01,2,"{""fixed_ranks"": [1, 2, 4, 8, 16, 32], ""variance_thresholds"": [0.9, 0.95]}",recorded_ood,0.12207796203036723,0.05561523720958616,test,0.1224299282828378,0.12245744893262776,0.12230102600231008,0.15044951330023124,1.0,0.10602521420302999,0.16371430516119473,0.12524333570086188,0.00035196625247058046,0.05427416957462806,-0.0013410676349581013,0.16151375211955427,0.05330466230110853,128,128,255,512,True,0.04324689777734689,CHEATING; fit on first half of this split; score second half only,64,5,5,573,context_error,D_nll,checkpoint_program_means,5,0.5870289228882689,0.2980486470211341,0.3,0.623837664781073,ok,-1.0,1.0,experiment_run,False,5,Cluster bootstrap by experiment; training-time checkpoints share a run. Few C1 models limit inference.,,,,,,,,,,,,,,
"[""/home/ubuntu/cogitao-research/checkpoints/cogitao_vit_cross_attention/cogitao_c1_experiment_1_vit6_function_mlp_cross_attention/run_000/last.ckpt"", ""/home/ubuntu/cogitao-research/checkpoints/cogitao_vit_cross_attention/cogitao_c1_experiment_2_vit6_function_mlp_cross_attention/run_000/last.ckpt"", ""/home/ubuntu/cogitao-research/checkpoints/cogitao_vit_cross_attention/cogitao_c1_experiment_3_vit6_function_mlp_cross_attention/run_000/last.ckpt"", ""/home/ubuntu/cogitao-research/checkpoints/cogitao_vit_cross_attention/cogitao_c1_experiment_4_vit6_function_mlp_cross_attention/run_000/last.ckpt"", ""/home/ubuntu/cogitao-research/checkpoints/cogitao_vit_cross_attention/cogitao_c1_experiment_5_vit6_function_mlp_cross_attention/run_000/last.ckpt""]","[""2bff05e8e2e5f390f6eb1f5cbf0ac8187832a8a365af10da7100cb8d732aa3f2"", ""35f91e02d5b826c89f6b24f52abf83581220b4b6676009c59b6715b0b2251589"", ""900674f94996e9b2f5190e7cd8bac4486d09332daaf131226f7f107123274de1"", ""9fc5e4f84cb131416f158af2b67349dc93c59e82f33086a7eeab2f7d6f335a7f"", ""c6578b6a655d823b9e27296aaf186e6b5b97bad640fb400cc5f2abaa6f308e6d""]","[""dfec9cbb2afe6616194c1fb41430c0c5d2bc4208""]","[1, 2, 3, 4, 5]",test_ood,"[""change_shape_color"", ""crop_bottom_side"", ""crop_contours"", ""extend_contours_same_color"", ""rot90""]","[""double_right"", ""pad_left"", ""pad_right"", ""rot90"", ""translate_up""]","[""double_right -> crop_contours"", ""pad_left -> extend_contours_same_color"", ""pad_right -> change_shape_color"", ""rot90 -> crop_bottom_side"", ""translate_up -> rot90""]","pair (f,g): fgx=f(g(x)); task-token order [g,f] means g -> f",573,5,5,image_block_03,42,"[71370, 78000]",256,256,0.01,2,"{""fixed_ranks"": [1, 2, 4, 8, 16, 32], ""variance_thresholds"": [0.9, 0.95]}",recorded_ood,0.12207796203036723,0.05561523720958616,test,0.1224299282828378,0.12245744893262776,0.12230102600231008,0.15044951330023124,1.0,0.10602521420302999,0.16371430516119473,0.12524333570086188,0.00035196625247058046,0.05427416957462806,-0.0013410676349581013,0.16151375211955427,0.05330466230110853,128,128,255,512,True,0.04324689777734689,CHEATING; fit on first half of this split; score second half only,64,5,5,573,context_error,D_confidence,checkpoint_program_means,5,0.6599212862908975,0.22552926811321694,0.7,0.1881204043741873,ok,-0.6082487867446418,1.0,experiment_run,False,5,Cluster bootstrap by experiment; training-time checkpoints share a run. Few C1 models limit inference.,,,,,,,,,,,,,,
"[""/home/ubuntu/cogitao-research/checkpoints/cogitao_vit_cross_attention/cogitao_c1_experiment_1_vit6_function_mlp_cross_attention/run_000/last.ckpt"", ""/home/ubuntu/cogitao-research/checkpoints/cogitao_vit_cross_attention/cogitao_c1_experiment_2_vit6_function_mlp_cross_attention/run_000/last.ckpt"", ""/home/ubuntu/cogitao-research/checkpoints/cogitao_vit_cross_attention/cogitao_c1_experiment_3_vit6_function_mlp_cross_attention/run_000/last.ckpt"", ""/home/ubuntu/cogitao-research/checkpoints/cogitao_vit_cross_attention/cogitao_c1_experiment_4_vit6_function_mlp_cross_attention/run_000/last.ckpt"", ""/home/ubuntu/cogitao-research/checkpoints/cogitao_vit_cross_attention/cogitao_c1_experiment_5_vit6_function_mlp_cross_attention/run_000/last.ckpt""]","[""2bff05e8e2e5f390f6eb1f5cbf0ac8187832a8a365af10da7100cb8d732aa3f2"", ""35f91e02d5b826c89f6b24f52abf83581220b4b6676009c59b6715b0b2251589"", ""900674f94996e9b2f5190e7cd8bac4486d09332daaf131226f7f107123274de1"", ""9fc5e4f84cb131416f158af2b67349dc93c59e82f33086a7eeab2f7d6f335a7f"", ""c6578b6a655d823b9e27296aaf186e6b5b97bad640fb400cc5f2abaa6f308e6d""]","[""dfec9cbb2afe6616194c1fb41430c0c5d2bc4208""]","[1, 2, 3, 4, 5]",test_ood,"[""change_shape_color"", ""crop_bottom_side"", ""crop_contours"", ""extend_contours_same_color"", ""rot90""]","[""double_right"", ""pad_left"", ""pad_right"", ""rot90"", ""translate_up""]","[""double_right -> crop_contours"", ""pad_left -> extend_contours_same_color"", ""pad_right -> change_shape_color"", ""rot90 -> crop_bottom_side"", ""translate_up -> rot90""]","pair (f,g): fgx=f(g(x)); task-token order [g,f] means g -> f",573,5,5,image_block_03,42,"[71370, 78000]",256,256,0.01,2,"{""fixed_ranks"": [1, 2, 4, 8, 16, 32], ""variance_thresholds"": [0.9, 0.95]}",recorded_ood,0.12207796203036723,0.05561523720958616,test,0.1224299282828378,0.12245744893262776,0.12230102600231008,0.15044951330023124,1.0,0.10602521420302999,0.16371430516119473,0.12524333570086188,0.00035196625247058046,0.05427416957462806,-0.0013410676349581013,0.16151375211955427,0.05330466230110853,128,128,255,512,True,0.04324689777734689,CHEATING; fit on first half of this split; score second half only,64,5,5,573,context_error,D_brier,checkpoint_program_means,5,0.4340673417114528,0.4652104148559035,0.09999999999999999,0.8728885715695384,ok,-1.0,1.0,experiment_run,False,5,Cluster bootstrap by experiment; training-time checkpoints share a run. Few C1 models limit inference.,,,,,,,,,,,,,,
"[""/home/ubuntu/cogitao-research/checkpoints/cogitao_vit_cross_attention/cogitao_c1_experiment_1_vit6_function_mlp_cross_attention/run_000/last.ckpt"", ""/home/ubuntu/cogitao-research/checkpoints/cogitao_vit_cross_attention/cogitao_c1_experiment_2_vit6_function_mlp_cross_attention/run_000/last.ckpt"", ""/home/ubuntu/cogitao-research/checkpoints/cogitao_vit_cross_attention/cogitao_c1_experiment_3_vit6_function_mlp_cross_attention/run_000/last.ckpt"", ""/home/ubuntu/cogitao-research/checkpoints/cogitao_vit_cross_attention/cogitao_c1_experiment_4_vit6_function_mlp_cross_attention/run_000/last.ckpt"", ""/home/ubuntu/cogitao-research/checkpoints/cogitao_vit_cross_attention/cogitao_c1_experiment_5_vit6_function_mlp_cross_attention/run_000/last.ckpt""]","[""2bff05e8e2e5f390f6eb1f5cbf0ac8187832a8a365af10da7100cb8d732aa3f2"", ""35f91e02d5b826c89f6b24f52abf83581220b4b6676009c59b6715b0b2251589"", ""900674f94996e9b2f5190e7cd8bac4486d09332daaf131226f7f107123274de1"", ""9fc5e4f84cb131416f158af2b67349dc93c59e82f33086a7eeab2f7d6f335a7f"", ""c6578b6a655d823b9e27296aaf186e6b5b97bad640fb400cc5f2abaa6f308e6d""]","[""dfec9cbb2afe6616194c1fb41430c0c5d2bc4208""]","[1, 2, 3, 4, 5]",test_ood,"[""change_shape_color"", ""crop_bottom_side"", ""crop_contours"", ""extend_contours_same_color"", ""rot90""]","[""double_right"", ""pad_left"", ""pad_right"", ""rot90"", ""translate_up""]","[""double_right -> crop_contours"", ""pad_left -> extend_contours_same_color"", ""pad_right -> change_shape_color"", ""rot90 -> crop_bottom_side"", ""translate_up -> rot90""]","pair (f,g): fgx=f(g(x)); task-token order [g,f] means g -> f",573,5,5,image_block_03,42,"[71370, 78000]",256,256,0.01,2,"{""fixed_ranks"": [1, 2, 4, 8, 16, 32], ""variance_thresholds"": [0.9, 0.95]}",recorded_ood,0.12207796203036723,0.05561523720958616,test,0.1224299282828378,0.12245744893262776,0.12230102600231008,0.15044951330023124,1.0,0.10602521420302999,0.16371430516119473,0.12524333570086188,0.00035196625247058046,0.05427416957462806,-0.0013410676349581013,0.16151375211955427,0.05330466230110853,128,128,255,512,True,0.04324689777734689,CHEATING; fit on first half of this split; score second half only,64,5,5,573,composition_error,D_object_error,checkpoint_program_means,5,0.3176155678568463,0.6025053856078102,0.3,0.623837664781073,ok,-0.9999999999999999,1.0,experiment_run,False,5,Cluster bootstrap by experiment; training-time checkpoints share a run. Few C1 models limit inference.,,,,,,,,,,,,,,
"[""/home/ubuntu/cogitao-research/checkpoints/cogitao_vit_cross_attention/cogitao_c1_experiment_1_vit6_function_mlp_cross_attention/run_000/last.ckpt"", ""/home/ubuntu/cogitao-research/checkpoints/cogitao_vit_cross_attention/cogitao_c1_experiment_2_vit6_function_mlp_cross_attention/run_000/last.ckpt"", ""/home/ubuntu/cogitao-research/checkpoints/cogitao_vit_cross_attention/cogitao_c1_experiment_3_vit6_function_mlp_cross_attention/run_000/last.ckpt"", ""/home/ubuntu/cogitao-research/checkpoints/cogitao_vit_cross_attention/cogitao_c1_experiment_4_vit6_function_mlp_cross_attention/run_000/last.ckpt"", ""/home/ubuntu/cogitao-research/checkpoints/cogitao_vit_cross_attention/cogitao_c1_experiment_5_vit6_function_mlp_cross_attention/run_000/last.ckpt""]","[""2bff05e8e2e5f390f6eb1f5cbf0ac8187832a8a365af10da7100cb8d732aa3f2"", ""35f91e02d5b826c89f6b24f52abf83581220b4b6676009c59b6715b0b2251589"", ""900674f94996e9b2f5190e7cd8bac4486d09332daaf131226f7f107123274de1"", ""9fc5e4f84cb131416f158af2b67349dc93c59e82f33086a7eeab2f7d6f335a7f"", ""c6578b6a655d823b9e27296aaf186e6b5b97bad640fb400cc5f2abaa6f308e6d""]","[""dfec9cbb2afe6616194c1fb41430c0c5d2bc4208""]","[1, 2, 3, 4, 5]",test_ood,"[""change_shape_color"", ""crop_bottom_side"", ""crop_contours"", ""extend_contours_same_color"", ""rot90""]","[""double_right"", ""pad_left"", ""pad_right"", ""rot90"", ""translate_up""]","[""double_right -> crop_contours"", ""pad_left -> extend_contours_same_color"", ""pad_right -> change_shape_color"", ""rot90 -> crop_bottom_side"", ""translate_up -> rot90""]","pair (f,g): fgx=f(g(x)); task-token order [g,f] means g -> f",573,5,5,image_block_03,42,"[71370, 78000]",256,256,0.01,2,"{""fixed_ranks"": [1, 2, 4, 8, 16, 32], ""variance_thresholds"": [0.9, 0.95]}",recorded_ood,0.12207796203036723,0.05561523720958616,test,0.1224299282828378,0.12245744893262776,0.12230102600231008,0.15044951330023124,1.0,0.10602521420302999,0.16371430516119473,0.12524333570086188,0.00035196625247058046,0.05427416957462806,-0.0013410676349581013,0.16151375211955427,0.05330466230110853,128,128,255,512,True,0.04324689777734689,CHEATING; fit on first half of this split; score second half only,64,5,5,573,composition_error,D_nll,checkpoint_program_means,5,0.17109400528589536,0.7832238915898708,0.39999999999999997,0.5046315754686912,ok,-0.9461286996703011,1.0,experiment_run,False,5,Cluster bootstrap by experiment; training-time checkpoints share a run. Few C1 models limit inference.,,,,,,,,,,,,,,
"[""/home/ubuntu/cogitao-research/checkpoints/cogitao_vit_cross_attention/cogitao_c1_experiment_1_vit6_function_mlp_cross_attention/run_000/last.ckpt"", ""/home/ubuntu/cogitao-research/checkpoints/cogitao_vit_cross_attention/cogitao_c1_experiment_2_vit6_function_mlp_cross_attention/run_000/last.ckpt"", ""/home/ubuntu/cogitao-research/checkpoints/cogitao_vit_cross_attention/cogitao_c1_experiment_3_vit6_function_mlp_cross_attention/run_000/last.ckpt"", ""/home/ubuntu/cogitao-research/checkpoints/cogitao_vit_cross_attention/cogitao_c1_experiment_4_vit6_function_mlp_cross_attention/run_000/last.ckpt"", ""/home/ubuntu/cogitao-research/checkpoints/cogitao_vit_cross_attention/cogitao_c1_experiment_5_vit6_function_mlp_cross_attention/run_000/last.ckpt""]","[""2bff05e8e2e5f390f6eb1f5cbf0ac8187832a8a365af10da7100cb8d732aa3f2"", ""35f91e02d5b826c89f6b24f52abf83581220b4b6676009c59b6715b0b2251589"", ""900674f94996e9b2f5190e7cd8bac4486d09332daaf131226f7f107123274de1"", ""9fc5e4f84cb131416f158af2b67349dc93c59e82f33086a7eeab2f7d6f335a7f"", ""c6578b6a655d823b9e27296aaf186e6b5b97bad640fb400cc5f2abaa6f308e6d""]","[""dfec9cbb2afe6616194c1fb41430c0c5d2bc4208""]","[1, 2, 3, 4, 5]",test_ood,"[""change_shape_color"", ""crop_bottom_side"", ""crop_contours"", ""extend_contours_same_color"", ""rot90""]","[""double_right"", ""pad_left"", ""pad_right"", ""rot90"", ""translate_up""]","[""double_right -> crop_contours"", ""pad_left -> extend_contours_same_color"", ""pad_right -> change_shape_color"", ""rot90 -> crop_bottom_side"", ""translate_up -> rot90""]","pair (f,g): fgx=f(g(x)); task-token order [g,f] means g -> f",573,5,5,image_block_03,42,"[71370, 78000]",256,256,0.01,2,"{""fixed_ranks"": [1, 2, 4, 8, 16, 32], ""variance_thresholds"": [0.9, 0.95]}",recorded_ood,0.12207796203036723,0.05561523720958616,test,0.1224299282828378,0.12245744893262776,0.12230102600231008,0.15044951330023124,1.0,0.10602521420302999,0.16371430516119473,0.12524333570086188,0.00035196625247058046,0.05427416957462806,-0.0013410676349581013,0.16151375211955427,0.05330466230110853,128,128,255,512,True,0.04324689777734689,CHEATING; fit on first half of this split; score second half only,64,5,5,573,composition_error,D_confidence,checkpoint_program_means,5,0.5058972138735689,0.38451245976267934,0.39999999999999997,0.5046315754686912,ok,-0.7293776013204595,1.0,experiment_run,False,5,Cluster bootstrap by experiment; training-time checkpoints share a run. Few C1 models limit inference.,,,,,,,,,,,,,,
"[""/home/ubuntu/cogitao-research/checkpoints/cogitao_vit_cross_attention/cogitao_c1_experiment_1_vit6_function_mlp_cross_attention/run_000/last.ckpt"", ""/home/ubuntu/cogitao-research/checkpoints/cogitao_vit_cross_attention/cogitao_c1_experiment_2_vit6_function_mlp_cross_attention/run_000/last.ckpt"", ""/home/ubuntu/cogitao-research/checkpoints/cogitao_vit_cross_attention/cogitao_c1_experiment_3_vit6_function_mlp_cross_attention/run_000/last.ckpt"", ""/home/ubuntu/cogitao-research/checkpoints/cogitao_vit_cross_attention/cogitao_c1_experiment_4_vit6_function_mlp_cross_attention/run_000/last.ckpt"", ""/home/ubuntu/cogitao-research/checkpoints/cogitao_vit_cross_attention/cogitao_c1_experiment_5_vit6_function_mlp_cross_attention/run_000/last.ckpt""]","[""2bff05e8e2e5f390f6eb1f5cbf0ac8187832a8a365af10da7100cb8d732aa3f2"", ""35f91e02d5b826c89f6b24f52abf83581220b4b6676009c59b6715b0b2251589"", ""900674f94996e9b2f5190e7cd8bac4486d09332daaf131226f7f107123274de1"", ""9fc5e4f84cb131416f158af2b67349dc93c59e82f33086a7eeab2f7d6f335a7f"", ""c6578b6a655d823b9e27296aaf186e6b5b97bad640fb400cc5f2abaa6f308e6d""]","[""dfec9cbb2afe6616194c1fb41430c0c5d2bc4208""]","[1, 2, 3, 4, 5]",test_ood,"[""change_shape_color"", ""crop_bottom_side"", ""crop_contours"", ""extend_contours_same_color"", ""rot90""]","[""double_right"", ""pad_left"", ""pad_right"", ""rot90"", ""translate_up""]","[""double_right -> crop_contours"", ""pad_left -> extend_contours_same_color"", ""pad_right -> change_shape_color"", ""rot90 -> crop_bottom_side"", ""translate_up -> rot90""]","pair (f,g): fgx=f(g(x)); task-token order [g,f] means g -> f",573,5,5,image_block_03,42,"[71370, 78000]",256,256,0.01,2,"{""fixed_ranks"": [1, 2, 4, 8, 16, 32], ""variance_thresholds"": [0.9, 0.95]}",recorded_ood,0.12207796203036723,0.05561523720958616,test,0.1224299282828378,0.12245744893262776,0.12230102600231008,0.15044951330023124,1.0,0.10602521420302999,0.16371430516119473,0.12524333570086188,0.00035196625247058046,0.05427416957462806,-0.0013410676349581013,0.16151375211955427,0.05330466230110853,128,128,255,512,True,0.04324689777734689,CHEATING; fit on first half of this split; score second half only,64,5,5,573,composition_error,D_brier,checkpoint_program_means,5,0.032363796270640066,0.9588003293513178,0.3,0.623837664781073,ok,-0.9825871960319651,1.0,experiment_run,False,5,Cluster bootstrap by experiment; training-time checkpoints share a run. Few C1 models limit inference.,,,,,,,,,,,,,,
"[""/home/ubuntu/cogitao-research/checkpoints/cogitao_vit_cross_attention/cogitao_c1_experiment_1_vit6_function_mlp_cross_attention/run_000/last.ckpt"", ""/home/ubuntu/cogitao-research/checkpoints/cogitao_vit_cross_attention/cogitao_c1_experiment_2_vit6_function_mlp_cross_attention/run_000/last.ckpt"", ""/home/ubuntu/cogitao-research/checkpoints/cogitao_vit_cross_attention/cogitao_c1_experiment_3_vit6_function_mlp_cross_attention/run_000/last.ckpt"", ""/home/ubuntu/cogitao-research/checkpoints/cogitao_vit_cross_attention/cogitao_c1_experiment_4_vit6_function_mlp_cross_attention/run_000/last.ckpt"", ""/home/ubuntu/cogitao-research/checkpoints/cogitao_vit_cross_attention/cogitao_c1_experiment_5_vit6_function_mlp_cross_attention/run_000/last.ckpt""]","[""2bff05e8e2e5f390f6eb1f5cbf0ac8187832a8a365af10da7100cb8d732aa3f2"", ""35f91e02d5b826c89f6b24f52abf83581220b4b6676009c59b6715b0b2251589"", ""900674f94996e9b2f5190e7cd8bac4486d09332daaf131226f7f107123274de1"", ""9fc5e4f84cb131416f158af2b67349dc93c59e82f33086a7eeab2f7d6f335a7f"", ""c6578b6a655d823b9e27296aaf186e6b5b97bad640fb400cc5f2abaa6f308e6d""]","[""dfec9cbb2afe6616194c1fb41430c0c5d2bc4208""]","[1, 2, 3, 4, 5]",test_ood,"[""change_shape_color"", ""crop_bottom_side"", ""crop_contours"", ""extend_contours_same_color"", ""rot90""]","[""double_right"", ""pad_left"", ""pad_right"", ""rot90"", ""translate_up""]","[""double_right -> crop_contours"", ""pad_left -> extend_contours_same_color"", ""pad_right -> change_shape_color"", ""rot90 -> crop_bottom_side"", ""translate_up -> rot90""]","pair (f,g): fgx=f(g(x)); task-token order [g,f] means g -> f",573,5,5,image_block_03,42,"[71370, 78000]",256,256,0.01,2,"{""fixed_ranks"": [1, 2, 4, 8, 16, 32], ""variance_thresholds"": [0.9, 0.95]}",recorded_ood,0.12207796203036723,0.05561523720958616,test,0.1224299282828378,0.12245744893262776,0.12230102600231008,0.15044951330023124,1.0,0.10602521420302999,0.16371430516119473,0.12524333570086188,0.00035196625247058046,0.05427416957462806,-0.0013410676349581013,0.16151375211955427,0.05330466230110853,128,128,255,512,True,0.04324689777734689,CHEATING; fit on first half of this split; score second half only,64,5,5,573,transfer_gap,D_object_error,checkpoint_program_means,5,0.3529277821361769,0.5601495420371247,-0.3,0.623837664781073,ok,-1.0,0.9999999999999999,experiment_run,False,5,Cluster bootstrap by experiment; training-time checkpoints share a run. Few C1 models limit inference.,,,,,,,,,,,,,,
"[""/home/ubuntu/cogitao-research/checkpoints/cogitao_vit_cross_attention/cogitao_c1_experiment_1_vit6_function_mlp_cross_attention/run_000/last.ckpt"", ""/home/ubuntu/cogitao-research/checkpoints/cogitao_vit_cross_attention/cogitao_c1_experiment_2_vit6_function_mlp_cross_attention/run_000/last.ckpt"", ""/home/ubuntu/cogitao-research/checkpoints/cogitao_vit_cross_attention/cogitao_c1_experiment_3_vit6_function_mlp_cross_attention/run_000/last.ckpt"", ""/home/ubuntu/cogitao-research/checkpoints/cogitao_vit_cross_attention/cogitao_c1_experiment_4_vit6_function_mlp_cross_attention/run_000/last.ckpt"", ""/home/ubuntu/cogitao-research/checkpoints/cogitao_vit_cross_attention/cogitao_c1_experiment_5_vit6_function_mlp_cross_attention/run_000/last.ckpt""]","[""2bff05e8e2e5f390f6eb1f5cbf0ac8187832a8a365af10da7100cb8d732aa3f2"", ""35f91e02d5b826c89f6b24f52abf83581220b4b6676009c59b6715b0b2251589"", ""900674f94996e9b2f5190e7cd8bac4486d09332daaf131226f7f107123274de1"", ""9fc5e4f84cb131416f158af2b67349dc93c59e82f33086a7eeab2f7d6f335a7f"", ""c6578b6a655d823b9e27296aaf186e6b5b97bad640fb400cc5f2abaa6f308e6d""]","[""dfec9cbb2afe6616194c1fb41430c0c5d2bc4208""]","[1, 2, 3, 4, 5]",test_ood,"[""change_shape_color"", ""crop_bottom_side"", ""crop_contours"", ""extend_contours_same_color"", ""rot90""]","[""double_right"", ""pad_left"", ""pad_right"", ""rot90"", ""translate_up""]","[""double_right -> crop_contours"", ""pad_left -> extend_contours_same_color"", ""pad_right -> change_shape_color"", ""rot90 -> crop_bottom_side"", ""translate_up -> rot90""]","pair (f,g): fgx=f(g(x)); task-token order [g,f] means g -> f",573,5,5,image_block_03,42,"[71370, 78000]",256,256,0.01,2,"{""fixed_ranks"": [1, 2, 4, 8, 16, 32], ""variance_thresholds"": [0.9, 0.95]}",recorded_ood,0.12207796203036723,0.05561523720958616,test,0.1224299282828378,0.12245744893262776,0.12230102600231008,0.15044951330023124,1.0,0.10602521420302999,0.16371430516119473,0.12524333570086188,0.00035196625247058046,0.05427416957462806,-0.0013410676349581013,0.16151375211955427,0.05330466230110853,128,128,255,512,True,0.04324689777734689,CHEATING; fit on first half of this split; score second half only,64,5,5,573,transfer_gap,D_nll,checkpoint_program_means,5,0.6809392091895331,0.2056746573085024,0.09999999999999999,0.8728885715695384,ok,-0.9999999999999999,1.0,experiment_run,False,5,Cluster bootstrap by experiment; training-time checkpoints share a run. Few C1 models limit inference.,,,,,,,,,,,,,,
"[""/home/ubuntu/cogitao-research/checkpoints/cogitao_vit_cross_attention/cogitao_c1_experiment_1_vit6_function_mlp_cross_attention/run_000/last.ckpt"", ""/home/ubuntu/cogitao-research/checkpoints/cogitao_vit_cross_attention/cogitao_c1_experiment_2_vit6_function_mlp_cross_attention/run_000/last.ckpt"", ""/home/ubuntu/cogitao-research/checkpoints/cogitao_vit_cross_attention/cogitao_c1_experiment_3_vit6_function_mlp_cross_attention/run_000/last.ckpt"", ""/home/ubuntu/cogitao-research/checkpoints/cogitao_vit_cross_attention/cogitao_c1_experiment_4_vit6_function_mlp_cross_attention/run_000/last.ckpt"", ""/home/ubuntu/cogitao-research/checkpoints/cogitao_vit_cross_attention/cogitao_c1_experiment_5_vit6_function_mlp_cross_attention/run_000/last.ckpt""]","[""2bff05e8e2e5f390f6eb1f5cbf0ac8187832a8a365af10da7100cb8d732aa3f2"", ""35f91e02d5b826c89f6b24f52abf83581220b4b6676009c59b6715b0b2251589"", ""900674f94996e9b2f5190e7cd8bac4486d09332daaf131226f7f107123274de1"", ""9fc5e4f84cb131416f158af2b67349dc93c59e82f33086a7eeab2f7d6f335a7f"", ""c6578b6a655d823b9e27296aaf186e6b5b97bad640fb400cc5f2abaa6f308e6d""]","[""dfec9cbb2afe6616194c1fb41430c0c5d2bc4208""]","[1, 2, 3, 4, 5]",test_ood,"[""change_shape_color"", ""crop_bottom_side"", ""crop_contours"", ""extend_contours_same_color"", ""rot90""]","[""double_right"", ""pad_left"", ""pad_right"", ""rot90"", ""translate_up""]","[""double_right -> crop_contours"", ""pad_left -> extend_contours_same_color"", ""pad_right -> change_shape_color"", ""rot90 -> crop_bottom_side"", ""translate_up -> rot90""]","pair (f,g): fgx=f(g(x)); task-token order [g,f] means g -> f",573,5,5,image_block_03,42,"[71370, 78000]",256,256,0.01,2,"{""fixed_ranks"": [1, 2, 4, 8, 16, 32], ""variance_thresholds"": [0.9, 0.95]}",recorded_ood,0.12207796203036723,0.05561523720958616,test,0.1224299282828378,0.12245744893262776,0.12230102600231008,0.15044951330023124,1.0,0.10602521420302999,0.16371430516119473,0.12524333570086188,0.00035196625247058046,0.05427416957462806,-0.0013410676349581013,0.16151375211955427,0.05330466230110853,128,128,255,512,True,0.04324689777734689,CHEATING; fit on first half of this split; score second half only,64,5,5,573,transfer_gap,D_confidence,checkpoint_program_means,5,0.7968174800401917,0.10652787060068486,0.8999999999999998,0.03738607346849874,ok,0.1854840423909776,1.0,experiment_run,False,5,Cluster bootstrap by experiment; training-time checkpoints share a run. Few C1 models limit inference.,,,,,,,,,,,,,,
"[""/home/ubuntu/cogitao-research/checkpoints/cogitao_vit_cross_attention/cogitao_c1_experiment_1_vit6_function_mlp_cross_attention/run_000/last.ckpt"", ""/home/ubuntu/cogitao-research/checkpoints/cogitao_vit_cross_attention/cogitao_c1_experiment_2_vit6_function_mlp_cross_attention/run_000/last.ckpt"", ""/home/ubuntu/cogitao-research/checkpoints/cogitao_vit_cross_attention/cogitao_c1_experiment_3_vit6_function_mlp_cross_attention/run_000/last.ckpt"", ""/home/ubuntu/cogitao-research/checkpoints/cogitao_vit_cross_attention/cogitao_c1_experiment_4_vit6_function_mlp_cross_attention/run_000/last.ckpt"", ""/home/ubuntu/cogitao-research/checkpoints/cogitao_vit_cross_attention/cogitao_c1_experiment_5_vit6_function_mlp_cross_attention/run_000/last.ckpt""]","[""2bff05e8e2e5f390f6eb1f5cbf0ac8187832a8a365af10da7100cb8d732aa3f2"", ""35f91e02d5b826c89f6b24f52abf83581220b4b6676009c59b6715b0b2251589"", ""900674f94996e9b2f5190e7cd8bac4486d09332daaf131226f7f107123274de1"", ""9fc5e4f84cb131416f158af2b67349dc93c59e82f33086a7eeab2f7d6f335a7f"", ""c6578b6a655d823b9e27296aaf186e6b5b97bad640fb400cc5f2abaa6f308e6d""]","[""dfec9cbb2afe6616194c1fb41430c0c5d2bc4208""]","[1, 2, 3, 4, 5]",test_ood,"[""change_shape_color"", ""crop_bottom_side"", ""crop_contours"", ""extend_contours_same_color"", ""rot90""]","[""double_right"", ""pad_left"", ""pad_right"", ""rot90"", ""translate_up""]","[""double_right -> crop_contours"", ""pad_left -> extend_contours_same_color"", ""pad_right -> change_shape_color"", ""rot90 -> crop_bottom_side"", ""translate_up -> rot90""]","pair (f,g): fgx=f(g(x)); task-token order [g,f] means g -> f",573,5,5,image_block_03,42,"[71370, 78000]",256,256,0.01,2,"{""fixed_ranks"": [1, 2, 4, 8, 16, 32], ""variance_thresholds"": [0.9, 0.95]}",recorded_ood,0.12207796203036723,0.05561523720958616,test,0.1224299282828378,0.12245744893262776,0.12230102600231008,0.15044951330023124,1.0,0.10602521420302999,0.16371430516119473,0.12524333570086188,0.00035196625247058046,0.05427416957462806,-0.0013410676349581013,0.16151375211955427,0.05330466230110853,128,128,255,512,True,0.04324689777734689,CHEATING; fit on first half of this split; score second half only,64,5,5,573,transfer_gap,D_brier,checkpoint_program_means,5,0.7071766622501541,0.18162720186350426,0.0,1.0,ok,-1.0,0.9999999999999999,experiment_run,False,5,Cluster bootstrap by experiment; training-time checkpoints share a run. Few C1 models limit inference.,,,,,,,,,,,,,,
"[""/home/ubuntu/cogitao-research/checkpoints/cogitao_vit_cross_attention/cogitao_c1_experiment_1_vit6_function_mlp_cross_attention/run_000/last.ckpt"", ""/home/ubuntu/cogitao-research/checkpoints/cogitao_vit_cross_attention/cogitao_c1_experiment_2_vit6_function_mlp_cross_attention/run_000/last.ckpt"", ""/home/ubuntu/cogitao-research/checkpoints/cogitao_vit_cross_attention/cogitao_c1_experiment_3_vit6_function_mlp_cross_attention/run_000/last.ckpt"", ""/home/ubuntu/cogitao-research/checkpoints/cogitao_vit_cross_attention/cogitao_c1_experiment_4_vit6_function_mlp_cross_attention/run_000/last.ckpt"", ""/home/ubuntu/cogitao-research/checkpoints/cogitao_vit_cross_attention/cogitao_c1_experiment_5_vit6_function_mlp_cross_attention/run_000/last.ckpt""]","[""2bff05e8e2e5f390f6eb1f5cbf0ac8187832a8a365af10da7100cb8d732aa3f2"", ""35f91e02d5b826c89f6b24f52abf83581220b4b6676009c59b6715b0b2251589"", ""900674f94996e9b2f5190e7cd8bac4486d09332daaf131226f7f107123274de1"", ""9fc5e4f84cb131416f158af2b67349dc93c59e82f33086a7eeab2f7d6f335a7f"", ""c6578b6a655d823b9e27296aaf186e6b5b97bad640fb400cc5f2abaa6f308e6d""]","[""dfec9cbb2afe6616194c1fb41430c0c5d2bc4208""]","[1, 2, 3, 4, 5]",test_ood,"[""change_shape_color"", ""crop_bottom_side"", ""crop_contours"", ""extend_contours_same_color"", ""rot90""]","[""double_right"", ""pad_left"", ""pad_right"", ""rot90"", ""translate_up""]","[""double_right -> crop_contours"", ""pad_left -> extend_contours_same_color"", ""pad_right -> change_shape_color"", ""rot90 -> crop_bottom_side"", ""translate_up -> rot90""]","pair (f,g): fgx=f(g(x)); task-token order [g,f] means g -> f",573,5,5,image_block_04,42,"[71370, 78000]",256,256,0.01,2,"{""fixed_ranks"": [1, 2, 4, 8, 16, 32], ""variance_thresholds"": [0.9, 0.95]}",recorded_ood,0.1362409231119077,0.06297265886704113,test,0.13625985481658182,0.13866324858847515,0.13668434428835252,0.1698866557721869,1.0,0.11937513751255346,0.18289365270665792,0.13961427838362572,1.893170467412962e-05,0.0608615702211588,-0.0021110886458823343,0.16986994909677952,0.06369473764397396,128,128,255,512,True,0.04077371033031458,CHEATING; fit on first half of this split; score second half only,64,5,5,573,context_error,D_object_error,checkpoint_program_means,5,0.4354475377925108,0.46362786454244004,-0.09999999999999999,0.8728885715695384,ok,-1.0,1.0,experiment_run,False,5,Cluster bootstrap by experiment; training-time checkpoints share a run. Few C1 models limit inference.,,,,,,,,,,,,,,
"[""/home/ubuntu/cogitao-research/checkpoints/cogitao_vit_cross_attention/cogitao_c1_experiment_1_vit6_function_mlp_cross_attention/run_000/last.ckpt"", ""/home/ubuntu/cogitao-research/checkpoints/cogitao_vit_cross_attention/cogitao_c1_experiment_2_vit6_function_mlp_cross_attention/run_000/last.ckpt"", ""/home/ubuntu/cogitao-research/checkpoints/cogitao_vit_cross_attention/cogitao_c1_experiment_3_vit6_function_mlp_cross_attention/run_000/last.ckpt"", ""/home/ubuntu/cogitao-research/checkpoints/cogitao_vit_cross_attention/cogitao_c1_experiment_4_vit6_function_mlp_cross_attention/run_000/last.ckpt"", ""/home/ubuntu/cogitao-research/checkpoints/cogitao_vit_cross_attention/cogitao_c1_experiment_5_vit6_function_mlp_cross_attention/run_000/last.ckpt""]","[""2bff05e8e2e5f390f6eb1f5cbf0ac8187832a8a365af10da7100cb8d732aa3f2"", ""35f91e02d5b826c89f6b24f52abf83581220b4b6676009c59b6715b0b2251589"", ""900674f94996e9b2f5190e7cd8bac4486d09332daaf131226f7f107123274de1"", ""9fc5e4f84cb131416f158af2b67349dc93c59e82f33086a7eeab2f7d6f335a7f"", ""c6578b6a655d823b9e27296aaf186e6b5b97bad640fb400cc5f2abaa6f308e6d""]","[""dfec9cbb2afe6616194c1fb41430c0c5d2bc4208""]","[1, 2, 3, 4, 5]",test_ood,"[""change_shape_color"", ""crop_bottom_side"", ""crop_contours"", ""extend_contours_same_color"", ""rot90""]","[""double_right"", ""pad_left"", ""pad_right"", ""rot90"", ""translate_up""]","[""double_right -> crop_contours"", ""pad_left -> extend_contours_same_color"", ""pad_right -> change_shape_color"", ""rot90 -> crop_bottom_side"", ""translate_up -> rot90""]","pair (f,g): fgx=f(g(x)); task-token order [g,f] means g -> f",573,5,5,image_block_04,42,"[71370, 78000]",256,256,0.01,2,"{""fixed_ranks"": [1, 2, 4, 8, 16, 32], ""variance_thresholds"": [0.9, 0.95]}",recorded_ood,0.1362409231119077,0.06297265886704113,test,0.13625985481658182,0.13866324858847515,0.13668434428835252,0.1698866557721869,1.0,0.11937513751255346,0.18289365270665792,0.13961427838362572,1.893170467412962e-05,0.0608615702211588,-0.0021110886458823343,0.16986994909677952,0.06369473764397396,128,128,255,512,True,0.04077371033031458,CHEATING; fit on first half of this split; score second half only,64,5,5,573,context_error,D_nll,checkpoint_program_means,5,0.5692260789940928,0.3165433863256126,0.3,0.623837664781073,ok,-0.9999999999999999,1.0,experiment_run,False,5,Cluster bootstrap by experiment; training-time checkpoints share a run. Few C1 models limit inference.,,,,,,,,,,,,,,
"[""/home/ubuntu/cogitao-research/checkpoints/cogitao_vit_cross_attention/cogitao_c1_experiment_1_vit6_function_mlp_cross_attention/run_000/last.ckpt"", ""/home/ubuntu/cogitao-research/checkpoints/cogitao_vit_cross_attention/cogitao_c1_experiment_2_vit6_function_mlp_cross_attention/run_000/last.ckpt"", ""/home/ubuntu/cogitao-research/checkpoints/cogitao_vit_cross_attention/cogitao_c1_experiment_3_vit6_function_mlp_cross_attention/run_000/last.ckpt"", ""/home/ubuntu/cogitao-research/checkpoints/cogitao_vit_cross_attention/cogitao_c1_experiment_4_vit6_function_mlp_cross_attention/run_000/last.ckpt"", ""/home/ubuntu/cogitao-research/checkpoints/cogitao_vit_cross_attention/cogitao_c1_experiment_5_vit6_function_mlp_cross_attention/run_000/last.ckpt""]","[""2bff05e8e2e5f390f6eb1f5cbf0ac8187832a8a365af10da7100cb8d732aa3f2"", ""35f91e02d5b826c89f6b24f52abf83581220b4b6676009c59b6715b0b2251589"", ""900674f94996e9b2f5190e7cd8bac4486d09332daaf131226f7f107123274de1"", ""9fc5e4f84cb131416f158af2b67349dc93c59e82f33086a7eeab2f7d6f335a7f"", ""c6578b6a655d823b9e27296aaf186e6b5b97bad640fb400cc5f2abaa6f308e6d""]","[""dfec9cbb2afe6616194c1fb41430c0c5d2bc4208""]","[1, 2, 3, 4, 5]",test_ood,"[""change_shape_color"", ""crop_bottom_side"", ""crop_contours"", ""extend_contours_same_color"", ""rot90""]","[""double_right"", ""pad_left"", ""pad_right"", ""rot90"", ""translate_up""]","[""double_right -> crop_contours"", ""pad_left -> extend_contours_same_color"", ""pad_right -> change_shape_color"", ""rot90 -> crop_bottom_side"", ""translate_up -> rot90""]","pair (f,g): fgx=f(g(x)); task-token order [g,f] means g -> f",573,5,5,image_block_04,42,"[71370, 78000]",256,256,0.01,2,"{""fixed_ranks"": [1, 2, 4, 8, 16, 32], ""variance_thresholds"": [0.9, 0.95]}",recorded_ood,0.1362409231119077,0.06297265886704113,test,0.13625985481658182,0.13866324858847515,0.13668434428835252,0.1698866557721869,1.0,0.11937513751255346,0.18289365270665792,0.13961427838362572,1.893170467412962e-05,0.0608615702211588,-0.0021110886458823343,0.16986994909677952,0.06369473764397396,128,128,255,512,True,0.04077371033031458,CHEATING; fit on first half of this split; score second half only,64,5,5,573,context_error,D_confidence,checkpoint_program_means,5,0.6160806990933554,0.26850252473243386,0.7,0.1881204043741873,ok,-0.6313961524823469,1.0,experiment_run,False,5,Cluster bootstrap by experiment; training-time checkpoints share a run. Few C1 models limit inference.,,,,,,,,,,,,,,
"[""/home/ubuntu/cogitao-research/checkpoints/cogitao_vit_cross_attention/cogitao_c1_experiment_1_vit6_function_mlp_cross_attention/run_000/last.ckpt"", ""/home/ubuntu/cogitao-research/checkpoints/cogitao_vit_cross_attention/cogitao_c1_experiment_2_vit6_function_mlp_cross_attention/run_000/last.ckpt"", ""/home/ubuntu/cogitao-research/checkpoints/cogitao_vit_cross_attention/cogitao_c1_experiment_3_vit6_function_mlp_cross_attention/run_000/last.ckpt"", ""/home/ubuntu/cogitao-research/checkpoints/cogitao_vit_cross_attention/cogitao_c1_experiment_4_vit6_function_mlp_cross_attention/run_000/last.ckpt"", ""/home/ubuntu/cogitao-research/checkpoints/cogitao_vit_cross_attention/cogitao_c1_experiment_5_vit6_function_mlp_cross_attention/run_000/last.ckpt""]","[""2bff05e8e2e5f390f6eb1f5cbf0ac8187832a8a365af10da7100cb8d732aa3f2"", ""35f91e02d5b826c89f6b24f52abf83581220b4b6676009c59b6715b0b2251589"", ""900674f94996e9b2f5190e7cd8bac4486d09332daaf131226f7f107123274de1"", ""9fc5e4f84cb131416f158af2b67349dc93c59e82f33086a7eeab2f7d6f335a7f"", ""c6578b6a655d823b9e27296aaf186e6b5b97bad640fb400cc5f2abaa6f308e6d""]","[""dfec9cbb2afe6616194c1fb41430c0c5d2bc4208""]","[1, 2, 3, 4, 5]",test_ood,"[""change_shape_color"", ""crop_bottom_side"", ""crop_contours"", ""extend_contours_same_color"", ""rot90""]","[""double_right"", ""pad_left"", ""pad_right"", ""rot90"", ""translate_up""]","[""double_right -> crop_contours"", ""pad_left -> extend_contours_same_color"", ""pad_right -> change_shape_color"", ""rot90 -> crop_bottom_side"", ""translate_up -> rot90""]","pair (f,g): fgx=f(g(x)); task-token order [g,f] means g -> f",573,5,5,image_block_04,42,"[71370, 78000]",256,256,0.01,2,"{""fixed_ranks"": [1, 2, 4, 8, 16, 32], ""variance_thresholds"": [0.9, 0.95]}",recorded_ood,0.1362409231119077,0.06297265886704113,test,0.13625985481658182,0.13866324858847515,0.13668434428835252,0.1698866557721869,1.0,0.11937513751255346,0.18289365270665792,0.13961427838362572,1.893170467412962e-05,0.0608615702211588,-0.0021110886458823343,0.16986994909677952,0.06369473764397396,128,128,255,512,True,0.04077371033031458,CHEATING; fit on first half of this split; score second half only,64,5,5,573,context_error,D_brier,checkpoint_program_means,5,0.3775836115345296,0.5309267646060506,0.09999999999999999,0.8728885715695384,ok,-1.0,1.0,experiment_run,False,5,Cluster bootstrap by experiment; training-time checkpoints share a run. Few C1 models limit inference.,,,,,,,,,,,,,,
"[""/home/ubuntu/cogitao-research/checkpoints/cogitao_vit_cross_attention/cogitao_c1_experiment_1_vit6_function_mlp_cross_attention/run_000/last.ckpt"", ""/home/ubuntu/cogitao-research/checkpoints/cogitao_vit_cross_attention/cogitao_c1_experiment_2_vit6_function_mlp_cross_attention/run_000/last.ckpt"", ""/home/ubuntu/cogitao-research/checkpoints/cogitao_vit_cross_attention/cogitao_c1_experiment_3_vit6_function_mlp_cross_attention/run_000/last.ckpt"", ""/home/ubuntu/cogitao-research/checkpoints/cogitao_vit_cross_attention/cogitao_c1_experiment_4_vit6_function_mlp_cross_attention/run_000/last.ckpt"", ""/home/ubuntu/cogitao-research/checkpoints/cogitao_vit_cross_attention/cogitao_c1_experiment_5_vit6_function_mlp_cross_attention/run_000/last.ckpt""]","[""2bff05e8e2e5f390f6eb1f5cbf0ac8187832a8a365af10da7100cb8d732aa3f2"", ""35f91e02d5b826c89f6b24f52abf83581220b4b6676009c59b6715b0b2251589"", ""900674f94996e9b2f5190e7cd8bac4486d09332daaf131226f7f107123274de1"", ""9fc5e4f84cb131416f158af2b67349dc93c59e82f33086a7eeab2f7d6f335a7f"", ""c6578b6a655d823b9e27296aaf186e6b5b97bad640fb400cc5f2abaa6f308e6d""]","[""dfec9cbb2afe6616194c1fb41430c0c5d2bc4208""]","[1, 2, 3, 4, 5]",test_ood,"[""change_shape_color"", ""crop_bottom_side"", ""crop_contours"", ""extend_contours_same_color"", ""rot90""]","[""double_right"", ""pad_left"", ""pad_right"", ""rot90"", ""translate_up""]","[""double_right -> crop_contours"", ""pad_left -> extend_contours_same_color"", ""pad_right -> change_shape_color"", ""rot90 -> crop_bottom_side"", ""translate_up -> rot90""]","pair (f,g): fgx=f(g(x)); task-token order [g,f] means g -> f",573,5,5,image_block_04,42,"[71370, 78000]",256,256,0.01,2,"{""fixed_ranks"": [1, 2, 4, 8, 16, 32], ""variance_thresholds"": [0.9, 0.95]}",recorded_ood,0.1362409231119077,0.06297265886704113,test,0.13625985481658182,0.13866324858847515,0.13668434428835252,0.1698866557721869,1.0,0.11937513751255346,0.18289365270665792,0.13961427838362572,1.893170467412962e-05,0.0608615702211588,-0.0021110886458823343,0.16986994909677952,0.06369473764397396,128,128,255,512,True,0.04077371033031458,CHEATING; fit on first half of this split; score second half only,64,5,5,573,composition_error,D_object_error,checkpoint_program_means,5,0.35069038087258764,0.5628161736941343,0.3,0.623837664781073,ok,-0.9999999999999999,1.0,experiment_run,False,5,Cluster bootstrap by experiment; training-time checkpoints share a run. Few C1 models limit inference.,,,,,,,,,,,,,,
"[""/home/ubuntu/cogitao-research/checkpoints/cogitao_vit_cross_attention/cogitao_c1_experiment_1_vit6_function_mlp_cross_attention/run_000/last.ckpt"", ""/home/ubuntu/cogitao-research/checkpoints/cogitao_vit_cross_attention/cogitao_c1_experiment_2_vit6_function_mlp_cross_attention/run_000/last.ckpt"", ""/home/ubuntu/cogitao-research/checkpoints/cogitao_vit_cross_attention/cogitao_c1_experiment_3_vit6_function_mlp_cross_attention/run_000/last.ckpt"", ""/home/ubuntu/cogitao-research/checkpoints/cogitao_vit_cross_attention/cogitao_c1_experiment_4_vit6_function_mlp_cross_attention/run_000/last.ckpt"", ""/home/ubuntu/cogitao-research/checkpoints/cogitao_vit_cross_attention/cogitao_c1_experiment_5_vit6_function_mlp_cross_attention/run_000/last.ckpt""]","[""2bff05e8e2e5f390f6eb1f5cbf0ac8187832a8a365af10da7100cb8d732aa3f2"", ""35f91e02d5b826c89f6b24f52abf83581220b4b6676009c59b6715b0b2251589"", ""900674f94996e9b2f5190e7cd8bac4486d09332daaf131226f7f107123274de1"", ""9fc5e4f84cb131416f158af2b67349dc93c59e82f33086a7eeab2f7d6f335a7f"", ""c6578b6a655d823b9e27296aaf186e6b5b97bad640fb400cc5f2abaa6f308e6d""]","[""dfec9cbb2afe6616194c1fb41430c0c5d2bc4208""]","[1, 2, 3, 4, 5]",test_ood,"[""change_shape_color"", ""crop_bottom_side"", ""crop_contours"", ""extend_contours_same_color"", ""rot90""]","[""double_right"", ""pad_left"", ""pad_right"", ""rot90"", ""translate_up""]","[""double_right -> crop_contours"", ""pad_left -> extend_contours_same_color"", ""pad_right -> change_shape_color"", ""rot90 -> crop_bottom_side"", ""translate_up -> rot90""]","pair (f,g): fgx=f(g(x)); task-token order [g,f] means g -> f",573,5,5,image_block_04,42,"[71370, 78000]",256,256,0.01,2,"{""fixed_ranks"": [1, 2, 4, 8, 16, 32], ""variance_thresholds"": [0.9, 0.95]}",recorded_ood,0.1362409231119077,0.06297265886704113,test,0.13625985481658182,0.13866324858847515,0.13668434428835252,0.1698866557721869,1.0,0.11937513751255346,0.18289365270665792,0.13961427838362572,1.893170467412962e-05,0.0608615702211588,-0.0021110886458823343,0.16986994909677952,0.06369473764397396,128,128,255,512,True,0.04077371033031458,CHEATING; fit on first half of this split; score second half only,64,5,5,573,composition_error,D_nll,checkpoint_program_means,5,0.20046707021729177,0.7464774294297257,0.39999999999999997,0.5046315754686912,ok,-0.9240080988340029,1.0,experiment_run,False,5,Cluster bootstrap by experiment; training-time checkpoints share a run. Few C1 models limit inference.,,,,,,,,,,,,,,
"[""/home/ubuntu/cogitao-research/checkpoints/cogitao_vit_cross_attention/cogitao_c1_experiment_1_vit6_function_mlp_cross_attention/run_000/last.ckpt"", ""/home/ubuntu/cogitao-research/checkpoints/cogitao_vit_cross_attention/cogitao_c1_experiment_2_vit6_function_mlp_cross_attention/run_000/last.ckpt"", ""/home/ubuntu/cogitao-research/checkpoints/cogitao_vit_cross_attention/cogitao_c1_experiment_3_vit6_function_mlp_cross_attention/run_000/last.ckpt"", ""/home/ubuntu/cogitao-research/checkpoints/cogitao_vit_cross_attention/cogitao_c1_experiment_4_vit6_function_mlp_cross_attention/run_000/last.ckpt"", ""/home/ubuntu/cogitao-research/checkpoints/cogitao_vit_cross_attention/cogitao_c1_experiment_5_vit6_function_mlp_cross_attention/run_000/last.ckpt""]","[""2bff05e8e2e5f390f6eb1f5cbf0ac8187832a8a365af10da7100cb8d732aa3f2"", ""35f91e02d5b826c89f6b24f52abf83581220b4b6676009c59b6715b0b2251589"", ""900674f94996e9b2f5190e7cd8bac4486d09332daaf131226f7f107123274de1"", ""9fc5e4f84cb131416f158af2b67349dc93c59e82f33086a7eeab2f7d6f335a7f"", ""c6578b6a655d823b9e27296aaf186e6b5b97bad640fb400cc5f2abaa6f308e6d""]","[""dfec9cbb2afe6616194c1fb41430c0c5d2bc4208""]","[1, 2, 3, 4, 5]",test_ood,"[""change_shape_color"", ""crop_bottom_side"", ""crop_contours"", ""extend_contours_same_color"", ""rot90""]","[""double_right"", ""pad_left"", ""pad_right"", ""rot90"", ""translate_up""]","[""double_right -> crop_contours"", ""pad_left -> extend_contours_same_color"", ""pad_right -> change_shape_color"", ""rot90 -> crop_bottom_side"", ""translate_up -> rot90""]","pair (f,g): fgx=f(g(x)); task-token order [g,f] means g -> f",573,5,5,image_block_04,42,"[71370, 78000]",256,256,0.01,2,"{""fixed_ranks"": [1, 2, 4, 8, 16, 32], ""variance_thresholds"": [0.9, 0.95]}",recorded_ood,0.1362409231119077,0.06297265886704113,test,0.13625985481658182,0.13866324858847515,0.13668434428835252,0.1698866557721869,1.0,0.11937513751255346,0.18289365270665792,0.13961427838362572,1.893170467412962e-05,0.0608615702211588,-0.0021110886458823343,0.16986994909677952,0.06369473764397396,128,128,255,512,True,0.04077371033031458,CHEATING; fit on first half of this split; score second half only,64,5,5,573,composition_error,D_confidence,checkpoint_program_means,5,0.46509808214605214,0.42992116584408835,0.39999999999999997,0.5046315754686912,ok,-0.7488613434511658,1.0,experiment_run,False,5,Cluster bootstrap by experiment; training-time checkpoints share a run. Few C1 models limit inference.,,,,,,,,,,,,,,
"[""/home/ubuntu/cogitao-research/checkpoints/cogitao_vit_cross_attention/cogitao_c1_experiment_1_vit6_function_mlp_cross_attention/run_000/last.ckpt"", ""/home/ubuntu/cogitao-research/checkpoints/cogitao_vit_cross_attention/cogitao_c1_experiment_2_vit6_function_mlp_cross_attention/run_000/last.ckpt"", ""/home/ubuntu/cogitao-research/checkpoints/cogitao_vit_cross_attention/cogitao_c1_experiment_3_vit6_function_mlp_cross_attention/run_000/last.ckpt"", ""/home/ubuntu/cogitao-research/checkpoints/cogitao_vit_cross_attention/cogitao_c1_experiment_4_vit6_function_mlp_cross_attention/run_000/last.ckpt"", ""/home/ubuntu/cogitao-research/checkpoints/cogitao_vit_cross_attention/cogitao_c1_experiment_5_vit6_function_mlp_cross_attention/run_000/last.ckpt""]","[""2bff05e8e2e5f390f6eb1f5cbf0ac8187832a8a365af10da7100cb8d732aa3f2"", ""35f91e02d5b826c89f6b24f52abf83581220b4b6676009c59b6715b0b2251589"", ""900674f94996e9b2f5190e7cd8bac4486d09332daaf131226f7f107123274de1"", ""9fc5e4f84cb131416f158af2b67349dc93c59e82f33086a7eeab2f7d6f335a7f"", ""c6578b6a655d823b9e27296aaf186e6b5b97bad640fb400cc5f2abaa6f308e6d""]","[""dfec9cbb2afe6616194c1fb41430c0c5d2bc4208""]","[1, 2, 3, 4, 5]",test_ood,"[""change_shape_color"", ""crop_bottom_side"", ""crop_contours"", ""extend_contours_same_color"", ""rot90""]","[""double_right"", ""pad_left"", ""pad_right"", ""rot90"", ""translate_up""]","[""double_right -> crop_contours"", ""pad_left -> extend_contours_same_color"", ""pad_right -> change_shape_color"", ""rot90 -> crop_bottom_side"", ""translate_up -> rot90""]","pair (f,g): fgx=f(g(x)); task-token order [g,f] means g -> f",573,5,5,image_block_04,42,"[71370, 78000]",256,256,0.01,2,"{""fixed_ranks"": [1, 2, 4, 8, 16, 32], ""variance_thresholds"": [0.9, 0.95]}",recorded_ood,0.1362409231119077,0.06297265886704113,test,0.13625985481658182,0.13866324858847515,0.13668434428835252,0.1698866557721869,1.0,0.11937513751255346,0.18289365270665792,0.13961427838362572,1.893170467412962e-05,0.0608615702211588,-0.0021110886458823343,0.16986994909677952,0.06369473764397396,128,128,255,512,True,0.04077371033031458,CHEATING; fit on first half of this split; score second half only,64,5,5,573,composition_error,D_brier,checkpoint_program_means,5,0.02009935519254978,0.974410429328811,0.3,0.623837664781073,ok,-0.9822021806846392,1.0,experiment_run,False,5,Cluster bootstrap by experiment; training-time checkpoints share a run. Few C1 models limit inference.,,,,,,,,,,,,,,
"[""/home/ubuntu/cogitao-research/checkpoints/cogitao_vit_cross_attention/cogitao_c1_experiment_1_vit6_function_mlp_cross_attention/run_000/last.ckpt"", ""/home/ubuntu/cogitao-research/checkpoints/cogitao_vit_cross_attention/cogitao_c1_experiment_2_vit6_function_mlp_cross_attention/run_000/last.ckpt"", ""/home/ubuntu/cogitao-research/checkpoints/cogitao_vit_cross_attention/cogitao_c1_experiment_3_vit6_function_mlp_cross_attention/run_000/last.ckpt"", ""/home/ubuntu/cogitao-research/checkpoints/cogitao_vit_cross_attention/cogitao_c1_experiment_4_vit6_function_mlp_cross_attention/run_000/last.ckpt"", ""/home/ubuntu/cogitao-research/checkpoints/cogitao_vit_cross_attention/cogitao_c1_experiment_5_vit6_function_mlp_cross_attention/run_000/last.ckpt""]","[""2bff05e8e2e5f390f6eb1f5cbf0ac8187832a8a365af10da7100cb8d732aa3f2"", ""35f91e02d5b826c89f6b24f52abf83581220b4b6676009c59b6715b0b2251589"", ""900674f94996e9b2f5190e7cd8bac4486d09332daaf131226f7f107123274de1"", ""9fc5e4f84cb131416f158af2b67349dc93c59e82f33086a7eeab2f7d6f335a7f"", ""c6578b6a655d823b9e27296aaf186e6b5b97bad640fb400cc5f2abaa6f308e6d""]","[""dfec9cbb2afe6616194c1fb41430c0c5d2bc4208""]","[1, 2, 3, 4, 5]",test_ood,"[""change_shape_color"", ""crop_bottom_side"", ""crop_contours"", ""extend_contours_same_color"", ""rot90""]","[""double_right"", ""pad_left"", ""pad_right"", ""rot90"", ""translate_up""]","[""double_right -> crop_contours"", ""pad_left -> extend_contours_same_color"", ""pad_right -> change_shape_color"", ""rot90 -> crop_bottom_side"", ""translate_up -> rot90""]","pair (f,g): fgx=f(g(x)); task-token order [g,f] means g -> f",573,5,5,image_block_04,42,"[71370, 78000]",256,256,0.01,2,"{""fixed_ranks"": [1, 2, 4, 8, 16, 32], ""variance_thresholds"": [0.9, 0.95]}",recorded_ood,0.1362409231119077,0.06297265886704113,test,0.13625985481658182,0.13866324858847515,0.13668434428835252,0.1698866557721869,1.0,0.11937513751255346,0.18289365270665792,0.13961427838362572,1.893170467412962e-05,0.0608615702211588,-0.0021110886458823343,0.16986994909677952,0.06369473764397396,128,128,255,512,True,0.04077371033031458,CHEATING; fit on first half of this split; score second half only,64,5,5,573,transfer_gap,D_object_error,checkpoint_program_means,5,0.3655822175705997,0.545113201418295,-0.09999999999999999,0.8728885715695384,ok,-1.0,1.0,experiment_run,False,5,Cluster bootstrap by experiment; training-time checkpoints share a run. Few C1 models limit inference.,,,,,,,,,,,,,,
"[""/home/ubuntu/cogitao-research/checkpoints/cogitao_vit_cross_attention/cogitao_c1_experiment_1_vit6_function_mlp_cross_attention/run_000/last.ckpt"", ""/home/ubuntu/cogitao-research/checkpoints/cogitao_vit_cross_attention/cogitao_c1_experiment_2_vit6_function_mlp_cross_attention/run_000/last.ckpt"", ""/home/ubuntu/cogitao-research/checkpoints/cogitao_vit_cross_attention/cogitao_c1_experiment_3_vit6_function_mlp_cross_attention/run_000/last.ckpt"", ""/home/ubuntu/cogitao-research/checkpoints/cogitao_vit_cross_attention/cogitao_c1_experiment_4_vit6_function_mlp_cross_attention/run_000/last.ckpt"", ""/home/ubuntu/cogitao-research/checkpoints/cogitao_vit_cross_attention/cogitao_c1_experiment_5_vit6_function_mlp_cross_attention/run_000/last.ckpt""]","[""2bff05e8e2e5f390f6eb1f5cbf0ac8187832a8a365af10da7100cb8d732aa3f2"", ""35f91e02d5b826c89f6b24f52abf83581220b4b6676009c59b6715b0b2251589"", ""900674f94996e9b2f5190e7cd8bac4486d09332daaf131226f7f107123274de1"", ""9fc5e4f84cb131416f158af2b67349dc93c59e82f33086a7eeab2f7d6f335a7f"", ""c6578b6a655d823b9e27296aaf186e6b5b97bad640fb400cc5f2abaa6f308e6d""]","[""dfec9cbb2afe6616194c1fb41430c0c5d2bc4208""]","[1, 2, 3, 4, 5]",test_ood,"[""change_shape_color"", ""crop_bottom_side"", ""crop_contours"", ""extend_contours_same_color"", ""rot90""]","[""double_right"", ""pad_left"", ""pad_right"", ""rot90"", ""translate_up""]","[""double_right -> crop_contours"", ""pad_left -> extend_contours_same_color"", ""pad_right -> change_shape_color"", ""rot90 -> crop_bottom_side"", ""translate_up -> rot90""]","pair (f,g): fgx=f(g(x)); task-token order [g,f] means g -> f",573,5,5,image_block_04,42,"[71370, 78000]",256,256,0.01,2,"{""fixed_ranks"": [1, 2, 4, 8, 16, 32], ""variance_thresholds"": [0.9, 0.95]}",recorded_ood,0.1362409231119077,0.06297265886704113,test,0.13625985481658182,0.13866324858847515,0.13668434428835252,0.1698866557721869,1.0,0.11937513751255346,0.18289365270665792,0.13961427838362572,1.893170467412962e-05,0.0608615702211588,-0.0021110886458823343,0.16986994909677952,0.06369473764397396,128,128,255,512,True,0.04077371033031458,CHEATING; fit on first half of this split; score second half only,64,5,5,573,transfer_gap,D_nll,checkpoint_program_means,5,0.6575184306495518,0.22783113128113625,0.3,0.623837664781073,ok,-0.9999999999999998,1.0,experiment_run,False,5,Cluster bootstrap by experiment; training-time checkpoints share a run. Few C1 models limit inference.,,,,,,,,,,,,,,
"[""/home/ubuntu/cogitao-research/checkpoints/cogitao_vit_cross_attention/cogitao_c1_experiment_1_vit6_function_mlp_cross_attention/run_000/last.ckpt"", ""/home/ubuntu/cogitao-research/checkpoints/cogitao_vit_cross_attention/cogitao_c1_experiment_2_vit6_function_mlp_cross_attention/run_000/last.ckpt"", ""/home/ubuntu/cogitao-research/checkpoints/cogitao_vit_cross_attention/cogitao_c1_experiment_3_vit6_function_mlp_cross_attention/run_000/last.ckpt"", ""/home/ubuntu/cogitao-research/checkpoints/cogitao_vit_cross_attention/cogitao_c1_experiment_4_vit6_function_mlp_cross_attention/run_000/last.ckpt"", ""/home/ubuntu/cogitao-research/checkpoints/cogitao_vit_cross_attention/cogitao_c1_experiment_5_vit6_function_mlp_cross_attention/run_000/last.ckpt""]","[""2bff05e8e2e5f390f6eb1f5cbf0ac8187832a8a365af10da7100cb8d732aa3f2"", ""35f91e02d5b826c89f6b24f52abf83581220b4b6676009c59b6715b0b2251589"", ""900674f94996e9b2f5190e7cd8bac4486d09332daaf131226f7f107123274de1"", ""9fc5e4f84cb131416f158af2b67349dc93c59e82f33086a7eeab2f7d6f335a7f"", ""c6578b6a655d823b9e27296aaf186e6b5b97bad640fb400cc5f2abaa6f308e6d""]","[""dfec9cbb2afe6616194c1fb41430c0c5d2bc4208""]","[1, 2, 3, 4, 5]",test_ood,"[""change_shape_color"", ""crop_bottom_side"", ""crop_contours"", ""extend_contours_same_color"", ""rot90""]","[""double_right"", ""pad_left"", ""pad_right"", ""rot90"", ""translate_up""]","[""double_right -> crop_contours"", ""pad_left -> extend_contours_same_color"", ""pad_right -> change_shape_color"", ""rot90 -> crop_bottom_side"", ""translate_up -> rot90""]","pair (f,g): fgx=f(g(x)); task-token order [g,f] means g -> f",573,5,5,image_block_04,42,"[71370, 78000]",256,256,0.01,2,"{""fixed_ranks"": [1, 2, 4, 8, 16, 32], ""variance_thresholds"": [0.9, 0.95]}",recorded_ood,0.1362409231119077,0.06297265886704113,test,0.13625985481658182,0.13866324858847515,0.13668434428835252,0.1698866557721869,1.0,0.11937513751255346,0.18289365270665792,0.13961427838362572,1.893170467412962e-05,0.0608615702211588,-0.0021110886458823343,0.16986994909677952,0.06369473764397396,128,128,255,512,True,0.04077371033031458,CHEATING; fit on first half of this split; score second half only,64,5,5,573,transfer_gap,D_confidence,checkpoint_program_means,5,0.7910216934746387,0.11101468287130593,0.7,0.1881204043741873,ok,-0.08960020982543702,1.0,experiment_run,False,5,Cluster bootstrap by experiment; training-time checkpoints share a run. Few C1 models limit inference.,,,,,,,,,,,,,,
"[""/home/ubuntu/cogitao-research/checkpoints/cogitao_vit_cross_attention/cogitao_c1_experiment_1_vit6_function_mlp_cross_attention/run_000/last.ckpt"", ""/home/ubuntu/cogitao-research/checkpoints/cogitao_vit_cross_attention/cogitao_c1_experiment_2_vit6_function_mlp_cross_attention/run_000/last.ckpt"", ""/home/ubuntu/cogitao-research/checkpoints/cogitao_vit_cross_attention/cogitao_c1_experiment_3_vit6_function_mlp_cross_attention/run_000/last.ckpt"", ""/home/ubuntu/cogitao-research/checkpoints/cogitao_vit_cross_attention/cogitao_c1_experiment_4_vit6_function_mlp_cross_attention/run_000/last.ckpt"", ""/home/ubuntu/cogitao-research/checkpoints/cogitao_vit_cross_attention/cogitao_c1_experiment_5_vit6_function_mlp_cross_attention/run_000/last.ckpt""]","[""2bff05e8e2e5f390f6eb1f5cbf0ac8187832a8a365af10da7100cb8d732aa3f2"", ""35f91e02d5b826c89f6b24f52abf83581220b4b6676009c59b6715b0b2251589"", ""900674f94996e9b2f5190e7cd8bac4486d09332daaf131226f7f107123274de1"", ""9fc5e4f84cb131416f158af2b67349dc93c59e82f33086a7eeab2f7d6f335a7f"", ""c6578b6a655d823b9e27296aaf186e6b5b97bad640fb400cc5f2abaa6f308e6d""]","[""dfec9cbb2afe6616194c1fb41430c0c5d2bc4208""]","[1, 2, 3, 4, 5]",test_ood,"[""change_shape_color"", ""crop_bottom_side"", ""crop_contours"", ""extend_contours_same_color"", ""rot90""]","[""double_right"", ""pad_left"", ""pad_right"", ""rot90"", ""translate_up""]","[""double_right -> crop_contours"", ""pad_left -> extend_contours_same_color"", ""pad_right -> change_shape_color"", ""rot90 -> crop_bottom_side"", ""translate_up -> rot90""]","pair (f,g): fgx=f(g(x)); task-token order [g,f] means g -> f",573,5,5,image_block_04,42,"[71370, 78000]",256,256,0.01,2,"{""fixed_ranks"": [1, 2, 4, 8, 16, 32], ""variance_thresholds"": [0.9, 0.95]}",recorded_ood,0.1362409231119077,0.06297265886704113,test,0.13625985481658182,0.13866324858847515,0.13668434428835252,0.1698866557721869,1.0,0.11937513751255346,0.18289365270665792,0.13961427838362572,1.893170467412962e-05,0.0608615702211588,-0.0021110886458823343,0.16986994909677952,0.06369473764397396,128,128,255,512,True,0.04077371033031458,CHEATING; fit on first half of this split; score second half only,64,5,5,573,transfer_gap,D_brier,checkpoint_program_means,5,0.6761026767204222,0.21019823962455753,0.09999999999999999,0.8728885715695384,ok,-1.0,1.0,experiment_run,False,5,Cluster bootstrap by experiment; training-time checkpoints share a run. Few C1 models limit inference.,,,,,,,,,,,,,,
"[""/home/ubuntu/cogitao-research/checkpoints/cogitao_vit_cross_attention/cogitao_c1_experiment_1_vit6_function_mlp_cross_attention/run_000/last.ckpt"", ""/home/ubuntu/cogitao-research/checkpoints/cogitao_vit_cross_attention/cogitao_c1_experiment_2_vit6_function_mlp_cross_attention/run_000/last.ckpt"", ""/home/ubuntu/cogitao-research/checkpoints/cogitao_vit_cross_attention/cogitao_c1_experiment_3_vit6_function_mlp_cross_attention/run_000/last.ckpt"", ""/home/ubuntu/cogitao-research/checkpoints/cogitao_vit_cross_attention/cogitao_c1_experiment_4_vit6_function_mlp_cross_attention/run_000/last.ckpt"", ""/home/ubuntu/cogitao-research/checkpoints/cogitao_vit_cross_attention/cogitao_c1_experiment_5_vit6_function_mlp_cross_attention/run_000/last.ckpt""]","[""2bff05e8e2e5f390f6eb1f5cbf0ac8187832a8a365af10da7100cb8d732aa3f2"", ""35f91e02d5b826c89f6b24f52abf83581220b4b6676009c59b6715b0b2251589"", ""900674f94996e9b2f5190e7cd8bac4486d09332daaf131226f7f107123274de1"", ""9fc5e4f84cb131416f158af2b67349dc93c59e82f33086a7eeab2f7d6f335a7f"", ""c6578b6a655d823b9e27296aaf186e6b5b97bad640fb400cc5f2abaa6f308e6d""]","[""dfec9cbb2afe6616194c1fb41430c0c5d2bc4208""]","[1, 2, 3, 4, 5]",test_ood,"[""change_shape_color"", ""crop_bottom_side"", ""crop_contours"", ""extend_contours_same_color"", ""rot90""]","[""double_right"", ""pad_left"", ""pad_right"", ""rot90"", ""translate_up""]","[""double_right -> crop_contours"", ""pad_left -> extend_contours_same_color"", ""pad_right -> change_shape_color"", ""rot90 -> crop_bottom_side"", ""translate_up -> rot90""]","pair (f,g): fgx=f(g(x)); task-token order [g,f] means g -> f",573,5,5,image_block_05,42,"[71370, 78000]",256,256,0.01,2,"{""fixed_ranks"": [1, 2, 4, 8, 16, 32], ""variance_thresholds"": [0.9, 0.95]}",recorded_ood,0.2189567997848945,0.10237108920102714,test,0.22674240147922495,0.23016907152297295,0.22361103957956457,0.29145901907406324,1.0,0.26436592759743605,0.26109540329893943,0.2298659217112387,0.00778560169433047,0.1031287505359751,0.0007576613349479682,0.27338410394157164,0.12541994008511642,128,128,255,512,True,0.054718368094727333,CHEATING; fit on first half of this split; score second half only,64,5,5,573,context_error,D_object_error,checkpoint_program_means,5,0.41414524835108113,0.48818124974806093,0.0,1.0,ok,-1.0,1.0,experiment_run,False,5,Cluster bootstrap by experiment; training-time checkpoints share a run. Few C1 models limit inference.,,,,,,,,,,,,,,
"[""/home/ubuntu/cogitao-research/checkpoints/cogitao_vit_cross_attention/cogitao_c1_experiment_1_vit6_function_mlp_cross_attention/run_000/last.ckpt"", ""/home/ubuntu/cogitao-research/checkpoints/cogitao_vit_cross_attention/cogitao_c1_experiment_2_vit6_function_mlp_cross_attention/run_000/last.ckpt"", ""/home/ubuntu/cogitao-research/checkpoints/cogitao_vit_cross_attention/cogitao_c1_experiment_3_vit6_function_mlp_cross_attention/run_000/last.ckpt"", ""/home/ubuntu/cogitao-research/checkpoints/cogitao_vit_cross_attention/cogitao_c1_experiment_4_vit6_function_mlp_cross_attention/run_000/last.ckpt"", ""/home/ubuntu/cogitao-research/checkpoints/cogitao_vit_cross_attention/cogitao_c1_experiment_5_vit6_function_mlp_cross_attention/run_000/last.ckpt""]","[""2bff05e8e2e5f390f6eb1f5cbf0ac8187832a8a365af10da7100cb8d732aa3f2"", ""35f91e02d5b826c89f6b24f52abf83581220b4b6676009c59b6715b0b2251589"", ""900674f94996e9b2f5190e7cd8bac4486d09332daaf131226f7f107123274de1"", ""9fc5e4f84cb131416f158af2b67349dc93c59e82f33086a7eeab2f7d6f335a7f"", ""c6578b6a655d823b9e27296aaf186e6b5b97bad640fb400cc5f2abaa6f308e6d""]","[""dfec9cbb2afe6616194c1fb41430c0c5d2bc4208""]","[1, 2, 3, 4, 5]",test_ood,"[""change_shape_color"", ""crop_bottom_side"", ""crop_contours"", ""extend_contours_same_color"", ""rot90""]","[""double_right"", ""pad_left"", ""pad_right"", ""rot90"", ""translate_up""]","[""double_right -> crop_contours"", ""pad_left -> extend_contours_same_color"", ""pad_right -> change_shape_color"", ""rot90 -> crop_bottom_side"", ""translate_up -> rot90""]","pair (f,g): fgx=f(g(x)); task-token order [g,f] means g -> f",573,5,5,image_block_05,42,"[71370, 78000]",256,256,0.01,2,"{""fixed_ranks"": [1, 2, 4, 8, 16, 32], ""variance_thresholds"": [0.9, 0.95]}",recorded_ood,0.2189567997848945,0.10237108920102714,test,0.22674240147922495,0.23016907152297295,0.22361103957956457,0.29145901907406324,1.0,0.26436592759743605,0.26109540329893943,0.2298659217112387,0.00778560169433047,0.1031287505359751,0.0007576613349479682,0.27338410394157164,0.12541994008511642,128,128,255,512,True,0.054718368094727333,CHEATING; fit on first half of this split; score second half only,64,5,5,573,context_error,D_nll,checkpoint_program_means,5,0.6898120606976881,0.1974482009737574,0.6,0.28475697986529386,ok,-0.9999999999999998,1.0,experiment_run,False,5,Cluster bootstrap by experiment; training-time checkpoints share a run. Few C1 models limit inference.,,,,,,,,,,,,,,
"[""/home/ubuntu/cogitao-research/checkpoints/cogitao_vit_cross_attention/cogitao_c1_experiment_1_vit6_function_mlp_cross_attention/run_000/last.ckpt"", ""/home/ubuntu/cogitao-research/checkpoints/cogitao_vit_cross_attention/cogitao_c1_experiment_2_vit6_function_mlp_cross_attention/run_000/last.ckpt"", ""/home/ubuntu/cogitao-research/checkpoints/cogitao_vit_cross_attention/cogitao_c1_experiment_3_vit6_function_mlp_cross_attention/run_000/last.ckpt"", ""/home/ubuntu/cogitao-research/checkpoints/cogitao_vit_cross_attention/cogitao_c1_experiment_4_vit6_function_mlp_cross_attention/run_000/last.ckpt"", ""/home/ubuntu/cogitao-research/checkpoints/cogitao_vit_cross_attention/cogitao_c1_experiment_5_vit6_function_mlp_cross_attention/run_000/last.ckpt""]","[""2bff05e8e2e5f390f6eb1f5cbf0ac8187832a8a365af10da7100cb8d732aa3f2"", ""35f91e02d5b826c89f6b24f52abf83581220b4b6676009c59b6715b0b2251589"", ""900674f94996e9b2f5190e7cd8bac4486d09332daaf131226f7f107123274de1"", ""9fc5e4f84cb131416f158af2b67349dc93c59e82f33086a7eeab2f7d6f335a7f"", ""c6578b6a655d823b9e27296aaf186e6b5b97bad640fb400cc5f2abaa6f308e6d""]","[""dfec9cbb2afe6616194c1fb41430c0c5d2bc4208""]","[1, 2, 3, 4, 5]",test_ood,"[""change_shape_color"", ""crop_bottom_side"", ""crop_contours"", ""extend_contours_same_color"", ""rot90""]","[""double_right"", ""pad_left"", ""pad_right"", ""rot90"", ""translate_up""]","[""double_right -> crop_contours"", ""pad_left -> extend_contours_same_color"", ""pad_right -> change_shape_color"", ""rot90 -> crop_bottom_side"", ""translate_up -> rot90""]","pair (f,g): fgx=f(g(x)); task-token order [g,f] means g -> f",573,5,5,image_block_05,42,"[71370, 78000]",256,256,0.01,2,"{""fixed_ranks"": [1, 2, 4, 8, 16, 32], ""variance_thresholds"": [0.9, 0.95]}",recorded_ood,0.2189567997848945,0.10237108920102714,test,0.22674240147922495,0.23016907152297295,0.22361103957956457,0.29145901907406324,1.0,0.26436592759743605,0.26109540329893943,0.2298659217112387,0.00778560169433047,0.1031287505359751,0.0007576613349479682,0.27338410394157164,0.12541994008511642,128,128,255,512,True,0.054718368094727333,CHEATING; fit on first half of this split; score second half only,64,5,5,573,context_error,D_confidence,checkpoint_program_means,5,0.456626781921161,0.4394933833134869,0.6,0.28475697986529386,ok,-0.9998880368659601,1.0,experiment_run,False,5,Cluster bootstrap by experiment; training-time checkpoints share a run. Few C1 models limit inference.,,,,,,,,,,,,,,
"[""/home/ubuntu/cogitao-research/checkpoints/cogitao_vit_cross_attention/cogitao_c1_experiment_1_vit6_function_mlp_cross_attention/run_000/last.ckpt"", ""/home/ubuntu/cogitao-research/checkpoints/cogitao_vit_cross_attention/cogitao_c1_experiment_2_vit6_function_mlp_cross_attention/run_000/last.ckpt"", ""/home/ubuntu/cogitao-research/checkpoints/cogitao_vit_cross_attention/cogitao_c1_experiment_3_vit6_function_mlp_cross_attention/run_000/last.ckpt"", ""/home/ubuntu/cogitao-research/checkpoints/cogitao_vit_cross_attention/cogitao_c1_experiment_4_vit6_function_mlp_cross_attention/run_000/last.ckpt"", ""/home/ubuntu/cogitao-research/checkpoints/cogitao_vit_cross_attention/cogitao_c1_experiment_5_vit6_function_mlp_cross_attention/run_000/last.ckpt""]","[""2bff05e8e2e5f390f6eb1f5cbf0ac8187832a8a365af10da7100cb8d732aa3f2"", ""35f91e02d5b826c89f6b24f52abf83581220b4b6676009c59b6715b0b2251589"", ""900674f94996e9b2f5190e7cd8bac4486d09332daaf131226f7f107123274de1"", ""9fc5e4f84cb131416f158af2b67349dc93c59e82f33086a7eeab2f7d6f335a7f"", ""c6578b6a655d823b9e27296aaf186e6b5b97bad640fb400cc5f2abaa6f308e6d""]","[""dfec9cbb2afe6616194c1fb41430c0c5d2bc4208""]","[1, 2, 3, 4, 5]",test_ood,"[""change_shape_color"", ""crop_bottom_side"", ""crop_contours"", ""extend_contours_same_color"", ""rot90""]","[""double_right"", ""pad_left"", ""pad_right"", ""rot90"", ""translate_up""]","[""double_right -> crop_contours"", ""pad_left -> extend_contours_same_color"", ""pad_right -> change_shape_color"", ""rot90 -> crop_bottom_side"", ""translate_up -> rot90""]","pair (f,g): fgx=f(g(x)); task-token order [g,f] means g -> f",573,5,5,image_block_05,42,"[71370, 78000]",256,256,0.01,2,"{""fixed_ranks"": [1, 2, 4, 8, 16, 32], ""variance_thresholds"": [0.9, 0.95]}",recorded_ood,0.2189567997848945,0.10237108920102714,test,0.22674240147922495,0.23016907152297295,0.22361103957956457,0.29145901907406324,1.0,0.26436592759743605,0.26109540329893943,0.2298659217112387,0.00778560169433047,0.1031287505359751,0.0007576613349479682,0.27338410394157164,0.12541994008511642,128,128,255,512,True,0.054718368094727333,CHEATING; fit on first half of this split; score second half only,64,5,5,573,context_error,D_brier,checkpoint_program_means,5,0.3446737379921515,0.5699988598511608,0.3,0.623837664781073,ok,-0.9999999999999999,1.0,experiment_run,False,5,Cluster bootstrap by experiment; training-time checkpoints share a run. Few C1 models limit inference.,,,,,,,,,,,,,,
"[""/home/ubuntu/cogitao-research/checkpoints/cogitao_vit_cross_attention/cogitao_c1_experiment_1_vit6_function_mlp_cross_attention/run_000/last.ckpt"", ""/home/ubuntu/cogitao-research/checkpoints/cogitao_vit_cross_attention/cogitao_c1_experiment_2_vit6_function_mlp_cross_attention/run_000/last.ckpt"", ""/home/ubuntu/cogitao-research/checkpoints/cogitao_vit_cross_attention/cogitao_c1_experiment_3_vit6_function_mlp_cross_attention/run_000/last.ckpt"", ""/home/ubuntu/cogitao-research/checkpoints/cogitao_vit_cross_attention/cogitao_c1_experiment_4_vit6_function_mlp_cross_attention/run_000/last.ckpt"", ""/home/ubuntu/cogitao-research/checkpoints/cogitao_vit_cross_attention/cogitao_c1_experiment_5_vit6_function_mlp_cross_attention/run_000/last.ckpt""]","[""2bff05e8e2e5f390f6eb1f5cbf0ac8187832a8a365af10da7100cb8d732aa3f2"", ""35f91e02d5b826c89f6b24f52abf83581220b4b6676009c59b6715b0b2251589"", ""900674f94996e9b2f5190e7cd8bac4486d09332daaf131226f7f107123274de1"", ""9fc5e4f84cb131416f158af2b67349dc93c59e82f33086a7eeab2f7d6f335a7f"", ""c6578b6a655d823b9e27296aaf186e6b5b97bad640fb400cc5f2abaa6f308e6d""]","[""dfec9cbb2afe6616194c1fb41430c0c5d2bc4208""]","[1, 2, 3, 4, 5]",test_ood,"[""change_shape_color"", ""crop_bottom_side"", ""crop_contours"", ""extend_contours_same_color"", ""rot90""]","[""double_right"", ""pad_left"", ""pad_right"", ""rot90"", ""translate_up""]","[""double_right -> crop_contours"", ""pad_left -> extend_contours_same_color"", ""pad_right -> change_shape_color"", ""rot90 -> crop_bottom_side"", ""translate_up -> rot90""]","pair (f,g): fgx=f(g(x)); task-token order [g,f] means g -> f",573,5,5,image_block_05,42,"[71370, 78000]",256,256,0.01,2,"{""fixed_ranks"": [1, 2, 4, 8, 16, 32], ""variance_thresholds"": [0.9, 0.95]}",recorded_ood,0.2189567997848945,0.10237108920102714,test,0.22674240147922495,0.23016907152297295,0.22361103957956457,0.29145901907406324,1.0,0.26436592759743605,0.26109540329893943,0.2298659217112387,0.00778560169433047,0.1031287505359751,0.0007576613349479682,0.27338410394157164,0.12541994008511642,128,128,255,512,True,0.054718368094727333,CHEATING; fit on first half of this split; score second half only,64,5,5,573,composition_error,D_object_error,checkpoint_program_means,5,0.3526355512428253,0.5604976993342982,-0.09999999999999999,0.8728885715695384,ok,-1.0,1.0,experiment_run,False,5,Cluster bootstrap by experiment; training-time checkpoints share a run. Few C1 models limit inference.,,,,,,,,,,,,,,
"[""/home/ubuntu/cogitao-research/checkpoints/cogitao_vit_cross_attention/cogitao_c1_experiment_1_vit6_function_mlp_cross_attention/run_000/last.ckpt"", ""/home/ubuntu/cogitao-research/checkpoints/cogitao_vit_cross_attention/cogitao_c1_experiment_2_vit6_function_mlp_cross_attention/run_000/last.ckpt"", ""/home/ubuntu/cogitao-research/checkpoints/cogitao_vit_cross_attention/cogitao_c1_experiment_3_vit6_function_mlp_cross_attention/run_000/last.ckpt"", ""/home/ubuntu/cogitao-research/checkpoints/cogitao_vit_cross_attention/cogitao_c1_experiment_4_vit6_function_mlp_cross_attention/run_000/last.ckpt"", ""/home/ubuntu/cogitao-research/checkpoints/cogitao_vit_cross_attention/cogitao_c1_experiment_5_vit6_function_mlp_cross_attention/run_000/last.ckpt""]","[""2bff05e8e2e5f390f6eb1f5cbf0ac8187832a8a365af10da7100cb8d732aa3f2"", ""35f91e02d5b826c89f6b24f52abf83581220b4b6676009c59b6715b0b2251589"", ""900674f94996e9b2f5190e7cd8bac4486d09332daaf131226f7f107123274de1"", ""9fc5e4f84cb131416f158af2b67349dc93c59e82f33086a7eeab2f7d6f335a7f"", ""c6578b6a655d823b9e27296aaf186e6b5b97bad640fb400cc5f2abaa6f308e6d""]","[""dfec9cbb2afe6616194c1fb41430c0c5d2bc4208""]","[1, 2, 3, 4, 5]",test_ood,"[""change_shape_color"", ""crop_bottom_side"", ""crop_contours"", ""extend_contours_same_color"", ""rot90""]","[""double_right"", ""pad_left"", ""pad_right"", ""rot90"", ""translate_up""]","[""double_right -> crop_contours"", ""pad_left -> extend_contours_same_color"", ""pad_right -> change_shape_color"", ""rot90 -> crop_bottom_side"", ""translate_up -> rot90""]","pair (f,g): fgx=f(g(x)); task-token order [g,f] means g -> f",573,5,5,image_block_05,42,"[71370, 78000]",256,256,0.01,2,"{""fixed_ranks"": [1, 2, 4, 8, 16, 32], ""variance_thresholds"": [0.9, 0.95]}",recorded_ood,0.2189567997848945,0.10237108920102714,test,0.22674240147922495,0.23016907152297295,0.22361103957956457,0.29145901907406324,1.0,0.26436592759743605,0.26109540329893943,0.2298659217112387,0.00778560169433047,0.1031287505359751,0.0007576613349479682,0.27338410394157164,0.12541994008511642,128,128,255,512,True,0.054718368094727333,CHEATING; fit on first half of this split; score second half only,64,5,5,573,composition_error,D_nll,checkpoint_program_means,5,0.3478220112507918,0.5662383097436682,0.3,0.623837664781073,ok,-1.0,1.0,experiment_run,False,5,Cluster bootstrap by experiment; training-time checkpoints share a run. Few C1 models limit inference.,,,,,,,,,,,,,,
"[""/home/ubuntu/cogitao-research/checkpoints/cogitao_vit_cross_attention/cogitao_c1_experiment_1_vit6_function_mlp_cross_attention/run_000/last.ckpt"", ""/home/ubuntu/cogitao-research/checkpoints/cogitao_vit_cross_attention/cogitao_c1_experiment_2_vit6_function_mlp_cross_attention/run_000/last.ckpt"", ""/home/ubuntu/cogitao-research/checkpoints/cogitao_vit_cross_attention/cogitao_c1_experiment_3_vit6_function_mlp_cross_attention/run_000/last.ckpt"", ""/home/ubuntu/cogitao-research/checkpoints/cogitao_vit_cross_attention/cogitao_c1_experiment_4_vit6_function_mlp_cross_attention/run_000/last.ckpt"", ""/home/ubuntu/cogitao-research/checkpoints/cogitao_vit_cross_attention/cogitao_c1_experiment_5_vit6_function_mlp_cross_attention/run_000/last.ckpt""]","[""2bff05e8e2e5f390f6eb1f5cbf0ac8187832a8a365af10da7100cb8d732aa3f2"", ""35f91e02d5b826c89f6b24f52abf83581220b4b6676009c59b6715b0b2251589"", ""900674f94996e9b2f5190e7cd8bac4486d09332daaf131226f7f107123274de1"", ""9fc5e4f84cb131416f158af2b67349dc93c59e82f33086a7eeab2f7d6f335a7f"", ""c6578b6a655d823b9e27296aaf186e6b5b97bad640fb400cc5f2abaa6f308e6d""]","[""dfec9cbb2afe6616194c1fb41430c0c5d2bc4208""]","[1, 2, 3, 4, 5]",test_ood,"[""change_shape_color"", ""crop_bottom_side"", ""crop_contours"", ""extend_contours_same_color"", ""rot90""]","[""double_right"", ""pad_left"", ""pad_right"", ""rot90"", ""translate_up""]","[""double_right -> crop_contours"", ""pad_left -> extend_contours_same_color"", ""pad_right -> change_shape_color"", ""rot90 -> crop_bottom_side"", ""translate_up -> rot90""]","pair (f,g): fgx=f(g(x)); task-token order [g,f] means g -> f",573,5,5,image_block_05,42,"[71370, 78000]",256,256,0.01,2,"{""fixed_ranks"": [1, 2, 4, 8, 16, 32], ""variance_thresholds"": [0.9, 0.95]}",recorded_ood,0.2189567997848945,0.10237108920102714,test,0.22674240147922495,0.23016907152297295,0.22361103957956457,0.29145901907406324,1.0,0.26436592759743605,0.26109540329893943,0.2298659217112387,0.00778560169433047,0.1031287505359751,0.0007576613349479682,0.27338410394157164,0.12541994008511642,128,128,255,512,True,0.054718368094727333,CHEATING; fit on first half of this split; score second half only,64,5,5,573,composition_error,D_confidence,checkpoint_program_means,5,0.35367426742592156,0.5592603825818436,0.7,0.1881204043741873,ok,-0.7308634730501135,1.0,experiment_run,False,5,Cluster bootstrap by experiment; training-time checkpoints share a run. Few C1 models limit inference.,,,,,,,,,,,,,,
"[""/home/ubuntu/cogitao-research/checkpoints/cogitao_vit_cross_attention/cogitao_c1_experiment_1_vit6_function_mlp_cross_attention/run_000/last.ckpt"", ""/home/ubuntu/cogitao-research/checkpoints/cogitao_vit_cross_attention/cogitao_c1_experiment_2_vit6_function_mlp_cross_attention/run_000/last.ckpt"", ""/home/ubuntu/cogitao-research/checkpoints/cogitao_vit_cross_attention/cogitao_c1_experiment_3_vit6_function_mlp_cross_attention/run_000/last.ckpt"", ""/home/ubuntu/cogitao-research/checkpoints/cogitao_vit_cross_attention/cogitao_c1_experiment_4_vit6_function_mlp_cross_attention/run_000/last.ckpt"", ""/home/ubuntu/cogitao-research/checkpoints/cogitao_vit_cross_attention/cogitao_c1_experiment_5_vit6_function_mlp_cross_attention/run_000/last.ckpt""]","[""2bff05e8e2e5f390f6eb1f5cbf0ac8187832a8a365af10da7100cb8d732aa3f2"", ""35f91e02d5b826c89f6b24f52abf83581220b4b6676009c59b6715b0b2251589"", ""900674f94996e9b2f5190e7cd8bac4486d09332daaf131226f7f107123274de1"", ""9fc5e4f84cb131416f158af2b67349dc93c59e82f33086a7eeab2f7d6f335a7f"", ""c6578b6a655d823b9e27296aaf186e6b5b97bad640fb400cc5f2abaa6f308e6d""]","[""dfec9cbb2afe6616194c1fb41430c0c5d2bc4208""]","[1, 2, 3, 4, 5]",test_ood,"[""change_shape_color"", ""crop_bottom_side"", ""crop_contours"", ""extend_contours_same_color"", ""rot90""]","[""double_right"", ""pad_left"", ""pad_right"", ""rot90"", ""translate_up""]","[""double_right -> crop_contours"", ""pad_left -> extend_contours_same_color"", ""pad_right -> change_shape_color"", ""rot90 -> crop_bottom_side"", ""translate_up -> rot90""]","pair (f,g): fgx=f(g(x)); task-token order [g,f] means g -> f",573,5,5,image_block_05,42,"[71370, 78000]",256,256,0.01,2,"{""fixed_ranks"": [1, 2, 4, 8, 16, 32], ""variance_thresholds"": [0.9, 0.95]}",recorded_ood,0.2189567997848945,0.10237108920102714,test,0.22674240147922495,0.23016907152297295,0.22361103957956457,0.29145901907406324,1.0,0.26436592759743605,0.26109540329893943,0.2298659217112387,0.00778560169433047,0.1031287505359751,0.0007576613349479682,0.27338410394157164,0.12541994008511642,128,128,255,512,True,0.054718368094727333,CHEATING; fit on first half of this split; score second half only,64,5,5,573,composition_error,D_brier,checkpoint_program_means,5,-0.024287585912995943,0.9690791257068356,0.09999999999999999,0.8728885715695384,ok,-1.0,1.0,experiment_run,False,5,Cluster bootstrap by experiment; training-time checkpoints share a run. Few C1 models limit inference.,,,,,,,,,,,,,,
"[""/home/ubuntu/cogitao-research/checkpoints/cogitao_vit_cross_attention/cogitao_c1_experiment_1_vit6_function_mlp_cross_attention/run_000/last.ckpt"", ""/home/ubuntu/cogitao-research/checkpoints/cogitao_vit_cross_attention/cogitao_c1_experiment_2_vit6_function_mlp_cross_attention/run_000/last.ckpt"", ""/home/ubuntu/cogitao-research/checkpoints/cogitao_vit_cross_attention/cogitao_c1_experiment_3_vit6_function_mlp_cross_attention/run_000/last.ckpt"", ""/home/ubuntu/cogitao-research/checkpoints/cogitao_vit_cross_attention/cogitao_c1_experiment_4_vit6_function_mlp_cross_attention/run_000/last.ckpt"", ""/home/ubuntu/cogitao-research/checkpoints/cogitao_vit_cross_attention/cogitao_c1_experiment_5_vit6_function_mlp_cross_attention/run_000/last.ckpt""]","[""2bff05e8e2e5f390f6eb1f5cbf0ac8187832a8a365af10da7100cb8d732aa3f2"", ""35f91e02d5b826c89f6b24f52abf83581220b4b6676009c59b6715b0b2251589"", ""900674f94996e9b2f5190e7cd8bac4486d09332daaf131226f7f107123274de1"", ""9fc5e4f84cb131416f158af2b67349dc93c59e82f33086a7eeab2f7d6f335a7f"", ""c6578b6a655d823b9e27296aaf186e6b5b97bad640fb400cc5f2abaa6f308e6d""]","[""dfec9cbb2afe6616194c1fb41430c0c5d2bc4208""]","[1, 2, 3, 4, 5]",test_ood,"[""change_shape_color"", ""crop_bottom_side"", ""crop_contours"", ""extend_contours_same_color"", ""rot90""]","[""double_right"", ""pad_left"", ""pad_right"", ""rot90"", ""translate_up""]","[""double_right -> crop_contours"", ""pad_left -> extend_contours_same_color"", ""pad_right -> change_shape_color"", ""rot90 -> crop_bottom_side"", ""translate_up -> rot90""]","pair (f,g): fgx=f(g(x)); task-token order [g,f] means g -> f",573,5,5,image_block_05,42,"[71370, 78000]",256,256,0.01,2,"{""fixed_ranks"": [1, 2, 4, 8, 16, 32], ""variance_thresholds"": [0.9, 0.95]}",recorded_ood,0.2189567997848945,0.10237108920102714,test,0.22674240147922495,0.23016907152297295,0.22361103957956457,0.29145901907406324,1.0,0.26436592759743605,0.26109540329893943,0.2298659217112387,0.00778560169433047,0.1031287505359751,0.0007576613349479682,0.27338410394157164,0.12541994008511642,128,128,255,512,True,0.054718368094727333,CHEATING; fit on first half of this split; score second half only,64,5,5,573,transfer_gap,D_object_error,checkpoint_program_means,5,0.33928232299947464,0.5764495340240686,-0.3,0.623837664781073,ok,-1.0,1.0,experiment_run,False,5,Cluster bootstrap by experiment; training-time checkpoints share a run. Few C1 models limit inference.,,,,,,,,,,,,,,
"[""/home/ubuntu/cogitao-research/checkpoints/cogitao_vit_cross_attention/cogitao_c1_experiment_1_vit6_function_mlp_cross_attention/run_000/last.ckpt"", ""/home/ubuntu/cogitao-research/checkpoints/cogitao_vit_cross_attention/cogitao_c1_experiment_2_vit6_function_mlp_cross_attention/run_000/last.ckpt"", ""/home/ubuntu/cogitao-research/checkpoints/cogitao_vit_cross_attention/cogitao_c1_experiment_3_vit6_function_mlp_cross_attention/run_000/last.ckpt"", ""/home/ubuntu/cogitao-research/checkpoints/cogitao_vit_cross_attention/cogitao_c1_experiment_4_vit6_function_mlp_cross_attention/run_000/last.ckpt"", ""/home/ubuntu/cogitao-research/checkpoints/cogitao_vit_cross_attention/cogitao_c1_experiment_5_vit6_function_mlp_cross_attention/run_000/last.ckpt""]","[""2bff05e8e2e5f390f6eb1f5cbf0ac8187832a8a365af10da7100cb8d732aa3f2"", ""35f91e02d5b826c89f6b24f52abf83581220b4b6676009c59b6715b0b2251589"", ""900674f94996e9b2f5190e7cd8bac4486d09332daaf131226f7f107123274de1"", ""9fc5e4f84cb131416f158af2b67349dc93c59e82f33086a7eeab2f7d6f335a7f"", ""c6578b6a655d823b9e27296aaf186e6b5b97bad640fb400cc5f2abaa6f308e6d""]","[""dfec9cbb2afe6616194c1fb41430c0c5d2bc4208""]","[1, 2, 3, 4, 5]",test_ood,"[""change_shape_color"", ""crop_bottom_side"", ""crop_contours"", ""extend_contours_same_color"", ""rot90""]","[""double_right"", ""pad_left"", ""pad_right"", ""rot90"", ""translate_up""]","[""double_right -> crop_contours"", ""pad_left -> extend_contours_same_color"", ""pad_right -> change_shape_color"", ""rot90 -> crop_bottom_side"", ""translate_up -> rot90""]","pair (f,g): fgx=f(g(x)); task-token order [g,f] means g -> f",573,5,5,image_block_05,42,"[71370, 78000]",256,256,0.01,2,"{""fixed_ranks"": [1, 2, 4, 8, 16, 32], ""variance_thresholds"": [0.9, 0.95]}",recorded_ood,0.2189567997848945,0.10237108920102714,test,0.22674240147922495,0.23016907152297295,0.22361103957956457,0.29145901907406324,1.0,0.26436592759743605,0.26109540329893943,0.2298659217112387,0.00778560169433047,0.1031287505359751,0.0007576613349479682,0.27338410394157164,0.12541994008511642,128,128,255,512,True,0.054718368094727333,CHEATING; fit on first half of this split; score second half only,64,5,5,573,transfer_gap,D_nll,checkpoint_program_means,5,0.6868833213903662,0.20015313322801023,0.09999999999999999,0.8728885715695384,ok,-1.0,1.0,experiment_run,False,5,Cluster bootstrap by experiment; training-time checkpoints share a run. Few C1 models limit inference.,,,,,,,,,,,,,,
"[""/home/ubuntu/cogitao-research/checkpoints/cogitao_vit_cross_attention/cogitao_c1_experiment_1_vit6_function_mlp_cross_attention/run_000/last.ckpt"", ""/home/ubuntu/cogitao-research/checkpoints/cogitao_vit_cross_attention/cogitao_c1_experiment_2_vit6_function_mlp_cross_attention/run_000/last.ckpt"", ""/home/ubuntu/cogitao-research/checkpoints/cogitao_vit_cross_attention/cogitao_c1_experiment_3_vit6_function_mlp_cross_attention/run_000/last.ckpt"", ""/home/ubuntu/cogitao-research/checkpoints/cogitao_vit_cross_attention/cogitao_c1_experiment_4_vit6_function_mlp_cross_attention/run_000/last.ckpt"", ""/home/ubuntu/cogitao-research/checkpoints/cogitao_vit_cross_attention/cogitao_c1_experiment_5_vit6_function_mlp_cross_attention/run_000/last.ckpt""]","[""2bff05e8e2e5f390f6eb1f5cbf0ac8187832a8a365af10da7100cb8d732aa3f2"", ""35f91e02d5b826c89f6b24f52abf83581220b4b6676009c59b6715b0b2251589"", ""900674f94996e9b2f5190e7cd8bac4486d09332daaf131226f7f107123274de1"", ""9fc5e4f84cb131416f158af2b67349dc93c59e82f33086a7eeab2f7d6f335a7f"", ""c6578b6a655d823b9e27296aaf186e6b5b97bad640fb400cc5f2abaa6f308e6d""]","[""dfec9cbb2afe6616194c1fb41430c0c5d2bc4208""]","[1, 2, 3, 4, 5]",test_ood,"[""change_shape_color"", ""crop_bottom_side"", ""crop_contours"", ""extend_contours_same_color"", ""rot90""]","[""double_right"", ""pad_left"", ""pad_right"", ""rot90"", ""translate_up""]","[""double_right -> crop_contours"", ""pad_left -> extend_contours_same_color"", ""pad_right -> change_shape_color"", ""rot90 -> crop_bottom_side"", ""translate_up -> rot90""]","pair (f,g): fgx=f(g(x)); task-token order [g,f] means g -> f",573,5,5,image_block_05,42,"[71370, 78000]",256,256,0.01,2,"{""fixed_ranks"": [1, 2, 4, 8, 16, 32], ""variance_thresholds"": [0.9, 0.95]}",recorded_ood,0.2189567997848945,0.10237108920102714,test,0.22674240147922495,0.23016907152297295,0.22361103957956457,0.29145901907406324,1.0,0.26436592759743605,0.26109540329893943,0.2298659217112387,0.00778560169433047,0.1031287505359751,0.0007576613349479682,0.27338410394157164,0.12541994008511642,128,128,255,512,True,0.054718368094727333,CHEATING; fit on first half of this split; score second half only,64,5,5,573,transfer_gap,D_confidence,checkpoint_program_means,5,0.8020248586469939,0.10254464901729346,0.8999999999999998,0.03738607346849874,ok,0.355436978123768,1.0,experiment_run,False,5,Cluster bootstrap by experiment; training-time checkpoints share a run. Few C1 models limit inference.,,,,,,,,,,,,,,
"[""/home/ubuntu/cogitao-research/checkpoints/cogitao_vit_cross_attention/cogitao_c1_experiment_1_vit6_function_mlp_cross_attention/run_000/last.ckpt"", ""/home/ubuntu/cogitao-research/checkpoints/cogitao_vit_cross_attention/cogitao_c1_experiment_2_vit6_function_mlp_cross_attention/run_000/last.ckpt"", ""/home/ubuntu/cogitao-research/checkpoints/cogitao_vit_cross_attention/cogitao_c1_experiment_3_vit6_function_mlp_cross_attention/run_000/last.ckpt"", ""/home/ubuntu/cogitao-research/checkpoints/cogitao_vit_cross_attention/cogitao_c1_experiment_4_vit6_function_mlp_cross_attention/run_000/last.ckpt"", ""/home/ubuntu/cogitao-research/checkpoints/cogitao_vit_cross_attention/cogitao_c1_experiment_5_vit6_function_mlp_cross_attention/run_000/last.ckpt""]","[""2bff05e8e2e5f390f6eb1f5cbf0ac8187832a8a365af10da7100cb8d732aa3f2"", ""35f91e02d5b826c89f6b24f52abf83581220b4b6676009c59b6715b0b2251589"", ""900674f94996e9b2f5190e7cd8bac4486d09332daaf131226f7f107123274de1"", ""9fc5e4f84cb131416f158af2b67349dc93c59e82f33086a7eeab2f7d6f335a7f"", ""c6578b6a655d823b9e27296aaf186e6b5b97bad640fb400cc5f2abaa6f308e6d""]","[""dfec9cbb2afe6616194c1fb41430c0c5d2bc4208""]","[1, 2, 3, 4, 5]",test_ood,"[""change_shape_color"", ""crop_bottom_side"", ""crop_contours"", ""extend_contours_same_color"", ""rot90""]","[""double_right"", ""pad_left"", ""pad_right"", ""rot90"", ""translate_up""]","[""double_right -> crop_contours"", ""pad_left -> extend_contours_same_color"", ""pad_right -> change_shape_color"", ""rot90 -> crop_bottom_side"", ""translate_up -> rot90""]","pair (f,g): fgx=f(g(x)); task-token order [g,f] means g -> f",573,5,5,image_block_05,42,"[71370, 78000]",256,256,0.01,2,"{""fixed_ranks"": [1, 2, 4, 8, 16, 32], ""variance_thresholds"": [0.9, 0.95]}",recorded_ood,0.2189567997848945,0.10237108920102714,test,0.22674240147922495,0.23016907152297295,0.22361103957956457,0.29145901907406324,1.0,0.26436592759743605,0.26109540329893943,0.2298659217112387,0.00778560169433047,0.1031287505359751,0.0007576613349479682,0.27338410394157164,0.12541994008511642,128,128,255,512,True,0.054718368094727333,CHEATING; fit on first half of this split; score second half only,64,5,5,573,transfer_gap,D_brier,checkpoint_program_means,5,0.7120533179284062,0.17725231606502428,0.0,1.0,ok,-0.9999999999999999,1.0,experiment_run,False,5,Cluster bootstrap by experiment; training-time checkpoints share a run. Few C1 models limit inference.,,,,,,,,,,,,,,
"[""/home/ubuntu/cogitao-research/checkpoints/cogitao_vit_cross_attention/cogitao_c1_experiment_1_vit6_function_mlp_cross_attention/run_000/last.ckpt"", ""/home/ubuntu/cogitao-research/checkpoints/cogitao_vit_cross_attention/cogitao_c1_experiment_2_vit6_function_mlp_cross_attention/run_000/last.ckpt"", ""/home/ubuntu/cogitao-research/checkpoints/cogitao_vit_cross_attention/cogitao_c1_experiment_3_vit6_function_mlp_cross_attention/run_000/last.ckpt"", ""/home/ubuntu/cogitao-research/checkpoints/cogitao_vit_cross_attention/cogitao_c1_experiment_4_vit6_function_mlp_cross_attention/run_000/last.ckpt"", ""/home/ubuntu/cogitao-research/checkpoints/cogitao_vit_cross_attention/cogitao_c1_experiment_5_vit6_function_mlp_cross_attention/run_000/last.ckpt""]","[""2bff05e8e2e5f390f6eb1f5cbf0ac8187832a8a365af10da7100cb8d732aa3f2"", ""35f91e02d5b826c89f6b24f52abf83581220b4b6676009c59b6715b0b2251589"", ""900674f94996e9b2f5190e7cd8bac4486d09332daaf131226f7f107123274de1"", ""9fc5e4f84cb131416f158af2b67349dc93c59e82f33086a7eeab2f7d6f335a7f"", ""c6578b6a655d823b9e27296aaf186e6b5b97bad640fb400cc5f2abaa6f308e6d""]","[""dfec9cbb2afe6616194c1fb41430c0c5d2bc4208""]","[1, 2, 3, 4, 5]",test_ood,"[""change_shape_color"", ""crop_bottom_side"", ""crop_contours"", ""extend_contours_same_color"", ""rot90""]","[""double_right"", ""pad_left"", ""pad_right"", ""rot90"", ""translate_up""]","[""double_right -> crop_contours"", ""pad_left -> extend_contours_same_color"", ""pad_right -> change_shape_color"", ""rot90 -> crop_bottom_side"", ""translate_up -> rot90""]","pair (f,g): fgx=f(g(x)); task-token order [g,f] means g -> f",573,5,5,image_block_06,42,"[71370, 78000]",256,256,0.01,2,"{""fixed_ranks"": [1, 2, 4, 8, 16, 32], ""variance_thresholds"": [0.9, 0.95]}",recorded_ood,0.23215590287893814,0.11450968214045257,test,0.23648181846385194,0.2404518349156995,0.2337069682442494,0.29634783787498264,1.0,0.2716827865529539,0.26970340306428653,0.23920930712151486,0.004325915584913798,0.11363283877871624,-0.0008768433617363342,0.2827262405589356,0.13931509369279685,128,128,255,512,True,0.04998228284446776,CHEATING; fit on first half of this split; score second half only,64,5,5,573,context_error,D_object_error,checkpoint_program_means,5,0.457009457940509,0.4390599556103748,0.0,1.0,ok,-1.0,1.0,experiment_run,False,5,Cluster bootstrap by experiment; training-time checkpoints share a run. Few C1 models limit inference.,,,,,,,,,,,,,,
"[""/home/ubuntu/cogitao-research/checkpoints/cogitao_vit_cross_attention/cogitao_c1_experiment_1_vit6_function_mlp_cross_attention/run_000/last.ckpt"", ""/home/ubuntu/cogitao-research/checkpoints/cogitao_vit_cross_attention/cogitao_c1_experiment_2_vit6_function_mlp_cross_attention/run_000/last.ckpt"", ""/home/ubuntu/cogitao-research/checkpoints/cogitao_vit_cross_attention/cogitao_c1_experiment_3_vit6_function_mlp_cross_attention/run_000/last.ckpt"", ""/home/ubuntu/cogitao-research/checkpoints/cogitao_vit_cross_attention/cogitao_c1_experiment_4_vit6_function_mlp_cross_attention/run_000/last.ckpt"", ""/home/ubuntu/cogitao-research/checkpoints/cogitao_vit_cross_attention/cogitao_c1_experiment_5_vit6_function_mlp_cross_attention/run_000/last.ckpt""]","[""2bff05e8e2e5f390f6eb1f5cbf0ac8187832a8a365af10da7100cb8d732aa3f2"", ""35f91e02d5b826c89f6b24f52abf83581220b4b6676009c59b6715b0b2251589"", ""900674f94996e9b2f5190e7cd8bac4486d09332daaf131226f7f107123274de1"", ""9fc5e4f84cb131416f158af2b67349dc93c59e82f33086a7eeab2f7d6f335a7f"", ""c6578b6a655d823b9e27296aaf186e6b5b97bad640fb400cc5f2abaa6f308e6d""]","[""dfec9cbb2afe6616194c1fb41430c0c5d2bc4208""]","[1, 2, 3, 4, 5]",test_ood,"[""change_shape_color"", ""crop_bottom_side"", ""crop_contours"", ""extend_contours_same_color"", ""rot90""]","[""double_right"", ""pad_left"", ""pad_right"", ""rot90"", ""translate_up""]","[""double_right -> crop_contours"", ""pad_left -> extend_contours_same_color"", ""pad_right -> change_shape_color"", ""rot90 -> crop_bottom_side"", ""translate_up -> rot90""]","pair (f,g): fgx=f(g(x)); task-token order [g,f] means g -> f",573,5,5,image_block_06,42,"[71370, 78000]",256,256,0.01,2,"{""fixed_ranks"": [1, 2, 4, 8, 16, 32], ""variance_thresholds"": [0.9, 0.95]}",recorded_ood,0.23215590287893814,0.11450968214045257,test,0.23648181846385194,0.2404518349156995,0.2337069682442494,0.29634783787498264,1.0,0.2716827865529539,0.26970340306428653,0.23920930712151486,0.004325915584913798,0.11363283877871624,-0.0008768433617363342,0.2827262405589356,0.13931509369279685,128,128,255,512,True,0.04998228284446776,CHEATING; fit on first half of this split; score second half only,64,5,5,573,context_error,D_nll,checkpoint_program_means,5,0.6483361157443689,0.2366862580334881,0.6,0.28475697986529386,ok,-1.0,1.0,experiment_run,False,5,Cluster bootstrap by experiment; training-time checkpoints share a run. Few C1 models limit inference.,,,,,,,,,,,,,,
"[""/home/ubuntu/cogitao-research/checkpoints/cogitao_vit_cross_attention/cogitao_c1_experiment_1_vit6_function_mlp_cross_attention/run_000/last.ckpt"", ""/home/ubuntu/cogitao-research/checkpoints/cogitao_vit_cross_attention/cogitao_c1_experiment_2_vit6_function_mlp_cross_attention/run_000/last.ckpt"", ""/home/ubuntu/cogitao-research/checkpoints/cogitao_vit_cross_attention/cogitao_c1_experiment_3_vit6_function_mlp_cross_attention/run_000/last.ckpt"", ""/home/ubuntu/cogitao-research/checkpoints/cogitao_vit_cross_attention/cogitao_c1_experiment_4_vit6_function_mlp_cross_attention/run_000/last.ckpt"", ""/home/ubuntu/cogitao-research/checkpoints/cogitao_vit_cross_attention/cogitao_c1_experiment_5_vit6_function_mlp_cross_attention/run_000/last.ckpt""]","[""2bff05e8e2e5f390f6eb1f5cbf0ac8187832a8a365af10da7100cb8d732aa3f2"", ""35f91e02d5b826c89f6b24f52abf83581220b4b6676009c59b6715b0b2251589"", ""900674f94996e9b2f5190e7cd8bac4486d09332daaf131226f7f107123274de1"", ""9fc5e4f84cb131416f158af2b67349dc93c59e82f33086a7eeab2f7d6f335a7f"", ""c6578b6a655d823b9e27296aaf186e6b5b97bad640fb400cc5f2abaa6f308e6d""]","[""dfec9cbb2afe6616194c1fb41430c0c5d2bc4208""]","[1, 2, 3, 4, 5]",test_ood,"[""change_shape_color"", ""crop_bottom_side"", ""crop_contours"", ""extend_contours_same_color"", ""rot90""]","[""double_right"", ""pad_left"", ""pad_right"", ""rot90"", ""translate_up""]","[""double_right -> crop_contours"", ""pad_left -> extend_contours_same_color"", ""pad_right -> change_shape_color"", ""rot90 -> crop_bottom_side"", ""translate_up -> rot90""]","pair (f,g): fgx=f(g(x)); task-token order [g,f] means g -> f",573,5,5,image_block_06,42,"[71370, 78000]",256,256,0.01,2,"{""fixed_ranks"": [1, 2, 4, 8, 16, 32], ""variance_thresholds"": [0.9, 0.95]}",recorded_ood,0.23215590287893814,0.11450968214045257,test,0.23648181846385194,0.2404518349156995,0.2337069682442494,0.29634783787498264,1.0,0.2716827865529539,0.26970340306428653,0.23920930712151486,0.004325915584913798,0.11363283877871624,-0.0008768433617363342,0.2827262405589356,0.13931509369279685,128,128,255,512,True,0.04998228284446776,CHEATING; fit on first half of this split; score second half only,64,5,5,573,context_error,D_confidence,checkpoint_program_means,5,0.4587340153091549,0.43710787224114334,0.6,0.28475697986529386,ok,-0.979695010969175,1.0,experiment_run,False,5,Cluster bootstrap by experiment; training-time checkpoints share a run. Few C1 models limit inference.,,,,,,,,,,,,,,
"[""/home/ubuntu/cogitao-research/checkpoints/cogitao_vit_cross_attention/cogitao_c1_experiment_1_vit6_function_mlp_cross_attention/run_000/last.ckpt"", ""/home/ubuntu/cogitao-research/checkpoints/cogitao_vit_cross_attention/cogitao_c1_experiment_2_vit6_function_mlp_cross_attention/run_000/last.ckpt"", ""/home/ubuntu/cogitao-research/checkpoints/cogitao_vit_cross_attention/cogitao_c1_experiment_3_vit6_function_mlp_cross_attention/run_000/last.ckpt"", ""/home/ubuntu/cogitao-research/checkpoints/cogitao_vit_cross_attention/cogitao_c1_experiment_4_vit6_function_mlp_cross_attention/run_000/last.ckpt"", ""/home/ubuntu/cogitao-research/checkpoints/cogitao_vit_cross_attention/cogitao_c1_experiment_5_vit6_function_mlp_cross_attention/run_000/last.ckpt""]","[""2bff05e8e2e5f390f6eb1f5cbf0ac8187832a8a365af10da7100cb8d732aa3f2"", ""35f91e02d5b826c89f6b24f52abf83581220b4b6676009c59b6715b0b2251589"", ""900674f94996e9b2f5190e7cd8bac4486d09332daaf131226f7f107123274de1"", ""9fc5e4f84cb131416f158af2b67349dc93c59e82f33086a7eeab2f7d6f335a7f"", ""c6578b6a655d823b9e27296aaf186e6b5b97bad640fb400cc5f2abaa6f308e6d""]","[""dfec9cbb2afe6616194c1fb41430c0c5d2bc4208""]","[1, 2, 3, 4, 5]",test_ood,"[""change_shape_color"", ""crop_bottom_side"", ""crop_contours"", ""extend_contours_same_color"", ""rot90""]","[""double_right"", ""pad_left"", ""pad_right"", ""rot90"", ""translate_up""]","[""double_right -> crop_contours"", ""pad_left -> extend_contours_same_color"", ""pad_right -> change_shape_color"", ""rot90 -> crop_bottom_side"", ""translate_up -> rot90""]","pair (f,g): fgx=f(g(x)); task-token order [g,f] means g -> f",573,5,5,image_block_06,42,"[71370, 78000]",256,256,0.01,2,"{""fixed_ranks"": [1, 2, 4, 8, 16, 32], ""variance_thresholds"": [0.9, 0.95]}",recorded_ood,0.23215590287893814,0.11450968214045257,test,0.23648181846385194,0.2404518349156995,0.2337069682442494,0.29634783787498264,1.0,0.2716827865529539,0.26970340306428653,0.23920930712151486,0.004325915584913798,0.11363283877871624,-0.0008768433617363342,0.2827262405589356,0.13931509369279685,128,128,255,512,True,0.04998228284446776,CHEATING; fit on first half of this split; score second half only,64,5,5,573,context_error,D_brier,checkpoint_program_means,5,0.3139021822319936,0.6069915233416494,0.3,0.623837664781073,ok,-0.9999999999999999,1.0,experiment_run,False,5,Cluster bootstrap by experiment; training-time checkpoints share a run. Few C1 models limit inference.,,,,,,,,,,,,,,
"[""/home/ubuntu/cogitao-research/checkpoints/cogitao_vit_cross_attention/cogitao_c1_experiment_1_vit6_function_mlp_cross_attention/run_000/last.ckpt"", ""/home/ubuntu/cogitao-research/checkpoints/cogitao_vit_cross_attention/cogitao_c1_experiment_2_vit6_function_mlp_cross_attention/run_000/last.ckpt"", ""/home/ubuntu/cogitao-research/checkpoints/cogitao_vit_cross_attention/cogitao_c1_experiment_3_vit6_function_mlp_cross_attention/run_000/last.ckpt"", ""/home/ubuntu/cogitao-research/checkpoints/cogitao_vit_cross_attention/cogitao_c1_experiment_4_vit6_function_mlp_cross_attention/run_000/last.ckpt"", ""/home/ubuntu/cogitao-research/checkpoints/cogitao_vit_cross_attention/cogitao_c1_experiment_5_vit6_function_mlp_cross_attention/run_000/last.ckpt""]","[""2bff05e8e2e5f390f6eb1f5cbf0ac8187832a8a365af10da7100cb8d732aa3f2"", ""35f91e02d5b826c89f6b24f52abf83581220b4b6676009c59b6715b0b2251589"", ""900674f94996e9b2f5190e7cd8bac4486d09332daaf131226f7f107123274de1"", ""9fc5e4f84cb131416f158af2b67349dc93c59e82f33086a7eeab2f7d6f335a7f"", ""c6578b6a655d823b9e27296aaf186e6b5b97bad640fb400cc5f2abaa6f308e6d""]","[""dfec9cbb2afe6616194c1fb41430c0c5d2bc4208""]","[1, 2, 3, 4, 5]",test_ood,"[""change_shape_color"", ""crop_bottom_side"", ""crop_contours"", ""extend_contours_same_color"", ""rot90""]","[""double_right"", ""pad_left"", ""pad_right"", ""rot90"", ""translate_up""]","[""double_right -> crop_contours"", ""pad_left -> extend_contours_same_color"", ""pad_right -> change_shape_color"", ""rot90 -> crop_bottom_side"", ""translate_up -> rot90""]","pair (f,g): fgx=f(g(x)); task-token order [g,f] means g -> f",573,5,5,image_block_06,42,"[71370, 78000]",256,256,0.01,2,"{""fixed_ranks"": [1, 2, 4, 8, 16, 32], ""variance_thresholds"": [0.9, 0.95]}",recorded_ood,0.23215590287893814,0.11450968214045257,test,0.23648181846385194,0.2404518349156995,0.2337069682442494,0.29634783787498264,1.0,0.2716827865529539,0.26970340306428653,0.23920930712151486,0.004325915584913798,0.11363283877871624,-0.0008768433617363342,0.2827262405589356,0.13931509369279685,128,128,255,512,True,0.04998228284446776,CHEATING; fit on first half of this split; score second half only,64,5,5,573,composition_error,D_object_error,checkpoint_program_means,5,0.4269091059130766,0.47343678449038845,-0.09999999999999999,0.8728885715695384,ok,-1.0,1.0,experiment_run,False,5,Cluster bootstrap by experiment; training-time checkpoints share a run. Few C1 models limit inference.,,,,,,,,,,,,,,
"[""/home/ubuntu/cogitao-research/checkpoints/cogitao_vit_cross_attention/cogitao_c1_experiment_1_vit6_function_mlp_cross_attention/run_000/last.ckpt"", ""/home/ubuntu/cogitao-research/checkpoints/cogitao_vit_cross_attention/cogitao_c1_experiment_2_vit6_function_mlp_cross_attention/run_000/last.ckpt"", ""/home/ubuntu/cogitao-research/checkpoints/cogitao_vit_cross_attention/cogitao_c1_experiment_3_vit6_function_mlp_cross_attention/run_000/last.ckpt"", ""/home/ubuntu/cogitao-research/checkpoints/cogitao_vit_cross_attention/cogitao_c1_experiment_4_vit6_function_mlp_cross_attention/run_000/last.ckpt"", ""/home/ubuntu/cogitao-research/checkpoints/cogitao_vit_cross_attention/cogitao_c1_experiment_5_vit6_function_mlp_cross_attention/run_000/last.ckpt""]","[""2bff05e8e2e5f390f6eb1f5cbf0ac8187832a8a365af10da7100cb8d732aa3f2"", ""35f91e02d5b826c89f6b24f52abf83581220b4b6676009c59b6715b0b2251589"", ""900674f94996e9b2f5190e7cd8bac4486d09332daaf131226f7f107123274de1"", ""9fc5e4f84cb131416f158af2b67349dc93c59e82f33086a7eeab2f7d6f335a7f"", ""c6578b6a655d823b9e27296aaf186e6b5b97bad640fb400cc5f2abaa6f308e6d""]","[""dfec9cbb2afe6616194c1fb41430c0c5d2bc4208""]","[1, 2, 3, 4, 5]",test_ood,"[""change_shape_color"", ""crop_bottom_side"", ""crop_contours"", ""extend_contours_same_color"", ""rot90""]","[""double_right"", ""pad_left"", ""pad_right"", ""rot90"", ""translate_up""]","[""double_right -> crop_contours"", ""pad_left -> extend_contours_same_color"", ""pad_right -> change_shape_color"", ""rot90 -> crop_bottom_side"", ""translate_up -> rot90""]","pair (f,g): fgx=f(g(x)); task-token order [g,f] means g -> f",573,5,5,image_block_06,42,"[71370, 78000]",256,256,0.01,2,"{""fixed_ranks"": [1, 2, 4, 8, 16, 32], ""variance_thresholds"": [0.9, 0.95]}",recorded_ood,0.23215590287893814,0.11450968214045257,test,0.23648181846385194,0.2404518349156995,0.2337069682442494,0.29634783787498264,1.0,0.2716827865529539,0.26970340306428653,0.23920930712151486,0.004325915584913798,0.11363283877871624,-0.0008768433617363342,0.2827262405589356,0.13931509369279685,128,128,255,512,True,0.04998228284446776,CHEATING; fit on first half of this split; score second half only,64,5,5,573,composition_error,D_nll,checkpoint_program_means,5,0.39699667426577834,0.508138785048025,0.3,0.623837664781073,ok,-0.9999999999999998,1.0,experiment_run,False,5,Cluster bootstrap by experiment; training-time checkpoints share a run. Few C1 models limit inference.,,,,,,,,,,,,,,
"[""/home/ubuntu/cogitao-research/checkpoints/cogitao_vit_cross_attention/cogitao_c1_experiment_1_vit6_function_mlp_cross_attention/run_000/last.ckpt"", ""/home/ubuntu/cogitao-research/checkpoints/cogitao_vit_cross_attention/cogitao_c1_experiment_2_vit6_function_mlp_cross_attention/run_000/last.ckpt"", ""/home/ubuntu/cogitao-research/checkpoints/cogitao_vit_cross_attention/cogitao_c1_experiment_3_vit6_function_mlp_cross_attention/run_000/last.ckpt"", ""/home/ubuntu/cogitao-research/checkpoints/cogitao_vit_cross_attention/cogitao_c1_experiment_4_vit6_function_mlp_cross_attention/run_000/last.ckpt"", ""/home/ubuntu/cogitao-research/checkpoints/cogitao_vit_cross_attention/cogitao_c1_experiment_5_vit6_function_mlp_cross_attention/run_000/last.ckpt""]","[""2bff05e8e2e5f390f6eb1f5cbf0ac8187832a8a365af10da7100cb8d732aa3f2"", ""35f91e02d5b826c89f6b24f52abf83581220b4b6676009c59b6715b0b2251589"", ""900674f94996e9b2f5190e7cd8bac4486d09332daaf131226f7f107123274de1"", ""9fc5e4f84cb131416f158af2b67349dc93c59e82f33086a7eeab2f7d6f335a7f"", ""c6578b6a655d823b9e27296aaf186e6b5b97bad640fb400cc5f2abaa6f308e6d""]","[""dfec9cbb2afe6616194c1fb41430c0c5d2bc4208""]","[1, 2, 3, 4, 5]",test_ood,"[""change_shape_color"", ""crop_bottom_side"", ""crop_contours"", ""extend_contours_same_color"", ""rot90""]","[""double_right"", ""pad_left"", ""pad_right"", ""rot90"", ""translate_up""]","[""double_right -> crop_contours"", ""pad_left -> extend_contours_same_color"", ""pad_right -> change_shape_color"", ""rot90 -> crop_bottom_side"", ""translate_up -> rot90""]","pair (f,g): fgx=f(g(x)); task-token order [g,f] means g -> f",573,5,5,image_block_06,42,"[71370, 78000]",256,256,0.01,2,"{""fixed_ranks"": [1, 2, 4, 8, 16, 32], ""variance_thresholds"": [0.9, 0.95]}",recorded_ood,0.23215590287893814,0.11450968214045257,test,0.23648181846385194,0.2404518349156995,0.2337069682442494,0.29634783787498264,1.0,0.2716827865529539,0.26970340306428653,0.23920930712151486,0.004325915584913798,0.11363283877871624,-0.0008768433617363342,0.2827262405589356,0.13931509369279685,128,128,255,512,True,0.04998228284446776,CHEATING; fit on first half of this split; score second half only,64,5,5,573,composition_error,D_confidence,checkpoint_program_means,5,0.3662784906528644,0.5442881662290335,0.7,0.1881204043741873,ok,-0.6977941630102504,1.0,experiment_run,False,5,Cluster bootstrap by experiment; training-time checkpoints share a run. Few C1 models limit inference.,,,,,,,,,,,,,,
"[""/home/ubuntu/cogitao-research/checkpoints/cogitao_vit_cross_attention/cogitao_c1_experiment_1_vit6_function_mlp_cross_attention/run_000/last.ckpt"", ""/home/ubuntu/cogitao-research/checkpoints/cogitao_vit_cross_attention/cogitao_c1_experiment_2_vit6_function_mlp_cross_attention/run_000/last.ckpt"", ""/home/ubuntu/cogitao-research/checkpoints/cogitao_vit_cross_attention/cogitao_c1_experiment_3_vit6_function_mlp_cross_attention/run_000/last.ckpt"", ""/home/ubuntu/cogitao-research/checkpoints/cogitao_vit_cross_attention/cogitao_c1_experiment_4_vit6_function_mlp_cross_attention/run_000/last.ckpt"", ""/home/ubuntu/cogitao-research/checkpoints/cogitao_vit_cross_attention/cogitao_c1_experiment_5_vit6_function_mlp_cross_attention/run_000/last.ckpt""]","[""2bff05e8e2e5f390f6eb1f5cbf0ac8187832a8a365af10da7100cb8d732aa3f2"", ""35f91e02d5b826c89f6b24f52abf83581220b4b6676009c59b6715b0b2251589"", ""900674f94996e9b2f5190e7cd8bac4486d09332daaf131226f7f107123274de1"", ""9fc5e4f84cb131416f158af2b67349dc93c59e82f33086a7eeab2f7d6f335a7f"", ""c6578b6a655d823b9e27296aaf186e6b5b97bad640fb400cc5f2abaa6f308e6d""]","[""dfec9cbb2afe6616194c1fb41430c0c5d2bc4208""]","[1, 2, 3, 4, 5]",test_ood,"[""change_shape_color"", ""crop_bottom_side"", ""crop_contours"", ""extend_contours_same_color"", ""rot90""]","[""double_right"", ""pad_left"", ""pad_right"", ""rot90"", ""translate_up""]","[""double_right -> crop_contours"", ""pad_left -> extend_contours_same_color"", ""pad_right -> change_shape_color"", ""rot90 -> crop_bottom_side"", ""translate_up -> rot90""]","pair (f,g): fgx=f(g(x)); task-token order [g,f] means g -> f",573,5,5,image_block_06,42,"[71370, 78000]",256,256,0.01,2,"{""fixed_ranks"": [1, 2, 4, 8, 16, 32], ""variance_thresholds"": [0.9, 0.95]}",recorded_ood,0.23215590287893814,0.11450968214045257,test,0.23648181846385194,0.2404518349156995,0.2337069682442494,0.29634783787498264,1.0,0.2716827865529539,0.26970340306428653,0.23920930712151486,0.004325915584913798,0.11363283877871624,-0.0008768433617363342,0.2827262405589356,0.13931509369279685,128,128,255,512,True,0.04998228284446776,CHEATING; fit on first half of this split; score second half only,64,5,5,573,composition_error,D_brier,checkpoint_program_means,5,0.051704387273639685,0.9341972732183975,0.09999999999999999,0.8728885715695384,ok,-1.0,1.0,experiment_run,False,5,Cluster bootstrap by experiment; training-time checkpoints share a run. Few C1 models limit inference.,,,,,,,,,,,,,,
"[""/home/ubuntu/cogitao-research/checkpoints/cogitao_vit_cross_attention/cogitao_c1_experiment_1_vit6_function_mlp_cross_attention/run_000/last.ckpt"", ""/home/ubuntu/cogitao-research/checkpoints/cogitao_vit_cross_attention/cogitao_c1_experiment_2_vit6_function_mlp_cross_attention/run_000/last.ckpt"", ""/home/ubuntu/cogitao-research/checkpoints/cogitao_vit_cross_attention/cogitao_c1_experiment_3_vit6_function_mlp_cross_attention/run_000/last.ckpt"", ""/home/ubuntu/cogitao-research/checkpoints/cogitao_vit_cross_attention/cogitao_c1_experiment_4_vit6_function_mlp_cross_attention/run_000/last.ckpt"", ""/home/ubuntu/cogitao-research/checkpoints/cogitao_vit_cross_attention/cogitao_c1_experiment_5_vit6_function_mlp_cross_attention/run_000/last.ckpt""]","[""2bff05e8e2e5f390f6eb1f5cbf0ac8187832a8a365af10da7100cb8d732aa3f2"", ""35f91e02d5b826c89f6b24f52abf83581220b4b6676009c59b6715b0b2251589"", ""900674f94996e9b2f5190e7cd8bac4486d09332daaf131226f7f107123274de1"", ""9fc5e4f84cb131416f158af2b67349dc93c59e82f33086a7eeab2f7d6f335a7f"", ""c6578b6a655d823b9e27296aaf186e6b5b97bad640fb400cc5f2abaa6f308e6d""]","[""dfec9cbb2afe6616194c1fb41430c0c5d2bc4208""]","[1, 2, 3, 4, 5]",test_ood,"[""change_shape_color"", ""crop_bottom_side"", ""crop_contours"", ""extend_contours_same_color"", ""rot90""]","[""double_right"", ""pad_left"", ""pad_right"", ""rot90"", ""translate_up""]","[""double_right -> crop_contours"", ""pad_left -> extend_contours_same_color"", ""pad_right -> change_shape_color"", ""rot90 -> crop_bottom_side"", ""translate_up -> rot90""]","pair (f,g): fgx=f(g(x)); task-token order [g,f] means g -> f",573,5,5,image_block_06,42,"[71370, 78000]",256,256,0.01,2,"{""fixed_ranks"": [1, 2, 4, 8, 16, 32], ""variance_thresholds"": [0.9, 0.95]}",recorded_ood,0.23215590287893814,0.11450968214045257,test,0.23648181846385194,0.2404518349156995,0.2337069682442494,0.29634783787498264,1.0,0.2716827865529539,0.26970340306428653,0.23920930712151486,0.004325915584913798,0.11363283877871624,-0.0008768433617363342,0.2827262405589356,0.13931509369279685,128,128,255,512,True,0.04998228284446776,CHEATING; fit on first half of this split; score second half only,64,5,5,573,transfer_gap,D_object_error,checkpoint_program_means,5,0.3291559568208514,0.5886013345254939,-0.3,0.623837664781073,ok,-1.0,1.0,experiment_run,False,5,Cluster bootstrap by experiment; training-time checkpoints share a run. Few C1 models limit inference.,,,,,,,,,,,,,,
"[""/home/ubuntu/cogitao-research/checkpoints/cogitao_vit_cross_attention/cogitao_c1_experiment_1_vit6_function_mlp_cross_attention/run_000/last.ckpt"", ""/home/ubuntu/cogitao-research/checkpoints/cogitao_vit_cross_attention/cogitao_c1_experiment_2_vit6_function_mlp_cross_attention/run_000/last.ckpt"", ""/home/ubuntu/cogitao-research/checkpoints/cogitao_vit_cross_attention/cogitao_c1_experiment_3_vit6_function_mlp_cross_attention/run_000/last.ckpt"", ""/home/ubuntu/cogitao-research/checkpoints/cogitao_vit_cross_attention/cogitao_c1_experiment_4_vit6_function_mlp_cross_attention/run_000/last.ckpt"", ""/home/ubuntu/cogitao-research/checkpoints/cogitao_vit_cross_attention/cogitao_c1_experiment_5_vit6_function_mlp_cross_attention/run_000/last.ckpt""]","[""2bff05e8e2e5f390f6eb1f5cbf0ac8187832a8a365af10da7100cb8d732aa3f2"", ""35f91e02d5b826c89f6b24f52abf83581220b4b6676009c59b6715b0b2251589"", ""900674f94996e9b2f5190e7cd8bac4486d09332daaf131226f7f107123274de1"", ""9fc5e4f84cb131416f158af2b67349dc93c59e82f33086a7eeab2f7d6f335a7f"", ""c6578b6a655d823b9e27296aaf186e6b5b97bad640fb400cc5f2abaa6f308e6d""]","[""dfec9cbb2afe6616194c1fb41430c0c5d2bc4208""]","[1, 2, 3, 4, 5]",test_ood,"[""change_shape_color"", ""crop_bottom_side"", ""crop_contours"", ""extend_contours_same_color"", ""rot90""]","[""double_right"", ""pad_left"", ""pad_right"", ""rot90"", ""translate_up""]","[""double_right -> crop_contours"", ""pad_left -> extend_contours_same_color"", ""pad_right -> change_shape_color"", ""rot90 -> crop_bottom_side"", ""translate_up -> rot90""]","pair (f,g): fgx=f(g(x)); task-token order [g,f] means g -> f",573,5,5,image_block_06,42,"[71370, 78000]",256,256,0.01,2,"{""fixed_ranks"": [1, 2, 4, 8, 16, 32], ""variance_thresholds"": [0.9, 0.95]}",recorded_ood,0.23215590287893814,0.11450968214045257,test,0.23648181846385194,0.2404518349156995,0.2337069682442494,0.29634783787498264,1.0,0.2716827865529539,0.26970340306428653,0.23920930712151486,0.004325915584913798,0.11363283877871624,-0.0008768433617363342,0.2827262405589356,0.13931509369279685,128,128,255,512,True,0.04998228284446776,CHEATING; fit on first half of this split; score second half only,64,5,5,573,transfer_gap,D_nll,checkpoint_program_means,5,0.6920996133251726,0.19534269115319183,0.49999999999999994,0.3910022189557703,ok,-0.9999999999999999,1.0,experiment_run,False,5,Cluster bootstrap by experiment; training-time checkpoints share a run. Few C1 models limit inference.,,,,,,,,,,,,,,
"[""/home/ubuntu/cogitao-research/checkpoints/cogitao_vit_cross_attention/cogitao_c1_experiment_1_vit6_function_mlp_cross_attention/run_000/last.ckpt"", ""/home/ubuntu/cogitao-research/checkpoints/cogitao_vit_cross_attention/cogitao_c1_experiment_2_vit6_function_mlp_cross_attention/run_000/last.ckpt"", ""/home/ubuntu/cogitao-research/checkpoints/cogitao_vit_cross_attention/cogitao_c1_experiment_3_vit6_function_mlp_cross_attention/run_000/last.ckpt"", ""/home/ubuntu/cogitao-research/checkpoints/cogitao_vit_cross_attention/cogitao_c1_experiment_4_vit6_function_mlp_cross_attention/run_000/last.ckpt"", ""/home/ubuntu/cogitao-research/checkpoints/cogitao_vit_cross_attention/cogitao_c1_experiment_5_vit6_function_mlp_cross_attention/run_000/last.ckpt""]","[""2bff05e8e2e5f390f6eb1f5cbf0ac8187832a8a365af10da7100cb8d732aa3f2"", ""35f91e02d5b826c89f6b24f52abf83581220b4b6676009c59b6715b0b2251589"", ""900674f94996e9b2f5190e7cd8bac4486d09332daaf131226f7f107123274de1"", ""9fc5e4f84cb131416f158af2b67349dc93c59e82f33086a7eeab2f7d6f335a7f"", ""c6578b6a655d823b9e27296aaf186e6b5b97bad640fb400cc5f2abaa6f308e6d""]","[""dfec9cbb2afe6616194c1fb41430c0c5d2bc4208""]","[1, 2, 3, 4, 5]",test_ood,"[""change_shape_color"", ""crop_bottom_side"", ""crop_contours"", ""extend_contours_same_color"", ""rot90""]","[""double_right"", ""pad_left"", ""pad_right"", ""rot90"", ""translate_up""]","[""double_right -> crop_contours"", ""pad_left -> extend_contours_same_color"", ""pad_right -> change_shape_color"", ""rot90 -> crop_bottom_side"", ""translate_up -> rot90""]","pair (f,g): fgx=f(g(x)); task-token order [g,f] means g -> f",573,5,5,image_block_06,42,"[71370, 78000]",256,256,0.01,2,"{""fixed_ranks"": [1, 2, 4, 8, 16, 32], ""variance_thresholds"": [0.9, 0.95]}",recorded_ood,0.23215590287893814,0.11450968214045257,test,0.23648181846385194,0.2404518349156995,0.2337069682442494,0.29634783787498264,1.0,0.2716827865529539,0.26970340306428653,0.23920930712151486,0.004325915584913798,0.11363283877871624,-0.0008768433617363342,0.2827262405589356,0.13931509369279685,128,128,255,512,True,0.04998228284446776,CHEATING; fit on first half of this split; score second half only,64,5,5,573,transfer_gap,D_confidence,checkpoint_program_means,5,0.8081747985348651,0.09790022157294573,0.8999999999999998,0.03738607346849874,ok,0.30358986102205454,1.0,experiment_run,False,5,Cluster bootstrap by experiment; training-time checkpoints share a run. Few C1 models limit inference.,,,,,,,,,,,,,,
"[""/home/ubuntu/cogitao-research/checkpoints/cogitao_vit_cross_attention/cogitao_c1_experiment_1_vit6_function_mlp_cross_attention/run_000/last.ckpt"", ""/home/ubuntu/cogitao-research/checkpoints/cogitao_vit_cross_attention/cogitao_c1_experiment_2_vit6_function_mlp_cross_attention/run_000/last.ckpt"", ""/home/ubuntu/cogitao-research/checkpoints/cogitao_vit_cross_attention/cogitao_c1_experiment_3_vit6_function_mlp_cross_attention/run_000/last.ckpt"", ""/home/ubuntu/cogitao-research/checkpoints/cogitao_vit_cross_attention/cogitao_c1_experiment_4_vit6_function_mlp_cross_attention/run_000/last.ckpt"", ""/home/ubuntu/cogitao-research/checkpoints/cogitao_vit_cross_attention/cogitao_c1_experiment_5_vit6_function_mlp_cross_attention/run_000/last.ckpt""]","[""2bff05e8e2e5f390f6eb1f5cbf0ac8187832a8a365af10da7100cb8d732aa3f2"", ""35f91e02d5b826c89f6b24f52abf83581220b4b6676009c59b6715b0b2251589"", ""900674f94996e9b2f5190e7cd8bac4486d09332daaf131226f7f107123274de1"", ""9fc5e4f84cb131416f158af2b67349dc93c59e82f33086a7eeab2f7d6f335a7f"", ""c6578b6a655d823b9e27296aaf186e6b5b97bad640fb400cc5f2abaa6f308e6d""]","[""dfec9cbb2afe6616194c1fb41430c0c5d2bc4208""]","[1, 2, 3, 4, 5]",test_ood,"[""change_shape_color"", ""crop_bottom_side"", ""crop_contours"", ""extend_contours_same_color"", ""rot90""]","[""double_right"", ""pad_left"", ""pad_right"", ""rot90"", ""translate_up""]","[""double_right -> crop_contours"", ""pad_left -> extend_contours_same_color"", ""pad_right -> change_shape_color"", ""rot90 -> crop_bottom_side"", ""translate_up -> rot90""]","pair (f,g): fgx=f(g(x)); task-token order [g,f] means g -> f",573,5,5,image_block_06,42,"[71370, 78000]",256,256,0.01,2,"{""fixed_ranks"": [1, 2, 4, 8, 16, 32], ""variance_thresholds"": [0.9, 0.95]}",recorded_ood,0.23215590287893814,0.11450968214045257,test,0.23648181846385194,0.2404518349156995,0.2337069682442494,0.29634783787498264,1.0,0.2716827865529539,0.26970340306428653,0.23920930712151486,0.004325915584913798,0.11363283877871624,-0.0008768433617363342,0.2827262405589356,0.13931509369279685,128,128,255,512,True,0.04998228284446776,CHEATING; fit on first half of this split; score second half only,64,5,5,573,transfer_gap,D_brier,checkpoint_program_means,5,0.7535760694831454,0.14129122369442423,0.3,0.623837664781073,ok,-0.9999999999999999,1.0,experiment_run,False,5,Cluster bootstrap by experiment; training-time checkpoints share a run. Few C1 models limit inference.,,,,,,,,,,,,,,
"[""/home/ubuntu/cogitao-research/checkpoints/cogitao_vit_cross_attention/cogitao_c1_experiment_1_vit6_function_mlp_cross_attention/run_000/last.ckpt"", ""/home/ubuntu/cogitao-research/checkpoints/cogitao_vit_cross_attention/cogitao_c1_experiment_2_vit6_function_mlp_cross_attention/run_000/last.ckpt"", ""/home/ubuntu/cogitao-research/checkpoints/cogitao_vit_cross_attention/cogitao_c1_experiment_3_vit6_function_mlp_cross_attention/run_000/last.ckpt"", ""/home/ubuntu/cogitao-research/checkpoints/cogitao_vit_cross_attention/cogitao_c1_experiment_4_vit6_function_mlp_cross_attention/run_000/last.ckpt"", ""/home/ubuntu/cogitao-research/checkpoints/cogitao_vit_cross_attention/cogitao_c1_experiment_5_vit6_function_mlp_cross_attention/run_000/last.ckpt""]","[""2bff05e8e2e5f390f6eb1f5cbf0ac8187832a8a365af10da7100cb8d732aa3f2"", ""35f91e02d5b826c89f6b24f52abf83581220b4b6676009c59b6715b0b2251589"", ""900674f94996e9b2f5190e7cd8bac4486d09332daaf131226f7f107123274de1"", ""9fc5e4f84cb131416f158af2b67349dc93c59e82f33086a7eeab2f7d6f335a7f"", ""c6578b6a655d823b9e27296aaf186e6b5b97bad640fb400cc5f2abaa6f308e6d""]","[""dfec9cbb2afe6616194c1fb41430c0c5d2bc4208""]","[1, 2, 3, 4, 5]",test_ood,"[""change_shape_color"", ""crop_bottom_side"", ""crop_contours"", ""extend_contours_same_color"", ""rot90""]","[""double_right"", ""pad_left"", ""pad_right"", ""rot90"", ""translate_up""]","[""double_right -> crop_contours"", ""pad_left -> extend_contours_same_color"", ""pad_right -> change_shape_color"", ""rot90 -> crop_bottom_side"", ""translate_up -> rot90""]","pair (f,g): fgx=f(g(x)); task-token order [g,f] means g -> f",573,5,5,image_final_norm,42,"[71370, 78000]",256,256,0.01,2,"{""fixed_ranks"": [1, 2, 4, 8, 16, 32], ""variance_thresholds"": [0.9, 0.95]}",recorded_ood,0.23107051717418978,0.11663125880848378,test,0.236563478211343,0.24098136177744092,0.23345646944245835,0.2904715920951906,1.0,0.26804472147391023,0.2668894887823687,0.23939334744293908,0.005492961037153217,0.11549599767532491,-0.0011352611331588761,0.2788972619314499,0.14172224651892718,128,128,255,512,True,0.04630363247568009,CHEATING; fit on first half of this split; score second half only,64,5,5,573,context_error,D_object_error,checkpoint_program_means,5,0.433587732876235,0.4657606142616469,0.0,1.0,ok,-1.0,0.9999999999999999,experiment_run,False,5,Cluster bootstrap by experiment; training-time checkpoints share a run. Few C1 models limit inference.,,,,,,,,,,,,,,
"[""/home/ubuntu/cogitao-research/checkpoints/cogitao_vit_cross_attention/cogitao_c1_experiment_1_vit6_function_mlp_cross_attention/run_000/last.ckpt"", ""/home/ubuntu/cogitao-research/checkpoints/cogitao_vit_cross_attention/cogitao_c1_experiment_2_vit6_function_mlp_cross_attention/run_000/last.ckpt"", ""/home/ubuntu/cogitao-research/checkpoints/cogitao_vit_cross_attention/cogitao_c1_experiment_3_vit6_function_mlp_cross_attention/run_000/last.ckpt"", ""/home/ubuntu/cogitao-research/checkpoints/cogitao_vit_cross_attention/cogitao_c1_experiment_4_vit6_function_mlp_cross_attention/run_000/last.ckpt"", ""/home/ubuntu/cogitao-research/checkpoints/cogitao_vit_cross_attention/cogitao_c1_experiment_5_vit6_function_mlp_cross_attention/run_000/last.ckpt""]","[""2bff05e8e2e5f390f6eb1f5cbf0ac8187832a8a365af10da7100cb8d732aa3f2"", ""35f91e02d5b826c89f6b24f52abf83581220b4b6676009c59b6715b0b2251589"", ""900674f94996e9b2f5190e7cd8bac4486d09332daaf131226f7f107123274de1"", ""9fc5e4f84cb131416f158af2b67349dc93c59e82f33086a7eeab2f7d6f335a7f"", ""c6578b6a655d823b9e27296aaf186e6b5b97bad640fb400cc5f2abaa6f308e6d""]","[""dfec9cbb2afe6616194c1fb41430c0c5d2bc4208""]","[1, 2, 3, 4, 5]",test_ood,"[""change_shape_color"", ""crop_bottom_side"", ""crop_contours"", ""extend_contours_same_color"", ""rot90""]","[""double_right"", ""pad_left"", ""pad_right"", ""rot90"", ""translate_up""]","[""double_right -> crop_contours"", ""pad_left -> extend_contours_same_color"", ""pad_right -> change_shape_color"", ""rot90 -> crop_bottom_side"", ""translate_up -> rot90""]","pair (f,g): fgx=f(g(x)); task-token order [g,f] means g -> f",573,5,5,image_final_norm,42,"[71370, 78000]",256,256,0.01,2,"{""fixed_ranks"": [1, 2, 4, 8, 16, 32], ""variance_thresholds"": [0.9, 0.95]}",recorded_ood,0.23107051717418978,0.11663125880848378,test,0.236563478211343,0.24098136177744092,0.23345646944245835,0.2904715920951906,1.0,0.26804472147391023,0.2668894887823687,0.23939334744293908,0.005492961037153217,0.11549599767532491,-0.0011352611331588761,0.2788972619314499,0.14172224651892718,128,128,255,512,True,0.04630363247568009,CHEATING; fit on first half of this split; score second half only,64,5,5,573,context_error,D_nll,checkpoint_program_means,5,0.6465183299490458,0.23845018319048283,0.6,0.28475697986529386,ok,-1.0,1.0,experiment_run,False,5,Cluster bootstrap by experiment; training-time checkpoints share a run. Few C1 models limit inference.,,,,,,,,,,,,,,
"[""/home/ubuntu/cogitao-research/checkpoints/cogitao_vit_cross_attention/cogitao_c1_experiment_1_vit6_function_mlp_cross_attention/run_000/last.ckpt"", ""/home/ubuntu/cogitao-research/checkpoints/cogitao_vit_cross_attention/cogitao_c1_experiment_2_vit6_function_mlp_cross_attention/run_000/last.ckpt"", ""/home/ubuntu/cogitao-research/checkpoints/cogitao_vit_cross_attention/cogitao_c1_experiment_3_vit6_function_mlp_cross_attention/run_000/last.ckpt"", ""/home/ubuntu/cogitao-research/checkpoints/cogitao_vit_cross_attention/cogitao_c1_experiment_4_vit6_function_mlp_cross_attention/run_000/last.ckpt"", ""/home/ubuntu/cogitao-research/checkpoints/cogitao_vit_cross_attention/cogitao_c1_experiment_5_vit6_function_mlp_cross_attention/run_000/last.ckpt""]","[""2bff05e8e2e5f390f6eb1f5cbf0ac8187832a8a365af10da7100cb8d732aa3f2"", ""35f91e02d5b826c89f6b24f52abf83581220b4b6676009c59b6715b0b2251589"", ""900674f94996e9b2f5190e7cd8bac4486d09332daaf131226f7f107123274de1"", ""9fc5e4f84cb131416f158af2b67349dc93c59e82f33086a7eeab2f7d6f335a7f"", ""c6578b6a655d823b9e27296aaf186e6b5b97bad640fb400cc5f2abaa6f308e6d""]","[""dfec9cbb2afe6616194c1fb41430c0c5d2bc4208""]","[1, 2, 3, 4, 5]",test_ood,"[""change_shape_color"", ""crop_bottom_side"", ""crop_contours"", ""extend_contours_same_color"", ""rot90""]","[""double_right"", ""pad_left"", ""pad_right"", ""rot90"", ""translate_up""]","[""double_right -> crop_contours"", ""pad_left -> extend_contours_same_color"", ""pad_right -> change_shape_color"", ""rot90 -> crop_bottom_side"", ""translate_up -> rot90""]","pair (f,g): fgx=f(g(x)); task-token order [g,f] means g -> f",573,5,5,image_final_norm,42,"[71370, 78000]",256,256,0.01,2,"{""fixed_ranks"": [1, 2, 4, 8, 16, 32], ""variance_thresholds"": [0.9, 0.95]}",recorded_ood,0.23107051717418978,0.11663125880848378,test,0.236563478211343,0.24098136177744092,0.23345646944245835,0.2904715920951906,1.0,0.26804472147391023,0.2668894887823687,0.23939334744293908,0.005492961037153217,0.11549599767532491,-0.0011352611331588761,0.2788972619314499,0.14172224651892718,128,128,255,512,True,0.04630363247568009,CHEATING; fit on first half of this split; score second half only,64,5,5,573,context_error,D_confidence,checkpoint_program_means,5,0.46008581631949524,0.4355790903975241,0.6,0.28475697986529386,ok,-0.9879539716562555,1.0,experiment_run,False,5,Cluster bootstrap by experiment; training-time checkpoints share a run. Few C1 models limit inference.,,,,,,,,,,,,,,
"[""/home/ubuntu/cogitao-research/checkpoints/cogitao_vit_cross_attention/cogitao_c1_experiment_1_vit6_function_mlp_cross_attention/run_000/last.ckpt"", ""/home/ubuntu/cogitao-research/checkpoints/cogitao_vit_cross_attention/cogitao_c1_experiment_2_vit6_function_mlp_cross_attention/run_000/last.ckpt"", ""/home/ubuntu/cogitao-research/checkpoints/cogitao_vit_cross_attention/cogitao_c1_experiment_3_vit6_function_mlp_cross_attention/run_000/last.ckpt"", ""/home/ubuntu/cogitao-research/checkpoints/cogitao_vit_cross_attention/cogitao_c1_experiment_4_vit6_function_mlp_cross_attention/run_000/last.ckpt"", ""/home/ubuntu/cogitao-research/checkpoints/cogitao_vit_cross_attention/cogitao_c1_experiment_5_vit6_function_mlp_cross_attention/run_000/last.ckpt""]","[""2bff05e8e2e5f390f6eb1f5cbf0ac8187832a8a365af10da7100cb8d732aa3f2"", ""35f91e02d5b826c89f6b24f52abf83581220b4b6676009c59b6715b0b2251589"", ""900674f94996e9b2f5190e7cd8bac4486d09332daaf131226f7f107123274de1"", ""9fc5e4f84cb131416f158af2b67349dc93c59e82f33086a7eeab2f7d6f335a7f"", ""c6578b6a655d823b9e27296aaf186e6b5b97bad640fb400cc5f2abaa6f308e6d""]","[""dfec9cbb2afe6616194c1fb41430c0c5d2bc4208""]","[1, 2, 3, 4, 5]",test_ood,"[""change_shape_color"", ""crop_bottom_side"", ""crop_contours"", ""extend_contours_same_color"", ""rot90""]","[""double_right"", ""pad_left"", ""pad_right"", ""rot90"", ""translate_up""]","[""double_right -> crop_contours"", ""pad_left -> extend_contours_same_color"", ""pad_right -> change_shape_color"", ""rot90 -> crop_bottom_side"", ""translate_up -> rot90""]","pair (f,g): fgx=f(g(x)); task-token order [g,f] means g -> f",573,5,5,image_final_norm,42,"[71370, 78000]",256,256,0.01,2,"{""fixed_ranks"": [1, 2, 4, 8, 16, 32], ""variance_thresholds"": [0.9, 0.95]}",recorded_ood,0.23107051717418978,0.11663125880848378,test,0.236563478211343,0.24098136177744092,0.23345646944245835,0.2904715920951906,1.0,0.26804472147391023,0.2668894887823687,0.23939334744293908,0.005492961037153217,0.11549599767532491,-0.0011352611331588761,0.2788972619314499,0.14172224651892718,128,128,255,512,True,0.04630363247568009,CHEATING; fit on first half of this split; score second half only,64,5,5,573,context_error,D_brier,checkpoint_program_means,5,0.3053648284273979,0.6173273811617939,0.3,0.623837664781073,ok,-1.0,1.0,experiment_run,False,5,Cluster bootstrap by experiment; training-time checkpoints share a run. Few C1 models limit inference.,,,,,,,,,,,,,,
"[""/home/ubuntu/cogitao-research/checkpoints/cogitao_vit_cross_attention/cogitao_c1_experiment_1_vit6_function_mlp_cross_attention/run_000/last.ckpt"", ""/home/ubuntu/cogitao-research/checkpoints/cogitao_vit_cross_attention/cogitao_c1_experiment_2_vit6_function_mlp_cross_attention/run_000/last.ckpt"", ""/home/ubuntu/cogitao-research/checkpoints/cogitao_vit_cross_attention/cogitao_c1_experiment_3_vit6_function_mlp_cross_attention/run_000/last.ckpt"", ""/home/ubuntu/cogitao-research/checkpoints/cogitao_vit_cross_attention/cogitao_c1_experiment_4_vit6_function_mlp_cross_attention/run_000/last.ckpt"", ""/home/ubuntu/cogitao-research/checkpoints/cogitao_vit_cross_attention/cogitao_c1_experiment_5_vit6_function_mlp_cross_attention/run_000/last.ckpt""]","[""2bff05e8e2e5f390f6eb1f5cbf0ac8187832a8a365af10da7100cb8d732aa3f2"", ""35f91e02d5b826c89f6b24f52abf83581220b4b6676009c59b6715b0b2251589"", ""900674f94996e9b2f5190e7cd8bac4486d09332daaf131226f7f107123274de1"", ""9fc5e4f84cb131416f158af2b67349dc93c59e82f33086a7eeab2f7d6f335a7f"", ""c6578b6a655d823b9e27296aaf186e6b5b97bad640fb400cc5f2abaa6f308e6d""]","[""dfec9cbb2afe6616194c1fb41430c0c5d2bc4208""]","[1, 2, 3, 4, 5]",test_ood,"[""change_shape_color"", ""crop_bottom_side"", ""crop_contours"", ""extend_contours_same_color"", ""rot90""]","[""double_right"", ""pad_left"", ""pad_right"", ""rot90"", ""translate_up""]","[""double_right -> crop_contours"", ""pad_left -> extend_contours_same_color"", ""pad_right -> change_shape_color"", ""rot90 -> crop_bottom_side"", ""translate_up -> rot90""]","pair (f,g): fgx=f(g(x)); task-token order [g,f] means g -> f",573,5,5,image_final_norm,42,"[71370, 78000]",256,256,0.01,2,"{""fixed_ranks"": [1, 2, 4, 8, 16, 32], ""variance_thresholds"": [0.9, 0.95]}",recorded_ood,0.23107051717418978,0.11663125880848378,test,0.236563478211343,0.24098136177744092,0.23345646944245835,0.2904715920951906,1.0,0.26804472147391023,0.2668894887823687,0.23939334744293908,0.005492961037153217,0.11549599767532491,-0.0011352611331588761,0.2788972619314499,0.14172224651892718,128,128,255,512,True,0.04630363247568009,CHEATING; fit on first half of this split; score second half only,64,5,5,573,composition_error,D_object_error,checkpoint_program_means,5,0.4173973179860613,0.48441544607330045,-0.09999999999999999,0.8728885715695384,ok,-1.0,1.0,experiment_run,False,5,Cluster bootstrap by experiment; training-time checkpoints share a run. Few C1 models limit inference.,,,,,,,,,,,,,,
"[""/home/ubuntu/cogitao-research/checkpoints/cogitao_vit_cross_attention/cogitao_c1_experiment_1_vit6_function_mlp_cross_attention/run_000/last.ckpt"", ""/home/ubuntu/cogitao-research/checkpoints/cogitao_vit_cross_attention/cogitao_c1_experiment_2_vit6_function_mlp_cross_attention/run_000/last.ckpt"", ""/home/ubuntu/cogitao-research/checkpoints/cogitao_vit_cross_attention/cogitao_c1_experiment_3_vit6_function_mlp_cross_attention/run_000/last.ckpt"", ""/home/ubuntu/cogitao-research/checkpoints/cogitao_vit_cross_attention/cogitao_c1_experiment_4_vit6_function_mlp_cross_attention/run_000/last.ckpt"", ""/home/ubuntu/cogitao-research/checkpoints/cogitao_vit_cross_attention/cogitao_c1_experiment_5_vit6_function_mlp_cross_attention/run_000/last.ckpt""]","[""2bff05e8e2e5f390f6eb1f5cbf0ac8187832a8a365af10da7100cb8d732aa3f2"", ""35f91e02d5b826c89f6b24f52abf83581220b4b6676009c59b6715b0b2251589"", ""900674f94996e9b2f5190e7cd8bac4486d09332daaf131226f7f107123274de1"", ""9fc5e4f84cb131416f158af2b67349dc93c59e82f33086a7eeab2f7d6f335a7f"", ""c6578b6a655d823b9e27296aaf186e6b5b97bad640fb400cc5f2abaa6f308e6d""]","[""dfec9cbb2afe6616194c1fb41430c0c5d2bc4208""]","[1, 2, 3, 4, 5]",test_ood,"[""change_shape_color"", ""crop_bottom_side"", ""crop_contours"", ""extend_contours_same_color"", ""rot90""]","[""double_right"", ""pad_left"", ""pad_right"", ""rot90"", ""translate_up""]","[""double_right -> crop_contours"", ""pad_left -> extend_contours_same_color"", ""pad_right -> change_shape_color"", ""rot90 -> crop_bottom_side"", ""translate_up -> rot90""]","pair (f,g): fgx=f(g(x)); task-token order [g,f] means g -> f",573,5,5,image_final_norm,42,"[71370, 78000]",256,256,0.01,2,"{""fixed_ranks"": [1, 2, 4, 8, 16, 32], ""variance_thresholds"": [0.9, 0.95]}",recorded_ood,0.23107051717418978,0.11663125880848378,test,0.236563478211343,0.24098136177744092,0.23345646944245835,0.2904715920951906,1.0,0.26804472147391023,0.2668894887823687,0.23939334744293908,0.005492961037153217,0.11549599767532491,-0.0011352611331588761,0.2788972619314499,0.14172224651892718,128,128,255,512,True,0.04630363247568009,CHEATING; fit on first half of this split; score second half only,64,5,5,573,composition_error,D_nll,checkpoint_program_means,5,0.40542548607360485,0.4983085634304232,0.3,0.623837664781073,ok,-1.0,1.0,experiment_run,False,5,Cluster bootstrap by experiment; training-time checkpoints share a run. Few C1 models limit inference.,,,,,,,,,,,,,,
"[""/home/ubuntu/cogitao-research/checkpoints/cogitao_vit_cross_attention/cogitao_c1_experiment_1_vit6_function_mlp_cross_attention/run_000/last.ckpt"", ""/home/ubuntu/cogitao-research/checkpoints/cogitao_vit_cross_attention/cogitao_c1_experiment_2_vit6_function_mlp_cross_attention/run_000/last.ckpt"", ""/home/ubuntu/cogitao-research/checkpoints/cogitao_vit_cross_attention/cogitao_c1_experiment_3_vit6_function_mlp_cross_attention/run_000/last.ckpt"", ""/home/ubuntu/cogitao-research/checkpoints/cogitao_vit_cross_attention/cogitao_c1_experiment_4_vit6_function_mlp_cross_attention/run_000/last.ckpt"", ""/home/ubuntu/cogitao-research/checkpoints/cogitao_vit_cross_attention/cogitao_c1_experiment_5_vit6_function_mlp_cross_attention/run_000/last.ckpt""]","[""2bff05e8e2e5f390f6eb1f5cbf0ac8187832a8a365af10da7100cb8d732aa3f2"", ""35f91e02d5b826c89f6b24f52abf83581220b4b6676009c59b6715b0b2251589"", ""900674f94996e9b2f5190e7cd8bac4486d09332daaf131226f7f107123274de1"", ""9fc5e4f84cb131416f158af2b67349dc93c59e82f33086a7eeab2f7d6f335a7f"", ""c6578b6a655d823b9e27296aaf186e6b5b97bad640fb400cc5f2abaa6f308e6d""]","[""dfec9cbb2afe6616194c1fb41430c0c5d2bc4208""]","[1, 2, 3, 4, 5]",test_ood,"[""change_shape_color"", ""crop_bottom_side"", ""crop_contours"", ""extend_contours_same_color"", ""rot90""]","[""double_right"", ""pad_left"", ""pad_right"", ""rot90"", ""translate_up""]","[""double_right -> crop_contours"", ""pad_left -> extend_contours_same_color"", ""pad_right -> change_shape_color"", ""rot90 -> crop_bottom_side"", ""translate_up -> rot90""]","pair (f,g): fgx=f(g(x)); task-token order [g,f] means g -> f",573,5,5,image_final_norm,42,"[71370, 78000]",256,256,0.01,2,"{""fixed_ranks"": [1, 2, 4, 8, 16, 32], ""variance_thresholds"": [0.9, 0.95]}",recorded_ood,0.23107051717418978,0.11663125880848378,test,0.236563478211343,0.24098136177744092,0.23345646944245835,0.2904715920951906,1.0,0.26804472147391023,0.2668894887823687,0.23939334744293908,0.005492961037153217,0.11549599767532491,-0.0011352611331588761,0.2788972619314499,0.14172224651892718,128,128,255,512,True,0.04630363247568009,CHEATING; fit on first half of this split; score second half only,64,5,5,573,composition_error,D_confidence,checkpoint_program_means,5,0.3683219010066353,0.5418682719363702,0.7,0.1881204043741873,ok,-0.7290097012483305,1.0,experiment_run,False,5,Cluster bootstrap by experiment; training-time checkpoints share a run. Few C1 models limit inference.,,,,,,,,,,,,,,
"[""/home/ubuntu/cogitao-research/checkpoints/cogitao_vit_cross_attention/cogitao_c1_experiment_1_vit6_function_mlp_cross_attention/run_000/last.ckpt"", ""/home/ubuntu/cogitao-research/checkpoints/cogitao_vit_cross_attention/cogitao_c1_experiment_2_vit6_function_mlp_cross_attention/run_000/last.ckpt"", ""/home/ubuntu/cogitao-research/checkpoints/cogitao_vit_cross_attention/cogitao_c1_experiment_3_vit6_function_mlp_cross_attention/run_000/last.ckpt"", ""/home/ubuntu/cogitao-research/checkpoints/cogitao_vit_cross_attention/cogitao_c1_experiment_4_vit6_function_mlp_cross_attention/run_000/last.ckpt"", ""/home/ubuntu/cogitao-research/checkpoints/cogitao_vit_cross_attention/cogitao_c1_experiment_5_vit6_function_mlp_cross_attention/run_000/last.ckpt""]","[""2bff05e8e2e5f390f6eb1f5cbf0ac8187832a8a365af10da7100cb8d732aa3f2"", ""35f91e02d5b826c89f6b24f52abf83581220b4b6676009c59b6715b0b2251589"", ""900674f94996e9b2f5190e7cd8bac4486d09332daaf131226f7f107123274de1"", ""9fc5e4f84cb131416f158af2b67349dc93c59e82f33086a7eeab2f7d6f335a7f"", ""c6578b6a655d823b9e27296aaf186e6b5b97bad640fb400cc5f2abaa6f308e6d""]","[""dfec9cbb2afe6616194c1fb41430c0c5d2bc4208""]","[1, 2, 3, 4, 5]",test_ood,"[""change_shape_color"", ""crop_bottom_side"", ""crop_contours"", ""extend_contours_same_color"", ""rot90""]","[""double_right"", ""pad_left"", ""pad_right"", ""rot90"", ""translate_up""]","[""double_right -> crop_contours"", ""pad_left -> extend_contours_same_color"", ""pad_right -> change_shape_color"", ""rot90 -> crop_bottom_side"", ""translate_up -> rot90""]","pair (f,g): fgx=f(g(x)); task-token order [g,f] means g -> f",573,5,5,image_final_norm,42,"[71370, 78000]",256,256,0.01,2,"{""fixed_ranks"": [1, 2, 4, 8, 16, 32], ""variance_thresholds"": [0.9, 0.95]}",recorded_ood,0.23107051717418978,0.11663125880848378,test,0.236563478211343,0.24098136177744092,0.23345646944245835,0.2904715920951906,1.0,0.26804472147391023,0.2668894887823687,0.23939334744293908,0.005492961037153217,0.11549599767532491,-0.0011352611331588761,0.2788972619314499,0.14172224651892718,128,128,255,512,True,0.04630363247568009,CHEATING; fit on first half of this split; score second half only,64,5,5,573,composition_error,D_brier,checkpoint_program_means,5,0.05222584789740059,0.9335342259935223,0.09999999999999999,0.8728885715695384,ok,-1.0,1.0,experiment_run,False,5,Cluster bootstrap by experiment; training-time checkpoints share a run. Few C1 models limit inference.,,,,,,,,,,,,,,
"[""/home/ubuntu/cogitao-research/checkpoints/cogitao_vit_cross_attention/cogitao_c1_experiment_1_vit6_function_mlp_cross_attention/run_000/last.ckpt"", ""/home/ubuntu/cogitao-research/checkpoints/cogitao_vit_cross_attention/cogitao_c1_experiment_2_vit6_function_mlp_cross_attention/run_000/last.ckpt"", ""/home/ubuntu/cogitao-research/checkpoints/cogitao_vit_cross_attention/cogitao_c1_experiment_3_vit6_function_mlp_cross_attention/run_000/last.ckpt"", ""/home/ubuntu/cogitao-research/checkpoints/cogitao_vit_cross_attention/cogitao_c1_experiment_4_vit6_function_mlp_cross_attention/run_000/last.ckpt"", ""/home/ubuntu/cogitao-research/checkpoints/cogitao_vit_cross_attention/cogitao_c1_experiment_5_vit6_function_mlp_cross_attention/run_000/last.ckpt""]","[""2bff05e8e2e5f390f6eb1f5cbf0ac8187832a8a365af10da7100cb8d732aa3f2"", ""35f91e02d5b826c89f6b24f52abf83581220b4b6676009c59b6715b0b2251589"", ""900674f94996e9b2f5190e7cd8bac4486d09332daaf131226f7f107123274de1"", ""9fc5e4f84cb131416f158af2b67349dc93c59e82f33086a7eeab2f7d6f335a7f"", ""c6578b6a655d823b9e27296aaf186e6b5b97bad640fb400cc5f2abaa6f308e6d""]","[""dfec9cbb2afe6616194c1fb41430c0c5d2bc4208""]","[1, 2, 3, 4, 5]",test_ood,"[""change_shape_color"", ""crop_bottom_side"", ""crop_contours"", ""extend_contours_same_color"", ""rot90""]","[""double_right"", ""pad_left"", ""pad_right"", ""rot90"", ""translate_up""]","[""double_right -> crop_contours"", ""pad_left -> extend_contours_same_color"", ""pad_right -> change_shape_color"", ""rot90 -> crop_bottom_side"", ""translate_up -> rot90""]","pair (f,g): fgx=f(g(x)); task-token order [g,f] means g -> f",573,5,5,image_final_norm,42,"[71370, 78000]",256,256,0.01,2,"{""fixed_ranks"": [1, 2, 4, 8, 16, 32], ""variance_thresholds"": [0.9, 0.95]}",recorded_ood,0.23107051717418978,0.11663125880848378,test,0.236563478211343,0.24098136177744092,0.23345646944245835,0.2904715920951906,1.0,0.26804472147391023,0.2668894887823687,0.23939334744293908,0.005492961037153217,0.11549599767532491,-0.0011352611331588761,0.2788972619314499,0.14172224651892718,128,128,255,512,True,0.04630363247568009,CHEATING; fit on first half of this split; score second half only,64,5,5,573,transfer_gap,D_object_error,checkpoint_program_means,5,0.3107347502250397,0.6108226851782659,-0.3,0.623837664781073,ok,-1.0,1.0,experiment_run,False,5,Cluster bootstrap by experiment; training-time checkpoints share a run. Few C1 models limit inference.,,,,,,,,,,,,,,
"[""/home/ubuntu/cogitao-research/checkpoints/cogitao_vit_cross_attention/cogitao_c1_experiment_1_vit6_function_mlp_cross_attention/run_000/last.ckpt"", ""/home/ubuntu/cogitao-research/checkpoints/cogitao_vit_cross_attention/cogitao_c1_experiment_2_vit6_function_mlp_cross_attention/run_000/last.ckpt"", ""/home/ubuntu/cogitao-research/checkpoints/cogitao_vit_cross_attention/cogitao_c1_experiment_3_vit6_function_mlp_cross_attention/run_000/last.ckpt"", ""/home/ubuntu/cogitao-research/checkpoints/cogitao_vit_cross_attention/cogitao_c1_experiment_4_vit6_function_mlp_cross_attention/run_000/last.ckpt"", ""/home/ubuntu/cogitao-research/checkpoints/cogitao_vit_cross_attention/cogitao_c1_experiment_5_vit6_function_mlp_cross_attention/run_000/last.ckpt""]","[""2bff05e8e2e5f390f6eb1f5cbf0ac8187832a8a365af10da7100cb8d732aa3f2"", ""35f91e02d5b826c89f6b24f52abf83581220b4b6676009c59b6715b0b2251589"", ""900674f94996e9b2f5190e7cd8bac4486d09332daaf131226f7f107123274de1"", ""9fc5e4f84cb131416f158af2b67349dc93c59e82f33086a7eeab2f7d6f335a7f"", ""c6578b6a655d823b9e27296aaf186e6b5b97bad640fb400cc5f2abaa6f308e6d""]","[""dfec9cbb2afe6616194c1fb41430c0c5d2bc4208""]","[1, 2, 3, 4, 5]",test_ood,"[""change_shape_color"", ""crop_bottom_side"", ""crop_contours"", ""extend_contours_same_color"", ""rot90""]","[""double_right"", ""pad_left"", ""pad_right"", ""rot90"", ""translate_up""]","[""double_right -> crop_contours"", ""pad_left -> extend_contours_same_color"", ""pad_right -> change_shape_color"", ""rot90 -> crop_bottom_side"", ""translate_up -> rot90""]","pair (f,g): fgx=f(g(x)); task-token order [g,f] means g -> f",573,5,5,image_final_norm,42,"[71370, 78000]",256,256,0.01,2,"{""fixed_ranks"": [1, 2, 4, 8, 16, 32], ""variance_thresholds"": [0.9, 0.95]}",recorded_ood,0.23107051717418978,0.11663125880848378,test,0.236563478211343,0.24098136177744092,0.23345646944245835,0.2904715920951906,1.0,0.26804472147391023,0.2668894887823687,0.23939334744293908,0.005492961037153217,0.11549599767532491,-0.0011352611331588761,0.2788972619314499,0.14172224651892718,128,128,255,512,True,0.04630363247568009,CHEATING; fit on first half of this split; score second half only,64,5,5,573,transfer_gap,D_nll,checkpoint_program_means,5,0.688056171064036,0.19906866605484513,0.49999999999999994,0.3910022189557703,ok,-0.9999999999999998,0.9999999999999999,experiment_run,False,5,Cluster bootstrap by experiment; training-time checkpoints share a run. Few C1 models limit inference.,,,,,,,,,,,,,,
"[""/home/ubuntu/cogitao-research/checkpoints/cogitao_vit_cross_attention/cogitao_c1_experiment_1_vit6_function_mlp_cross_attention/run_000/last.ckpt"", ""/home/ubuntu/cogitao-research/checkpoints/cogitao_vit_cross_attention/cogitao_c1_experiment_2_vit6_function_mlp_cross_attention/run_000/last.ckpt"", ""/home/ubuntu/cogitao-research/checkpoints/cogitao_vit_cross_attention/cogitao_c1_experiment_3_vit6_function_mlp_cross_attention/run_000/last.ckpt"", ""/home/ubuntu/cogitao-research/checkpoints/cogitao_vit_cross_attention/cogitao_c1_experiment_4_vit6_function_mlp_cross_attention/run_000/last.ckpt"", ""/home/ubuntu/cogitao-research/checkpoints/cogitao_vit_cross_attention/cogitao_c1_experiment_5_vit6_function_mlp_cross_attention/run_000/last.ckpt""]","[""2bff05e8e2e5f390f6eb1f5cbf0ac8187832a8a365af10da7100cb8d732aa3f2"", ""35f91e02d5b826c89f6b24f52abf83581220b4b6676009c59b6715b0b2251589"", ""900674f94996e9b2f5190e7cd8bac4486d09332daaf131226f7f107123274de1"", ""9fc5e4f84cb131416f158af2b67349dc93c59e82f33086a7eeab2f7d6f335a7f"", ""c6578b6a655d823b9e27296aaf186e6b5b97bad640fb400cc5f2abaa6f308e6d""]","[""dfec9cbb2afe6616194c1fb41430c0c5d2bc4208""]","[1, 2, 3, 4, 5]",test_ood,"[""change_shape_color"", ""crop_bottom_side"", ""crop_contours"", ""extend_contours_same_color"", ""rot90""]","[""double_right"", ""pad_left"", ""pad_right"", ""rot90"", ""translate_up""]","[""double_right -> crop_contours"", ""pad_left -> extend_contours_same_color"", ""pad_right -> change_shape_color"", ""rot90 -> crop_bottom_side"", ""translate_up -> rot90""]","pair (f,g): fgx=f(g(x)); task-token order [g,f] means g -> f",573,5,5,image_final_norm,42,"[71370, 78000]",256,256,0.01,2,"{""fixed_ranks"": [1, 2, 4, 8, 16, 32], ""variance_thresholds"": [0.9, 0.95]}",recorded_ood,0.23107051717418978,0.11663125880848378,test,0.236563478211343,0.24098136177744092,0.23345646944245835,0.2904715920951906,1.0,0.26804472147391023,0.2668894887823687,0.23939334744293908,0.005492961037153217,0.11549599767532491,-0.0011352611331588761,0.2788972619314499,0.14172224651892718,128,128,255,512,True,0.04630363247568009,CHEATING; fit on first half of this split; score second half only,64,5,5,573,transfer_gap,D_confidence,checkpoint_program_means,5,0.8170390213020774,0.09132262766165387,0.8999999999999998,0.03738607346849874,ok,-0.3704030238936461,1.0,experiment_run,False,5,Cluster bootstrap by experiment; training-time checkpoints share a run. Few C1 models limit inference.,,,,,,,,,,,,,,
"[""/home/ubuntu/cogitao-research/checkpoints/cogitao_vit_cross_attention/cogitao_c1_experiment_1_vit6_function_mlp_cross_attention/run_000/last.ckpt"", ""/home/ubuntu/cogitao-research/checkpoints/cogitao_vit_cross_attention/cogitao_c1_experiment_2_vit6_function_mlp_cross_attention/run_000/last.ckpt"", ""/home/ubuntu/cogitao-research/checkpoints/cogitao_vit_cross_attention/cogitao_c1_experiment_3_vit6_function_mlp_cross_attention/run_000/last.ckpt"", ""/home/ubuntu/cogitao-research/checkpoints/cogitao_vit_cross_attention/cogitao_c1_experiment_4_vit6_function_mlp_cross_attention/run_000/last.ckpt"", ""/home/ubuntu/cogitao-research/checkpoints/cogitao_vit_cross_attention/cogitao_c1_experiment_5_vit6_function_mlp_cross_attention/run_000/last.ckpt""]","[""2bff05e8e2e5f390f6eb1f5cbf0ac8187832a8a365af10da7100cb8d732aa3f2"", ""35f91e02d5b826c89f6b24f52abf83581220b4b6676009c59b6715b0b2251589"", ""900674f94996e9b2f5190e7cd8bac4486d09332daaf131226f7f107123274de1"", ""9fc5e4f84cb131416f158af2b67349dc93c59e82f33086a7eeab2f7d6f335a7f"", ""c6578b6a655d823b9e27296aaf186e6b5b97bad640fb400cc5f2abaa6f308e6d""]","[""dfec9cbb2afe6616194c1fb41430c0c5d2bc4208""]","[1, 2, 3, 4, 5]",test_ood,"[""change_shape_color"", ""crop_bottom_side"", ""crop_contours"", ""extend_contours_same_color"", ""rot90""]","[""double_right"", ""pad_left"", ""pad_right"", ""rot90"", ""translate_up""]","[""double_right -> crop_contours"", ""pad_left -> extend_contours_same_color"", ""pad_right -> change_shape_color"", ""rot90 -> crop_bottom_side"", ""translate_up -> rot90""]","pair (f,g): fgx=f(g(x)); task-token order [g,f] means g -> f",573,5,5,image_final_norm,42,"[71370, 78000]",256,256,0.01,2,"{""fixed_ranks"": [1, 2, 4, 8, 16, 32], ""variance_thresholds"": [0.9, 0.95]}",recorded_ood,0.23107051717418978,0.11663125880848378,test,0.236563478211343,0.24098136177744092,0.23345646944245835,0.2904715920951906,1.0,0.26804472147391023,0.2668894887823687,0.23939334744293908,0.005492961037153217,0.11549599767532491,-0.0011352611331588761,0.2788972619314499,0.14172224651892718,128,128,255,512,True,0.04630363247568009,CHEATING; fit on first half of this split; score second half only,64,5,5,573,transfer_gap,D_brier,checkpoint_program_means,5,0.7529033328609863,0.1418546192765421,0.3,0.623837664781073,ok,-1.0,1.0,experiment_run,False,5,Cluster bootstrap by experiment; training-time checkpoints share a run. Few C1 models limit inference.,,,,,,,,,,,,,,
"[""/home/ubuntu/cogitao-research/checkpoints/cogitao_vit_cross_attention/cogitao_c1_experiment_1_vit6_function_mlp_cross_attention/run_000/last.ckpt"", ""/home/ubuntu/cogitao-research/checkpoints/cogitao_vit_cross_attention/cogitao_c1_experiment_2_vit6_function_mlp_cross_attention/run_000/last.ckpt"", ""/home/ubuntu/cogitao-research/checkpoints/cogitao_vit_cross_attention/cogitao_c1_experiment_3_vit6_function_mlp_cross_attention/run_000/last.ckpt"", ""/home/ubuntu/cogitao-research/checkpoints/cogitao_vit_cross_attention/cogitao_c1_experiment_4_vit6_function_mlp_cross_attention/run_000/last.ckpt"", ""/home/ubuntu/cogitao-research/checkpoints/cogitao_vit_cross_attention/cogitao_c1_experiment_5_vit6_function_mlp_cross_attention/run_000/last.ckpt""]","[""2bff05e8e2e5f390f6eb1f5cbf0ac8187832a8a365af10da7100cb8d732aa3f2"", ""35f91e02d5b826c89f6b24f52abf83581220b4b6676009c59b6715b0b2251589"", ""900674f94996e9b2f5190e7cd8bac4486d09332daaf131226f7f107123274de1"", ""9fc5e4f84cb131416f158af2b67349dc93c59e82f33086a7eeab2f7d6f335a7f"", ""c6578b6a655d823b9e27296aaf186e6b5b97bad640fb400cc5f2abaa6f308e6d""]","[""dfec9cbb2afe6616194c1fb41430c0c5d2bc4208""]","[1, 2, 3, 4, 5]",val,"[""change_shape_color"", ""crop_bottom_side"", ""crop_contours"", ""extend_contours_same_color"", ""rot90""]","[""double_right"", ""pad_left"", ""pad_right"", ""rot90"", ""translate_up""]","[""double_right -> crop_contours"", ""pad_left -> extend_contours_same_color"", ""pad_right -> change_shape_color"", ""rot90 -> crop_bottom_side"", ""translate_up -> rot90""]","pair (f,g): fgx=f(g(x)); task-token order [g,f] means g -> f",521,5,5,image_block_01,42,"[71370, 78000]",256,256,0.01,2,"{""fixed_ranks"": [1, 2, 4, 8, 16, 32], ""variance_thresholds"": [0.9, 0.95]}",synthetic_context_on_atomic_id,,,,,,,,,,,,,,,,,,,,,,,,,5,5,521,principal_angle_variance_0.9,D_object_error,checkpoint_program_means,4,0.5837782204415924,0.41622177955840756,0.7999999999999999,0.2000000000000001,ok,-1.0,1.0,experiment_run,False,4,Descriptive OOD subspace fit; few model clusters.,f_given_g,variance_0.9,16,0.43016988403890083,0.434680546609985,0.2081838725302111,0.9846845118597868,0.9696390196043048,0.16049603334987728,254,127,descriptive_only; never used for ID projection,ok,"[14, 16, 20, 28]"
"[""/home/ubuntu/cogitao-research/checkpoints/cogitao_vit_cross_attention/cogitao_c1_experiment_1_vit6_function_mlp_cross_attention/run_000/last.ckpt"", ""/home/ubuntu/cogitao-research/checkpoints/cogitao_vit_cross_attention/cogitao_c1_experiment_2_vit6_function_mlp_cross_attention/run_000/last.ckpt"", ""/home/ubuntu/cogitao-research/checkpoints/cogitao_vit_cross_attention/cogitao_c1_experiment_3_vit6_function_mlp_cross_attention/run_000/last.ckpt"", ""/home/ubuntu/cogitao-research/checkpoints/cogitao_vit_cross_attention/cogitao_c1_experiment_4_vit6_function_mlp_cross_attention/run_000/last.ckpt"", ""/home/ubuntu/cogitao-research/checkpoints/cogitao_vit_cross_attention/cogitao_c1_experiment_5_vit6_function_mlp_cross_attention/run_000/last.ckpt""]","[""2bff05e8e2e5f390f6eb1f5cbf0ac8187832a8a365af10da7100cb8d732aa3f2"", ""35f91e02d5b826c89f6b24f52abf83581220b4b6676009c59b6715b0b2251589"", ""900674f94996e9b2f5190e7cd8bac4486d09332daaf131226f7f107123274de1"", ""9fc5e4f84cb131416f158af2b67349dc93c59e82f33086a7eeab2f7d6f335a7f"", ""c6578b6a655d823b9e27296aaf186e6b5b97bad640fb400cc5f2abaa6f308e6d""]","[""dfec9cbb2afe6616194c1fb41430c0c5d2bc4208""]","[1, 2, 3, 4, 5]",val,"[""change_shape_color"", ""crop_bottom_side"", ""crop_contours"", ""extend_contours_same_color"", ""rot90""]","[""double_right"", ""pad_left"", ""pad_right"", ""rot90"", ""translate_up""]","[""double_right -> crop_contours"", ""pad_left -> extend_contours_same_color"", ""pad_right -> change_shape_color"", ""rot90 -> crop_bottom_side"", ""translate_up -> rot90""]","pair (f,g): fgx=f(g(x)); task-token order [g,f] means g -> f",521,5,5,image_block_02,42,"[71370, 78000]",256,256,0.01,2,"{""fixed_ranks"": [1, 2, 4, 8, 16, 32], ""variance_thresholds"": [0.9, 0.95]}",synthetic_context_on_atomic_id,,,,,,,,,,,,,,,,,,,,,,,,,5,5,521,principal_angle_variance_0.9,D_object_error,checkpoint_program_means,4,0.8209762468822998,0.17902375311770014,0.39999999999999997,0.6,ok,-1.0,1.0,experiment_run,False,4,Descriptive OOD subspace fit; few model clusters.,f_given_g,variance_0.9,29,0.4441273003380902,0.4445082798358697,0.2126897709807698,0.9686820773561969,0.9384151892120908,0.285057708144029,254,127,descriptive_only; never used for ID projection,ok,"[21, 26, 29, 41]"
"[""/home/ubuntu/cogitao-research/checkpoints/cogitao_vit_cross_attention/cogitao_c1_experiment_1_vit6_function_mlp_cross_attention/run_000/last.ckpt"", ""/home/ubuntu/cogitao-research/checkpoints/cogitao_vit_cross_attention/cogitao_c1_experiment_2_vit6_function_mlp_cross_attention/run_000/last.ckpt"", ""/home/ubuntu/cogitao-research/checkpoints/cogitao_vit_cross_attention/cogitao_c1_experiment_3_vit6_function_mlp_cross_attention/run_000/last.ckpt"", ""/home/ubuntu/cogitao-research/checkpoints/cogitao_vit_cross_attention/cogitao_c1_experiment_4_vit6_function_mlp_cross_attention/run_000/last.ckpt"", ""/home/ubuntu/cogitao-research/checkpoints/cogitao_vit_cross_attention/cogitao_c1_experiment_5_vit6_function_mlp_cross_attention/run_000/last.ckpt""]","[""2bff05e8e2e5f390f6eb1f5cbf0ac8187832a8a365af10da7100cb8d732aa3f2"", ""35f91e02d5b826c89f6b24f52abf83581220b4b6676009c59b6715b0b2251589"", ""900674f94996e9b2f5190e7cd8bac4486d09332daaf131226f7f107123274de1"", ""9fc5e4f84cb131416f158af2b67349dc93c59e82f33086a7eeab2f7d6f335a7f"", ""c6578b6a655d823b9e27296aaf186e6b5b97bad640fb400cc5f2abaa6f308e6d""]","[""dfec9cbb2afe6616194c1fb41430c0c5d2bc4208""]","[1, 2, 3, 4, 5]",val,"[""change_shape_color"", ""crop_bottom_side"", ""crop_contours"", ""extend_contours_same_color"", ""rot90""]","[""double_right"", ""pad_left"", ""pad_right"", ""rot90"", ""translate_up""]","[""double_right -> crop_contours"", ""pad_left -> extend_contours_same_color"", ""pad_right -> change_shape_color"", ""rot90 -> crop_bottom_side"", ""translate_up -> rot90""]","pair (f,g): fgx=f(g(x)); task-token order [g,f] means g -> f",521,5,5,image_block_03,42,"[71370, 78000]",256,256,0.01,2,"{""fixed_ranks"": [1, 2, 4, 8, 16, 32], ""variance_thresholds"": [0.9, 0.95]}",synthetic_context_on_atomic_id,,,,,,,,,,,,,,,,,,,,,,,,,5,5,521,principal_angle_variance_0.9,D_object_error,checkpoint_program_means,4,0.6573722568391366,0.3426277431608633,0.39999999999999997,0.6,ok,-1.0,1.0,experiment_run,False,4,Descriptive OOD subspace fit; few model clusters.,f_given_g,variance_0.9,36,0.4604972597192042,0.4587691814102465,0.22372711305798465,0.9645387042889605,0.930394653844443,0.3125189675514539,254,127,descriptive_only; never used for ID projection,ok,"[30, 34, 35, 36, 46]"
"[""/home/ubuntu/cogitao-research/checkpoints/cogitao_vit_cross_attention/cogitao_c1_experiment_1_vit6_function_mlp_cross_attention/run_000/last.ckpt"", ""/home/ubuntu/cogitao-research/checkpoints/cogitao_vit_cross_attention/cogitao_c1_experiment_2_vit6_function_mlp_cross_attention/run_000/last.ckpt"", ""/home/ubuntu/cogitao-research/checkpoints/cogitao_vit_cross_attention/cogitao_c1_experiment_3_vit6_function_mlp_cross_attention/run_000/last.ckpt"", ""/home/ubuntu/cogitao-research/checkpoints/cogitao_vit_cross_attention/cogitao_c1_experiment_4_vit6_function_mlp_cross_attention/run_000/last.ckpt"", ""/home/ubuntu/cogitao-research/checkpoints/cogitao_vit_cross_attention/cogitao_c1_experiment_5_vit6_function_mlp_cross_attention/run_000/last.ckpt""]","[""2bff05e8e2e5f390f6eb1f5cbf0ac8187832a8a365af10da7100cb8d732aa3f2"", ""35f91e02d5b826c89f6b24f52abf83581220b4b6676009c59b6715b0b2251589"", ""900674f94996e9b2f5190e7cd8bac4486d09332daaf131226f7f107123274de1"", ""9fc5e4f84cb131416f158af2b67349dc93c59e82f33086a7eeab2f7d6f335a7f"", ""c6578b6a655d823b9e27296aaf186e6b5b97bad640fb400cc5f2abaa6f308e6d""]","[""dfec9cbb2afe6616194c1fb41430c0c5d2bc4208""]","[1, 2, 3, 4, 5]",val,"[""change_shape_color"", ""crop_bottom_side"", ""crop_contours"", ""extend_contours_same_color"", ""rot90""]","[""double_right"", ""pad_left"", ""pad_right"", ""rot90"", ""translate_up""]","[""double_right -> crop_contours"", ""pad_left -> extend_contours_same_color"", ""pad_right -> change_shape_color"", ""rot90 -> crop_bottom_side"", ""translate_up -> rot90""]","pair (f,g): fgx=f(g(x)); task-token order [g,f] means g -> f",521,5,5,image_block_04,42,"[71370, 78000]",256,256,0.01,2,"{""fixed_ranks"": [1, 2, 4, 8, 16, 32], ""variance_thresholds"": [0.9, 0.95]}",synthetic_context_on_atomic_id,,,,,,,,,,,,,,,,,,,,,,,,,5,5,521,principal_angle_variance_0.9,D_object_error,checkpoint_program_means,4,0.6823518740037263,0.31764812599627357,0.39999999999999997,0.6,ok,-1.0,1.0,experiment_run,False,4,Descriptive OOD subspace fit; few model clusters.,f_given_g,variance_0.9,40,0.47252649559358395,0.4714510856556321,0.23390140688701916,0.9613858215787681,0.9243545176839794,0.33910580416007846,254,127,descriptive_only; never used for ID projection,ok,"[33, 37, 40, 42, 52]"
"[""/home/ubuntu/cogitao-research/checkpoints/cogitao_vit_cross_attention/cogitao_c1_experiment_1_vit6_function_mlp_cross_attention/run_000/last.ckpt"", ""/home/ubuntu/cogitao-research/checkpoints/cogitao_vit_cross_attention/cogitao_c1_experiment_2_vit6_function_mlp_cross_attention/run_000/last.ckpt"", ""/home/ubuntu/cogitao-research/checkpoints/cogitao_vit_cross_attention/cogitao_c1_experiment_3_vit6_function_mlp_cross_attention/run_000/last.ckpt"", ""/home/ubuntu/cogitao-research/checkpoints/cogitao_vit_cross_attention/cogitao_c1_experiment_4_vit6_function_mlp_cross_attention/run_000/last.ckpt"", ""/home/ubuntu/cogitao-research/checkpoints/cogitao_vit_cross_attention/cogitao_c1_experiment_5_vit6_function_mlp_cross_attention/run_000/last.ckpt""]","[""2bff05e8e2e5f390f6eb1f5cbf0ac8187832a8a365af10da7100cb8d732aa3f2"", ""35f91e02d5b826c89f6b24f52abf83581220b4b6676009c59b6715b0b2251589"", ""900674f94996e9b2f5190e7cd8bac4486d09332daaf131226f7f107123274de1"", ""9fc5e4f84cb131416f158af2b67349dc93c59e82f33086a7eeab2f7d6f335a7f"", ""c6578b6a655d823b9e27296aaf186e6b5b97bad640fb400cc5f2abaa6f308e6d""]","[""dfec9cbb2afe6616194c1fb41430c0c5d2bc4208""]","[1, 2, 3, 4, 5]",val,"[""change_shape_color"", ""crop_bottom_side"", ""crop_contours"", ""extend_contours_same_color"", ""rot90""]","[""double_right"", ""pad_left"", ""pad_right"", ""rot90"", ""translate_up""]","[""double_right -> crop_contours"", ""pad_left -> extend_contours_same_color"", ""pad_right -> change_shape_color"", ""rot90 -> crop_bottom_side"", ""translate_up -> rot90""]","pair (f,g): fgx=f(g(x)); task-token order [g,f] means g -> f",521,5,5,image_block_05,42,"[71370, 78000]",256,256,0.01,2,"{""fixed_ranks"": [1, 2, 4, 8, 16, 32], ""variance_thresholds"": [0.9, 0.95]}",synthetic_context_on_atomic_id,,,,,,,,,,,,,,,,,,,,,,,,,5,5,521,principal_angle_variance_0.9,D_object_error,checkpoint_program_means,4,0.5321935074692915,0.4678064925307086,0.39999999999999997,0.6,ok,-1.0,1.0,experiment_run,False,4,Descriptive OOD subspace fit; few model clusters.,f_given_g,variance_0.9,29,0.42545801818181855,0.4246743359228237,0.1931499820916623,0.9713359683490558,0.9435370537241692,0.30787944808060513,254,127,descriptive_only; never used for ID projection,ok,"[29, 32, 47, 48, 58]"
"[""/home/ubuntu/cogitao-research/checkpoints/cogitao_vit_cross_attention/cogitao_c1_experiment_1_vit6_function_mlp_cross_attention/run_000/last.ckpt"", ""/home/ubuntu/cogitao-research/checkpoints/cogitao_vit_cross_attention/cogitao_c1_experiment_2_vit6_function_mlp_cross_attention/run_000/last.ckpt"", ""/home/ubuntu/cogitao-research/checkpoints/cogitao_vit_cross_attention/cogitao_c1_experiment_3_vit6_function_mlp_cross_attention/run_000/last.ckpt"", ""/home/ubuntu/cogitao-research/checkpoints/cogitao_vit_cross_attention/cogitao_c1_experiment_4_vit6_function_mlp_cross_attention/run_000/last.ckpt"", ""/home/ubuntu/cogitao-research/checkpoints/cogitao_vit_cross_attention/cogitao_c1_experiment_5_vit6_function_mlp_cross_attention/run_000/last.ckpt""]","[""2bff05e8e2e5f390f6eb1f5cbf0ac8187832a8a365af10da7100cb8d732aa3f2"", ""35f91e02d5b826c89f6b24f52abf83581220b4b6676009c59b6715b0b2251589"", ""900674f94996e9b2f5190e7cd8bac4486d09332daaf131226f7f107123274de1"", ""9fc5e4f84cb131416f158af2b67349dc93c59e82f33086a7eeab2f7d6f335a7f"", ""c6578b6a655d823b9e27296aaf186e6b5b97bad640fb400cc5f2abaa6f308e6d""]","[""dfec9cbb2afe6616194c1fb41430c0c5d2bc4208""]","[1, 2, 3, 4, 5]",val,"[""change_shape_color"", ""crop_bottom_side"", ""crop_contours"", ""extend_contours_same_color"", ""rot90""]","[""double_right"", ""pad_left"", ""pad_right"", ""rot90"", ""translate_up""]","[""double_right -> crop_contours"", ""pad_left -> extend_contours_same_color"", ""pad_right -> change_shape_color"", ""rot90 -> crop_bottom_side"", ""translate_up -> rot90""]","pair (f,g): fgx=f(g(x)); task-token order [g,f] means g -> f",521,5,5,image_block_06,42,"[71370, 78000]",256,256,0.01,2,"{""fixed_ranks"": [1, 2, 4, 8, 16, 32], ""variance_thresholds"": [0.9, 0.95]}",synthetic_context_on_atomic_id,,,,,,,,,,,,,,,,,,,,,,,,,5,5,521,principal_angle_variance_0.9,D_object_error,checkpoint_program_means,4,0.564207669380153,0.435792330619847,0.39999999999999997,0.6,ok,-1.0,1.0,experiment_run,False,4,Descriptive OOD subspace fit; few model clusters.,f_given_g,variance_0.9,35,0.43852040583246343,0.43549581390971964,0.20096565564087965,0.965257024846119,0.9317853475750417,0.3352931699193808,254,127,descriptive_only; never used for ID projection,ok,"[35, 37, 52, 54, 57]"
"[""/home/ubuntu/cogitao-research/checkpoints/cogitao_vit_cross_attention/cogitao_c1_experiment_1_vit6_function_mlp_cross_attention/run_000/last.ckpt"", ""/home/ubuntu/cogitao-research/checkpoints/cogitao_vit_cross_attention/cogitao_c1_experiment_2_vit6_function_mlp_cross_attention/run_000/last.ckpt"", ""/home/ubuntu/cogitao-research/checkpoints/cogitao_vit_cross_attention/cogitao_c1_experiment_3_vit6_function_mlp_cross_attention/run_000/last.ckpt"", ""/home/ubuntu/cogitao-research/checkpoints/cogitao_vit_cross_attention/cogitao_c1_experiment_4_vit6_function_mlp_cross_attention/run_000/last.ckpt"", ""/home/ubuntu/cogitao-research/checkpoints/cogitao_vit_cross_attention/cogitao_c1_experiment_5_vit6_function_mlp_cross_attention/run_000/last.ckpt""]","[""2bff05e8e2e5f390f6eb1f5cbf0ac8187832a8a365af10da7100cb8d732aa3f2"", ""35f91e02d5b826c89f6b24f52abf83581220b4b6676009c59b6715b0b2251589"", ""900674f94996e9b2f5190e7cd8bac4486d09332daaf131226f7f107123274de1"", ""9fc5e4f84cb131416f158af2b67349dc93c59e82f33086a7eeab2f7d6f335a7f"", ""c6578b6a655d823b9e27296aaf186e6b5b97bad640fb400cc5f2abaa6f308e6d""]","[""dfec9cbb2afe6616194c1fb41430c0c5d2bc4208""]","[1, 2, 3, 4, 5]",val,"[""change_shape_color"", ""crop_bottom_side"", ""crop_contours"", ""extend_contours_same_color"", ""rot90""]","[""double_right"", ""pad_left"", ""pad_right"", ""rot90"", ""translate_up""]","[""double_right -> crop_contours"", ""pad_left -> extend_contours_same_color"", ""pad_right -> change_shape_color"", ""rot90 -> crop_bottom_side"", ""translate_up -> rot90""]","pair (f,g): fgx=f(g(x)); task-token order [g,f] means g -> f",521,5,5,image_final_norm,42,"[71370, 78000]",256,256,0.01,2,"{""fixed_ranks"": [1, 2, 4, 8, 16, 32], ""variance_thresholds"": [0.9, 0.95]}",synthetic_context_on_atomic_id,,,,,,,,,,,,,,,,,,,,,,,,,5,5,521,principal_angle_variance_0.9,D_object_error,checkpoint_program_means,4,0.22123604241149952,0.7787639575885006,0.0,1.0,ok,-1.0,1.0,experiment_run,False,4,Descriptive OOD subspace fit; few model clusters.,f_given_g,variance_0.9,36,0.4435415940124755,0.44134089330723325,0.20596187738804544,0.9596470633479854,0.9210147910493907,0.3344084239284247,254,127,descriptive_only; never used for ID projection,ok,"[36, 42, 54, 55, 58]"
"[""/home/ubuntu/cogitao-research/checkpoints/cogitao_vit_cross_attention/cogitao_c1_experiment_1_vit6_function_mlp_cross_attention/run_000/last.ckpt"", ""/home/ubuntu/cogitao-research/checkpoints/cogitao_vit_cross_attention/cogitao_c1_experiment_2_vit6_function_mlp_cross_attention/run_000/last.ckpt"", ""/home/ubuntu/cogitao-research/checkpoints/cogitao_vit_cross_attention/cogitao_c1_experiment_3_vit6_function_mlp_cross_attention/run_000/last.ckpt"", ""/home/ubuntu/cogitao-research/checkpoints/cogitao_vit_cross_attention/cogitao_c1_experiment_4_vit6_function_mlp_cross_attention/run_000/last.ckpt"", ""/home/ubuntu/cogitao-research/checkpoints/cogitao_vit_cross_attention/cogitao_c1_experiment_5_vit6_function_mlp_cross_attention/run_000/last.ckpt""]","[""2bff05e8e2e5f390f6eb1f5cbf0ac8187832a8a365af10da7100cb8d732aa3f2"", ""35f91e02d5b826c89f6b24f52abf83581220b4b6676009c59b6715b0b2251589"", ""900674f94996e9b2f5190e7cd8bac4486d09332daaf131226f7f107123274de1"", ""9fc5e4f84cb131416f158af2b67349dc93c59e82f33086a7eeab2f7d6f335a7f"", ""c6578b6a655d823b9e27296aaf186e6b5b97bad640fb400cc5f2abaa6f308e6d""]","[""dfec9cbb2afe6616194c1fb41430c0c5d2bc4208""]","[1, 2, 3, 4, 5]",val,"[""change_shape_color"", ""crop_bottom_side"", ""crop_contours"", ""extend_contours_same_color"", ""rot90""]","[""double_right"", ""pad_left"", ""pad_right"", ""rot90"", ""translate_up""]","[""double_right -> crop_contours"", ""pad_left -> extend_contours_same_color"", ""pad_right -> change_shape_color"", ""rot90 -> crop_bottom_side"", ""translate_up -> rot90""]","pair (f,g): fgx=f(g(x)); task-token order [g,f] means g -> f",521,5,5,image_input_tokens,42,"[71370, 78000]",256,256,0.01,2,"{""fixed_ranks"": [1, 2, 4, 8, 16, 32], ""variance_thresholds"": [0.9, 0.95]}",synthetic_context_on_atomic_id,,,,,,,,,,,,,,,,,,,,,,,,,5,5,521,principal_angle_variance_0.9,D_object_error,checkpoint_program_means,4,-0.7786401378785559,0.2213598621214441,-0.7999999999999999,0.2000000000000001,ok,-1.0,1.0,experiment_run,False,4,Descriptive OOD subspace fit; few model clusters.,f_given_g,variance_0.9,18,0.44657251129944997,0.43707417570606977,0.22839485857979824,0.9832852026809858,0.9672753898609431,0.33638981317096683,254,127,descriptive_only; never used for ID projection,ok,"[15, 18, 20, 21]"
"[""/home/ubuntu/cogitao-research/checkpoints/cogitao_vit_cross_attention/cogitao_c1_experiment_1_vit6_function_mlp_cross_attention/run_000/last.ckpt"", ""/home/ubuntu/cogitao-research/checkpoints/cogitao_vit_cross_attention/cogitao_c1_experiment_2_vit6_function_mlp_cross_attention/run_000/last.ckpt"", ""/home/ubuntu/cogitao-research/checkpoints/cogitao_vit_cross_attention/cogitao_c1_experiment_3_vit6_function_mlp_cross_attention/run_000/last.ckpt"", ""/home/ubuntu/cogitao-research/checkpoints/cogitao_vit_cross_attention/cogitao_c1_experiment_4_vit6_function_mlp_cross_attention/run_000/last.ckpt"", ""/home/ubuntu/cogitao-research/checkpoints/cogitao_vit_cross_attention/cogitao_c1_experiment_5_vit6_function_mlp_cross_attention/run_000/last.ckpt""]","[""2bff05e8e2e5f390f6eb1f5cbf0ac8187832a8a365af10da7100cb8d732aa3f2"", ""35f91e02d5b826c89f6b24f52abf83581220b4b6676009c59b6715b0b2251589"", ""900674f94996e9b2f5190e7cd8bac4486d09332daaf131226f7f107123274de1"", ""9fc5e4f84cb131416f158af2b67349dc93c59e82f33086a7eeab2f7d6f335a7f"", ""c6578b6a655d823b9e27296aaf186e6b5b97bad640fb400cc5f2abaa6f308e6d""]","[""dfec9cbb2afe6616194c1fb41430c0c5d2bc4208""]","[1, 2, 3, 4, 5]",test,"[""change_shape_color"", ""crop_bottom_side"", ""crop_contours"", ""extend_contours_same_color"", ""rot90""]","[""double_right"", ""pad_left"", ""pad_right"", ""rot90"", ""translate_up""]","[""double_right -> crop_contours"", ""pad_left -> extend_contours_same_color"", ""pad_right -> change_shape_color"", ""rot90 -> crop_bottom_side"", ""translate_up -> rot90""]","pair (f,g): fgx=f(g(x)); task-token order [g,f] means g -> f",520,5,5,image_block_01,42,"[71370, 78000]",256,256,0.01,2,"{""fixed_ranks"": [1, 2, 4, 8, 16, 32], ""variance_thresholds"": [0.9, 0.95]}",synthetic_context_on_atomic_id,,,,,,,,,,,,,,,,,,,,,,,,,5,5,520,principal_angle_variance_0.9,D_object_error,checkpoint_program_means,4,0.7834667474140864,0.2165332525859136,0.7999999999999999,0.2000000000000001,ok,-1.0,1.0,experiment_run,False,4,Descriptive OOD subspace fit; few model clusters.,f_given_g,variance_0.9,16,0.43843232794441284,0.437448668156358,0.21590408903142339,0.9843176266417467,0.9689143595524555,0.1948345762698559,254,127,descriptive_only; never used for ID projection,ok,"[14, 16, 20, 28]"
"[""/home/ubuntu/cogitao-research/checkpoints/cogitao_vit_cross_attention/cogitao_c1_experiment_1_vit6_function_mlp_cross_attention/run_000/last.ckpt"", ""/home/ubuntu/cogitao-research/checkpoints/cogitao_vit_cross_attention/cogitao_c1_experiment_2_vit6_function_mlp_cross_attention/run_000/last.ckpt"", ""/home/ubuntu/cogitao-research/checkpoints/cogitao_vit_cross_attention/cogitao_c1_experiment_3_vit6_function_mlp_cross_attention/run_000/last.ckpt"", ""/home/ubuntu/cogitao-research/checkpoints/cogitao_vit_cross_attention/cogitao_c1_experiment_4_vit6_function_mlp_cross_attention/run_000/last.ckpt"", ""/home/ubuntu/cogitao-research/checkpoints/cogitao_vit_cross_attention/cogitao_c1_experiment_5_vit6_function_mlp_cross_attention/run_000/last.ckpt""]","[""2bff05e8e2e5f390f6eb1f5cbf0ac8187832a8a365af10da7100cb8d732aa3f2"", ""35f91e02d5b826c89f6b24f52abf83581220b4b6676009c59b6715b0b2251589"", ""900674f94996e9b2f5190e7cd8bac4486d09332daaf131226f7f107123274de1"", ""9fc5e4f84cb131416f158af2b67349dc93c59e82f33086a7eeab2f7d6f335a7f"", ""c6578b6a655d823b9e27296aaf186e6b5b97bad640fb400cc5f2abaa6f308e6d""]","[""dfec9cbb2afe6616194c1fb41430c0c5d2bc4208""]","[1, 2, 3, 4, 5]",test,"[""change_shape_color"", ""crop_bottom_side"", ""crop_contours"", ""extend_contours_same_color"", ""rot90""]","[""double_right"", ""pad_left"", ""pad_right"", ""rot90"", ""translate_up""]","[""double_right -> crop_contours"", ""pad_left -> extend_contours_same_color"", ""pad_right -> change_shape_color"", ""rot90 -> crop_bottom_side"", ""translate_up -> rot90""]","pair (f,g): fgx=f(g(x)); task-token order [g,f] means g -> f",520,5,5,image_block_02,42,"[71370, 78000]",256,256,0.01,2,"{""fixed_ranks"": [1, 2, 4, 8, 16, 32], ""variance_thresholds"": [0.9, 0.95]}",synthetic_context_on_atomic_id,,,,,,,,,,,,,,,,,,,,,,,,,5,5,520,principal_angle_variance_0.9,D_object_error,checkpoint_program_means,4,0.8968095160117309,0.10319048398826913,0.7999999999999999,0.2000000000000001,ok,-1.0,1.0,experiment_run,False,4,Descriptive OOD subspace fit; few model clusters.,f_given_g,variance_0.9,29,0.45210356080359165,0.45123910446056925,0.2230654837101927,0.9697765835457944,0.940535071326964,0.2871141951033034,254,127,descriptive_only; never used for ID projection,ok,"[21, 26, 29, 41]"
"[""/home/ubuntu/cogitao-research/checkpoints/cogitao_vit_cross_attention/cogitao_c1_experiment_1_vit6_function_mlp_cross_attention/run_000/last.ckpt"", ""/home/ubuntu/cogitao-research/checkpoints/cogitao_vit_cross_attention/cogitao_c1_experiment_2_vit6_function_mlp_cross_attention/run_000/last.ckpt"", ""/home/ubuntu/cogitao-research/checkpoints/cogitao_vit_cross_attention/cogitao_c1_experiment_3_vit6_function_mlp_cross_attention/run_000/last.ckpt"", ""/home/ubuntu/cogitao-research/checkpoints/cogitao_vit_cross_attention/cogitao_c1_experiment_4_vit6_function_mlp_cross_attention/run_000/last.ckpt"", ""/home/ubuntu/cogitao-research/checkpoints/cogitao_vit_cross_attention/cogitao_c1_experiment_5_vit6_function_mlp_cross_attention/run_000/last.ckpt""]","[""2bff05e8e2e5f390f6eb1f5cbf0ac8187832a8a365af10da7100cb8d732aa3f2"", ""35f91e02d5b826c89f6b24f52abf83581220b4b6676009c59b6715b0b2251589"", ""900674f94996e9b2f5190e7cd8bac4486d09332daaf131226f7f107123274de1"", ""9fc5e4f84cb131416f158af2b67349dc93c59e82f33086a7eeab2f7d6f335a7f"", ""c6578b6a655d823b9e27296aaf186e6b5b97bad640fb400cc5f2abaa6f308e6d""]","[""dfec9cbb2afe6616194c1fb41430c0c5d2bc4208""]","[1, 2, 3, 4, 5]",test,"[""change_shape_color"", ""crop_bottom_side"", ""crop_contours"", ""extend_contours_same_color"", ""rot90""]","[""double_right"", ""pad_left"", ""pad_right"", ""rot90"", ""translate_up""]","[""double_right -> crop_contours"", ""pad_left -> extend_contours_same_color"", ""pad_right -> change_shape_color"", ""rot90 -> crop_bottom_side"", ""translate_up -> rot90""]","pair (f,g): fgx=f(g(x)); task-token order [g,f] means g -> f",520,5,5,image_block_03,42,"[71370, 78000]",256,256,0.01,2,"{""fixed_ranks"": [1, 2, 4, 8, 16, 32], ""variance_thresholds"": [0.9, 0.95]}",synthetic_context_on_atomic_id,,,,,,,,,,,,,,,,,,,,,,,,,5,5,520,principal_angle_variance_0.9,D_object_error,checkpoint_program_means,4,0.8018561486372087,0.19814385136279133,0.39999999999999997,0.6,ok,-1.0,1.0,experiment_run,False,4,Descriptive OOD subspace fit; few model clusters.,f_given_g,variance_0.9,36,0.4726507527556119,0.4692704159229443,0.23827118623294802,0.9624874261489309,0.9264457547903804,0.3168445186523608,254,127,descriptive_only; never used for ID projection,ok,"[30, 34, 35, 36, 46]"
"[""/home/ubuntu/cogitao-research/checkpoints/cogitao_vit_cross_attention/cogitao_c1_experiment_1_vit6_function_mlp_cross_attention/run_000/last.ckpt"", ""/home/ubuntu/cogitao-research/checkpoints/cogitao_vit_cross_attention/cogitao_c1_experiment_2_vit6_function_mlp_cross_attention/run_000/last.ckpt"", ""/home/ubuntu/cogitao-research/checkpoints/cogitao_vit_cross_attention/cogitao_c1_experiment_3_vit6_function_mlp_cross_attention/run_000/last.ckpt"", ""/home/ubuntu/cogitao-research/checkpoints/cogitao_vit_cross_attention/cogitao_c1_experiment_4_vit6_function_mlp_cross_attention/run_000/last.ckpt"", ""/home/ubuntu/cogitao-research/checkpoints/cogitao_vit_cross_attention/cogitao_c1_experiment_5_vit6_function_mlp_cross_attention/run_000/last.ckpt""]","[""2bff05e8e2e5f390f6eb1f5cbf0ac8187832a8a365af10da7100cb8d732aa3f2"", ""35f91e02d5b826c89f6b24f52abf83581220b4b6676009c59b6715b0b2251589"", ""900674f94996e9b2f5190e7cd8bac4486d09332daaf131226f7f107123274de1"", ""9fc5e4f84cb131416f158af2b67349dc93c59e82f33086a7eeab2f7d6f335a7f"", ""c6578b6a655d823b9e27296aaf186e6b5b97bad640fb400cc5f2abaa6f308e6d""]","[""dfec9cbb2afe6616194c1fb41430c0c5d2bc4208""]","[1, 2, 3, 4, 5]",test,"[""change_shape_color"", ""crop_bottom_side"", ""crop_contours"", ""extend_contours_same_color"", ""rot90""]","[""double_right"", ""pad_left"", ""pad_right"", ""rot90"", ""translate_up""]","[""double_right -> crop_contours"", ""pad_left -> extend_contours_same_color"", ""pad_right -> change_shape_color"", ""rot90 -> crop_bottom_side"", ""translate_up -> rot90""]","pair (f,g): fgx=f(g(x)); task-token order [g,f] means g -> f",520,5,5,image_block_04,42,"[71370, 78000]",256,256,0.01,2,"{""fixed_ranks"": [1, 2, 4, 8, 16, 32], ""variance_thresholds"": [0.9, 0.95]}",synthetic_context_on_atomic_id,,,,,,,,,,,,,,,,,,,,,,,,,5,5,520,principal_angle_variance_0.9,D_object_error,checkpoint_program_means,4,0.7946313993105285,0.2053686006894715,0.39999999999999997,0.6,ok,-1.0,1.0,experiment_run,False,4,Descriptive OOD subspace fit; few model clusters.,f_given_g,variance_0.9,40,0.4668361613063218,0.46322055978367577,0.22629956938174517,0.9606109639765879,0.9228488514118145,0.35073074511223645,254,127,descriptive_only; never used for ID projection,ok,"[33, 37, 40, 42, 52]"
"[""/home/ubuntu/cogitao-research/checkpoints/cogitao_vit_cross_attention/cogitao_c1_experiment_1_vit6_function_mlp_cross_attention/run_000/last.ckpt"", ""/home/ubuntu/cogitao-research/checkpoints/cogitao_vit_cross_attention/cogitao_c1_experiment_2_vit6_function_mlp_cross_attention/run_000/last.ckpt"", ""/home/ubuntu/cogitao-research/checkpoints/cogitao_vit_cross_attention/cogitao_c1_experiment_3_vit6_function_mlp_cross_attention/run_000/last.ckpt"", ""/home/ubuntu/cogitao-research/checkpoints/cogitao_vit_cross_attention/cogitao_c1_experiment_4_vit6_function_mlp_cross_attention/run_000/last.ckpt"", ""/home/ubuntu/cogitao-research/checkpoints/cogitao_vit_cross_attention/cogitao_c1_experiment_5_vit6_function_mlp_cross_attention/run_000/last.ckpt""]","[""2bff05e8e2e5f390f6eb1f5cbf0ac8187832a8a365af10da7100cb8d732aa3f2"", ""35f91e02d5b826c89f6b24f52abf83581220b4b6676009c59b6715b0b2251589"", ""900674f94996e9b2f5190e7cd8bac4486d09332daaf131226f7f107123274de1"", ""9fc5e4f84cb131416f158af2b67349dc93c59e82f33086a7eeab2f7d6f335a7f"", ""c6578b6a655d823b9e27296aaf186e6b5b97bad640fb400cc5f2abaa6f308e6d""]","[""dfec9cbb2afe6616194c1fb41430c0c5d2bc4208""]","[1, 2, 3, 4, 5]",test,"[""change_shape_color"", ""crop_bottom_side"", ""crop_contours"", ""extend_contours_same_color"", ""rot90""]","[""double_right"", ""pad_left"", ""pad_right"", ""rot90"", ""translate_up""]","[""double_right -> crop_contours"", ""pad_left -> extend_contours_same_color"", ""pad_right -> change_shape_color"", ""rot90 -> crop_bottom_side"", ""translate_up -> rot90""]","pair (f,g): fgx=f(g(x)); task-token order [g,f] means g -> f",520,5,5,image_block_05,42,"[71370, 78000]",256,256,0.01,2,"{""fixed_ranks"": [1, 2, 4, 8, 16, 32], ""variance_thresholds"": [0.9, 0.95]}",synthetic_context_on_atomic_id,,,,,,,,,,,,,,,,,,,,,,,,,5,5,520,principal_angle_variance_0.9,D_object_error,checkpoint_program_means,4,0.5393683030098686,0.4606316969901314,0.39999999999999997,0.6,ok,-1.0,1.0,experiment_run,False,4,Descriptive OOD subspace fit; few model clusters.,f_given_g,variance_0.9,29,0.4320183477256654,0.4320614421401693,0.1989402738267252,0.9725415788472602,0.9458665962191829,0.305458637517377,254,127,descriptive_only; never used for ID projection,ok,"[29, 32, 47, 48, 58]"
"[""/home/ubuntu/cogitao-research/checkpoints/cogitao_vit_cross_attention/cogitao_c1_experiment_1_vit6_function_mlp_cross_attention/run_000/last.ckpt"", ""/home/ubuntu/cogitao-research/checkpoints/cogitao_vit_cross_attention/cogitao_c1_experiment_2_vit6_function_mlp_cross_attention/run_000/last.ckpt"", ""/home/ubuntu/cogitao-research/checkpoints/cogitao_vit_cross_attention/cogitao_c1_experiment_3_vit6_function_mlp_cross_attention/run_000/last.ckpt"", ""/home/ubuntu/cogitao-research/checkpoints/cogitao_vit_cross_attention/cogitao_c1_experiment_4_vit6_function_mlp_cross_attention/run_000/last.ckpt"", ""/home/ubuntu/cogitao-research/checkpoints/cogitao_vit_cross_attention/cogitao_c1_experiment_5_vit6_function_mlp_cross_attention/run_000/last.ckpt""]","[""2bff05e8e2e5f390f6eb1f5cbf0ac8187832a8a365af10da7100cb8d732aa3f2"", ""35f91e02d5b826c89f6b24f52abf83581220b4b6676009c59b6715b0b2251589"", ""900674f94996e9b2f5190e7cd8bac4486d09332daaf131226f7f107123274de1"", ""9fc5e4f84cb131416f158af2b67349dc93c59e82f33086a7eeab2f7d6f335a7f"", ""c6578b6a655d823b9e27296aaf186e6b5b97bad640fb400cc5f2abaa6f308e6d""]","[""dfec9cbb2afe6616194c1fb41430c0c5d2bc4208""]","[1, 2, 3, 4, 5]",test,"[""change_shape_color"", ""crop_bottom_side"", ""crop_contours"", ""extend_contours_same_color"", ""rot90""]","[""double_right"", ""pad_left"", ""pad_right"", ""rot90"", ""translate_up""]","[""double_right -> crop_contours"", ""pad_left -> extend_contours_same_color"", ""pad_right -> change_shape_color"", ""rot90 -> crop_bottom_side"", ""translate_up -> rot90""]","pair (f,g): fgx=f(g(x)); task-token order [g,f] means g -> f",520,5,5,image_block_06,42,"[71370, 78000]",256,256,0.01,2,"{""fixed_ranks"": [1, 2, 4, 8, 16, 32], ""variance_thresholds"": [0.9, 0.95]}",synthetic_context_on_atomic_id,,,,,,,,,,,,,,,,,,,,,,,,,5,5,520,principal_angle_variance_0.9,D_object_error,checkpoint_program_means,4,0.6628247824445037,0.3371752175554963,0.39999999999999997,0.6,ok,-1.0,1.0,experiment_run,False,4,Descriptive OOD subspace fit; few model clusters.,f_given_g,variance_0.9,35,0.44629204831604974,0.4419486227303343,0.20601464654747392,0.9656692667904652,0.9325824870975234,0.34531467965348234,254,127,descriptive_only; never used for ID projection,ok,"[35, 37, 52, 54, 57]"
"[""/home/ubuntu/cogitao-research/checkpoints/cogitao_vit_cross_attention/cogitao_c1_experiment_1_vit6_function_mlp_cross_attention/run_000/last.ckpt"", ""/home/ubuntu/cogitao-research/checkpoints/cogitao_vit_cross_attention/cogitao_c1_experiment_2_vit6_function_mlp_cross_attention/run_000/last.ckpt"", ""/home/ubuntu/cogitao-research/checkpoints/cogitao_vit_cross_attention/cogitao_c1_experiment_3_vit6_function_mlp_cross_attention/run_000/last.ckpt"", ""/home/ubuntu/cogitao-research/checkpoints/cogitao_vit_cross_attention/cogitao_c1_experiment_4_vit6_function_mlp_cross_attention/run_000/last.ckpt"", ""/home/ubuntu/cogitao-research/checkpoints/cogitao_vit_cross_attention/cogitao_c1_experiment_5_vit6_function_mlp_cross_attention/run_000/last.ckpt""]","[""2bff05e8e2e5f390f6eb1f5cbf0ac8187832a8a365af10da7100cb8d732aa3f2"", ""35f91e02d5b826c89f6b24f52abf83581220b4b6676009c59b6715b0b2251589"", ""900674f94996e9b2f5190e7cd8bac4486d09332daaf131226f7f107123274de1"", ""9fc5e4f84cb131416f158af2b67349dc93c59e82f33086a7eeab2f7d6f335a7f"", ""c6578b6a655d823b9e27296aaf186e6b5b97bad640fb400cc5f2abaa6f308e6d""]","[""dfec9cbb2afe6616194c1fb41430c0c5d2bc4208""]","[1, 2, 3, 4, 5]",test,"[""change_shape_color"", ""crop_bottom_side"", ""crop_contours"", ""extend_contours_same_color"", ""rot90""]","[""double_right"", ""pad_left"", ""pad_right"", ""rot90"", ""translate_up""]","[""double_right -> crop_contours"", ""pad_left -> extend_contours_same_color"", ""pad_right -> change_shape_color"", ""rot90 -> crop_bottom_side"", ""translate_up -> rot90""]","pair (f,g): fgx=f(g(x)); task-token order [g,f] means g -> f",520,5,5,image_final_norm,42,"[71370, 78000]",256,256,0.01,2,"{""fixed_ranks"": [1, 2, 4, 8, 16, 32], ""variance_thresholds"": [0.9, 0.95]}",synthetic_context_on_atomic_id,,,,,,,,,,,,,,,,,,,,,,,,,5,5,520,principal_angle_variance_0.9,D_object_error,checkpoint_program_means,4,0.41487980208638847,0.5851201979136116,0.39999999999999997,0.6,ok,-1.0,1.0,experiment_run,False,4,Descriptive OOD subspace fit; few model clusters.,f_given_g,variance_0.9,36,0.4496294087472076,0.4456651474581376,0.20919108311094278,0.9602564357725263,0.9222056401655363,0.353296904498422,254,127,descriptive_only; never used for ID projection,ok,"[36, 42, 54, 55, 58]"
"[""/home/ubuntu/cogitao-research/checkpoints/cogitao_vit_cross_attention/cogitao_c1_experiment_1_vit6_function_mlp_cross_attention/run_000/last.ckpt"", ""/home/ubuntu/cogitao-research/checkpoints/cogitao_vit_cross_attention/cogitao_c1_experiment_2_vit6_function_mlp_cross_attention/run_000/last.ckpt"", ""/home/ubuntu/cogitao-research/checkpoints/cogitao_vit_cross_attention/cogitao_c1_experiment_3_vit6_function_mlp_cross_attention/run_000/last.ckpt"", ""/home/ubuntu/cogitao-research/checkpoints/cogitao_vit_cross_attention/cogitao_c1_experiment_4_vit6_function_mlp_cross_attention/run_000/last.ckpt"", ""/home/ubuntu/cogitao-research/checkpoints/cogitao_vit_cross_attention/cogitao_c1_experiment_5_vit6_function_mlp_cross_attention/run_000/last.ckpt""]","[""2bff05e8e2e5f390f6eb1f5cbf0ac8187832a8a365af10da7100cb8d732aa3f2"", ""35f91e02d5b826c89f6b24f52abf83581220b4b6676009c59b6715b0b2251589"", ""900674f94996e9b2f5190e7cd8bac4486d09332daaf131226f7f107123274de1"", ""9fc5e4f84cb131416f158af2b67349dc93c59e82f33086a7eeab2f7d6f335a7f"", ""c6578b6a655d823b9e27296aaf186e6b5b97bad640fb400cc5f2abaa6f308e6d""]","[""dfec9cbb2afe6616194c1fb41430c0c5d2bc4208""]","[1, 2, 3, 4, 5]",test,"[""change_shape_color"", ""crop_bottom_side"", ""crop_contours"", ""extend_contours_same_color"", ""rot90""]","[""double_right"", ""pad_left"", ""pad_right"", ""rot90"", ""translate_up""]","[""double_right -> crop_contours"", ""pad_left -> extend_contours_same_color"", ""pad_right -> change_shape_color"", ""rot90 -> crop_bottom_side"", ""translate_up -> rot90""]","pair (f,g): fgx=f(g(x)); task-token order [g,f] means g -> f",520,5,5,image_input_tokens,42,"[71370, 78000]",256,256,0.01,2,"{""fixed_ranks"": [1, 2, 4, 8, 16, 32], ""variance_thresholds"": [0.9, 0.95]}",synthetic_context_on_atomic_id,,,,,,,,,,,,,,,,,,,,,,,,,5,5,520,principal_angle_variance_0.9,D_object_error,checkpoint_program_means,4,-0.8372419796105968,0.16275802038940324,-1.0,0.0,ok,-1.0,-0.6157647475540688,experiment_run,False,4,Descriptive OOD subspace fit; few model clusters.,f_given_g,variance_0.9,18,0.4794812241597092,0.48127965259276717,0.2863255279748403,0.9829156148842466,0.9682635433694269,0.31491277671091805,254,127,descriptive_only; never used for ID projection,ok,"[15, 18, 20, 21]"
"[""/home/ubuntu/cogitao-research/checkpoints/cogitao_vit_cross_attention/cogitao_c1_experiment_1_vit6_function_mlp_cross_attention/run_000/last.ckpt"", ""/home/ubuntu/cogitao-research/checkpoints/cogitao_vit_cross_attention/cogitao_c1_experiment_2_vit6_function_mlp_cross_attention/run_000/last.ckpt"", ""/home/ubuntu/cogitao-research/checkpoints/cogitao_vit_cross_attention/cogitao_c1_experiment_3_vit6_function_mlp_cross_attention/run_000/last.ckpt"", ""/home/ubuntu/cogitao-research/checkpoints/cogitao_vit_cross_attention/cogitao_c1_experiment_4_vit6_function_mlp_cross_attention/run_000/last.ckpt"", ""/home/ubuntu/cogitao-research/checkpoints/cogitao_vit_cross_attention/cogitao_c1_experiment_5_vit6_function_mlp_cross_attention/run_000/last.ckpt""]","[""2bff05e8e2e5f390f6eb1f5cbf0ac8187832a8a365af10da7100cb8d732aa3f2"", ""35f91e02d5b826c89f6b24f52abf83581220b4b6676009c59b6715b0b2251589"", ""900674f94996e9b2f5190e7cd8bac4486d09332daaf131226f7f107123274de1"", ""9fc5e4f84cb131416f158af2b67349dc93c59e82f33086a7eeab2f7d6f335a7f"", ""c6578b6a655d823b9e27296aaf186e6b5b97bad640fb400cc5f2abaa6f308e6d""]","[""dfec9cbb2afe6616194c1fb41430c0c5d2bc4208""]","[1, 2, 3, 4, 5]",val_ood,"[""change_shape_color"", ""crop_bottom_side"", ""crop_contours"", ""extend_contours_same_color"", ""rot90""]","[""double_right"", ""pad_left"", ""pad_right"", ""rot90"", ""translate_up""]","[""double_right -> crop_contours"", ""pad_left -> extend_contours_same_color"", ""pad_right -> change_shape_color"", ""rot90 -> crop_bottom_side"", ""translate_up -> rot90""]","pair (f,g): fgx=f(g(x)); task-token order [g,f] means g -> f",567,5,5,image_block_01,42,"[71370, 78000]",256,256,0.01,2,"{""fixed_ranks"": [1, 2, 4, 8, 16, 32], ""variance_thresholds"": [0.9, 0.95]}",recorded_ood,,,,,,,,,,,,,,,,,,,,,,,,,5,5,567,principal_angle_variance_0.9,D_object_error,checkpoint_program_means,5,0.8083824412927803,0.09774455518519136,0.7999999999999999,0.10408803866182788,ok,-0.2581020666524441,1.0,experiment_run,False,5,Descriptive OOD subspace fit; few model clusters.,f_given_g,variance_0.9,16,0.418443330928401,0.429004063964953,0.20473140079868077,0.9778282502676102,0.9637110998813095,0.1861229123757096,254,127,descriptive_only; never used for ID projection,ok,"[14, 16, 20, 28]"
"[""/home/ubuntu/cogitao-research/checkpoints/cogitao_vit_cross_attention/cogitao_c1_experiment_1_vit6_function_mlp_cross_attention/run_000/last.ckpt"", ""/home/ubuntu/cogitao-research/checkpoints/cogitao_vit_cross_attention/cogitao_c1_experiment_2_vit6_function_mlp_cross_attention/run_000/last.ckpt"", ""/home/ubuntu/cogitao-research/checkpoints/cogitao_vit_cross_attention/cogitao_c1_experiment_3_vit6_function_mlp_cross_attention/run_000/last.ckpt"", ""/home/ubuntu/cogitao-research/checkpoints/cogitao_vit_cross_attention/cogitao_c1_experiment_4_vit6_function_mlp_cross_attention/run_000/last.ckpt"", ""/home/ubuntu/cogitao-research/checkpoints/cogitao_vit_cross_attention/cogitao_c1_experiment_5_vit6_function_mlp_cross_attention/run_000/last.ckpt""]","[""2bff05e8e2e5f390f6eb1f5cbf0ac8187832a8a365af10da7100cb8d732aa3f2"", ""35f91e02d5b826c89f6b24f52abf83581220b4b6676009c59b6715b0b2251589"", ""900674f94996e9b2f5190e7cd8bac4486d09332daaf131226f7f107123274de1"", ""9fc5e4f84cb131416f158af2b67349dc93c59e82f33086a7eeab2f7d6f335a7f"", ""c6578b6a655d823b9e27296aaf186e6b5b97bad640fb400cc5f2abaa6f308e6d""]","[""dfec9cbb2afe6616194c1fb41430c0c5d2bc4208""]","[1, 2, 3, 4, 5]",val_ood,"[""change_shape_color"", ""crop_bottom_side"", ""crop_contours"", ""extend_contours_same_color"", ""rot90""]","[""double_right"", ""pad_left"", ""pad_right"", ""rot90"", ""translate_up""]","[""double_right -> crop_contours"", ""pad_left -> extend_contours_same_color"", ""pad_right -> change_shape_color"", ""rot90 -> crop_bottom_side"", ""translate_up -> rot90""]","pair (f,g): fgx=f(g(x)); task-token order [g,f] means g -> f",567,5,5,image_block_02,42,"[71370, 78000]",256,256,0.01,2,"{""fixed_ranks"": [1, 2, 4, 8, 16, 32], ""variance_thresholds"": [0.9, 0.95]}",recorded_ood,,,,,,,,,,,,,,,,,,,,,,,,,5,5,567,principal_angle_variance_0.9,D_object_error,checkpoint_program_means,5,0.8828988118548993,0.04724941743128348,0.7999999999999999,0.10408803866182788,ok,-0.18384877121078688,1.0,experiment_run,False,5,Descriptive OOD subspace fit; few model clusters.,f_given_g,variance_0.9,29,0.4490799969917585,0.4492475199414562,0.22144766948659197,0.9615622394887288,0.931945350441022,0.28211550803777047,254,127,descriptive_only; never used for ID projection,ok,"[21, 26, 29, 41]"
"[""/home/ubuntu/cogitao-research/checkpoints/cogitao_vit_cross_attention/cogitao_c1_experiment_1_vit6_function_mlp_cross_attention/run_000/last.ckpt"", ""/home/ubuntu/cogitao-research/checkpoints/cogitao_vit_cross_attention/cogitao_c1_experiment_2_vit6_function_mlp_cross_attention/run_000/last.ckpt"", ""/home/ubuntu/cogitao-research/checkpoints/cogitao_vit_cross_attention/cogitao_c1_experiment_3_vit6_function_mlp_cross_attention/run_000/last.ckpt"", ""/home/ubuntu/cogitao-research/checkpoints/cogitao_vit_cross_attention/cogitao_c1_experiment_4_vit6_function_mlp_cross_attention/run_000/last.ckpt"", ""/home/ubuntu/cogitao-research/checkpoints/cogitao_vit_cross_attention/cogitao_c1_experiment_5_vit6_function_mlp_cross_attention/run_000/last.ckpt""]","[""2bff05e8e2e5f390f6eb1f5cbf0ac8187832a8a365af10da7100cb8d732aa3f2"", ""35f91e02d5b826c89f6b24f52abf83581220b4b6676009c59b6715b0b2251589"", ""900674f94996e9b2f5190e7cd8bac4486d09332daaf131226f7f107123274de1"", ""9fc5e4f84cb131416f158af2b67349dc93c59e82f33086a7eeab2f7d6f335a7f"", ""c6578b6a655d823b9e27296aaf186e6b5b97bad640fb400cc5f2abaa6f308e6d""]","[""dfec9cbb2afe6616194c1fb41430c0c5d2bc4208""]","[1, 2, 3, 4, 5]",val_ood,"[""change_shape_color"", ""crop_bottom_side"", ""crop_contours"", ""extend_contours_same_color"", ""rot90""]","[""double_right"", ""pad_left"", ""pad_right"", ""rot90"", ""translate_up""]","[""double_right -> crop_contours"", ""pad_left -> extend_contours_same_color"", ""pad_right -> change_shape_color"", ""rot90 -> crop_bottom_side"", ""translate_up -> rot90""]","pair (f,g): fgx=f(g(x)); task-token order [g,f] means g -> f",567,5,5,image_block_03,42,"[71370, 78000]",256,256,0.01,2,"{""fixed_ranks"": [1, 2, 4, 8, 16, 32], ""variance_thresholds"": [0.9, 0.95]}",recorded_ood,,,,,,,,,,,,,,,,,,,,,,,,,5,5,567,principal_angle_variance_0.9,D_object_error,checkpoint_program_means,5,0.7987986727846761,0.10500700836720547,0.49999999999999994,0.3910022189557703,ok,-0.881114979844559,1.0,experiment_run,False,5,Descriptive OOD subspace fit; few model clusters.,f_given_g,variance_0.9,36,0.45459880872998515,0.46011506741962294,0.2277317166416597,0.9566177239992905,0.9223891851367483,0.32847750656930924,254,127,descriptive_only; never used for ID projection,ok,"[30, 34, 35, 36, 46]"
"[""/home/ubuntu/cogitao-research/checkpoints/cogitao_vit_cross_attention/cogitao_c1_experiment_1_vit6_function_mlp_cross_attention/run_000/last.ckpt"", ""/home/ubuntu/cogitao-research/checkpoints/cogitao_vit_cross_attention/cogitao_c1_experiment_2_vit6_function_mlp_cross_attention/run_000/last.ckpt"", ""/home/ubuntu/cogitao-research/checkpoints/cogitao_vit_cross_attention/cogitao_c1_experiment_3_vit6_function_mlp_cross_attention/run_000/last.ckpt"", ""/home/ubuntu/cogitao-research/checkpoints/cogitao_vit_cross_attention/cogitao_c1_experiment_4_vit6_function_mlp_cross_attention/run_000/last.ckpt"", ""/home/ubuntu/cogitao-research/checkpoints/cogitao_vit_cross_attention/cogitao_c1_experiment_5_vit6_function_mlp_cross_attention/run_000/last.ckpt""]","[""2bff05e8e2e5f390f6eb1f5cbf0ac8187832a8a365af10da7100cb8d732aa3f2"", ""35f91e02d5b826c89f6b24f52abf83581220b4b6676009c59b6715b0b2251589"", ""900674f94996e9b2f5190e7cd8bac4486d09332daaf131226f7f107123274de1"", ""9fc5e4f84cb131416f158af2b67349dc93c59e82f33086a7eeab2f7d6f335a7f"", ""c6578b6a655d823b9e27296aaf186e6b5b97bad640fb400cc5f2abaa6f308e6d""]","[""dfec9cbb2afe6616194c1fb41430c0c5d2bc4208""]","[1, 2, 3, 4, 5]",val_ood,"[""change_shape_color"", ""crop_bottom_side"", ""crop_contours"", ""extend_contours_same_color"", ""rot90""]","[""double_right"", ""pad_left"", ""pad_right"", ""rot90"", ""translate_up""]","[""double_right -> crop_contours"", ""pad_left -> extend_contours_same_color"", ""pad_right -> change_shape_color"", ""rot90 -> crop_bottom_side"", ""translate_up -> rot90""]","pair (f,g): fgx=f(g(x)); task-token order [g,f] means g -> f",567,5,5,image_block_04,42,"[71370, 78000]",256,256,0.01,2,"{""fixed_ranks"": [1, 2, 4, 8, 16, 32], ""variance_thresholds"": [0.9, 0.95]}",recorded_ood,,,,,,,,,,,,,,,,,,,,,,,,,5,5,567,principal_angle_variance_0.9,D_object_error,checkpoint_program_means,5,0.8080706480443453,0.09797832986864867,0.49999999999999994,0.3910022189557703,ok,-0.9087064329917733,1.0,experiment_run,False,5,Descriptive OOD subspace fit; few model clusters.,f_given_g,variance_0.9,40,0.4622543644153946,0.47019059307042144,0.23511853796165366,0.9546502274234349,0.9186064676585819,0.3554839979156147,254,127,descriptive_only; never used for ID projection,ok,"[33, 37, 40, 42, 52]"
"[""/home/ubuntu/cogitao-research/checkpoints/cogitao_vit_cross_attention/cogitao_c1_experiment_1_vit6_function_mlp_cross_attention/run_000/last.ckpt"", ""/home/ubuntu/cogitao-research/checkpoints/cogitao_vit_cross_attention/cogitao_c1_experiment_2_vit6_function_mlp_cross_attention/run_000/last.ckpt"", ""/home/ubuntu/cogitao-research/checkpoints/cogitao_vit_cross_attention/cogitao_c1_experiment_3_vit6_function_mlp_cross_attention/run_000/last.ckpt"", ""/home/ubuntu/cogitao-research/checkpoints/cogitao_vit_cross_attention/cogitao_c1_experiment_4_vit6_function_mlp_cross_attention/run_000/last.ckpt"", ""/home/ubuntu/cogitao-research/checkpoints/cogitao_vit_cross_attention/cogitao_c1_experiment_5_vit6_function_mlp_cross_attention/run_000/last.ckpt""]","[""2bff05e8e2e5f390f6eb1f5cbf0ac8187832a8a365af10da7100cb8d732aa3f2"", ""35f91e02d5b826c89f6b24f52abf83581220b4b6676009c59b6715b0b2251589"", ""900674f94996e9b2f5190e7cd8bac4486d09332daaf131226f7f107123274de1"", ""9fc5e4f84cb131416f158af2b67349dc93c59e82f33086a7eeab2f7d6f335a7f"", ""c6578b6a655d823b9e27296aaf186e6b5b97bad640fb400cc5f2abaa6f308e6d""]","[""dfec9cbb2afe6616194c1fb41430c0c5d2bc4208""]","[1, 2, 3, 4, 5]",val_ood,"[""change_shape_color"", ""crop_bottom_side"", ""crop_contours"", ""extend_contours_same_color"", ""rot90""]","[""double_right"", ""pad_left"", ""pad_right"", ""rot90"", ""translate_up""]","[""double_right -> crop_contours"", ""pad_left -> extend_contours_same_color"", ""pad_right -> change_shape_color"", ""rot90 -> crop_bottom_side"", ""translate_up -> rot90""]","pair (f,g): fgx=f(g(x)); task-token order [g,f] means g -> f",567,5,5,image_block_05,42,"[71370, 78000]",256,256,0.01,2,"{""fixed_ranks"": [1, 2, 4, 8, 16, 32], ""variance_thresholds"": [0.9, 0.95]}",recorded_ood,,,,,,,,,,,,,,,,,,,,,,,,,5,5,567,principal_angle_variance_0.9,D_object_error,checkpoint_program_means,5,0.6210173912684138,0.2635636581470071,0.49999999999999994,0.3910022189557703,ok,-0.5833266558775588,1.0,experiment_run,False,5,Descriptive OOD subspace fit; few model clusters.,f_given_g,variance_0.9,29,0.423976970226835,0.4228856394256916,0.19277592541598174,0.9648710204883748,0.9383470957163975,0.29284024652353596,254,127,descriptive_only; never used for ID projection,ok,"[29, 32, 47, 48, 58]"
"[""/home/ubuntu/cogitao-research/checkpoints/cogitao_vit_cross_attention/cogitao_c1_experiment_1_vit6_function_mlp_cross_attention/run_000/last.ckpt"", ""/home/ubuntu/cogitao-research/checkpoints/cogitao_vit_cross_attention/cogitao_c1_experiment_2_vit6_function_mlp_cross_attention/run_000/last.ckpt"", ""/home/ubuntu/cogitao-research/checkpoints/cogitao_vit_cross_attention/cogitao_c1_experiment_3_vit6_function_mlp_cross_attention/run_000/last.ckpt"", ""/home/ubuntu/cogitao-research/checkpoints/cogitao_vit_cross_attention/cogitao_c1_experiment_4_vit6_function_mlp_cross_attention/run_000/last.ckpt"", ""/home/ubuntu/cogitao-research/checkpoints/cogitao_vit_cross_attention/cogitao_c1_experiment_5_vit6_function_mlp_cross_attention/run_000/last.ckpt""]","[""2bff05e8e2e5f390f6eb1f5cbf0ac8187832a8a365af10da7100cb8d732aa3f2"", ""35f91e02d5b826c89f6b24f52abf83581220b4b6676009c59b6715b0b2251589"", ""900674f94996e9b2f5190e7cd8bac4486d09332daaf131226f7f107123274de1"", ""9fc5e4f84cb131416f158af2b67349dc93c59e82f33086a7eeab2f7d6f335a7f"", ""c6578b6a655d823b9e27296aaf186e6b5b97bad640fb400cc5f2abaa6f308e6d""]","[""dfec9cbb2afe6616194c1fb41430c0c5d2bc4208""]","[1, 2, 3, 4, 5]",val_ood,"[""change_shape_color"", ""crop_bottom_side"", ""crop_contours"", ""extend_contours_same_color"", ""rot90""]","[""double_right"", ""pad_left"", ""pad_right"", ""rot90"", ""translate_up""]","[""double_right -> crop_contours"", ""pad_left -> extend_contours_same_color"", ""pad_right -> change_shape_color"", ""rot90 -> crop_bottom_side"", ""translate_up -> rot90""]","pair (f,g): fgx=f(g(x)); task-token order [g,f] means g -> f",567,5,5,image_block_06,42,"[71370, 78000]",256,256,0.01,2,"{""fixed_ranks"": [1, 2, 4, 8, 16, 32], ""variance_thresholds"": [0.9, 0.95]}",recorded_ood,,,,,,,,,,,,,,,,,,,,,,,,,5,5,567,principal_angle_variance_0.9,D_object_error,checkpoint_program_means,5,0.6623051695335513,0.22325196048006032,0.49999999999999994,0.3910022189557703,ok,-0.5721199046888481,1.0,experiment_run,False,5,Descriptive OOD subspace fit; few model clusters.,f_given_g,variance_0.9,35,0.43539632030499464,0.43356548130468797,0.20040213697981593,0.9568298581714554,0.922790141514594,0.3343263049284471,254,127,descriptive_only; never used for ID projection,ok,"[35, 37, 52, 54, 57]"
"[""/home/ubuntu/cogitao-research/checkpoints/cogitao_vit_cross_attention/cogitao_c1_experiment_1_vit6_function_mlp_cross_attention/run_000/last.ckpt"", ""/home/ubuntu/cogitao-research/checkpoints/cogitao_vit_cross_attention/cogitao_c1_experiment_2_vit6_function_mlp_cross_attention/run_000/last.ckpt"", ""/home/ubuntu/cogitao-research/checkpoints/cogitao_vit_cross_attention/cogitao_c1_experiment_3_vit6_function_mlp_cross_attention/run_000/last.ckpt"", ""/home/ubuntu/cogitao-research/checkpoints/cogitao_vit_cross_attention/cogitao_c1_experiment_4_vit6_function_mlp_cross_attention/run_000/last.ckpt"", ""/home/ubuntu/cogitao-research/checkpoints/cogitao_vit_cross_attention/cogitao_c1_experiment_5_vit6_function_mlp_cross_attention/run_000/last.ckpt""]","[""2bff05e8e2e5f390f6eb1f5cbf0ac8187832a8a365af10da7100cb8d732aa3f2"", ""35f91e02d5b826c89f6b24f52abf83581220b4b6676009c59b6715b0b2251589"", ""900674f94996e9b2f5190e7cd8bac4486d09332daaf131226f7f107123274de1"", ""9fc5e4f84cb131416f158af2b67349dc93c59e82f33086a7eeab2f7d6f335a7f"", ""c6578b6a655d823b9e27296aaf186e6b5b97bad640fb400cc5f2abaa6f308e6d""]","[""dfec9cbb2afe6616194c1fb41430c0c5d2bc4208""]","[1, 2, 3, 4, 5]",val_ood,"[""change_shape_color"", ""crop_bottom_side"", ""crop_contours"", ""extend_contours_same_color"", ""rot90""]","[""double_right"", ""pad_left"", ""pad_right"", ""rot90"", ""translate_up""]","[""double_right -> crop_contours"", ""pad_left -> extend_contours_same_color"", ""pad_right -> change_shape_color"", ""rot90 -> crop_bottom_side"", ""translate_up -> rot90""]","pair (f,g): fgx=f(g(x)); task-token order [g,f] means g -> f",567,5,5,image_final_norm,42,"[71370, 78000]",256,256,0.01,2,"{""fixed_ranks"": [1, 2, 4, 8, 16, 32], ""variance_thresholds"": [0.9, 0.95]}",recorded_ood,,,,,,,,,,,,,,,,,,,,,,,,,5,5,567,principal_angle_variance_0.9,D_object_error,checkpoint_program_means,4,0.4815716145875288,0.5184283854124712,0.39999999999999997,0.6,ok,-1.0,1.0,experiment_run,False,4,Descriptive OOD subspace fit; few model clusters.,f_given_g,variance_0.9,36,0.4406856838323078,0.4408051751599681,0.2070153938695914,0.954746958568506,0.9188149805111645,0.3474694492985074,254,127,descriptive_only; never used for ID projection,ok,"[36, 42, 54, 55, 58]"
"[""/home/ubuntu/cogitao-research/checkpoints/cogitao_vit_cross_attention/cogitao_c1_experiment_1_vit6_function_mlp_cross_attention/run_000/last.ckpt"", ""/home/ubuntu/cogitao-research/checkpoints/cogitao_vit_cross_attention/cogitao_c1_experiment_2_vit6_function_mlp_cross_attention/run_000/last.ckpt"", ""/home/ubuntu/cogitao-research/checkpoints/cogitao_vit_cross_attention/cogitao_c1_experiment_3_vit6_function_mlp_cross_attention/run_000/last.ckpt"", ""/home/ubuntu/cogitao-research/checkpoints/cogitao_vit_cross_attention/cogitao_c1_experiment_4_vit6_function_mlp_cross_attention/run_000/last.ckpt"", ""/home/ubuntu/cogitao-research/checkpoints/cogitao_vit_cross_attention/cogitao_c1_experiment_5_vit6_function_mlp_cross_attention/run_000/last.ckpt""]","[""2bff05e8e2e5f390f6eb1f5cbf0ac8187832a8a365af10da7100cb8d732aa3f2"", ""35f91e02d5b826c89f6b24f52abf83581220b4b6676009c59b6715b0b2251589"", ""900674f94996e9b2f5190e7cd8bac4486d09332daaf131226f7f107123274de1"", ""9fc5e4f84cb131416f158af2b67349dc93c59e82f33086a7eeab2f7d6f335a7f"", ""c6578b6a655d823b9e27296aaf186e6b5b97bad640fb400cc5f2abaa6f308e6d""]","[""dfec9cbb2afe6616194c1fb41430c0c5d2bc4208""]","[1, 2, 3, 4, 5]",val_ood,"[""change_shape_color"", ""crop_bottom_side"", ""crop_contours"", ""extend_contours_same_color"", ""rot90""]","[""double_right"", ""pad_left"", ""pad_right"", ""rot90"", ""translate_up""]","[""double_right -> crop_contours"", ""pad_left -> extend_contours_same_color"", ""pad_right -> change_shape_color"", ""rot90 -> crop_bottom_side"", ""translate_up -> rot90""]","pair (f,g): fgx=f(g(x)); task-token order [g,f] means g -> f",567,5,5,image_input_tokens,42,"[71370, 78000]",256,256,0.01,2,"{""fixed_ranks"": [1, 2, 4, 8, 16, 32], ""variance_thresholds"": [0.9, 0.95]}",recorded_ood,,,,,,,,,,,,,,,,,,,,,,,,,5,5,567,principal_angle_variance_0.9,D_object_error,checkpoint_program_means,5,-0.6338386074496274,0.25085243775234806,-0.7,0.1881204043741873,ok,-1.0,0.45811264983918737,experiment_run,False,5,Descriptive OOD subspace fit; few model clusters.,f_given_g,variance_0.9,18,0.4511105964154253,0.45819911254772566,0.252597975090127,0.97590417698398,0.9612817274934337,0.3398446699150032,254,127,descriptive_only; never used for ID projection,ok,"[15, 18, 20, 21]"
"[""/home/ubuntu/cogitao-research/checkpoints/cogitao_vit_cross_attention/cogitao_c1_experiment_1_vit6_function_mlp_cross_attention/run_000/last.ckpt"", ""/home/ubuntu/cogitao-research/checkpoints/cogitao_vit_cross_attention/cogitao_c1_experiment_2_vit6_function_mlp_cross_attention/run_000/last.ckpt"", ""/home/ubuntu/cogitao-research/checkpoints/cogitao_vit_cross_attention/cogitao_c1_experiment_3_vit6_function_mlp_cross_attention/run_000/last.ckpt"", ""/home/ubuntu/cogitao-research/checkpoints/cogitao_vit_cross_attention/cogitao_c1_experiment_4_vit6_function_mlp_cross_attention/run_000/last.ckpt"", ""/home/ubuntu/cogitao-research/checkpoints/cogitao_vit_cross_attention/cogitao_c1_experiment_5_vit6_function_mlp_cross_attention/run_000/last.ckpt""]","[""2bff05e8e2e5f390f6eb1f5cbf0ac8187832a8a365af10da7100cb8d732aa3f2"", ""35f91e02d5b826c89f6b24f52abf83581220b4b6676009c59b6715b0b2251589"", ""900674f94996e9b2f5190e7cd8bac4486d09332daaf131226f7f107123274de1"", ""9fc5e4f84cb131416f158af2b67349dc93c59e82f33086a7eeab2f7d6f335a7f"", ""c6578b6a655d823b9e27296aaf186e6b5b97bad640fb400cc5f2abaa6f308e6d""]","[""dfec9cbb2afe6616194c1fb41430c0c5d2bc4208""]","[1, 2, 3, 4, 5]",test_ood,"[""change_shape_color"", ""crop_bottom_side"", ""crop_contours"", ""extend_contours_same_color"", ""rot90""]","[""double_right"", ""pad_left"", ""pad_right"", ""rot90"", ""translate_up""]","[""double_right -> crop_contours"", ""pad_left -> extend_contours_same_color"", ""pad_right -> change_shape_color"", ""rot90 -> crop_bottom_side"", ""translate_up -> rot90""]","pair (f,g): fgx=f(g(x)); task-token order [g,f] means g -> f",573,5,5,image_block_01,42,"[71370, 78000]",256,256,0.01,2,"{""fixed_ranks"": [1, 2, 4, 8, 16, 32], ""variance_thresholds"": [0.9, 0.95]}",recorded_ood,,,,,,,,,,,,,,,,,,,,,,,,,5,5,573,principal_angle_variance_0.9,D_object_error,checkpoint_program_means,5,0.802819805724159,0.10194063717629688,0.8999999999999998,0.03738607346849874,ok,-0.26999558646807403,1.0,experiment_run,False,5,Descriptive OOD subspace fit; few model clusters.,f_given_g,variance_0.9,16,0.47025348697718855,0.46863353733154867,0.2419768927730525,0.9844611257312443,0.969194792233025,0.16486359238774545,254,127,descriptive_only; never used for ID projection,ok,"[14, 16, 20, 28]"
"[""/home/ubuntu/cogitao-research/checkpoints/cogitao_vit_cross_attention/cogitao_c1_experiment_1_vit6_function_mlp_cross_attention/run_000/last.ckpt"", ""/home/ubuntu/cogitao-research/checkpoints/cogitao_vit_cross_attention/cogitao_c1_experiment_2_vit6_function_mlp_cross_attention/run_000/last.ckpt"", ""/home/ubuntu/cogitao-research/checkpoints/cogitao_vit_cross_attention/cogitao_c1_experiment_3_vit6_function_mlp_cross_attention/run_000/last.ckpt"", ""/home/ubuntu/cogitao-research/checkpoints/cogitao_vit_cross_attention/cogitao_c1_experiment_4_vit6_function_mlp_cross_attention/run_000/last.ckpt"", ""/home/ubuntu/cogitao-research/checkpoints/cogitao_vit_cross_attention/cogitao_c1_experiment_5_vit6_function_mlp_cross_attention/run_000/last.ckpt""]","[""2bff05e8e2e5f390f6eb1f5cbf0ac8187832a8a365af10da7100cb8d732aa3f2"", ""35f91e02d5b826c89f6b24f52abf83581220b4b6676009c59b6715b0b2251589"", ""900674f94996e9b2f5190e7cd8bac4486d09332daaf131226f7f107123274de1"", ""9fc5e4f84cb131416f158af2b67349dc93c59e82f33086a7eeab2f7d6f335a7f"", ""c6578b6a655d823b9e27296aaf186e6b5b97bad640fb400cc5f2abaa6f308e6d""]","[""dfec9cbb2afe6616194c1fb41430c0c5d2bc4208""]","[1, 2, 3, 4, 5]",test_ood,"[""change_shape_color"", ""crop_bottom_side"", ""crop_contours"", ""extend_contours_same_color"", ""rot90""]","[""double_right"", ""pad_left"", ""pad_right"", ""rot90"", ""translate_up""]","[""double_right -> crop_contours"", ""pad_left -> extend_contours_same_color"", ""pad_right -> change_shape_color"", ""rot90 -> crop_bottom_side"", ""translate_up -> rot90""]","pair (f,g): fgx=f(g(x)); task-token order [g,f] means g -> f",573,5,5,image_block_02,42,"[71370, 78000]",256,256,0.01,2,"{""fixed_ranks"": [1, 2, 4, 8, 16, 32], ""variance_thresholds"": [0.9, 0.95]}",recorded_ood,,,,,,,,,,,,,,,,,,,,,,,,,5,5,573,principal_angle_variance_0.9,D_object_error,checkpoint_program_means,5,0.9153119733593829,0.029205970280538122,0.49999999999999994,0.3910022189557703,ok,-0.4842997549588092,1.0,experiment_run,False,5,Descriptive OOD subspace fit; few model clusters.,f_given_g,variance_0.9,29,0.4624675090869329,0.46772229882308103,0.23325139143431384,0.96912714503395,0.939277930776283,0.28659043988692645,254,127,descriptive_only; never used for ID projection,ok,"[21, 26, 29, 41]"
"[""/home/ubuntu/cogitao-research/checkpoints/cogitao_vit_cross_attention/cogitao_c1_experiment_1_vit6_function_mlp_cross_attention/run_000/last.ckpt"", ""/home/ubuntu/cogitao-research/checkpoints/cogitao_vit_cross_attention/cogitao_c1_experiment_2_vit6_function_mlp_cross_attention/run_000/last.ckpt"", ""/home/ubuntu/cogitao-research/checkpoints/cogitao_vit_cross_attention/cogitao_c1_experiment_3_vit6_function_mlp_cross_attention/run_000/last.ckpt"", ""/home/ubuntu/cogitao-research/checkpoints/cogitao_vit_cross_attention/cogitao_c1_experiment_4_vit6_function_mlp_cross_attention/run_000/last.ckpt"", ""/home/ubuntu/cogitao-research/checkpoints/cogitao_vit_cross_attention/cogitao_c1_experiment_5_vit6_function_mlp_cross_attention/run_000/last.ckpt""]","[""2bff05e8e2e5f390f6eb1f5cbf0ac8187832a8a365af10da7100cb8d732aa3f2"", ""35f91e02d5b826c89f6b24f52abf83581220b4b6676009c59b6715b0b2251589"", ""900674f94996e9b2f5190e7cd8bac4486d09332daaf131226f7f107123274de1"", ""9fc5e4f84cb131416f158af2b67349dc93c59e82f33086a7eeab2f7d6f335a7f"", ""c6578b6a655d823b9e27296aaf186e6b5b97bad640fb400cc5f2abaa6f308e6d""]","[""dfec9cbb2afe6616194c1fb41430c0c5d2bc4208""]","[1, 2, 3, 4, 5]",test_ood,"[""change_shape_color"", ""crop_bottom_side"", ""crop_contours"", ""extend_contours_same_color"", ""rot90""]","[""double_right"", ""pad_left"", ""pad_right"", ""rot90"", ""translate_up""]","[""double_right -> crop_contours"", ""pad_left -> extend_contours_same_color"", ""pad_right -> change_shape_color"", ""rot90 -> crop_bottom_side"", ""translate_up -> rot90""]","pair (f,g): fgx=f(g(x)); task-token order [g,f] means g -> f",573,5,5,image_block_03,42,"[71370, 78000]",256,256,0.01,2,"{""fixed_ranks"": [1, 2, 4, 8, 16, 32], ""variance_thresholds"": [0.9, 0.95]}",recorded_ood,,,,,,,,,,,,,,,,,,,,,,,,,5,5,573,principal_angle_variance_0.9,D_object_error,checkpoint_program_means,5,0.8427865460410041,0.07303856656818916,0.49999999999999994,0.3910022189557703,ok,-0.8846586812674703,1.0,experiment_run,False,5,Descriptive OOD subspace fit; few model clusters.,f_given_g,variance_0.9,36,0.4862745657510678,0.47760426219998475,0.2376217799651646,0.964047344052058,0.9294475806040681,0.3323604434898762,254,127,descriptive_only; never used for ID projection,ok,"[30, 34, 35, 36, 46]"
"[""/home/ubuntu/cogitao-research/checkpoints/cogitao_vit_cross_attention/cogitao_c1_experiment_1_vit6_function_mlp_cross_attention/run_000/last.ckpt"", ""/home/ubuntu/cogitao-research/checkpoints/cogitao_vit_cross_attention/cogitao_c1_experiment_2_vit6_function_mlp_cross_attention/run_000/last.ckpt"", ""/home/ubuntu/cogitao-research/checkpoints/cogitao_vit_cross_attention/cogitao_c1_experiment_3_vit6_function_mlp_cross_attention/run_000/last.ckpt"", ""/home/ubuntu/cogitao-research/checkpoints/cogitao_vit_cross_attention/cogitao_c1_experiment_4_vit6_function_mlp_cross_attention/run_000/last.ckpt"", ""/home/ubuntu/cogitao-research/checkpoints/cogitao_vit_cross_attention/cogitao_c1_experiment_5_vit6_function_mlp_cross_attention/run_000/last.ckpt""]","[""2bff05e8e2e5f390f6eb1f5cbf0ac8187832a8a365af10da7100cb8d732aa3f2"", ""35f91e02d5b826c89f6b24f52abf83581220b4b6676009c59b6715b0b2251589"", ""900674f94996e9b2f5190e7cd8bac4486d09332daaf131226f7f107123274de1"", ""9fc5e4f84cb131416f158af2b67349dc93c59e82f33086a7eeab2f7d6f335a7f"", ""c6578b6a655d823b9e27296aaf186e6b5b97bad640fb400cc5f2abaa6f308e6d""]","[""dfec9cbb2afe6616194c1fb41430c0c5d2bc4208""]","[1, 2, 3, 4, 5]",test_ood,"[""change_shape_color"", ""crop_bottom_side"", ""crop_contours"", ""extend_contours_same_color"", ""rot90""]","[""double_right"", ""pad_left"", ""pad_right"", ""rot90"", ""translate_up""]","[""double_right -> crop_contours"", ""pad_left -> extend_contours_same_color"", ""pad_right -> change_shape_color"", ""rot90 -> crop_bottom_side"", ""translate_up -> rot90""]","pair (f,g): fgx=f(g(x)); task-token order [g,f] means g -> f",573,5,5,image_block_04,42,"[71370, 78000]",256,256,0.01,2,"{""fixed_ranks"": [1, 2, 4, 8, 16, 32], ""variance_thresholds"": [0.9, 0.95]}",recorded_ood,,,,,,,,,,,,,,,,,,,,,,,,,5,5,573,principal_angle_variance_0.9,D_object_error,checkpoint_program_means,5,0.7975519812954974,0.10596325968281735,0.3,0.623837664781073,ok,-1.0,1.0,experiment_run,False,5,Descriptive OOD subspace fit; few model clusters.,f_given_g,variance_0.9,40,0.492282509383968,0.4926686556819017,0.2534852204477506,0.9614072467960582,0.924368936172336,0.3644549607995033,254,127,descriptive_only; never used for ID projection,ok,"[33, 37, 40, 42, 52]"
"[""/home/ubuntu/cogitao-research/checkpoints/cogitao_vit_cross_attention/cogitao_c1_experiment_1_vit6_function_mlp_cross_attention/run_000/last.ckpt"", ""/home/ubuntu/cogitao-research/checkpoints/cogitao_vit_cross_attention/cogitao_c1_experiment_2_vit6_function_mlp_cross_attention/run_000/last.ckpt"", ""/home/ubuntu/cogitao-research/checkpoints/cogitao_vit_cross_attention/cogitao_c1_experiment_3_vit6_function_mlp_cross_attention/run_000/last.ckpt"", ""/home/ubuntu/cogitao-research/checkpoints/cogitao_vit_cross_attention/cogitao_c1_experiment_4_vit6_function_mlp_cross_attention/run_000/last.ckpt"", ""/home/ubuntu/cogitao-research/checkpoints/cogitao_vit_cross_attention/cogitao_c1_experiment_5_vit6_function_mlp_cross_attention/run_000/last.ckpt""]","[""2bff05e8e2e5f390f6eb1f5cbf0ac8187832a8a365af10da7100cb8d732aa3f2"", ""35f91e02d5b826c89f6b24f52abf83581220b4b6676009c59b6715b0b2251589"", ""900674f94996e9b2f5190e7cd8bac4486d09332daaf131226f7f107123274de1"", ""9fc5e4f84cb131416f158af2b67349dc93c59e82f33086a7eeab2f7d6f335a7f"", ""c6578b6a655d823b9e27296aaf186e6b5b97bad640fb400cc5f2abaa6f308e6d""]","[""dfec9cbb2afe6616194c1fb41430c0c5d2bc4208""]","[1, 2, 3, 4, 5]",test_ood,"[""change_shape_color"", ""crop_bottom_side"", ""crop_contours"", ""extend_contours_same_color"", ""rot90""]","[""double_right"", ""pad_left"", ""pad_right"", ""rot90"", ""translate_up""]","[""double_right -> crop_contours"", ""pad_left -> extend_contours_same_color"", ""pad_right -> change_shape_color"", ""rot90 -> crop_bottom_side"", ""translate_up -> rot90""]","pair (f,g): fgx=f(g(x)); task-token order [g,f] means g -> f",573,5,5,image_block_05,42,"[71370, 78000]",256,256,0.01,2,"{""fixed_ranks"": [1, 2, 4, 8, 16, 32], ""variance_thresholds"": [0.9, 0.95]}",recorded_ood,,,,,,,,,,,,,,,,,,,,,,,,,5,5,573,principal_angle_variance_0.9,D_object_error,checkpoint_program_means,5,0.6547074891909006,0.23053206770222895,0.49999999999999994,0.3910022189557703,ok,-0.3989435277589995,1.0,experiment_run,False,5,Descriptive OOD subspace fit; few model clusters.,f_given_g,variance_0.9,29,0.4422034659394376,0.4405845857471926,0.20592945116999423,0.9718539493021392,0.944544345440937,0.2956315323906225,254,127,descriptive_only; never used for ID projection,ok,"[29, 32, 47, 48, 58]"
"[""/home/ubuntu/cogitao-research/checkpoints/cogitao_vit_cross_attention/cogitao_c1_experiment_1_vit6_function_mlp_cross_attention/run_000/last.ckpt"", ""/home/ubuntu/cogitao-research/checkpoints/cogitao_vit_cross_attention/cogitao_c1_experiment_2_vit6_function_mlp_cross_attention/run_000/last.ckpt"", ""/home/ubuntu/cogitao-research/checkpoints/cogitao_vit_cross_attention/cogitao_c1_experiment_3_vit6_function_mlp_cross_attention/run_000/last.ckpt"", ""/home/ubuntu/cogitao-research/checkpoints/cogitao_vit_cross_attention/cogitao_c1_experiment_4_vit6_function_mlp_cross_attention/run_000/last.ckpt"", ""/home/ubuntu/cogitao-research/checkpoints/cogitao_vit_cross_attention/cogitao_c1_experiment_5_vit6_function_mlp_cross_attention/run_000/last.ckpt""]","[""2bff05e8e2e5f390f6eb1f5cbf0ac8187832a8a365af10da7100cb8d732aa3f2"", ""35f91e02d5b826c89f6b24f52abf83581220b4b6676009c59b6715b0b2251589"", ""900674f94996e9b2f5190e7cd8bac4486d09332daaf131226f7f107123274de1"", ""9fc5e4f84cb131416f158af2b67349dc93c59e82f33086a7eeab2f7d6f335a7f"", ""c6578b6a655d823b9e27296aaf186e6b5b97bad640fb400cc5f2abaa6f308e6d""]","[""dfec9cbb2afe6616194c1fb41430c0c5d2bc4208""]","[1, 2, 3, 4, 5]",test_ood,"[""change_shape_color"", ""crop_bottom_side"", ""crop_contours"", ""extend_contours_same_color"", ""rot90""]","[""double_right"", ""pad_left"", ""pad_right"", ""rot90"", ""translate_up""]","[""double_right -> crop_contours"", ""pad_left -> extend_contours_same_color"", ""pad_right -> change_shape_color"", ""rot90 -> crop_bottom_side"", ""translate_up -> rot90""]","pair (f,g): fgx=f(g(x)); task-token order [g,f] means g -> f",573,5,5,image_block_06,42,"[71370, 78000]",256,256,0.01,2,"{""fixed_ranks"": [1, 2, 4, 8, 16, 32], ""variance_thresholds"": [0.9, 0.95]}",recorded_ood,,,,,,,,,,,,,,,,,,,,,,,,,5,5,573,principal_angle_variance_0.9,D_object_error,checkpoint_program_means,5,0.7172887004574843,0.17258980561108958,0.49999999999999994,0.3910022189557703,ok,-0.455837835058192,1.0,experiment_run,False,5,Descriptive OOD subspace fit; few model clusters.,f_given_g,variance_0.9,35,0.45226135710451243,0.4518058621693769,0.214705409675905,0.9668328470133352,0.9348344382682351,0.3295889878562935,254,127,descriptive_only; never used for ID projection,ok,"[35, 37, 52, 54, 57]"
"[""/home/ubuntu/cogitao-research/checkpoints/cogitao_vit_cross_attention/cogitao_c1_experiment_1_vit6_function_mlp_cross_attention/run_000/last.ckpt"", ""/home/ubuntu/cogitao-research/checkpoints/cogitao_vit_cross_attention/cogitao_c1_experiment_2_vit6_function_mlp_cross_attention/run_000/last.ckpt"", ""/home/ubuntu/cogitao-research/checkpoints/cogitao_vit_cross_attention/cogitao_c1_experiment_3_vit6_function_mlp_cross_attention/run_000/last.ckpt"", ""/home/ubuntu/cogitao-research/checkpoints/cogitao_vit_cross_attention/cogitao_c1_experiment_4_vit6_function_mlp_cross_attention/run_000/last.ckpt"", ""/home/ubuntu/cogitao-research/checkpoints/cogitao_vit_cross_attention/cogitao_c1_experiment_5_vit6_function_mlp_cross_attention/run_000/last.ckpt""]","[""2bff05e8e2e5f390f6eb1f5cbf0ac8187832a8a365af10da7100cb8d732aa3f2"", ""35f91e02d5b826c89f6b24f52abf83581220b4b6676009c59b6715b0b2251589"", ""900674f94996e9b2f5190e7cd8bac4486d09332daaf131226f7f107123274de1"", ""9fc5e4f84cb131416f158af2b67349dc93c59e82f33086a7eeab2f7d6f335a7f"", ""c6578b6a655d823b9e27296aaf186e6b5b97bad640fb400cc5f2abaa6f308e6d""]","[""dfec9cbb2afe6616194c1fb41430c0c5d2bc4208""]","[1, 2, 3, 4, 5]",test_ood,"[""change_shape_color"", ""crop_bottom_side"", ""crop_contours"", ""extend_contours_same_color"", ""rot90""]","[""double_right"", ""pad_left"", ""pad_right"", ""rot90"", ""translate_up""]","[""double_right -> crop_contours"", ""pad_left -> extend_contours_same_color"", ""pad_right -> change_shape_color"", ""rot90 -> crop_bottom_side"", ""translate_up -> rot90""]","pair (f,g): fgx=f(g(x)); task-token order [g,f] means g -> f",573,5,5,image_final_norm,42,"[71370, 78000]",256,256,0.01,2,"{""fixed_ranks"": [1, 2, 4, 8, 16, 32], ""variance_thresholds"": [0.9, 0.95]}",recorded_ood,,,,,,,,,,,,,,,,,,,,,,,,,5,5,573,principal_angle_variance_0.9,D_object_error,checkpoint_program_means,5,0.6002841842869201,0.2844675506975271,0.49999999999999994,0.3910022189557703,ok,-0.5618432472574325,1.0,experiment_run,False,5,Descriptive OOD subspace fit; few model clusters.,f_given_g,variance_0.9,36,0.45779930385863377,0.4581881237194508,0.2204347857830238,0.96199368770748,0.9255131258959071,0.344705200565546,254,127,descriptive_only; never used for ID projection,ok,"[36, 42, 54, 55, 58]"
"[""/home/ubuntu/cogitao-research/checkpoints/cogitao_vit_cross_attention/cogitao_c1_experiment_1_vit6_function_mlp_cross_attention/run_000/last.ckpt"", ""/home/ubuntu/cogitao-research/checkpoints/cogitao_vit_cross_attention/cogitao_c1_experiment_2_vit6_function_mlp_cross_attention/run_000/last.ckpt"", ""/home/ubuntu/cogitao-research/checkpoints/cogitao_vit_cross_attention/cogitao_c1_experiment_3_vit6_function_mlp_cross_attention/run_000/last.ckpt"", ""/home/ubuntu/cogitao-research/checkpoints/cogitao_vit_cross_attention/cogitao_c1_experiment_4_vit6_function_mlp_cross_attention/run_000/last.ckpt"", ""/home/ubuntu/cogitao-research/checkpoints/cogitao_vit_cross_attention/cogitao_c1_experiment_5_vit6_function_mlp_cross_attention/run_000/last.ckpt""]","[""2bff05e8e2e5f390f6eb1f5cbf0ac8187832a8a365af10da7100cb8d732aa3f2"", ""35f91e02d5b826c89f6b24f52abf83581220b4b6676009c59b6715b0b2251589"", ""900674f94996e9b2f5190e7cd8bac4486d09332daaf131226f7f107123274de1"", ""9fc5e4f84cb131416f158af2b67349dc93c59e82f33086a7eeab2f7d6f335a7f"", ""c6578b6a655d823b9e27296aaf186e6b5b97bad640fb400cc5f2abaa6f308e6d""]","[""dfec9cbb2afe6616194c1fb41430c0c5d2bc4208""]","[1, 2, 3, 4, 5]",test_ood,"[""change_shape_color"", ""crop_bottom_side"", ""crop_contours"", ""extend_contours_same_color"", ""rot90""]","[""double_right"", ""pad_left"", ""pad_right"", ""rot90"", ""translate_up""]","[""double_right -> crop_contours"", ""pad_left -> extend_contours_same_color"", ""pad_right -> change_shape_color"", ""rot90 -> crop_bottom_side"", ""translate_up -> rot90""]","pair (f,g): fgx=f(g(x)); task-token order [g,f] means g -> f",573,5,5,image_input_tokens,42,"[71370, 78000]",256,256,0.01,2,"{""fixed_ranks"": [1, 2, 4, 8, 16, 32], ""variance_thresholds"": [0.9, 0.95]}",recorded_ood,,,,,,,,,,,,,,,,,,,,,,,,,5,5,573,principal_angle_variance_0.9,D_object_error,checkpoint_program_means,5,-0.5538892415957293,0.33270080976996474,-0.7,0.1881204043741873,ok,-1.0,0.1422350710364885,experiment_run,False,5,Descriptive OOD subspace fit; few model clusters.,f_given_g,variance_0.9,18,0.4788845364856253,0.5132915535697338,0.320064254251734,0.9829263873309351,0.9694360166673699,0.3343400579874871,254,127,descriptive_only; never used for ID projection,ok,"[15, 18, 20, 21]"
