experiment,split,f,g,composition,source_kind,layer,samples,action_transfer_f_relative_l2_mean,action_transfer_f_relative_l2_count,action_transfer_f_cosine_distance_mean,action_transfer_f_cosine_distance_count,action_transfer_f_source_delta_norm_mean,action_transfer_f_source_delta_norm_count,action_transfer_f_context_delta_norm_mean,action_transfer_f_context_delta_norm_count,action_transfer_f_both_zero_mean,action_transfer_f_both_zero_count,action_transfer_g_relative_l2_mean,action_transfer_g_relative_l2_count,action_transfer_g_cosine_distance_mean,action_transfer_g_cosine_distance_count,action_transfer_g_source_delta_norm_mean,action_transfer_g_source_delta_norm_count,action_transfer_g_context_delta_norm_mean,action_transfer_g_context_delta_norm_count,action_transfer_g_both_zero_mean,action_transfer_g_both_zero_count,f_source_oracle_no_op_mean,f_source_oracle_no_op_count,f_context_oracle_no_op_mean,f_context_oracle_no_op_count,g_source_oracle_no_op_mean,g_source_oracle_no_op_count,g_context_oracle_no_op_mean,g_context_oracle_no_op_count,oracle_commutes_mean,oracle_commutes_count,commutator_applicable_mean,commutator_applicable_count,fx_prediction_defect_mean,fx_prediction_defect_count,gx_prediction_defect_mean,gx_prediction_defect_count,fgx_prediction_defect_mean,fgx_prediction_defect_count,gfx_prediction_defect_mean,gfx_prediction_defect_count,f_context_prediction_defect_mean,f_context_prediction_defect_count,g_context_prediction_defect_mean,g_context_prediction_defect_count,oracle_relation_observed_count_mean,oracle_relation_observed_count_count,oracle_relation_tautology_count_mean,oracle_relation_tautology_count_count,oracle_relation_count_mean,oracle_relation_count_count,oracle_relation_retention_mean,oracle_relation_retention_count,oracle_relation_defect_mean,oracle_relation_defect_count,oracle_relation_max_defect_mean,oracle_relation_max_defect_count,action_transfer_f_active_samples,action_transfer_f_relative_l2_active_mean,action_transfer_f_cosine_distance_active_mean,action_transfer_g_active_samples,action_transfer_g_relative_l2_active_mean,action_transfer_g_cosine_distance_active_mean,composition_accuracy_samples,object_accuracy,oracle_valid_accuracy_samples,oracle_valid_object_accuracy,commutator_operator_defect_mean,commutator_operator_defect_count,commutator_operator_relative_defect_mean,commutator_operator_relative_defect_count,commutator_data_defect_mean,commutator_data_defect_count
1,val,mirror_horizontal,mirror_horizontal,mirror_horizontal -> mirror_horizontal,synthetic_pair_on_id_atomic_input,image_input_tokens,128,1.9375,128,2.0,124,0.09264497803385491,128,0.09264497803385491,128,0.03125,128,1.9375,128,2.0,124,0.09264497803385491,128,0.09264497803385491,128,0.03125,128,0.03125,128,0.03125,128,0.03125,128,0.03125,128,1.0,128,0.0,128,0.015496510008018563,128,0.015496510008018563,128,0.013150163183866439,128,0.013150163183866439,128,0.015660641131244317,128,0.015660641131244317,128,4.1875,128,2.0,128,2.1875,128,0.9921875,128,0.012954831703831618,128,0.013150163183866439,128,124,2.0,2.0,124,2.0,2.0,111,0.9871018034917814,0,,,,,,,
1,val,mirror_horizontal,mirror_horizontal,mirror_horizontal -> mirror_horizontal,synthetic_pair_on_id_atomic_input,image_block_01,128,1.9375,128,2.0,124,3.5472623155413108,128,3.5472623155413108,128,0.03125,128,1.9375,128,2.0,124,3.5472623155413108,128,3.5472623155413108,128,0.03125,128,0.03125,128,0.03125,128,0.03125,128,0.03125,128,1.0,128,0.0,128,0.07360577287107713,128,0.07360577287107713,128,0.07073892110795418,128,0.07073892110795418,128,0.07086399825856915,128,0.07086399825856915,128,4.1875,128,2.0,128,2.1875,128,0.15234375,128,0.06989838959655731,128,0.07073892110795418,128,124,2.0,2.0,124,2.0,2.0,111,0.9871018034917814,0,,,,,,,
1,val,mirror_horizontal,mirror_horizontal,mirror_horizontal -> mirror_horizontal,synthetic_pair_on_id_atomic_input,image_block_02,128,1.9375,128,2.0,124,6.790199309738136,128,6.790199309738136,128,0.03125,128,1.9375,128,2.0,124,6.790199309738136,128,6.790199309738136,128,0.03125,128,0.03125,128,0.03125,128,0.03125,128,0.03125,128,1.0,128,0.0,128,0.09636317005967387,128,0.09636317005967387,128,0.09062956249124335,128,0.09062956249124335,128,0.09488985967852176,128,0.09488985967852176,128,4.1875,128,2.0,128,2.1875,128,0.013671875,128,0.08958591483730036,128,0.09062956249124335,128,124,2.0,2.0,124,2.0,2.0,111,0.9871018034917814,0,,,,,,,
1,val,mirror_horizontal,mirror_horizontal,mirror_horizontal -> mirror_horizontal,synthetic_pair_on_id_atomic_input,image_block_03,128,1.9375,128,2.0,124,7.500831445912095,128,7.500831445912095,128,0.03125,128,1.9375,128,2.0,124,7.500831445912095,128,7.500831445912095,128,0.03125,128,0.03125,128,0.03125,128,0.03125,128,0.03125,128,1.0,128,0.0,128,0.09287367573619197,128,0.09287367573619197,128,0.08987778732657495,128,0.08987778732657495,128,0.0911979057623417,128,0.0911979057623417,128,4.1875,128,2.0,128,2.1875,128,0.015625,128,0.08890290296072106,128,0.08987778732657495,128,124,2.0,2.0,124,2.0,2.0,111,0.9871018034917814,0,,,,,,,
1,val,mirror_horizontal,mirror_horizontal,mirror_horizontal -> mirror_horizontal,synthetic_pair_on_id_atomic_input,image_block_04,128,1.9375,128,2.0,124,8.330091055425305,128,8.330091055425305,128,0.03125,128,1.9375,128,2.0,124,8.330091055425305,128,8.330091055425305,128,0.03125,128,0.03125,128,0.03125,128,0.03125,128,0.03125,128,1.0,128,0.0,128,0.10726163912334169,128,0.10726163912334169,128,0.1080401803787632,128,0.1080401803787632,128,0.10526720462002695,128,0.10526720462002695,128,4.1875,128,2.0,128,2.1875,128,0.0078125,128,0.10703421029972393,128,0.1080401803787632,128,124,2.0,2.0,124,2.0,2.0,111,0.9871018034917814,0,,,,,,,
1,val,mirror_horizontal,mirror_horizontal,mirror_horizontal -> mirror_horizontal,synthetic_pair_on_id_atomic_input,image_block_05,128,1.9375,128,2.0,124,18.565632245677683,128,18.565632245677683,128,0.03125,128,1.9375,128,2.0,124,18.565632245677683,128,18.565632245677683,128,0.03125,128,0.03125,128,0.03125,128,0.03125,128,0.03125,128,1.0,128,0.0,128,0.16465893141974533,128,0.16465893141974533,128,0.1638285575487965,128,0.1638285575487965,128,0.16409018841092737,128,0.16409018841092737,128,4.1875,128,2.0,128,2.1875,128,0.0,128,0.16228710987045541,128,0.1638285575487965,128,124,2.0,2.0,124,2.0,2.0,111,0.9871018034917814,0,,,,,,,
1,val,mirror_horizontal,mirror_horizontal,mirror_horizontal -> mirror_horizontal,synthetic_pair_on_id_atomic_input,image_block_06,128,1.9375,128,2.0,124,20.899879384078627,128,20.899879384078627,128,0.03125,128,1.9375,128,2.0,124,20.899879384078627,128,20.899879384078627,128,0.03125,128,0.03125,128,0.03125,128,0.03125,128,0.03125,128,1.0,128,0.0,128,0.17586875751468456,128,0.17586875751468456,128,0.18108500301110303,128,0.18108500301110303,128,0.1775507334120483,128,0.1775507334120483,128,4.1875,128,2.0,128,2.1875,128,0.0,128,0.17964472781359297,128,0.18108500301110303,128,124,2.0,2.0,124,2.0,2.0,111,0.9871018034917814,0,,,,,,,
1,val,mirror_horizontal,mirror_horizontal,mirror_horizontal -> mirror_horizontal,synthetic_pair_on_id_atomic_input,image_final_norm,128,1.9375,128,2.0,124,3.5958954205086444,128,3.5958954205086444,128,0.03125,128,1.9375,128,2.0,124,3.5958954205086444,128,3.5958954205086444,128,0.03125,128,0.03125,128,0.03125,128,0.03125,128,0.03125,128,1.0,128,0.0,128,0.17593720012189695,128,0.17593720012189695,128,0.18235993303611409,128,0.18235993303611409,128,0.1774339172353515,128,0.1774339172353515,128,4.1875,128,2.0,128,2.1875,128,0.0,128,0.180849339845447,128,0.18235993303611409,128,124,2.0,2.0,124,2.0,2.0,111,0.9871018034917814,0,,,,,,,
1,val,mirror_horizontal,rot90,rot90 -> mirror_horizontal,synthetic_pair_on_id_atomic_input,image_input_tokens,128,1.6039904317144136,128,1.154540822646605,118,0.09302835021144927,128,0.10028772815574812,128,0.0,128,1.0911805561424066,128,0.7349894327268421,128,0.15047548703346253,128,0.15397905054740443,128,0.0,128,0.03125,128,0.046875,128,0.0,128,0.0,128,0.0078125,128,0.0078125,128,0.015674769177678124,128,0.02339936581980795,128,0.02522165355082977,128,0.023505535044213585,128,0.016607938702620402,128,0.024010992058157793,128,0.1640625,128,0.0,128,0.1640625,128,1.0,15,0.009808784773730862,15,0.00996978884063342,15,118,1.5704302988088552,1.154540822646605,128,1.0911805561424066,0.7349894327268421,111,0.9342670795079824,0,,0.33231824592675824,1,0.04273735660069885,1,0.003223260695459291,1
1,val,mirror_horizontal,rot90,rot90 -> mirror_horizontal,synthetic_pair_on_id_atomic_input,image_block_01,128,1.631256489822873,128,1.2644265234006387,118,3.5833082695450473,128,3.4404105764945436,128,0.0,128,1.1880717444658595,128,0.865290258182444,128,5.556820742967519,128,5.591888303508276,128,0.0,128,0.03125,128,0.046875,128,0.0,128,0.0,128,0.0078125,128,0.0078125,128,0.07461964615196469,128,0.10583369240412546,128,0.10885587889074608,128,0.10309917945096223,128,0.07160779512916962,128,0.10424923828325419,128,0.1640625,128,0.0,128,0.1640625,128,0.7333333333333333,15,0.04939068717363712,15,0.05157772122846503,15,118,1.6000070398078623,1.2644265234006387,128,1.1880717444658595,0.865290258182444,111,0.9342670795079824,0,,39.27209097335305,1,0.93782341948117,1,0.03036459765756981,1
1,val,mirror_horizontal,rot90,rot90 -> mirror_horizontal,synthetic_pair_on_id_atomic_input,image_block_02,128,1.660354289969535,128,1.318700134544199,118,6.7977661727938266,128,6.267271907596342,128,0.0,128,1.2021968622749957,128,0.8837757785384404,128,9.67643624360172,128,9.958672316096777,128,0.0,128,0.03125,128,0.046875,128,0.0,128,0.0,128,0.0078125,128,0.0078125,128,0.09689092267461899,128,0.12534035055068576,128,0.12533675133173144,128,0.12552981943623942,128,0.091391766738685,128,0.12799210975066416,128,0.1640625,128,0.0,128,0.1640625,128,0.3333333333333333,15,0.06892059096765589,15,0.07078419675388038,15,118,1.6315707552211902,1.318700134544199,128,1.2021968622749957,0.8837757785384404,111,0.9342670795079824,0,,34.65326600650582,1,0.6529391698313576,1,0.04466000506458151,1
1,val,mirror_horizontal,rot90,rot90 -> mirror_horizontal,synthetic_pair_on_id_atomic_input,image_block_03,128,1.6579923002958152,128,1.3223818912464798,118,7.534792159792251,128,7.10297544372656,128,0.0,128,1.2000917463390999,128,0.8713007959596284,128,11.095000337503677,128,11.275411832408434,128,0.0,128,0.03125,128,0.046875,128,0.0,128,0.0,128,0.0078125,128,0.0078125,128,0.09334863567184619,128,0.1270228289987136,128,0.1260372887299358,128,0.12584242856935324,128,0.09004633634787682,128,0.12742071826416307,128,0.1640625,128,0.0,128,0.1640625,128,0.2,15,0.07584338828506633,15,0.07690150770166536,15,118,1.6290085969310542,1.3223818912464798,128,1.2000917463390999,0.8713007959596284,111,0.9342670795079824,0,,52.55749448751446,1,0.7172417385553983,1,0.05570479193177405,1
1,val,mirror_horizontal,rot90,rot90 -> mirror_horizontal,synthetic_pair_on_id_atomic_input,image_block_04,128,1.6688923294793767,128,1.3382843811672758,118,8.380688257611293,128,7.933846436912926,128,0.0,128,1.2259755720022625,128,0.9090686154550209,128,11.968135107496838,128,12.404029563641346,128,0.0,128,0.03125,128,0.046875,128,0.0,128,0.0,128,0.0078125,128,0.0078125,128,0.10705630199381697,128,0.13851966927382148,128,0.13850642604099267,128,0.1423217654091435,128,0.10397482169889119,128,0.14089728390905493,128,0.1640625,128,0.0,128,0.1640625,128,0.0,15,0.09838419718315267,15,0.10111010449946939,15,118,1.6408323574013577,1.3382843811672758,128,1.2259755720022625,0.9090686154550209,111,0.9342670795079824,0,,73.41182032693176,1,0.9448243533682803,1,0.07689605109655007,1
1,val,mirror_horizontal,rot90,rot90 -> mirror_horizontal,synthetic_pair_on_id_atomic_input,image_block_05,128,1.6981873178947946,128,1.4018997939497906,118,18.741630863173036,128,18.410810296245955,128,0.0,128,1.2311110868677337,128,0.9182998030261997,128,29.235384050684647,128,29.377815207640083,128,0.0,128,0.03125,128,0.046875,128,0.0,128,0.0,128,0.0078125,128,0.0078125,128,0.1628729879975891,128,0.228221461046915,128,0.2292952593937734,128,0.2368795104360281,128,0.1653163467101069,128,0.22878262508807704,128,0.1640625,128,0.0,128,0.1640625,128,0.0,15,0.18342327592666605,15,0.18794805665790376,15,118,1.6726099719536751,1.4018997939497906,128,1.2311110868677337,0.9182998030261997,111,0.9342670795079824,0,,85.89485604324771,1,0.9134233026922884,1,0.15198552699388854,1
1,val,mirror_horizontal,rot90,rot90 -> mirror_horizontal,synthetic_pair_on_id_atomic_input,image_block_06,128,1.6968716520130496,128,1.3971513395647348,118,21.01536887772054,128,20.726667268816023,128,0.0,128,1.2130120932868174,128,0.8887063546546202,128,33.11431887443369,128,33.114238608662205,128,0.0,128,0.03125,128,0.046875,128,0.0,128,0.0,128,0.0078125,128,0.0078125,128,0.1741802479836243,128,0.24009114037856266,128,0.24293356255908916,128,0.2499525648647716,128,0.17729686470444284,128,0.24145353608509074,128,0.1640625,128,0.0,128,0.1640625,128,0.0,15,0.1997125480679065,15,0.2071938760072528,15,118,1.671182808963308,1.3971513395647348,128,1.2130120932868174,0.8887063546546202,111,0.9342670795079824,0,,97.02623676912067,1,0.9540849373053552,1,0.17282073298744705,1
1,val,mirror_horizontal,rot90,rot90 -> mirror_horizontal,synthetic_pair_on_id_atomic_input,image_final_norm,128,1.6961839249845996,128,1.3971416208225587,118,3.615873788314804,128,3.54326603788222,128,0.0,128,1.2141211763284168,128,0.8882327400079508,128,5.655697435126017,128,5.655136291821528,128,0.0,128,0.03125,128,0.046875,128,0.0,128,0.0,128,0.0078125,128,0.0078125,128,0.17389576571971943,128,0.24128618159943865,128,0.24540468995300013,128,0.2509887660488973,128,0.1772503318643516,128,0.24237434947426706,128,0.1640625,128,0.0,128,0.1640625,128,0.0,15,0.2037258111072571,15,0.21047676570167978,15,118,1.6704367999832948,1.3971416208225587,128,1.2141211763284168,0.8882327400079508,111,0.9342670795079824,0,,36.66056575222078,1,1.12667386910659,1,0.17110253049192473,1
1,val,mirror_horizontal,translate_up,translate_up -> mirror_horizontal,synthetic_pair_on_id_atomic_input,image_input_tokens,128,1.620418777184887,128,1.13193298682101,125,0.0941819118526803,128,0.08748978676932828,128,0.0234375,128,0.8104979872688123,128,0.42158077278757783,128,0.19076565965873848,128,0.19686208093290444,128,0.0,128,0.0234375,128,0.0234375,128,0.0,128,0.0,128,1.0,128,1.0,128,0.015626935824893915,128,0.025323446134740066,128,0.02648901356573119,128,0.026396463991864502,128,0.014901394571062578,128,0.025524278584362667,128,1.0703125,128,0.0,128,1.0703125,128,1.0,128,0.002246169155027069,128,0.0022909469700434053,128,125,1.6593088278373243,1.13193298682101,128,0.8104979872688123,0.42158077278757783,111,0.9905368052087389,0,,0.3728232032713024,128,0.0457618152078828,128,0.00214511964976697,128
1,val,mirror_horizontal,translate_up,translate_up -> mirror_horizontal,synthetic_pair_on_id_atomic_input,image_block_01,128,0.5804770416422607,128,0.17919887904296006,125,3.5725073300055836,128,3.524387465256031,128,0.0234375,128,0.26962390135407216,128,0.04352240103943612,128,7.323959393682221,128,7.330797761481811,128,0.0,128,0.0234375,128,0.0234375,128,0.0,128,0.0,128,1.0,128,1.0,128,0.07497211821123638,128,0.04418819432120011,128,0.07732484543144794,128,0.08037211909644995,128,0.07199584711553292,128,0.043145990548907324,128,1.0703125,128,0.0,128,1.0703125,128,0.97265625,128,0.026039376651407962,128,0.0262165670535474,128,125,0.594408490641675,0.17919887904296006,128,0.26962390135407216,0.04352240103943612,111,0.9905368052087389,0,,19.183532248522834,128,0.5284682365159564,128,0.025807930448535008,128
1,val,mirror_horizontal,translate_up,translate_up -> mirror_horizontal,synthetic_pair_on_id_atomic_input,image_block_02,128,0.46532155850198065,128,0.12062083690654227,125,6.726504519227463,128,6.616348965244596,128,0.0234375,128,0.280535631009651,128,0.0477277437342206,128,10.172077480607278,128,10.168533482700374,128,0.0,128,0.0234375,128,0.0234375,128,0.0,128,0.0,128,1.0,128,1.0,128,0.09594664080700435,128,0.052011593164764336,128,0.09915534231189783,128,0.10122844643708166,128,0.09433580111006852,128,0.05239041402060818,128,1.0703125,128,0.0,128,1.0703125,128,0.921875,128,0.03648321977209581,128,0.036747490277712375,128,125,0.47648927590602824,0.12062083690654227,128,0.280535631009651,0.0477277437342206,111,0.9905368052087389,0,,29.85033882945891,128,0.6094161790220181,128,0.03612287208320835,128
1,val,mirror_horizontal,translate_up,translate_up -> mirror_horizontal,synthetic_pair_on_id_atomic_input,image_block_03,128,0.4771082960580968,128,0.12500902606114106,125,7.3909205841838155,128,7.31022618586184,128,0.0234375,128,0.29508721191724674,128,0.05248089966035657,128,11.280261777442785,128,11.20198882134865,128,0.0,128,0.0234375,128,0.0234375,128,0.0,128,0.0,128,1.0,128,1.0,128,0.09168100104055141,128,0.05548875544173254,128,0.09707981112185073,128,0.09778063297188415,128,0.09088588371649813,128,0.05451170158511583,128,1.0703125,128,0.0,128,1.0703125,128,0.869140625,128,0.039227536581577835,128,0.03946219109577782,128,125,0.4885588951634911,0.12500902606114106,128,0.29508721191724674,0.05248089966035657,111,0.9905368052087389,0,,28.034592129605258,128,0.5262367911733301,128,0.03893453878874613,128
1,val,mirror_horizontal,translate_up,translate_up -> mirror_horizontal,synthetic_pair_on_id_atomic_input,image_block_04,128,0.447478245170701,128,0.10944866639362254,125,8.271212530395243,128,7.9719568580439635,128,0.0234375,128,0.28852323187518836,128,0.04918861064369639,128,11.933354279952184,128,11.896836500884351,128,0.0,128,0.0234375,128,0.0234375,128,0.0,128,0.0,128,1.0,128,1.0,128,0.10615834049673228,128,0.062495527470606126,128,0.11110602306441439,128,0.1114943965476341,128,0.10382440311364852,128,0.06183237973144988,128,1.0703125,128,0.0,128,1.0703125,128,0.68359375,128,0.04851894802398691,128,0.0488822807022688,128,125,0.4582177230547978,0.10944866639362254,128,0.28852323187518836,0.04918861064369639,111,0.9905368052087389,0,,32.471221728847134,128,0.6068272762978901,128,0.04811182050086031,128
1,val,mirror_horizontal,translate_up,translate_up -> mirror_horizontal,synthetic_pair_on_id_atomic_input,image_block_05,128,0.33255844171690563,128,0.07188146808532614,125,18.409643369198992,128,18.491262387573748,128,0.0234375,128,0.38079889239767156,128,0.08706049229103753,128,14.94639933814645,128,14.729563105909417,128,0.0,128,0.0234375,128,0.0234375,128,0.0,128,0.0,128,1.0,128,1.0,128,0.1607210825226058,128,0.10433440240685436,128,0.17292394681694706,128,0.17327993911689,128,0.1604071122972695,128,0.10354733757754939,128,1.0703125,128,0.0,128,1.0703125,128,0.0,128,0.09520174240070713,128,0.09553059288298635,128,125,0.34053984431811146,0.07188146808532614,128,0.38079889239767156,0.08706049229103753,111,0.9905368052087389,0,,53.25393929674628,128,0.7872017377076974,128,0.09490092368842595,128
1,val,mirror_horizontal,translate_up,translate_up -> mirror_horizontal,synthetic_pair_on_id_atomic_input,image_block_06,128,0.33857993417201415,128,0.0756771365823915,125,20.63766819166381,128,20.6780094565566,128,0.0234375,128,0.38709897522605097,128,0.09031639325489349,128,17.223083332142817,128,16.929287328475162,128,0.0,128,0.0234375,128,0.0234375,128,0.0,128,0.0,128,1.0,128,1.0,128,0.17260008295711438,128,0.115955718229691,128,0.1881585755912864,128,0.18832745354117517,128,0.17047838112269334,128,0.11531871957610054,128,1.0703125,128,0.0,128,1.0703125,128,0.0,128,0.10867600489608585,128,0.10915009600446673,128,125,0.3467058525921425,0.0756771365823915,128,0.38709897522605097,0.09031639325489349,111,0.9905368052087389,0,,54.570202560976675,128,0.7471745949987038,128,0.10803031883221414,128
1,val,mirror_horizontal,translate_up,translate_up -> mirror_horizontal,synthetic_pair_on_id_atomic_input,image_final_norm,128,0.3403084270023701,128,0.07641050181606969,125,3.56613064946686,128,3.5479750084620783,128,0.0234375,128,0.39712122273313544,128,0.09432713598858794,128,2.9050119003262256,128,2.8591215366922778,128,0.0,128,0.0234375,128,0.0234375,128,0.0,128,0.0,128,1.0,128,1.0,128,0.17207754971868638,128,0.11760896774475352,128,0.18766546642872514,128,0.187304788149737,128,0.16935159398956406,128,0.11739703447132155,128,1.0703125,128,0.0,128,1.0703125,128,0.0,128,0.10975291161193447,128,0.11014795500653213,128,125,0.34847582925042697,0.07641050181606969,128,0.39712122273313544,0.09432713598858794,111,0.9905368052087389,0,,20.130815274557214,128,0.8409569173938073,128,0.10921332646597713,128
1,val,rot90,mirror_horizontal,mirror_horizontal -> rot90,synthetic_pair_on_id_atomic_input,image_input_tokens,128,1.0911805561424066,128,0.7349894327268421,128,0.15047548703346253,128,0.15397905054740443,128,0.0,128,1.6039904317144136,128,1.154540822646605,118,0.09302835021144927,128,0.10028772815574812,128,0.0,128,0.0,128,0.0,128,0.03125,128,0.046875,128,0.0078125,128,0.0078125,128,0.02339936581980795,128,0.015674769177678124,128,0.023505535044213585,128,0.02522165355082977,128,0.024010992058157793,128,0.016607938702620402,128,0.1640625,128,0.0,128,0.1640625,128,1.0,15,0.009808784773730862,15,0.00996978884063342,15,128,1.0911805561424066,0.7349894327268421,118,1.5704302988088552,1.154540822646605,111,0.9449946321882643,0,,0.33231824592675824,1,0.04273735660069885,1,0.003223260695459291,1
1,val,rot90,mirror_horizontal,mirror_horizontal -> rot90,synthetic_pair_on_id_atomic_input,image_block_01,128,1.1880717444658595,128,0.865290258182444,128,5.556820742967519,128,5.591888303508276,128,0.0,128,1.631256489822873,128,1.2644265234006387,118,3.5833082695450473,128,3.4404105764945436,128,0.0,128,0.0,128,0.0,128,0.03125,128,0.046875,128,0.0078125,128,0.0078125,128,0.10583369240412546,128,0.07461964615196469,128,0.10309917945096223,128,0.10885587889074608,128,0.10424923828325419,128,0.07160779512916962,128,0.1640625,128,0.0,128,0.1640625,128,0.7333333333333333,15,0.04939068717363712,15,0.05157772122846503,15,128,1.1880717444658595,0.865290258182444,118,1.6000070398078623,1.2644265234006387,111,0.9449946321882643,0,,39.27209097335305,1,0.93782341948117,1,0.03036459765756981,1
1,val,rot90,mirror_horizontal,mirror_horizontal -> rot90,synthetic_pair_on_id_atomic_input,image_block_02,128,1.2021968622749957,128,0.8837757785384404,128,9.67643624360172,128,9.958672316096777,128,0.0,128,1.660354289969535,128,1.318700134544199,118,6.7977661727938266,128,6.267271907596342,128,0.0,128,0.0,128,0.0,128,0.03125,128,0.046875,128,0.0078125,128,0.0078125,128,0.12534035055068576,128,0.09689092267461899,128,0.12552981943623942,128,0.12533675133173144,128,0.12799210975066416,128,0.091391766738685,128,0.1640625,128,0.0,128,0.1640625,128,0.3333333333333333,15,0.06892059096765589,15,0.07078419675388038,15,128,1.2021968622749957,0.8837757785384404,118,1.6315707552211902,1.318700134544199,111,0.9449946321882643,0,,34.65326600650582,1,0.6529391698313576,1,0.04466000506458151,1
1,val,rot90,mirror_horizontal,mirror_horizontal -> rot90,synthetic_pair_on_id_atomic_input,image_block_03,128,1.2000917463390999,128,0.8713007959596284,128,11.095000337503677,128,11.275411832408434,128,0.0,128,1.6579923002958152,128,1.3223818912464798,118,7.534792159792251,128,7.10297544372656,128,0.0,128,0.0,128,0.0,128,0.03125,128,0.046875,128,0.0078125,128,0.0078125,128,0.1270228289987136,128,0.09334863567184619,128,0.12584242856935324,128,0.1260372887299358,128,0.12742071826416307,128,0.09004633634787682,128,0.1640625,128,0.0,128,0.1640625,128,0.2,15,0.07584338828506633,15,0.07690150770166536,15,128,1.2000917463390999,0.8713007959596284,118,1.6290085969310542,1.3223818912464798,111,0.9449946321882643,0,,52.55749448751446,1,0.7172417385553983,1,0.05570479193177405,1
1,val,rot90,mirror_horizontal,mirror_horizontal -> rot90,synthetic_pair_on_id_atomic_input,image_block_04,128,1.2259755720022625,128,0.9090686154550209,128,11.968135107496838,128,12.404029563641346,128,0.0,128,1.6688923294793767,128,1.3382843811672758,118,8.380688257611293,128,7.933846436912926,128,0.0,128,0.0,128,0.0,128,0.03125,128,0.046875,128,0.0078125,128,0.0078125,128,0.13851966927382148,128,0.10705630199381697,128,0.1423217654091435,128,0.13850642604099267,128,0.14089728390905493,128,0.10397482169889119,128,0.1640625,128,0.0,128,0.1640625,128,0.0,15,0.09838419718315267,15,0.10111010449946939,15,128,1.2259755720022625,0.9090686154550209,118,1.6408323574013577,1.3382843811672758,111,0.9449946321882643,0,,73.41182032693176,1,0.9448243533682803,1,0.07689605109655007,1
1,val,rot90,mirror_horizontal,mirror_horizontal -> rot90,synthetic_pair_on_id_atomic_input,image_block_05,128,1.2311110868677337,128,0.9182998030261997,128,29.235384050684647,128,29.377815207640083,128,0.0,128,1.6981873178947946,128,1.4018997939497906,118,18.741630863173036,128,18.410810296245955,128,0.0,128,0.0,128,0.0,128,0.03125,128,0.046875,128,0.0078125,128,0.0078125,128,0.228221461046915,128,0.1628729879975891,128,0.2368795104360281,128,0.2292952593937734,128,0.22878262508807704,128,0.1653163467101069,128,0.1640625,128,0.0,128,0.1640625,128,0.0,15,0.18342327592666605,15,0.18794805665790376,15,128,1.2311110868677337,0.9182998030261997,118,1.6726099719536751,1.4018997939497906,111,0.9449946321882643,0,,85.89485604324771,1,0.9134233026922884,1,0.15198552699388854,1
1,val,rot90,mirror_horizontal,mirror_horizontal -> rot90,synthetic_pair_on_id_atomic_input,image_block_06,128,1.2130120932868174,128,0.8887063546546202,128,33.11431887443369,128,33.114238608662205,128,0.0,128,1.6968716520130496,128,1.3971513395647348,118,21.01536887772054,128,20.726667268816023,128,0.0,128,0.0,128,0.0,128,0.03125,128,0.046875,128,0.0078125,128,0.0078125,128,0.24009114037856266,128,0.1741802479836243,128,0.2499525648647716,128,0.24293356255908916,128,0.24145353608509074,128,0.17729686470444284,128,0.1640625,128,0.0,128,0.1640625,128,0.0,15,0.1997125480679065,15,0.2071938760072528,15,128,1.2130120932868174,0.8887063546546202,118,1.671182808963308,1.3971513395647348,111,0.9449946321882643,0,,97.02623676912067,1,0.9540849373053552,1,0.17282073298744705,1
1,val,rot90,mirror_horizontal,mirror_horizontal -> rot90,synthetic_pair_on_id_atomic_input,image_final_norm,128,1.2141211763284168,128,0.8882327400079508,128,5.655697435126017,128,5.655136291821528,128,0.0,128,1.6961839249845996,128,1.3971416208225587,118,3.615873788314804,128,3.54326603788222,128,0.0,128,0.0,128,0.0,128,0.03125,128,0.046875,128,0.0078125,128,0.0078125,128,0.24128618159943865,128,0.17389576571971943,128,0.2509887660488973,128,0.24540468995300013,128,0.24237434947426706,128,0.1772503318643516,128,0.1640625,128,0.0,128,0.1640625,128,0.0,15,0.2037258111072571,15,0.21047676570167978,15,128,1.2141211763284168,0.8882327400079508,118,1.6704367999832948,1.3971416208225587,111,0.9449946321882643,0,,36.66056575222078,1,1.12667386910659,1,0.17110253049192473,1
1,val,rot90,rot90,rot90 -> rot90,synthetic_pair_on_id_atomic_input,image_input_tokens,128,1.7291638826634028,128,1.4402187116378764,128,0.1519592524323511,128,0.15549885996164414,128,0.0,128,1.7291638826634028,128,1.4402187116378764,128,0.1519592524323511,128,0.15549885996164414,128,0.0,128,0.0,128,0.0,128,0.0,128,0.0,128,1.0,128,0.0,128,0.023499099109325662,128,0.023499099109325662,128,0.028244556391730465,128,0.028244556391730465,128,0.024149781613526662,128,0.024149781613526662,128,2.015625,128,2.0,128,0.015625,128,0.0,1,0.05299868897434176,1,0.05299868897434176,1,128,1.7291638826634028,1.4402187116378764,128,1.7291638826634028,1.4402187116378764,111,0.9420535022074038,0,,,,,,,
1,val,rot90,rot90,rot90 -> rot90,synthetic_pair_on_id_atomic_input,image_block_01,128,1.7885652718839449,128,1.6065674817844275,128,5.591112235733783,128,5.604518818835642,128,0.0,128,1.7885652718839449,128,1.6065674817844275,128,5.591112235733783,128,5.604518818835642,128,0.0,128,0.0,128,0.0,128,0.0,128,0.0,128,1.0,128,0.0,128,0.10591506847705282,128,0.10591506847705282,128,0.12125635678718875,128,0.12125635678718875,128,0.10845427897194197,128,0.10845427897194197,128,2.015625,128,2.0,128,0.015625,128,0.0,1,0.10123911609129733,1,0.10123911609129733,1,128,1.7885652718839449,1.6065674817844275,128,1.7885652718839449,1.6065674817844275,111,0.9420535022074038,0,,,,,,,
1,val,rot90,rot90,rot90 -> rot90,synthetic_pair_on_id_atomic_input,image_block_02,128,1.7914929230092183,128,1.6121757079828356,128,9.731544763563843,128,9.666268130827952,128,0.0,128,1.7914929230092183,128,1.6121757079828356,128,9.731544763563843,128,9.666268130827952,128,0.0,128,0.0,128,0.0,128,0.0,128,0.0,128,1.0,128,0.0,128,0.1253550802439493,128,0.1253550802439493,128,0.13762486935926155,128,0.13762486935926155,128,0.12508550129984708,128,0.12508550129984708,128,2.015625,128,2.0,128,0.015625,128,0.0,1,0.11117239342037838,1,0.11117239342037838,1,128,1.7914929230092183,1.6121757079828356,128,1.7914929230092183,1.6121757079828356,111,0.9420535022074038,0,,,,,,,
1,val,rot90,rot90,rot90 -> rot90,synthetic_pair_on_id_atomic_input,image_block_03,128,1.7989921576482435,128,1.6270990233830191,128,11.13964103698629,128,11.055406343721051,128,0.0,128,1.7989921576482435,128,1.6270990233830191,128,11.13964103698629,128,11.055406343721051,128,0.0,128,0.0,128,0.0,128,0.0,128,0.0,128,1.0,128,0.0,128,0.1270095549557027,128,0.1270095549557027,128,0.13931929770836843,128,0.13931929770836843,128,0.12707178343243813,128,0.12707178343243813,128,2.015625,128,2.0,128,0.015625,128,0.0,1,0.1503377134826587,1,0.1503377134826587,1,128,1.7989921576482435,1.6270990233830191,128,1.7989921576482435,1.6270990233830191,111,0.9420535022074038,0,,,,,,,
1,val,rot90,rot90,rot90 -> rot90,synthetic_pair_on_id_atomic_input,image_block_04,128,1.7985823231297813,128,1.6271068132174267,128,12.022828892814834,128,12.110169637214138,128,0.0,128,1.7985823231297813,128,1.6271068132174267,128,12.022828892814834,128,12.110169637214138,128,0.0,128,0.0,128,0.0,128,0.0,128,0.0,128,1.0,128,0.0,128,0.13860061330588294,128,0.13860061330588294,128,0.15247998594861759,128,0.15247998594861759,128,0.13812753226236918,128,0.13812753226236918,128,2.015625,128,2.0,128,0.015625,128,0.0,1,0.1598064504375608,1,0.1598064504375608,1,128,1.7985823231297813,1.6271068132174267,128,1.7985823231297813,1.6271068132174267,111,0.9420535022074038,0,,,,,,,
1,val,rot90,rot90,rot90 -> rot90,synthetic_pair_on_id_atomic_input,image_block_05,128,1.819434569439463,128,1.66274196679378,128,29.48560491417541,128,29.001978977641357,128,0.0,128,1.819434569439463,128,1.66274196679378,128,29.48560491417541,128,29.001978977641357,128,0.0,128,0.0,128,0.0,128,0.0,128,0.0,128,1.0,128,0.0,128,0.22935685359648586,128,0.22935685359648586,128,0.2476176166720704,128,0.2476176166720704,128,0.22992209735041108,128,0.22992209735041108,128,2.015625,128,2.0,128,0.015625,128,0.0,1,0.21197074994133294,1,0.21197074994133294,1,128,1.819434569439463,1.66274196679378,128,1.819434569439463,1.66274196679378,111,0.9420535022074038,0,,,,,,,
1,val,rot90,rot90,rot90 -> rot90,synthetic_pair_on_id_atomic_input,image_block_06,128,1.8132641440673987,128,1.651853724214324,128,33.42202579965213,128,32.96609394865232,128,0.0,128,1.8132641440673987,128,1.651853724214324,128,33.42202579965213,128,32.96609394865232,128,0.0,128,0.0,128,0.0,128,0.0,128,0.0,128,1.0,128,0.0,128,0.24112218902932647,128,0.24112218902932647,128,0.2589820026597951,128,0.2589820026597951,128,0.24363336822927684,128,0.24363336822927684,128,2.015625,128,2.0,128,0.015625,128,0.0,1,0.2698169783586458,1,0.2698169783586458,1,128,1.8132641440673987,1.651853724214324,128,1.8132641440673987,1.651853724214324,111,0.9420535022074038,0,,,,,,,
1,val,rot90,rot90,rot90 -> rot90,synthetic_pair_on_id_atomic_input,image_final_norm,128,1.8136427507502129,128,1.652369945052122,128,5.703836711805332,128,5.6194579372457,128,0.0,128,1.8136427507502129,128,1.652369945052122,128,5.703836711805332,128,5.6194579372457,128,0.0,128,0.0,128,0.0,128,0.0,128,0.0,128,1.0,128,0.0,128,0.2423416616763211,128,0.2423416616763211,128,0.2596933509717295,128,0.2596933509717295,128,0.24467753195104042,128,0.24467753195104042,128,2.015625,128,2.0,128,0.015625,128,0.0,1,0.24872799693826025,1,0.24872799693826025,1,128,1.8136427507502129,1.652369945052122,128,1.8136427507502129,1.652369945052122,111,0.9420535022074038,0,,,,,,,
1,val,rot90,translate_up,translate_up -> rot90,synthetic_pair_on_id_atomic_input,image_input_tokens,128,1.1869400156016694,128,0.6621949998822036,128,0.15305939406472294,128,0.14917807930333246,128,0.0,128,0.9879452130040304,128,0.52043565325176,128,0.188191116878431,128,0.19585797803053823,128,0.0,128,0.0,128,0.0,128,0.0,128,0.0,128,1.0,128,1.0,128,0.023547850397477678,128,0.025251619446142702,128,0.03244146318209208,128,0.032209042876226474,128,0.024061135348138647,128,0.025807526393923204,128,1.0,128,0.0,128,1.0,128,1.0,128,0.003066218604024175,128,0.003066218604024175,128,128,1.1869400156016694,0.6621949998822036,128,0.9879452130040304,0.52043565325176,0,,0,,0.5614723575283131,128,0.07073970208827397,128,0.003066218604024175,128
1,val,rot90,translate_up,translate_up -> rot90,synthetic_pair_on_id_atomic_input,image_block_01,128,0.5141429218707942,128,0.14047447377771266,128,5.591645677355442,128,5.54057186845294,128,0.0,128,0.3464925059594549,128,0.06590743613339824,128,7.321481206544285,128,7.391648812091166,128,0.0,128,0.0,128,0.0,128,0.0,128,0.0,128,1.0,128,1.0,128,0.10892866817580044,128,0.04384797765537675,128,0.10838993417425362,128,0.11084848228125134,128,0.10748689270127691,128,0.0434783202638605,128,1.0,128,0.0,128,1.0,128,0.859375,128,0.03605224902438948,128,0.03605224902438948,128,128,0.5141429218707942,0.14047447377771266,128,0.3464925059594549,0.06590743613339824,0,,0,,26.12580835175504,128,0.554707418057766,128,0.03605224902438948,128
1,val,rot90,translate_up,translate_up -> rot90,synthetic_pair_on_id_atomic_input,image_block_02,128,0.41747778369173494,128,0.09340765384264725,128,9.632661398296525,128,9.630383051473643,128,0.0,128,0.3606486710479531,128,0.07380190858350065,128,10.182844813246263,128,10.186734494185693,128,0.0,128,0.0,128,0.0,128,0.0,128,0.0,128,1.0,128,1.0,128,0.12670891623216896,128,0.051654568653458036,128,0.12951709987320892,128,0.12804716789938664,128,0.1263826409343219,128,0.052627927660370055,128,1.0,128,0.0,128,1.0,128,0.71875,128,0.04624356427690469,128,0.04624356427690469,128,128,0.41747778369173494,0.09340765384264725,128,0.3606486710479531,0.07380190858350065,0,,0,,31.86100629873816,128,0.6170971443103953,128,0.04624356427690469,128
1,val,rot90,translate_up,translate_up -> rot90,synthetic_pair_on_id_atomic_input,image_block_03,128,0.4221924755937809,128,0.09333788719305554,128,10.970538871196737,128,10.972658616034241,128,0.0,128,0.3802719158489592,128,0.08063096214622428,128,11.304870470637741,128,11.251302751274668,128,0.0,128,0.0,128,0.0,128,0.0,128,0.0,128,1.0,128,1.0,128,0.12648940339970163,128,0.05537915224077174,128,0.12794208634152315,128,0.1292799752821931,128,0.12612380101687898,128,0.05492269307659502,128,1.0,128,0.0,128,1.0,128,0.53125,128,0.05146487990430508,128,0.05146487990430508,128,128,0.4221924755937809,0.09333788719305554,128,0.3802719158489592,0.08063096214622428,0,,0,,39.737114964264364,128,0.5743874938681841,128,0.05146487990430508,128
1,val,rot90,translate_up,translate_up -> rot90,synthetic_pair_on_id_atomic_input,image_block_04,128,0.40754918001082735,128,0.08774250288382207,128,11.804595643365872,128,11.769260010444192,128,0.0,128,0.3700346082864969,128,0.076187638354581,128,11.979118557392306,128,11.939086830458312,128,0.0,128,0.0,128,0.0,128,0.0,128,0.0,128,1.0,128,1.0,128,0.1380484210915836,128,0.06209881169341304,128,0.1413204600802227,128,0.14122106719654193,128,0.13860487603128965,128,0.06191486468702696,128,1.0,128,0.0,128,1.0,128,0.1640625,128,0.06161215720966974,128,0.06161215720966974,128,128,0.40754918001082735,0.08774250288382207,128,0.3700346082864969,0.076187638354581,0,,0,,51.131862028530456,128,0.7229452119098768,128,0.06161215720966974,128
1,val,rot90,translate_up,translate_up -> rot90,synthetic_pair_on_id_atomic_input,image_block_05,128,0.3063883329661029,128,0.06309628039480655,128,28.879689316459213,128,28.903669710277775,128,0.0,128,0.5209600773448565,128,0.15265674457345269,128,15.022226283257645,128,14.854899833569991,128,0.0,128,0.0,128,0.0,128,0.0,128,0.0,128,1.0,128,1.0,128,0.22696811325263608,128,0.10396863162618694,128,0.23377060051387538,128,0.23130769723899602,128,0.22562774206535313,128,0.10318897530907095,128,1.0,128,0.0,128,1.0,128,0.0,128,0.12304277653731216,128,0.12304277653731216,128,128,0.3063883329661029,0.06309628039480655,128,0.5209600773448565,0.15265674457345269,0,,0,,69.74061905091482,128,0.7660440749367692,128,0.12304277653731216,128
1,val,rot90,translate_up,translate_up -> rot90,synthetic_pair_on_id_atomic_input,image_block_06,128,0.3163918670574909,128,0.06954739801477329,128,32.76177215176899,128,32.95147561764752,128,0.0,128,0.5389402966677597,128,0.16172903721753584,128,17.379309949245744,128,17.090119721359155,128,0.0,128,0.0,128,0.0,128,0.0,128,0.0,128,1.0,128,1.0,128,0.23920579876129347,128,0.11567611910184818,128,0.24342455280266861,128,0.24009261215160344,128,0.238802801928018,128,0.1150257374404981,128,1.0,128,0.0,128,1.0,128,0.0,128,0.13579923048064046,128,0.13579923048064046,128,128,0.3163918670574909,0.06954739801477329,128,0.5389402966677597,0.16172903721753584,0,,0,,72.19622861907273,128,0.7312691654948208,128,0.13579923048064046,128
1,val,rot90,translate_up,translate_up -> rot90,synthetic_pair_on_id_atomic_input,image_final_norm,128,0.31839893467037744,128,0.07016488562850329,128,5.600187636734381,128,5.621753645465244,128,0.0,128,0.5501546281883123,128,0.16748487351968921,128,2.9379164405156137,128,2.895678718422538,128,0.0,128,0.0,128,0.0,128,0.0,128,0.0,128,1.0,128,1.0,128,0.23908688181025986,128,0.11715264027818394,128,0.24356800309500967,128,0.23942263782902146,128,0.23747323708387147,128,0.11701796746953774,128,1.0,128,0.0,128,1.0,128,0.0,128,0.13760754967050964,128,0.13760754967050964,128,128,0.31839893467037744,0.07016488562850329,128,0.5501546281883123,0.16748487351968921,0,,0,,29.090832718234083,128,0.9249768656346723,128,0.13760754967050964,128
1,val,translate_up,mirror_horizontal,mirror_horizontal -> translate_up,synthetic_pair_on_id_atomic_input,image_input_tokens,128,0.8104979872688123,128,0.42158077278757783,128,0.19076565965873848,128,0.19686208093290444,128,0.0,128,1.620418777184887,128,1.13193298682101,125,0.0941819118526803,128,0.08748978676932828,128,0.0234375,128,0.0,128,0.0,128,0.0234375,128,0.0234375,128,1.0,128,1.0,128,0.025323446134740066,128,0.015626935824893915,128,0.026396463991864502,128,0.02648901356573119,128,0.025524278584362667,128,0.014901394571062578,128,1.0703125,128,0.0,128,1.0703125,128,1.0,128,0.002246169155027069,128,0.0022909469700434053,128,128,0.8104979872688123,0.42158077278757783,125,1.6593088278373243,1.13193298682101,0,,0,,0.3728232032713024,128,0.0457618152078828,128,0.00214511964976697,128
1,val,translate_up,mirror_horizontal,mirror_horizontal -> translate_up,synthetic_pair_on_id_atomic_input,image_block_01,128,0.26962390135407216,128,0.04352240103943612,128,7.323959393682221,128,7.330797761481811,128,0.0,128,0.5804770416422607,128,0.17919887904296006,125,3.5725073300055836,128,3.524387465256031,128,0.0234375,128,0.0,128,0.0,128,0.0234375,128,0.0234375,128,1.0,128,1.0,128,0.04418819432120011,128,0.07497211821123638,128,0.08037211909644995,128,0.07732484543144794,128,0.043145990548907324,128,0.07199584711553292,128,1.0703125,128,0.0,128,1.0703125,128,0.97265625,128,0.026039376651407962,128,0.0262165670535474,128,128,0.26962390135407216,0.04352240103943612,125,0.594408490641675,0.17919887904296006,0,,0,,19.183532248522834,128,0.5284682365159564,128,0.025807930448535008,128
1,val,translate_up,mirror_horizontal,mirror_horizontal -> translate_up,synthetic_pair_on_id_atomic_input,image_block_02,128,0.280535631009651,128,0.0477277437342206,128,10.172077480607278,128,10.168533482700374,128,0.0,128,0.46532155850198065,128,0.12062083690654227,125,6.726504519227463,128,6.616348965244596,128,0.0234375,128,0.0,128,0.0,128,0.0234375,128,0.0234375,128,1.0,128,1.0,128,0.052011593164764336,128,0.09594664080700435,128,0.10122844643708166,128,0.09915534231189783,128,0.05239041402060818,128,0.09433580111006852,128,1.0703125,128,0.0,128,1.0703125,128,0.921875,128,0.03648321977209581,128,0.036747490277712375,128,128,0.280535631009651,0.0477277437342206,125,0.47648927590602824,0.12062083690654227,0,,0,,29.85033882945891,128,0.6094161790220181,128,0.03612287208320835,128
1,val,translate_up,mirror_horizontal,mirror_horizontal -> translate_up,synthetic_pair_on_id_atomic_input,image_block_03,128,0.29508721191724674,128,0.05248089966035657,128,11.280261777442785,128,11.20198882134865,128,0.0,128,0.4771082960580968,128,0.12500902606114106,125,7.3909205841838155,128,7.31022618586184,128,0.0234375,128,0.0,128,0.0,128,0.0234375,128,0.0234375,128,1.0,128,1.0,128,0.05548875544173254,128,0.09168100104055141,128,0.09778063297188415,128,0.09707981112185073,128,0.05451170158511583,128,0.09088588371649813,128,1.0703125,128,0.0,128,1.0703125,128,0.869140625,128,0.039227536581577835,128,0.03946219109577782,128,128,0.29508721191724674,0.05248089966035657,125,0.4885588951634911,0.12500902606114106,0,,0,,28.034592129605258,128,0.5262367911733301,128,0.03893453878874613,128
1,val,translate_up,mirror_horizontal,mirror_horizontal -> translate_up,synthetic_pair_on_id_atomic_input,image_block_04,128,0.28852323187518836,128,0.04918861064369639,128,11.933354279952184,128,11.896836500884351,128,0.0,128,0.447478245170701,128,0.10944866639362254,125,8.271212530395243,128,7.9719568580439635,128,0.0234375,128,0.0,128,0.0,128,0.0234375,128,0.0234375,128,1.0,128,1.0,128,0.062495527470606126,128,0.10615834049673228,128,0.1114943965476341,128,0.11110602306441439,128,0.06183237973144988,128,0.10382440311364852,128,1.0703125,128,0.0,128,1.0703125,128,0.68359375,128,0.04851894802398691,128,0.0488822807022688,128,128,0.28852323187518836,0.04918861064369639,125,0.4582177230547978,0.10944866639362254,0,,0,,32.471221728847134,128,0.6068272762978901,128,0.04811182050086031,128
1,val,translate_up,mirror_horizontal,mirror_horizontal -> translate_up,synthetic_pair_on_id_atomic_input,image_block_05,128,0.38079889239767156,128,0.08706049229103753,128,14.94639933814645,128,14.729563105909417,128,0.0,128,0.33255844171690563,128,0.07188146808532614,125,18.409643369198992,128,18.491262387573748,128,0.0234375,128,0.0,128,0.0,128,0.0234375,128,0.0234375,128,1.0,128,1.0,128,0.10433440240685436,128,0.1607210825226058,128,0.17327993911689,128,0.17292394681694706,128,0.10354733757754939,128,0.1604071122972695,128,1.0703125,128,0.0,128,1.0703125,128,0.0,128,0.09520174240070713,128,0.09553059288298635,128,128,0.38079889239767156,0.08706049229103753,125,0.34053984431811146,0.07188146808532614,0,,0,,53.25393929674628,128,0.7872017377076974,128,0.09490092368842595,128
1,val,translate_up,mirror_horizontal,mirror_horizontal -> translate_up,synthetic_pair_on_id_atomic_input,image_block_06,128,0.38709897522605097,128,0.09031639325489349,128,17.223083332142817,128,16.929287328475162,128,0.0,128,0.33857993417201415,128,0.0756771365823915,125,20.63766819166381,128,20.6780094565566,128,0.0234375,128,0.0,128,0.0,128,0.0234375,128,0.0234375,128,1.0,128,1.0,128,0.115955718229691,128,0.17260008295711438,128,0.18832745354117517,128,0.1881585755912864,128,0.11531871957610054,128,0.17047838112269334,128,1.0703125,128,0.0,128,1.0703125,128,0.0,128,0.10867600489608585,128,0.10915009600446673,128,128,0.38709897522605097,0.09031639325489349,125,0.3467058525921425,0.0756771365823915,0,,0,,54.570202560976675,128,0.7471745949987038,128,0.10803031883221414,128
1,val,translate_up,mirror_horizontal,mirror_horizontal -> translate_up,synthetic_pair_on_id_atomic_input,image_final_norm,128,0.39712122273313544,128,0.09432713598858794,128,2.9050119003262256,128,2.8591215366922778,128,0.0,128,0.3403084270023701,128,0.07641050181606969,125,3.56613064946686,128,3.5479750084620783,128,0.0234375,128,0.0,128,0.0,128,0.0234375,128,0.0234375,128,1.0,128,1.0,128,0.11760896774475352,128,0.17207754971868638,128,0.187304788149737,128,0.18766546642872514,128,0.11739703447132155,128,0.16935159398956406,128,1.0703125,128,0.0,128,1.0703125,128,0.0,128,0.10975291161193447,128,0.11014795500653213,128,128,0.39712122273313544,0.09432713598858794,125,0.34847582925042697,0.07641050181606969,0,,0,,20.130815274557214,128,0.8409569173938073,128,0.10921332646597713,128
1,val,translate_up,rot90,rot90 -> translate_up,synthetic_pair_on_id_atomic_input,image_input_tokens,128,0.9879452130040304,128,0.52043565325176,128,0.188191116878431,128,0.19585797803053823,128,0.0,128,1.1869400156016694,128,0.6621949998822036,128,0.15305939406472294,128,0.14917807930333246,128,0.0,128,0.0,128,0.0,128,0.0,128,0.0,128,1.0,128,1.0,128,0.025251619446142702,128,0.023547850397477678,128,0.032209042876226474,128,0.03244146318209208,128,0.025807526393923204,128,0.024061135348138647,128,1.0,128,0.0,128,1.0,128,1.0,128,0.003066218604024175,128,0.003066218604024175,128,128,0.9879452130040304,0.52043565325176,128,1.1869400156016694,0.6621949998822036,0,,0,,0.5614723575283131,128,0.07073970208827397,128,0.003066218604024175,128
1,val,translate_up,rot90,rot90 -> translate_up,synthetic_pair_on_id_atomic_input,image_block_01,128,0.3464925059594549,128,0.06590743613339824,128,7.321481206544285,128,7.391648812091166,128,0.0,128,0.5141429218707942,128,0.14047447377771266,128,5.591645677355442,128,5.54057186845294,128,0.0,128,0.0,128,0.0,128,0.0,128,0.0,128,1.0,128,1.0,128,0.04384797765537675,128,0.10892866817580044,128,0.11084848228125134,128,0.10838993417425362,128,0.0434783202638605,128,0.10748689270127691,128,1.0,128,0.0,128,1.0,128,0.859375,128,0.03605224902438948,128,0.03605224902438948,128,128,0.3464925059594549,0.06590743613339824,128,0.5141429218707942,0.14047447377771266,0,,0,,26.12580835175504,128,0.554707418057766,128,0.03605224902438948,128
1,val,translate_up,rot90,rot90 -> translate_up,synthetic_pair_on_id_atomic_input,image_block_02,128,0.3606486710479531,128,0.07380190858350065,128,10.182844813246263,128,10.186734494185693,128,0.0,128,0.41747778369173494,128,0.09340765384264725,128,9.632661398296525,128,9.630383051473643,128,0.0,128,0.0,128,0.0,128,0.0,128,0.0,128,1.0,128,1.0,128,0.051654568653458036,128,0.12670891623216896,128,0.12804716789938664,128,0.12951709987320892,128,0.052627927660370055,128,0.1263826409343219,128,1.0,128,0.0,128,1.0,128,0.71875,128,0.04624356427690469,128,0.04624356427690469,128,128,0.3606486710479531,0.07380190858350065,128,0.41747778369173494,0.09340765384264725,0,,0,,31.86100629873816,128,0.6170971443103953,128,0.04624356427690469,128
1,val,translate_up,rot90,rot90 -> translate_up,synthetic_pair_on_id_atomic_input,image_block_03,128,0.3802719158489592,128,0.08063096214622428,128,11.304870470637741,128,11.251302751274668,128,0.0,128,0.4221924755937809,128,0.09333788719305554,128,10.970538871196737,128,10.972658616034241,128,0.0,128,0.0,128,0.0,128,0.0,128,0.0,128,1.0,128,1.0,128,0.05537915224077174,128,0.12648940339970163,128,0.1292799752821931,128,0.12794208634152315,128,0.05492269307659502,128,0.12612380101687898,128,1.0,128,0.0,128,1.0,128,0.53125,128,0.05146487990430508,128,0.05146487990430508,128,128,0.3802719158489592,0.08063096214622428,128,0.4221924755937809,0.09333788719305554,0,,0,,39.737114964264364,128,0.5743874938681841,128,0.05146487990430508,128
1,val,translate_up,rot90,rot90 -> translate_up,synthetic_pair_on_id_atomic_input,image_block_04,128,0.3700346082864969,128,0.076187638354581,128,11.979118557392306,128,11.939086830458312,128,0.0,128,0.40754918001082735,128,0.08774250288382207,128,11.804595643365872,128,11.769260010444192,128,0.0,128,0.0,128,0.0,128,0.0,128,0.0,128,1.0,128,1.0,128,0.06209881169341304,128,0.1380484210915836,128,0.14122106719654193,128,0.1413204600802227,128,0.06191486468702696,128,0.13860487603128965,128,1.0,128,0.0,128,1.0,128,0.1640625,128,0.06161215720966974,128,0.06161215720966974,128,128,0.3700346082864969,0.076187638354581,128,0.40754918001082735,0.08774250288382207,0,,0,,51.131862028530456,128,0.7229452119098768,128,0.06161215720966974,128
1,val,translate_up,rot90,rot90 -> translate_up,synthetic_pair_on_id_atomic_input,image_block_05,128,0.5209600773448565,128,0.15265674457345269,128,15.022226283257645,128,14.854899833569991,128,0.0,128,0.3063883329661029,128,0.06309628039480655,128,28.879689316459213,128,28.903669710277775,128,0.0,128,0.0,128,0.0,128,0.0,128,0.0,128,1.0,128,1.0,128,0.10396863162618694,128,0.22696811325263608,128,0.23130769723899602,128,0.23377060051387538,128,0.10318897530907095,128,0.22562774206535313,128,1.0,128,0.0,128,1.0,128,0.0,128,0.12304277653731216,128,0.12304277653731216,128,128,0.5209600773448565,0.15265674457345269,128,0.3063883329661029,0.06309628039480655,0,,0,,69.74061905091482,128,0.7660440749367692,128,0.12304277653731216,128
1,val,translate_up,rot90,rot90 -> translate_up,synthetic_pair_on_id_atomic_input,image_block_06,128,0.5389402966677597,128,0.16172903721753584,128,17.379309949245744,128,17.090119721359155,128,0.0,128,0.3163918670574909,128,0.06954739801477329,128,32.76177215176899,128,32.95147561764752,128,0.0,128,0.0,128,0.0,128,0.0,128,0.0,128,1.0,128,1.0,128,0.11567611910184818,128,0.23920579876129347,128,0.24009261215160344,128,0.24342455280266861,128,0.1150257374404981,128,0.238802801928018,128,1.0,128,0.0,128,1.0,128,0.0,128,0.13579923048064046,128,0.13579923048064046,128,128,0.5389402966677597,0.16172903721753584,128,0.3163918670574909,0.06954739801477329,0,,0,,72.19622861907273,128,0.7312691654948208,128,0.13579923048064046,128
1,val,translate_up,rot90,rot90 -> translate_up,synthetic_pair_on_id_atomic_input,image_final_norm,128,0.5501546281883123,128,0.16748487351968921,128,2.9379164405156137,128,2.895678718422538,128,0.0,128,0.31839893467037744,128,0.07016488562850329,128,5.600187636734381,128,5.621753645465244,128,0.0,128,0.0,128,0.0,128,0.0,128,0.0,128,1.0,128,1.0,128,0.11715264027818394,128,0.23908688181025986,128,0.23942263782902146,128,0.24356800309500967,128,0.11701796746953774,128,0.23747323708387147,128,1.0,128,0.0,128,1.0,128,0.0,128,0.13760754967050964,128,0.13760754967050964,128,128,0.5501546281883123,0.16748487351968921,128,0.31839893467037744,0.07016488562850329,0,,0,,29.090832718234083,128,0.9249768656346723,128,0.13760754967050964,128
1,val,translate_up,translate_up,translate_up -> translate_up,synthetic_pair_on_id_atomic_input,image_input_tokens,128,1.4080968600294106,128,0.9954973441954694,128,0.1806333891358456,128,0.1909434468343043,128,0.0,128,1.4080968600294106,128,0.9954973441954694,128,0.1806333891358456,128,0.1909434468343043,128,0.0,128,0.0,128,0.0,128,0.0,128,0.0,128,1.0,128,0.0,128,0.024962198380472127,128,0.024962198380472127,128,0.03670051757068796,128,0.03670051757068796,128,0.024689608090109772,128,0.024689608090109772,128,2.0,128,2.0,128,0.0,128,,,,,,,128,1.4080968600294106,0.9954973441954694,128,1.4080968600294106,0.9954973441954694,111,0.9844637684993915,0,,,,,,,
1,val,translate_up,translate_up,translate_up -> translate_up,synthetic_pair_on_id_atomic_input,image_block_01,128,0.5273505718610982,128,0.13958669890695208,128,7.390763697576701,128,7.415204723815317,128,0.0,128,0.5273505718610982,128,0.13958669890695208,128,7.390763697576701,128,7.415204723815317,128,0.0,128,0.0,128,0.0,128,0.0,128,0.0,128,1.0,128,0.0,128,0.04480606611728456,128,0.04480606611728456,128,0.05922122384911994,128,0.05922122384911994,128,0.042151969765072024,128,0.042151969765072024,128,2.0,128,2.0,128,0.0,128,,,,,,,128,0.5273505718610982,0.13958669890695208,128,0.5273505718610982,0.13958669890695208,111,0.9844637684993915,0,,,,,,,
1,val,translate_up,translate_up,translate_up -> translate_up,synthetic_pair_on_id_atomic_input,image_block_02,128,0.5233676720548477,128,0.14059947745925605,128,10.213337802620726,128,10.341578227010508,128,0.0,128,0.5233676720548477,128,0.14059947745925605,128,10.213337802620726,128,10.341578227010508,128,0.0,128,0.0,128,0.0,128,0.0,128,0.0,128,1.0,128,0.0,128,0.05220211853847345,128,0.05220211853847345,128,0.07196817057912627,128,0.07196817057912627,128,0.05107996082627834,128,0.05107996082627834,128,2.0,128,2.0,128,0.0,128,,,,,,,128,0.5233676720548477,0.14059947745925605,128,0.5233676720548477,0.14059947745925605,111,0.9844637684993915,0,,,,,,,
1,val,translate_up,translate_up,translate_up -> translate_up,synthetic_pair_on_id_atomic_input,image_block_03,128,0.5380295795937552,128,0.14874520117395895,128,11.310908516878767,128,11.417651578131785,128,0.0,128,0.5380295795937552,128,0.14874520117395895,128,11.310908516878767,128,11.417651578131785,128,0.0,128,0.0,128,0.0,128,0.0,128,0.0,128,1.0,128,0.0,128,0.05480331928277425,128,0.05480331928277425,128,0.07512787373210113,128,0.07512787373210113,128,0.05318370301339946,128,0.05318370301339946,128,2.0,128,2.0,128,0.0,128,,,,,,,128,0.5380295795937552,0.14874520117395895,128,0.5380295795937552,0.14874520117395895,111,0.9844637684993915,0,,,,,,,
1,val,translate_up,translate_up,translate_up -> translate_up,synthetic_pair_on_id_atomic_input,image_block_04,128,0.5124222739742917,128,0.13306149774424708,128,12.026257968964803,128,12.064768978069722,128,0.0,128,0.5124222739742917,128,0.13306149774424708,128,12.026257968964803,128,12.064768978069722,128,0.0,128,0.0,128,0.0,128,0.0,128,0.0,128,1.0,128,0.0,128,0.061597182576820966,128,0.061597182576820966,128,0.08319908285481162,128,0.08319908285481162,128,0.059091594981781785,128,0.059091594981781785,128,2.0,128,2.0,128,0.0,128,,,,,,,128,0.5124222739742917,0.13306149774424708,128,0.5124222739742917,0.13306149774424708,111,0.9844637684993915,0,,,,,,,
1,val,translate_up,translate_up,translate_up -> translate_up,synthetic_pair_on_id_atomic_input,image_block_05,128,0.6414265914050687,128,0.2142618104924636,128,15.211025684582792,128,15.084660736505118,128,0.0,128,0.6414265914050687,128,0.2142618104924636,128,15.211025684582792,128,15.084660736505118,128,0.0,128,0.0,128,0.0,128,0.0,128,0.0,128,1.0,128,0.0,128,0.10451467485534757,128,0.10451467485534757,128,0.1445188348937027,128,0.1445188348937027,128,0.09932593342752116,128,0.09932593342752116,128,2.0,128,2.0,128,0.0,128,,,,,,,128,0.6414265914050687,0.2142618104924636,128,0.6414265914050687,0.2142618104924636,111,0.9844637684993915,0,,,,,,,
1,val,translate_up,translate_up,translate_up -> translate_up,synthetic_pair_on_id_atomic_input,image_block_06,128,0.6687463761669444,128,0.23748521531497285,128,17.736463148382626,128,17.29425383029632,128,0.0,128,0.6687463761669444,128,0.23748521531497285,128,17.736463148382626,128,17.29425383029632,128,0.0,128,0.0,128,0.0,128,0.0,128,0.0,128,1.0,128,0.0,128,0.11759091847536828,128,0.11759091847536828,128,0.15961748603438758,128,0.15961748603438758,128,0.11153317532617052,128,0.11153317532617052,128,2.0,128,2.0,128,0.0,128,,,,,,,128,0.6687463761669444,0.23748521531497285,128,0.6687463761669444,0.23748521531497285,111,0.9844637684993915,0,,,,,,,
1,val,translate_up,translate_up,translate_up -> translate_up,synthetic_pair_on_id_atomic_input,image_final_norm,128,0.6916327460374333,128,0.2523620881140679,128,3.0078598236094,128,2.8937715561499444,128,0.0,128,0.6916327460374333,128,0.2523620881140679,128,3.0078598236094,128,2.8937715561499444,128,0.0,128,0.0,128,0.0,128,0.0,128,0.0,128,1.0,128,0.0,128,0.11902402013660114,128,0.11902402013660114,128,0.15969748206911488,128,0.15969748206911488,128,0.11231064463778948,128,0.11231064463778948,128,2.0,128,2.0,128,0.0,128,,,,,,,128,0.6916327460374333,0.2523620881140679,128,0.6916327460374333,0.2523620881140679,111,0.9844637684993915,0,,,,,,,
1,val_ood,rot90,translate_up,translate_up -> rot90,recorded_ood_composition,image_input_tokens,128,1.2662911424463485,128,0.7496686949672201,127,0.14520268415051393,128,0.13738119448613345,128,0.0078125,128,0.9536909870331992,128,0.4790526197727851,128,0.2002461613837867,128,0.18820953306830523,128,0.0,128,0.0078125,128,0.0078125,128,0.0,128,0.0,128,1.0,128,1.0,128,0.022663438354775203,128,0.027036212833823133,128,0.03125989278079481,128,0.031148585237082867,128,0.02137007190467239,128,0.02605217562865747,128,1.0234375,128,0.0,128,1.0234375,128,1.0,128,0.0031755426012587662,128,0.0032048505512908953,128,127,1.2762619388435643,0.7496686949672201,128,0.9536909870331992,0.4790526197727851,1000,0.17705066032707692,128,0.17543303963611834,0.5614723575283131,128,0.07073970208827397,128,0.003112922575252018,128
1,val_ood,rot90,translate_up,translate_up -> rot90,recorded_ood_composition,image_block_01,128,0.531920565807441,128,0.15300032086754456,127,5.376923301685075,128,5.2367475721546635,128,0.0078125,128,0.3428213886696074,128,0.06300916968620378,128,7.251545696697226,128,7.151261791563686,128,0.0,128,0.0078125,128,0.0078125,128,0.0,128,0.0,128,1.0,128,1.0,128,0.10627981307336715,128,0.04261768894360303,128,0.10521481710653025,128,0.1081644631620603,128,0.10607484640445425,128,0.041880028814368565,128,1.0234375,128,0.0,128,1.0234375,128,0.8984375,128,0.03424933799330056,128,0.03427945382935564,128,127,0.5361089167193105,0.15300032086754456,128,0.3428213886696074,0.06300916968620378,1000,0.17705066032707692,128,0.17543303963611834,26.12580835175504,128,0.554707418057766,128,0.034206475383324095,128
1,val_ood,rot90,translate_up,translate_up -> rot90,recorded_ood_composition,image_block_02,128,0.433160344141039,128,0.10353729674756283,127,9.195714223618074,128,9.238603801416357,128,0.0078125,128,0.3507061083916481,128,0.0677821961269597,128,10.092624313392774,128,9.944481070645317,128,0.0,128,0.0078125,128,0.0078125,128,0.0,128,0.0,128,1.0,128,1.0,128,0.12521840005902593,128,0.050622035284468944,128,0.12613805750155266,128,0.12843437880568037,128,0.12518526048492024,128,0.05057791815790424,128,1.0234375,128,0.0,128,1.0234375,128,0.75,128,0.0451303190340404,128,0.04517328072291611,128,127,0.4365710555122282,0.10353729674756283,128,0.3507061083916481,0.0677821961269597,1000,0.17705066032707692,128,0.17543303963611834,31.86100629873816,128,0.6170971443103953,128,0.0450294778224723,128
1,val_ood,rot90,translate_up,translate_up -> rot90,recorded_ood_composition,image_block_03,128,0.4257938343299641,128,0.10211410815240181,127,10.801130553202174,128,10.756389099795776,128,0.0078125,128,0.36608363260856996,128,0.07232956335570032,128,11.258106515403096,128,10.945285919430573,128,0.0,128,0.0078125,128,0.0078125,128,0.0,128,0.0,128,1.0,128,1.0,128,0.12573296244158622,128,0.054157842902043965,128,0.1261551820682149,128,0.12807049852612779,128,0.1254996002550172,128,0.052425160970538814,128,1.0234375,128,0.0,128,1.0234375,128,0.533203125,128,0.05118734473728708,128,0.05122556349991937,128,127,0.4291465416868929,0.10211410815240181,128,0.36608363260856996,0.07232956335570032,1000,0.17705066032707692,128,0.17543303963611834,39.737114964264364,128,0.5743874938681841,128,0.051151354903416796,128
1,val_ood,rot90,translate_up,translate_up -> rot90,recorded_ood_composition,image_block_04,128,0.40275695210049556,128,0.08748086655579852,127,11.787959751491066,128,11.487168261656437,128,0.0078125,128,0.3642731973992832,128,0.07287882401906487,128,11.880234542219604,128,11.61039140975869,128,0.0,128,0.0078125,128,0.0078125,128,0.0,128,0.0,128,1.0,128,1.0,128,0.13578638762733716,128,0.06084106126780495,128,0.13767188506467146,128,0.13724029558322062,128,0.13534427499390145,128,0.05901161142956697,128,1.0234375,128,0.0,128,1.0234375,128,0.21875,128,0.061020858553654925,128,0.061083920829268765,128,127,0.40592826668396403,0.08748086655579852,128,0.3642731973992832,0.07287882401906487,1000,0.17705066032707692,128,0.17543303963611834,51.131862028530456,128,0.7229452119098768,128,0.06095385112952813,128
1,val_ood,rot90,translate_up,translate_up -> rot90,recorded_ood_composition,image_block_05,128,0.31329325656089424,128,0.06656638565621063,127,28.05516217950486,128,28.01233018088587,128,0.0078125,128,0.5257554736036598,128,0.15721377626939376,128,14.972947739292287,128,15.283928759447406,128,0.0,128,0.0078125,128,0.0078125,128,0.0,128,0.0,128,1.0,128,1.0,128,0.23073097206037724,128,0.10164926713419814,128,0.23503289020034898,128,0.23300295482256195,128,0.2303341849477804,128,0.10512726494966435,128,1.0234375,128,0.0,128,1.0234375,128,0.0,128,0.12453676106216957,128,0.12460706839326316,128,127,0.31576013259680685,0.06656638565621063,128,0.5257554736036598,0.15721377626939376,1000,0.17705066032707692,128,0.17543303963611834,69.74061905091482,128,0.7660440749367692,128,0.12435193700304004,128
1,val_ood,rot90,translate_up,translate_up -> rot90,recorded_ood_composition,image_block_06,128,0.3283194518552609,128,0.07922234002346125,127,32.220914210018414,128,32.42741721672478,128,0.0078125,128,0.540197580592094,128,0.1658987616469067,128,17.44747871574623,128,18.067602472633908,128,0.0,128,0.0078125,128,0.0078125,128,0.0,128,0.0,128,1.0,128,1.0,128,0.2437729025663534,128,0.11590125785404032,128,0.25025794637412574,128,0.24883015619701168,128,0.24841155146241384,128,0.12014015411000849,128,1.0234375,128,0.0,128,1.0234375,128,0.0,128,0.1380791660699917,128,0.13831677773669432,128,127,0.3309046443895544,0.07922234002346125,128,0.540197580592094,0.1658987616469067,1000,0.17705066032707692,128,0.17543303963611834,72.19622861907273,128,0.7312691654948208,128,0.13768311319266435,128
1,val_ood,rot90,translate_up,translate_up -> rot90,recorded_ood_composition,image_final_norm,128,0.33159397157331877,128,0.08052000533980322,127,5.5460498735972905,128,5.571947752340004,128,0.0078125,128,0.5531070673027894,128,0.1732734779536486,128,2.9579386907636134,128,3.0751486348917627,128,0.0,128,0.0078125,128,0.0078125,128,0.0,128,0.0,128,1.0,128,1.0,128,0.24317936914958743,128,0.11793077844521607,128,0.24922782941678312,128,0.24766906666210675,128,0.247275690741733,128,0.12226015030252084,128,1.0234375,128,0.0,128,1.0234375,128,0.0,128,0.14105919085319663,128,0.1413212749969156,128,127,0.3342049477274394,0.08052000533980322,128,0.5531070673027894,0.1732734779536486,1000,0.17705066032707692,128,0.17543303963611834,29.090832718234083,128,0.9249768656346723,128,0.14072090334958298,128
1,test,mirror_horizontal,mirror_horizontal,mirror_horizontal -> mirror_horizontal,synthetic_pair_on_id_atomic_input,image_input_tokens,128,1.84375,128,2.0,118,0.08568789440719943,128,0.08568789440719943,128,0.078125,128,1.84375,128,2.0,118,0.08568789440719943,128,0.08568789440719943,128,0.078125,128,0.078125,128,0.078125,128,0.078125,128,0.078125,128,1.0,128,0.0,128,0.015751438292304003,128,0.015751438292304003,128,0.015537142081188192,128,0.015537142081188192,128,0.015376902789358451,128,0.015376902789358451,128,4.46875,128,2.0,128,2.46875,128,0.9921875,128,0.015039837962945847,128,0.015537142081188192,128,118,2.0,2.0,118,2.0,2.0,111,0.9874174691535331,0,,,,,,,
1,test,mirror_horizontal,mirror_horizontal,mirror_horizontal -> mirror_horizontal,synthetic_pair_on_id_atomic_input,image_block_01,128,1.84375,128,2.0,118,3.1887995103879767,128,3.1887995103879767,128,0.078125,128,1.84375,128,2.0,118,3.1887995103879767,128,3.1887995103879767,128,0.078125,128,0.078125,128,0.078125,128,0.078125,128,0.078125,128,1.0,128,0.0,128,0.07089391295320435,128,0.07089391295320435,128,0.07270022044519804,128,0.07270022044519804,128,0.0701540871415371,128,0.0701540871415371,128,4.46875,128,2.0,128,2.46875,128,0.216796875,128,0.07023206899480483,128,0.07270022044519804,128,118,2.0,2.0,118,2.0,2.0,111,0.9874174691535331,0,,,,,,,
1,test,mirror_horizontal,mirror_horizontal,mirror_horizontal -> mirror_horizontal,synthetic_pair_on_id_atomic_input,image_block_02,128,1.84375,128,2.0,118,5.872482170179031,128,5.872482170179031,128,0.078125,128,1.84375,128,2.0,118,5.872482170179031,128,5.872482170179031,128,0.078125,128,0.078125,128,0.078125,128,0.078125,128,0.078125,128,1.0,128,0.0,128,0.08896898023227759,128,0.08896898023227759,128,0.09381489028242379,128,0.09381489028242379,128,0.09080432516122977,128,0.09080432516122977,128,4.46875,128,2.0,128,2.46875,128,0.04296875,128,0.09071590809966149,128,0.09381489028242379,128,118,2.0,2.0,118,2.0,2.0,111,0.9874174691535331,0,,,,,,,
1,test,mirror_horizontal,mirror_horizontal,mirror_horizontal -> mirror_horizontal,synthetic_pair_on_id_atomic_input,image_block_03,128,1.84375,128,2.0,118,6.556203943805542,128,6.556203943805542,128,0.078125,128,1.84375,128,2.0,118,6.556203943805542,128,6.556203943805542,128,0.078125,128,0.078125,128,0.078125,128,0.078125,128,0.078125,128,1.0,128,0.0,128,0.0871972121181856,128,0.0871972121181856,128,0.09150000561252855,128,0.09150000561252855,128,0.08716848851956613,128,0.08716848851956613,128,4.46875,128,2.0,128,2.46875,128,0.046875,128,0.08867024805065957,128,0.09150000561252855,128,118,2.0,2.0,118,2.0,2.0,111,0.9874174691535331,0,,,,,,,
1,test,mirror_horizontal,mirror_horizontal,mirror_horizontal -> mirror_horizontal,synthetic_pair_on_id_atomic_input,image_block_04,128,1.84375,128,2.0,118,7.448922673963707,128,7.448922673963707,128,0.078125,128,1.84375,128,2.0,118,7.448922673963707,128,7.448922673963707,128,0.078125,128,0.078125,128,0.078125,128,0.078125,128,0.078125,128,1.0,128,0.0,128,0.10383603987098043,128,0.10383603987098043,128,0.10993719220641904,128,0.10993719220641904,128,0.10235599199980203,128,0.10235599199980203,128,4.46875,128,2.0,128,2.46875,128,0.01953125,128,0.10673073121214914,128,0.10993719220641904,128,118,2.0,2.0,118,2.0,2.0,111,0.9874174691535331,0,,,,,,,
1,test,mirror_horizontal,mirror_horizontal,mirror_horizontal -> mirror_horizontal,synthetic_pair_on_id_atomic_input,image_block_05,128,1.84375,128,2.0,118,17.12663578034105,128,17.12663578034105,128,0.078125,128,1.84375,128,2.0,118,17.12663578034105,128,17.12663578034105,128,0.078125,128,0.078125,128,0.078125,128,0.078125,128,0.078125,128,1.0,128,0.0,128,0.1626478483130661,128,0.1626478483130661,128,0.15947711923908536,128,0.15947711923908536,128,0.16062118092722544,128,0.16062118092722544,128,4.46875,128,2.0,128,2.46875,128,0.0,128,0.15651756245438014,128,0.15947711923908536,128,118,2.0,2.0,118,2.0,2.0,111,0.9874174691535331,0,,,,,,,
1,test,mirror_horizontal,mirror_horizontal,mirror_horizontal -> mirror_horizontal,synthetic_pair_on_id_atomic_input,image_block_06,128,1.84375,128,2.0,118,19.595222427710112,128,19.595222427710112,128,0.078125,128,1.84375,128,2.0,118,19.595222427710112,128,19.595222427710112,128,0.078125,128,0.078125,128,0.078125,128,0.078125,128,0.078125,128,1.0,128,0.0,128,0.17643819262192828,128,0.17643819262192828,128,0.1808513086632607,128,0.1808513086632607,128,0.1798818593577135,128,0.1798818593577135,128,4.46875,128,2.0,128,2.46875,128,0.0,128,0.17685762328982696,128,0.18086428899343787,128,118,2.0,2.0,118,2.0,2.0,111,0.9874174691535331,0,,,,,,,
1,test,mirror_horizontal,mirror_horizontal,mirror_horizontal -> mirror_horizontal,synthetic_pair_on_id_atomic_input,image_final_norm,128,1.84375,128,2.0,118,3.4108472509332364,128,3.4108472509332364,128,0.078125,128,1.84375,128,2.0,118,3.4108472509332364,128,3.4108472509332364,128,0.078125,128,0.078125,128,0.078125,128,0.078125,128,0.078125,128,1.0,128,0.0,128,0.17551894334147042,128,0.17551894334147042,128,0.18156077559991837,128,0.18156077559991837,128,0.1793253376834395,128,0.1793253376834395,128,4.46875,128,2.0,128,2.46875,128,0.0,128,0.17752426413599282,128,0.18162584453863248,128,118,2.0,2.0,118,2.0,2.0,111,0.9874174691535331,0,,,,,,,
1,test,mirror_horizontal,rot90,rot90 -> mirror_horizontal,synthetic_pair_on_id_atomic_input,image_input_tokens,128,1.5513737201557407,128,1.1102433142003436,113,0.08407947111214928,128,0.0847895127642894,128,0.03125,128,0.9639816501551919,128,0.6107838088150527,128,0.14968597300580402,128,0.1457603013042666,128,0.0,128,0.0703125,128,0.078125,128,0.0,128,0.0,128,0.046875,128,0.046875,128,0.015457739560524045,128,0.023953215070057,128,0.025368857399019944,128,0.02482997423144069,128,0.015316506755011268,128,0.02348242621310336,128,0.3203125,128,0.0,128,0.3203125,128,1.0,21,0.010371459782915279,21,0.011625288666720045,21,113,1.5626180192914585,1.1102433142003436,128,0.9639816501551919,0.6107838088150527,111,0.9171238705381617,0,,0.33231824592675824,6,0.04273735660069885,6,0.002063884851577112,6
1,test,mirror_horizontal,rot90,rot90 -> mirror_horizontal,synthetic_pair_on_id_atomic_input,image_block_01,128,1.6191503004904577,128,1.3093298153867556,113,3.1517438344528634,128,3.2576727768619635,128,0.03125,128,1.1640472270484732,128,0.8366428958138359,128,5.176859893774776,128,5.0496915521822014,128,0.0,128,0.0703125,128,0.078125,128,0.0,128,0.0,128,0.046875,128,0.046875,128,0.07056537801027368,128,0.10793265956258913,128,0.10879472208904375,128,0.10587223906078017,128,0.07282911439497672,128,0.10673657634900524,128,0.3203125,128,0.0,128,0.3203125,128,0.5714285714285714,21,0.05588215348333956,21,0.06274441956080852,21,113,1.6393914908210494,1.3093298153867556,128,1.1640472270484732,0.8366428958138359,111,0.9171238705381617,0,,39.27209097335305,6,0.93782341948117,6,0.043721627315778555,6
1,test,mirror_horizontal,rot90,rot90 -> mirror_horizontal,synthetic_pair_on_id_atomic_input,image_block_02,128,1.6409202966200853,128,1.361230065385327,113,5.824540653756417,128,5.8778222601399435,128,0.03125,128,1.1801419976160832,128,0.8477824900802691,128,8.958401350346115,128,8.736170724927094,128,0.0,128,0.0703125,128,0.078125,128,0.0,128,0.0,128,0.046875,128,0.046875,128,0.08958385668357108,128,0.1241088298537325,128,0.12830506478422735,128,0.12790199389339116,128,0.09322008695223201,128,0.12513819610612287,128,0.3203125,128,0.0,128,0.3203125,128,0.23809523809523808,21,0.07223618716203561,21,0.07776896548579472,21,113,1.66405130944576,1.361230065385327,128,1.1801419976160832,0.8477824900802691,111,0.9171238705381617,0,,34.65326600650582,6,0.6529391698313577,6,0.06029091984108781,6
1,test,mirror_horizontal,rot90,rot90 -> mirror_horizontal,synthetic_pair_on_id_atomic_input,image_block_03,128,1.6417146461558674,128,1.3610542973354791,113,6.524523605571097,128,6.428268494895779,128,0.03125,128,1.1822059475162208,128,0.8479491089481414,128,10.419131193704317,128,10.18100311947817,128,0.0,128,0.0703125,128,0.078125,128,0.0,128,0.0,128,0.046875,128,0.046875,128,0.0877674231595844,128,0.12659080401762512,128,0.1297959042613429,128,0.13069997924053325,128,0.08854036726177958,128,0.12487385764409348,128,0.3203125,128,0.0,128,0.3203125,128,0.14285714285714285,21,0.07521369631965155,21,0.079831894687271,21,113,1.6649511036101863,1.3610542973354791,128,1.1822059475162208,0.8479491089481414,111,0.9171238705381617,0,,52.55749448751447,6,0.7172417385553983,6,0.07186767767531245,6
1,test,mirror_horizontal,rot90,rot90 -> mirror_horizontal,synthetic_pair_on_id_atomic_input,image_block_04,128,1.6409892283422267,128,1.3669338746417978,113,7.395602126165182,128,7.285107920634606,128,0.03125,128,1.2099164480493187,128,0.8896296512564104,128,11.244048337068033,128,11.092923301012195,128,0.0,128,0.0703125,128,0.078125,128,0.0,128,0.0,128,0.046875,128,0.046875,128,0.1044898049551323,128,0.13871156260924505,128,0.1439158197984434,128,0.14299939904424186,128,0.10590186221756112,128,0.13553941561344018,128,0.3203125,128,0.0,128,0.3203125,128,0.0,21,0.09080391601781412,21,0.09480442517510794,21,113,1.6641293913965045,1.3669338746417978,128,1.2099164480493187,0.8896296512564104,111,0.9171238705381617,0,,73.41182032693176,6,0.9448243533682802,6,0.08600876201696604,6
1,test,mirror_horizontal,rot90,rot90 -> mirror_horizontal,synthetic_pair_on_id_atomic_input,image_block_05,128,1.6745975612066544,128,1.4195065454040043,113,17.00867540828611,128,16.16628201993001,128,0.03125,128,1.1968023486675223,128,0.8834175715236721,128,26.676081500151408,128,27.51084841394616,128,0.0,128,0.0703125,128,0.078125,128,0.0,128,0.0,128,0.046875,128,0.046875,128,0.16286557845153232,128,0.22726608888320787,128,0.22829143509335695,128,0.23658768282723064,128,0.15867610534555698,128,0.2334178693622099,128,0.3203125,128,0.0,128,0.3203125,128,0.0,21,0.16577661353954834,21,0.17634976433334643,21,113,1.7021990073845288,1.4195065454040043,128,1.1968023486675223,0.8834175715236721,111,0.9171238705381617,0,,85.89485604324771,6,0.9134233026922886,6,0.1888104639744811,6
1,test,mirror_horizontal,rot90,rot90 -> mirror_horizontal,synthetic_pair_on_id_atomic_input,image_block_06,128,1.6646365918067811,128,1.4002555246625454,113,19.443284507580454,128,18.25037798839253,128,0.03125,128,1.1744874651505806,128,0.8544576644574615,128,30.70984185051377,128,31.83379611661151,128,0.0,128,0.0703125,128,0.078125,128,0.0,128,0.0,128,0.046875,128,0.046875,128,0.1758880189285263,128,0.24165796422438143,128,0.24649354012161082,128,0.25194522412284154,128,0.17258509794393628,128,0.2463746067606356,128,0.3203125,128,0.0,128,0.3203125,128,0.0,21,0.18243982969645098,21,0.1913226502081964,21,113,1.6909157854094512,1.4002555246625454,128,1.1744874651505806,0.8544576644574615,111,0.9171238705381617,0,,97.02623676912067,6,0.9540849373053552,6,0.20047568971235363,6
1,test,mirror_horizontal,rot90,rot90 -> mirror_horizontal,synthetic_pair_on_id_atomic_input,image_final_norm,128,1.6671101681164995,128,1.405801281689353,113,3.3879644343381705,128,3.185508271826685,128,0.03125,128,1.1772793328744275,128,0.8563682184369976,128,5.3067994918190955,128,5.496781635628515,128,0.0,128,0.0703125,128,0.078125,128,0.0,128,0.0,128,0.046875,128,0.046875,128,0.17479070693361493,128,0.23983135119140983,128,0.24708631900477454,128,0.25210093288956253,128,0.17137722034843286,128,0.24461666828367654,128,0.3203125,128,0.0,128,0.3203125,128,0.0,21,0.1858694122391077,21,0.1950654596522917,21,113,1.6937177125567429,1.405801281689353,128,1.1772793328744275,0.8563682184369976,111,0.9171238705381617,0,,36.66056575222078,6,1.1266738691065898,6,0.20387492548293443,6
1,test,mirror_horizontal,translate_up,translate_up -> mirror_horizontal,synthetic_pair_on_id_atomic_input,image_input_tokens,128,1.4797893682843788,128,1.0798791888072243,118,0.08582087475812536,128,0.09466179400660174,128,0.078125,128,0.7247699193819135,128,0.3540313710010199,128,0.2245912653239396,128,0.21353423672741872,128,0.0,128,0.078125,128,0.078125,128,0.0,128,0.0,128,1.0,128,1.0,128,0.01575111705040643,128,0.03058029537280415,128,0.031232449774529263,128,0.031161607035176814,128,0.016359244101965105,128,0.029532214054993712,128,1.234375,128,0.0,128,1.234375,128,1.0,128,0.0025702574579497426,128,0.002724375300281619,128,118,1.6051952469525468,1.0798791888072243,128,0.7247699193819135,0.3540313710010199,111,0.9755750164255366,0,,0.3728232032713024,128,0.0457618152078828,128,0.002198180974570455,128
1,test,mirror_horizontal,translate_up,translate_up -> mirror_horizontal,synthetic_pair_on_id_atomic_input,image_block_01,128,0.5948101876323205,128,0.23571256437028407,118,3.1913734231463273,128,3.2565106646970587,128,0.078125,128,0.26687008429296666,128,0.04963825234504351,128,7.39648733717558,128,7.388652759561445,128,0.0,128,0.078125,128,0.078125,128,0.0,128,0.0,128,1.0,128,1.0,128,0.07175477423504005,128,0.046341286030255974,128,0.07683937739220156,128,0.07887264267907099,128,0.07052556923549855,128,0.04622960072635918,128,1.234375,128,0.0,128,1.234375,128,0.951171875,128,0.028001160382408706,128,0.028854075844626504,128,118,0.6452178306520086,0.23571256437028407,128,0.26687008429296666,0.04963825234504351,111,0.9755750164255366,0,,19.183532248522834,128,0.5284682365159564,128,0.02680077853012501,128
1,test,mirror_horizontal,translate_up,translate_up -> mirror_horizontal,synthetic_pair_on_id_atomic_input,image_block_02,128,0.48415952235644666,128,0.15832790949964748,118,5.811626674243694,128,5.784033593499746,128,0.078125,128,0.27992219985684974,128,0.05295739678382298,128,10.241655728109038,128,10.25193240974638,128,0.0,128,0.078125,128,0.078125,128,0.0,128,0.0,128,1.0,128,1.0,128,0.09041344743809779,128,0.054825729242090546,128,0.09629342923958802,128,0.09834722881531144,128,0.08800245711308634,128,0.05512920666545469,128,1.234375,128,0.0,128,1.234375,128,0.873046875,128,0.039244860203755574,128,0.04033125569286243,128,118,0.5251899903527557,0.15832790949964748,128,0.27992219985684974,0.05295739678382298,111,0.9755750164255366,0,,29.85033882945891,128,0.6094161790220181,128,0.03728598351257517,128
1,test,mirror_horizontal,translate_up,translate_up -> mirror_horizontal,synthetic_pair_on_id_atomic_input,image_block_03,128,0.49773113506511946,128,0.16243831780089946,118,6.473654591848158,128,6.392799543318036,128,0.078125,128,0.2918328864214288,128,0.055835647365662475,128,11.463744025747346,128,11.410533671080076,128,0.0,128,0.078125,128,0.078125,128,0.0,128,0.0,128,1.0,128,1.0,128,0.0881678446717187,128,0.0577077326588971,128,0.09539747953930064,128,0.0964026869893787,128,0.08675860407500652,128,0.057649432845209375,128,1.234375,128,0.0,128,1.234375,128,0.84765625,128,0.041593003263509835,128,0.04258499395825081,128,118,0.5399117397316548,0.16243831780089946,128,0.2918328864214288,0.055835647365662475,111,0.9755750164255366,0,,28.034592129605258,128,0.5262367911733301,128,0.03996001070312554,128
1,test,mirror_horizontal,translate_up,translate_up -> mirror_horizontal,synthetic_pair_on_id_atomic_input,image_block_04,128,0.4458494951000648,128,0.13104744849281144,118,7.412927246329176,128,7.223402497159252,128,0.078125,128,0.28151380803653137,128,0.052000991112650816,128,11.954395548719056,128,11.941702548518249,128,0.0,128,0.078125,128,0.078125,128,0.0,128,0.0,128,1.0,128,1.0,128,0.10509545996036994,128,0.06375336082184858,128,0.10975299004704017,128,0.11158786778232732,128,0.10319090580025073,128,0.06307243948470165,128,1.234375,128,0.0,128,1.234375,128,0.578125,128,0.05105690570391955,128,0.05215752717884593,128,118,0.48363335061701923,0.13104744849281144,128,0.28151380803653137,0.052000991112650816,111,0.9755750164255366,0,,32.471221728847134,128,0.6068272762978901,128,0.049143136021484866,128
1,test,mirror_horizontal,translate_up,translate_up -> mirror_horizontal,synthetic_pair_on_id_atomic_input,image_block_05,128,0.31787305078757655,128,0.07542264791685216,118,17.209749311992624,128,17.366308224047856,128,0.078125,128,0.38034781775359694,128,0.09465087730104413,128,14.582766944423904,128,14.69795264316345,128,0.0,128,0.078125,128,0.078125,128,0.0,128,0.0,128,1.0,128,1.0,128,0.16244522544239814,128,0.1030949405567082,128,0.17293080425619745,128,0.17550527015163847,128,0.16039652883300998,128,0.10361000563910555,128,1.234375,128,0.0,128,1.234375,128,0.0,128,0.0970186898428056,128,0.09837401675951493,128,118,0.34481144492211696,0.07542264791685216,128,0.38034781775359694,0.09465087730104413,111,0.9755750164255366,0,,53.25393929674628,128,0.7872017377076974,128,0.09497429514860836,128
1,test,mirror_horizontal,translate_up,translate_up -> mirror_horizontal,synthetic_pair_on_id_atomic_input,image_block_06,128,0.3251824680653826,128,0.08141270160924177,118,19.639372193519385,128,19.86285365893798,128,0.078125,128,0.3919366884175375,128,0.10230389957767244,128,16.46028426797348,128,16.720503603128293,128,0.0,128,0.078125,128,0.078125,128,0.0,128,0.0,128,1.0,128,1.0,128,0.1766167278127106,128,0.11413179447381491,128,0.18925208965271062,128,0.19198471665766897,128,0.17694005625377568,128,0.11475703525116576,128,1.234375,128,0.0,128,1.234375,128,0.0,128,0.10898553252799642,128,0.11054292414334782,128,118,0.3527403043421098,0.08141270160924177,128,0.3919366884175375,0.10230389957767244,111,0.9755750164255366,0,,54.570202560976675,128,0.7471745949987038,128,0.10651746207507952,128
1,test,mirror_horizontal,translate_up,translate_up -> mirror_horizontal,synthetic_pair_on_id_atomic_input,image_final_norm,128,0.3243556842983525,128,0.07985190908520035,118,3.4184887795923267,128,3.4636278866638177,128,0.078125,128,0.39886719343944904,128,0.10525362516767775,128,2.8140727988121936,128,2.8560324168070252,128,0.0,128,0.078125,128,0.078125,128,0.0,128,0.0,128,1.0,128,1.0,128,0.17531601906375538,128,0.1161013907621786,128,0.1890548991264458,128,0.1911019406172386,128,0.17587928730288968,128,0.11664032858311364,128,1.234375,128,0.0,128,1.234375,128,0.0,128,0.10981981881352819,128,0.11134064830001078,128,118,0.3518434541541452,0.07985190908520035,128,0.39886719343944904,0.10525362516767775,111,0.9755750164255366,0,,20.130815274557214,128,0.8409569173938073,128,0.10754247102233107,128
1,test,rot90,mirror_horizontal,mirror_horizontal -> rot90,synthetic_pair_on_id_atomic_input,image_input_tokens,128,0.9639816501551919,128,0.6107838088150527,128,0.14968597300580402,128,0.1457603013042666,128,0.0,128,1.5513737201557407,128,1.1102433142003436,113,0.08407947111214928,128,0.0847895127642894,128,0.03125,128,0.0,128,0.0,128,0.0703125,128,0.078125,128,0.046875,128,0.046875,128,0.023953215070057,128,0.015457739560524045,128,0.02482997423144069,128,0.025368857399019944,128,0.02348242621310336,128,0.015316506755011268,128,0.3203125,128,0.0,128,0.3203125,128,1.0,21,0.010371459782915279,21,0.011625288666720045,21,128,0.9639816501551919,0.6107838088150527,113,1.5626180192914585,1.1102433142003436,111,0.9282494735073399,0,,0.33231824592675824,6,0.04273735660069885,6,0.002063884851577112,6
1,test,rot90,mirror_horizontal,mirror_horizontal -> rot90,synthetic_pair_on_id_atomic_input,image_block_01,128,1.1640472270484732,128,0.8366428958138359,128,5.176859893774776,128,5.0496915521822014,128,0.0,128,1.6191503004904577,128,1.3093298153867556,113,3.1517438344528634,128,3.2576727768619635,128,0.03125,128,0.0,128,0.0,128,0.0703125,128,0.078125,128,0.046875,128,0.046875,128,0.10793265956258913,128,0.07056537801027368,128,0.10587223906078017,128,0.10879472208904375,128,0.10673657634900524,128,0.07282911439497672,128,0.3203125,128,0.0,128,0.3203125,128,0.5714285714285714,21,0.05588215348333956,21,0.06274441956080852,21,128,1.1640472270484732,0.8366428958138359,113,1.6393914908210494,1.3093298153867556,111,0.9282494735073399,0,,39.27209097335305,6,0.93782341948117,6,0.043721627315778555,6
1,test,rot90,mirror_horizontal,mirror_horizontal -> rot90,synthetic_pair_on_id_atomic_input,image_block_02,128,1.1801419976160832,128,0.8477824900802691,128,8.958401350346115,128,8.736170724927094,128,0.0,128,1.6409202966200853,128,1.361230065385327,113,5.824540653756417,128,5.8778222601399435,128,0.03125,128,0.0,128,0.0,128,0.0703125,128,0.078125,128,0.046875,128,0.046875,128,0.1241088298537325,128,0.08958385668357108,128,0.12790199389339116,128,0.12830506478422735,128,0.12513819610612287,128,0.09322008695223201,128,0.3203125,128,0.0,128,0.3203125,128,0.23809523809523808,21,0.07223618716203561,21,0.07776896548579472,21,128,1.1801419976160832,0.8477824900802691,113,1.66405130944576,1.361230065385327,111,0.9282494735073399,0,,34.65326600650582,6,0.6529391698313577,6,0.06029091984108781,6
1,test,rot90,mirror_horizontal,mirror_horizontal -> rot90,synthetic_pair_on_id_atomic_input,image_block_03,128,1.1822059475162208,128,0.8479491089481414,128,10.419131193704317,128,10.18100311947817,128,0.0,128,1.6417146461558674,128,1.3610542973354791,113,6.524523605571097,128,6.428268494895779,128,0.03125,128,0.0,128,0.0,128,0.0703125,128,0.078125,128,0.046875,128,0.046875,128,0.12659080401762512,128,0.0877674231595844,128,0.13069997924053325,128,0.1297959042613429,128,0.12487385764409348,128,0.08854036726177958,128,0.3203125,128,0.0,128,0.3203125,128,0.14285714285714285,21,0.07521369631965157,21,0.079831894687271,21,128,1.1822059475162208,0.8479491089481414,113,1.6649511036101863,1.3610542973354791,111,0.9282494735073399,0,,52.55749448751447,6,0.7172417385553983,6,0.07186767767531245,6
1,test,rot90,mirror_horizontal,mirror_horizontal -> rot90,synthetic_pair_on_id_atomic_input,image_block_04,128,1.2099164480493187,128,0.8896296512564104,128,11.244048337068033,128,11.092923301012195,128,0.0,128,1.6409892283422267,128,1.3669338746417978,113,7.395602126165182,128,7.285107920634606,128,0.03125,128,0.0,128,0.0,128,0.0703125,128,0.078125,128,0.046875,128,0.046875,128,0.13871156260924505,128,0.1044898049551323,128,0.14299939904424186,128,0.1439158197984434,128,0.13553941561344018,128,0.10590186221756112,128,0.3203125,128,0.0,128,0.3203125,128,0.0,21,0.09080391601781412,21,0.09480442517510794,21,128,1.2099164480493187,0.8896296512564104,113,1.6641293913965045,1.3669338746417978,111,0.9282494735073399,0,,73.41182032693176,6,0.9448243533682802,6,0.08600876201696604,6
1,test,rot90,mirror_horizontal,mirror_horizontal -> rot90,synthetic_pair_on_id_atomic_input,image_block_05,128,1.1968023486675223,128,0.8834175715236721,128,26.676081500151408,128,27.51084841394616,128,0.0,128,1.6745975612066544,128,1.4195065454040043,113,17.00867540828611,128,16.16628201993001,128,0.03125,128,0.0,128,0.0,128,0.0703125,128,0.078125,128,0.046875,128,0.046875,128,0.22726608888320787,128,0.16286557845153232,128,0.23658768282723064,128,0.22829143509335695,128,0.2334178693622099,128,0.15867610534555698,128,0.3203125,128,0.0,128,0.3203125,128,0.0,21,0.16577661353954834,21,0.17634976433334643,21,128,1.1968023486675223,0.8834175715236721,113,1.7021990073845288,1.4195065454040043,111,0.9282494735073399,0,,85.89485604324771,6,0.9134233026922886,6,0.1888104639744811,6
1,test,rot90,mirror_horizontal,mirror_horizontal -> rot90,synthetic_pair_on_id_atomic_input,image_block_06,128,1.1744874651505806,128,0.8544576644574615,128,30.70984185051377,128,31.83379611661151,128,0.0,128,1.6646365918067811,128,1.4002555246625454,113,19.443284507580454,128,18.25037798839253,128,0.03125,128,0.0,128,0.0,128,0.0703125,128,0.078125,128,0.046875,128,0.046875,128,0.24165796422438143,128,0.1758880189285263,128,0.25194522412284154,128,0.24649354012161082,128,0.2463746067606356,128,0.17258509794393628,128,0.3203125,128,0.0,128,0.3203125,128,0.0,21,0.18243982969645098,21,0.1913226502081964,21,128,1.1744874651505806,0.8544576644574615,113,1.6909157854094512,1.4002555246625454,111,0.9282494735073399,0,,97.02623676912067,6,0.9540849373053552,6,0.20047568971235363,6
1,test,rot90,mirror_horizontal,mirror_horizontal -> rot90,synthetic_pair_on_id_atomic_input,image_final_norm,128,1.1772793328744275,128,0.8563682184369976,128,5.3067994918190955,128,5.496781635628515,128,0.0,128,1.6671101681164995,128,1.405801281689353,113,3.3879644343381705,128,3.185508271826685,128,0.03125,128,0.0,128,0.0,128,0.0703125,128,0.078125,128,0.046875,128,0.046875,128,0.23983135119140983,128,0.17479070693361493,128,0.25210093288956253,128,0.24708631900477454,128,0.24461666828367654,128,0.17137722034843286,128,0.3203125,128,0.0,128,0.3203125,128,0.0,21,0.1858694122391077,21,0.1950654596522917,21,128,1.1772793328744275,0.8563682184369976,113,1.6937177125567429,1.405801281689353,111,0.9282494735073399,0,,36.66056575222078,6,1.1266738691065898,6,0.20387492548293443,6
1,test,rot90,rot90,rot90 -> rot90,synthetic_pair_on_id_atomic_input,image_input_tokens,128,1.7128343240269692,128,1.4330565288757589,128,0.14968597300580402,128,0.1501848389764447,128,0.0,128,1.7128343240269692,128,1.4330565288757589,128,0.14968597300580402,128,0.1501848389764447,128,0.0,128,0.0,128,0.0,128,0.0,128,0.0,128,1.0,128,0.0,128,0.023953215070057,128,0.023953215070057,128,0.029989780144768136,128,0.029989780144768136,128,0.024650652888824585,128,0.024650652888824585,128,2.09375,128,2.0,128,0.09375,128,1.0,6,0.02255517995017775,6,0.02255517995017775,6,128,1.7128343240269692,1.4330565288757589,128,1.7128343240269692,1.4330565288757589,111,0.9571956686071448,0,,,,,,,
1,test,rot90,rot90,rot90 -> rot90,synthetic_pair_on_id_atomic_input,image_block_01,128,1.7548044282428468,128,1.5509440529745662,128,5.176859893774776,128,5.20048383869074,128,0.0,128,1.7548044282428468,128,1.5509440529745662,128,5.176859893774776,128,5.20048383869074,128,0.0,128,0.0,128,0.0,128,0.0,128,0.0,128,1.0,128,0.0,128,0.10793265956258913,128,0.10793265956258913,128,0.12526586243700918,128,0.12526586243700918,128,0.10835425983927667,128,0.10835425983927667,128,2.09375,128,2.0,128,0.09375,128,0.0,6,0.13664419568979289,6,0.13664419568979289,6,128,1.7548044282428468,1.5509440529745662,128,1.7548044282428468,1.5509440529745662,111,0.9571956686071448,0,,,,,,,
1,test,rot90,rot90,rot90 -> rot90,synthetic_pair_on_id_atomic_input,image_block_02,128,1.7630825641078909,128,1.5645260831242878,128,8.958401350346115,128,9.014986527336859,128,0.0,128,1.7630825641078909,128,1.5645260831242878,128,8.958401350346115,128,9.014986527336859,128,0.0,128,0.0,128,0.0,128,0.0,128,0.0,128,1.0,128,0.0,128,0.1241088298537325,128,0.1241088298537325,128,0.13830875265492387,128,0.13830875265492387,128,0.12517304568867738,128,0.12517304568867738,128,2.09375,128,2.0,128,0.09375,128,0.0,6,0.1363825401053724,6,0.1363825401053724,6,128,1.7630825641078909,1.5645260831242878,128,1.7630825641078909,1.5645260831242878,111,0.9571956686071448,0,,,,,,,
1,test,rot90,rot90,rot90 -> rot90,synthetic_pair_on_id_atomic_input,image_block_03,128,1.7734115648199942,128,1.5846572733857067,128,10.419131193704317,128,10.540775379532388,128,0.0,128,1.7734115648199942,128,1.5846572733857067,128,10.419131193704317,128,10.540775379532388,128,0.0,128,0.0,128,0.0,128,0.0,128,0.0,128,1.0,128,0.0,128,0.12659080401762512,128,0.12659080401762512,128,0.13836938798932755,128,0.13836938798932755,128,0.126104634639322,128,0.126104634639322,128,2.09375,128,2.0,128,0.09375,128,0.0,6,0.14039387436741196,6,0.14039387436741196,6,128,1.7734115648199942,1.5846572733857067,128,1.7734115648199942,1.5846572733857067,111,0.9571956686071448,0,,,,,,,
1,test,rot90,rot90,rot90 -> rot90,synthetic_pair_on_id_atomic_input,image_block_04,128,1.7807361682488114,128,1.5959103560022967,128,11.244048337068033,128,11.172396572586536,128,0.0,128,1.7807361682488114,128,1.5959103560022967,128,11.244048337068033,128,11.172396572586536,128,0.0,128,0.0,128,0.0,128,0.0,128,0.0,128,1.0,128,0.0,128,0.13871156260924505,128,0.13871156260924505,128,0.15409604217839745,128,0.15409604217839745,128,0.1381284708572144,128,0.1381284708572144,128,2.09375,128,2.0,128,0.09375,128,0.0,6,0.15033993876775978,6,0.15033993876775978,6,128,1.7807361682488114,1.5959103560022967,128,1.7807361682488114,1.5959103560022967,111,0.9571956686071448,0,,,,,,,
1,test,rot90,rot90,rot90 -> rot90,synthetic_pair_on_id_atomic_input,image_block_05,128,1.8190845848167962,128,1.6615357160158806,128,26.676081500151408,128,27.33708096685157,128,0.0,128,1.8190845848167962,128,1.6615357160158806,128,26.676081500151408,128,27.33708096685157,128,0.0,128,0.0,128,0.0,128,0.0,128,0.0,128,1.0,128,0.0,128,0.22726608888320787,128,0.22726608888320787,128,0.24539047875826414,128,0.24539047875826414,128,0.231302021689145,128,0.231302021689145,128,2.09375,128,2.0,128,0.09375,128,0.0,6,0.21828758147739125,6,0.21828758147739125,6,128,1.8190845848167962,1.6615357160158806,128,1.8190845848167962,1.6615357160158806,111,0.9571956686071448,0,,,,,,,
1,test,rot90,rot90,rot90 -> rot90,synthetic_pair_on_id_atomic_input,image_block_06,128,1.8189708173715111,128,1.6620530372111344,128,30.70984185051377,128,31.351056237395717,128,0.0,128,1.8189708173715111,128,1.6620530372111344,128,30.70984185051377,128,31.351056237395717,128,0.0,128,0.0,128,0.0,128,0.0,128,0.0,128,1.0,128,0.0,128,0.24165796422438143,128,0.24165796422438143,128,0.2580855992628456,128,0.2580855992628456,128,0.24376992203427286,128,0.24376992203427286,128,2.09375,128,2.0,128,0.09375,128,0.0,6,0.25055079726191215,6,0.25055079726191215,6,128,1.8189708173715111,1.6620530372111344,128,1.8189708173715111,1.6620530372111344,111,0.9571956686071448,0,,,,,,,
1,test,rot90,rot90,rot90 -> rot90,synthetic_pair_on_id_atomic_input,image_final_norm,128,1.8188630153504441,128,1.6619635197523746,128,5.3067994918190955,128,5.416997245512507,128,0.0,128,1.8188630153504441,128,1.6619635197523746,128,5.3067994918190955,128,5.416997245512507,128,0.0,128,0.0,128,0.0,128,0.0,128,0.0,128,1.0,128,0.0,128,0.23983135119140983,128,0.23983135119140983,128,0.25658358978357027,128,0.25658358978357027,128,0.2422770918165683,128,0.2422770918165683,128,2.09375,128,2.0,128,0.09375,128,0.0,6,0.24771551745315037,6,0.24771551745315037,6,128,1.8188630153504441,1.6619635197523746,128,1.8188630153504441,1.6619635197523746,111,0.9571956686071448,0,,,,,,,
1,test,rot90,translate_up,translate_up -> rot90,synthetic_pair_on_id_atomic_input,image_input_tokens,128,1.231009246259648,128,0.6908980676149283,128,0.1517669786506245,128,0.15065934558226615,128,0.0,128,0.9157422916421245,128,0.4517841260106568,128,0.2204644663825755,128,0.20822552548111278,128,0.0,128,0.0,128,0.0,128,0.0,128,0.0,128,1.0,128,1.0,128,0.02409200604677488,128,0.030064041803776954,128,0.03448279884124518,128,0.03431872785870038,128,0.024722056139220856,128,0.028371526901757323,128,1.0,128,0.0,128,1.0,128,1.0,128,0.0034478736458542513,128,0.0034478736458542513,128,128,1.231009246259648,0.6908980676149283,128,0.9157422916421245,0.4517841260106568,0,,0,,0.5614723575283131,128,0.07073970208827397,128,0.0034478736458542513,128
1,test,rot90,translate_up,translate_up -> rot90,synthetic_pair_on_id_atomic_input,image_block_01,128,0.5245531577267649,128,0.15258991488715928,128,5.261654294548869,128,5.334252988248329,128,0.0,128,0.3440766173033622,128,0.06660365031463461,128,7.406072945147534,128,7.304548368624141,128,0.0,128,0.0,128,0.0,128,0.0,128,0.0,128,1.0,128,1.0,128,0.10947814422099669,128,0.046426345265068544,128,0.10929143067211189,128,0.11179298665903808,128,0.11036680071358607,128,0.044267208613764014,128,1.0,128,0.0,128,1.0,128,0.8203125,128,0.03836408049697494,128,0.03836408049697494,128,128,0.5245531577267649,0.15258991488715928,128,0.3440766173033622,0.06660365031463461,0,,0,,26.12580835175504,128,0.554707418057766,128,0.03836408049697494,128
1,test,rot90,translate_up,translate_up -> rot90,synthetic_pair_on_id_atomic_input,image_block_02,128,0.4466986969010319,128,0.11090790368691104,128,9.102012446606102,128,9.224881961581005,128,0.0,128,0.35792916393342716,128,0.07195667000238387,128,10.29380436767238,128,10.168076994839574,128,0.0,128,0.0,128,0.0,128,0.0,128,0.0,128,1.0,128,1.0,128,0.125334181959259,128,0.05505138241458465,128,0.12885138434575616,128,0.1283890035519792,128,0.1265344819683631,128,0.053935368402745175,128,1.0,128,0.0,128,1.0,128,0.6796875,128,0.048575306085000595,128,0.048575306085000595,128,128,0.4466986969010319,0.11090790368691104,128,0.35792916393342716,0.07195667000238387,0,,0,,31.86100629873816,128,0.6170971443103953,128,0.048575306085000595,128
1,test,rot90,translate_up,translate_up -> rot90,synthetic_pair_on_id_atomic_input,image_block_03,128,0.45409474568092134,128,0.11180382801167858,128,10.506300554308474,128,10.669239145157968,128,0.0,128,0.3780855159770643,128,0.07868501542179497,128,11.507878481668287,128,11.266159641722874,128,0.0,128,0.0,128,0.0,128,0.0,128,0.0,128,1.0,128,1.0,128,0.1264899664414845,128,0.058185590628043446,128,0.1298802761696226,128,0.13099316397716004,128,0.1280181435032287,128,0.05683133447447182,128,1.0,128,0.0,128,1.0,128,0.4921875,128,0.05451883210857783,128,0.05451883210857783,128,128,0.45409474568092134,0.11180382801167858,128,0.3780855159770643,0.07868501542179497,0,,0,,39.737114964264364,128,0.5743874938681841,128,0.05451883210857783,128
1,test,rot90,translate_up,translate_up -> rot90,synthetic_pair_on_id_atomic_input,image_block_04,128,0.41079190895789475,128,0.09036671269952795,128,11.451525428261835,128,11.423903756307823,128,0.0,128,0.3633320181764075,128,0.07209177728424748,128,11.99165863211441,128,11.83469137616936,128,0.0,128,0.0,128,0.0,128,0.0,128,0.0,128,1.0,128,1.0,128,0.13900390865868995,128,0.06403935467950982,128,0.14150716433175808,128,0.1424302705342335,128,0.1398037897903862,128,0.06282429818555045,128,1.0,128,0.0,128,1.0,128,0.1484375,128,0.06546652495217682,128,0.06546652495217682,128,128,0.41079190895789475,0.09036671269952795,128,0.3633320181764075,0.07209177728424748,0,,0,,51.131862028530456,128,0.7229452119098768,128,0.06546652495217682,128
1,test,rot90,translate_up,translate_up -> rot90,synthetic_pair_on_id_atomic_input,image_block_05,128,0.30245638772687994,128,0.05576765834065188,128,26.610107576507964,128,26.857151903323643,128,0.0,128,0.4989393440776165,128,0.14035626568731474,128,14.600198271725485,128,14.828292041356882,128,0.0,128,0.0,128,0.0,128,0.0,128,0.0,128,1.0,128,1.0,128,0.22589413782309953,128,0.10334872767464137,128,0.23233182747746856,128,0.23484726722940133,128,0.23062880079899725,128,0.1054523182626071,128,1.0,128,0.0,128,1.0,128,0.0,128,0.12535601975030058,128,0.12535601975030058,128,128,0.30245638772687994,0.05576765834065188,128,0.4989393440776165,0.14035626568731474,0,,0,,69.74061905091482,128,0.7660440749367692,128,0.12535601975030058,128
1,test,rot90,translate_up,translate_up -> rot90,synthetic_pair_on_id_atomic_input,image_block_06,128,0.3004736775115962,128,0.05555751859988462,128,30.685655584208508,128,31.20700060608669,128,0.0,128,0.5103138310173024,128,0.14590214560173026,128,16.45062803759157,128,16.94055122878286,128,0.0,128,0.0,128,0.0,128,0.0,128,0.0,128,1.0,128,1.0,128,0.24157916159396162,128,0.1141104240575469,128,0.24778582421376283,128,0.24886527211832132,128,0.24810461352827345,128,0.1170058320095866,128,1.0,128,0.0,128,1.0,128,0.0,128,0.14048682019519332,128,0.14048682019519332,128,128,0.3004736775115962,0.05555751859988462,128,0.5103138310173024,0.14590214560173026,0,,0,,72.19622861907273,128,0.7312691654948208,128,0.14048682019519332,128
1,test,rot90,translate_up,translate_up -> rot90,synthetic_pair_on_id_atomic_input,image_final_norm,128,0.3009302967768034,128,0.0553083291524468,128,5.297972424075477,128,5.397661548190899,128,0.0,128,0.5189906096413931,128,0.1510972013608411,128,2.807653143352291,128,2.886863371735366,128,0.0,128,0.0,128,0.0,128,0.0,128,0.0,128,1.0,128,1.0,128,0.23974478987005293,128,0.1159369424741222,128,0.2471608057082934,128,0.2469931828992538,128,0.24501523009601195,128,0.1178347308729747,128,1.0,128,0.0,128,1.0,128,0.0,128,0.14296552815391694,128,0.14296552815391694,128,128,0.3009302967768034,0.0553083291524468,128,0.5189906096413931,0.1510972013608411,0,,0,,29.090832718234083,128,0.9249768656346723,128,0.14296552815391694,128
1,test,translate_up,mirror_horizontal,mirror_horizontal -> translate_up,synthetic_pair_on_id_atomic_input,image_input_tokens,128,0.7247699193819135,128,0.3540313710010199,128,0.2245912653239396,128,0.21353423672741872,128,0.0,128,1.4797893682843788,128,1.0798791888072243,118,0.08582087475812536,128,0.09466179400660174,128,0.078125,128,0.0,128,0.0,128,0.078125,128,0.078125,128,1.0,128,1.0,128,0.03058029537280415,128,0.01575111705040643,128,0.031161607035176814,128,0.031232449774529263,128,0.029532214054993712,128,0.016359244101965105,128,1.234375,128,0.0,128,1.234375,128,1.0,128,0.002570257457949742,128,0.002724375300281619,128,128,0.7247699193819135,0.3540313710010199,118,1.6051952469525468,1.0798791888072243,0,,0,,0.3728232032713024,128,0.0457618152078828,128,0.002198180974570455,128
1,test,translate_up,mirror_horizontal,mirror_horizontal -> translate_up,synthetic_pair_on_id_atomic_input,image_block_01,128,0.26687008429296666,128,0.04963825234504351,128,7.39648733717558,128,7.388652759561445,128,0.0,128,0.5948101876323205,128,0.23571256437028407,118,3.1913734231463273,128,3.2565106646970587,128,0.078125,128,0.0,128,0.0,128,0.078125,128,0.078125,128,1.0,128,1.0,128,0.046341286030255974,128,0.07175477423504005,128,0.07887264267907099,128,0.07683937739220156,128,0.04622960072635918,128,0.07052556923549855,128,1.234375,128,0.0,128,1.234375,128,0.951171875,128,0.028001160382408706,128,0.028854075844626504,128,128,0.26687008429296666,0.04963825234504351,118,0.6452178306520086,0.23571256437028407,0,,0,,19.183532248522834,128,0.5284682365159564,128,0.02680077853012501,128
1,test,translate_up,mirror_horizontal,mirror_horizontal -> translate_up,synthetic_pair_on_id_atomic_input,image_block_02,128,0.27992219985684974,128,0.05295739678382298,128,10.241655728109038,128,10.25193240974638,128,0.0,128,0.48415952235644666,128,0.15832790949964748,118,5.811626674243694,128,5.784033593499746,128,0.078125,128,0.0,128,0.0,128,0.078125,128,0.078125,128,1.0,128,1.0,128,0.054825729242090546,128,0.09041344743809779,128,0.09834722881531144,128,0.09629342923958802,128,0.05512920666545469,128,0.08800245711308634,128,1.234375,128,0.0,128,1.234375,128,0.873046875,128,0.039244860203755574,128,0.04033125569286243,128,128,0.27992219985684974,0.05295739678382298,118,0.5251899903527557,0.15832790949964748,0,,0,,29.85033882945891,128,0.6094161790220181,128,0.03728598351257517,128
1,test,translate_up,mirror_horizontal,mirror_horizontal -> translate_up,synthetic_pair_on_id_atomic_input,image_block_03,128,0.2918328864214288,128,0.055835647365662475,128,11.463744025747346,128,11.410533671080076,128,0.0,128,0.49773113506511946,128,0.16243831780089946,118,6.473654591848158,128,6.392799543318036,128,0.078125,128,0.0,128,0.0,128,0.078125,128,0.078125,128,1.0,128,1.0,128,0.0577077326588971,128,0.0881678446717187,128,0.0964026869893787,128,0.09539747953930064,128,0.057649432845209375,128,0.08675860407500652,128,1.234375,128,0.0,128,1.234375,128,0.84765625,128,0.041593003263509835,128,0.04258499395825081,128,128,0.2918328864214288,0.055835647365662475,118,0.5399117397316548,0.16243831780089946,0,,0,,28.034592129605258,128,0.5262367911733301,128,0.03996001070312554,128
1,test,translate_up,mirror_horizontal,mirror_horizontal -> translate_up,synthetic_pair_on_id_atomic_input,image_block_04,128,0.28151380803653137,128,0.052000991112650816,128,11.954395548719056,128,11.941702548518249,128,0.0,128,0.4458494951000648,128,0.13104744849281144,118,7.412927246329176,128,7.223402497159252,128,0.078125,128,0.0,128,0.0,128,0.078125,128,0.078125,128,1.0,128,1.0,128,0.06375336082184858,128,0.10509545996036994,128,0.11158786778232732,128,0.10975299004704017,128,0.06307243948470165,128,0.10319090580025073,128,1.234375,128,0.0,128,1.234375,128,0.578125,128,0.05105690570391955,128,0.05215752717884593,128,128,0.28151380803653137,0.052000991112650816,118,0.48363335061701923,0.13104744849281144,0,,0,,32.471221728847134,128,0.6068272762978901,128,0.049143136021484866,128
1,test,translate_up,mirror_horizontal,mirror_horizontal -> translate_up,synthetic_pair_on_id_atomic_input,image_block_05,128,0.38034781775359694,128,0.09465087730104413,128,14.582766944423904,128,14.69795264316345,128,0.0,128,0.31787305078757655,128,0.07542264791685216,118,17.209749311992624,128,17.366308224047856,128,0.078125,128,0.0,128,0.0,128,0.078125,128,0.078125,128,1.0,128,1.0,128,0.1030949405567082,128,0.16244522544239814,128,0.17550527015163847,128,0.17293080425619745,128,0.10361000563910555,128,0.16039652883300998,128,1.234375,128,0.0,128,1.234375,128,0.0,128,0.0970186898428056,128,0.09837401675951493,128,128,0.38034781775359694,0.09465087730104413,118,0.34481144492211696,0.07542264791685216,0,,0,,53.25393929674628,128,0.7872017377076974,128,0.09497429514860836,128
1,test,translate_up,mirror_horizontal,mirror_horizontal -> translate_up,synthetic_pair_on_id_atomic_input,image_block_06,128,0.3919366884175375,128,0.10230389957767244,128,16.46028426797348,128,16.720503603128293,128,0.0,128,0.3251824680653826,128,0.08141270160924177,118,19.639372193519385,128,19.86285365893798,128,0.078125,128,0.0,128,0.0,128,0.078125,128,0.078125,128,1.0,128,1.0,128,0.11413179447381491,128,0.1766167278127106,128,0.19198471665766897,128,0.18925208965271062,128,0.11475703525116576,128,0.17694005625377568,128,1.234375,128,0.0,128,1.234375,128,0.0,128,0.10898553252799642,128,0.11054292414334782,128,128,0.3919366884175375,0.10230389957767244,118,0.3527403043421098,0.08141270160924177,0,,0,,54.570202560976675,128,0.7471745949987038,128,0.10651746207507952,128
1,test,translate_up,mirror_horizontal,mirror_horizontal -> translate_up,synthetic_pair_on_id_atomic_input,image_final_norm,128,0.39886719343944904,128,0.10525362516767775,128,2.8140727988121936,128,2.8560324168070252,128,0.0,128,0.3243556842983525,128,0.07985190908520035,118,3.4184887795923267,128,3.4636278866638177,128,0.078125,128,0.0,128,0.0,128,0.078125,128,0.078125,128,1.0,128,1.0,128,0.1161013907621786,128,0.17531601906375538,128,0.1911019406172386,128,0.1890548991264458,128,0.11664032858311364,128,0.17587928730288968,128,1.234375,128,0.0,128,1.234375,128,0.0,128,0.10981981881352819,128,0.11134064830001078,128,128,0.39886719343944904,0.10525362516767775,118,0.3518434541541452,0.07985190908520035,0,,0,,20.130815274557214,128,0.8409569173938073,128,0.10754247102233107,128
1,test,translate_up,rot90,rot90 -> translate_up,synthetic_pair_on_id_atomic_input,image_input_tokens,128,0.9157422916421245,128,0.4517841260106568,128,0.2204644663825755,128,0.20822552548111278,128,0.0,128,1.231009246259648,128,0.6908980676149283,128,0.1517669786506245,128,0.15065934558226615,128,0.0,128,0.0,128,0.0,128,0.0,128,0.0,128,1.0,128,1.0,128,0.030064041803776954,128,0.02409200604677488,128,0.03431872785870038,128,0.03448279884124518,128,0.028371526901757323,128,0.024722056139220856,128,1.0,128,0.0,128,1.0,128,1.0,128,0.0034478736458542513,128,0.0034478736458542513,128,128,0.9157422916421245,0.4517841260106568,128,1.231009246259648,0.6908980676149283,0,,0,,0.5614723575283131,128,0.07073970208827397,128,0.0034478736458542513,128
1,test,translate_up,rot90,rot90 -> translate_up,synthetic_pair_on_id_atomic_input,image_block_01,128,0.3440766173033622,128,0.06660365031463461,128,7.406072945147534,128,7.304548368624141,128,0.0,128,0.5245531577267649,128,0.15258991488715928,128,5.261654294548869,128,5.334252988248329,128,0.0,128,0.0,128,0.0,128,0.0,128,0.0,128,1.0,128,1.0,128,0.046426345265068544,128,0.10947814422099669,128,0.11179298665903808,128,0.10929143067211189,128,0.044267208613764014,128,0.11036680071358607,128,1.0,128,0.0,128,1.0,128,0.8203125,128,0.03836408049697494,128,0.03836408049697494,128,128,0.3440766173033622,0.06660365031463461,128,0.5245531577267649,0.15258991488715928,0,,0,,26.12580835175504,128,0.554707418057766,128,0.03836408049697494,128
1,test,translate_up,rot90,rot90 -> translate_up,synthetic_pair_on_id_atomic_input,image_block_02,128,0.35792916393342716,128,0.07195667000238387,128,10.29380436767238,128,10.168076994839574,128,0.0,128,0.4466986969010319,128,0.11090790368691104,128,9.102012446606102,128,9.224881961581005,128,0.0,128,0.0,128,0.0,128,0.0,128,0.0,128,1.0,128,1.0,128,0.05505138241458465,128,0.125334181959259,128,0.1283890035519792,128,0.12885138434575616,128,0.053935368402745175,128,0.1265344819683631,128,1.0,128,0.0,128,1.0,128,0.6796875,128,0.048575306085000595,128,0.048575306085000595,128,128,0.35792916393342716,0.07195667000238387,128,0.4466986969010319,0.11090790368691104,0,,0,,31.86100629873816,128,0.6170971443103953,128,0.048575306085000595,128
1,test,translate_up,rot90,rot90 -> translate_up,synthetic_pair_on_id_atomic_input,image_block_03,128,0.3780855159770643,128,0.07868501542179497,128,11.507878481668287,128,11.266159641722874,128,0.0,128,0.45409474568092134,128,0.11180382801167858,128,10.506300554308474,128,10.669239145157968,128,0.0,128,0.0,128,0.0,128,0.0,128,0.0,128,1.0,128,1.0,128,0.058185590628043446,128,0.1264899664414845,128,0.13099316397716004,128,0.1298802761696226,128,0.05683133447447182,128,0.1280181435032287,128,1.0,128,0.0,128,1.0,128,0.4921875,128,0.05451883210857783,128,0.05451883210857783,128,128,0.3780855159770643,0.07868501542179497,128,0.45409474568092134,0.11180382801167858,0,,0,,39.737114964264364,128,0.5743874938681841,128,0.05451883210857783,128
1,test,translate_up,rot90,rot90 -> translate_up,synthetic_pair_on_id_atomic_input,image_block_04,128,0.3633320181764075,128,0.07209177728424748,128,11.99165863211441,128,11.83469137616936,128,0.0,128,0.41079190895789475,128,0.09036671269952795,128,11.451525428261835,128,11.423903756307823,128,0.0,128,0.0,128,0.0,128,0.0,128,0.0,128,1.0,128,1.0,128,0.06403935467950982,128,0.13900390865868995,128,0.1424302705342335,128,0.14150716433175808,128,0.06282429818555045,128,0.1398037897903862,128,1.0,128,0.0,128,1.0,128,0.1484375,128,0.06546652495217682,128,0.06546652495217682,128,128,0.3633320181764075,0.07209177728424748,128,0.41079190895789475,0.09036671269952795,0,,0,,51.131862028530456,128,0.7229452119098768,128,0.06546652495217682,128
1,test,translate_up,rot90,rot90 -> translate_up,synthetic_pair_on_id_atomic_input,image_block_05,128,0.4989393440776165,128,0.14035626568731474,128,14.600198271725485,128,14.828292041356882,128,0.0,128,0.30245638772687994,128,0.05576765834065188,128,26.610107576507964,128,26.857151903323643,128,0.0,128,0.0,128,0.0,128,0.0,128,0.0,128,1.0,128,1.0,128,0.10334872767464137,128,0.22589413782309953,128,0.23484726722940133,128,0.23233182747746856,128,0.1054523182626071,128,0.23062880079899725,128,1.0,128,0.0,128,1.0,128,0.0,128,0.12535601975030058,128,0.12535601975030058,128,128,0.4989393440776165,0.14035626568731474,128,0.30245638772687994,0.05576765834065188,0,,0,,69.74061905091482,128,0.7660440749367692,128,0.12535601975030058,128
1,test,translate_up,rot90,rot90 -> translate_up,synthetic_pair_on_id_atomic_input,image_block_06,128,0.5103138310173024,128,0.14590214560173026,128,16.45062803759157,128,16.94055122878286,128,0.0,128,0.3004736775115962,128,0.05555751859988462,128,30.685655584208508,128,31.20700060608669,128,0.0,128,0.0,128,0.0,128,0.0,128,0.0,128,1.0,128,1.0,128,0.1141104240575469,128,0.24157916159396162,128,0.24886527211832132,128,0.24778582421376283,128,0.1170058320095866,128,0.24810461352827345,128,1.0,128,0.0,128,1.0,128,0.0,128,0.14048682019519332,128,0.14048682019519332,128,128,0.5103138310173024,0.14590214560173026,128,0.3004736775115962,0.05555751859988462,0,,0,,72.19622861907273,128,0.7312691654948208,128,0.14048682019519332,128
1,test,translate_up,rot90,rot90 -> translate_up,synthetic_pair_on_id_atomic_input,image_final_norm,128,0.5189906096413931,128,0.1510972013608411,128,2.807653143352291,128,2.886863371735366,128,0.0,128,0.3009302967768034,128,0.0553083291524468,128,5.297972424075477,128,5.397661548190899,128,0.0,128,0.0,128,0.0,128,0.0,128,0.0,128,1.0,128,1.0,128,0.1159369424741222,128,0.23974478987005293,128,0.2469931828992538,128,0.2471608057082934,128,0.1178347308729747,128,0.24501523009601195,128,1.0,128,0.0,128,1.0,128,0.0,128,0.14296552815391694,128,0.14296552815391694,128,128,0.5189906096413931,0.1510972013608411,128,0.3009302967768034,0.0553083291524468,0,,0,,29.090832718234083,128,0.9249768656346723,128,0.14296552815391694,128
1,test,translate_up,translate_up,translate_up -> translate_up,synthetic_pair_on_id_atomic_input,image_input_tokens,128,1.4162149577498615,128,1.0087671856106932,128,0.2409582357527117,128,0.2092196341879609,128,0.0,128,1.4162149577498615,128,1.0087671856106932,128,0.2409582357527117,128,0.2092196341879609,128,0.0,128,0.0,128,0.0,128,0.0,128,0.0,128,1.0,128,0.0,128,0.031830515067869936,128,0.031830515067869936,128,0.04350611276448303,128,0.04350611276448303,128,0.02815348998130296,128,0.02815348998130296,128,2.0,128,2.0,128,0.0,128,,,,,,,128,1.4162149577498615,1.0087671856106932,128,1.4162149577498615,1.0087671856106932,111,0.9894421621485874,0,,,,,,,
1,test,translate_up,translate_up,translate_up -> translate_up,synthetic_pair_on_id_atomic_input,image_block_01,128,0.5457053749309175,128,0.14880337894876078,128,7.562360930207985,128,7.395688599294754,128,0.0,128,0.5457053749309175,128,0.14880337894876078,128,7.562360930207985,128,7.395688599294754,128,0.0,128,0.0,128,0.0,128,0.0,128,0.0,128,1.0,128,0.0,128,0.047519347846690235,128,0.047519347846690235,128,0.06047393042944229,128,0.06047393042944229,128,0.04285207283445439,128,0.04285207283445439,128,2.0,128,2.0,128,0.0,128,,,,,,,128,0.5457053749309175,0.14880337894876078,128,0.5457053749309175,0.14880337894876078,111,0.9894421621485874,0,,,,,,,
1,test,translate_up,translate_up,translate_up -> translate_up,synthetic_pair_on_id_atomic_input,image_block_02,128,0.5420590760565802,128,0.14950150985749805,128,10.42801793428115,128,10.260885292320147,128,0.0,128,0.5420590760565802,128,0.14950150985749805,128,10.42801793428115,128,10.260885292320147,128,0.0,128,0.0,128,0.0,128,0.0,128,0.0,128,1.0,128,0.0,128,0.05554318861011805,128,0.05554318861011805,128,0.07335475057873661,128,0.07335475057873661,128,0.05109644857607612,128,0.05109644857607612,128,2.0,128,2.0,128,0.0,128,,,,,,,128,0.5420590760565802,0.14950150985749805,128,0.5420590760565802,0.14950150985749805,111,0.9894421621485874,0,,,,,,,
1,test,translate_up,translate_up,translate_up -> translate_up,synthetic_pair_on_id_atomic_input,image_block_03,128,0.551884384939577,128,0.15558651840328425,128,11.645488438588407,128,11.382533850419883,128,0.0,128,0.551884384939577,128,0.15558651840328425,128,11.645488438588407,128,11.382533850419883,128,0.0,128,0.0,128,0.0,128,0.0,128,0.0,128,1.0,128,0.0,128,0.05816586098901911,128,0.05816586098901911,128,0.07874133267175475,128,0.07874133267175475,128,0.05425361800768526,128,0.05425361800768526,128,2.0,128,2.0,128,0.0,128,,,,,,,128,0.551884384939577,0.15558651840328425,128,0.551884384939577,0.15558651840328425,111,0.9894421621485874,0,,,,,,,
1,test,translate_up,translate_up,translate_up -> translate_up,synthetic_pair_on_id_atomic_input,image_block_04,128,0.5213860011963408,128,0.13810455939205524,128,12.152139907593895,128,11.986323179795871,128,0.0,128,0.5213860011963408,128,0.13810455939205524,128,12.152139907593895,128,11.986323179795871,128,0.0,128,0.0,128,0.0,128,0.0,128,0.0,128,1.0,128,0.0,128,0.06354864305564634,128,0.06354864305564634,128,0.0853549437090414,128,0.0853549437090414,128,0.06042760407913765,128,0.06042760407913765,128,2.0,128,2.0,128,0.0,128,,,,,,,128,0.5213860011963408,0.13810455939205524,128,0.5213860011963408,0.13810455939205524,111,0.9894421621485874,0,,,,,,,
1,test,translate_up,translate_up,translate_up -> translate_up,synthetic_pair_on_id_atomic_input,image_block_05,128,0.6508061683990722,128,0.2195247293878503,128,14.83737489304985,128,15.55606234461304,128,0.0,128,0.6508061683990722,128,0.2195247293878503,128,14.83737489304985,128,15.55606234461304,128,0.0,128,0.0,128,0.0,128,0.0,128,0.0,128,1.0,128,0.0,128,0.10249025545247503,128,0.10249025545247503,128,0.1490603807130573,128,0.1490603807130573,128,0.10756422589249046,128,0.10756422589249046,128,2.0,128,2.0,128,0.0,128,,,,,,,128,0.6508061683990722,0.2195247293878503,128,0.6508061683990722,0.2195247293878503,111,0.9894421621485874,0,,,,,,,
1,test,translate_up,translate_up,translate_up -> translate_up,synthetic_pair_on_id_atomic_input,image_block_06,128,0.6735695436773781,128,0.23523138278828215,128,16.829047449678157,128,18.338813364769763,128,0.0,128,0.6735695436773781,128,0.23523138278828215,128,16.829047449678157,128,18.338813364769763,128,0.0,128,0.0,128,0.0,128,0.0,128,0.0,128,1.0,128,0.0,128,0.11380534789470487,128,0.11380534789470487,128,0.1672262516891142,128,0.1672262516891142,128,0.12315677799529712,128,0.12315677799529712,128,2.0,128,2.0,128,0.0,128,,,,,,,128,0.6735695436773781,0.23523138278828215,128,0.6735695436773781,0.23523138278828215,111,0.9894421621485874,0,,,,,,,
1,test,translate_up,translate_up,translate_up -> translate_up,synthetic_pair_on_id_atomic_input,image_final_norm,128,0.7006661205271807,128,0.25346621118794593,128,2.8640056425896128,128,3.114514493047353,128,0.0,128,0.7006661205271807,128,0.25346621118794593,128,2.8640056425896128,128,3.114514493047353,128,0.0,128,0.0,128,0.0,128,0.0,128,0.0,128,1.0,128,0.0,128,0.11598807818584839,128,0.11598807818584839,128,0.16778691208367244,128,0.16778691208367244,128,0.12405599894733813,128,0.12405599894733813,128,2.0,128,2.0,128,0.0,128,,,,,,,128,0.7006661205271807,0.25346621118794593,128,0.7006661205271807,0.25346621118794593,111,0.9894421621485874,0,,,,,,,
1,test_ood,rot90,translate_up,translate_up -> rot90,recorded_ood_composition,image_input_tokens,128,1.2123768600172542,128,0.6797853165312975,128,0.15512780169812684,128,0.14810350551907858,128,0.0,128,0.9253219087667746,128,0.4442325840234182,128,0.19124005261790278,128,0.19119181840909477,128,0.0,128,0.0,128,0.0,128,0.0,128,0.0,128,1.0,128,1.0,128,0.024729184100228715,128,0.027782279229590277,128,0.03351729723739314,128,0.03320265662795026,128,0.023880356532731843,128,0.02739372322042896,128,1.0,128,0.0,128,1.0,128,1.0,128,0.0033306828388339742,128,0.0033306828388339742,128,128,1.2123768600172542,0.6797853165312975,128,0.9253219087667746,0.4442325840234182,1000,0.18434022148046642,128,0.19233332946896553,0.5614723575283131,128,0.07073970208827397,128,0.0033306828388339742,128
1,test_ood,rot90,translate_up,translate_up -> rot90,recorded_ood_composition,image_block_01,128,0.5524963579626312,128,0.16869514229671656,128,4.813109244167677,128,4.789104342382842,128,0.0,128,0.3200259806473516,128,0.05576221661671063,128,7.133174071800717,128,7.17570991410672,128,0.0,128,0.0,128,0.0,128,0.0,128,0.0,128,1.0,128,1.0,128,0.10025864056472619,128,0.043829257389266144,128,0.10036103221788352,128,0.10222612345535034,128,0.10016852789250244,128,0.04398066480512386,128,1.0,128,0.0,128,1.0,128,0.9140625,128,0.034458142349737514,128,0.034458142349737514,128,128,0.5524963579626312,0.16869514229671656,128,0.3200259806473516,0.05576221661671063,1000,0.18434022148046642,128,0.19233332946896553,26.12580835175504,128,0.554707418057766,128,0.034458142349737514,128
1,test_ood,rot90,translate_up,translate_up -> rot90,recorded_ood_composition,image_block_02,128,0.4521108234740043,128,0.11213649414966537,128,8.365074889376812,128,8.283194584765326,128,0.0,128,0.3295365556875216,128,0.05901977532465928,128,9.934425413778545,128,9.945806829053595,128,0.0,128,0.0,128,0.0,128,0.0,128,0.0,128,1.0,128,1.0,128,0.11921211461516473,128,0.05157805903198101,128,0.12281200624789235,128,0.12218921610178711,128,0.11903203880044846,128,0.051183635611228795,128,1.0,128,0.0,128,1.0,128,0.671875,128,0.04651145624299549,128,0.04651145624299549,128,128,0.4521108234740043,0.11213649414966537,128,0.3295365556875216,0.05901977532465928,1000,0.18434022148046642,128,0.19233332946896553,31.86100629873816,128,0.6170971443103953,128,0.04651145624299549,128
1,test_ood,rot90,translate_up,translate_up -> rot90,recorded_ood_composition,image_block_03,128,0.45387135048078386,128,0.11252353148388794,128,9.61099099446262,128,9.652228352539987,128,0.0,128,0.34986430385603084,128,0.06709722023403906,128,11.040873453667718,128,11.08421341879944,128,0.0,128,0.0,128,0.0,128,0.0,128,0.0,128,1.0,128,1.0,128,0.12284728016075039,128,0.054546786113712886,128,0.12323168210784752,128,0.12594776297495258,128,0.12319757931525593,128,0.05446049076440683,128,1.0,128,0.0,128,1.0,128,0.4140625,128,0.05330466230110947,128,0.05330466230110947,128,128,0.45387135048078386,0.11252353148388794,128,0.34986430385603084,0.06709722023403906,1000,0.18434022148046642,128,0.19233332946896553,39.737114964264364,128,0.5743874938681841,128,0.05330466230110947,128
1,test_ood,rot90,translate_up,translate_up -> rot90,recorded_ood_composition,image_block_04,128,0.4097240660676369,128,0.08963254375590811,128,10.453324591765924,128,10.30847297653781,128,0.0,128,0.33115148243137704,128,0.06097791787550902,128,11.650914008624248,128,11.732498553075075,128,0.0,128,0.0,128,0.0,128,0.0,128,0.0,128,1.0,128,1.0,128,0.1371605725664798,128,0.06052833486560637,128,0.13827018678901576,128,0.13912770009981495,128,0.13588739407295622,128,0.06057610096836634,128,1.0,128,0.0,128,1.0,128,0.1484375,128,0.06369473764397489,128,0.06369473764397489,128,128,0.4097240660676369,0.08963254375590811,128,0.33115148243137704,0.06097791787550902,1000,0.18434022148046642,128,0.19233332946896553,51.131862028530456,128,0.7229452119098768,128,0.06369473764397489,128
1,test_ood,rot90,translate_up,translate_up -> rot90,recorded_ood_composition,image_block_05,128,0.30889679514585316,128,0.060583043807683555,128,25.73452622905768,128,25.751098272066898,128,0.0,128,0.4814769115896705,128,0.13069092267306995,128,14.668715946474727,128,14.758173183070234,128,0.0,128,0.0,128,0.0,128,0.0,128,0.0,128,1.0,128,1.0,128,0.2237335571665835,128,0.1014278859884557,128,0.22951041205738826,128,0.2290390227977011,128,0.2260668515138436,128,0.10274510957862229,128,1.0,128,0.0,128,1.0,128,0.0,128,0.12541994008511664,128,0.12541994008511664,128,128,0.30889679514585316,0.060583043807683555,128,0.4814769115896705,0.13069092267306995,1000,0.18434022148046642,128,0.19233332946896553,69.74061905091482,128,0.7660440749367692,128,0.12541994008511664,128
1,test_ood,rot90,translate_up,translate_up -> rot90,recorded_ood_composition,image_block_06,128,0.3234413408758765,128,0.07072605612245594,128,29.564876988565352,128,29.763161850454658,128,0.0,128,0.5108425599825126,128,0.15017573189464944,128,16.919517071487174,128,16.86489524000798,128,0.0,128,0.0,128,0.0,128,0.0,128,0.0,128,1.0,128,1.0,128,0.23328338864756812,128,0.11294433240642801,128,0.2404642681593933,128,0.2390881147053968,128,0.23645864710276848,128,0.11377719919515933,128,1.0,128,0.0,128,1.0,128,0.0,128,0.13931509369279438,128,0.13931509369279438,128,128,0.3234413408758765,0.07072605612245594,128,0.5108425599825126,0.15017573189464944,1000,0.18434022148046642,128,0.19233332946896553,72.19622861907273,128,0.7312691654948208,128,0.13931509369279438,128
1,test_ood,rot90,translate_up,translate_up -> rot90,recorded_ood_composition,image_final_norm,128,0.3265302797504302,128,0.07196111849146948,128,5.085246578026267,128,5.123666594670669,128,0.0,128,0.5244576171001694,128,0.15816074363071086,128,2.8641040260366237,128,2.8622981460757106,128,0.0,128,0.0,128,0.0,128,0.0,128,0.0,128,1.0,128,1.0,128,0.23402518340706346,128,0.1146361899501771,128,0.24114059069751412,128,0.23951045806216104,128,0.236726961687432,128,0.1155426735622678,128,1.0,128,0.0,128,1.0,128,0.0,128,0.141722246518929,128,0.141722246518929,128,128,0.3265302797504302,0.07196111849146948,128,0.5244576171001694,0.15816074363071086,1000,0.18434022148046642,128,0.19233332946896553,29.090832718234083,128,0.9249768656346723,128,0.141722246518929,128
