checkpoint_path,checkpoint_sha256,git_commit,experiment_id,split,f,g,program,function_ordering,oracle_valid_count,model_sample_count,sample_count,layer,seed,global_step,probe_fit_sample_count,g_probe_fit_sample_count,ridge,pool_grid,pca_settings,source_kind,source_index,context_error,composition_error,matched_atomic_error,identity_error,zero_error,only_g_error,only_f_error,shuffled_operator_error,transfer_gap,g_context_error,g_transfer_gap,cheating_composition_upper_bound_error,commutator_data_defect
/home/ubuntu/cogitao-research/checkpoints/cogitao_vit_cross_attention/cogitao_c1_experiment_4_vit6_function_mlp_cross_attention/run_000/last.ckpt,35f91e02d5b826c89f6b24f52abf83581220b4b6676009c59b6715b0b2251589,dfec9cbb2afe6616194c1fb41430c0c5d2bc4208,4,val,crop_contours,double_right,double_right -> crop_contours,"pair (f,g): fgx=f(g(x)); task-token order [g,f] means g -> f",11,11,11,image_input_tokens,42,78000,256,256,0.01,2,"{""fixed_ranks"": [1, 2, 4, 8, 16, 32], ""variance_thresholds"": [0.9, 0.95]}",synthetic_context_on_atomic_id,19,0.07239965300050262,0.07668260932482579,0.042337954817688414,0.09243822687992276,1.0,0.07848264964561331,0.10939160581743478,0.0787109800888042,0.04758553199606487,0.026014615495803573,-0.01695223072147144,,
/home/ubuntu/cogitao-research/checkpoints/cogitao_vit_cross_attention/cogitao_c1_experiment_4_vit6_function_mlp_cross_attention/run_000/last.ckpt,35f91e02d5b826c89f6b24f52abf83581220b4b6676009c59b6715b0b2251589,dfec9cbb2afe6616194c1fb41430c0c5d2bc4208,4,val,crop_contours,double_right,double_right -> crop_contours,"pair (f,g): fgx=f(g(x)); task-token order [g,f] means g -> f",11,11,11,image_input_tokens,42,78000,256,256,0.01,2,"{""fixed_ranks"": [1, 2, 4, 8, 16, 32], ""variance_thresholds"": [0.9, 0.95]}",synthetic_context_on_atomic_id,20,0.03396630118737111,0.046488344329501954,0.016890679398832834,0.05393383161494939,1.0,0.12678886114946908,0.06402089995819583,0.04010604820269769,0.009152180182933362,0.027734294100138855,-0.015232552117136158,,
/home/ubuntu/cogitao-research/checkpoints/cogitao_vit_cross_attention/cogitao_c1_experiment_4_vit6_function_mlp_cross_attention/run_000/last.ckpt,35f91e02d5b826c89f6b24f52abf83581220b4b6676009c59b6715b0b2251589,dfec9cbb2afe6616194c1fb41430c0c5d2bc4208,4,val,crop_contours,double_right,double_right -> crop_contours,"pair (f,g): fgx=f(g(x)); task-token order [g,f] means g -> f",11,11,11,image_input_tokens,42,78000,256,256,0.01,2,"{""fixed_ranks"": [1, 2, 4, 8, 16, 32], ""variance_thresholds"": [0.9, 0.95]}",synthetic_context_on_atomic_id,18,0.04482616320355241,0.052909789154798506,0.022073559352580797,0.11281813044839886,1.0,0.16687880027533697,0.07686516595785971,0.04681003506445261,0.020012042199114666,0.030427425278522557,-0.012539420938752457,,
/home/ubuntu/cogitao-research/checkpoints/cogitao_vit_cross_attention/cogitao_c1_experiment_4_vit6_function_mlp_cross_attention/run_000/last.ckpt,35f91e02d5b826c89f6b24f52abf83581220b4b6676009c59b6715b0b2251589,dfec9cbb2afe6616194c1fb41430c0c5d2bc4208,4,val,crop_contours,double_right,double_right -> crop_contours,"pair (f,g): fgx=f(g(x)); task-token order [g,f] means g -> f",11,11,11,image_input_tokens,42,78000,256,256,0.01,2,"{""fixed_ranks"": [1, 2, 4, 8, 16, 32], ""variance_thresholds"": [0.9, 0.95]}",synthetic_context_on_atomic_id,23,0.050022351791851334,0.049675659471513714,0.02226799580768451,0.07051089176395241,1.0,0.1886697666830855,0.11389351745103862,0.05480483473998838,0.025208230787413587,0.0296619855335569,-0.013304860683718115,,
/home/ubuntu/cogitao-research/checkpoints/cogitao_vit_cross_attention/cogitao_c1_experiment_4_vit6_function_mlp_cross_attention/run_000/last.ckpt,35f91e02d5b826c89f6b24f52abf83581220b4b6676009c59b6715b0b2251589,dfec9cbb2afe6616194c1fb41430c0c5d2bc4208,4,val,crop_contours,double_right,double_right -> crop_contours,"pair (f,g): fgx=f(g(x)); task-token order [g,f] means g -> f",11,11,11,image_input_tokens,42,78000,256,256,0.01,2,"{""fixed_ranks"": [1, 2, 4, 8, 16, 32], ""variance_thresholds"": [0.9, 0.95]}",synthetic_context_on_atomic_id,22,0.03904712467454233,0.04227928015220065,0.019352481865863868,0.05958107594699002,1.0,0.08037374247786154,0.06212922894603916,0.05628943457612233,0.01423300367010458,0.030760474373255187,-0.012206371844019827,,
/home/ubuntu/cogitao-research/checkpoints/cogitao_vit_cross_attention/cogitao_c1_experiment_4_vit6_function_mlp_cross_attention/run_000/last.ckpt,35f91e02d5b826c89f6b24f52abf83581220b4b6676009c59b6715b0b2251589,dfec9cbb2afe6616194c1fb41430c0c5d2bc4208,4,val,crop_contours,double_right,double_right -> crop_contours,"pair (f,g): fgx=f(g(x)); task-token order [g,f] means g -> f",11,11,11,image_input_tokens,42,78000,256,256,0.01,2,"{""fixed_ranks"": [1, 2, 4, 8, 16, 32], ""variance_thresholds"": [0.9, 0.95]}",synthetic_context_on_atomic_id,6,0.016726853851953084,0.016896649094757136,0.022803179381109557,0.03761087755468558,1.0,0.07197205101455632,0.0273169267388137,0.03485964536896634,-0.008087267152484662,0.023188882069183524,-0.01977796414809149,0.05407859968160446,
/home/ubuntu/cogitao-research/checkpoints/cogitao_vit_cross_attention/cogitao_c1_experiment_4_vit6_function_mlp_cross_attention/run_000/last.ckpt,35f91e02d5b826c89f6b24f52abf83581220b4b6676009c59b6715b0b2251589,dfec9cbb2afe6616194c1fb41430c0c5d2bc4208,4,val,crop_contours,double_right,double_right -> crop_contours,"pair (f,g): fgx=f(g(x)); task-token order [g,f] means g -> f",11,11,11,image_input_tokens,42,78000,256,256,0.01,2,"{""fixed_ranks"": [1, 2, 4, 8, 16, 32], ""variance_thresholds"": [0.9, 0.95]}",synthetic_context_on_atomic_id,9,0.02884972322890875,0.03454165862392813,0.010459281851579991,0.02890712662271075,1.0,0.07955037832547719,0.04922014669479471,0.031409609596316855,0.0040356022244710035,0.020445141390100098,-0.022521704827174915,0.09639767879747464,
/home/ubuntu/cogitao-research/checkpoints/cogitao_vit_cross_attention/cogitao_c1_experiment_4_vit6_function_mlp_cross_attention/run_000/last.ckpt,35f91e02d5b826c89f6b24f52abf83581220b4b6676009c59b6715b0b2251589,dfec9cbb2afe6616194c1fb41430c0c5d2bc4208,4,val,crop_contours,double_right,double_right -> crop_contours,"pair (f,g): fgx=f(g(x)); task-token order [g,f] means g -> f",11,11,11,image_input_tokens,42,78000,256,256,0.01,2,"{""fixed_ranks"": [1, 2, 4, 8, 16, 32], ""variance_thresholds"": [0.9, 0.95]}",synthetic_context_on_atomic_id,0,0.028633414936255,0.04805575934475204,0.029133588128106347,0.09333819545648528,1.0,0.1455941843437861,0.05535833821442082,0.0625995520502432,0.003819293931817253,0.019137089453649746,-0.023829756763625268,0.0678254000714994,
/home/ubuntu/cogitao-research/checkpoints/cogitao_vit_cross_attention/cogitao_c1_experiment_4_vit6_function_mlp_cross_attention/run_000/last.ckpt,35f91e02d5b826c89f6b24f52abf83581220b4b6676009c59b6715b0b2251589,dfec9cbb2afe6616194c1fb41430c0c5d2bc4208,4,val,crop_contours,double_right,double_right -> crop_contours,"pair (f,g): fgx=f(g(x)); task-token order [g,f] means g -> f",11,11,11,image_input_tokens,42,78000,256,256,0.01,2,"{""fixed_ranks"": [1, 2, 4, 8, 16, 32], ""variance_thresholds"": [0.9, 0.95]}",synthetic_context_on_atomic_id,21,0.05442448141112753,0.07845941868706087,0.015909887533833926,0.08131522664756537,1.0,0.09377364393813291,0.09942496807039143,0.075804086788776,0.029610360406689785,0.046640755713313733,0.00367390949603872,0.08387617561854861,
/home/ubuntu/cogitao-research/checkpoints/cogitao_vit_cross_attention/cogitao_c1_experiment_4_vit6_function_mlp_cross_attention/run_000/last.ckpt,35f91e02d5b826c89f6b24f52abf83581220b4b6676009c59b6715b0b2251589,dfec9cbb2afe6616194c1fb41430c0c5d2bc4208,4,val,crop_contours,double_right,double_right -> crop_contours,"pair (f,g): fgx=f(g(x)); task-token order [g,f] means g -> f",11,11,11,image_input_tokens,42,78000,256,256,0.01,2,"{""fixed_ranks"": [1, 2, 4, 8, 16, 32], ""variance_thresholds"": [0.9, 0.95]}",synthetic_context_on_atomic_id,11,0.04800439912193969,0.056934076107915836,0.018832844349490147,0.07845748528512864,1.0,0.10091176201148883,0.09107620367701329,0.06917660835956707,0.023190278117501944,0.029558563724519916,-0.013408282492755098,0.0946443152087225,
/home/ubuntu/cogitao-research/checkpoints/cogitao_vit_cross_attention/cogitao_c1_experiment_4_vit6_function_mlp_cross_attention/run_000/last.ckpt,35f91e02d5b826c89f6b24f52abf83581220b4b6676009c59b6715b0b2251589,dfec9cbb2afe6616194c1fb41430c0c5d2bc4208,4,val,crop_contours,double_right,double_right -> crop_contours,"pair (f,g): fgx=f(g(x)); task-token order [g,f] means g -> f",11,11,11,image_input_tokens,42,78000,256,256,0.01,2,"{""fixed_ranks"": [1, 2, 4, 8, 16, 32], ""variance_thresholds"": [0.9, 0.95]}",synthetic_context_on_atomic_id,8,0.018727973197678008,0.025782522808313536,0.01905727887443986,0.04376178518493391,1.0,0.10575040534393866,0.06501540387357907,0.03951637353041223,-0.006086147806759739,0.028485421341133497,-0.014481424876141517,0.0788035246000809,
/home/ubuntu/cogitao-research/checkpoints/cogitao_vit_cross_attention/cogitao_c1_experiment_4_vit6_function_mlp_cross_attention/run_000/last.ckpt,35f91e02d5b826c89f6b24f52abf83581220b4b6676009c59b6715b0b2251589,dfec9cbb2afe6616194c1fb41430c0c5d2bc4208,4,val,crop_contours,double_right,double_right -> crop_contours,"pair (f,g): fgx=f(g(x)); task-token order [g,f] means g -> f",11,11,11,image_block_01,42,78000,256,256,0.01,2,"{""fixed_ranks"": [1, 2, 4, 8, 16, 32], ""variance_thresholds"": [0.9, 0.95]}",synthetic_context_on_atomic_id,19,0.1338758683553114,0.12919954703115605,0.10716552074609569,0.21387097746265268,1.0,0.21130055498323827,0.23201290129789895,0.10573425397354022,0.04256417558708002,0.07091422826501766,0.029564534104565367,,
/home/ubuntu/cogitao-research/checkpoints/cogitao_vit_cross_attention/cogitao_c1_experiment_4_vit6_function_mlp_cross_attention/run_000/last.ckpt,35f91e02d5b826c89f6b24f52abf83581220b4b6676009c59b6715b0b2251589,dfec9cbb2afe6616194c1fb41430c0c5d2bc4208,4,val,crop_contours,double_right,double_right -> crop_contours,"pair (f,g): fgx=f(g(x)); task-token order [g,f] means g -> f",11,11,11,image_block_01,42,78000,256,256,0.01,2,"{""fixed_ranks"": [1, 2, 4, 8, 16, 32], ""variance_thresholds"": [0.9, 0.95]}",synthetic_context_on_atomic_id,20,0.09661516505195411,0.08290229387596412,0.07164721541250364,0.17251846961951256,1.0,0.14953379004252207,0.1983065036607533,0.06410952928592362,0.005303472283722729,0.032781793172602304,-0.008567900987849986,,
/home/ubuntu/cogitao-research/checkpoints/cogitao_vit_cross_attention/cogitao_c1_experiment_4_vit6_function_mlp_cross_attention/run_000/last.ckpt,35f91e02d5b826c89f6b24f52abf83581220b4b6676009c59b6715b0b2251589,dfec9cbb2afe6616194c1fb41430c0c5d2bc4208,4,val,crop_contours,double_right,double_right -> crop_contours,"pair (f,g): fgx=f(g(x)); task-token order [g,f] means g -> f",11,11,11,image_block_01,42,78000,256,256,0.01,2,"{""fixed_ranks"": [1, 2, 4, 8, 16, 32], ""variance_thresholds"": [0.9, 0.95]}",synthetic_context_on_atomic_id,18,0.1027735400639974,0.10014071373518112,0.0658349384843399,0.23012492908523544,1.0,0.24381352776749118,0.2319778298612136,0.0914390201346595,0.01146184729576602,0.06334245270945296,0.021992758549000672,,
/home/ubuntu/cogitao-research/checkpoints/cogitao_vit_cross_attention/cogitao_c1_experiment_4_vit6_function_mlp_cross_attention/run_000/last.ckpt,35f91e02d5b826c89f6b24f52abf83581220b4b6676009c59b6715b0b2251589,dfec9cbb2afe6616194c1fb41430c0c5d2bc4208,4,val,crop_contours,double_right,double_right -> crop_contours,"pair (f,g): fgx=f(g(x)); task-token order [g,f] means g -> f",11,11,11,image_block_01,42,78000,256,256,0.01,2,"{""fixed_ranks"": [1, 2, 4, 8, 16, 32], ""variance_thresholds"": [0.9, 0.95]}",synthetic_context_on_atomic_id,23,0.1511132445425376,0.14230152575461977,0.05957673559311308,0.24898136936191623,1.0,0.24828178181205804,0.28178924299585517,0.11283592454137666,0.059801551774306225,0.034550749808789284,-0.0067989443516630055,,
/home/ubuntu/cogitao-research/checkpoints/cogitao_vit_cross_attention/cogitao_c1_experiment_4_vit6_function_mlp_cross_attention/run_000/last.ckpt,35f91e02d5b826c89f6b24f52abf83581220b4b6676009c59b6715b0b2251589,dfec9cbb2afe6616194c1fb41430c0c5d2bc4208,4,val,crop_contours,double_right,double_right -> crop_contours,"pair (f,g): fgx=f(g(x)); task-token order [g,f] means g -> f",11,11,11,image_block_01,42,78000,256,256,0.01,2,"{""fixed_ranks"": [1, 2, 4, 8, 16, 32], ""variance_thresholds"": [0.9, 0.95]}",synthetic_context_on_atomic_id,22,0.09943490900114574,0.09304562451688199,0.09384063992169175,0.20379891022767535,1.0,0.1994024177634195,0.2378003287689185,0.1507140922777707,0.008123216232914357,0.047911121993451,0.006561427832998713,,
/home/ubuntu/cogitao-research/checkpoints/cogitao_vit_cross_attention/cogitao_c1_experiment_4_vit6_function_mlp_cross_attention/run_000/last.ckpt,35f91e02d5b826c89f6b24f52abf83581220b4b6676009c59b6715b0b2251589,dfec9cbb2afe6616194c1fb41430c0c5d2bc4208,4,val,crop_contours,double_right,double_right -> crop_contours,"pair (f,g): fgx=f(g(x)); task-token order [g,f] means g -> f",11,11,11,image_block_01,42,78000,256,256,0.01,2,"{""fixed_ranks"": [1, 2, 4, 8, 16, 32], ""variance_thresholds"": [0.9, 0.95]}",synthetic_context_on_atomic_id,6,0.04479367349292767,0.054615680121062105,0.07741360232785562,0.11444632920531256,1.0,0.195607983592844,0.15907833196293325,0.05222688682149974,-0.04651801927530371,0.04575153942268075,0.004401845262228463,0.12244665090587178,
/home/ubuntu/cogitao-research/checkpoints/cogitao_vit_cross_attention/cogitao_c1_experiment_4_vit6_function_mlp_cross_attention/run_000/last.ckpt,35f91e02d5b826c89f6b24f52abf83581220b4b6676009c59b6715b0b2251589,dfec9cbb2afe6616194c1fb41430c0c5d2bc4208,4,val,crop_contours,double_right,double_right -> crop_contours,"pair (f,g): fgx=f(g(x)); task-token order [g,f] means g -> f",11,11,11,image_block_01,42,78000,256,256,0.01,2,"{""fixed_ranks"": [1, 2, 4, 8, 16, 32], ""variance_thresholds"": [0.9, 0.95]}",synthetic_context_on_atomic_id,9,0.054664394245815526,0.06421877406723116,0.1018643648870586,0.11695771836626342,1.0,0.13880649274759088,0.18789506315564772,0.11382344297020824,-0.036647298522415855,0.04737582261656994,0.006026128456117649,0.20873224093495135,
/home/ubuntu/cogitao-research/checkpoints/cogitao_vit_cross_attention/cogitao_c1_experiment_4_vit6_function_mlp_cross_attention/run_000/last.ckpt,35f91e02d5b826c89f6b24f52abf83581220b4b6676009c59b6715b0b2251589,dfec9cbb2afe6616194c1fb41430c0c5d2bc4208,4,val,crop_contours,double_right,double_right -> crop_contours,"pair (f,g): fgx=f(g(x)); task-token order [g,f] means g -> f",11,11,11,image_block_01,42,78000,256,256,0.01,2,"{""fixed_ranks"": [1, 2, 4, 8, 16, 32], ""variance_thresholds"": [0.9, 0.95]}",synthetic_context_on_atomic_id,0,0.0937846253470867,0.09070593890175278,0.06481406931770246,0.2274935731779788,1.0,0.2010857538959758,0.22334542760913187,0.09062692919828622,0.002472932578855322,0.06426421244906673,0.02291451828861444,0.21440435341029285,
/home/ubuntu/cogitao-research/checkpoints/cogitao_vit_cross_attention/cogitao_c1_experiment_4_vit6_function_mlp_cross_attention/run_000/last.ckpt,35f91e02d5b826c89f6b24f52abf83581220b4b6676009c59b6715b0b2251589,dfec9cbb2afe6616194c1fb41430c0c5d2bc4208,4,val,crop_contours,double_right,double_right -> crop_contours,"pair (f,g): fgx=f(g(x)); task-token order [g,f] means g -> f",11,11,11,image_block_01,42,78000,256,256,0.01,2,"{""fixed_ranks"": [1, 2, 4, 8, 16, 32], ""variance_thresholds"": [0.9, 0.95]}",synthetic_context_on_atomic_id,21,0.11238581763691328,0.12491910700198788,0.07219948197675399,0.2411853887438979,1.0,0.14925013868991246,0.29770111202073224,0.1498669021330073,0.021074124868681904,0.04958559895751405,0.008235904797061759,0.20220993063808634,
/home/ubuntu/cogitao-research/checkpoints/cogitao_vit_cross_attention/cogitao_c1_experiment_4_vit6_function_mlp_cross_attention/run_000/last.ckpt,35f91e02d5b826c89f6b24f52abf83581220b4b6676009c59b6715b0b2251589,dfec9cbb2afe6616194c1fb41430c0c5d2bc4208,4,val,crop_contours,double_right,double_right -> crop_contours,"pair (f,g): fgx=f(g(x)); task-token order [g,f] means g -> f",11,11,11,image_block_01,42,78000,256,256,0.01,2,"{""fixed_ranks"": [1, 2, 4, 8, 16, 32], ""variance_thresholds"": [0.9, 0.95]}",synthetic_context_on_atomic_id,11,0.10856527492047563,0.11765008884001667,0.06546688390918218,0.2592008562462124,1.0,0.2221165823699928,0.2700605575048343,0.12797417147773632,0.01725358215224425,0.03894983205396358,-0.0023998621064887093,0.20951991112072071,
/home/ubuntu/cogitao-research/checkpoints/cogitao_vit_cross_attention/cogitao_c1_experiment_4_vit6_function_mlp_cross_attention/run_000/last.ckpt,35f91e02d5b826c89f6b24f52abf83581220b4b6676009c59b6715b0b2251589,dfec9cbb2afe6616194c1fb41430c0c5d2bc4208,4,val,crop_contours,double_right,double_right -> crop_contours,"pair (f,g): fgx=f(g(x)); task-token order [g,f] means g -> f",11,11,11,image_block_01,42,78000,256,256,0.01,2,"{""fixed_ranks"": [1, 2, 4, 8, 16, 32], ""variance_thresholds"": [0.9, 0.95]}",synthetic_context_on_atomic_id,8,0.0844666711192334,0.0898393851788025,0.054890948838047286,0.1640519821972197,1.0,0.17106643253934353,0.23282404218830408,0.08423096677064719,-0.006845021648997987,0.044700131315320406,0.003350437154868116,0.1526473999642069,
/home/ubuntu/cogitao-research/checkpoints/cogitao_vit_cross_attention/cogitao_c1_experiment_4_vit6_function_mlp_cross_attention/run_000/last.ckpt,35f91e02d5b826c89f6b24f52abf83581220b4b6676009c59b6715b0b2251589,dfec9cbb2afe6616194c1fb41430c0c5d2bc4208,4,val,crop_contours,double_right,double_right -> crop_contours,"pair (f,g): fgx=f(g(x)); task-token order [g,f] means g -> f",11,11,11,image_block_02,42,78000,256,256,0.01,2,"{""fixed_ranks"": [1, 2, 4, 8, 16, 32], ""variance_thresholds"": [0.9, 0.95]}",synthetic_context_on_atomic_id,19,0.1995772288405178,0.21081202690780046,0.12524714957672414,0.34423748662223247,1.0,0.24468994154084986,0.3714187837152088,0.17557068649127702,0.057123605739725775,0.07614316049824117,-0.01722942248894499,,
/home/ubuntu/cogitao-research/checkpoints/cogitao_vit_cross_attention/cogitao_c1_experiment_4_vit6_function_mlp_cross_attention/run_000/last.ckpt,35f91e02d5b826c89f6b24f52abf83581220b4b6676009c59b6715b0b2251589,dfec9cbb2afe6616194c1fb41430c0c5d2bc4208,4,val,crop_contours,double_right,double_right -> crop_contours,"pair (f,g): fgx=f(g(x)); task-token order [g,f] means g -> f",11,11,11,image_block_02,42,78000,256,256,0.01,2,"{""fixed_ranks"": [1, 2, 4, 8, 16, 32], ""variance_thresholds"": [0.9, 0.95]}",synthetic_context_on_atomic_id,20,0.14259573091007838,0.1426087279506677,0.12965830123958175,0.26313065628197824,1.0,0.22436525747929242,0.2842155524687142,0.11284068273173618,0.00014210780928636257,0.07740929369847727,-0.015963289288708896,,
/home/ubuntu/cogitao-research/checkpoints/cogitao_vit_cross_attention/cogitao_c1_experiment_4_vit6_function_mlp_cross_attention/run_000/last.ckpt,35f91e02d5b826c89f6b24f52abf83581220b4b6676009c59b6715b0b2251589,dfec9cbb2afe6616194c1fb41430c0c5d2bc4208,4,val,crop_contours,double_right,double_right -> crop_contours,"pair (f,g): fgx=f(g(x)); task-token order [g,f] means g -> f",11,11,11,image_block_02,42,78000,256,256,0.01,2,"{""fixed_ranks"": [1, 2, 4, 8, 16, 32], ""variance_thresholds"": [0.9, 0.95]}",synthetic_context_on_atomic_id,18,0.16386528429142766,0.17556784977679762,0.1325522598764324,0.34595324581263837,1.0,0.31772711628305267,0.3484103414982981,0.11494032510309296,0.021411661190635645,0.10605798750732269,0.012685404520136528,,
/home/ubuntu/cogitao-research/checkpoints/cogitao_vit_cross_attention/cogitao_c1_experiment_4_vit6_function_mlp_cross_attention/run_000/last.ckpt,35f91e02d5b826c89f6b24f52abf83581220b4b6676009c59b6715b0b2251589,dfec9cbb2afe6616194c1fb41430c0c5d2bc4208,4,val,crop_contours,double_right,double_right -> crop_contours,"pair (f,g): fgx=f(g(x)); task-token order [g,f] means g -> f",11,11,11,image_block_02,42,78000,256,256,0.01,2,"{""fixed_ranks"": [1, 2, 4, 8, 16, 32], ""variance_thresholds"": [0.9, 0.95]}",synthetic_context_on_atomic_id,23,0.19166638402266176,0.1715679227108888,0.13859499259072314,0.3528162605572649,1.0,0.303641188698357,0.39317932367748637,0.1508863154680374,0.04921276092186974,0.054061834671480916,-0.039310748315705246,,
/home/ubuntu/cogitao-research/checkpoints/cogitao_vit_cross_attention/cogitao_c1_experiment_4_vit6_function_mlp_cross_attention/run_000/last.ckpt,35f91e02d5b826c89f6b24f52abf83581220b4b6676009c59b6715b0b2251589,dfec9cbb2afe6616194c1fb41430c0c5d2bc4208,4,val,crop_contours,double_right,double_right -> crop_contours,"pair (f,g): fgx=f(g(x)); task-token order [g,f] means g -> f",11,11,11,image_block_02,42,78000,256,256,0.01,2,"{""fixed_ranks"": [1, 2, 4, 8, 16, 32], ""variance_thresholds"": [0.9, 0.95]}",synthetic_context_on_atomic_id,22,0.13110565683014194,0.16274790555188778,0.17534241660280436,0.27802571198093834,1.0,0.24666816629934438,0.29950547213090445,0.19388023610958044,-0.011347966270650073,0.1343355832928733,0.04096300030568713,,
/home/ubuntu/cogitao-research/checkpoints/cogitao_vit_cross_attention/cogitao_c1_experiment_4_vit6_function_mlp_cross_attention/run_000/last.ckpt,35f91e02d5b826c89f6b24f52abf83581220b4b6676009c59b6715b0b2251589,dfec9cbb2afe6616194c1fb41430c0c5d2bc4208,4,val,crop_contours,double_right,double_right -> crop_contours,"pair (f,g): fgx=f(g(x)); task-token order [g,f] means g -> f",11,11,11,image_block_02,42,78000,256,256,0.01,2,"{""fixed_ranks"": [1, 2, 4, 8, 16, 32], ""variance_thresholds"": [0.9, 0.95]}",synthetic_context_on_atomic_id,6,0.1349392150771036,0.13673531583254925,0.14781737759861854,0.22128877636638503,1.0,0.2542192002283143,0.21704022075741186,0.11476635489743789,-0.0075144080236884125,0.1386892675740197,0.045316684586833536,0.22640995336473158,
/home/ubuntu/cogitao-research/checkpoints/cogitao_vit_cross_attention/cogitao_c1_experiment_4_vit6_function_mlp_cross_attention/run_000/last.ckpt,35f91e02d5b826c89f6b24f52abf83581220b4b6676009c59b6715b0b2251589,dfec9cbb2afe6616194c1fb41430c0c5d2bc4208,4,val,crop_contours,double_right,double_right -> crop_contours,"pair (f,g): fgx=f(g(x)); task-token order [g,f] means g -> f",11,11,11,image_block_02,42,78000,256,256,0.01,2,"{""fixed_ranks"": [1, 2, 4, 8, 16, 32], ""variance_thresholds"": [0.9, 0.95]}",synthetic_context_on_atomic_id,9,0.16138111061494884,0.1505399185376632,0.11789493902897313,0.26722582805247247,1.0,0.19632034216986924,0.3014567323939548,0.16236966321778437,0.01892748751415682,0.15749949970608057,0.06412691671889441,0.3304032366386989,
/home/ubuntu/cogitao-research/checkpoints/cogitao_vit_cross_attention/cogitao_c1_experiment_4_vit6_function_mlp_cross_attention/run_000/last.ckpt,35f91e02d5b826c89f6b24f52abf83581220b4b6676009c59b6715b0b2251589,dfec9cbb2afe6616194c1fb41430c0c5d2bc4208,4,val,crop_contours,double_right,double_right -> crop_contours,"pair (f,g): fgx=f(g(x)); task-token order [g,f] means g -> f",11,11,11,image_block_02,42,78000,256,256,0.01,2,"{""fixed_ranks"": [1, 2, 4, 8, 16, 32], ""variance_thresholds"": [0.9, 0.95]}",synthetic_context_on_atomic_id,0,0.20006375126624787,0.17199510225709097,0.13491669690317676,0.3757855475041834,1.0,0.28575291817822274,0.35231069522850916,0.15798222458475164,0.057610128165455854,0.14600087365391742,0.05262829066673126,0.3762942715774148,
/home/ubuntu/cogitao-research/checkpoints/cogitao_vit_cross_attention/cogitao_c1_experiment_4_vit6_function_mlp_cross_attention/run_000/last.ckpt,35f91e02d5b826c89f6b24f52abf83581220b4b6676009c59b6715b0b2251589,dfec9cbb2afe6616194c1fb41430c0c5d2bc4208,4,val,crop_contours,double_right,double_right -> crop_contours,"pair (f,g): fgx=f(g(x)); task-token order [g,f] means g -> f",11,11,11,image_block_02,42,78000,256,256,0.01,2,"{""fixed_ranks"": [1, 2, 4, 8, 16, 32], ""variance_thresholds"": [0.9, 0.95]}",synthetic_context_on_atomic_id,21,0.1484606942015004,0.17633291754317634,0.11511459419290555,0.42177285452200003,1.0,0.23108053157504402,0.4607246197808709,0.2096728718970522,0.006007071100708389,0.09685632842508275,0.0034837454378965904,0.3324086196315472,
/home/ubuntu/cogitao-research/checkpoints/cogitao_vit_cross_attention/cogitao_c1_experiment_4_vit6_function_mlp_cross_attention/run_000/last.ckpt,35f91e02d5b826c89f6b24f52abf83581220b4b6676009c59b6715b0b2251589,dfec9cbb2afe6616194c1fb41430c0c5d2bc4208,4,val,crop_contours,double_right,double_right -> crop_contours,"pair (f,g): fgx=f(g(x)); task-token order [g,f] means g -> f",11,11,11,image_block_02,42,78000,256,256,0.01,2,"{""fixed_ranks"": [1, 2, 4, 8, 16, 32], ""variance_thresholds"": [0.9, 0.95]}",synthetic_context_on_atomic_id,11,0.18862321267685306,0.2188344504769149,0.15603754331060182,0.3667356732189565,1.0,0.21909995614880282,0.3963923587949894,0.1868191313300199,0.04616958957606104,0.083345444777764,-0.010027138209422165,0.27345223388212053,
/home/ubuntu/cogitao-research/checkpoints/cogitao_vit_cross_attention/cogitao_c1_experiment_4_vit6_function_mlp_cross_attention/run_000/last.ckpt,35f91e02d5b826c89f6b24f52abf83581220b4b6676009c59b6715b0b2251589,dfec9cbb2afe6616194c1fb41430c0c5d2bc4208,4,val,crop_contours,double_right,double_right -> crop_contours,"pair (f,g): fgx=f(g(x)); task-token order [g,f] means g -> f",11,11,11,image_block_02,42,78000,256,256,0.01,2,"{""fixed_ranks"": [1, 2, 4, 8, 16, 32], ""variance_thresholds"": [0.9, 0.95]}",synthetic_context_on_atomic_id,8,0.1696019326477114,0.1970434071618345,0.14148354382167247,0.2972035331438887,1.0,0.268497531423958,0.36596072378139954,0.199430292439425,0.02714830954691938,0.0862723055763232,-0.007100277410862957,0.24876324365916463,
/home/ubuntu/cogitao-research/checkpoints/cogitao_vit_cross_attention/cogitao_c1_experiment_4_vit6_function_mlp_cross_attention/run_000/last.ckpt,35f91e02d5b826c89f6b24f52abf83581220b4b6676009c59b6715b0b2251589,dfec9cbb2afe6616194c1fb41430c0c5d2bc4208,4,val,crop_contours,double_right,double_right -> crop_contours,"pair (f,g): fgx=f(g(x)); task-token order [g,f] means g -> f",11,11,11,image_block_03,42,78000,256,256,0.01,2,"{""fixed_ranks"": [1, 2, 4, 8, 16, 32], ""variance_thresholds"": [0.9, 0.95]}",synthetic_context_on_atomic_id,19,0.26485091721795856,0.26648616868178765,0.14624359002341822,0.3742996014333834,1.0,0.2489651579210497,0.424900760767837,0.21549945947921012,0.09687489409027078,0.08733015382034742,-0.028694684917228278,,
/home/ubuntu/cogitao-research/checkpoints/cogitao_vit_cross_attention/cogitao_c1_experiment_4_vit6_function_mlp_cross_attention/run_000/last.ckpt,35f91e02d5b826c89f6b24f52abf83581220b4b6676009c59b6715b0b2251589,dfec9cbb2afe6616194c1fb41430c0c5d2bc4208,4,val,crop_contours,double_right,double_right -> crop_contours,"pair (f,g): fgx=f(g(x)); task-token order [g,f] means g -> f",11,11,11,image_block_03,42,78000,256,256,0.01,2,"{""fixed_ranks"": [1, 2, 4, 8, 16, 32], ""variance_thresholds"": [0.9, 0.95]}",synthetic_context_on_atomic_id,20,0.23057649246749173,0.202289246339165,0.17433993738528267,0.30270535267762777,1.0,0.2714402836367672,0.30872115955247975,0.14812845557496462,0.06260046933980395,0.10457763868857514,-0.011447200049000558,,
/home/ubuntu/cogitao-research/checkpoints/cogitao_vit_cross_attention/cogitao_c1_experiment_4_vit6_function_mlp_cross_attention/run_000/last.ckpt,35f91e02d5b826c89f6b24f52abf83581220b4b6676009c59b6715b0b2251589,dfec9cbb2afe6616194c1fb41430c0c5d2bc4208,4,val,crop_contours,double_right,double_right -> crop_contours,"pair (f,g): fgx=f(g(x)); task-token order [g,f] means g -> f",11,11,11,image_block_03,42,78000,256,256,0.01,2,"{""fixed_ranks"": [1, 2, 4, 8, 16, 32], ""variance_thresholds"": [0.9, 0.95]}",synthetic_context_on_atomic_id,18,0.2272206850131384,0.23464522711019722,0.13856792512901242,0.374154996023437,1.0,0.32942400564619423,0.33244645358092584,0.13319453778637871,0.059244661885450633,0.11197690018059843,-0.004047938556977271,,
/home/ubuntu/cogitao-research/checkpoints/cogitao_vit_cross_attention/cogitao_c1_experiment_4_vit6_function_mlp_cross_attention/run_000/last.ckpt,35f91e02d5b826c89f6b24f52abf83581220b4b6676009c59b6715b0b2251589,dfec9cbb2afe6616194c1fb41430c0c5d2bc4208,4,val,crop_contours,double_right,double_right -> crop_contours,"pair (f,g): fgx=f(g(x)); task-token order [g,f] means g -> f",11,11,11,image_block_03,42,78000,256,256,0.01,2,"{""fixed_ranks"": [1, 2, 4, 8, 16, 32], ""variance_thresholds"": [0.9, 0.95]}",synthetic_context_on_atomic_id,23,0.2583084720948427,0.23479426603927345,0.1492536471754359,0.38929405479318735,1.0,0.31834693963100863,0.4831088343751156,0.23017522382535927,0.09033244896715492,0.07543159523466259,-0.040593243502913115,,
/home/ubuntu/cogitao-research/checkpoints/cogitao_vit_cross_attention/cogitao_c1_experiment_4_vit6_function_mlp_cross_attention/run_000/last.ckpt,35f91e02d5b826c89f6b24f52abf83581220b4b6676009c59b6715b0b2251589,dfec9cbb2afe6616194c1fb41430c0c5d2bc4208,4,val,crop_contours,double_right,double_right -> crop_contours,"pair (f,g): fgx=f(g(x)); task-token order [g,f] means g -> f",11,11,11,image_block_03,42,78000,256,256,0.01,2,"{""fixed_ranks"": [1, 2, 4, 8, 16, 32], ""variance_thresholds"": [0.9, 0.95]}",synthetic_context_on_atomic_id,22,0.20418530260308154,0.22693182217386135,0.20666225408624067,0.2952651931593523,1.0,0.2680227719518941,0.3443581358046945,0.24624301264649773,0.03620927947539376,0.1282729289172749,0.012248090179699203,,
/home/ubuntu/cogitao-research/checkpoints/cogitao_vit_cross_attention/cogitao_c1_experiment_4_vit6_function_mlp_cross_attention/run_000/last.ckpt,35f91e02d5b826c89f6b24f52abf83581220b4b6676009c59b6715b0b2251589,dfec9cbb2afe6616194c1fb41430c0c5d2bc4208,4,val,crop_contours,double_right,double_right -> crop_contours,"pair (f,g): fgx=f(g(x)); task-token order [g,f] means g -> f",11,11,11,image_block_03,42,78000,256,256,0.01,2,"{""fixed_ranks"": [1, 2, 4, 8, 16, 32], ""variance_thresholds"": [0.9, 0.95]}",synthetic_context_on_atomic_id,6,0.18738058383491182,0.1919533088181812,0.18998093013154377,0.26820623294668855,1.0,0.28956081651830157,0.2862109347954648,0.19652290290376676,0.019404560707224044,0.15631269637908163,0.04028785764150593,0.2665615352943716,
/home/ubuntu/cogitao-research/checkpoints/cogitao_vit_cross_attention/cogitao_c1_experiment_4_vit6_function_mlp_cross_attention/run_000/last.ckpt,35f91e02d5b826c89f6b24f52abf83581220b4b6676009c59b6715b0b2251589,dfec9cbb2afe6616194c1fb41430c0c5d2bc4208,4,val,crop_contours,double_right,double_right -> crop_contours,"pair (f,g): fgx=f(g(x)); task-token order [g,f] means g -> f",11,11,11,image_block_03,42,78000,256,256,0.01,2,"{""fixed_ranks"": [1, 2, 4, 8, 16, 32], ""variance_thresholds"": [0.9, 0.95]}",synthetic_context_on_atomic_id,9,0.17917532949574042,0.17856031825207272,0.13995896865080745,0.2730087233908366,1.0,0.2215711953734003,0.31683891706714346,0.18823804648852885,0.011199306368052636,0.15593830165613645,0.03991346291856075,0.37530900727104877,
/home/ubuntu/cogitao-research/checkpoints/cogitao_vit_cross_attention/cogitao_c1_experiment_4_vit6_function_mlp_cross_attention/run_000/last.ckpt,35f91e02d5b826c89f6b24f52abf83581220b4b6676009c59b6715b0b2251589,dfec9cbb2afe6616194c1fb41430c0c5d2bc4208,4,val,crop_contours,double_right,double_right -> crop_contours,"pair (f,g): fgx=f(g(x)); task-token order [g,f] means g -> f",11,11,11,image_block_03,42,78000,256,256,0.01,2,"{""fixed_ranks"": [1, 2, 4, 8, 16, 32], ""variance_thresholds"": [0.9, 0.95]}",synthetic_context_on_atomic_id,0,0.2138333368661265,0.18424532433537177,0.14020083681621398,0.39817788055456116,1.0,0.3023182052339876,0.3748743259206479,0.17452357339235605,0.04585731373843871,0.13300308998892676,0.016978251251351065,0.3972021396353436,
/home/ubuntu/cogitao-research/checkpoints/cogitao_vit_cross_attention/cogitao_c1_experiment_4_vit6_function_mlp_cross_attention/run_000/last.ckpt,35f91e02d5b826c89f6b24f52abf83581220b4b6676009c59b6715b0b2251589,dfec9cbb2afe6616194c1fb41430c0c5d2bc4208,4,val,crop_contours,double_right,double_right -> crop_contours,"pair (f,g): fgx=f(g(x)); task-token order [g,f] means g -> f",11,11,11,image_block_03,42,78000,256,256,0.01,2,"{""fixed_ranks"": [1, 2, 4, 8, 16, 32], ""variance_thresholds"": [0.9, 0.95]}",synthetic_context_on_atomic_id,21,0.19849612235007225,0.1915977748558053,0.1459108878158347,0.4496847882420484,1.0,0.24333408142644217,0.4831503733276566,0.24804512455638342,0.030520099222384467,0.0704317404381102,-0.045593098299465507,0.3677479781772682,
/home/ubuntu/cogitao-research/checkpoints/cogitao_vit_cross_attention/cogitao_c1_experiment_4_vit6_function_mlp_cross_attention/run_000/last.ckpt,35f91e02d5b826c89f6b24f52abf83581220b4b6676009c59b6715b0b2251589,dfec9cbb2afe6616194c1fb41430c0c5d2bc4208,4,val,crop_contours,double_right,double_right -> crop_contours,"pair (f,g): fgx=f(g(x)); task-token order [g,f] means g -> f",11,11,11,image_block_03,42,78000,256,256,0.01,2,"{""fixed_ranks"": [1, 2, 4, 8, 16, 32], ""variance_thresholds"": [0.9, 0.95]}",synthetic_context_on_atomic_id,11,0.21980886860039664,0.23802790790736536,0.17451317085264148,0.37364737836426354,1.0,0.22104977342859822,0.42156097964139716,0.23016226789940605,0.05183284547270886,0.09698502197515474,-0.01903981676242096,0.29350947095581953,
/home/ubuntu/cogitao-research/checkpoints/cogitao_vit_cross_attention/cogitao_c1_experiment_4_vit6_function_mlp_cross_attention/run_000/last.ckpt,35f91e02d5b826c89f6b24f52abf83581220b4b6676009c59b6715b0b2251589,dfec9cbb2afe6616194c1fb41430c0c5d2bc4208,4,val,crop_contours,double_right,double_right -> crop_contours,"pair (f,g): fgx=f(g(x)); task-token order [g,f] means g -> f",11,11,11,image_block_03,42,78000,256,256,0.01,2,"{""fixed_ranks"": [1, 2, 4, 8, 16, 32], ""variance_thresholds"": [0.9, 0.95]}",synthetic_context_on_atomic_id,8,0.23072155913326844,0.26457108179656574,0.16861022713997287,0.34362385386938754,1.0,0.2994059165661925,0.41752977609102443,0.23996356558275278,0.06274553600558067,0.10799338191274292,-0.008031456824832778,0.3085334334418119,
/home/ubuntu/cogitao-research/checkpoints/cogitao_vit_cross_attention/cogitao_c1_experiment_4_vit6_function_mlp_cross_attention/run_000/last.ckpt,35f91e02d5b826c89f6b24f52abf83581220b4b6676009c59b6715b0b2251589,dfec9cbb2afe6616194c1fb41430c0c5d2bc4208,4,val,crop_contours,double_right,double_right -> crop_contours,"pair (f,g): fgx=f(g(x)); task-token order [g,f] means g -> f",11,11,11,image_block_04,42,78000,256,256,0.01,2,"{""fixed_ranks"": [1, 2, 4, 8, 16, 32], ""variance_thresholds"": [0.9, 0.95]}",synthetic_context_on_atomic_id,19,0.29912998128485235,0.30535021370335075,0.12378643040743618,0.4005656258976122,1.0,0.23956885228401242,0.4609580095378864,0.2374158355849661,0.1377747990583547,0.08449586548568748,-0.034246058397186085,,
/home/ubuntu/cogitao-research/checkpoints/cogitao_vit_cross_attention/cogitao_c1_experiment_4_vit6_function_mlp_cross_attention/run_000/last.ckpt,35f91e02d5b826c89f6b24f52abf83581220b4b6676009c59b6715b0b2251589,dfec9cbb2afe6616194c1fb41430c0c5d2bc4208,4,val,crop_contours,double_right,double_right -> crop_contours,"pair (f,g): fgx=f(g(x)); task-token order [g,f] means g -> f",11,11,11,image_block_04,42,78000,256,256,0.01,2,"{""fixed_ranks"": [1, 2, 4, 8, 16, 32], ""variance_thresholds"": [0.9, 0.95]}",synthetic_context_on_atomic_id,20,0.22673333788184685,0.204513610118672,0.16079708141933127,0.31520467936625635,1.0,0.279475683620179,0.2936882025827902,0.16179877597952846,0.06537815565534921,0.10373476894513749,-0.015007154937736078,,
/home/ubuntu/cogitao-research/checkpoints/cogitao_vit_cross_attention/cogitao_c1_experiment_4_vit6_function_mlp_cross_attention/run_000/last.ckpt,35f91e02d5b826c89f6b24f52abf83581220b4b6676009c59b6715b0b2251589,dfec9cbb2afe6616194c1fb41430c0c5d2bc4208,4,val,crop_contours,double_right,double_right -> crop_contours,"pair (f,g): fgx=f(g(x)); task-token order [g,f] means g -> f",11,11,11,image_block_04,42,78000,256,256,0.01,2,"{""fixed_ranks"": [1, 2, 4, 8, 16, 32], ""variance_thresholds"": [0.9, 0.95]}",synthetic_context_on_atomic_id,18,0.24316980806636634,0.2638868960739143,0.12911258569321446,0.3841872946967905,1.0,0.3549327878552574,0.3648160239434132,0.14256883891985173,0.0818146258398687,0.11576616863601812,-0.0029757552468554493,,
/home/ubuntu/cogitao-research/checkpoints/cogitao_vit_cross_attention/cogitao_c1_experiment_4_vit6_function_mlp_cross_attention/run_000/last.ckpt,35f91e02d5b826c89f6b24f52abf83581220b4b6676009c59b6715b0b2251589,dfec9cbb2afe6616194c1fb41430c0c5d2bc4208,4,val,crop_contours,double_right,double_right -> crop_contours,"pair (f,g): fgx=f(g(x)); task-token order [g,f] means g -> f",11,11,11,image_block_04,42,78000,256,256,0.01,2,"{""fixed_ranks"": [1, 2, 4, 8, 16, 32], ""variance_thresholds"": [0.9, 0.95]}",synthetic_context_on_atomic_id,23,0.305702205761408,0.2673642875763617,0.1405751323570981,0.4064217286871985,1.0,0.31338079522349443,0.49258987580149755,0.24317670293105914,0.14434702353491036,0.09772434533136123,-0.02101757855151233,,
/home/ubuntu/cogitao-research/checkpoints/cogitao_vit_cross_attention/cogitao_c1_experiment_4_vit6_function_mlp_cross_attention/run_000/last.ckpt,35f91e02d5b826c89f6b24f52abf83581220b4b6676009c59b6715b0b2251589,dfec9cbb2afe6616194c1fb41430c0c5d2bc4208,4,val,crop_contours,double_right,double_right -> crop_contours,"pair (f,g): fgx=f(g(x)); task-token order [g,f] means g -> f",11,11,11,image_block_04,42,78000,256,256,0.01,2,"{""fixed_ranks"": [1, 2, 4, 8, 16, 32], ""variance_thresholds"": [0.9, 0.95]}",synthetic_context_on_atomic_id,22,0.18654169818300242,0.2089886889000934,0.17422581742715443,0.31653543251964705,1.0,0.27807367137447486,0.32575831925642856,0.23255308646695796,0.025186515956504785,0.13034899796006405,0.011607074077190485,,
/home/ubuntu/cogitao-research/checkpoints/cogitao_vit_cross_attention/cogitao_c1_experiment_4_vit6_function_mlp_cross_attention/run_000/last.ckpt,35f91e02d5b826c89f6b24f52abf83581220b4b6676009c59b6715b0b2251589,dfec9cbb2afe6616194c1fb41430c0c5d2bc4208,4,val,crop_contours,double_right,double_right -> crop_contours,"pair (f,g): fgx=f(g(x)); task-token order [g,f] means g -> f",11,11,11,image_block_04,42,78000,256,256,0.01,2,"{""fixed_ranks"": [1, 2, 4, 8, 16, 32], ""variance_thresholds"": [0.9, 0.95]}",synthetic_context_on_atomic_id,6,0.18072805224260044,0.1844669669301472,0.17033043313996948,0.2625867797549149,1.0,0.28307169671926047,0.28959629995659764,0.19849105562237535,0.0193728700161028,0.1592333587423555,0.04049143485948194,0.26354243269519195,
/home/ubuntu/cogitao-research/checkpoints/cogitao_vit_cross_attention/cogitao_c1_experiment_4_vit6_function_mlp_cross_attention/run_000/last.ckpt,35f91e02d5b826c89f6b24f52abf83581220b4b6676009c59b6715b0b2251589,dfec9cbb2afe6616194c1fb41430c0c5d2bc4208,4,val,crop_contours,double_right,double_right -> crop_contours,"pair (f,g): fgx=f(g(x)); task-token order [g,f] means g -> f",11,11,11,image_block_04,42,78000,256,256,0.01,2,"{""fixed_ranks"": [1, 2, 4, 8, 16, 32], ""variance_thresholds"": [0.9, 0.95]}",synthetic_context_on_atomic_id,9,0.17995858463499764,0.17302751635450234,0.13286060872702468,0.2772934474606566,1.0,0.23573543239675612,0.31917296140209583,0.17926181388721682,0.018603402408500003,0.14715048258810887,0.0284085587052353,0.3732037601183117,
/home/ubuntu/cogitao-research/checkpoints/cogitao_vit_cross_attention/cogitao_c1_experiment_4_vit6_function_mlp_cross_attention/run_000/last.ckpt,35f91e02d5b826c89f6b24f52abf83581220b4b6676009c59b6715b0b2251589,dfec9cbb2afe6616194c1fb41430c0c5d2bc4208,4,val,crop_contours,double_right,double_right -> crop_contours,"pair (f,g): fgx=f(g(x)); task-token order [g,f] means g -> f",11,11,11,image_block_04,42,78000,256,256,0.01,2,"{""fixed_ranks"": [1, 2, 4, 8, 16, 32], ""variance_thresholds"": [0.9, 0.95]}",synthetic_context_on_atomic_id,0,0.20020240385802718,0.1950013247178291,0.1305982261240947,0.4068783671006264,1.0,0.3058760008655069,0.3730922635889044,0.1781706873204748,0.03884722163152954,0.14839222744524597,0.0296503035623724,0.3848924687229744,
/home/ubuntu/cogitao-research/checkpoints/cogitao_vit_cross_attention/cogitao_c1_experiment_4_vit6_function_mlp_cross_attention/run_000/last.ckpt,35f91e02d5b826c89f6b24f52abf83581220b4b6676009c59b6715b0b2251589,dfec9cbb2afe6616194c1fb41430c0c5d2bc4208,4,val,crop_contours,double_right,double_right -> crop_contours,"pair (f,g): fgx=f(g(x)); task-token order [g,f] means g -> f",11,11,11,image_block_04,42,78000,256,256,0.01,2,"{""fixed_ranks"": [1, 2, 4, 8, 16, 32], ""variance_thresholds"": [0.9, 0.95]}",synthetic_context_on_atomic_id,21,0.25002123209610316,0.2304456951306994,0.12200391117894335,0.4524161037980692,1.0,0.26335104346774807,0.43730475385431883,0.223620916636798,0.08866604986960552,0.0832915992201103,-0.035450324662763266,0.39079381557628645,
/home/ubuntu/cogitao-research/checkpoints/cogitao_vit_cross_attention/cogitao_c1_experiment_4_vit6_function_mlp_cross_attention/run_000/last.ckpt,35f91e02d5b826c89f6b24f52abf83581220b4b6676009c59b6715b0b2251589,dfec9cbb2afe6616194c1fb41430c0c5d2bc4208,4,val,crop_contours,double_right,double_right -> crop_contours,"pair (f,g): fgx=f(g(x)); task-token order [g,f] means g -> f",11,11,11,image_block_04,42,78000,256,256,0.01,2,"{""fixed_ranks"": [1, 2, 4, 8, 16, 32], ""variance_thresholds"": [0.9, 0.95]}",synthetic_context_on_atomic_id,11,0.24882222851666444,0.2573293264384127,0.16118615712425902,0.3911940208004289,1.0,0.21042629309597877,0.46657373132902785,0.2834385228230578,0.0874670462901668,0.09419643280636819,-0.024545491076505374,0.3012692984368288,
/home/ubuntu/cogitao-research/checkpoints/cogitao_vit_cross_attention/cogitao_c1_experiment_4_vit6_function_mlp_cross_attention/run_000/last.ckpt,35f91e02d5b826c89f6b24f52abf83581220b4b6676009c59b6715b0b2251589,dfec9cbb2afe6616194c1fb41430c0c5d2bc4208,4,val,crop_contours,double_right,double_right -> crop_contours,"pair (f,g): fgx=f(g(x)); task-token order [g,f] means g -> f",11,11,11,image_block_04,42,78000,256,256,0.01,2,"{""fixed_ranks"": [1, 2, 4, 8, 16, 32], ""variance_thresholds"": [0.9, 0.95]}",synthetic_context_on_atomic_id,8,0.23561770682113314,0.2578092317331564,0.16285889409735074,0.34625403274185135,1.0,0.28605120482659874,0.435202405129143,0.26500375751541133,0.0742625245946355,0.10989183701239301,-0.008850086870480556,0.2935552341465094,
/home/ubuntu/cogitao-research/checkpoints/cogitao_vit_cross_attention/cogitao_c1_experiment_4_vit6_function_mlp_cross_attention/run_000/last.ckpt,35f91e02d5b826c89f6b24f52abf83581220b4b6676009c59b6715b0b2251589,dfec9cbb2afe6616194c1fb41430c0c5d2bc4208,4,val,crop_contours,double_right,double_right -> crop_contours,"pair (f,g): fgx=f(g(x)); task-token order [g,f] means g -> f",11,11,11,image_block_05,42,78000,256,256,0.01,2,"{""fixed_ranks"": [1, 2, 4, 8, 16, 32], ""variance_thresholds"": [0.9, 0.95]}",synthetic_context_on_atomic_id,19,0.35279854425210166,0.3571037470955554,0.12729906742536962,0.41857267954100785,1.0,0.25791386409640504,0.5031870386331866,0.26437387690397224,0.18474586369084087,0.10304392797592901,-0.03495378453136194,,
/home/ubuntu/cogitao-research/checkpoints/cogitao_vit_cross_attention/cogitao_c1_experiment_4_vit6_function_mlp_cross_attention/run_000/last.ckpt,35f91e02d5b826c89f6b24f52abf83581220b4b6676009c59b6715b0b2251589,dfec9cbb2afe6616194c1fb41430c0c5d2bc4208,4,val,crop_contours,double_right,double_right -> crop_contours,"pair (f,g): fgx=f(g(x)); task-token order [g,f] means g -> f",11,11,11,image_block_05,42,78000,256,256,0.01,2,"{""fixed_ranks"": [1, 2, 4, 8, 16, 32], ""variance_thresholds"": [0.9, 0.95]}",synthetic_context_on_atomic_id,20,0.29385185133247654,0.24551722987639676,0.17338921122413872,0.3228446267771497,1.0,0.2966422954605788,0.31463361654250616,0.1805380922180913,0.12579917077121575,0.12499287771168617,-0.013004834795604783,,
/home/ubuntu/cogitao-research/checkpoints/cogitao_vit_cross_attention/cogitao_c1_experiment_4_vit6_function_mlp_cross_attention/run_000/last.ckpt,35f91e02d5b826c89f6b24f52abf83581220b4b6676009c59b6715b0b2251589,dfec9cbb2afe6616194c1fb41430c0c5d2bc4208,4,val,crop_contours,double_right,double_right -> crop_contours,"pair (f,g): fgx=f(g(x)); task-token order [g,f] means g -> f",11,11,11,image_block_05,42,78000,256,256,0.01,2,"{""fixed_ranks"": [1, 2, 4, 8, 16, 32], ""variance_thresholds"": [0.9, 0.95]}",synthetic_context_on_atomic_id,18,0.3185614667195523,0.3577070454348227,0.14993827995986161,0.39565409207050084,1.0,0.3944541505883915,0.3640402685296789,0.1614768533453191,0.15050878615829152,0.11863952702448523,-0.019358185482805726,,
/home/ubuntu/cogitao-research/checkpoints/cogitao_vit_cross_attention/cogitao_c1_experiment_4_vit6_function_mlp_cross_attention/run_000/last.ckpt,35f91e02d5b826c89f6b24f52abf83581220b4b6676009c59b6715b0b2251589,dfec9cbb2afe6616194c1fb41430c0c5d2bc4208,4,val,crop_contours,double_right,double_right -> crop_contours,"pair (f,g): fgx=f(g(x)); task-token order [g,f] means g -> f",11,11,11,image_block_05,42,78000,256,256,0.01,2,"{""fixed_ranks"": [1, 2, 4, 8, 16, 32], ""variance_thresholds"": [0.9, 0.95]}",synthetic_context_on_atomic_id,23,0.29922549726520414,0.26934920810253543,0.156827065352084,0.4291798947977918,1.0,0.34912494587557263,0.5112168032259853,0.24228447349952364,0.13117281670394335,0.10759834114162613,-0.030399371365664826,,
/home/ubuntu/cogitao-research/checkpoints/cogitao_vit_cross_attention/cogitao_c1_experiment_4_vit6_function_mlp_cross_attention/run_000/last.ckpt,35f91e02d5b826c89f6b24f52abf83581220b4b6676009c59b6715b0b2251589,dfec9cbb2afe6616194c1fb41430c0c5d2bc4208,4,val,crop_contours,double_right,double_right -> crop_contours,"pair (f,g): fgx=f(g(x)); task-token order [g,f] means g -> f",11,11,11,image_block_05,42,78000,256,256,0.01,2,"{""fixed_ranks"": [1, 2, 4, 8, 16, 32], ""variance_thresholds"": [0.9, 0.95]}",synthetic_context_on_atomic_id,22,0.21467325094560477,0.2289933820170195,0.201210862161054,0.34034663516883973,1.0,0.31476856268623865,0.32940173384468147,0.25066115776407666,0.04662057038434397,0.176578989361519,0.03858127685422805,,
/home/ubuntu/cogitao-research/checkpoints/cogitao_vit_cross_attention/cogitao_c1_experiment_4_vit6_function_mlp_cross_attention/run_000/last.ckpt,35f91e02d5b826c89f6b24f52abf83581220b4b6676009c59b6715b0b2251589,dfec9cbb2afe6616194c1fb41430c0c5d2bc4208,4,val,crop_contours,double_right,double_right -> crop_contours,"pair (f,g): fgx=f(g(x)); task-token order [g,f] means g -> f",11,11,11,image_block_05,42,78000,256,256,0.01,2,"{""fixed_ranks"": [1, 2, 4, 8, 16, 32], ""variance_thresholds"": [0.9, 0.95]}",synthetic_context_on_atomic_id,6,0.18157644200020945,0.20663251739785934,0.16562986771961408,0.26941886862279496,1.0,0.274630058174721,0.2907727453442139,0.20554901071851236,0.01352376143894865,0.18042566276970678,0.04242795026241583,0.28033372598835343,
/home/ubuntu/cogitao-research/checkpoints/cogitao_vit_cross_attention/cogitao_c1_experiment_4_vit6_function_mlp_cross_attention/run_000/last.ckpt,35f91e02d5b826c89f6b24f52abf83581220b4b6676009c59b6715b0b2251589,dfec9cbb2afe6616194c1fb41430c0c5d2bc4208,4,val,crop_contours,double_right,double_right -> crop_contours,"pair (f,g): fgx=f(g(x)); task-token order [g,f] means g -> f",11,11,11,image_block_05,42,78000,256,256,0.01,2,"{""fixed_ranks"": [1, 2, 4, 8, 16, 32], ""variance_thresholds"": [0.9, 0.95]}",synthetic_context_on_atomic_id,9,0.18657431471575048,0.20515055800911178,0.141187264641449,0.30075137255480294,1.0,0.286038328856471,0.3299207860857028,0.18262031936860015,0.01852163415448968,0.17552498751724477,0.037527275009953814,0.38633681767321715,
/home/ubuntu/cogitao-research/checkpoints/cogitao_vit_cross_attention/cogitao_c1_experiment_4_vit6_function_mlp_cross_attention/run_000/last.ckpt,35f91e02d5b826c89f6b24f52abf83581220b4b6676009c59b6715b0b2251589,dfec9cbb2afe6616194c1fb41430c0c5d2bc4208,4,val,crop_contours,double_right,double_right -> crop_contours,"pair (f,g): fgx=f(g(x)); task-token order [g,f] means g -> f",11,11,11,image_block_05,42,78000,256,256,0.01,2,"{""fixed_ranks"": [1, 2, 4, 8, 16, 32], ""variance_thresholds"": [0.9, 0.95]}",synthetic_context_on_atomic_id,0,0.24861638631245053,0.2252871042764279,0.1280530079108337,0.4123479667313975,1.0,0.33892172963289363,0.3731687095547932,0.19533902613030538,0.08056370575118973,0.15147872549493246,0.01348101298764151,0.39252658607511437,
/home/ubuntu/cogitao-research/checkpoints/cogitao_vit_cross_attention/cogitao_c1_experiment_4_vit6_function_mlp_cross_attention/run_000/last.ckpt,35f91e02d5b826c89f6b24f52abf83581220b4b6676009c59b6715b0b2251589,dfec9cbb2afe6616194c1fb41430c0c5d2bc4208,4,val,crop_contours,double_right,double_right -> crop_contours,"pair (f,g): fgx=f(g(x)); task-token order [g,f] means g -> f",11,11,11,image_block_05,42,78000,256,256,0.01,2,"{""fixed_ranks"": [1, 2, 4, 8, 16, 32], ""variance_thresholds"": [0.9, 0.95]}",synthetic_context_on_atomic_id,21,0.31044255829290435,0.2905435808061769,0.11120173171178727,0.46344646536137685,1.0,0.30257475013184854,0.4618931146642116,0.20842250415718092,0.14238987773164355,0.10459990793776079,-0.03339780456953016,0.41160116673048913,
/home/ubuntu/cogitao-research/checkpoints/cogitao_vit_cross_attention/cogitao_c1_experiment_4_vit6_function_mlp_cross_attention/run_000/last.ckpt,35f91e02d5b826c89f6b24f52abf83581220b4b6676009c59b6715b0b2251589,dfec9cbb2afe6616194c1fb41430c0c5d2bc4208,4,val,crop_contours,double_right,double_right -> crop_contours,"pair (f,g): fgx=f(g(x)); task-token order [g,f] means g -> f",11,11,11,image_block_05,42,78000,256,256,0.01,2,"{""fixed_ranks"": [1, 2, 4, 8, 16, 32], ""variance_thresholds"": [0.9, 0.95]}",synthetic_context_on_atomic_id,11,0.2757800172521716,0.2751228232860753,0.15381397348127288,0.40070923449022916,1.0,0.25175080863249333,0.4871829157134059,0.2758687261763917,0.10772733669091081,0.09489928776439428,-0.04309842474289667,0.30234518490434686,
/home/ubuntu/cogitao-research/checkpoints/cogitao_vit_cross_attention/cogitao_c1_experiment_4_vit6_function_mlp_cross_attention/run_000/last.ckpt,35f91e02d5b826c89f6b24f52abf83581220b4b6676009c59b6715b0b2251589,dfec9cbb2afe6616194c1fb41430c0c5d2bc4208,4,val,crop_contours,double_right,double_right -> crop_contours,"pair (f,g): fgx=f(g(x)); task-token order [g,f] means g -> f",11,11,11,image_block_05,42,78000,256,256,0.01,2,"{""fixed_ranks"": [1, 2, 4, 8, 16, 32], ""variance_thresholds"": [0.9, 0.95]}",synthetic_context_on_atomic_id,8,0.24561120875890335,0.2320095838405249,0.14654883195996998,0.3466709783736188,1.0,0.3050794132687842,0.44372323224666615,0.2624873393846991,0.07755852819764256,0.1306376562152004,-0.00736005629209055,0.3023934327196942,
/home/ubuntu/cogitao-research/checkpoints/cogitao_vit_cross_attention/cogitao_c1_experiment_4_vit6_function_mlp_cross_attention/run_000/last.ckpt,35f91e02d5b826c89f6b24f52abf83581220b4b6676009c59b6715b0b2251589,dfec9cbb2afe6616194c1fb41430c0c5d2bc4208,4,val,crop_contours,double_right,double_right -> crop_contours,"pair (f,g): fgx=f(g(x)); task-token order [g,f] means g -> f",11,11,11,image_block_06,42,78000,256,256,0.01,2,"{""fixed_ranks"": [1, 2, 4, 8, 16, 32], ""variance_thresholds"": [0.9, 0.95]}",synthetic_context_on_atomic_id,19,0.37656995014618616,0.408841301946386,0.1296335947975278,0.4376914011348006,1.0,0.26862643502302874,0.5002469698807804,0.26598765413623243,0.204787451549279,0.09853304106912773,-0.056312232078137556,,
/home/ubuntu/cogitao-research/checkpoints/cogitao_vit_cross_attention/cogitao_c1_experiment_4_vit6_function_mlp_cross_attention/run_000/last.ckpt,35f91e02d5b826c89f6b24f52abf83581220b4b6676009c59b6715b0b2251589,dfec9cbb2afe6616194c1fb41430c0c5d2bc4208,4,val,crop_contours,double_right,double_right -> crop_contours,"pair (f,g): fgx=f(g(x)); task-token order [g,f] means g -> f",11,11,11,image_block_06,42,78000,256,256,0.01,2,"{""fixed_ranks"": [1, 2, 4, 8, 16, 32], ""variance_thresholds"": [0.9, 0.95]}",synthetic_context_on_atomic_id,20,0.2979071067293822,0.2500418461601459,0.17748865551687337,0.36419532519121056,1.0,0.390940383025048,0.3564486941132193,0.22204472718657883,0.12612460813247503,0.15199477748806275,-0.0028504956592025343,,
/home/ubuntu/cogitao-research/checkpoints/cogitao_vit_cross_attention/cogitao_c1_experiment_4_vit6_function_mlp_cross_attention/run_000/last.ckpt,35f91e02d5b826c89f6b24f52abf83581220b4b6676009c59b6715b0b2251589,dfec9cbb2afe6616194c1fb41430c0c5d2bc4208,4,val,crop_contours,double_right,double_right -> crop_contours,"pair (f,g): fgx=f(g(x)); task-token order [g,f] means g -> f",11,11,11,image_block_06,42,78000,256,256,0.01,2,"{""fixed_ranks"": [1, 2, 4, 8, 16, 32], ""variance_thresholds"": [0.9, 0.95]}",synthetic_context_on_atomic_id,18,0.3112548318287596,0.34358463770793285,0.14524658941671242,0.39677030659666623,1.0,0.3767798184071553,0.36879091041541007,0.19139446123721643,0.13947233323185246,0.11638865160017134,-0.03845662154709395,,
/home/ubuntu/cogitao-research/checkpoints/cogitao_vit_cross_attention/cogitao_c1_experiment_4_vit6_function_mlp_cross_attention/run_000/last.ckpt,35f91e02d5b826c89f6b24f52abf83581220b4b6676009c59b6715b0b2251589,dfec9cbb2afe6616194c1fb41430c0c5d2bc4208,4,val,crop_contours,double_right,double_right -> crop_contours,"pair (f,g): fgx=f(g(x)); task-token order [g,f] means g -> f",11,11,11,image_block_06,42,78000,256,256,0.01,2,"{""fixed_ranks"": [1, 2, 4, 8, 16, 32], ""variance_thresholds"": [0.9, 0.95]}",synthetic_context_on_atomic_id,23,0.4111612528866048,0.3785027946964455,0.17537531811743093,0.4700922755918843,1.0,0.3841682546253,0.583493811820065,0.32061461582178036,0.23937875428969765,0.1176151187849111,-0.03723015436235419,,
/home/ubuntu/cogitao-research/checkpoints/cogitao_vit_cross_attention/cogitao_c1_experiment_4_vit6_function_mlp_cross_attention/run_000/last.ckpt,35f91e02d5b826c89f6b24f52abf83581220b4b6676009c59b6715b0b2251589,dfec9cbb2afe6616194c1fb41430c0c5d2bc4208,4,val,crop_contours,double_right,double_right -> crop_contours,"pair (f,g): fgx=f(g(x)); task-token order [g,f] means g -> f",11,11,11,image_block_06,42,78000,256,256,0.01,2,"{""fixed_ranks"": [1, 2, 4, 8, 16, 32], ""variance_thresholds"": [0.9, 0.95]}",synthetic_context_on_atomic_id,22,0.21331402640225464,0.2022559137055648,0.1952775041258388,0.34602793417709643,1.0,0.329905976115534,0.3016337956570694,0.26472295052972145,0.04153152780534747,0.1974603937924561,0.042615120645190824,,
/home/ubuntu/cogitao-research/checkpoints/cogitao_vit_cross_attention/cogitao_c1_experiment_4_vit6_function_mlp_cross_attention/run_000/last.ckpt,35f91e02d5b826c89f6b24f52abf83581220b4b6676009c59b6715b0b2251589,dfec9cbb2afe6616194c1fb41430c0c5d2bc4208,4,val,crop_contours,double_right,double_right -> crop_contours,"pair (f,g): fgx=f(g(x)); task-token order [g,f] means g -> f",11,11,11,image_block_06,42,78000,256,256,0.01,2,"{""fixed_ranks"": [1, 2, 4, 8, 16, 32], ""variance_thresholds"": [0.9, 0.95]}",synthetic_context_on_atomic_id,6,0.18858605289515698,0.19296960619964373,0.1603968181264286,0.29165243226948784,1.0,0.31380342348333456,0.27741367475706874,0.21219144537186746,0.016803554298249812,0.20473194513474813,0.04988667198748284,0.31005477234695283,
/home/ubuntu/cogitao-research/checkpoints/cogitao_vit_cross_attention/cogitao_c1_experiment_4_vit6_function_mlp_cross_attention/run_000/last.ckpt,35f91e02d5b826c89f6b24f52abf83581220b4b6676009c59b6715b0b2251589,dfec9cbb2afe6616194c1fb41430c0c5d2bc4208,4,val,crop_contours,double_right,double_right -> crop_contours,"pair (f,g): fgx=f(g(x)); task-token order [g,f] means g -> f",11,11,11,image_block_06,42,78000,256,256,0.01,2,"{""fixed_ranks"": [1, 2, 4, 8, 16, 32], ""variance_thresholds"": [0.9, 0.95]}",synthetic_context_on_atomic_id,9,0.18466500172678355,0.18458994905429682,0.15277543719419798,0.31280597499839863,1.0,0.2929825331201874,0.31292729713188916,0.1734941443596639,0.012882503129876377,0.19182350604677717,0.03697823289951188,0.38889305201765423,
/home/ubuntu/cogitao-research/checkpoints/cogitao_vit_cross_attention/cogitao_c1_experiment_4_vit6_function_mlp_cross_attention/run_000/last.ckpt,35f91e02d5b826c89f6b24f52abf83581220b4b6676009c59b6715b0b2251589,dfec9cbb2afe6616194c1fb41430c0c5d2bc4208,4,val,crop_contours,double_right,double_right -> crop_contours,"pair (f,g): fgx=f(g(x)); task-token order [g,f] means g -> f",11,11,11,image_block_06,42,78000,256,256,0.01,2,"{""fixed_ranks"": [1, 2, 4, 8, 16, 32], ""variance_thresholds"": [0.9, 0.95]}",synthetic_context_on_atomic_id,0,0.2616456861166191,0.22801977206935056,0.1230652765043376,0.4150016954216828,1.0,0.35909138907685634,0.3731500292773646,0.2138113076596137,0.08986318751971192,0.16086551291449935,0.006020239767234065,0.39841257973650535,
/home/ubuntu/cogitao-research/checkpoints/cogitao_vit_cross_attention/cogitao_c1_experiment_4_vit6_function_mlp_cross_attention/run_000/last.ckpt,35f91e02d5b826c89f6b24f52abf83581220b4b6676009c59b6715b0b2251589,dfec9cbb2afe6616194c1fb41430c0c5d2bc4208,4,val,crop_contours,double_right,double_right -> crop_contours,"pair (f,g): fgx=f(g(x)); task-token order [g,f] means g -> f",11,11,11,image_block_06,42,78000,256,256,0.01,2,"{""fixed_ranks"": [1, 2, 4, 8, 16, 32], ""variance_thresholds"": [0.9, 0.95]}",synthetic_context_on_atomic_id,21,0.339662093426764,0.34440666439881423,0.12472533582127802,0.4806232641719619,1.0,0.3222600719023717,0.4782661586242308,0.23671533955641166,0.16787959482985684,0.1271278482483421,-0.027717424898923176,0.44228230004870295,
/home/ubuntu/cogitao-research/checkpoints/cogitao_vit_cross_attention/cogitao_c1_experiment_4_vit6_function_mlp_cross_attention/run_000/last.ckpt,35f91e02d5b826c89f6b24f52abf83581220b4b6676009c59b6715b0b2251589,dfec9cbb2afe6616194c1fb41430c0c5d2bc4208,4,val,crop_contours,double_right,double_right -> crop_contours,"pair (f,g): fgx=f(g(x)); task-token order [g,f] means g -> f",11,11,11,image_block_06,42,78000,256,256,0.01,2,"{""fixed_ranks"": [1, 2, 4, 8, 16, 32], ""variance_thresholds"": [0.9, 0.95]}",synthetic_context_on_atomic_id,11,0.29899955493538477,0.29181571459080174,0.1572077906842752,0.399559491083827,1.0,0.28180326526299787,0.4595151856988606,0.2704094877904343,0.1272170563384776,0.10419492726834786,-0.050650345878917424,0.31547709507306193,
/home/ubuntu/cogitao-research/checkpoints/cogitao_vit_cross_attention/cogitao_c1_experiment_4_vit6_function_mlp_cross_attention/run_000/last.ckpt,35f91e02d5b826c89f6b24f52abf83581220b4b6676009c59b6715b0b2251589,dfec9cbb2afe6616194c1fb41430c0c5d2bc4208,4,val,crop_contours,double_right,double_right -> crop_contours,"pair (f,g): fgx=f(g(x)); task-token order [g,f] means g -> f",11,11,11,image_block_06,42,78000,256,256,0.01,2,"{""fixed_ranks"": [1, 2, 4, 8, 16, 32], ""variance_thresholds"": [0.9, 0.95]}",synthetic_context_on_atomic_id,8,0.3006889826749184,0.2861575356297899,0.14122499836064403,0.36555230877953027,1.0,0.340409500544396,0.46173182635008375,0.22978068095252135,0.12890648407801122,0.15521810174406175,0.00037282859679646507,0.32422755326767055,
/home/ubuntu/cogitao-research/checkpoints/cogitao_vit_cross_attention/cogitao_c1_experiment_4_vit6_function_mlp_cross_attention/run_000/last.ckpt,35f91e02d5b826c89f6b24f52abf83581220b4b6676009c59b6715b0b2251589,dfec9cbb2afe6616194c1fb41430c0c5d2bc4208,4,val,crop_contours,double_right,double_right -> crop_contours,"pair (f,g): fgx=f(g(x)); task-token order [g,f] means g -> f",11,11,11,image_final_norm,42,78000,256,256,0.01,2,"{""fixed_ranks"": [1, 2, 4, 8, 16, 32], ""variance_thresholds"": [0.9, 0.95]}",synthetic_context_on_atomic_id,19,0.36693582525630863,0.3808844004329033,0.12832462096816383,0.40390310009874936,1.0,0.26684779710401446,0.4503973380359093,0.2522564749314211,0.19823404122759045,0.1034478491819558,-0.052184196294482246,,
/home/ubuntu/cogitao-research/checkpoints/cogitao_vit_cross_attention/cogitao_c1_experiment_4_vit6_function_mlp_cross_attention/run_000/last.ckpt,35f91e02d5b826c89f6b24f52abf83581220b4b6676009c59b6715b0b2251589,dfec9cbb2afe6616194c1fb41430c0c5d2bc4208,4,val,crop_contours,double_right,double_right -> crop_contours,"pair (f,g): fgx=f(g(x)); task-token order [g,f] means g -> f",11,11,11,image_final_norm,42,78000,256,256,0.01,2,"{""fixed_ranks"": [1, 2, 4, 8, 16, 32], ""variance_thresholds"": [0.9, 0.95]}",synthetic_context_on_atomic_id,20,0.30731934695094737,0.2489119598742923,0.18247859840472958,0.34098032210989765,1.0,0.37614900545900165,0.3247938581954114,0.21954190790583158,0.13861756292222918,0.16883441510835298,0.013202369631914929,,
/home/ubuntu/cogitao-research/checkpoints/cogitao_vit_cross_attention/cogitao_c1_experiment_4_vit6_function_mlp_cross_attention/run_000/last.ckpt,35f91e02d5b826c89f6b24f52abf83581220b4b6676009c59b6715b0b2251589,dfec9cbb2afe6616194c1fb41430c0c5d2bc4208,4,val,crop_contours,double_right,double_right -> crop_contours,"pair (f,g): fgx=f(g(x)); task-token order [g,f] means g -> f",11,11,11,image_final_norm,42,78000,256,256,0.01,2,"{""fixed_ranks"": [1, 2, 4, 8, 16, 32], ""variance_thresholds"": [0.9, 0.95]}",synthetic_context_on_atomic_id,18,0.290703883947188,0.3219178178868304,0.14477644602802092,0.3650121210894559,1.0,0.3694640614894976,0.34543130978621533,0.19826598370558185,0.1220020999184698,0.11863961041620338,-0.03699243506023467,,
/home/ubuntu/cogitao-research/checkpoints/cogitao_vit_cross_attention/cogitao_c1_experiment_4_vit6_function_mlp_cross_attention/run_000/last.ckpt,35f91e02d5b826c89f6b24f52abf83581220b4b6676009c59b6715b0b2251589,dfec9cbb2afe6616194c1fb41430c0c5d2bc4208,4,val,crop_contours,double_right,double_right -> crop_contours,"pair (f,g): fgx=f(g(x)); task-token order [g,f] means g -> f",11,11,11,image_final_norm,42,78000,256,256,0.01,2,"{""fixed_ranks"": [1, 2, 4, 8, 16, 32], ""variance_thresholds"": [0.9, 0.95]}",synthetic_context_on_atomic_id,23,0.39515948962322206,0.3722176505950554,0.1796209191959136,0.443735842079793,1.0,0.38069250221533146,0.54045449689659,0.31454862798312616,0.22645770559450387,0.11901514902275953,-0.03661689645367852,,
/home/ubuntu/cogitao-research/checkpoints/cogitao_vit_cross_attention/cogitao_c1_experiment_4_vit6_function_mlp_cross_attention/run_000/last.ckpt,35f91e02d5b826c89f6b24f52abf83581220b4b6676009c59b6715b0b2251589,dfec9cbb2afe6616194c1fb41430c0c5d2bc4208,4,val,crop_contours,double_right,double_right -> crop_contours,"pair (f,g): fgx=f(g(x)); task-token order [g,f] means g -> f",11,11,11,image_final_norm,42,78000,256,256,0.01,2,"{""fixed_ranks"": [1, 2, 4, 8, 16, 32], ""variance_thresholds"": [0.9, 0.95]}",synthetic_context_on_atomic_id,22,0.20136950610524015,0.19801281008170926,0.19154875209506225,0.329902176255904,1.0,0.3415560840358229,0.28379749101366536,0.25641698638636257,0.032667722076521966,0.19661786371916987,0.040985818242731814,,
/home/ubuntu/cogitao-research/checkpoints/cogitao_vit_cross_attention/cogitao_c1_experiment_4_vit6_function_mlp_cross_attention/run_000/last.ckpt,35f91e02d5b826c89f6b24f52abf83581220b4b6676009c59b6715b0b2251589,dfec9cbb2afe6616194c1fb41430c0c5d2bc4208,4,val,crop_contours,double_right,double_right -> crop_contours,"pair (f,g): fgx=f(g(x)); task-token order [g,f] means g -> f",11,11,11,image_final_norm,42,78000,256,256,0.01,2,"{""fixed_ranks"": [1, 2, 4, 8, 16, 32], ""variance_thresholds"": [0.9, 0.95]}",synthetic_context_on_atomic_id,6,0.18791844776685002,0.19804010040443093,0.15852180548984315,0.28461775450110693,1.0,0.3177182022435191,0.26131603270010867,0.20914325584395096,0.01921666373813183,0.21771061698467165,0.06207857150823359,0.3041742815945171,
/home/ubuntu/cogitao-research/checkpoints/cogitao_vit_cross_attention/cogitao_c1_experiment_4_vit6_function_mlp_cross_attention/run_000/last.ckpt,35f91e02d5b826c89f6b24f52abf83581220b4b6676009c59b6715b0b2251589,dfec9cbb2afe6616194c1fb41430c0c5d2bc4208,4,val,crop_contours,double_right,double_right -> crop_contours,"pair (f,g): fgx=f(g(x)); task-token order [g,f] means g -> f",11,11,11,image_final_norm,42,78000,256,256,0.01,2,"{""fixed_ranks"": [1, 2, 4, 8, 16, 32], ""variance_thresholds"": [0.9, 0.95]}",synthetic_context_on_atomic_id,9,0.1918660358375736,0.19515651490088665,0.14893864427656592,0.29909092583214897,1.0,0.29083933284658553,0.2962093136160032,0.17817214593427372,0.023164251808855424,0.2053031298504716,0.04967108437403356,0.3875421146701601,
/home/ubuntu/cogitao-research/checkpoints/cogitao_vit_cross_attention/cogitao_c1_experiment_4_vit6_function_mlp_cross_attention/run_000/last.ckpt,35f91e02d5b826c89f6b24f52abf83581220b4b6676009c59b6715b0b2251589,dfec9cbb2afe6616194c1fb41430c0c5d2bc4208,4,val,crop_contours,double_right,double_right -> crop_contours,"pair (f,g): fgx=f(g(x)); task-token order [g,f] means g -> f",11,11,11,image_final_norm,42,78000,256,256,0.01,2,"{""fixed_ranks"": [1, 2, 4, 8, 16, 32], ""variance_thresholds"": [0.9, 0.95]}",synthetic_context_on_atomic_id,0,0.2547397872273256,0.23330847162805704,0.1276818111486575,0.3864959795402508,1.0,0.3609669959757761,0.3397630560120484,0.20371320688731118,0.08603800319860741,0.1664622765520441,0.010830231075606045,0.3896349733733039,
/home/ubuntu/cogitao-research/checkpoints/cogitao_vit_cross_attention/cogitao_c1_experiment_4_vit6_function_mlp_cross_attention/run_000/last.ckpt,35f91e02d5b826c89f6b24f52abf83581220b4b6676009c59b6715b0b2251589,dfec9cbb2afe6616194c1fb41430c0c5d2bc4208,4,val,crop_contours,double_right,double_right -> crop_contours,"pair (f,g): fgx=f(g(x)); task-token order [g,f] means g -> f",11,11,11,image_final_norm,42,78000,256,256,0.01,2,"{""fixed_ranks"": [1, 2, 4, 8, 16, 32], ""variance_thresholds"": [0.9, 0.95]}",synthetic_context_on_atomic_id,21,0.3233564975357328,0.3330713207849189,0.1245334855257125,0.4357850677590062,1.0,0.31377031258497573,0.439477551538838,0.23262993806213525,0.15465471350701462,0.12678748680362967,-0.028844558672808385,0.4250460926692073,
/home/ubuntu/cogitao-research/checkpoints/cogitao_vit_cross_attention/cogitao_c1_experiment_4_vit6_function_mlp_cross_attention/run_000/last.ckpt,35f91e02d5b826c89f6b24f52abf83581220b4b6676009c59b6715b0b2251589,dfec9cbb2afe6616194c1fb41430c0c5d2bc4208,4,val,crop_contours,double_right,double_right -> crop_contours,"pair (f,g): fgx=f(g(x)); task-token order [g,f] means g -> f",11,11,11,image_final_norm,42,78000,256,256,0.01,2,"{""fixed_ranks"": [1, 2, 4, 8, 16, 32], ""variance_thresholds"": [0.9, 0.95]}",synthetic_context_on_atomic_id,11,0.28578216099661474,0.27315187065817015,0.15398189366791398,0.3629633331709222,1.0,0.28482641112352153,0.41444938718901986,0.23835570578485307,0.11708037696789655,0.1133201559474361,-0.04231188952900196,0.31151138188216265,
/home/ubuntu/cogitao-research/checkpoints/cogitao_vit_cross_attention/cogitao_c1_experiment_4_vit6_function_mlp_cross_attention/run_000/last.ckpt,35f91e02d5b826c89f6b24f52abf83581220b4b6676009c59b6715b0b2251589,dfec9cbb2afe6616194c1fb41430c0c5d2bc4208,4,val,crop_contours,double_right,double_right -> crop_contours,"pair (f,g): fgx=f(g(x)); task-token order [g,f] means g -> f",11,11,11,image_final_norm,42,78000,256,256,0.01,2,"{""fixed_ranks"": [1, 2, 4, 8, 16, 32], ""variance_thresholds"": [0.9, 0.95]}",synthetic_context_on_atomic_id,8,0.30038839932852446,0.2959472648221035,0.1419734585776003,0.3493560582598375,1.0,0.34456886524851743,0.41874121550104315,0.2282757753254637,0.13168661529980627,0.15816729521732975,0.0025352497408916985,0.32616649124634395,
/home/ubuntu/cogitao-research/checkpoints/cogitao_vit_cross_attention/cogitao_c1_experiment_4_vit6_function_mlp_cross_attention/run_000/last.ckpt,35f91e02d5b826c89f6b24f52abf83581220b4b6676009c59b6715b0b2251589,dfec9cbb2afe6616194c1fb41430c0c5d2bc4208,4,test,crop_contours,double_right,double_right -> crop_contours,"pair (f,g): fgx=f(g(x)); task-token order [g,f] means g -> f",8,8,8,image_input_tokens,42,78000,256,256,0.01,2,"{""fixed_ranks"": [1, 2, 4, 8, 16, 32], ""variance_thresholds"": [0.9, 0.95]}",synthetic_context_on_atomic_id,10,0.041571551167963676,0.04327395240275759,0.01753497044297104,0.07285577616794414,1.0,0.11077888240303917,0.05460431094962672,0.04864787022074171,0.019585231099275253,0.02759177727602217,-0.010789337030663884,,
/home/ubuntu/cogitao-research/checkpoints/cogitao_vit_cross_attention/cogitao_c1_experiment_4_vit6_function_mlp_cross_attention/run_000/last.ckpt,35f91e02d5b826c89f6b24f52abf83581220b4b6676009c59b6715b0b2251589,dfec9cbb2afe6616194c1fb41430c0c5d2bc4208,4,test,crop_contours,double_right,double_right -> crop_contours,"pair (f,g): fgx=f(g(x)); task-token order [g,f] means g -> f",8,8,8,image_input_tokens,42,78000,256,256,0.01,2,"{""fixed_ranks"": [1, 2, 4, 8, 16, 32], ""variance_thresholds"": [0.9, 0.95]}",synthetic_context_on_atomic_id,7,0.02592831341620602,0.04546802444291508,0.01936970938319486,0.09575738569274636,1.0,0.1515027466394689,0.07142566888220368,0.02795644333844407,0.003941993347517596,0.042263730974883715,0.0038826166681976623,,
/home/ubuntu/cogitao-research/checkpoints/cogitao_vit_cross_attention/cogitao_c1_experiment_4_vit6_function_mlp_cross_attention/run_000/last.ckpt,35f91e02d5b826c89f6b24f52abf83581220b4b6676009c59b6715b0b2251589,dfec9cbb2afe6616194c1fb41430c0c5d2bc4208,4,test,crop_contours,double_right,double_right -> crop_contours,"pair (f,g): fgx=f(g(x)); task-token order [g,f] means g -> f",8,8,8,image_input_tokens,42,78000,256,256,0.01,2,"{""fixed_ranks"": [1, 2, 4, 8, 16, 32], ""variance_thresholds"": [0.9, 0.95]}",synthetic_context_on_atomic_id,20,0.0657518717955723,0.06844701478218428,0.0501345270325686,0.13175973888387474,1.0,0.24498194840539747,0.0454172485930749,0.07795159116821285,0.043765551726883886,0.026201482844045096,-0.012179631462640957,,
/home/ubuntu/cogitao-research/checkpoints/cogitao_vit_cross_attention/cogitao_c1_experiment_4_vit6_function_mlp_cross_attention/run_000/last.ckpt,35f91e02d5b826c89f6b24f52abf83581220b4b6676009c59b6715b0b2251589,dfec9cbb2afe6616194c1fb41430c0c5d2bc4208,4,test,crop_contours,double_right,double_right -> crop_contours,"pair (f,g): fgx=f(g(x)); task-token order [g,f] means g -> f",8,8,8,image_input_tokens,42,78000,256,256,0.01,2,"{""fixed_ranks"": [1, 2, 4, 8, 16, 32], ""variance_thresholds"": [0.9, 0.95]}",synthetic_context_on_atomic_id,18,0.05403051154866453,0.05003286401377539,0.012000004826977226,0.06486198436790179,1.0,0.1702910439927454,0.11687858873117074,0.05728602985024606,0.0320441914799761,0.019074783341519776,-0.019306330965166277,,
/home/ubuntu/cogitao-research/checkpoints/cogitao_vit_cross_attention/cogitao_c1_experiment_4_vit6_function_mlp_cross_attention/run_000/last.ckpt,35f91e02d5b826c89f6b24f52abf83581220b4b6676009c59b6715b0b2251589,dfec9cbb2afe6616194c1fb41430c0c5d2bc4208,4,test,crop_contours,double_right,double_right -> crop_contours,"pair (f,g): fgx=f(g(x)); task-token order [g,f] means g -> f",8,8,8,image_input_tokens,42,78000,256,256,0.01,2,"{""fixed_ranks"": [1, 2, 4, 8, 16, 32], ""variance_thresholds"": [0.9, 0.95]}",synthetic_context_on_atomic_id,9,0.05818115156167236,0.05744648092075214,0.038084327538933406,0.11619823412791541,1.0,0.13597609805833796,0.09076053069989978,0.06626497362512186,0.03619483149298394,0.04266387061294641,0.004282756306260356,0.07032092163841834,
/home/ubuntu/cogitao-research/checkpoints/cogitao_vit_cross_attention/cogitao_c1_experiment_4_vit6_function_mlp_cross_attention/run_000/last.ckpt,35f91e02d5b826c89f6b24f52abf83581220b4b6676009c59b6715b0b2251589,dfec9cbb2afe6616194c1fb41430c0c5d2bc4208,4,test,crop_contours,double_right,double_right -> crop_contours,"pair (f,g): fgx=f(g(x)); task-token order [g,f] means g -> f",8,8,8,image_input_tokens,42,78000,256,256,0.01,2,"{""fixed_ranks"": [1, 2, 4, 8, 16, 32], ""variance_thresholds"": [0.9, 0.95]}",synthetic_context_on_atomic_id,12,0.03200802995838305,0.03080145438781857,0.012826768702116402,0.036277259037311715,1.0,0.08027365394702583,0.06451910808725567,0.02960934208075036,0.010021709889694624,0.030806707639849683,-0.00757440666683637,0.08519000971033823,
/home/ubuntu/cogitao-research/checkpoints/cogitao_vit_cross_attention/cogitao_c1_experiment_4_vit6_function_mlp_cross_attention/run_000/last.ckpt,35f91e02d5b826c89f6b24f52abf83581220b4b6676009c59b6715b0b2251589,dfec9cbb2afe6616194c1fb41430c0c5d2bc4208,4,test,crop_contours,double_right,double_right -> crop_contours,"pair (f,g): fgx=f(g(x)); task-token order [g,f] means g -> f",8,8,8,image_input_tokens,42,78000,256,256,0.01,2,"{""fixed_ranks"": [1, 2, 4, 8, 16, 32], ""variance_thresholds"": [0.9, 0.95]}",synthetic_context_on_atomic_id,11,0.050963611997914465,0.05800221578938476,0.021118170051223357,0.09467332801636495,1.0,0.10389046171457576,0.1106516249033954,0.06563423705100589,0.028977291929226042,0.035514709417814413,-0.002866404888871639,0.10601040779443396,
/home/ubuntu/cogitao-research/checkpoints/cogitao_vit_cross_attention/cogitao_c1_experiment_4_vit6_function_mlp_cross_attention/run_000/last.ckpt,35f91e02d5b826c89f6b24f52abf83581220b4b6676009c59b6715b0b2251589,dfec9cbb2afe6616194c1fb41430c0c5d2bc4208,4,test,crop_contours,double_right,double_right -> crop_contours,"pair (f,g): fgx=f(g(x)); task-token order [g,f] means g -> f",8,8,8,image_input_tokens,42,78000,256,256,0.01,2,"{""fixed_ranks"": [1, 2, 4, 8, 16, 32], ""variance_thresholds"": [0.9, 0.95]}",synthetic_context_on_atomic_id,1,0.026337714320530545,0.02492242688034696,0.02541466972486679,0.06888956130286056,1.0,0.10858806185401053,0.028463954870862902,0.04463560991185493,0.0043513942518421216,0.0233275045011853,-0.015053609805500752,0.04948340620937472,
/home/ubuntu/cogitao-research/checkpoints/cogitao_vit_cross_attention/cogitao_c1_experiment_4_vit6_function_mlp_cross_attention/run_000/last.ckpt,35f91e02d5b826c89f6b24f52abf83581220b4b6676009c59b6715b0b2251589,dfec9cbb2afe6616194c1fb41430c0c5d2bc4208,4,test,crop_contours,double_right,double_right -> crop_contours,"pair (f,g): fgx=f(g(x)); task-token order [g,f] means g -> f",8,8,8,image_block_01,42,78000,256,256,0.01,2,"{""fixed_ranks"": [1, 2, 4, 8, 16, 32], ""variance_thresholds"": [0.9, 0.95]}",synthetic_context_on_atomic_id,10,0.07949309077753441,0.08601974820569518,0.05474506226900658,0.2641371840689343,1.0,0.24368700815413818,0.23543279251571775,0.12825283939496576,-0.0008358066893122545,0.05113061557063777,0.008975624414472916,,
/home/ubuntu/cogitao-research/checkpoints/cogitao_vit_cross_attention/cogitao_c1_experiment_4_vit6_function_mlp_cross_attention/run_000/last.ckpt,35f91e02d5b826c89f6b24f52abf83581220b4b6676009c59b6715b0b2251589,dfec9cbb2afe6616194c1fb41430c0c5d2bc4208,4,test,crop_contours,double_right,double_right -> crop_contours,"pair (f,g): fgx=f(g(x)); task-token order [g,f] means g -> f",8,8,8,image_block_01,42,78000,256,256,0.01,2,"{""fixed_ranks"": [1, 2, 4, 8, 16, 32], ""variance_thresholds"": [0.9, 0.95]}",synthetic_context_on_atomic_id,7,0.07005266766686341,0.0642057960584785,0.10016813432893325,0.18208846595547784,1.0,0.22554344572423607,0.1557090977425568,0.06771453300084575,-0.010276229799983258,0.03827892713521327,-0.003876064020951586,,
/home/ubuntu/cogitao-research/checkpoints/cogitao_vit_cross_attention/cogitao_c1_experiment_4_vit6_function_mlp_cross_attention/run_000/last.ckpt,35f91e02d5b826c89f6b24f52abf83581220b4b6676009c59b6715b0b2251589,dfec9cbb2afe6616194c1fb41430c0c5d2bc4208,4,test,crop_contours,double_right,double_right -> crop_contours,"pair (f,g): fgx=f(g(x)); task-token order [g,f] means g -> f",8,8,8,image_block_01,42,78000,256,256,0.01,2,"{""fixed_ranks"": [1, 2, 4, 8, 16, 32], ""variance_thresholds"": [0.9, 0.95]}",synthetic_context_on_atomic_id,20,0.11802729856270235,0.11894897366214927,0.16018244629963455,0.2371306359842985,1.0,0.32265243705298735,0.1505320072772069,0.0903039989276702,0.03769840109585568,0.0548336195364597,0.012678628380294849,,
/home/ubuntu/cogitao-research/checkpoints/cogitao_vit_cross_attention/cogitao_c1_experiment_4_vit6_function_mlp_cross_attention/run_000/last.ckpt,35f91e02d5b826c89f6b24f52abf83581220b4b6676009c59b6715b0b2251589,dfec9cbb2afe6616194c1fb41430c0c5d2bc4208,4,test,crop_contours,double_right,double_right -> crop_contours,"pair (f,g): fgx=f(g(x)); task-token order [g,f] means g -> f",8,8,8,image_block_01,42,78000,256,256,0.01,2,"{""fixed_ranks"": [1, 2, 4, 8, 16, 32], ""variance_thresholds"": [0.9, 0.95]}",synthetic_context_on_atomic_id,18,0.1186897576895324,0.11434928970396534,0.05502470289076443,0.23365188816780835,1.0,0.21536792451934456,0.3131587025768397,0.11663742815621153,0.03836086022268573,0.07181959014192028,0.02966459898575543,,
/home/ubuntu/cogitao-research/checkpoints/cogitao_vit_cross_attention/cogitao_c1_experiment_4_vit6_function_mlp_cross_attention/run_000/last.ckpt,35f91e02d5b826c89f6b24f52abf83581220b4b6676009c59b6715b0b2251589,dfec9cbb2afe6616194c1fb41430c0c5d2bc4208,4,test,crop_contours,double_right,double_right -> crop_contours,"pair (f,g): fgx=f(g(x)); task-token order [g,f] means g -> f",8,8,8,image_block_01,42,78000,256,256,0.01,2,"{""fixed_ranks"": [1, 2, 4, 8, 16, 32], ""variance_thresholds"": [0.9, 0.95]}",synthetic_context_on_atomic_id,9,0.12173824208144703,0.13032829126129897,0.08026323298892653,0.23862615138629537,1.0,0.19214329011162107,0.2567448603981064,0.08884370175231061,0.04140934461460036,0.036472564574602045,-0.005682426581562809,0.1898137519680081,
/home/ubuntu/cogitao-research/checkpoints/cogitao_vit_cross_attention/cogitao_c1_experiment_4_vit6_function_mlp_cross_attention/run_000/last.ckpt,35f91e02d5b826c89f6b24f52abf83581220b4b6676009c59b6715b0b2251589,dfec9cbb2afe6616194c1fb41430c0c5d2bc4208,4,test,crop_contours,double_right,double_right -> crop_contours,"pair (f,g): fgx=f(g(x)); task-token order [g,f] means g -> f",8,8,8,image_block_01,42,78000,256,256,0.01,2,"{""fixed_ranks"": [1, 2, 4, 8, 16, 32], ""variance_thresholds"": [0.9, 0.95]}",synthetic_context_on_atomic_id,12,0.10352554624681794,0.11512875030541166,0.056949393137169714,0.1652439197687321,1.0,0.1354160761649141,0.25380786054339044,0.08848453446256319,0.02319664877997127,0.04670466939357301,0.004549678237408157,0.231726194684386,
/home/ubuntu/cogitao-research/checkpoints/cogitao_vit_cross_attention/cogitao_c1_experiment_4_vit6_function_mlp_cross_attention/run_000/last.ckpt,35f91e02d5b826c89f6b24f52abf83581220b4b6676009c59b6715b0b2251589,dfec9cbb2afe6616194c1fb41430c0c5d2bc4208,4,test,crop_contours,double_right,double_right -> crop_contours,"pair (f,g): fgx=f(g(x)); task-token order [g,f] means g -> f",8,8,8,image_block_01,42,78000,256,256,0.01,2,"{""fixed_ranks"": [1, 2, 4, 8, 16, 32], ""variance_thresholds"": [0.9, 0.95]}",synthetic_context_on_atomic_id,11,0.10838373063961941,0.11111636559479507,0.05309842130542603,0.2953493060922582,1.0,0.17961619772232648,0.32007080981564345,0.13675901892861628,0.028054833172772742,0.052447653297871065,0.01029266214170621,0.2193527594653723,
/home/ubuntu/cogitao-research/checkpoints/cogitao_vit_cross_attention/cogitao_c1_experiment_4_vit6_function_mlp_cross_attention/run_000/last.ckpt,35f91e02d5b826c89f6b24f52abf83581220b4b6676009c59b6715b0b2251589,dfec9cbb2afe6616194c1fb41430c0c5d2bc4208,4,test,crop_contours,double_right,double_right -> crop_contours,"pair (f,g): fgx=f(g(x)); task-token order [g,f] means g -> f",8,8,8,image_block_01,42,78000,256,256,0.01,2,"{""fixed_ranks"": [1, 2, 4, 8, 16, 32], ""variance_thresholds"": [0.9, 0.95]}",synthetic_context_on_atomic_id,1,0.10612227819429401,0.10742349871305407,0.11470387595448718,0.1448251063861881,1.0,0.20811923685691497,0.15161808653591258,0.07579046545924571,0.025793380727447343,0.055795047813417376,0.01364005665725252,0.2501343679854278,
/home/ubuntu/cogitao-research/checkpoints/cogitao_vit_cross_attention/cogitao_c1_experiment_4_vit6_function_mlp_cross_attention/run_000/last.ckpt,35f91e02d5b826c89f6b24f52abf83581220b4b6676009c59b6715b0b2251589,dfec9cbb2afe6616194c1fb41430c0c5d2bc4208,4,test,crop_contours,double_right,double_right -> crop_contours,"pair (f,g): fgx=f(g(x)); task-token order [g,f] means g -> f",8,8,8,image_block_02,42,78000,256,256,0.01,2,"{""fixed_ranks"": [1, 2, 4, 8, 16, 32], ""variance_thresholds"": [0.9, 0.95]}",synthetic_context_on_atomic_id,10,0.18300266483437996,0.2062680764583766,0.13889016351903472,0.3635346686921485,1.0,0.25378618172719036,0.3646435895520036,0.20322339321555943,0.04876297384196754,0.08398136089838468,-0.0035522673769907975,,
/home/ubuntu/cogitao-research/checkpoints/cogitao_vit_cross_attention/cogitao_c1_experiment_4_vit6_function_mlp_cross_attention/run_000/last.ckpt,35f91e02d5b826c89f6b24f52abf83581220b4b6676009c59b6715b0b2251589,dfec9cbb2afe6616194c1fb41430c0c5d2bc4208,4,test,crop_contours,double_right,double_right -> crop_contours,"pair (f,g): fgx=f(g(x)); task-token order [g,f] means g -> f",8,8,8,image_block_02,42,78000,256,256,0.01,2,"{""fixed_ranks"": [1, 2, 4, 8, 16, 32], ""variance_thresholds"": [0.9, 0.95]}",synthetic_context_on_atomic_id,7,0.1739753082986654,0.18076123206011183,0.14787679726577224,0.3076606777890497,1.0,0.25901339088091857,0.32812516688475046,0.17024715784750755,0.03973561730625297,0.1299362120973076,0.04240258382193213,,
/home/ubuntu/cogitao-research/checkpoints/cogitao_vit_cross_attention/cogitao_c1_experiment_4_vit6_function_mlp_cross_attention/run_000/last.ckpt,35f91e02d5b826c89f6b24f52abf83581220b4b6676009c59b6715b0b2251589,dfec9cbb2afe6616194c1fb41430c0c5d2bc4208,4,test,crop_contours,double_right,double_right -> crop_contours,"pair (f,g): fgx=f(g(x)); task-token order [g,f] means g -> f",8,8,8,image_block_02,42,78000,256,256,0.01,2,"{""fixed_ranks"": [1, 2, 4, 8, 16, 32], ""variance_thresholds"": [0.9, 0.95]}",synthetic_context_on_atomic_id,20,0.18014806141438344,0.17625699906887024,0.19530716998994033,0.35246957875511903,1.0,0.4072370929365517,0.2775619170038874,0.13052444642063185,0.04590837042197102,0.08932079989601298,0.0017871716206375038,,
/home/ubuntu/cogitao-research/checkpoints/cogitao_vit_cross_attention/cogitao_c1_experiment_4_vit6_function_mlp_cross_attention/run_000/last.ckpt,35f91e02d5b826c89f6b24f52abf83581220b4b6676009c59b6715b0b2251589,dfec9cbb2afe6616194c1fb41430c0c5d2bc4208,4,test,crop_contours,double_right,double_right -> crop_contours,"pair (f,g): fgx=f(g(x)); task-token order [g,f] means g -> f",8,8,8,image_block_02,42,78000,256,256,0.01,2,"{""fixed_ranks"": [1, 2, 4, 8, 16, 32], ""variance_thresholds"": [0.9, 0.95]}",synthetic_context_on_atomic_id,18,0.17341746594679225,0.15897658686298774,0.10843991303933595,0.3145728230538254,1.0,0.28293570900612114,0.3767115386861524,0.15304172389531517,0.039177774954379824,0.10045631594872836,0.01292268767335289,,
/home/ubuntu/cogitao-research/checkpoints/cogitao_vit_cross_attention/cogitao_c1_experiment_4_vit6_function_mlp_cross_attention/run_000/last.ckpt,35f91e02d5b826c89f6b24f52abf83581220b4b6676009c59b6715b0b2251589,dfec9cbb2afe6616194c1fb41430c0c5d2bc4208,4,test,crop_contours,double_right,double_right -> crop_contours,"pair (f,g): fgx=f(g(x)); task-token order [g,f] means g -> f",8,8,8,image_block_02,42,78000,256,256,0.01,2,"{""fixed_ranks"": [1, 2, 4, 8, 16, 32], ""variance_thresholds"": [0.9, 0.95]}",synthetic_context_on_atomic_id,9,0.1557146899928522,0.19626947651913282,0.1494295299462483,0.37468776728391945,1.0,0.30440369411785556,0.35402252046899746,0.12813611714210318,0.02147499900043978,0.1195980153241747,0.03206438704879923,0.26702328853781143,
/home/ubuntu/cogitao-research/checkpoints/cogitao_vit_cross_attention/cogitao_c1_experiment_4_vit6_function_mlp_cross_attention/run_000/last.ckpt,35f91e02d5b826c89f6b24f52abf83581220b4b6676009c59b6715b0b2251589,dfec9cbb2afe6616194c1fb41430c0c5d2bc4208,4,test,crop_contours,double_right,double_right -> crop_contours,"pair (f,g): fgx=f(g(x)); task-token order [g,f] means g -> f",8,8,8,image_block_02,42,78000,256,256,0.01,2,"{""fixed_ranks"": [1, 2, 4, 8, 16, 32], ""variance_thresholds"": [0.9, 0.95]}",synthetic_context_on_atomic_id,12,0.19856373819250828,0.20122026737436688,0.139649437201261,0.25813505077000853,1.0,0.1878621600272155,0.34144399380280654,0.15068155037632713,0.06432404720009585,0.10002367632411396,0.012490048048738489,0.391592598429833,
/home/ubuntu/cogitao-research/checkpoints/cogitao_vit_cross_attention/cogitao_c1_experiment_4_vit6_function_mlp_cross_attention/run_000/last.ckpt,35f91e02d5b826c89f6b24f52abf83581220b4b6676009c59b6715b0b2251589,dfec9cbb2afe6616194c1fb41430c0c5d2bc4208,4,test,crop_contours,double_right,double_right -> crop_contours,"pair (f,g): fgx=f(g(x)); task-token order [g,f] means g -> f",8,8,8,image_block_02,42,78000,256,256,0.01,2,"{""fixed_ranks"": [1, 2, 4, 8, 16, 32], ""variance_thresholds"": [0.9, 0.95]}",synthetic_context_on_atomic_id,11,0.15753105750643473,0.15225996803749417,0.1031398879907633,0.3988737742737588,1.0,0.2656883311567886,0.4324434442273829,0.1789498056032308,0.023291366514022305,0.09537275916399929,0.007839130888623813,0.3282813347936062,
/home/ubuntu/cogitao-research/checkpoints/cogitao_vit_cross_attention/cogitao_c1_experiment_4_vit6_function_mlp_cross_attention/run_000/last.ckpt,35f91e02d5b826c89f6b24f52abf83581220b4b6676009c59b6715b0b2251589,dfec9cbb2afe6616194c1fb41430c0c5d2bc4208,4,test,crop_contours,double_right,double_right -> crop_contours,"pair (f,g): fgx=f(g(x)); task-token order [g,f] means g -> f",8,8,8,image_block_02,42,78000,256,256,0.01,2,"{""fixed_ranks"": [1, 2, 4, 8, 16, 32], ""variance_thresholds"": [0.9, 0.95]}",synthetic_context_on_atomic_id,1,0.17830850413143495,0.1833846557457557,0.1585221859425529,0.2940085077596705,1.0,0.27496534469691397,0.24341361597010433,0.13344319934549922,0.04406881313902253,0.12906630395689753,0.04153267568152205,0.3744387547423689,
/home/ubuntu/cogitao-research/checkpoints/cogitao_vit_cross_attention/cogitao_c1_experiment_4_vit6_function_mlp_cross_attention/run_000/last.ckpt,35f91e02d5b826c89f6b24f52abf83581220b4b6676009c59b6715b0b2251589,dfec9cbb2afe6616194c1fb41430c0c5d2bc4208,4,test,crop_contours,double_right,double_right -> crop_contours,"pair (f,g): fgx=f(g(x)); task-token order [g,f] means g -> f",8,8,8,image_block_03,42,78000,256,256,0.01,2,"{""fixed_ranks"": [1, 2, 4, 8, 16, 32], ""variance_thresholds"": [0.9, 0.95]}",synthetic_context_on_atomic_id,10,0.2016494190174858,0.22916494812165647,0.1484497775673433,0.3762408304007368,1.0,0.2646016499794046,0.38831784478364545,0.20966270379234875,0.039558673164097724,0.09408459848723533,-0.013467579281072409,,
/home/ubuntu/cogitao-research/checkpoints/cogitao_vit_cross_attention/cogitao_c1_experiment_4_vit6_function_mlp_cross_attention/run_000/last.ckpt,35f91e02d5b826c89f6b24f52abf83581220b4b6676009c59b6715b0b2251589,dfec9cbb2afe6616194c1fb41430c0c5d2bc4208,4,test,crop_contours,double_right,double_right -> crop_contours,"pair (f,g): fgx=f(g(x)); task-token order [g,f] means g -> f",8,8,8,image_block_03,42,78000,256,256,0.01,2,"{""fixed_ranks"": [1, 2, 4, 8, 16, 32], ""variance_thresholds"": [0.9, 0.95]}",synthetic_context_on_atomic_id,7,0.2216323667694817,0.19972976442331727,0.1909240808681598,0.33163403876653463,1.0,0.2817747907699513,0.35402227910948314,0.17019270670519612,0.059541620916093635,0.161802910549789,0.05425073278148125,,
/home/ubuntu/cogitao-research/checkpoints/cogitao_vit_cross_attention/cogitao_c1_experiment_4_vit6_function_mlp_cross_attention/run_000/last.ckpt,35f91e02d5b826c89f6b24f52abf83581220b4b6676009c59b6715b0b2251589,dfec9cbb2afe6616194c1fb41430c0c5d2bc4208,4,test,crop_contours,double_right,double_right -> crop_contours,"pair (f,g): fgx=f(g(x)); task-token order [g,f] means g -> f",8,8,8,image_block_03,42,78000,256,256,0.01,2,"{""fixed_ranks"": [1, 2, 4, 8, 16, 32], ""variance_thresholds"": [0.9, 0.95]}",synthetic_context_on_atomic_id,20,0.2099081193986661,0.20000615704854555,0.20617765018754217,0.36901618163160255,1.0,0.4137771126305064,0.3273516794904484,0.1746649613220346,0.04781737354527804,0.1026756375086038,-0.0048765402597039376,,
/home/ubuntu/cogitao-research/checkpoints/cogitao_vit_cross_attention/cogitao_c1_experiment_4_vit6_function_mlp_cross_attention/run_000/last.ckpt,35f91e02d5b826c89f6b24f52abf83581220b4b6676009c59b6715b0b2251589,dfec9cbb2afe6616194c1fb41430c0c5d2bc4208,4,test,crop_contours,double_right,double_right -> crop_contours,"pair (f,g): fgx=f(g(x)); task-token order [g,f] means g -> f",8,8,8,image_block_03,42,78000,256,256,0.01,2,"{""fixed_ranks"": [1, 2, 4, 8, 16, 32], ""variance_thresholds"": [0.9, 0.95]}",synthetic_context_on_atomic_id,18,0.21913671872035026,0.21323244794083035,0.14535213777854009,0.3431111368097394,1.0,0.2967669221402948,0.4051796885286349,0.20868469684616972,0.0570459728669622,0.12041415806344914,0.012861980295141406,,
/home/ubuntu/cogitao-research/checkpoints/cogitao_vit_cross_attention/cogitao_c1_experiment_4_vit6_function_mlp_cross_attention/run_000/last.ckpt,35f91e02d5b826c89f6b24f52abf83581220b4b6676009c59b6715b0b2251589,dfec9cbb2afe6616194c1fb41430c0c5d2bc4208,4,test,crop_contours,double_right,double_right -> crop_contours,"pair (f,g): fgx=f(g(x)); task-token order [g,f] means g -> f",8,8,8,image_block_03,42,78000,256,256,0.01,2,"{""fixed_ranks"": [1, 2, 4, 8, 16, 32], ""variance_thresholds"": [0.9, 0.95]}",synthetic_context_on_atomic_id,9,0.21843888343067616,0.268107167289505,0.18076715623619002,0.3957646196730076,1.0,0.3303782691151942,0.384693311609626,0.18173015822703664,0.0563481375772881,0.13653955095931475,0.028987373191007013,0.2939133645683051,
/home/ubuntu/cogitao-research/checkpoints/cogitao_vit_cross_attention/cogitao_c1_experiment_4_vit6_function_mlp_cross_attention/run_000/last.ckpt,35f91e02d5b826c89f6b24f52abf83581220b4b6676009c59b6715b0b2251589,dfec9cbb2afe6616194c1fb41430c0c5d2bc4208,4,test,crop_contours,double_right,double_right -> crop_contours,"pair (f,g): fgx=f(g(x)); task-token order [g,f] means g -> f",8,8,8,image_block_03,42,78000,256,256,0.01,2,"{""fixed_ranks"": [1, 2, 4, 8, 16, 32], ""variance_thresholds"": [0.9, 0.95]}",synthetic_context_on_atomic_id,12,0.24632183137891742,0.22325161586118417,0.13427858677044782,0.289831610643129,1.0,0.22567868407660258,0.3483049051147131,0.15122705723003974,0.08423108552552935,0.10537157973950172,-0.002180598028806019,0.4169014777152104,
/home/ubuntu/cogitao-research/checkpoints/cogitao_vit_cross_attention/cogitao_c1_experiment_4_vit6_function_mlp_cross_attention/run_000/last.ckpt,35f91e02d5b826c89f6b24f52abf83581220b4b6676009c59b6715b0b2251589,dfec9cbb2afe6616194c1fb41430c0c5d2bc4208,4,test,crop_contours,double_right,double_right -> crop_contours,"pair (f,g): fgx=f(g(x)); task-token order [g,f] means g -> f",8,8,8,image_block_03,42,78000,256,256,0.01,2,"{""fixed_ranks"": [1, 2, 4, 8, 16, 32], ""variance_thresholds"": [0.9, 0.95]}",synthetic_context_on_atomic_id,11,0.23040275001533003,0.22281507965457598,0.1250927306888765,0.43183198533647094,1.0,0.2775258258546152,0.4461788386899938,0.19979493278876315,0.06831200416194197,0.1070544301067977,-0.000497747661510034,0.3538916994004978,
/home/ubuntu/cogitao-research/checkpoints/cogitao_vit_cross_attention/cogitao_c1_experiment_4_vit6_function_mlp_cross_attention/run_000/last.ckpt,35f91e02d5b826c89f6b24f52abf83581220b4b6676009c59b6715b0b2251589,dfec9cbb2afe6616194c1fb41430c0c5d2bc4208,4,test,crop_contours,double_right,double_right -> crop_contours,"pair (f,g): fgx=f(g(x)); task-token order [g,f] means g -> f",8,8,8,image_block_03,42,78000,256,256,0.01,2,"{""fixed_ranks"": [1, 2, 4, 8, 16, 32], ""variance_thresholds"": [0.9, 0.95]}",synthetic_context_on_atomic_id,1,0.1836708672855192,0.19364438500253398,0.17073464441648675,0.3155317779683759,1.0,0.2990653893905089,0.2756727896619863,0.17032282109810812,0.021580121432131144,0.14258982019686756,0.03503764242855982,0.4137144578215513,
/home/ubuntu/cogitao-research/checkpoints/cogitao_vit_cross_attention/cogitao_c1_experiment_4_vit6_function_mlp_cross_attention/run_000/last.ckpt,35f91e02d5b826c89f6b24f52abf83581220b4b6676009c59b6715b0b2251589,dfec9cbb2afe6616194c1fb41430c0c5d2bc4208,4,test,crop_contours,double_right,double_right -> crop_contours,"pair (f,g): fgx=f(g(x)); task-token order [g,f] means g -> f",8,8,8,image_block_04,42,78000,256,256,0.01,2,"{""fixed_ranks"": [1, 2, 4, 8, 16, 32], ""variance_thresholds"": [0.9, 0.95]}",synthetic_context_on_atomic_id,10,0.21946188821895496,0.23626683372307672,0.14290794520366565,0.37392936691607714,1.0,0.2520762125740447,0.423617028203306,0.2837589943788139,0.0612355331268995,0.10382494816776634,-0.0107923865227266,,
/home/ubuntu/cogitao-research/checkpoints/cogitao_vit_cross_attention/cogitao_c1_experiment_4_vit6_function_mlp_cross_attention/run_000/last.ckpt,35f91e02d5b826c89f6b24f52abf83581220b4b6676009c59b6715b0b2251589,dfec9cbb2afe6616194c1fb41430c0c5d2bc4208,4,test,crop_contours,double_right,double_right -> crop_contours,"pair (f,g): fgx=f(g(x)); task-token order [g,f] means g -> f",8,8,8,image_block_04,42,78000,256,256,0.01,2,"{""fixed_ranks"": [1, 2, 4, 8, 16, 32], ""variance_thresholds"": [0.9, 0.95]}",synthetic_context_on_atomic_id,7,0.25847540401286745,0.24254903672332864,0.18505664554179144,0.34463504545226714,1.0,0.29903316567225047,0.3670193411117334,0.2070796670658578,0.10024904892081199,0.16562547238247902,0.051008137691986075,,
/home/ubuntu/cogitao-research/checkpoints/cogitao_vit_cross_attention/cogitao_c1_experiment_4_vit6_function_mlp_cross_attention/run_000/last.ckpt,35f91e02d5b826c89f6b24f52abf83581220b4b6676009c59b6715b0b2251589,dfec9cbb2afe6616194c1fb41430c0c5d2bc4208,4,test,crop_contours,double_right,double_right -> crop_contours,"pair (f,g): fgx=f(g(x)); task-token order [g,f] means g -> f",8,8,8,image_block_04,42,78000,256,256,0.01,2,"{""fixed_ranks"": [1, 2, 4, 8, 16, 32], ""variance_thresholds"": [0.9, 0.95]}",synthetic_context_on_atomic_id,20,0.20640820437799592,0.19336233554496793,0.19333199960811157,0.3527558535885671,1.0,0.41238677917713634,0.31675886478936666,0.18500333084484977,0.048181849285940465,0.11795125726768932,0.003333922577196377,,
/home/ubuntu/cogitao-research/checkpoints/cogitao_vit_cross_attention/cogitao_c1_experiment_4_vit6_function_mlp_cross_attention/run_000/last.ckpt,35f91e02d5b826c89f6b24f52abf83581220b4b6676009c59b6715b0b2251589,dfec9cbb2afe6616194c1fb41430c0c5d2bc4208,4,test,crop_contours,double_right,double_right -> crop_contours,"pair (f,g): fgx=f(g(x)); task-token order [g,f] means g -> f",8,8,8,image_block_04,42,78000,256,256,0.01,2,"{""fixed_ranks"": [1, 2, 4, 8, 16, 32], ""variance_thresholds"": [0.9, 0.95]}",synthetic_context_on_atomic_id,18,0.2434139806754719,0.23260682475856645,0.14479867550351544,0.3572692655806003,1.0,0.33014238186546174,0.4527404423843622,0.21947275890229404,0.08518762558341644,0.11671071874513204,0.0020933840546391025,,
/home/ubuntu/cogitao-research/checkpoints/cogitao_vit_cross_attention/cogitao_c1_experiment_4_vit6_function_mlp_cross_attention/run_000/last.ckpt,35f91e02d5b826c89f6b24f52abf83581220b4b6676009c59b6715b0b2251589,dfec9cbb2afe6616194c1fb41430c0c5d2bc4208,4,test,crop_contours,double_right,double_right -> crop_contours,"pair (f,g): fgx=f(g(x)); task-token order [g,f] means g -> f",8,8,8,image_block_04,42,78000,256,256,0.01,2,"{""fixed_ranks"": [1, 2, 4, 8, 16, 32], ""variance_thresholds"": [0.9, 0.95]}",synthetic_context_on_atomic_id,9,0.2234087616598342,0.27174138062645575,0.16373620262167718,0.40300207008187494,1.0,0.33480941525853153,0.3868248556961566,0.20584532457094892,0.06518240656777874,0.13802444117553164,0.0234071064850387,0.27941528096618967,
/home/ubuntu/cogitao-research/checkpoints/cogitao_vit_cross_attention/cogitao_c1_experiment_4_vit6_function_mlp_cross_attention/run_000/last.ckpt,35f91e02d5b826c89f6b24f52abf83581220b4b6676009c59b6715b0b2251589,dfec9cbb2afe6616194c1fb41430c0c5d2bc4208,4,test,crop_contours,double_right,double_right -> crop_contours,"pair (f,g): fgx=f(g(x)); task-token order [g,f] means g -> f",8,8,8,image_block_04,42,78000,256,256,0.01,2,"{""fixed_ranks"": [1, 2, 4, 8, 16, 32], ""variance_thresholds"": [0.9, 0.95]}",synthetic_context_on_atomic_id,12,0.22306045462655996,0.20065357983945062,0.12560483060552038,0.2907657554738313,1.0,0.24677029968176295,0.358443936549133,0.15174897150782418,0.0648340995345045,0.1072729987425568,-0.00734433594793614,0.3906365202951791,
/home/ubuntu/cogitao-research/checkpoints/cogitao_vit_cross_attention/cogitao_c1_experiment_4_vit6_function_mlp_cross_attention/run_000/last.ckpt,35f91e02d5b826c89f6b24f52abf83581220b4b6676009c59b6715b0b2251589,dfec9cbb2afe6616194c1fb41430c0c5d2bc4208,4,test,crop_contours,double_right,double_right -> crop_contours,"pair (f,g): fgx=f(g(x)); task-token order [g,f] means g -> f",8,8,8,image_block_04,42,78000,256,256,0.01,2,"{""fixed_ranks"": [1, 2, 4, 8, 16, 32], ""variance_thresholds"": [0.9, 0.95]}",synthetic_context_on_atomic_id,11,0.2485338614946359,0.24238294615046355,0.13189503234120434,0.4439043854857994,1.0,0.27627655141842106,0.46888585250633774,0.22562463721821013,0.09030750640258045,0.10745968160514523,-0.007157653085347715,0.34172247783974075,
/home/ubuntu/cogitao-research/checkpoints/cogitao_vit_cross_attention/cogitao_c1_experiment_4_vit6_function_mlp_cross_attention/run_000/last.ckpt,35f91e02d5b826c89f6b24f52abf83581220b4b6676009c59b6715b0b2251589,dfec9cbb2afe6616194c1fb41430c0c5d2bc4208,4,test,crop_contours,double_right,double_right -> crop_contours,"pair (f,g): fgx=f(g(x)); task-token order [g,f] means g -> f",8,8,8,image_block_04,42,78000,256,256,0.01,2,"{""fixed_ranks"": [1, 2, 4, 8, 16, 32], ""variance_thresholds"": [0.9, 0.95]}",synthetic_context_on_atomic_id,1,0.1771964338607323,0.17286644804440812,0.15028981241414405,0.294421578178494,1.0,0.2799895110274437,0.3016655763064288,0.1834279987797814,0.018970078768676846,0.13774608522396012,0.023128750533467177,0.40571126006828506,
/home/ubuntu/cogitao-research/checkpoints/cogitao_vit_cross_attention/cogitao_c1_experiment_4_vit6_function_mlp_cross_attention/run_000/last.ckpt,35f91e02d5b826c89f6b24f52abf83581220b4b6676009c59b6715b0b2251589,dfec9cbb2afe6616194c1fb41430c0c5d2bc4208,4,test,crop_contours,double_right,double_right -> crop_contours,"pair (f,g): fgx=f(g(x)); task-token order [g,f] means g -> f",8,8,8,image_block_05,42,78000,256,256,0.01,2,"{""fixed_ranks"": [1, 2, 4, 8, 16, 32], ""variance_thresholds"": [0.9, 0.95]}",synthetic_context_on_atomic_id,10,0.25046724246379604,0.24650946864141068,0.13692376024227257,0.38104404684664056,1.0,0.2890177354030439,0.416145900412109,0.2540064341474228,0.08520542208810075,0.11276884431159485,-0.01034556319338531,,
/home/ubuntu/cogitao-research/checkpoints/cogitao_vit_cross_attention/cogitao_c1_experiment_4_vit6_function_mlp_cross_attention/run_000/last.ckpt,35f91e02d5b826c89f6b24f52abf83581220b4b6676009c59b6715b0b2251589,dfec9cbb2afe6616194c1fb41430c0c5d2bc4208,4,test,crop_contours,double_right,double_right -> crop_contours,"pair (f,g): fgx=f(g(x)); task-token order [g,f] means g -> f",8,8,8,image_block_05,42,78000,256,256,0.01,2,"{""fixed_ranks"": [1, 2, 4, 8, 16, 32], ""variance_thresholds"": [0.9, 0.95]}",synthetic_context_on_atomic_id,7,0.2705002285057216,0.24348752342723792,0.18107910627714519,0.36154136846891677,1.0,0.3023751972875106,0.38128410306315114,0.24505089043200146,0.1052384081300263,0.18744722902306551,0.06433282151808535,,
/home/ubuntu/cogitao-research/checkpoints/cogitao_vit_cross_attention/cogitao_c1_experiment_4_vit6_function_mlp_cross_attention/run_000/last.ckpt,35f91e02d5b826c89f6b24f52abf83581220b4b6676009c59b6715b0b2251589,dfec9cbb2afe6616194c1fb41430c0c5d2bc4208,4,test,crop_contours,double_right,double_right -> crop_contours,"pair (f,g): fgx=f(g(x)); task-token order [g,f] means g -> f",8,8,8,image_block_05,42,78000,256,256,0.01,2,"{""fixed_ranks"": [1, 2, 4, 8, 16, 32], ""variance_thresholds"": [0.9, 0.95]}",synthetic_context_on_atomic_id,20,0.23468664189107713,0.23169352392458198,0.18342618883265377,0.36408950731905015,1.0,0.45390294250048524,0.32760867327571325,0.18518154624269556,0.06942482151538185,0.12270512900674939,-0.0004092784982307751,,
/home/ubuntu/cogitao-research/checkpoints/cogitao_vit_cross_attention/cogitao_c1_experiment_4_vit6_function_mlp_cross_attention/run_000/last.ckpt,35f91e02d5b826c89f6b24f52abf83581220b4b6676009c59b6715b0b2251589,dfec9cbb2afe6616194c1fb41430c0c5d2bc4208,4,test,crop_contours,double_right,double_right -> crop_contours,"pair (f,g): fgx=f(g(x)); task-token order [g,f] means g -> f",8,8,8,image_block_05,42,78000,256,256,0.01,2,"{""fixed_ranks"": [1, 2, 4, 8, 16, 32], ""variance_thresholds"": [0.9, 0.95]}",synthetic_context_on_atomic_id,18,0.25461831565248405,0.2479823887196061,0.161088742556642,0.38551736413075,1.0,0.3512577092483457,0.4962082477258198,0.26136549506251544,0.08935649527678877,0.12145577795089892,-0.001658629554081248,,
/home/ubuntu/cogitao-research/checkpoints/cogitao_vit_cross_attention/cogitao_c1_experiment_4_vit6_function_mlp_cross_attention/run_000/last.ckpt,35f91e02d5b826c89f6b24f52abf83581220b4b6676009c59b6715b0b2251589,dfec9cbb2afe6616194c1fb41430c0c5d2bc4208,4,test,crop_contours,double_right,double_right -> crop_contours,"pair (f,g): fgx=f(g(x)); task-token order [g,f] means g -> f",8,8,8,image_block_05,42,78000,256,256,0.01,2,"{""fixed_ranks"": [1, 2, 4, 8, 16, 32], ""variance_thresholds"": [0.9, 0.95]}",synthetic_context_on_atomic_id,9,0.25529547274067915,0.3095562035864898,0.15695383346861388,0.41673205192465973,1.0,0.3436860184154102,0.4198696217553361,0.22399145013570676,0.09003365236498387,0.15187495868024686,0.0287605511752667,0.3002582869331961,
/home/ubuntu/cogitao-research/checkpoints/cogitao_vit_cross_attention/cogitao_c1_experiment_4_vit6_function_mlp_cross_attention/run_000/last.ckpt,35f91e02d5b826c89f6b24f52abf83581220b4b6676009c59b6715b0b2251589,dfec9cbb2afe6616194c1fb41430c0c5d2bc4208,4,test,crop_contours,double_right,double_right -> crop_contours,"pair (f,g): fgx=f(g(x)); task-token order [g,f] means g -> f",8,8,8,image_block_05,42,78000,256,256,0.01,2,"{""fixed_ranks"": [1, 2, 4, 8, 16, 32], ""variance_thresholds"": [0.9, 0.95]}",synthetic_context_on_atomic_id,12,0.27577222410131674,0.2447310847890832,0.1360019342072563,0.3064556227998268,1.0,0.26687879619232485,0.4216990432413398,0.2005168155353494,0.11051040372562146,0.11327086449800891,-0.009843543006971253,0.403558726288978,
/home/ubuntu/cogitao-research/checkpoints/cogitao_vit_cross_attention/cogitao_c1_experiment_4_vit6_function_mlp_cross_attention/run_000/last.ckpt,35f91e02d5b826c89f6b24f52abf83581220b4b6676009c59b6715b0b2251589,dfec9cbb2afe6616194c1fb41430c0c5d2bc4208,4,test,crop_contours,double_right,double_right -> crop_contours,"pair (f,g): fgx=f(g(x)); task-token order [g,f] means g -> f",8,8,8,image_block_05,42,78000,256,256,0.01,2,"{""fixed_ranks"": [1, 2, 4, 8, 16, 32], ""variance_thresholds"": [0.9, 0.95]}",synthetic_context_on_atomic_id,11,0.2884566207424194,0.27752167661802885,0.13424802588718046,0.47050721833134385,1.0,0.28042719620561557,0.5020873507248677,0.26808670772163984,0.12319480036672412,0.1333026414454946,0.010188233940514449,0.3725430185603379,
/home/ubuntu/cogitao-research/checkpoints/cogitao_vit_cross_attention/cogitao_c1_experiment_4_vit6_function_mlp_cross_attention/run_000/last.ckpt,35f91e02d5b826c89f6b24f52abf83581220b4b6676009c59b6715b0b2251589,dfec9cbb2afe6616194c1fb41430c0c5d2bc4208,4,test,crop_contours,double_right,double_right -> crop_contours,"pair (f,g): fgx=f(g(x)); task-token order [g,f] means g -> f",8,8,8,image_block_05,42,78000,256,256,0.01,2,"{""fixed_ranks"": [1, 2, 4, 8, 16, 32], ""variance_thresholds"": [0.9, 0.95]}",synthetic_context_on_atomic_id,1,0.20325786477954585,0.20110656396065943,0.1592275678986766,0.2978724671137001,1.0,0.3039250041898033,0.3239763976578415,0.20272929871089,0.03799604440385057,0.15628136882371085,0.03316696131873069,0.41319178267103107,
/home/ubuntu/cogitao-research/checkpoints/cogitao_vit_cross_attention/cogitao_c1_experiment_4_vit6_function_mlp_cross_attention/run_000/last.ckpt,35f91e02d5b826c89f6b24f52abf83581220b4b6676009c59b6715b0b2251589,dfec9cbb2afe6616194c1fb41430c0c5d2bc4208,4,test,crop_contours,double_right,double_right -> crop_contours,"pair (f,g): fgx=f(g(x)); task-token order [g,f] means g -> f",8,8,8,image_block_06,42,78000,256,256,0.01,2,"{""fixed_ranks"": [1, 2, 4, 8, 16, 32], ""variance_thresholds"": [0.9, 0.95]}",synthetic_context_on_atomic_id,10,0.27805383047562515,0.2720032166680604,0.1593283290692564,0.39047724964989683,1.0,0.3189354177636576,0.4248546047524526,0.2802296609673323,0.10741485541156667,0.13477117640840217,-0.007173912584112513,,
/home/ubuntu/cogitao-research/checkpoints/cogitao_vit_cross_attention/cogitao_c1_experiment_4_vit6_function_mlp_cross_attention/run_000/last.ckpt,35f91e02d5b826c89f6b24f52abf83581220b4b6676009c59b6715b0b2251589,dfec9cbb2afe6616194c1fb41430c0c5d2bc4208,4,test,crop_contours,double_right,double_right -> crop_contours,"pair (f,g): fgx=f(g(x)); task-token order [g,f] means g -> f",8,8,8,image_block_06,42,78000,256,256,0.01,2,"{""fixed_ranks"": [1, 2, 4, 8, 16, 32], ""variance_thresholds"": [0.9, 0.95]}",synthetic_context_on_atomic_id,7,0.33359263897708025,0.3065189118490308,0.19453139664889876,0.38750568087216153,1.0,0.3197851721455994,0.4262176430841684,0.2894548917291678,0.16295366391302177,0.2061718335252101,0.06422674453269542,,
/home/ubuntu/cogitao-research/checkpoints/cogitao_vit_cross_attention/cogitao_c1_experiment_4_vit6_function_mlp_cross_attention/run_000/last.ckpt,35f91e02d5b826c89f6b24f52abf83581220b4b6676009c59b6715b0b2251589,dfec9cbb2afe6616194c1fb41430c0c5d2bc4208,4,test,crop_contours,double_right,double_right -> crop_contours,"pair (f,g): fgx=f(g(x)); task-token order [g,f] means g -> f",8,8,8,image_block_06,42,78000,256,256,0.01,2,"{""fixed_ranks"": [1, 2, 4, 8, 16, 32], ""variance_thresholds"": [0.9, 0.95]}",synthetic_context_on_atomic_id,20,0.2619192677601365,0.2661828534134813,0.19292769132673354,0.38142318543015696,1.0,0.48504941623297654,0.3097938106777296,0.17402157742827234,0.09128029269607804,0.16085177275917037,0.01890668376665569,,
/home/ubuntu/cogitao-research/checkpoints/cogitao_vit_cross_attention/cogitao_c1_experiment_4_vit6_function_mlp_cross_attention/run_000/last.ckpt,35f91e02d5b826c89f6b24f52abf83581220b4b6676009c59b6715b0b2251589,dfec9cbb2afe6616194c1fb41430c0c5d2bc4208,4,test,crop_contours,double_right,double_right -> crop_contours,"pair (f,g): fgx=f(g(x)); task-token order [g,f] means g -> f",8,8,8,image_block_06,42,78000,256,256,0.01,2,"{""fixed_ranks"": [1, 2, 4, 8, 16, 32], ""variance_thresholds"": [0.9, 0.95]}",synthetic_context_on_atomic_id,18,0.2837310998189215,0.269996029414875,0.16554599243272464,0.404361514380112,1.0,0.36446875999029466,0.49444388763576497,0.26736028497913616,0.113092124754863,0.12188983958165578,-0.0200552494108589,,
/home/ubuntu/cogitao-research/checkpoints/cogitao_vit_cross_attention/cogitao_c1_experiment_4_vit6_function_mlp_cross_attention/run_000/last.ckpt,35f91e02d5b826c89f6b24f52abf83581220b4b6676009c59b6715b0b2251589,dfec9cbb2afe6616194c1fb41430c0c5d2bc4208,4,test,crop_contours,double_right,double_right -> crop_contours,"pair (f,g): fgx=f(g(x)); task-token order [g,f] means g -> f",8,8,8,image_block_06,42,78000,256,256,0.01,2,"{""fixed_ranks"": [1, 2, 4, 8, 16, 32], ""variance_thresholds"": [0.9, 0.95]}",synthetic_context_on_atomic_id,9,0.28858452799317674,0.32524179146218624,0.16930197924007487,0.4293712417048466,1.0,0.33270835263785054,0.409890955628662,0.21684760615102708,0.11794555292911826,0.17352165075314302,0.03157656176062834,0.31561289646588625,
/home/ubuntu/cogitao-research/checkpoints/cogitao_vit_cross_attention/cogitao_c1_experiment_4_vit6_function_mlp_cross_attention/run_000/last.ckpt,35f91e02d5b826c89f6b24f52abf83581220b4b6676009c59b6715b0b2251589,dfec9cbb2afe6616194c1fb41430c0c5d2bc4208,4,test,crop_contours,double_right,double_right -> crop_contours,"pair (f,g): fgx=f(g(x)); task-token order [g,f] means g -> f",8,8,8,image_block_06,42,78000,256,256,0.01,2,"{""fixed_ranks"": [1, 2, 4, 8, 16, 32], ""variance_thresholds"": [0.9, 0.95]}",synthetic_context_on_atomic_id,12,0.24797174430662455,0.23987065557829085,0.1242169177584251,0.3169942139761524,1.0,0.2532482223529033,0.42267054858041847,0.2222043776254411,0.07733276924256607,0.12668674249147802,-0.015258346501036663,0.4136798481754113,
/home/ubuntu/cogitao-research/checkpoints/cogitao_vit_cross_attention/cogitao_c1_experiment_4_vit6_function_mlp_cross_attention/run_000/last.ckpt,35f91e02d5b826c89f6b24f52abf83581220b4b6676009c59b6715b0b2251589,dfec9cbb2afe6616194c1fb41430c0c5d2bc4208,4,test,crop_contours,double_right,double_right -> crop_contours,"pair (f,g): fgx=f(g(x)); task-token order [g,f] means g -> f",8,8,8,image_block_06,42,78000,256,256,0.01,2,"{""fixed_ranks"": [1, 2, 4, 8, 16, 32], ""variance_thresholds"": [0.9, 0.95]}",synthetic_context_on_atomic_id,11,0.3246251738407408,0.3249769023381583,0.1469130928372217,0.473807474433409,1.0,0.3153353362435911,0.483987554057056,0.2651414754490936,0.15398619877668232,0.15364310920084884,0.011698020208334159,0.3844872215976811,
/home/ubuntu/cogitao-research/checkpoints/cogitao_vit_cross_attention/cogitao_c1_experiment_4_vit6_function_mlp_cross_attention/run_000/last.ckpt,35f91e02d5b826c89f6b24f52abf83581220b4b6676009c59b6715b0b2251589,dfec9cbb2afe6616194c1fb41430c0c5d2bc4208,4,test,crop_contours,double_right,double_right -> crop_contours,"pair (f,g): fgx=f(g(x)); task-token order [g,f] means g -> f",8,8,8,image_block_06,42,78000,256,256,0.01,2,"{""fixed_ranks"": [1, 2, 4, 8, 16, 32], ""variance_thresholds"": [0.9, 0.95]}",synthetic_context_on_atomic_id,1,0.19529800211321177,0.19559183742071976,0.16488534298592783,0.2998130080126821,1.0,0.30324669587745284,0.3038369972682227,0.20256474470875546,0.024659027049153293,0.18139383744397755,0.03944874845146287,0.4279741187189448,
/home/ubuntu/cogitao-research/checkpoints/cogitao_vit_cross_attention/cogitao_c1_experiment_4_vit6_function_mlp_cross_attention/run_000/last.ckpt,35f91e02d5b826c89f6b24f52abf83581220b4b6676009c59b6715b0b2251589,dfec9cbb2afe6616194c1fb41430c0c5d2bc4208,4,test,crop_contours,double_right,double_right -> crop_contours,"pair (f,g): fgx=f(g(x)); task-token order [g,f] means g -> f",8,8,8,image_final_norm,42,78000,256,256,0.01,2,"{""fixed_ranks"": [1, 2, 4, 8, 16, 32], ""variance_thresholds"": [0.9, 0.95]}",synthetic_context_on_atomic_id,10,0.2653375221025236,0.25888108782904945,0.1501770316824596,0.35994125791169257,1.0,0.3192827690102673,0.376994464834081,0.24202405562744805,0.09641863124000075,0.1375151625873509,-0.006775608033914526,,
/home/ubuntu/cogitao-research/checkpoints/cogitao_vit_cross_attention/cogitao_c1_experiment_4_vit6_function_mlp_cross_attention/run_000/last.ckpt,35f91e02d5b826c89f6b24f52abf83581220b4b6676009c59b6715b0b2251589,dfec9cbb2afe6616194c1fb41430c0c5d2bc4208,4,test,crop_contours,double_right,double_right -> crop_contours,"pair (f,g): fgx=f(g(x)); task-token order [g,f] means g -> f",8,8,8,image_final_norm,42,78000,256,256,0.01,2,"{""fixed_ranks"": [1, 2, 4, 8, 16, 32], ""variance_thresholds"": [0.9, 0.95]}",synthetic_context_on_atomic_id,7,0.3409841143885369,0.3019045642024102,0.20059617861605722,0.36838910169900174,1.0,0.3272026775793464,0.3979190824510189,0.29814891658961334,0.17206522352601403,0.20386575949143945,0.05957498887017404,,
/home/ubuntu/cogitao-research/checkpoints/cogitao_vit_cross_attention/cogitao_c1_experiment_4_vit6_function_mlp_cross_attention/run_000/last.ckpt,35f91e02d5b826c89f6b24f52abf83581220b4b6676009c59b6715b0b2251589,dfec9cbb2afe6616194c1fb41430c0c5d2bc4208,4,test,crop_contours,double_right,double_right -> crop_contours,"pair (f,g): fgx=f(g(x)); task-token order [g,f] means g -> f",8,8,8,image_final_norm,42,78000,256,256,0.01,2,"{""fixed_ranks"": [1, 2, 4, 8, 16, 32], ""variance_thresholds"": [0.9, 0.95]}",synthetic_context_on_atomic_id,20,0.25686897973571904,0.26510762111105807,0.18053593529615677,0.36323946577935584,1.0,0.47642619197559755,0.3071136861212504,0.1718223828762908,0.08795008887319619,0.1558989551425341,0.011608184521268688,,
/home/ubuntu/cogitao-research/checkpoints/cogitao_vit_cross_attention/cogitao_c1_experiment_4_vit6_function_mlp_cross_attention/run_000/last.ckpt,35f91e02d5b826c89f6b24f52abf83581220b4b6676009c59b6715b0b2251589,dfec9cbb2afe6616194c1fb41430c0c5d2bc4208,4,test,crop_contours,double_right,double_right -> crop_contours,"pair (f,g): fgx=f(g(x)); task-token order [g,f] means g -> f",8,8,8,image_final_norm,42,78000,256,256,0.01,2,"{""fixed_ranks"": [1, 2, 4, 8, 16, 32], ""variance_thresholds"": [0.9, 0.95]}",synthetic_context_on_atomic_id,18,0.2778895489217134,0.2705767175055236,0.16699978832730902,0.3716045535051982,1.0,0.36620180499284766,0.4515428500393662,0.26444146725683804,0.10897065805919057,0.12749262645482995,-0.016798144166435464,,
/home/ubuntu/cogitao-research/checkpoints/cogitao_vit_cross_attention/cogitao_c1_experiment_4_vit6_function_mlp_cross_attention/run_000/last.ckpt,35f91e02d5b826c89f6b24f52abf83581220b4b6676009c59b6715b0b2251589,dfec9cbb2afe6616194c1fb41430c0c5d2bc4208,4,test,crop_contours,double_right,double_right -> crop_contours,"pair (f,g): fgx=f(g(x)); task-token order [g,f] means g -> f",8,8,8,image_final_norm,42,78000,256,256,0.01,2,"{""fixed_ranks"": [1, 2, 4, 8, 16, 32], ""variance_thresholds"": [0.9, 0.95]}",synthetic_context_on_atomic_id,9,0.2818240046190304,0.3134419595607022,0.1652814716690382,0.39822179957738524,1.0,0.3277914045403605,0.38943035392184105,0.22222635923983203,0.11290511375650755,0.1659881718537162,0.021697401232450786,0.3105904860607881,
/home/ubuntu/cogitao-research/checkpoints/cogitao_vit_cross_attention/cogitao_c1_experiment_4_vit6_function_mlp_cross_attention/run_000/last.ckpt,35f91e02d5b826c89f6b24f52abf83581220b4b6676009c59b6715b0b2251589,dfec9cbb2afe6616194c1fb41430c0c5d2bc4208,4,test,crop_contours,double_right,double_right -> crop_contours,"pair (f,g): fgx=f(g(x)); task-token order [g,f] means g -> f",8,8,8,image_final_norm,42,78000,256,256,0.01,2,"{""fixed_ranks"": [1, 2, 4, 8, 16, 32], ""variance_thresholds"": [0.9, 0.95]}",synthetic_context_on_atomic_id,12,0.2454097388129021,0.2399869968192407,0.12318509459981888,0.2902353034274731,1.0,0.2527899102136565,0.38505762465320853,0.2133507564983679,0.07649084795037925,0.13188149893571455,-0.012409271685550866,0.3984770447830194,
/home/ubuntu/cogitao-research/checkpoints/cogitao_vit_cross_attention/cogitao_c1_experiment_4_vit6_function_mlp_cross_attention/run_000/last.ckpt,35f91e02d5b826c89f6b24f52abf83581220b4b6676009c59b6715b0b2251589,dfec9cbb2afe6616194c1fb41430c0c5d2bc4208,4,test,crop_contours,double_right,double_right -> crop_contours,"pair (f,g): fgx=f(g(x)); task-token order [g,f] means g -> f",8,8,8,image_final_norm,42,78000,256,256,0.01,2,"{""fixed_ranks"": [1, 2, 4, 8, 16, 32], ""variance_thresholds"": [0.9, 0.95]}",synthetic_context_on_atomic_id,11,0.29832323753759443,0.30161336129528543,0.14275992456130715,0.42864466012893354,1.0,0.3064827390912772,0.4435262380574253,0.25099501514748745,0.12940434667507159,0.15263457202522543,0.008343801403960016,0.3701113658902365,
/home/ubuntu/cogitao-research/checkpoints/cogitao_vit_cross_attention/cogitao_c1_experiment_4_vit6_function_mlp_cross_attention/run_000/last.ckpt,35f91e02d5b826c89f6b24f52abf83581220b4b6676009c59b6715b0b2251589,dfec9cbb2afe6616194c1fb41430c0c5d2bc4208,4,test,crop_contours,double_right,double_right -> crop_contours,"pair (f,g): fgx=f(g(x)); task-token order [g,f] means g -> f",8,8,8,image_final_norm,42,78000,256,256,0.01,2,"{""fixed_ranks"": [1, 2, 4, 8, 16, 32], ""variance_thresholds"": [0.9, 0.95]}",synthetic_context_on_atomic_id,1,0.19282663420294602,0.19704869780857917,0.16171400808194467,0.2855523064187369,1.0,0.29658804732407495,0.29862231889915103,0.21910678770712103,0.02390774334042317,0.18100900953724688,0.03671823891598147,0.4121916342537815,
/home/ubuntu/cogitao-research/checkpoints/cogitao_vit_cross_attention/cogitao_c1_experiment_4_vit6_function_mlp_cross_attention/run_000/last.ckpt,35f91e02d5b826c89f6b24f52abf83581220b4b6676009c59b6715b0b2251589,dfec9cbb2afe6616194c1fb41430c0c5d2bc4208,4,val_ood,crop_contours,double_right,double_right -> crop_contours,"pair (f,g): fgx=f(g(x)); task-token order [g,f] means g -> f",55,55,55,image_input_tokens,42,78000,256,256,0.01,2,"{""fixed_ranks"": [1, 2, 4, 8, 16, 32], ""variance_thresholds"": [0.9, 0.95]}",recorded_ood,59,0.012256336665605806,0.016516190557941433,0.011957247731915524,0.048021920627392634,1.0,0.12559411285918037,0.03628097570857375,0.03282589542697856,-0.01255778433883194,0.03147133758520771,-0.011495508632067303,,
/home/ubuntu/cogitao-research/checkpoints/cogitao_vit_cross_attention/cogitao_c1_experiment_4_vit6_function_mlp_cross_attention/run_000/last.ckpt,35f91e02d5b826c89f6b24f52abf83581220b4b6676009c59b6715b0b2251589,dfec9cbb2afe6616194c1fb41430c0c5d2bc4208,4,val_ood,crop_contours,double_right,double_right -> crop_contours,"pair (f,g): fgx=f(g(x)); task-token order [g,f] means g -> f",55,55,55,image_input_tokens,42,78000,256,256,0.01,2,"{""fixed_ranks"": [1, 2, 4, 8, 16, 32], ""variance_thresholds"": [0.9, 0.95]}",recorded_ood,21,0.02963615712900747,0.03433576427031448,0.01811180496472597,0.05998164383858096,1.0,0.08576079610521226,0.05085228849370853,0.042718468556272794,0.004822036124569724,0.01993515834749213,-0.023031687869782883,,
/home/ubuntu/cogitao-research/checkpoints/cogitao_vit_cross_attention/cogitao_c1_experiment_4_vit6_function_mlp_cross_attention/run_000/last.ckpt,35f91e02d5b826c89f6b24f52abf83581220b4b6676009c59b6715b0b2251589,dfec9cbb2afe6616194c1fb41430c0c5d2bc4208,4,val_ood,crop_contours,double_right,double_right -> crop_contours,"pair (f,g): fgx=f(g(x)); task-token order [g,f] means g -> f",55,55,55,image_input_tokens,42,78000,256,256,0.01,2,"{""fixed_ranks"": [1, 2, 4, 8, 16, 32], ""variance_thresholds"": [0.9, 0.95]}",recorded_ood,56,0.07466070000302648,0.0854044148438728,0.04665541975520767,0.1300562146673057,1.0,0.14419000330563625,0.12631315539583393,0.08772470811790765,0.04984657899858873,0.05604910075969576,0.013082254542420749,,
/home/ubuntu/cogitao-research/checkpoints/cogitao_vit_cross_attention/cogitao_c1_experiment_4_vit6_function_mlp_cross_attention/run_000/last.ckpt,35f91e02d5b826c89f6b24f52abf83581220b4b6676009c59b6715b0b2251589,dfec9cbb2afe6616194c1fb41430c0c5d2bc4208,4,val_ood,crop_contours,double_right,double_right -> crop_contours,"pair (f,g): fgx=f(g(x)); task-token order [g,f] means g -> f",55,55,55,image_input_tokens,42,78000,256,256,0.01,2,"{""fixed_ranks"": [1, 2, 4, 8, 16, 32], ""variance_thresholds"": [0.9, 0.95]}",recorded_ood,42,0.030962059598132793,0.05347568285455486,0.027783672300716964,0.08045455962296642,1.0,0.20075268080177977,0.0773521068569324,0.03271938075755871,0.006147938593695047,0.04347127033990093,0.0005044241226259197,,
/home/ubuntu/cogitao-research/checkpoints/cogitao_vit_cross_attention/cogitao_c1_experiment_4_vit6_function_mlp_cross_attention/run_000/last.ckpt,35f91e02d5b826c89f6b24f52abf83581220b4b6676009c59b6715b0b2251589,dfec9cbb2afe6616194c1fb41430c0c5d2bc4208,4,val_ood,crop_contours,double_right,double_right -> crop_contours,"pair (f,g): fgx=f(g(x)); task-token order [g,f] means g -> f",55,55,55,image_input_tokens,42,78000,256,256,0.01,2,"{""fixed_ranks"": [1, 2, 4, 8, 16, 32], ""variance_thresholds"": [0.9, 0.95]}",recorded_ood,27,0.044579367215664786,0.05513140654867589,0.007076685304702177,0.08826650216157016,1.0,0.10137804041700092,0.10335116518493005,0.06962063015922547,0.01976524621122704,0.03690711420982655,-0.006059732007448464,,
/home/ubuntu/cogitao-research/checkpoints/cogitao_vit_cross_attention/cogitao_c1_experiment_4_vit6_function_mlp_cross_attention/run_000/last.ckpt,35f91e02d5b826c89f6b24f52abf83581220b4b6676009c59b6715b0b2251589,dfec9cbb2afe6616194c1fb41430c0c5d2bc4208,4,val_ood,crop_contours,double_right,double_right -> crop_contours,"pair (f,g): fgx=f(g(x)); task-token order [g,f] means g -> f",55,55,55,image_input_tokens,42,78000,256,256,0.01,2,"{""fixed_ranks"": [1, 2, 4, 8, 16, 32], ""variance_thresholds"": [0.9, 0.95]}",recorded_ood,92,0.045081528345320344,0.0440448128389013,0.01597787837641747,0.036290990620371485,1.0,0.05635533646001292,0.06549769662460107,0.04660573703826355,0.020267407340882598,0.016937399011938272,-0.02602944720533674,,
/home/ubuntu/cogitao-research/checkpoints/cogitao_vit_cross_attention/cogitao_c1_experiment_4_vit6_function_mlp_cross_attention/run_000/last.ckpt,35f91e02d5b826c89f6b24f52abf83581220b4b6676009c59b6715b0b2251589,dfec9cbb2afe6616194c1fb41430c0c5d2bc4208,4,val_ood,crop_contours,double_right,double_right -> crop_contours,"pair (f,g): fgx=f(g(x)); task-token order [g,f] means g -> f",55,55,55,image_input_tokens,42,78000,256,256,0.01,2,"{""fixed_ranks"": [1, 2, 4, 8, 16, 32], ""variance_thresholds"": [0.9, 0.95]}",recorded_ood,71,0.05584044472262856,0.05197429503800104,0.030030739605589264,0.07346683966265169,1.0,0.13289285687373337,0.08184651909481062,0.05558171362621338,0.03102632371819081,0.018005510006347973,-0.02496133621092704,,
/home/ubuntu/cogitao-research/checkpoints/cogitao_vit_cross_attention/cogitao_c1_experiment_4_vit6_function_mlp_cross_attention/run_000/last.ckpt,35f91e02d5b826c89f6b24f52abf83581220b4b6676009c59b6715b0b2251589,dfec9cbb2afe6616194c1fb41430c0c5d2bc4208,4,val_ood,crop_contours,double_right,double_right -> crop_contours,"pair (f,g): fgx=f(g(x)); task-token order [g,f] means g -> f",55,55,55,image_input_tokens,42,78000,256,256,0.01,2,"{""fixed_ranks"": [1, 2, 4, 8, 16, 32], ""variance_thresholds"": [0.9, 0.95]}",recorded_ood,24,0.02180069649646022,0.026446827786408538,0.020175401641260447,0.0784393567611771,1.0,0.1331860971329826,0.03573108123831625,0.033453675635250806,-0.0030134245079775253,0.02220757057419333,-0.020759275643081682,,
/home/ubuntu/cogitao-research/checkpoints/cogitao_vit_cross_attention/cogitao_c1_experiment_4_vit6_function_mlp_cross_attention/run_000/last.ckpt,35f91e02d5b826c89f6b24f52abf83581220b4b6676009c59b6715b0b2251589,dfec9cbb2afe6616194c1fb41430c0c5d2bc4208,4,val_ood,crop_contours,double_right,double_right -> crop_contours,"pair (f,g): fgx=f(g(x)); task-token order [g,f] means g -> f",55,55,55,image_input_tokens,42,78000,256,256,0.01,2,"{""fixed_ranks"": [1, 2, 4, 8, 16, 32], ""variance_thresholds"": [0.9, 0.95]}",recorded_ood,52,0.04036074900331905,0.0515850820860601,0.02486134087887479,0.049720041877288006,1.0,0.14398900081064017,0.056185451101552396,0.03979606998329092,0.015546627998881301,0.026878328463062887,-0.016088517754212127,,
/home/ubuntu/cogitao-research/checkpoints/cogitao_vit_cross_attention/cogitao_c1_experiment_4_vit6_function_mlp_cross_attention/run_000/last.ckpt,35f91e02d5b826c89f6b24f52abf83581220b4b6676009c59b6715b0b2251589,dfec9cbb2afe6616194c1fb41430c0c5d2bc4208,4,val_ood,crop_contours,double_right,double_right -> crop_contours,"pair (f,g): fgx=f(g(x)); task-token order [g,f] means g -> f",55,55,55,image_input_tokens,42,78000,256,256,0.01,2,"{""fixed_ranks"": [1, 2, 4, 8, 16, 32], ""variance_thresholds"": [0.9, 0.95]}",recorded_ood,81,0.039560215028028284,0.03901683374019847,0.023996654759702658,0.05541243618817576,1.0,0.05545781823189983,0.06186080293213322,0.044524622275552934,0.014746094023590537,0.030567651580991187,-0.012399194636283827,,
/home/ubuntu/cogitao-research/checkpoints/cogitao_vit_cross_attention/cogitao_c1_experiment_4_vit6_function_mlp_cross_attention/run_000/last.ckpt,35f91e02d5b826c89f6b24f52abf83581220b4b6676009c59b6715b0b2251589,dfec9cbb2afe6616194c1fb41430c0c5d2bc4208,4,val_ood,crop_contours,double_right,double_right -> crop_contours,"pair (f,g): fgx=f(g(x)); task-token order [g,f] means g -> f",55,55,55,image_input_tokens,42,78000,256,256,0.01,2,"{""fixed_ranks"": [1, 2, 4, 8, 16, 32], ""variance_thresholds"": [0.9, 0.95]}",recorded_ood,99,0.04662286003801169,0.05010512384863096,0.028819218499129447,0.14245417743930075,1.0,0.1912909531203846,0.10764552282641697,0.07599795031062648,0.021808739033573946,0.0415625624203846,-0.001404283796890414,,
/home/ubuntu/cogitao-research/checkpoints/cogitao_vit_cross_attention/cogitao_c1_experiment_4_vit6_function_mlp_cross_attention/run_000/last.ckpt,35f91e02d5b826c89f6b24f52abf83581220b4b6676009c59b6715b0b2251589,dfec9cbb2afe6616194c1fb41430c0c5d2bc4208,4,val_ood,crop_contours,double_right,double_right -> crop_contours,"pair (f,g): fgx=f(g(x)); task-token order [g,f] means g -> f",55,55,55,image_input_tokens,42,78000,256,256,0.01,2,"{""fixed_ranks"": [1, 2, 4, 8, 16, 32], ""variance_thresholds"": [0.9, 0.95]}",recorded_ood,4,0.03705814029754039,0.0382394399069732,0.009757455730793356,0.048476874481375214,1.0,0.0692021281927517,0.06422009314267176,0.034566062547885766,0.012244019293102645,0.022390571028986422,-0.02057627518828859,,
/home/ubuntu/cogitao-research/checkpoints/cogitao_vit_cross_attention/cogitao_c1_experiment_4_vit6_function_mlp_cross_attention/run_000/last.ckpt,35f91e02d5b826c89f6b24f52abf83581220b4b6676009c59b6715b0b2251589,dfec9cbb2afe6616194c1fb41430c0c5d2bc4208,4,val_ood,crop_contours,double_right,double_right -> crop_contours,"pair (f,g): fgx=f(g(x)); task-token order [g,f] means g -> f",55,55,55,image_input_tokens,42,78000,256,256,0.01,2,"{""fixed_ranks"": [1, 2, 4, 8, 16, 32], ""variance_thresholds"": [0.9, 0.95]}",recorded_ood,94,0.0373099679306998,0.0439682230686015,0.0037366127974609894,0.05785385676643315,1.0,0.07422287572507912,0.07042553422225457,0.04291342447926859,0.012495846926262055,0.022585915069930136,-0.020380931147344877,,
/home/ubuntu/cogitao-research/checkpoints/cogitao_vit_cross_attention/cogitao_c1_experiment_4_vit6_function_mlp_cross_attention/run_000/last.ckpt,35f91e02d5b826c89f6b24f52abf83581220b4b6676009c59b6715b0b2251589,dfec9cbb2afe6616194c1fb41430c0c5d2bc4208,4,val_ood,crop_contours,double_right,double_right -> crop_contours,"pair (f,g): fgx=f(g(x)); task-token order [g,f] means g -> f",55,55,55,image_input_tokens,42,78000,256,256,0.01,2,"{""fixed_ranks"": [1, 2, 4, 8, 16, 32], ""variance_thresholds"": [0.9, 0.95]}",recorded_ood,80,0.0409349011842268,0.042534505384883146,0.0250342880117073,0.10879093725228975,1.0,0.20554118952698922,0.06767939660916814,0.04733387485483796,0.016120780179789056,0.026583289691579883,-0.01638355652569513,,
/home/ubuntu/cogitao-research/checkpoints/cogitao_vit_cross_attention/cogitao_c1_experiment_4_vit6_function_mlp_cross_attention/run_000/last.ckpt,35f91e02d5b826c89f6b24f52abf83581220b4b6676009c59b6715b0b2251589,dfec9cbb2afe6616194c1fb41430c0c5d2bc4208,4,val_ood,crop_contours,double_right,double_right -> crop_contours,"pair (f,g): fgx=f(g(x)); task-token order [g,f] means g -> f",55,55,55,image_input_tokens,42,78000,256,256,0.01,2,"{""fixed_ranks"": [1, 2, 4, 8, 16, 32], ""variance_thresholds"": [0.9, 0.95]}",recorded_ood,7,0.020172503250462468,0.02236105723754561,0.01808524454947512,0.026491048127867425,1.0,0.14586098712332057,0.05441306127868579,0.021957524130144884,-0.004641617753975279,0.020345007831596085,-0.022621838385678928,,
/home/ubuntu/cogitao-research/checkpoints/cogitao_vit_cross_attention/cogitao_c1_experiment_4_vit6_function_mlp_cross_attention/run_000/last.ckpt,35f91e02d5b826c89f6b24f52abf83581220b4b6676009c59b6715b0b2251589,dfec9cbb2afe6616194c1fb41430c0c5d2bc4208,4,val_ood,crop_contours,double_right,double_right -> crop_contours,"pair (f,g): fgx=f(g(x)); task-token order [g,f] means g -> f",55,55,55,image_input_tokens,42,78000,256,256,0.01,2,"{""fixed_ranks"": [1, 2, 4, 8, 16, 32], ""variance_thresholds"": [0.9, 0.95]}",recorded_ood,57,0.03274808619061973,0.04085825589695801,0.028557274981054457,0.053004206910465805,1.0,0.09232785468253911,0.043259646325771714,0.03842950900473672,0.007933965186181984,0.031732951439760355,-0.011233894777514658,,
/home/ubuntu/cogitao-research/checkpoints/cogitao_vit_cross_attention/cogitao_c1_experiment_4_vit6_function_mlp_cross_attention/run_000/last.ckpt,35f91e02d5b826c89f6b24f52abf83581220b4b6676009c59b6715b0b2251589,dfec9cbb2afe6616194c1fb41430c0c5d2bc4208,4,val_ood,crop_contours,double_right,double_right -> crop_contours,"pair (f,g): fgx=f(g(x)); task-token order [g,f] means g -> f",55,55,55,image_input_tokens,42,78000,256,256,0.01,2,"{""fixed_ranks"": [1, 2, 4, 8, 16, 32], ""variance_thresholds"": [0.9, 0.95]}",recorded_ood,79,0.045148799527850905,0.07181850161237774,0.01900217026084515,0.06951340780440485,1.0,0.11264442118069015,0.07772739619414372,0.06209906212349276,0.02033467852341316,0.02800979128058272,-0.014957054936692294,,
/home/ubuntu/cogitao-research/checkpoints/cogitao_vit_cross_attention/cogitao_c1_experiment_4_vit6_function_mlp_cross_attention/run_000/last.ckpt,35f91e02d5b826c89f6b24f52abf83581220b4b6676009c59b6715b0b2251589,dfec9cbb2afe6616194c1fb41430c0c5d2bc4208,4,val_ood,crop_contours,double_right,double_right -> crop_contours,"pair (f,g): fgx=f(g(x)); task-token order [g,f] means g -> f",55,55,55,image_input_tokens,42,78000,256,256,0.01,2,"{""fixed_ranks"": [1, 2, 4, 8, 16, 32], ""variance_thresholds"": [0.9, 0.95]}",recorded_ood,26,0.028655546548808978,0.038082445700625536,0.020296144123389155,0.058274257256559374,1.0,0.10951702853287916,0.04297359916033919,0.03171129816879276,0.003841425544371231,0.023626758879335328,-0.019340087337939686,,
/home/ubuntu/cogitao-research/checkpoints/cogitao_vit_cross_attention/cogitao_c1_experiment_4_vit6_function_mlp_cross_attention/run_000/last.ckpt,35f91e02d5b826c89f6b24f52abf83581220b4b6676009c59b6715b0b2251589,dfec9cbb2afe6616194c1fb41430c0c5d2bc4208,4,val_ood,crop_contours,double_right,double_right -> crop_contours,"pair (f,g): fgx=f(g(x)); task-token order [g,f] means g -> f",55,55,55,image_input_tokens,42,78000,256,256,0.01,2,"{""fixed_ranks"": [1, 2, 4, 8, 16, 32], ""variance_thresholds"": [0.9, 0.95]}",recorded_ood,78,0.0432941380649744,0.055299459337592755,0.0143411761550267,0.09761436406328662,1.0,0.09243038946597934,0.10597679627309017,0.06432614113668153,0.01848001706053665,0.02843422238527162,-0.014532623832003395,,
/home/ubuntu/cogitao-research/checkpoints/cogitao_vit_cross_attention/cogitao_c1_experiment_4_vit6_function_mlp_cross_attention/run_000/last.ckpt,35f91e02d5b826c89f6b24f52abf83581220b4b6676009c59b6715b0b2251589,dfec9cbb2afe6616194c1fb41430c0c5d2bc4208,4,val_ood,crop_contours,double_right,double_right -> crop_contours,"pair (f,g): fgx=f(g(x)); task-token order [g,f] means g -> f",55,55,55,image_input_tokens,42,78000,256,256,0.01,2,"{""fixed_ranks"": [1, 2, 4, 8, 16, 32], ""variance_thresholds"": [0.9, 0.95]}",recorded_ood,38,0.06133316191460434,0.0664873079824038,0.017129843149502652,0.06348015904238322,1.0,0.1578145776098194,0.081353871322344,0.05418275032321027,0.0365190409101666,0.05828433974281621,0.015317493525541195,,
/home/ubuntu/cogitao-research/checkpoints/cogitao_vit_cross_attention/cogitao_c1_experiment_4_vit6_function_mlp_cross_attention/run_000/last.ckpt,35f91e02d5b826c89f6b24f52abf83581220b4b6676009c59b6715b0b2251589,dfec9cbb2afe6616194c1fb41430c0c5d2bc4208,4,val_ood,crop_contours,double_right,double_right -> crop_contours,"pair (f,g): fgx=f(g(x)); task-token order [g,f] means g -> f",55,55,55,image_input_tokens,42,78000,256,256,0.01,2,"{""fixed_ranks"": [1, 2, 4, 8, 16, 32], ""variance_thresholds"": [0.9, 0.95]}",recorded_ood,86,0.06875506501973266,0.057590848371810735,0.029958302424242026,0.09526417343381753,1.0,0.15044621503534047,0.06842985241461089,0.04767317868317335,0.043940944015294914,0.04729229035693895,0.004325444139663938,,
/home/ubuntu/cogitao-research/checkpoints/cogitao_vit_cross_attention/cogitao_c1_experiment_4_vit6_function_mlp_cross_attention/run_000/last.ckpt,35f91e02d5b826c89f6b24f52abf83581220b4b6676009c59b6715b0b2251589,dfec9cbb2afe6616194c1fb41430c0c5d2bc4208,4,val_ood,crop_contours,double_right,double_right -> crop_contours,"pair (f,g): fgx=f(g(x)); task-token order [g,f] means g -> f",55,55,55,image_input_tokens,42,78000,256,256,0.01,2,"{""fixed_ranks"": [1, 2, 4, 8, 16, 32], ""variance_thresholds"": [0.9, 0.95]}",recorded_ood,45,0.06300678892097072,0.055801854149222736,0.031905199917466216,0.09825587989251777,1.0,0.11660672482859574,0.0903150483001281,0.060038102158279406,0.038192667916532974,0.03890668179307863,-0.004060164424196384,,
/home/ubuntu/cogitao-research/checkpoints/cogitao_vit_cross_attention/cogitao_c1_experiment_4_vit6_function_mlp_cross_attention/run_000/last.ckpt,35f91e02d5b826c89f6b24f52abf83581220b4b6676009c59b6715b0b2251589,dfec9cbb2afe6616194c1fb41430c0c5d2bc4208,4,val_ood,crop_contours,double_right,double_right -> crop_contours,"pair (f,g): fgx=f(g(x)); task-token order [g,f] means g -> f",55,55,55,image_input_tokens,42,78000,256,256,0.01,2,"{""fixed_ranks"": [1, 2, 4, 8, 16, 32], ""variance_thresholds"": [0.9, 0.95]}",recorded_ood,17,0.029268280284366757,0.03615880769082754,0.03409380543543445,0.045985855566468586,1.0,0.20210525200285132,0.05855846970480552,0.02945581073829506,0.00445415927992901,0.02485885362332157,-0.018107992593953442,,
/home/ubuntu/cogitao-research/checkpoints/cogitao_vit_cross_attention/cogitao_c1_experiment_4_vit6_function_mlp_cross_attention/run_000/last.ckpt,35f91e02d5b826c89f6b24f52abf83581220b4b6676009c59b6715b0b2251589,dfec9cbb2afe6616194c1fb41430c0c5d2bc4208,4,val_ood,crop_contours,double_right,double_right -> crop_contours,"pair (f,g): fgx=f(g(x)); task-token order [g,f] means g -> f",55,55,55,image_input_tokens,42,78000,256,256,0.01,2,"{""fixed_ranks"": [1, 2, 4, 8, 16, 32], ""variance_thresholds"": [0.9, 0.95]}",recorded_ood,91,0.019370823143014824,0.03265766707055527,0.02042133195301763,0.04333368325985777,1.0,0.08575633256938138,0.03842467387190105,0.028560799226904278,-0.005443297861422922,0.016942759441009696,-0.026024086776265318,,
/home/ubuntu/cogitao-research/checkpoints/cogitao_vit_cross_attention/cogitao_c1_experiment_4_vit6_function_mlp_cross_attention/run_000/last.ckpt,35f91e02d5b826c89f6b24f52abf83581220b4b6676009c59b6715b0b2251589,dfec9cbb2afe6616194c1fb41430c0c5d2bc4208,4,val_ood,crop_contours,double_right,double_right -> crop_contours,"pair (f,g): fgx=f(g(x)); task-token order [g,f] means g -> f",55,55,55,image_input_tokens,42,78000,256,256,0.01,2,"{""fixed_ranks"": [1, 2, 4, 8, 16, 32], ""variance_thresholds"": [0.9, 0.95]}",recorded_ood,40,0.04470113567538834,0.049234091424811395,0.01759406613212994,0.06513797846624815,1.0,0.09566141456839365,0.08265628890337219,0.06053333139200458,0.01988701467095059,0.02115034184423987,-0.021816504373035145,,
/home/ubuntu/cogitao-research/checkpoints/cogitao_vit_cross_attention/cogitao_c1_experiment_4_vit6_function_mlp_cross_attention/run_000/last.ckpt,35f91e02d5b826c89f6b24f52abf83581220b4b6676009c59b6715b0b2251589,dfec9cbb2afe6616194c1fb41430c0c5d2bc4208,4,val_ood,crop_contours,double_right,double_right -> crop_contours,"pair (f,g): fgx=f(g(x)); task-token order [g,f] means g -> f",55,55,55,image_input_tokens,42,78000,256,256,0.01,2,"{""fixed_ranks"": [1, 2, 4, 8, 16, 32], ""variance_thresholds"": [0.9, 0.95]}",recorded_ood,68,0.03364101629622554,0.03569667305197122,0.015149634357466281,0.07455095796114802,1.0,0.10012096771136933,0.06930634905346326,0.04598379515514823,0.008826895291787793,0.03656968298746401,-0.006397163229811001,,
/home/ubuntu/cogitao-research/checkpoints/cogitao_vit_cross_attention/cogitao_c1_experiment_4_vit6_function_mlp_cross_attention/run_000/last.ckpt,35f91e02d5b826c89f6b24f52abf83581220b4b6676009c59b6715b0b2251589,dfec9cbb2afe6616194c1fb41430c0c5d2bc4208,4,val_ood,crop_contours,double_right,double_right -> crop_contours,"pair (f,g): fgx=f(g(x)); task-token order [g,f] means g -> f",55,55,55,image_input_tokens,42,78000,256,256,0.01,2,"{""fixed_ranks"": [1, 2, 4, 8, 16, 32], ""variance_thresholds"": [0.9, 0.95]}",recorded_ood,1,0.061624384220466726,0.06997113531309927,0.02606128088641286,0.07370081304929352,1.0,0.14162139951796265,0.09994676994304419,0.06880841739428668,0.03681026321602898,0.02130985509817826,-0.021656991119096754,,
/home/ubuntu/cogitao-research/checkpoints/cogitao_vit_cross_attention/cogitao_c1_experiment_4_vit6_function_mlp_cross_attention/run_000/last.ckpt,35f91e02d5b826c89f6b24f52abf83581220b4b6676009c59b6715b0b2251589,dfec9cbb2afe6616194c1fb41430c0c5d2bc4208,4,val_ood,crop_contours,double_right,double_right -> crop_contours,"pair (f,g): fgx=f(g(x)); task-token order [g,f] means g -> f",55,55,55,image_input_tokens,42,78000,256,256,0.01,2,"{""fixed_ranks"": [1, 2, 4, 8, 16, 32], ""variance_thresholds"": [0.9, 0.95]}",recorded_ood,95,0.061176020339251146,0.0924290648652666,0.010499047336808133,0.02861669621151744,1.0,0.11609591256267264,0.09799824630814824,0.06894445862636334,0.0363618993348134,0.0408892673592647,-0.002077578858010312,0.15268840466065223,
/home/ubuntu/cogitao-research/checkpoints/cogitao_vit_cross_attention/cogitao_c1_experiment_4_vit6_function_mlp_cross_attention/run_000/last.ckpt,35f91e02d5b826c89f6b24f52abf83581220b4b6676009c59b6715b0b2251589,dfec9cbb2afe6616194c1fb41430c0c5d2bc4208,4,val_ood,crop_contours,double_right,double_right -> crop_contours,"pair (f,g): fgx=f(g(x)); task-token order [g,f] means g -> f",55,55,55,image_input_tokens,42,78000,256,256,0.01,2,"{""fixed_ranks"": [1, 2, 4, 8, 16, 32], ""variance_thresholds"": [0.9, 0.95]}",recorded_ood,63,0.03273991397546453,0.033433845882398096,0.014258080079116418,0.05971217259803616,1.0,0.09782275338822745,0.07145236332301862,0.04521340077689456,0.007925792971026784,0.018283904303642344,-0.02468294191363267,0.13320488210650608,
/home/ubuntu/cogitao-research/checkpoints/cogitao_vit_cross_attention/cogitao_c1_experiment_4_vit6_function_mlp_cross_attention/run_000/last.ckpt,35f91e02d5b826c89f6b24f52abf83581220b4b6676009c59b6715b0b2251589,dfec9cbb2afe6616194c1fb41430c0c5d2bc4208,4,val_ood,crop_contours,double_right,double_right -> crop_contours,"pair (f,g): fgx=f(g(x)); task-token order [g,f] means g -> f",55,55,55,image_input_tokens,42,78000,256,256,0.01,2,"{""fixed_ranks"": [1, 2, 4, 8, 16, 32], ""variance_thresholds"": [0.9, 0.95]}",recorded_ood,3,0.04801068860940298,0.04937868749067189,0.017050580323953533,0.06478893314826492,1.0,0.08263915784965903,0.09063225358099664,0.05814514185946406,0.023196567604965235,0.02959457315911973,-0.013372273058155283,0.06704309624487065,
/home/ubuntu/cogitao-research/checkpoints/cogitao_vit_cross_attention/cogitao_c1_experiment_4_vit6_function_mlp_cross_attention/run_000/last.ckpt,35f91e02d5b826c89f6b24f52abf83581220b4b6676009c59b6715b0b2251589,dfec9cbb2afe6616194c1fb41430c0c5d2bc4208,4,val_ood,crop_contours,double_right,double_right -> crop_contours,"pair (f,g): fgx=f(g(x)); task-token order [g,f] means g -> f",55,55,55,image_input_tokens,42,78000,256,256,0.01,2,"{""fixed_ranks"": [1, 2, 4, 8, 16, 32], ""variance_thresholds"": [0.9, 0.95]}",recorded_ood,83,0.06540369819662743,0.08362455584355233,0.03578012464751952,0.11383164834890117,1.0,0.11070033381993853,0.10926354149160596,0.08609010289265882,0.04058957719218968,0.025928383226241362,-0.01703846299103365,0.10945350292899332,
/home/ubuntu/cogitao-research/checkpoints/cogitao_vit_cross_attention/cogitao_c1_experiment_4_vit6_function_mlp_cross_attention/run_000/last.ckpt,35f91e02d5b826c89f6b24f52abf83581220b4b6676009c59b6715b0b2251589,dfec9cbb2afe6616194c1fb41430c0c5d2bc4208,4,val_ood,crop_contours,double_right,double_right -> crop_contours,"pair (f,g): fgx=f(g(x)); task-token order [g,f] means g -> f",55,55,55,image_input_tokens,42,78000,256,256,0.01,2,"{""fixed_ranks"": [1, 2, 4, 8, 16, 32], ""variance_thresholds"": [0.9, 0.95]}",recorded_ood,93,0.06784214933519811,0.07416847049576976,0.0341129310389346,0.10839195690393709,1.0,0.11884546939971674,0.1187104092581196,0.06858576819425607,0.04302802833076036,0.04777676232509095,0.004809916107815934,0.116042920420441,
/home/ubuntu/cogitao-research/checkpoints/cogitao_vit_cross_attention/cogitao_c1_experiment_4_vit6_function_mlp_cross_attention/run_000/last.ckpt,35f91e02d5b826c89f6b24f52abf83581220b4b6676009c59b6715b0b2251589,dfec9cbb2afe6616194c1fb41430c0c5d2bc4208,4,val_ood,crop_contours,double_right,double_right -> crop_contours,"pair (f,g): fgx=f(g(x)); task-token order [g,f] means g -> f",55,55,55,image_input_tokens,42,78000,256,256,0.01,2,"{""fixed_ranks"": [1, 2, 4, 8, 16, 32], ""variance_thresholds"": [0.9, 0.95]}",recorded_ood,87,0.03505838966524854,0.04727578763249977,0.0097455587976544,0.0889928763275665,1.0,0.0768492753597513,0.08530130021970936,0.05516393926978549,0.010244268660810792,0.03110383248762967,-0.011863013729645343,0.10701827610926525,
/home/ubuntu/cogitao-research/checkpoints/cogitao_vit_cross_attention/cogitao_c1_experiment_4_vit6_function_mlp_cross_attention/run_000/last.ckpt,35f91e02d5b826c89f6b24f52abf83581220b4b6676009c59b6715b0b2251589,dfec9cbb2afe6616194c1fb41430c0c5d2bc4208,4,val_ood,crop_contours,double_right,double_right -> crop_contours,"pair (f,g): fgx=f(g(x)); task-token order [g,f] means g -> f",55,55,55,image_input_tokens,42,78000,256,256,0.01,2,"{""fixed_ranks"": [1, 2, 4, 8, 16, 32], ""variance_thresholds"": [0.9, 0.95]}",recorded_ood,73,0.07343766295820586,0.09615583500473136,0.02059558118469109,0.12658189387179275,1.0,0.11409767646861162,0.1348060830570672,0.10072471979987038,0.04862354195376811,0.04477544841987791,0.0018086022026028992,0.14477210326373532,
/home/ubuntu/cogitao-research/checkpoints/cogitao_vit_cross_attention/cogitao_c1_experiment_4_vit6_function_mlp_cross_attention/run_000/last.ckpt,35f91e02d5b826c89f6b24f52abf83581220b4b6676009c59b6715b0b2251589,dfec9cbb2afe6616194c1fb41430c0c5d2bc4208,4,val_ood,crop_contours,double_right,double_right -> crop_contours,"pair (f,g): fgx=f(g(x)); task-token order [g,f] means g -> f",55,55,55,image_input_tokens,42,78000,256,256,0.01,2,"{""fixed_ranks"": [1, 2, 4, 8, 16, 32], ""variance_thresholds"": [0.9, 0.95]}",recorded_ood,75,0.08379628183032456,0.08667544815407872,0.022860408864727635,0.06328962672355085,1.0,0.06677732040038692,0.11447826783401047,0.08800420994665711,0.05898216082588681,0.03940064137993161,-0.0035662048373434063,0.1164585237862418,
/home/ubuntu/cogitao-research/checkpoints/cogitao_vit_cross_attention/cogitao_c1_experiment_4_vit6_function_mlp_cross_attention/run_000/last.ckpt,35f91e02d5b826c89f6b24f52abf83581220b4b6676009c59b6715b0b2251589,dfec9cbb2afe6616194c1fb41430c0c5d2bc4208,4,val_ood,crop_contours,double_right,double_right -> crop_contours,"pair (f,g): fgx=f(g(x)); task-token order [g,f] means g -> f",55,55,55,image_input_tokens,42,78000,256,256,0.01,2,"{""fixed_ranks"": [1, 2, 4, 8, 16, 32], ""variance_thresholds"": [0.9, 0.95]}",recorded_ood,23,0.03723590997919245,0.02625984225812085,0.01194305558245565,0.06585705569142643,1.0,0.12206647740704248,0.05713201059152363,0.030209796582014985,0.0124217889747547,0.03257565723472019,-0.010391188982554825,0.11177442044311699,
/home/ubuntu/cogitao-research/checkpoints/cogitao_vit_cross_attention/cogitao_c1_experiment_4_vit6_function_mlp_cross_attention/run_000/last.ckpt,35f91e02d5b826c89f6b24f52abf83581220b4b6676009c59b6715b0b2251589,dfec9cbb2afe6616194c1fb41430c0c5d2bc4208,4,val_ood,crop_contours,double_right,double_right -> crop_contours,"pair (f,g): fgx=f(g(x)); task-token order [g,f] means g -> f",55,55,55,image_input_tokens,42,78000,256,256,0.01,2,"{""fixed_ranks"": [1, 2, 4, 8, 16, 32], ""variance_thresholds"": [0.9, 0.95]}",recorded_ood,15,0.04839881175555871,0.04875781200377349,0.017664360734564812,0.06999097737332818,1.0,0.11227279097297312,0.09110375237820646,0.057056226338328936,0.023584690751120966,0.018833539424926177,-0.024133306792348836,0.10337340495045962,
/home/ubuntu/cogitao-research/checkpoints/cogitao_vit_cross_attention/cogitao_c1_experiment_4_vit6_function_mlp_cross_attention/run_000/last.ckpt,35f91e02d5b826c89f6b24f52abf83581220b4b6676009c59b6715b0b2251589,dfec9cbb2afe6616194c1fb41430c0c5d2bc4208,4,val_ood,crop_contours,double_right,double_right -> crop_contours,"pair (f,g): fgx=f(g(x)); task-token order [g,f] means g -> f",55,55,55,image_input_tokens,42,78000,256,256,0.01,2,"{""fixed_ranks"": [1, 2, 4, 8, 16, 32], ""variance_thresholds"": [0.9, 0.95]}",recorded_ood,9,0.06635710529174277,0.056207428409334,0.02811052782533771,0.10206880330239293,1.0,0.1429469827708418,0.09432836145567237,0.055549662439272535,0.04154298428730502,0.04787745200543924,0.004910605788164227,0.1241646422189792,
/home/ubuntu/cogitao-research/checkpoints/cogitao_vit_cross_attention/cogitao_c1_experiment_4_vit6_function_mlp_cross_attention/run_000/last.ckpt,35f91e02d5b826c89f6b24f52abf83581220b4b6676009c59b6715b0b2251589,dfec9cbb2afe6616194c1fb41430c0c5d2bc4208,4,val_ood,crop_contours,double_right,double_right -> crop_contours,"pair (f,g): fgx=f(g(x)); task-token order [g,f] means g -> f",55,55,55,image_input_tokens,42,78000,256,256,0.01,2,"{""fixed_ranks"": [1, 2, 4, 8, 16, 32], ""variance_thresholds"": [0.9, 0.95]}",recorded_ood,31,0.03490533532889975,0.040101526639797686,0.03821122869030936,0.06765937339867403,1.0,0.12349152969934643,0.04291440630361274,0.04111234453867986,0.010091214324462004,0.017953701170845746,-0.025013145046429267,0.10522102788410999,
/home/ubuntu/cogitao-research/checkpoints/cogitao_vit_cross_attention/cogitao_c1_experiment_4_vit6_function_mlp_cross_attention/run_000/last.ckpt,35f91e02d5b826c89f6b24f52abf83581220b4b6676009c59b6715b0b2251589,dfec9cbb2afe6616194c1fb41430c0c5d2bc4208,4,val_ood,crop_contours,double_right,double_right -> crop_contours,"pair (f,g): fgx=f(g(x)); task-token order [g,f] means g -> f",55,55,55,image_input_tokens,42,78000,256,256,0.01,2,"{""fixed_ranks"": [1, 2, 4, 8, 16, 32], ""variance_thresholds"": [0.9, 0.95]}",recorded_ood,72,0.06051302509347389,0.05799228202533621,0.010933319226358195,0.07263562802910108,1.0,0.08820283288310121,0.08486178376462737,0.0579723685630855,0.03569890408903614,0.023058898106224753,-0.01990794811105026,0.0791721845662653,
/home/ubuntu/cogitao-research/checkpoints/cogitao_vit_cross_attention/cogitao_c1_experiment_4_vit6_function_mlp_cross_attention/run_000/last.ckpt,35f91e02d5b826c89f6b24f52abf83581220b4b6676009c59b6715b0b2251589,dfec9cbb2afe6616194c1fb41430c0c5d2bc4208,4,val_ood,crop_contours,double_right,double_right -> crop_contours,"pair (f,g): fgx=f(g(x)); task-token order [g,f] means g -> f",55,55,55,image_input_tokens,42,78000,256,256,0.01,2,"{""fixed_ranks"": [1, 2, 4, 8, 16, 32], ""variance_thresholds"": [0.9, 0.95]}",recorded_ood,67,0.07849730156017452,0.07437582498823779,0.030203463592468716,0.04149397293735174,1.0,0.11628828270092656,0.10657516311489958,0.06517940965365562,0.05368318055573677,0.04551725198206304,0.0025504057647880232,0.19948904241560506,
/home/ubuntu/cogitao-research/checkpoints/cogitao_vit_cross_attention/cogitao_c1_experiment_4_vit6_function_mlp_cross_attention/run_000/last.ckpt,35f91e02d5b826c89f6b24f52abf83581220b4b6676009c59b6715b0b2251589,dfec9cbb2afe6616194c1fb41430c0c5d2bc4208,4,val_ood,crop_contours,double_right,double_right -> crop_contours,"pair (f,g): fgx=f(g(x)); task-token order [g,f] means g -> f",55,55,55,image_input_tokens,42,78000,256,256,0.01,2,"{""fixed_ranks"": [1, 2, 4, 8, 16, 32], ""variance_thresholds"": [0.9, 0.95]}",recorded_ood,34,0.037518767351897624,0.039788510289438736,0.03962828438436742,0.07962387629825025,1.0,0.13290884576718712,0.04845361763738504,0.055470937973964705,0.012704646347459877,0.019660299619283245,-0.023306546597991768,0.09382898318856878,
/home/ubuntu/cogitao-research/checkpoints/cogitao_vit_cross_attention/cogitao_c1_experiment_4_vit6_function_mlp_cross_attention/run_000/last.ckpt,35f91e02d5b826c89f6b24f52abf83581220b4b6676009c59b6715b0b2251589,dfec9cbb2afe6616194c1fb41430c0c5d2bc4208,4,val_ood,crop_contours,double_right,double_right -> crop_contours,"pair (f,g): fgx=f(g(x)); task-token order [g,f] means g -> f",55,55,55,image_input_tokens,42,78000,256,256,0.01,2,"{""fixed_ranks"": [1, 2, 4, 8, 16, 32], ""variance_thresholds"": [0.9, 0.95]}",recorded_ood,30,0.045671428826643344,0.05088035378657476,0.017664170371681193,0.04854071862567384,1.0,0.07736139069097173,0.07633213007546484,0.06026064912336226,0.020857307822205597,0.04622771166951905,0.0032608654522440356,0.14952261063074768,
/home/ubuntu/cogitao-research/checkpoints/cogitao_vit_cross_attention/cogitao_c1_experiment_4_vit6_function_mlp_cross_attention/run_000/last.ckpt,35f91e02d5b826c89f6b24f52abf83581220b4b6676009c59b6715b0b2251589,dfec9cbb2afe6616194c1fb41430c0c5d2bc4208,4,val_ood,crop_contours,double_right,double_right -> crop_contours,"pair (f,g): fgx=f(g(x)); task-token order [g,f] means g -> f",55,55,55,image_input_tokens,42,78000,256,256,0.01,2,"{""fixed_ranks"": [1, 2, 4, 8, 16, 32], ""variance_thresholds"": [0.9, 0.95]}",recorded_ood,74,0.03994640470047337,0.04654808073937759,0.028552802847732452,0.06726623842692527,1.0,0.1494587654132221,0.07640745468370838,0.05303841031766693,0.015132283696035625,0.017345867438259308,-0.025620978779015705,0.14130770643217666,
/home/ubuntu/cogitao-research/checkpoints/cogitao_vit_cross_attention/cogitao_c1_experiment_4_vit6_function_mlp_cross_attention/run_000/last.ckpt,35f91e02d5b826c89f6b24f52abf83581220b4b6676009c59b6715b0b2251589,dfec9cbb2afe6616194c1fb41430c0c5d2bc4208,4,val_ood,crop_contours,double_right,double_right -> crop_contours,"pair (f,g): fgx=f(g(x)); task-token order [g,f] means g -> f",55,55,55,image_input_tokens,42,78000,256,256,0.01,2,"{""fixed_ranks"": [1, 2, 4, 8, 16, 32], ""variance_thresholds"": [0.9, 0.95]}",recorded_ood,88,0.06345589517028673,0.07032395615484092,0.01316459456425269,0.06270378589135035,1.0,0.11780055756457686,0.10135842848022861,0.064172287621754,0.03864177416584898,0.03054552016489967,-0.012421326052375344,0.14590012708261468,
/home/ubuntu/cogitao-research/checkpoints/cogitao_vit_cross_attention/cogitao_c1_experiment_4_vit6_function_mlp_cross_attention/run_000/last.ckpt,35f91e02d5b826c89f6b24f52abf83581220b4b6676009c59b6715b0b2251589,dfec9cbb2afe6616194c1fb41430c0c5d2bc4208,4,val_ood,crop_contours,double_right,double_right -> crop_contours,"pair (f,g): fgx=f(g(x)); task-token order [g,f] means g -> f",55,55,55,image_input_tokens,42,78000,256,256,0.01,2,"{""fixed_ranks"": [1, 2, 4, 8, 16, 32], ""variance_thresholds"": [0.9, 0.95]}",recorded_ood,98,0.06583110783056076,0.06395828216691622,0.02535548803854965,0.11871511248620364,1.0,0.1651734644182552,0.092628516415659,0.060175123163612454,0.04101698682612301,0.0229730231981776,-0.019993823019097412,0.1397746050318699,
/home/ubuntu/cogitao-research/checkpoints/cogitao_vit_cross_attention/cogitao_c1_experiment_4_vit6_function_mlp_cross_attention/run_000/last.ckpt,35f91e02d5b826c89f6b24f52abf83581220b4b6676009c59b6715b0b2251589,dfec9cbb2afe6616194c1fb41430c0c5d2bc4208,4,val_ood,crop_contours,double_right,double_right -> crop_contours,"pair (f,g): fgx=f(g(x)); task-token order [g,f] means g -> f",55,55,55,image_input_tokens,42,78000,256,256,0.01,2,"{""fixed_ranks"": [1, 2, 4, 8, 16, 32], ""variance_thresholds"": [0.9, 0.95]}",recorded_ood,49,0.058477596621817035,0.07088162195837831,0.020226939392720394,0.14999609943560008,1.0,0.19647894128136015,0.12289662996944987,0.08526624186477133,0.033663475617379285,0.03690405733594481,-0.006062788881330203,0.22542823347601298,
/home/ubuntu/cogitao-research/checkpoints/cogitao_vit_cross_attention/cogitao_c1_experiment_4_vit6_function_mlp_cross_attention/run_000/last.ckpt,35f91e02d5b826c89f6b24f52abf83581220b4b6676009c59b6715b0b2251589,dfec9cbb2afe6616194c1fb41430c0c5d2bc4208,4,val_ood,crop_contours,double_right,double_right -> crop_contours,"pair (f,g): fgx=f(g(x)); task-token order [g,f] means g -> f",55,55,55,image_input_tokens,42,78000,256,256,0.01,2,"{""fixed_ranks"": [1, 2, 4, 8, 16, 32], ""variance_thresholds"": [0.9, 0.95]}",recorded_ood,11,0.07972791288300189,0.08708437068822354,0.02429747839521257,0.06012373380303802,1.0,0.1336116778144921,0.10127773918355434,0.06069547175373083,0.05491379187856414,0.06306700462184707,0.020100158404572056,0.20589363105057878,
/home/ubuntu/cogitao-research/checkpoints/cogitao_vit_cross_attention/cogitao_c1_experiment_4_vit6_function_mlp_cross_attention/run_000/last.ckpt,35f91e02d5b826c89f6b24f52abf83581220b4b6676009c59b6715b0b2251589,dfec9cbb2afe6616194c1fb41430c0c5d2bc4208,4,val_ood,crop_contours,double_right,double_right -> crop_contours,"pair (f,g): fgx=f(g(x)); task-token order [g,f] means g -> f",55,55,55,image_input_tokens,42,78000,256,256,0.01,2,"{""fixed_ranks"": [1, 2, 4, 8, 16, 32], ""variance_thresholds"": [0.9, 0.95]}",recorded_ood,85,0.037732127525488636,0.03255662730520208,0.011384080086797001,0.040538792846422395,1.0,0.115773485248417,0.056765873909418334,0.03552783760316743,0.01291800652105089,0.023213066814343694,-0.01975377940293132,0.12072469139091328,
/home/ubuntu/cogitao-research/checkpoints/cogitao_vit_cross_attention/cogitao_c1_experiment_4_vit6_function_mlp_cross_attention/run_000/last.ckpt,35f91e02d5b826c89f6b24f52abf83581220b4b6676009c59b6715b0b2251589,dfec9cbb2afe6616194c1fb41430c0c5d2bc4208,4,val_ood,crop_contours,double_right,double_right -> crop_contours,"pair (f,g): fgx=f(g(x)); task-token order [g,f] means g -> f",55,55,55,image_input_tokens,42,78000,256,256,0.01,2,"{""fixed_ranks"": [1, 2, 4, 8, 16, 32], ""variance_thresholds"": [0.9, 0.95]}",recorded_ood,41,0.05263644587671985,0.059178302901452956,0.015908911069048313,0.07722236330136384,1.0,0.16023492768301262,0.08659392574448477,0.042346266054799464,0.027822324872282107,0.037158465744075365,-0.005808380473199648,0.11739330785556623,
/home/ubuntu/cogitao-research/checkpoints/cogitao_vit_cross_attention/cogitao_c1_experiment_4_vit6_function_mlp_cross_attention/run_000/last.ckpt,35f91e02d5b826c89f6b24f52abf83581220b4b6676009c59b6715b0b2251589,dfec9cbb2afe6616194c1fb41430c0c5d2bc4208,4,val_ood,crop_contours,double_right,double_right -> crop_contours,"pair (f,g): fgx=f(g(x)); task-token order [g,f] means g -> f",55,55,55,image_input_tokens,42,78000,256,256,0.01,2,"{""fixed_ranks"": [1, 2, 4, 8, 16, 32], ""variance_thresholds"": [0.9, 0.95]}",recorded_ood,35,0.0433150292916825,0.05507971949651395,0.011967121386397214,0.04126237135865611,1.0,0.05895792553037663,0.08313724537565605,0.057994033861369726,0.018500908287244756,0.02836431031985539,-0.014602535897419625,0.0876188760500944,
/home/ubuntu/cogitao-research/checkpoints/cogitao_vit_cross_attention/cogitao_c1_experiment_4_vit6_function_mlp_cross_attention/run_000/last.ckpt,35f91e02d5b826c89f6b24f52abf83581220b4b6676009c59b6715b0b2251589,dfec9cbb2afe6616194c1fb41430c0c5d2bc4208,4,val_ood,crop_contours,double_right,double_right -> crop_contours,"pair (f,g): fgx=f(g(x)); task-token order [g,f] means g -> f",55,55,55,image_input_tokens,42,78000,256,256,0.01,2,"{""fixed_ranks"": [1, 2, 4, 8, 16, 32], ""variance_thresholds"": [0.9, 0.95]}",recorded_ood,64,0.09467144740757953,0.10071638436720183,0.027148619749670148,0.057543985049242914,1.0,0.13078081888420395,0.11705158664424446,0.08535026012707918,0.06985732640314178,0.03075530296356046,-0.012211543253714555,0.14978004689102856,
/home/ubuntu/cogitao-research/checkpoints/cogitao_vit_cross_attention/cogitao_c1_experiment_4_vit6_function_mlp_cross_attention/run_000/last.ckpt,35f91e02d5b826c89f6b24f52abf83581220b4b6676009c59b6715b0b2251589,dfec9cbb2afe6616194c1fb41430c0c5d2bc4208,4,val_ood,crop_contours,double_right,double_right -> crop_contours,"pair (f,g): fgx=f(g(x)); task-token order [g,f] means g -> f",55,55,55,image_input_tokens,42,78000,256,256,0.01,2,"{""fixed_ranks"": [1, 2, 4, 8, 16, 32], ""variance_thresholds"": [0.9, 0.95]}",recorded_ood,36,0.06508552374720165,0.07084772280657332,0.0189200205260668,0.08649698845023389,1.0,0.06307123010883622,0.11453085896319007,0.07891265693963555,0.040271402742763904,0.020116839226454766,-0.022850006990820248,0.061578439417282575,
/home/ubuntu/cogitao-research/checkpoints/cogitao_vit_cross_attention/cogitao_c1_experiment_4_vit6_function_mlp_cross_attention/run_000/last.ckpt,35f91e02d5b826c89f6b24f52abf83581220b4b6676009c59b6715b0b2251589,dfec9cbb2afe6616194c1fb41430c0c5d2bc4208,4,val_ood,crop_contours,double_right,double_right -> crop_contours,"pair (f,g): fgx=f(g(x)); task-token order [g,f] means g -> f",55,55,55,image_input_tokens,42,78000,256,256,0.01,2,"{""fixed_ranks"": [1, 2, 4, 8, 16, 32], ""variance_thresholds"": [0.9, 0.95]}",recorded_ood,65,0.03605279742114939,0.04955628648172003,0.010861825259587156,0.08192659879178192,1.0,0.11936558984794568,0.058549384190449076,0.041117435463414155,0.011238676416711644,0.033175323595749005,-0.009791522621526008,0.0770766839661495,
/home/ubuntu/cogitao-research/checkpoints/cogitao_vit_cross_attention/cogitao_c1_experiment_4_vit6_function_mlp_cross_attention/run_000/last.ckpt,35f91e02d5b826c89f6b24f52abf83581220b4b6676009c59b6715b0b2251589,dfec9cbb2afe6616194c1fb41430c0c5d2bc4208,4,val_ood,crop_contours,double_right,double_right -> crop_contours,"pair (f,g): fgx=f(g(x)); task-token order [g,f] means g -> f",55,55,55,image_input_tokens,42,78000,256,256,0.01,2,"{""fixed_ranks"": [1, 2, 4, 8, 16, 32], ""variance_thresholds"": [0.9, 0.95]}",recorded_ood,77,0.02651425511361317,0.036500750692697016,0.017597426426111243,0.0533071185280294,1.0,0.1405637544881166,0.055606186926173126,0.03706723979125895,0.0017001341091754246,0.02465580942305715,-0.018311036794217864,0.20203510115211654,
/home/ubuntu/cogitao-research/checkpoints/cogitao_vit_cross_attention/cogitao_c1_experiment_4_vit6_function_mlp_cross_attention/run_000/last.ckpt,35f91e02d5b826c89f6b24f52abf83581220b4b6676009c59b6715b0b2251589,dfec9cbb2afe6616194c1fb41430c0c5d2bc4208,4,val_ood,crop_contours,double_right,double_right -> crop_contours,"pair (f,g): fgx=f(g(x)); task-token order [g,f] means g -> f",55,55,55,image_block_01,42,78000,256,256,0.01,2,"{""fixed_ranks"": [1, 2, 4, 8, 16, 32], ""variance_thresholds"": [0.9, 0.95]}",recorded_ood,59,0.09835896999954279,0.09252848422873598,0.07763343595964997,0.19924383310320404,1.0,0.2008897034873776,0.24067150670168688,0.11876670196911905,0.007047277231311405,0.03508363511148408,-0.006266059048968209,,
/home/ubuntu/cogitao-research/checkpoints/cogitao_vit_cross_attention/cogitao_c1_experiment_4_vit6_function_mlp_cross_attention/run_000/last.ckpt,35f91e02d5b826c89f6b24f52abf83581220b4b6676009c59b6715b0b2251589,dfec9cbb2afe6616194c1fb41430c0c5d2bc4208,4,val_ood,crop_contours,double_right,double_right -> crop_contours,"pair (f,g): fgx=f(g(x)); task-token order [g,f] means g -> f",55,55,55,image_block_01,42,78000,256,256,0.01,2,"{""fixed_ranks"": [1, 2, 4, 8, 16, 32], ""variance_thresholds"": [0.9, 0.95]}",recorded_ood,21,0.09661352900616962,0.11501345252332498,0.05980687710542837,0.21767868944835606,1.0,0.1849372936862812,0.23924345065470426,0.15024911990885761,0.005301836237938243,0.044446108219235086,0.003096414058782797,,
/home/ubuntu/cogitao-research/checkpoints/cogitao_vit_cross_attention/cogitao_c1_experiment_4_vit6_function_mlp_cross_attention/run_000/last.ckpt,35f91e02d5b826c89f6b24f52abf83581220b4b6676009c59b6715b0b2251589,dfec9cbb2afe6616194c1fb41430c0c5d2bc4208,4,val_ood,crop_contours,double_right,double_right -> crop_contours,"pair (f,g): fgx=f(g(x)); task-token order [g,f] means g -> f",55,55,55,image_block_01,42,78000,256,256,0.01,2,"{""fixed_ranks"": [1, 2, 4, 8, 16, 32], ""variance_thresholds"": [0.9, 0.95]}",recorded_ood,56,0.14071585235077888,0.15828349741521675,0.07193542279871507,0.2548118350588056,1.0,0.15677015492148674,0.32718923441376097,0.14894288867650143,0.0494041595825475,0.046104406363409615,0.004754712202957326,,
/home/ubuntu/cogitao-research/checkpoints/cogitao_vit_cross_attention/cogitao_c1_experiment_4_vit6_function_mlp_cross_attention/run_000/last.ckpt,35f91e02d5b826c89f6b24f52abf83581220b4b6676009c59b6715b0b2251589,dfec9cbb2afe6616194c1fb41430c0c5d2bc4208,4,val_ood,crop_contours,double_right,double_right -> crop_contours,"pair (f,g): fgx=f(g(x)); task-token order [g,f] means g -> f",55,55,55,image_block_01,42,78000,256,256,0.01,2,"{""fixed_ranks"": [1, 2, 4, 8, 16, 32], ""variance_thresholds"": [0.9, 0.95]}",recorded_ood,42,0.14366823713108548,0.14465352802303416,0.15866438657025214,0.23881117147387568,1.0,0.27342518817068434,0.1444364046547834,0.14644848584962836,0.0523565443628541,0.07504946732390295,0.033699773163450665,,
/home/ubuntu/cogitao-research/checkpoints/cogitao_vit_cross_attention/cogitao_c1_experiment_4_vit6_function_mlp_cross_attention/run_000/last.ckpt,35f91e02d5b826c89f6b24f52abf83581220b4b6676009c59b6715b0b2251589,dfec9cbb2afe6616194c1fb41430c0c5d2bc4208,4,val_ood,crop_contours,double_right,double_right -> crop_contours,"pair (f,g): fgx=f(g(x)); task-token order [g,f] means g -> f",55,55,55,image_block_01,42,78000,256,256,0.01,2,"{""fixed_ranks"": [1, 2, 4, 8, 16, 32], ""variance_thresholds"": [0.9, 0.95]}",recorded_ood,27,0.10653207538668175,0.11412970601277606,0.06665941043441108,0.2603632806134168,1.0,0.10599258856073522,0.3374587671997262,0.1621110832308606,0.015220382618450365,0.03013329323839505,-0.011216400922057241,,
/home/ubuntu/cogitao-research/checkpoints/cogitao_vit_cross_attention/cogitao_c1_experiment_4_vit6_function_mlp_cross_attention/run_000/last.ckpt,35f91e02d5b826c89f6b24f52abf83581220b4b6676009c59b6715b0b2251589,dfec9cbb2afe6616194c1fb41430c0c5d2bc4208,4,val_ood,crop_contours,double_right,double_right -> crop_contours,"pair (f,g): fgx=f(g(x)); task-token order [g,f] means g -> f",55,55,55,image_block_01,42,78000,256,256,0.01,2,"{""fixed_ranks"": [1, 2, 4, 8, 16, 32], ""variance_thresholds"": [0.9, 0.95]}",recorded_ood,92,0.1428243954986235,0.1467077248189625,0.16372908374766224,0.19257957681803511,1.0,0.12304312246327485,0.29405086415596426,0.15917343890733582,0.051512702730392115,0.0407837487512808,-0.0005659454091714866,,
/home/ubuntu/cogitao-research/checkpoints/cogitao_vit_cross_attention/cogitao_c1_experiment_4_vit6_function_mlp_cross_attention/run_000/last.ckpt,35f91e02d5b826c89f6b24f52abf83581220b4b6676009c59b6715b0b2251589,dfec9cbb2afe6616194c1fb41430c0c5d2bc4208,4,val_ood,crop_contours,double_right,double_right -> crop_contours,"pair (f,g): fgx=f(g(x)); task-token order [g,f] means g -> f",55,55,55,image_block_01,42,78000,256,256,0.01,2,"{""fixed_ranks"": [1, 2, 4, 8, 16, 32], ""variance_thresholds"": [0.9, 0.95]}",recorded_ood,71,0.10808402348330966,0.10798301404535082,0.05013287612150874,0.20290873824566255,1.0,0.19005615084221375,0.2744682887034405,0.10451549490061236,0.016772330715078276,0.03945014540890487,-0.0018995487515474224,,
/home/ubuntu/cogitao-research/checkpoints/cogitao_vit_cross_attention/cogitao_c1_experiment_4_vit6_function_mlp_cross_attention/run_000/last.ckpt,35f91e02d5b826c89f6b24f52abf83581220b4b6676009c59b6715b0b2251589,dfec9cbb2afe6616194c1fb41430c0c5d2bc4208,4,val_ood,crop_contours,double_right,double_right -> crop_contours,"pair (f,g): fgx=f(g(x)); task-token order [g,f] means g -> f",55,55,55,image_block_01,42,78000,256,256,0.01,2,"{""fixed_ranks"": [1, 2, 4, 8, 16, 32], ""variance_thresholds"": [0.9, 0.95]}",recorded_ood,24,0.09427920943604116,0.10907123365608398,0.07291426271752577,0.21760775497366547,1.0,0.2063880996200189,0.23575292797061975,0.10334983304041885,0.002967516667809783,0.04762060565774011,0.006270911497287819,,
/home/ubuntu/cogitao-research/checkpoints/cogitao_vit_cross_attention/cogitao_c1_experiment_4_vit6_function_mlp_cross_attention/run_000/last.ckpt,35f91e02d5b826c89f6b24f52abf83581220b4b6676009c59b6715b0b2251589,dfec9cbb2afe6616194c1fb41430c0c5d2bc4208,4,val_ood,crop_contours,double_right,double_right -> crop_contours,"pair (f,g): fgx=f(g(x)); task-token order [g,f] means g -> f",55,55,55,image_block_01,42,78000,256,256,0.01,2,"{""fixed_ranks"": [1, 2, 4, 8, 16, 32], ""variance_thresholds"": [0.9, 0.95]}",recorded_ood,52,0.07297700955898181,0.06875501840088312,0.08790307069210128,0.23390814969932502,1.0,0.28487799904264816,0.20782001698713395,0.08280018656961811,-0.018334683209249567,0.04317161471886782,0.0018219205584155337,,
/home/ubuntu/cogitao-research/checkpoints/cogitao_vit_cross_attention/cogitao_c1_experiment_4_vit6_function_mlp_cross_attention/run_000/last.ckpt,35f91e02d5b826c89f6b24f52abf83581220b4b6676009c59b6715b0b2251589,dfec9cbb2afe6616194c1fb41430c0c5d2bc4208,4,val_ood,crop_contours,double_right,double_right -> crop_contours,"pair (f,g): fgx=f(g(x)); task-token order [g,f] means g -> f",55,55,55,image_block_01,42,78000,256,256,0.01,2,"{""fixed_ranks"": [1, 2, 4, 8, 16, 32], ""variance_thresholds"": [0.9, 0.95]}",recorded_ood,81,0.13905779507075436,0.1455106270987029,0.09594290974188815,0.20571815088829126,1.0,0.10114821850862535,0.3110534909387997,0.164962554093204,0.04774610230252298,0.03201247534654091,-0.009337218813911377,,
/home/ubuntu/cogitao-research/checkpoints/cogitao_vit_cross_attention/cogitao_c1_experiment_4_vit6_function_mlp_cross_attention/run_000/last.ckpt,35f91e02d5b826c89f6b24f52abf83581220b4b6676009c59b6715b0b2251589,dfec9cbb2afe6616194c1fb41430c0c5d2bc4208,4,val_ood,crop_contours,double_right,double_right -> crop_contours,"pair (f,g): fgx=f(g(x)); task-token order [g,f] means g -> f",55,55,55,image_block_01,42,78000,256,256,0.01,2,"{""fixed_ranks"": [1, 2, 4, 8, 16, 32], ""variance_thresholds"": [0.9, 0.95]}",recorded_ood,99,0.15042676589893927,0.13848196239616176,0.07779518477728217,0.24935379331036212,1.0,0.20414483330996377,0.2991343633133141,0.13470329494799382,0.05911507313070789,0.043825048626396926,0.002475354465944636,,
/home/ubuntu/cogitao-research/checkpoints/cogitao_vit_cross_attention/cogitao_c1_experiment_4_vit6_function_mlp_cross_attention/run_000/last.ckpt,35f91e02d5b826c89f6b24f52abf83581220b4b6676009c59b6715b0b2251589,dfec9cbb2afe6616194c1fb41430c0c5d2bc4208,4,val_ood,crop_contours,double_right,double_right -> crop_contours,"pair (f,g): fgx=f(g(x)); task-token order [g,f] means g -> f",55,55,55,image_block_01,42,78000,256,256,0.01,2,"{""fixed_ranks"": [1, 2, 4, 8, 16, 32], ""variance_thresholds"": [0.9, 0.95]}",recorded_ood,4,0.15646966811610824,0.16028420059204315,0.09580631069403796,0.19557725122200265,1.0,0.11253817119457105,0.2918578161580417,0.19185968058798408,0.06515797534787686,0.03536780724664894,-0.005981886913803351,,
/home/ubuntu/cogitao-research/checkpoints/cogitao_vit_cross_attention/cogitao_c1_experiment_4_vit6_function_mlp_cross_attention/run_000/last.ckpt,35f91e02d5b826c89f6b24f52abf83581220b4b6676009c59b6715b0b2251589,dfec9cbb2afe6616194c1fb41430c0c5d2bc4208,4,val_ood,crop_contours,double_right,double_right -> crop_contours,"pair (f,g): fgx=f(g(x)); task-token order [g,f] means g -> f",55,55,55,image_block_01,42,78000,256,256,0.01,2,"{""fixed_ranks"": [1, 2, 4, 8, 16, 32], ""variance_thresholds"": [0.9, 0.95]}",recorded_ood,94,0.11195945783535727,0.10497702878447926,0.04394567984529259,0.1945944272499942,1.0,0.17925236859529575,0.26656789851987517,0.12094617402281196,0.020647765067125887,0.04190065197410548,0.0005509578136531912,,
/home/ubuntu/cogitao-research/checkpoints/cogitao_vit_cross_attention/cogitao_c1_experiment_4_vit6_function_mlp_cross_attention/run_000/last.ckpt,35f91e02d5b826c89f6b24f52abf83581220b4b6676009c59b6715b0b2251589,dfec9cbb2afe6616194c1fb41430c0c5d2bc4208,4,val_ood,crop_contours,double_right,double_right -> crop_contours,"pair (f,g): fgx=f(g(x)); task-token order [g,f] means g -> f",55,55,55,image_block_01,42,78000,256,256,0.01,2,"{""fixed_ranks"": [1, 2, 4, 8, 16, 32], ""variance_thresholds"": [0.9, 0.95]}",recorded_ood,80,0.08045104109788664,0.06132579739572925,0.07368823048420632,0.2555000788443633,1.0,0.2538805873505624,0.23965911598959413,0.08512399257238944,-0.010860651670344737,0.0460187669327213,0.004669072772269009,,
/home/ubuntu/cogitao-research/checkpoints/cogitao_vit_cross_attention/cogitao_c1_experiment_4_vit6_function_mlp_cross_attention/run_000/last.ckpt,35f91e02d5b826c89f6b24f52abf83581220b4b6676009c59b6715b0b2251589,dfec9cbb2afe6616194c1fb41430c0c5d2bc4208,4,val_ood,crop_contours,double_right,double_right -> crop_contours,"pair (f,g): fgx=f(g(x)); task-token order [g,f] means g -> f",55,55,55,image_block_01,42,78000,256,256,0.01,2,"{""fixed_ranks"": [1, 2, 4, 8, 16, 32], ""variance_thresholds"": [0.9, 0.95]}",recorded_ood,7,0.07316073060772486,0.07350067928932141,0.11537132129172381,0.19580674725931177,1.0,0.23395358553550896,0.20860005936648945,0.06894278495262092,-0.018150962160506517,0.04009761003740694,-0.0012520841230453522,,
/home/ubuntu/cogitao-research/checkpoints/cogitao_vit_cross_attention/cogitao_c1_experiment_4_vit6_function_mlp_cross_attention/run_000/last.ckpt,35f91e02d5b826c89f6b24f52abf83581220b4b6676009c59b6715b0b2251589,dfec9cbb2afe6616194c1fb41430c0c5d2bc4208,4,val_ood,crop_contours,double_right,double_right -> crop_contours,"pair (f,g): fgx=f(g(x)); task-token order [g,f] means g -> f",55,55,55,image_block_01,42,78000,256,256,0.01,2,"{""fixed_ranks"": [1, 2, 4, 8, 16, 32], ""variance_thresholds"": [0.9, 0.95]}",recorded_ood,57,0.10031429343397943,0.10779228752335124,0.10040313666661084,0.21263312137654358,1.0,0.2038004811740054,0.1809466005804199,0.09922665894904326,0.009002600665748053,0.059446238155161174,0.018096543994708884,,
/home/ubuntu/cogitao-research/checkpoints/cogitao_vit_cross_attention/cogitao_c1_experiment_4_vit6_function_mlp_cross_attention/run_000/last.ckpt,35f91e02d5b826c89f6b24f52abf83581220b4b6676009c59b6715b0b2251589,dfec9cbb2afe6616194c1fb41430c0c5d2bc4208,4,val_ood,crop_contours,double_right,double_right -> crop_contours,"pair (f,g): fgx=f(g(x)); task-token order [g,f] means g -> f",55,55,55,image_block_01,42,78000,256,256,0.01,2,"{""fixed_ranks"": [1, 2, 4, 8, 16, 32], ""variance_thresholds"": [0.9, 0.95]}",recorded_ood,79,0.07371002184650748,0.08126000324121915,0.08469361626597662,0.16996680543788148,1.0,0.17011394466789395,0.19777407423095275,0.10851259448619799,-0.017601670921723905,0.044278298035407414,0.002928603874955124,,
/home/ubuntu/cogitao-research/checkpoints/cogitao_vit_cross_attention/cogitao_c1_experiment_4_vit6_function_mlp_cross_attention/run_000/last.ckpt,35f91e02d5b826c89f6b24f52abf83581220b4b6676009c59b6715b0b2251589,dfec9cbb2afe6616194c1fb41430c0c5d2bc4208,4,val_ood,crop_contours,double_right,double_right -> crop_contours,"pair (f,g): fgx=f(g(x)); task-token order [g,f] means g -> f",55,55,55,image_block_01,42,78000,256,256,0.01,2,"{""fixed_ranks"": [1, 2, 4, 8, 16, 32], ""variance_thresholds"": [0.9, 0.95]}",recorded_ood,26,0.06055428988335962,0.07712078383349658,0.08715164758276094,0.21913662374409626,1.0,0.2577468174438464,0.1519060639077904,0.05635391018984893,-0.030757402884871762,0.04110363338896638,-0.0002460607714859092,,
/home/ubuntu/cogitao-research/checkpoints/cogitao_vit_cross_attention/cogitao_c1_experiment_4_vit6_function_mlp_cross_attention/run_000/last.ckpt,35f91e02d5b826c89f6b24f52abf83581220b4b6676009c59b6715b0b2251589,dfec9cbb2afe6616194c1fb41430c0c5d2bc4208,4,val_ood,crop_contours,double_right,double_right -> crop_contours,"pair (f,g): fgx=f(g(x)); task-token order [g,f] means g -> f",55,55,55,image_block_01,42,78000,256,256,0.01,2,"{""fixed_ranks"": [1, 2, 4, 8, 16, 32], ""variance_thresholds"": [0.9, 0.95]}",recorded_ood,78,0.11727929445053675,0.11644271973050913,0.04416266093131252,0.2393668343569748,1.0,0.1238661452771441,0.3109933140600714,0.151358190129641,0.025967601682305372,0.04437672719930631,0.0030270330388540226,,
/home/ubuntu/cogitao-research/checkpoints/cogitao_vit_cross_attention/cogitao_c1_experiment_4_vit6_function_mlp_cross_attention/run_000/last.ckpt,35f91e02d5b826c89f6b24f52abf83581220b4b6676009c59b6715b0b2251589,dfec9cbb2afe6616194c1fb41430c0c5d2bc4208,4,val_ood,crop_contours,double_right,double_right -> crop_contours,"pair (f,g): fgx=f(g(x)); task-token order [g,f] means g -> f",55,55,55,image_block_01,42,78000,256,256,0.01,2,"{""fixed_ranks"": [1, 2, 4, 8, 16, 32], ""variance_thresholds"": [0.9, 0.95]}",recorded_ood,38,0.10387838074110914,0.09501819890810342,0.06714598546595558,0.18976302087889707,1.0,0.20346592460743346,0.19161042831588584,0.061691639022086894,0.012566687972877758,0.05845611969654165,0.017106425536089362,,
/home/ubuntu/cogitao-research/checkpoints/cogitao_vit_cross_attention/cogitao_c1_experiment_4_vit6_function_mlp_cross_attention/run_000/last.ckpt,35f91e02d5b826c89f6b24f52abf83581220b4b6676009c59b6715b0b2251589,dfec9cbb2afe6616194c1fb41430c0c5d2bc4208,4,val_ood,crop_contours,double_right,double_right -> crop_contours,"pair (f,g): fgx=f(g(x)); task-token order [g,f] means g -> f",55,55,55,image_block_01,42,78000,256,256,0.01,2,"{""fixed_ranks"": [1, 2, 4, 8, 16, 32], ""variance_thresholds"": [0.9, 0.95]}",recorded_ood,86,0.13950754910381025,0.12722043991362203,0.12867575194455455,0.2595424968345805,1.0,0.29245416427060267,0.21455906091747945,0.09295807240237336,0.048195856335578866,0.039590726863123475,-0.0017589672973288145,,
/home/ubuntu/cogitao-research/checkpoints/cogitao_vit_cross_attention/cogitao_c1_experiment_4_vit6_function_mlp_cross_attention/run_000/last.ckpt,35f91e02d5b826c89f6b24f52abf83581220b4b6676009c59b6715b0b2251589,dfec9cbb2afe6616194c1fb41430c0c5d2bc4208,4,val_ood,crop_contours,double_right,double_right -> crop_contours,"pair (f,g): fgx=f(g(x)); task-token order [g,f] means g -> f",55,55,55,image_block_01,42,78000,256,256,0.01,2,"{""fixed_ranks"": [1, 2, 4, 8, 16, 32], ""variance_thresholds"": [0.9, 0.95]}",recorded_ood,45,0.08920345511786049,0.0884607541122106,0.07051094598237873,0.22465845957538982,1.0,0.1999823048674001,0.22474408928850828,0.09939059702348174,-0.002108237650370895,0.062079238482523794,0.020729544322071504,,
/home/ubuntu/cogitao-research/checkpoints/cogitao_vit_cross_attention/cogitao_c1_experiment_4_vit6_function_mlp_cross_attention/run_000/last.ckpt,35f91e02d5b826c89f6b24f52abf83581220b4b6676009c59b6715b0b2251589,dfec9cbb2afe6616194c1fb41430c0c5d2bc4208,4,val_ood,crop_contours,double_right,double_right -> crop_contours,"pair (f,g): fgx=f(g(x)); task-token order [g,f] means g -> f",55,55,55,image_block_01,42,78000,256,256,0.01,2,"{""fixed_ranks"": [1, 2, 4, 8, 16, 32], ""variance_thresholds"": [0.9, 0.95]}",recorded_ood,17,0.08598363333922386,0.07711476233122441,0.09917030028576111,0.17827921832859203,1.0,0.22404261634184836,0.22066100284486467,0.06685222588623323,-0.00532805942900752,0.0307840165278045,-0.01056567763264779,,
/home/ubuntu/cogitao-research/checkpoints/cogitao_vit_cross_attention/cogitao_c1_experiment_4_vit6_function_mlp_cross_attention/run_000/last.ckpt,35f91e02d5b826c89f6b24f52abf83581220b4b6676009c59b6715b0b2251589,dfec9cbb2afe6616194c1fb41430c0c5d2bc4208,4,val_ood,crop_contours,double_right,double_right -> crop_contours,"pair (f,g): fgx=f(g(x)); task-token order [g,f] means g -> f",55,55,55,image_block_01,42,78000,256,256,0.01,2,"{""fixed_ranks"": [1, 2, 4, 8, 16, 32], ""variance_thresholds"": [0.9, 0.95]}",recorded_ood,91,0.04594873054527085,0.055536289663901894,0.0929004149584253,0.20681011964231402,1.0,0.22655445694280169,0.1877505324513726,0.11320803257731908,-0.04536296222296053,0.03701330762252862,-0.0043363865379236685,,
/home/ubuntu/cogitao-research/checkpoints/cogitao_vit_cross_attention/cogitao_c1_experiment_4_vit6_function_mlp_cross_attention/run_000/last.ckpt,35f91e02d5b826c89f6b24f52abf83581220b4b6676009c59b6715b0b2251589,dfec9cbb2afe6616194c1fb41430c0c5d2bc4208,4,val_ood,crop_contours,double_right,double_right -> crop_contours,"pair (f,g): fgx=f(g(x)); task-token order [g,f] means g -> f",55,55,55,image_block_01,42,78000,256,256,0.01,2,"{""fixed_ranks"": [1, 2, 4, 8, 16, 32], ""variance_thresholds"": [0.9, 0.95]}",recorded_ood,40,0.1200695437457425,0.15625786615869905,0.08624805524493989,0.2903598535691851,1.0,0.2127422891242797,0.35833810297962126,0.2073591731169846,0.028757850977511115,0.02752720515662001,-0.013822489003832279,,
/home/ubuntu/cogitao-research/checkpoints/cogitao_vit_cross_attention/cogitao_c1_experiment_4_vit6_function_mlp_cross_attention/run_000/last.ckpt,35f91e02d5b826c89f6b24f52abf83581220b4b6676009c59b6715b0b2251589,dfec9cbb2afe6616194c1fb41430c0c5d2bc4208,4,val_ood,crop_contours,double_right,double_right -> crop_contours,"pair (f,g): fgx=f(g(x)); task-token order [g,f] means g -> f",55,55,55,image_block_01,42,78000,256,256,0.01,2,"{""fixed_ranks"": [1, 2, 4, 8, 16, 32], ""variance_thresholds"": [0.9, 0.95]}",recorded_ood,68,0.1278820942952767,0.12918097284900526,0.12580906092952873,0.2565625870082164,1.0,0.23908964613740344,0.278699146138308,0.13927840675371353,0.03657040152704531,0.029903888505752475,-0.011445805654699815,,
/home/ubuntu/cogitao-research/checkpoints/cogitao_vit_cross_attention/cogitao_c1_experiment_4_vit6_function_mlp_cross_attention/run_000/last.ckpt,35f91e02d5b826c89f6b24f52abf83581220b4b6676009c59b6715b0b2251589,dfec9cbb2afe6616194c1fb41430c0c5d2bc4208,4,val_ood,crop_contours,double_right,double_right -> crop_contours,"pair (f,g): fgx=f(g(x)); task-token order [g,f] means g -> f",55,55,55,image_block_01,42,78000,256,256,0.01,2,"{""fixed_ranks"": [1, 2, 4, 8, 16, 32], ""variance_thresholds"": [0.9, 0.95]}",recorded_ood,1,0.13260350272656082,0.13795352537597008,0.07403037982488836,0.2238746202346714,1.0,0.20554540027230472,0.2825591830051571,0.10949118495786185,0.04129180995832944,0.059751832570261565,0.018402138409809275,,
/home/ubuntu/cogitao-research/checkpoints/cogitao_vit_cross_attention/cogitao_c1_experiment_4_vit6_function_mlp_cross_attention/run_000/last.ckpt,35f91e02d5b826c89f6b24f52abf83581220b4b6676009c59b6715b0b2251589,dfec9cbb2afe6616194c1fb41430c0c5d2bc4208,4,val_ood,crop_contours,double_right,double_right -> crop_contours,"pair (f,g): fgx=f(g(x)); task-token order [g,f] means g -> f",55,55,55,image_block_01,42,78000,256,256,0.01,2,"{""fixed_ranks"": [1, 2, 4, 8, 16, 32], ""variance_thresholds"": [0.9, 0.95]}",recorded_ood,95,0.1130094216764573,0.11856689731523881,0.06467082146937025,0.1843878863686699,1.0,0.21370865436887196,0.16534183178505138,0.07578857698559285,0.021697728908225924,0.04445654760624806,0.003106853445795768,0.15330696595259485,
/home/ubuntu/cogitao-research/checkpoints/cogitao_vit_cross_attention/cogitao_c1_experiment_4_vit6_function_mlp_cross_attention/run_000/last.ckpt,35f91e02d5b826c89f6b24f52abf83581220b4b6676009c59b6715b0b2251589,dfec9cbb2afe6616194c1fb41430c0c5d2bc4208,4,val_ood,crop_contours,double_right,double_right -> crop_contours,"pair (f,g): fgx=f(g(x)); task-token order [g,f] means g -> f",55,55,55,image_block_01,42,78000,256,256,0.01,2,"{""fixed_ranks"": [1, 2, 4, 8, 16, 32], ""variance_thresholds"": [0.9, 0.95]}",recorded_ood,63,0.0805428993992881,0.09439836595175624,0.05950779352587312,0.24649351041848488,1.0,0.23805042103732024,0.23858604658205992,0.10396169987277812,-0.010768793368943277,0.040233354579485715,-0.0011163395809665744,0.1342592051389688,
/home/ubuntu/cogitao-research/checkpoints/cogitao_vit_cross_attention/cogitao_c1_experiment_4_vit6_function_mlp_cross_attention/run_000/last.ckpt,35f91e02d5b826c89f6b24f52abf83581220b4b6676009c59b6715b0b2251589,dfec9cbb2afe6616194c1fb41430c0c5d2bc4208,4,val_ood,crop_contours,double_right,double_right -> crop_contours,"pair (f,g): fgx=f(g(x)); task-token order [g,f] means g -> f",55,55,55,image_block_01,42,78000,256,256,0.01,2,"{""fixed_ranks"": [1, 2, 4, 8, 16, 32], ""variance_thresholds"": [0.9, 0.95]}",recorded_ood,3,0.14284091840734298,0.1484960645546638,0.09672822427764519,0.2309376983672086,1.0,0.12110325913346798,0.31468685384822564,0.1728878620844253,0.051529225639111595,0.0632193665739408,0.021869672413488507,0.09980845853044779,
/home/ubuntu/cogitao-research/checkpoints/cogitao_vit_cross_attention/cogitao_c1_experiment_4_vit6_function_mlp_cross_attention/run_000/last.ckpt,35f91e02d5b826c89f6b24f52abf83581220b4b6676009c59b6715b0b2251589,dfec9cbb2afe6616194c1fb41430c0c5d2bc4208,4,val_ood,crop_contours,double_right,double_right -> crop_contours,"pair (f,g): fgx=f(g(x)); task-token order [g,f] means g -> f",55,55,55,image_block_01,42,78000,256,256,0.01,2,"{""fixed_ranks"": [1, 2, 4, 8, 16, 32], ""variance_thresholds"": [0.9, 0.95]}",recorded_ood,83,0.1820554529043779,0.22107738031743004,0.1799865846326092,0.2718028359636178,1.0,0.16505485570936604,0.36935278628662377,0.239584931926303,0.09074376013614653,0.051173986941771894,0.009824292781319605,0.23692472520976315,
/home/ubuntu/cogitao-research/checkpoints/cogitao_vit_cross_attention/cogitao_c1_experiment_4_vit6_function_mlp_cross_attention/run_000/last.ckpt,35f91e02d5b826c89f6b24f52abf83581220b4b6676009c59b6715b0b2251589,dfec9cbb2afe6616194c1fb41430c0c5d2bc4208,4,val_ood,crop_contours,double_right,double_right -> crop_contours,"pair (f,g): fgx=f(g(x)); task-token order [g,f] means g -> f",55,55,55,image_block_01,42,78000,256,256,0.01,2,"{""fixed_ranks"": [1, 2, 4, 8, 16, 32], ""variance_thresholds"": [0.9, 0.95]}",recorded_ood,93,0.12049312465514984,0.1366726474621781,0.0588137596889926,0.22822976097760686,1.0,0.1916235629169371,0.2782894895638732,0.09876618844171521,0.029181431886918463,0.0865573409624658,0.04520764680201351,0.09023710441882035,
/home/ubuntu/cogitao-research/checkpoints/cogitao_vit_cross_attention/cogitao_c1_experiment_4_vit6_function_mlp_cross_attention/run_000/last.ckpt,35f91e02d5b826c89f6b24f52abf83581220b4b6676009c59b6715b0b2251589,dfec9cbb2afe6616194c1fb41430c0c5d2bc4208,4,val_ood,crop_contours,double_right,double_right -> crop_contours,"pair (f,g): fgx=f(g(x)); task-token order [g,f] means g -> f",55,55,55,image_block_01,42,78000,256,256,0.01,2,"{""fixed_ranks"": [1, 2, 4, 8, 16, 32], ""variance_thresholds"": [0.9, 0.95]}",recorded_ood,87,0.09901695944644456,0.10441476216371785,0.06017486969531017,0.26258127174661217,1.0,0.2384573987328634,0.2740821183840207,0.1346031301423844,0.007705266678213182,0.035299410564667205,-0.0060502835957850845,0.09424503456257344,
/home/ubuntu/cogitao-research/checkpoints/cogitao_vit_cross_attention/cogitao_c1_experiment_4_vit6_function_mlp_cross_attention/run_000/last.ckpt,35f91e02d5b826c89f6b24f52abf83581220b4b6676009c59b6715b0b2251589,dfec9cbb2afe6616194c1fb41430c0c5d2bc4208,4,val_ood,crop_contours,double_right,double_right -> crop_contours,"pair (f,g): fgx=f(g(x)); task-token order [g,f] means g -> f",55,55,55,image_block_01,42,78000,256,256,0.01,2,"{""fixed_ranks"": [1, 2, 4, 8, 16, 32], ""variance_thresholds"": [0.9, 0.95]}",recorded_ood,73,0.12852683920019234,0.16896271641922864,0.08149101909575139,0.2600759540089538,1.0,0.1631983967860792,0.33303920834341505,0.18030135909032516,0.03721514643196096,0.049204351064120855,0.007854656903668565,0.1365239904423281,
/home/ubuntu/cogitao-research/checkpoints/cogitao_vit_cross_attention/cogitao_c1_experiment_4_vit6_function_mlp_cross_attention/run_000/last.ckpt,35f91e02d5b826c89f6b24f52abf83581220b4b6676009c59b6715b0b2251589,dfec9cbb2afe6616194c1fb41430c0c5d2bc4208,4,val_ood,crop_contours,double_right,double_right -> crop_contours,"pair (f,g): fgx=f(g(x)); task-token order [g,f] means g -> f",55,55,55,image_block_01,42,78000,256,256,0.01,2,"{""fixed_ranks"": [1, 2, 4, 8, 16, 32], ""variance_thresholds"": [0.9, 0.95]}",recorded_ood,75,0.1620549158405899,0.17448679157645186,0.0717276933969335,0.278438116449328,1.0,0.22449043107029804,0.3156047957618104,0.17373558533251496,0.07074322307235852,0.03645862134033983,-0.00489107282011246,0.17965687080729884,
/home/ubuntu/cogitao-research/checkpoints/cogitao_vit_cross_attention/cogitao_c1_experiment_4_vit6_function_mlp_cross_attention/run_000/last.ckpt,35f91e02d5b826c89f6b24f52abf83581220b4b6676009c59b6715b0b2251589,dfec9cbb2afe6616194c1fb41430c0c5d2bc4208,4,val_ood,crop_contours,double_right,double_right -> crop_contours,"pair (f,g): fgx=f(g(x)); task-token order [g,f] means g -> f",55,55,55,image_block_01,42,78000,256,256,0.01,2,"{""fixed_ranks"": [1, 2, 4, 8, 16, 32], ""variance_thresholds"": [0.9, 0.95]}",recorded_ood,23,0.06607376170721782,0.0702146024860632,0.05431697121281073,0.17271850235237896,1.0,0.2039724459184016,0.23268709788584727,0.0724601644872891,-0.02523793106101356,0.045267900476812895,0.003918206316360605,0.1386255858516035,
/home/ubuntu/cogitao-research/checkpoints/cogitao_vit_cross_attention/cogitao_c1_experiment_4_vit6_function_mlp_cross_attention/run_000/last.ckpt,35f91e02d5b826c89f6b24f52abf83581220b4b6676009c59b6715b0b2251589,dfec9cbb2afe6616194c1fb41430c0c5d2bc4208,4,val_ood,crop_contours,double_right,double_right -> crop_contours,"pair (f,g): fgx=f(g(x)); task-token order [g,f] means g -> f",55,55,55,image_block_01,42,78000,256,256,0.01,2,"{""fixed_ranks"": [1, 2, 4, 8, 16, 32], ""variance_thresholds"": [0.9, 0.95]}",recorded_ood,15,0.12064717174607029,0.11790176976973006,0.0872585397867164,0.2478211259875946,1.0,0.23547573143894487,0.291819028088447,0.1344518005591047,0.029335478977838905,0.04957231326367814,0.008222619103225852,0.1466729295686266,
/home/ubuntu/cogitao-research/checkpoints/cogitao_vit_cross_attention/cogitao_c1_experiment_4_vit6_function_mlp_cross_attention/run_000/last.ckpt,35f91e02d5b826c89f6b24f52abf83581220b4b6676009c59b6715b0b2251589,dfec9cbb2afe6616194c1fb41430c0c5d2bc4208,4,val_ood,crop_contours,double_right,double_right -> crop_contours,"pair (f,g): fgx=f(g(x)); task-token order [g,f] means g -> f",55,55,55,image_block_01,42,78000,256,256,0.01,2,"{""fixed_ranks"": [1, 2, 4, 8, 16, 32], ""variance_thresholds"": [0.9, 0.95]}",recorded_ood,9,0.15365799346127548,0.13968085506613548,0.09042354251304334,0.2771319571107809,1.0,0.20340030167009407,0.3110306625496473,0.1259819580354661,0.0623463006930441,0.04440996432512517,0.0030602701646728833,0.1790407394733142,
/home/ubuntu/cogitao-research/checkpoints/cogitao_vit_cross_attention/cogitao_c1_experiment_4_vit6_function_mlp_cross_attention/run_000/last.ckpt,35f91e02d5b826c89f6b24f52abf83581220b4b6676009c59b6715b0b2251589,dfec9cbb2afe6616194c1fb41430c0c5d2bc4208,4,val_ood,crop_contours,double_right,double_right -> crop_contours,"pair (f,g): fgx=f(g(x)); task-token order [g,f] means g -> f",55,55,55,image_block_01,42,78000,256,256,0.01,2,"{""fixed_ranks"": [1, 2, 4, 8, 16, 32], ""variance_thresholds"": [0.9, 0.95]}",recorded_ood,31,0.06747530337130771,0.06595817962358874,0.2050799621703268,0.18168818080463564,1.0,0.1848029715315882,0.18856443034005094,0.07025232934239711,-0.023836389396923674,0.03615436846522952,-0.005195325695222769,0.11049103602514397,
/home/ubuntu/cogitao-research/checkpoints/cogitao_vit_cross_attention/cogitao_c1_experiment_4_vit6_function_mlp_cross_attention/run_000/last.ckpt,35f91e02d5b826c89f6b24f52abf83581220b4b6676009c59b6715b0b2251589,dfec9cbb2afe6616194c1fb41430c0c5d2bc4208,4,val_ood,crop_contours,double_right,double_right -> crop_contours,"pair (f,g): fgx=f(g(x)); task-token order [g,f] means g -> f",55,55,55,image_block_01,42,78000,256,256,0.01,2,"{""fixed_ranks"": [1, 2, 4, 8, 16, 32], ""variance_thresholds"": [0.9, 0.95]}",recorded_ood,72,0.11232988429387346,0.10963990630806918,0.05013252585107591,0.20981256427985503,1.0,0.13570291501758736,0.24774332809806307,0.11551373905679839,0.021018191525642077,0.04783641344789595,0.006486719287443661,0.10470158719171778,
/home/ubuntu/cogitao-research/checkpoints/cogitao_vit_cross_attention/cogitao_c1_experiment_4_vit6_function_mlp_cross_attention/run_000/last.ckpt,35f91e02d5b826c89f6b24f52abf83581220b4b6676009c59b6715b0b2251589,dfec9cbb2afe6616194c1fb41430c0c5d2bc4208,4,val_ood,crop_contours,double_right,double_right -> crop_contours,"pair (f,g): fgx=f(g(x)); task-token order [g,f] means g -> f",55,55,55,image_block_01,42,78000,256,256,0.01,2,"{""fixed_ranks"": [1, 2, 4, 8, 16, 32], ""variance_thresholds"": [0.9, 0.95]}",recorded_ood,67,0.12584279854029562,0.12339181626827017,0.09340322932547639,0.231952967662079,1.0,0.21212502319758275,0.2655568821658896,0.132452944240017,0.03453110577206424,0.05446739825168929,0.013117704091236998,0.1377338724178678,
/home/ubuntu/cogitao-research/checkpoints/cogitao_vit_cross_attention/cogitao_c1_experiment_4_vit6_function_mlp_cross_attention/run_000/last.ckpt,35f91e02d5b826c89f6b24f52abf83581220b4b6676009c59b6715b0b2251589,dfec9cbb2afe6616194c1fb41430c0c5d2bc4208,4,val_ood,crop_contours,double_right,double_right -> crop_contours,"pair (f,g): fgx=f(g(x)); task-token order [g,f] means g -> f",55,55,55,image_block_01,42,78000,256,256,0.01,2,"{""fixed_ranks"": [1, 2, 4, 8, 16, 32], ""variance_thresholds"": [0.9, 0.95]}",recorded_ood,34,0.08778520202104331,0.11690984001441933,0.15514411178822823,0.22851360633221435,1.0,0.22348177392202664,0.24146071588745208,0.1585339109537923,-0.0035264907471880685,0.039239094383883344,-0.0021105997765689458,0.16334332802563567,
/home/ubuntu/cogitao-research/checkpoints/cogitao_vit_cross_attention/cogitao_c1_experiment_4_vit6_function_mlp_cross_attention/run_000/last.ckpt,35f91e02d5b826c89f6b24f52abf83581220b4b6676009c59b6715b0b2251589,dfec9cbb2afe6616194c1fb41430c0c5d2bc4208,4,val_ood,crop_contours,double_right,double_right -> crop_contours,"pair (f,g): fgx=f(g(x)); task-token order [g,f] means g -> f",55,55,55,image_block_01,42,78000,256,256,0.01,2,"{""fixed_ranks"": [1, 2, 4, 8, 16, 32], ""variance_thresholds"": [0.9, 0.95]}",recorded_ood,30,0.13927542387867203,0.15831936676174593,0.09309296374479249,0.22078377990291234,1.0,0.12619017725249915,0.33850513715376856,0.19215903667228995,0.04796373111044065,0.03804090320111568,-0.003308790959336609,0.1301172540758437,
/home/ubuntu/cogitao-research/checkpoints/cogitao_vit_cross_attention/cogitao_c1_experiment_4_vit6_function_mlp_cross_attention/run_000/last.ckpt,35f91e02d5b826c89f6b24f52abf83581220b4b6676009c59b6715b0b2251589,dfec9cbb2afe6616194c1fb41430c0c5d2bc4208,4,val_ood,crop_contours,double_right,double_right -> crop_contours,"pair (f,g): fgx=f(g(x)); task-token order [g,f] means g -> f",55,55,55,image_block_01,42,78000,256,256,0.01,2,"{""fixed_ranks"": [1, 2, 4, 8, 16, 32], ""variance_thresholds"": [0.9, 0.95]}",recorded_ood,74,0.08814005687147847,0.09428737341836199,0.05388912004124628,0.2026850700400647,1.0,0.25251575522047287,0.23946963271901453,0.06228631008736896,-0.003171635896752914,0.08181050684283163,0.04046081268237934,0.11804769328419316,
/home/ubuntu/cogitao-research/checkpoints/cogitao_vit_cross_attention/cogitao_c1_experiment_4_vit6_function_mlp_cross_attention/run_000/last.ckpt,35f91e02d5b826c89f6b24f52abf83581220b4b6676009c59b6715b0b2251589,dfec9cbb2afe6616194c1fb41430c0c5d2bc4208,4,val_ood,crop_contours,double_right,double_right -> crop_contours,"pair (f,g): fgx=f(g(x)); task-token order [g,f] means g -> f",55,55,55,image_block_01,42,78000,256,256,0.01,2,"{""fixed_ranks"": [1, 2, 4, 8, 16, 32], ""variance_thresholds"": [0.9, 0.95]}",recorded_ood,88,0.08734346209012712,0.09359677443206282,0.094801850430918,0.17591108754328313,1.0,0.19444388624703104,0.17450105379755843,0.07125074933279331,-0.0039682306781042564,0.054566691675220436,0.013216997514768146,0.1441567985160902,
/home/ubuntu/cogitao-research/checkpoints/cogitao_vit_cross_attention/cogitao_c1_experiment_4_vit6_function_mlp_cross_attention/run_000/last.ckpt,35f91e02d5b826c89f6b24f52abf83581220b4b6676009c59b6715b0b2251589,dfec9cbb2afe6616194c1fb41430c0c5d2bc4208,4,val_ood,crop_contours,double_right,double_right -> crop_contours,"pair (f,g): fgx=f(g(x)); task-token order [g,f] means g -> f",55,55,55,image_block_01,42,78000,256,256,0.01,2,"{""fixed_ranks"": [1, 2, 4, 8, 16, 32], ""variance_thresholds"": [0.9, 0.95]}",recorded_ood,98,0.13834645768621176,0.12301867594054404,0.09548245331707808,0.24157089574847002,1.0,0.18510048624499423,0.21405833079002248,0.10563834874785903,0.04703476491798038,0.035859426153204026,-0.005490268007248264,0.1410705793011428,
/home/ubuntu/cogitao-research/checkpoints/cogitao_vit_cross_attention/cogitao_c1_experiment_4_vit6_function_mlp_cross_attention/run_000/last.ckpt,35f91e02d5b826c89f6b24f52abf83581220b4b6676009c59b6715b0b2251589,dfec9cbb2afe6616194c1fb41430c0c5d2bc4208,4,val_ood,crop_contours,double_right,double_right -> crop_contours,"pair (f,g): fgx=f(g(x)); task-token order [g,f] means g -> f",55,55,55,image_block_01,42,78000,256,256,0.01,2,"{""fixed_ranks"": [1, 2, 4, 8, 16, 32], ""variance_thresholds"": [0.9, 0.95]}",recorded_ood,49,0.1563604807062708,0.14408342224770107,0.068304820785714,0.2611242342112936,1.0,0.2270522670510848,0.2894510923800424,0.12074173861592279,0.0650487879380394,0.05449543879810379,0.013145744637651502,0.17864309933286648,
/home/ubuntu/cogitao-research/checkpoints/cogitao_vit_cross_attention/cogitao_c1_experiment_4_vit6_function_mlp_cross_attention/run_000/last.ckpt,35f91e02d5b826c89f6b24f52abf83581220b4b6676009c59b6715b0b2251589,dfec9cbb2afe6616194c1fb41430c0c5d2bc4208,4,val_ood,crop_contours,double_right,double_right -> crop_contours,"pair (f,g): fgx=f(g(x)); task-token order [g,f] means g -> f",55,55,55,image_block_01,42,78000,256,256,0.01,2,"{""fixed_ranks"": [1, 2, 4, 8, 16, 32], ""variance_thresholds"": [0.9, 0.95]}",recorded_ood,11,0.11831851030882212,0.12324876246347498,0.06781614011700413,0.2138278980624387,1.0,0.18180596555414405,0.24847721166503423,0.11110562081441659,0.02700681754059074,0.07086438088010252,0.029514686719650234,0.21751848563385284,
/home/ubuntu/cogitao-research/checkpoints/cogitao_vit_cross_attention/cogitao_c1_experiment_4_vit6_function_mlp_cross_attention/run_000/last.ckpt,35f91e02d5b826c89f6b24f52abf83581220b4b6676009c59b6715b0b2251589,dfec9cbb2afe6616194c1fb41430c0c5d2bc4208,4,val_ood,crop_contours,double_right,double_right -> crop_contours,"pair (f,g): fgx=f(g(x)); task-token order [g,f] means g -> f",55,55,55,image_block_01,42,78000,256,256,0.01,2,"{""fixed_ranks"": [1, 2, 4, 8, 16, 32], ""variance_thresholds"": [0.9, 0.95]}",recorded_ood,85,0.11519709001112295,0.10325001570345399,0.0539117963947465,0.2257441918354831,1.0,0.2011213673838332,0.2797351472140296,0.1399367286748219,0.02388539724289157,0.04302481534305729,0.0016751211826050022,0.10093823820489503,
/home/ubuntu/cogitao-research/checkpoints/cogitao_vit_cross_attention/cogitao_c1_experiment_4_vit6_function_mlp_cross_attention/run_000/last.ckpt,35f91e02d5b826c89f6b24f52abf83581220b4b6676009c59b6715b0b2251589,dfec9cbb2afe6616194c1fb41430c0c5d2bc4208,4,val_ood,crop_contours,double_right,double_right -> crop_contours,"pair (f,g): fgx=f(g(x)); task-token order [g,f] means g -> f",55,55,55,image_block_01,42,78000,256,256,0.01,2,"{""fixed_ranks"": [1, 2, 4, 8, 16, 32], ""variance_thresholds"": [0.9, 0.95]}",recorded_ood,41,0.10190681684249882,0.09963379605428689,0.047752009375891316,0.2611435580092939,1.0,0.2166121219517432,0.272462637718004,0.08344989525066036,0.010595124074267437,0.05423521053211052,0.012885516371658232,0.12347149677155056,
/home/ubuntu/cogitao-research/checkpoints/cogitao_vit_cross_attention/cogitao_c1_experiment_4_vit6_function_mlp_cross_attention/run_000/last.ckpt,35f91e02d5b826c89f6b24f52abf83581220b4b6676009c59b6715b0b2251589,dfec9cbb2afe6616194c1fb41430c0c5d2bc4208,4,val_ood,crop_contours,double_right,double_right -> crop_contours,"pair (f,g): fgx=f(g(x)); task-token order [g,f] means g -> f",55,55,55,image_block_01,42,78000,256,256,0.01,2,"{""fixed_ranks"": [1, 2, 4, 8, 16, 32], ""variance_thresholds"": [0.9, 0.95]}",recorded_ood,35,0.13938203995736698,0.1376712055172797,0.09333097540055978,0.26709261243467564,1.0,0.183598397212282,0.3390487243119413,0.18701351217257822,0.048070347189135595,0.049245287089550116,0.007895592929097826,0.1230156466009395,
/home/ubuntu/cogitao-research/checkpoints/cogitao_vit_cross_attention/cogitao_c1_experiment_4_vit6_function_mlp_cross_attention/run_000/last.ckpt,35f91e02d5b826c89f6b24f52abf83581220b4b6676009c59b6715b0b2251589,dfec9cbb2afe6616194c1fb41430c0c5d2bc4208,4,val_ood,crop_contours,double_right,double_right -> crop_contours,"pair (f,g): fgx=f(g(x)); task-token order [g,f] means g -> f",55,55,55,image_block_01,42,78000,256,256,0.01,2,"{""fixed_ranks"": [1, 2, 4, 8, 16, 32], ""variance_thresholds"": [0.9, 0.95]}",recorded_ood,64,0.12371583089228158,0.13985462853923544,0.10129144706472015,0.17298827812566042,1.0,0.2068937011562138,0.23352854409698,0.11451848725997074,0.0324041381240502,0.06395265469262866,0.02260296053217637,0.10401271047722735,
/home/ubuntu/cogitao-research/checkpoints/cogitao_vit_cross_attention/cogitao_c1_experiment_4_vit6_function_mlp_cross_attention/run_000/last.ckpt,35f91e02d5b826c89f6b24f52abf83581220b4b6676009c59b6715b0b2251589,dfec9cbb2afe6616194c1fb41430c0c5d2bc4208,4,val_ood,crop_contours,double_right,double_right -> crop_contours,"pair (f,g): fgx=f(g(x)); task-token order [g,f] means g -> f",55,55,55,image_block_01,42,78000,256,256,0.01,2,"{""fixed_ranks"": [1, 2, 4, 8, 16, 32], ""variance_thresholds"": [0.9, 0.95]}",recorded_ood,36,0.15396837460690802,0.15753095188638833,0.11096291415198271,0.26872445800971567,1.0,0.13527973389466655,0.3743622343816106,0.19766222657267674,0.06265668183867663,0.0633738606870308,0.022024166526578508,0.10800269689786762,
/home/ubuntu/cogitao-research/checkpoints/cogitao_vit_cross_attention/cogitao_c1_experiment_4_vit6_function_mlp_cross_attention/run_000/last.ckpt,35f91e02d5b826c89f6b24f52abf83581220b4b6676009c59b6715b0b2251589,dfec9cbb2afe6616194c1fb41430c0c5d2bc4208,4,val_ood,crop_contours,double_right,double_right -> crop_contours,"pair (f,g): fgx=f(g(x)); task-token order [g,f] means g -> f",55,55,55,image_block_01,42,78000,256,256,0.01,2,"{""fixed_ranks"": [1, 2, 4, 8, 16, 32], ""variance_thresholds"": [0.9, 0.95]}",recorded_ood,65,0.07105168513747412,0.07414716741617913,0.07972281995497874,0.22673898362010392,1.0,0.20490839785461962,0.23022477683613704,0.09507901995134668,-0.020260007630757262,0.04331555035271962,0.001965856192267329,0.11620295372382966,
/home/ubuntu/cogitao-research/checkpoints/cogitao_vit_cross_attention/cogitao_c1_experiment_4_vit6_function_mlp_cross_attention/run_000/last.ckpt,35f91e02d5b826c89f6b24f52abf83581220b4b6676009c59b6715b0b2251589,dfec9cbb2afe6616194c1fb41430c0c5d2bc4208,4,val_ood,crop_contours,double_right,double_right -> crop_contours,"pair (f,g): fgx=f(g(x)); task-token order [g,f] means g -> f",55,55,55,image_block_01,42,78000,256,256,0.01,2,"{""fixed_ranks"": [1, 2, 4, 8, 16, 32], ""variance_thresholds"": [0.9, 0.95]}",recorded_ood,77,0.0931101101905615,0.09930763477347032,0.08664608832120113,0.2404993451637174,1.0,0.25578872225290744,0.25029279693499873,0.0997671457800964,0.001798417422330112,0.040701018096840395,-0.0006486760636118943,0.07525987515788189,
/home/ubuntu/cogitao-research/checkpoints/cogitao_vit_cross_attention/cogitao_c1_experiment_4_vit6_function_mlp_cross_attention/run_000/last.ckpt,35f91e02d5b826c89f6b24f52abf83581220b4b6676009c59b6715b0b2251589,dfec9cbb2afe6616194c1fb41430c0c5d2bc4208,4,val_ood,crop_contours,double_right,double_right -> crop_contours,"pair (f,g): fgx=f(g(x)); task-token order [g,f] means g -> f",55,55,55,image_block_02,42,78000,256,256,0.01,2,"{""fixed_ranks"": [1, 2, 4, 8, 16, 32], ""variance_thresholds"": [0.9, 0.95]}",recorded_ood,59,0.1830811718423827,0.1917876772873257,0.1483238304348272,0.3229491240143801,1.0,0.2889476867321812,0.3604893130491691,0.18689316405960954,0.04062754874159069,0.11556117750115602,0.02218859451396986,,
/home/ubuntu/cogitao-research/checkpoints/cogitao_vit_cross_attention/cogitao_c1_experiment_4_vit6_function_mlp_cross_attention/run_000/last.ckpt,35f91e02d5b826c89f6b24f52abf83581220b4b6676009c59b6715b0b2251589,dfec9cbb2afe6616194c1fb41430c0c5d2bc4208,4,val_ood,crop_contours,double_right,double_right -> crop_contours,"pair (f,g): fgx=f(g(x)); task-token order [g,f] means g -> f",55,55,55,image_block_02,42,78000,256,256,0.01,2,"{""fixed_ranks"": [1, 2, 4, 8, 16, 32], ""variance_thresholds"": [0.9, 0.95]}",recorded_ood,21,0.1550162936218695,0.17061874533897076,0.14351651938538262,0.31511057910897383,1.0,0.22252665358861282,0.3298382045763127,0.20612291493740845,0.012562670521077485,0.1277675182702225,0.034394935283036346,,
/home/ubuntu/cogitao-research/checkpoints/cogitao_vit_cross_attention/cogitao_c1_experiment_4_vit6_function_mlp_cross_attention/run_000/last.ckpt,35f91e02d5b826c89f6b24f52abf83581220b4b6676009c59b6715b0b2251589,dfec9cbb2afe6616194c1fb41430c0c5d2bc4208,4,val_ood,crop_contours,double_right,double_right -> crop_contours,"pair (f,g): fgx=f(g(x)); task-token order [g,f] means g -> f",55,55,55,image_block_02,42,78000,256,256,0.01,2,"{""fixed_ranks"": [1, 2, 4, 8, 16, 32], ""variance_thresholds"": [0.9, 0.95]}",recorded_ood,56,0.2012471775566745,0.22300325686354386,0.12900141993198228,0.40260082700619393,1.0,0.2544561479680132,0.4406455886317906,0.1630982876159362,0.058793554455882496,0.09388342868643319,0.0005108456992470312,,
/home/ubuntu/cogitao-research/checkpoints/cogitao_vit_cross_attention/cogitao_c1_experiment_4_vit6_function_mlp_cross_attention/run_000/last.ckpt,35f91e02d5b826c89f6b24f52abf83581220b4b6676009c59b6715b0b2251589,dfec9cbb2afe6616194c1fb41430c0c5d2bc4208,4,val_ood,crop_contours,double_right,double_right -> crop_contours,"pair (f,g): fgx=f(g(x)); task-token order [g,f] means g -> f",55,55,55,image_block_02,42,78000,256,256,0.01,2,"{""fixed_ranks"": [1, 2, 4, 8, 16, 32], ""variance_thresholds"": [0.9, 0.95]}",recorded_ood,42,0.1950222702404285,0.19561049923295254,0.16571306452013815,0.3306553493269493,1.0,0.3716939200771618,0.2614487892849562,0.19073146353028914,0.05256864713963649,0.13774423875251285,0.04437165576532669,,
/home/ubuntu/cogitao-research/checkpoints/cogitao_vit_cross_attention/cogitao_c1_experiment_4_vit6_function_mlp_cross_attention/run_000/last.ckpt,35f91e02d5b826c89f6b24f52abf83581220b4b6676009c59b6715b0b2251589,dfec9cbb2afe6616194c1fb41430c0c5d2bc4208,4,val_ood,crop_contours,double_right,double_right -> crop_contours,"pair (f,g): fgx=f(g(x)); task-token order [g,f] means g -> f",55,55,55,image_block_02,42,78000,256,256,0.01,2,"{""fixed_ranks"": [1, 2, 4, 8, 16, 32], ""variance_thresholds"": [0.9, 0.95]}",recorded_ood,27,0.14854259684728638,0.20255680382895366,0.12509883798171617,0.39219593864156665,1.0,0.17650141983928752,0.46443138180603283,0.2536350948793992,0.006088973746494364,0.0734340288763326,-0.01993855411085356,,
/home/ubuntu/cogitao-research/checkpoints/cogitao_vit_cross_attention/cogitao_c1_experiment_4_vit6_function_mlp_cross_attention/run_000/last.ckpt,35f91e02d5b826c89f6b24f52abf83581220b4b6676009c59b6715b0b2251589,dfec9cbb2afe6616194c1fb41430c0c5d2bc4208,4,val_ood,crop_contours,double_right,double_right -> crop_contours,"pair (f,g): fgx=f(g(x)); task-token order [g,f] means g -> f",55,55,55,image_block_02,42,78000,256,256,0.01,2,"{""fixed_ranks"": [1, 2, 4, 8, 16, 32], ""variance_thresholds"": [0.9, 0.95]}",recorded_ood,92,0.183679736228008,0.1813233035369358,0.23331644398149168,0.2779510705755968,1.0,0.244141659320218,0.3299929320221751,0.17431579459563998,0.041226113127215996,0.08188931850559449,-0.011483264481591676,,
/home/ubuntu/cogitao-research/checkpoints/cogitao_vit_cross_attention/cogitao_c1_experiment_4_vit6_function_mlp_cross_attention/run_000/last.ckpt,35f91e02d5b826c89f6b24f52abf83581220b4b6676009c59b6715b0b2251589,dfec9cbb2afe6616194c1fb41430c0c5d2bc4208,4,val_ood,crop_contours,double_right,double_right -> crop_contours,"pair (f,g): fgx=f(g(x)); task-token order [g,f] means g -> f",55,55,55,image_block_02,42,78000,256,256,0.01,2,"{""fixed_ranks"": [1, 2, 4, 8, 16, 32], ""variance_thresholds"": [0.9, 0.95]}",recorded_ood,71,0.15507988608315476,0.18515795709495542,0.1107616445293751,0.29063641309825305,1.0,0.271816261493045,0.34389934691923324,0.1286290742149704,0.012626262982362746,0.07404025576826569,-0.019332327218920475,,
/home/ubuntu/cogitao-research/checkpoints/cogitao_vit_cross_attention/cogitao_c1_experiment_4_vit6_function_mlp_cross_attention/run_000/last.ckpt,35f91e02d5b826c89f6b24f52abf83581220b4b6676009c59b6715b0b2251589,dfec9cbb2afe6616194c1fb41430c0c5d2bc4208,4,val_ood,crop_contours,double_right,double_right -> crop_contours,"pair (f,g): fgx=f(g(x)); task-token order [g,f] means g -> f",55,55,55,image_block_02,42,78000,256,256,0.01,2,"{""fixed_ranks"": [1, 2, 4, 8, 16, 32], ""variance_thresholds"": [0.9, 0.95]}",recorded_ood,24,0.18550770365785588,0.1772483964958443,0.14174975849412097,0.3459832490846626,1.0,0.25476669476730784,0.35129522519848616,0.16591003893094952,0.04305408055706386,0.09949839712411028,0.006125814136924118,,
/home/ubuntu/cogitao-research/checkpoints/cogitao_vit_cross_attention/cogitao_c1_experiment_4_vit6_function_mlp_cross_attention/run_000/last.ckpt,35f91e02d5b826c89f6b24f52abf83581220b4b6676009c59b6715b0b2251589,dfec9cbb2afe6616194c1fb41430c0c5d2bc4208,4,val_ood,crop_contours,double_right,double_right -> crop_contours,"pair (f,g): fgx=f(g(x)); task-token order [g,f] means g -> f",55,55,55,image_block_02,42,78000,256,256,0.01,2,"{""fixed_ranks"": [1, 2, 4, 8, 16, 32], ""variance_thresholds"": [0.9, 0.95]}",recorded_ood,52,0.11559162681564421,0.11942319041690817,0.12410776534282723,0.28574872869902307,1.0,0.2876500085592411,0.2721325663452096,0.13393010355129517,-0.026861996285147807,0.09556395300690211,0.002191370019715949,,
/home/ubuntu/cogitao-research/checkpoints/cogitao_vit_cross_attention/cogitao_c1_experiment_4_vit6_function_mlp_cross_attention/run_000/last.ckpt,35f91e02d5b826c89f6b24f52abf83581220b4b6676009c59b6715b0b2251589,dfec9cbb2afe6616194c1fb41430c0c5d2bc4208,4,val_ood,crop_contours,double_right,double_right -> crop_contours,"pair (f,g): fgx=f(g(x)); task-token order [g,f] means g -> f",55,55,55,image_block_02,42,78000,256,256,0.01,2,"{""fixed_ranks"": [1, 2, 4, 8, 16, 32], ""variance_thresholds"": [0.9, 0.95]}",recorded_ood,81,0.2102282135935018,0.21464621887092533,0.15346958146993447,0.33974972924400554,1.0,0.17263774394417836,0.4266518737921022,0.21344944908123778,0.06777459049270979,0.06787702402318746,-0.025495558963998702,,
/home/ubuntu/cogitao-research/checkpoints/cogitao_vit_cross_attention/cogitao_c1_experiment_4_vit6_function_mlp_cross_attention/run_000/last.ckpt,35f91e02d5b826c89f6b24f52abf83581220b4b6676009c59b6715b0b2251589,dfec9cbb2afe6616194c1fb41430c0c5d2bc4208,4,val_ood,crop_contours,double_right,double_right -> crop_contours,"pair (f,g): fgx=f(g(x)); task-token order [g,f] means g -> f",55,55,55,image_block_02,42,78000,256,256,0.01,2,"{""fixed_ranks"": [1, 2, 4, 8, 16, 32], ""variance_thresholds"": [0.9, 0.95]}",recorded_ood,99,0.1863840313439916,0.18026410995992784,0.16440062114891135,0.3776082870736069,1.0,0.2501756425104403,0.4456794252683835,0.18686957563431214,0.043930408243199576,0.08886363241220845,-0.004508950574977716,,
/home/ubuntu/cogitao-research/checkpoints/cogitao_vit_cross_attention/cogitao_c1_experiment_4_vit6_function_mlp_cross_attention/run_000/last.ckpt,35f91e02d5b826c89f6b24f52abf83581220b4b6676009c59b6715b0b2251589,dfec9cbb2afe6616194c1fb41430c0c5d2bc4208,4,val_ood,crop_contours,double_right,double_right -> crop_contours,"pair (f,g): fgx=f(g(x)); task-token order [g,f] means g -> f",55,55,55,image_block_02,42,78000,256,256,0.01,2,"{""fixed_ranks"": [1, 2, 4, 8, 16, 32], ""variance_thresholds"": [0.9, 0.95]}",recorded_ood,4,0.22692314112644194,0.23506912277990744,0.13756640627454256,0.3166980431951275,1.0,0.16449028653792452,0.403152298977016,0.2495184632817961,0.08446951802564992,0.09790968218458643,0.004537099197400266,,
/home/ubuntu/cogitao-research/checkpoints/cogitao_vit_cross_attention/cogitao_c1_experiment_4_vit6_function_mlp_cross_attention/run_000/last.ckpt,35f91e02d5b826c89f6b24f52abf83581220b4b6676009c59b6715b0b2251589,dfec9cbb2afe6616194c1fb41430c0c5d2bc4208,4,val_ood,crop_contours,double_right,double_right -> crop_contours,"pair (f,g): fgx=f(g(x)); task-token order [g,f] means g -> f",55,55,55,image_block_02,42,78000,256,256,0.01,2,"{""fixed_ranks"": [1, 2, 4, 8, 16, 32], ""variance_thresholds"": [0.9, 0.95]}",recorded_ood,94,0.17661629661970943,0.17432107180216888,0.11782392235458058,0.3000051669704339,1.0,0.24540896751892213,0.35746541119454944,0.17010008900000506,0.034162673518917414,0.07285890966627905,-0.020513673320907116,,
/home/ubuntu/cogitao-research/checkpoints/cogitao_vit_cross_attention/cogitao_c1_experiment_4_vit6_function_mlp_cross_attention/run_000/last.ckpt,35f91e02d5b826c89f6b24f52abf83581220b4b6676009c59b6715b0b2251589,dfec9cbb2afe6616194c1fb41430c0c5d2bc4208,4,val_ood,crop_contours,double_right,double_right -> crop_contours,"pair (f,g): fgx=f(g(x)); task-token order [g,f] means g -> f",55,55,55,image_block_02,42,78000,256,256,0.01,2,"{""fixed_ranks"": [1, 2, 4, 8, 16, 32], ""variance_thresholds"": [0.9, 0.95]}",recorded_ood,80,0.19095530985866366,0.1765973239749546,0.13157962395479708,0.3680368942802277,1.0,0.32735166125311543,0.3626041185536918,0.1408438772854616,0.04850168675787164,0.0771215319243615,-0.016251051062824665,,
/home/ubuntu/cogitao-research/checkpoints/cogitao_vit_cross_attention/cogitao_c1_experiment_4_vit6_function_mlp_cross_attention/run_000/last.ckpt,35f91e02d5b826c89f6b24f52abf83581220b4b6676009c59b6715b0b2251589,dfec9cbb2afe6616194c1fb41430c0c5d2bc4208,4,val_ood,crop_contours,double_right,double_right -> crop_contours,"pair (f,g): fgx=f(g(x)); task-token order [g,f] means g -> f",55,55,55,image_block_02,42,78000,256,256,0.01,2,"{""fixed_ranks"": [1, 2, 4, 8, 16, 32], ""variance_thresholds"": [0.9, 0.95]}",recorded_ood,7,0.14581960881688474,0.14931256069900223,0.10846529069865007,0.2704530183003282,1.0,0.28966783628864023,0.2837379659983104,0.12188427486472315,0.0033659857160927287,0.08799673781925411,-0.005375845167932047,,
/home/ubuntu/cogitao-research/checkpoints/cogitao_vit_cross_attention/cogitao_c1_experiment_4_vit6_function_mlp_cross_attention/run_000/last.ckpt,35f91e02d5b826c89f6b24f52abf83581220b4b6676009c59b6715b0b2251589,dfec9cbb2afe6616194c1fb41430c0c5d2bc4208,4,val_ood,crop_contours,double_right,double_right -> crop_contours,"pair (f,g): fgx=f(g(x)); task-token order [g,f] means g -> f",55,55,55,image_block_02,42,78000,256,256,0.01,2,"{""fixed_ranks"": [1, 2, 4, 8, 16, 32], ""variance_thresholds"": [0.9, 0.95]}",recorded_ood,57,0.1778040206487203,0.1873695824404414,0.22978561260890246,0.3020270288434891,1.0,0.25132917446256764,0.29987854308157463,0.16497239648946632,0.03535039754792829,0.14785249712883183,0.05447991414164567,,
/home/ubuntu/cogitao-research/checkpoints/cogitao_vit_cross_attention/cogitao_c1_experiment_4_vit6_function_mlp_cross_attention/run_000/last.ckpt,35f91e02d5b826c89f6b24f52abf83581220b4b6676009c59b6715b0b2251589,dfec9cbb2afe6616194c1fb41430c0c5d2bc4208,4,val_ood,crop_contours,double_right,double_right -> crop_contours,"pair (f,g): fgx=f(g(x)); task-token order [g,f] means g -> f",55,55,55,image_block_02,42,78000,256,256,0.01,2,"{""fixed_ranks"": [1, 2, 4, 8, 16, 32], ""variance_thresholds"": [0.9, 0.95]}",recorded_ood,79,0.1548672633074197,0.16927977080062775,0.11620851907113007,0.31540616647158326,1.0,0.2233246956126789,0.32393000603662286,0.12003826541032098,0.01241364020662769,0.11293795526997394,0.019565372282787777,,
/home/ubuntu/cogitao-research/checkpoints/cogitao_vit_cross_attention/cogitao_c1_experiment_4_vit6_function_mlp_cross_attention/run_000/last.ckpt,35f91e02d5b826c89f6b24f52abf83581220b4b6676009c59b6715b0b2251589,dfec9cbb2afe6616194c1fb41430c0c5d2bc4208,4,val_ood,crop_contours,double_right,double_right -> crop_contours,"pair (f,g): fgx=f(g(x)); task-token order [g,f] means g -> f",55,55,55,image_block_02,42,78000,256,256,0.01,2,"{""fixed_ranks"": [1, 2, 4, 8, 16, 32], ""variance_thresholds"": [0.9, 0.95]}",recorded_ood,26,0.12984823458456304,0.13530254927053484,0.15721939752131225,0.28821682831749135,1.0,0.2840331095199418,0.28569329087150225,0.11692508656537386,-0.012605388516228971,0.12266332731937411,0.02929074433218795,,
/home/ubuntu/cogitao-research/checkpoints/cogitao_vit_cross_attention/cogitao_c1_experiment_4_vit6_function_mlp_cross_attention/run_000/last.ckpt,35f91e02d5b826c89f6b24f52abf83581220b4b6676009c59b6715b0b2251589,dfec9cbb2afe6616194c1fb41430c0c5d2bc4208,4,val_ood,crop_contours,double_right,double_right -> crop_contours,"pair (f,g): fgx=f(g(x)); task-token order [g,f] means g -> f",55,55,55,image_block_02,42,78000,256,256,0.01,2,"{""fixed_ranks"": [1, 2, 4, 8, 16, 32], ""variance_thresholds"": [0.9, 0.95]}",recorded_ood,78,0.16886232152602054,0.1794931643922001,0.11947160250044452,0.35083106115258966,1.0,0.19713534218616857,0.4158263878322435,0.1928795030898205,0.026408698425228527,0.1313612993283319,0.03798871634114574,,
/home/ubuntu/cogitao-research/checkpoints/cogitao_vit_cross_attention/cogitao_c1_experiment_4_vit6_function_mlp_cross_attention/run_000/last.ckpt,35f91e02d5b826c89f6b24f52abf83581220b4b6676009c59b6715b0b2251589,dfec9cbb2afe6616194c1fb41430c0c5d2bc4208,4,val_ood,crop_contours,double_right,double_right -> crop_contours,"pair (f,g): fgx=f(g(x)); task-token order [g,f] means g -> f",55,55,55,image_block_02,42,78000,256,256,0.01,2,"{""fixed_ranks"": [1, 2, 4, 8, 16, 32], ""variance_thresholds"": [0.9, 0.95]}",recorded_ood,38,0.18148177055932488,0.18079174452461938,0.13056518327408276,0.34847799872214796,1.0,0.2849774157594139,0.3447798924591293,0.15175861126297913,0.039028147458532864,0.11032863868571227,0.01695605569852611,,
/home/ubuntu/cogitao-research/checkpoints/cogitao_vit_cross_attention/cogitao_c1_experiment_4_vit6_function_mlp_cross_attention/run_000/last.ckpt,35f91e02d5b826c89f6b24f52abf83581220b4b6676009c59b6715b0b2251589,dfec9cbb2afe6616194c1fb41430c0c5d2bc4208,4,val_ood,crop_contours,double_right,double_right -> crop_contours,"pair (f,g): fgx=f(g(x)); task-token order [g,f] means g -> f",55,55,55,image_block_02,42,78000,256,256,0.01,2,"{""fixed_ranks"": [1, 2, 4, 8, 16, 32], ""variance_thresholds"": [0.9, 0.95]}",recorded_ood,86,0.1950974362590916,0.17426684775203483,0.12710921979013073,0.3591198218033207,1.0,0.3259348407804395,0.34363539885046057,0.1435856358991356,0.05264381315829958,0.054344392713575614,-0.03902819027361055,,
/home/ubuntu/cogitao-research/checkpoints/cogitao_vit_cross_attention/cogitao_c1_experiment_4_vit6_function_mlp_cross_attention/run_000/last.ckpt,35f91e02d5b826c89f6b24f52abf83581220b4b6676009c59b6715b0b2251589,dfec9cbb2afe6616194c1fb41430c0c5d2bc4208,4,val_ood,crop_contours,double_right,double_right -> crop_contours,"pair (f,g): fgx=f(g(x)); task-token order [g,f] means g -> f",55,55,55,image_block_02,42,78000,256,256,0.01,2,"{""fixed_ranks"": [1, 2, 4, 8, 16, 32], ""variance_thresholds"": [0.9, 0.95]}",recorded_ood,45,0.17525903484012387,0.21783860807329647,0.13028578673853466,0.3937429884127867,1.0,0.26017204271362665,0.4255170498033418,0.2095388182772309,0.03280541173933185,0.09792077016425006,0.0045481871770639,,
/home/ubuntu/cogitao-research/checkpoints/cogitao_vit_cross_attention/cogitao_c1_experiment_4_vit6_function_mlp_cross_attention/run_000/last.ckpt,35f91e02d5b826c89f6b24f52abf83581220b4b6676009c59b6715b0b2251589,dfec9cbb2afe6616194c1fb41430c0c5d2bc4208,4,val_ood,crop_contours,double_right,double_right -> crop_contours,"pair (f,g): fgx=f(g(x)); task-token order [g,f] means g -> f",55,55,55,image_block_02,42,78000,256,256,0.01,2,"{""fixed_ranks"": [1, 2, 4, 8, 16, 32], ""variance_thresholds"": [0.9, 0.95]}",recorded_ood,17,0.22360285984288622,0.2333393702391579,0.14218975133452802,0.24969490347164708,1.0,0.26135326292022326,0.32034522138574034,0.12253691562141115,0.0811492367420942,0.05456387708036356,-0.0388087059068226,,
/home/ubuntu/cogitao-research/checkpoints/cogitao_vit_cross_attention/cogitao_c1_experiment_4_vit6_function_mlp_cross_attention/run_000/last.ckpt,35f91e02d5b826c89f6b24f52abf83581220b4b6676009c59b6715b0b2251589,dfec9cbb2afe6616194c1fb41430c0c5d2bc4208,4,val_ood,crop_contours,double_right,double_right -> crop_contours,"pair (f,g): fgx=f(g(x)); task-token order [g,f] means g -> f",55,55,55,image_block_02,42,78000,256,256,0.01,2,"{""fixed_ranks"": [1, 2, 4, 8, 16, 32], ""variance_thresholds"": [0.9, 0.95]}",recorded_ood,91,0.11285573932421886,0.15935111914374425,0.14250578407618625,0.3473443514379318,1.0,0.25396930698458914,0.33590727793534747,0.19614952008449119,-0.02959788377657316,0.07649018093539524,-0.016882402051790923,,
/home/ubuntu/cogitao-research/checkpoints/cogitao_vit_cross_attention/cogitao_c1_experiment_4_vit6_function_mlp_cross_attention/run_000/last.ckpt,35f91e02d5b826c89f6b24f52abf83581220b4b6676009c59b6715b0b2251589,dfec9cbb2afe6616194c1fb41430c0c5d2bc4208,4,val_ood,crop_contours,double_right,double_right -> crop_contours,"pair (f,g): fgx=f(g(x)); task-token order [g,f] means g -> f",55,55,55,image_block_02,42,78000,256,256,0.01,2,"{""fixed_ranks"": [1, 2, 4, 8, 16, 32], ""variance_thresholds"": [0.9, 0.95]}",recorded_ood,40,0.1498096402154233,0.19890105430602056,0.12896169100386523,0.35730133471363323,1.0,0.27289387977927937,0.420753622208728,0.25492349953878557,0.007356017114631297,0.09484051663073952,0.001467933643553354,,
/home/ubuntu/cogitao-research/checkpoints/cogitao_vit_cross_attention/cogitao_c1_experiment_4_vit6_function_mlp_cross_attention/run_000/last.ckpt,35f91e02d5b826c89f6b24f52abf83581220b4b6676009c59b6715b0b2251589,dfec9cbb2afe6616194c1fb41430c0c5d2bc4208,4,val_ood,crop_contours,double_right,double_right -> crop_contours,"pair (f,g): fgx=f(g(x)); task-token order [g,f] means g -> f",55,55,55,image_block_02,42,78000,256,256,0.01,2,"{""fixed_ranks"": [1, 2, 4, 8, 16, 32], ""variance_thresholds"": [0.9, 0.95]}",recorded_ood,68,0.18108763672476097,0.19430590297645806,0.13182818996665338,0.36136067637563907,1.0,0.2767713288572136,0.39635992392862784,0.1838116903204343,0.038634013623968955,0.054327039759283643,-0.03904554322790252,,
/home/ubuntu/cogitao-research/checkpoints/cogitao_vit_cross_attention/cogitao_c1_experiment_4_vit6_function_mlp_cross_attention/run_000/last.ckpt,35f91e02d5b826c89f6b24f52abf83581220b4b6676009c59b6715b0b2251589,dfec9cbb2afe6616194c1fb41430c0c5d2bc4208,4,val_ood,crop_contours,double_right,double_right -> crop_contours,"pair (f,g): fgx=f(g(x)); task-token order [g,f] means g -> f",55,55,55,image_block_02,42,78000,256,256,0.01,2,"{""fixed_ranks"": [1, 2, 4, 8, 16, 32], ""variance_thresholds"": [0.9, 0.95]}",recorded_ood,1,0.21801584466773824,0.2011735560229744,0.14359939405659072,0.30090922118017627,1.0,0.22512152824087095,0.3861002104116292,0.16865340945821417,0.07556222156694622,0.07385128312831545,-0.019521299858870717,,
/home/ubuntu/cogitao-research/checkpoints/cogitao_vit_cross_attention/cogitao_c1_experiment_4_vit6_function_mlp_cross_attention/run_000/last.ckpt,35f91e02d5b826c89f6b24f52abf83581220b4b6676009c59b6715b0b2251589,dfec9cbb2afe6616194c1fb41430c0c5d2bc4208,4,val_ood,crop_contours,double_right,double_right -> crop_contours,"pair (f,g): fgx=f(g(x)); task-token order [g,f] means g -> f",55,55,55,image_block_02,42,78000,256,256,0.01,2,"{""fixed_ranks"": [1, 2, 4, 8, 16, 32], ""variance_thresholds"": [0.9, 0.95]}",recorded_ood,95,0.22302253301196864,0.18259860764620175,0.11363160768836483,0.34913834759097223,1.0,0.23760086973582834,0.3469399791253468,0.12226497960152784,0.08056890991117663,0.14637345810994634,0.05300087512276018,0.187068898028685,
/home/ubuntu/cogitao-research/checkpoints/cogitao_vit_cross_attention/cogitao_c1_experiment_4_vit6_function_mlp_cross_attention/run_000/last.ckpt,35f91e02d5b826c89f6b24f52abf83581220b4b6676009c59b6715b0b2251589,dfec9cbb2afe6616194c1fb41430c0c5d2bc4208,4,val_ood,crop_contours,double_right,double_right -> crop_contours,"pair (f,g): fgx=f(g(x)); task-token order [g,f] means g -> f",55,55,55,image_block_02,42,78000,256,256,0.01,2,"{""fixed_ranks"": [1, 2, 4, 8, 16, 32], ""variance_thresholds"": [0.9, 0.95]}",recorded_ood,63,0.16417234295469607,0.17534136629502575,0.14157512637209899,0.32892567734540035,1.0,0.285747527205723,0.33032398661385914,0.14406866914169206,0.021718719853904056,0.10235839563230786,0.008985812645121702,0.18576471752599769,
/home/ubuntu/cogitao-research/checkpoints/cogitao_vit_cross_attention/cogitao_c1_experiment_4_vit6_function_mlp_cross_attention/run_000/last.ckpt,35f91e02d5b826c89f6b24f52abf83581220b4b6676009c59b6715b0b2251589,dfec9cbb2afe6616194c1fb41430c0c5d2bc4208,4,val_ood,crop_contours,double_right,double_right -> crop_contours,"pair (f,g): fgx=f(g(x)); task-token order [g,f] means g -> f",55,55,55,image_block_02,42,78000,256,256,0.01,2,"{""fixed_ranks"": [1, 2, 4, 8, 16, 32], ""variance_thresholds"": [0.9, 0.95]}",recorded_ood,3,0.1866219392398663,0.2349266679265407,0.09719433483832264,0.3516055538415132,1.0,0.2317787231409371,0.38177014469131537,0.19902519363189342,0.04416831613907429,0.10258232889528596,0.009209745908099795,0.2113476261901076,
/home/ubuntu/cogitao-research/checkpoints/cogitao_vit_cross_attention/cogitao_c1_experiment_4_vit6_function_mlp_cross_attention/run_000/last.ckpt,35f91e02d5b826c89f6b24f52abf83581220b4b6676009c59b6715b0b2251589,dfec9cbb2afe6616194c1fb41430c0c5d2bc4208,4,val_ood,crop_contours,double_right,double_right -> crop_contours,"pair (f,g): fgx=f(g(x)); task-token order [g,f] means g -> f",55,55,55,image_block_02,42,78000,256,256,0.01,2,"{""fixed_ranks"": [1, 2, 4, 8, 16, 32], ""variance_thresholds"": [0.9, 0.95]}",recorded_ood,83,0.21401430327286933,0.2550183013167594,0.20198286187810374,0.39895654096647665,1.0,0.24477448977794256,0.44004528574158674,0.2768672869688434,0.07156068017207731,0.08925908474241169,-0.004113498244774472,0.25461044875587263,
/home/ubuntu/cogitao-research/checkpoints/cogitao_vit_cross_attention/cogitao_c1_experiment_4_vit6_function_mlp_cross_attention/run_000/last.ckpt,35f91e02d5b826c89f6b24f52abf83581220b4b6676009c59b6715b0b2251589,dfec9cbb2afe6616194c1fb41430c0c5d2bc4208,4,val_ood,crop_contours,double_right,double_right -> crop_contours,"pair (f,g): fgx=f(g(x)); task-token order [g,f] means g -> f",55,55,55,image_block_02,42,78000,256,256,0.01,2,"{""fixed_ranks"": [1, 2, 4, 8, 16, 32], ""variance_thresholds"": [0.9, 0.95]}",recorded_ood,93,0.18820781902996608,0.20598726964001887,0.11008398953105664,0.3594765169257713,1.0,0.2865424307672896,0.4228014310971887,0.16144869816433868,0.04575419592917407,0.12340141543470227,0.030028832447516113,0.1710160140349484,
/home/ubuntu/cogitao-research/checkpoints/cogitao_vit_cross_attention/cogitao_c1_experiment_4_vit6_function_mlp_cross_attention/run_000/last.ckpt,35f91e02d5b826c89f6b24f52abf83581220b4b6676009c59b6715b0b2251589,dfec9cbb2afe6616194c1fb41430c0c5d2bc4208,4,val_ood,crop_contours,double_right,double_right -> crop_contours,"pair (f,g): fgx=f(g(x)); task-token order [g,f] means g -> f",55,55,55,image_block_02,42,78000,256,256,0.01,2,"{""fixed_ranks"": [1, 2, 4, 8, 16, 32], ""variance_thresholds"": [0.9, 0.95]}",recorded_ood,87,0.18498184809344956,0.18197171272049156,0.10026402403851412,0.3407575235435641,1.0,0.25485158584254536,0.370448900133968,0.17762711412016133,0.04252822499265754,0.05593999670138863,-0.03743258628579753,0.14696188896072437,
/home/ubuntu/cogitao-research/checkpoints/cogitao_vit_cross_attention/cogitao_c1_experiment_4_vit6_function_mlp_cross_attention/run_000/last.ckpt,35f91e02d5b826c89f6b24f52abf83581220b4b6676009c59b6715b0b2251589,dfec9cbb2afe6616194c1fb41430c0c5d2bc4208,4,val_ood,crop_contours,double_right,double_right -> crop_contours,"pair (f,g): fgx=f(g(x)); task-token order [g,f] means g -> f",55,55,55,image_block_02,42,78000,256,256,0.01,2,"{""fixed_ranks"": [1, 2, 4, 8, 16, 32], ""variance_thresholds"": [0.9, 0.95]}",recorded_ood,73,0.1676276310438507,0.21530965964711107,0.14205388588578768,0.36339229918156923,1.0,0.21331925155455086,0.43689357970458653,0.23455527991212805,0.025174007943058685,0.14119327015931016,0.047820687172123996,0.17083751004526687,
/home/ubuntu/cogitao-research/checkpoints/cogitao_vit_cross_attention/cogitao_c1_experiment_4_vit6_function_mlp_cross_attention/run_000/last.ckpt,35f91e02d5b826c89f6b24f52abf83581220b4b6676009c59b6715b0b2251589,dfec9cbb2afe6616194c1fb41430c0c5d2bc4208,4,val_ood,crop_contours,double_right,double_right -> crop_contours,"pair (f,g): fgx=f(g(x)); task-token order [g,f] means g -> f",55,55,55,image_block_02,42,78000,256,256,0.01,2,"{""fixed_ranks"": [1, 2, 4, 8, 16, 32], ""variance_thresholds"": [0.9, 0.95]}",recorded_ood,75,0.1848517393372456,0.211517952823398,0.10442716674118381,0.3543366368981788,1.0,0.2426873648057179,0.38398370442528235,0.1857746770767677,0.04239811623645359,0.09699882529152055,0.0036262423043343928,0.1984512125714957,
/home/ubuntu/cogitao-research/checkpoints/cogitao_vit_cross_attention/cogitao_c1_experiment_4_vit6_function_mlp_cross_attention/run_000/last.ckpt,35f91e02d5b826c89f6b24f52abf83581220b4b6676009c59b6715b0b2251589,dfec9cbb2afe6616194c1fb41430c0c5d2bc4208,4,val_ood,crop_contours,double_right,double_right -> crop_contours,"pair (f,g): fgx=f(g(x)); task-token order [g,f] means g -> f",55,55,55,image_block_02,42,78000,256,256,0.01,2,"{""fixed_ranks"": [1, 2, 4, 8, 16, 32], ""variance_thresholds"": [0.9, 0.95]}",recorded_ood,23,0.15401520786207346,0.14809141985678226,0.10320234490884593,0.274255737492313,1.0,0.22387526285166362,0.32073610563865645,0.11825292953651666,0.01156158476128144,0.05577338239701236,-0.037599200590173805,0.13786332778809368,
/home/ubuntu/cogitao-research/checkpoints/cogitao_vit_cross_attention/cogitao_c1_experiment_4_vit6_function_mlp_cross_attention/run_000/last.ckpt,35f91e02d5b826c89f6b24f52abf83581220b4b6676009c59b6715b0b2251589,dfec9cbb2afe6616194c1fb41430c0c5d2bc4208,4,val_ood,crop_contours,double_right,double_right -> crop_contours,"pair (f,g): fgx=f(g(x)); task-token order [g,f] means g -> f",55,55,55,image_block_02,42,78000,256,256,0.01,2,"{""fixed_ranks"": [1, 2, 4, 8, 16, 32], ""variance_thresholds"": [0.9, 0.95]}",recorded_ood,15,0.16840919442908334,0.1806796764755567,0.1303738500704021,0.26617294615827275,1.0,0.22962282058541797,0.3098202925620066,0.1682822063784425,0.02595557132829132,0.07051747943765829,-0.02285510354952787,0.18327473377836306,
/home/ubuntu/cogitao-research/checkpoints/cogitao_vit_cross_attention/cogitao_c1_experiment_4_vit6_function_mlp_cross_attention/run_000/last.ckpt,35f91e02d5b826c89f6b24f52abf83581220b4b6676009c59b6715b0b2251589,dfec9cbb2afe6616194c1fb41430c0c5d2bc4208,4,val_ood,crop_contours,double_right,double_right -> crop_contours,"pair (f,g): fgx=f(g(x)); task-token order [g,f] means g -> f",55,55,55,image_block_02,42,78000,256,256,0.01,2,"{""fixed_ranks"": [1, 2, 4, 8, 16, 32], ""variance_thresholds"": [0.9, 0.95]}",recorded_ood,9,0.18067634363313867,0.19213848868470165,0.11132042173316115,0.3958890735145996,1.0,0.2700654543111532,0.4568311799694618,0.18263559007393543,0.038222720532346655,0.07868918592860652,-0.014683397058579642,0.2544880327570024,
/home/ubuntu/cogitao-research/checkpoints/cogitao_vit_cross_attention/cogitao_c1_experiment_4_vit6_function_mlp_cross_attention/run_000/last.ckpt,35f91e02d5b826c89f6b24f52abf83581220b4b6676009c59b6715b0b2251589,dfec9cbb2afe6616194c1fb41430c0c5d2bc4208,4,val_ood,crop_contours,double_right,double_right -> crop_contours,"pair (f,g): fgx=f(g(x)); task-token order [g,f] means g -> f",55,55,55,image_block_02,42,78000,256,256,0.01,2,"{""fixed_ranks"": [1, 2, 4, 8, 16, 32], ""variance_thresholds"": [0.9, 0.95]}",recorded_ood,31,0.16507955989272577,0.14497468063176175,0.20241277411813127,0.35529933766367766,1.0,0.26489553325013343,0.3610186172816273,0.12873940009736146,0.022625936791933754,0.0864580684614497,-0.006914514525736465,0.1868700040898123,
/home/ubuntu/cogitao-research/checkpoints/cogitao_vit_cross_attention/cogitao_c1_experiment_4_vit6_function_mlp_cross_attention/run_000/last.ckpt,35f91e02d5b826c89f6b24f52abf83581220b4b6676009c59b6715b0b2251589,dfec9cbb2afe6616194c1fb41430c0c5d2bc4208,4,val_ood,crop_contours,double_right,double_right -> crop_contours,"pair (f,g): fgx=f(g(x)); task-token order [g,f] means g -> f",55,55,55,image_block_02,42,78000,256,256,0.01,2,"{""fixed_ranks"": [1, 2, 4, 8, 16, 32], ""variance_thresholds"": [0.9, 0.95]}",recorded_ood,72,0.19369446967619666,0.20011703051969548,0.15363294726009377,0.3780877222359356,1.0,0.2750356122724908,0.4154418325476793,0.20869102828584535,0.05124084657540465,0.09566979797368752,0.0022972149865013586,0.21962761689274668,
/home/ubuntu/cogitao-research/checkpoints/cogitao_vit_cross_attention/cogitao_c1_experiment_4_vit6_function_mlp_cross_attention/run_000/last.ckpt,35f91e02d5b826c89f6b24f52abf83581220b4b6676009c59b6715b0b2251589,dfec9cbb2afe6616194c1fb41430c0c5d2bc4208,4,val_ood,crop_contours,double_right,double_right -> crop_contours,"pair (f,g): fgx=f(g(x)); task-token order [g,f] means g -> f",55,55,55,image_block_02,42,78000,256,256,0.01,2,"{""fixed_ranks"": [1, 2, 4, 8, 16, 32], ""variance_thresholds"": [0.9, 0.95]}",recorded_ood,67,0.20052504626212778,0.2230754336658865,0.10834930928635293,0.3878329016732806,1.0,0.24225916404002618,0.3907740076621859,0.21946993069080656,0.05807142316133576,0.1178069494561652,0.024434366468979035,0.2926540749989305,
/home/ubuntu/cogitao-research/checkpoints/cogitao_vit_cross_attention/cogitao_c1_experiment_4_vit6_function_mlp_cross_attention/run_000/last.ckpt,35f91e02d5b826c89f6b24f52abf83581220b4b6676009c59b6715b0b2251589,dfec9cbb2afe6616194c1fb41430c0c5d2bc4208,4,val_ood,crop_contours,double_right,double_right -> crop_contours,"pair (f,g): fgx=f(g(x)); task-token order [g,f] means g -> f",55,55,55,image_block_02,42,78000,256,256,0.01,2,"{""fixed_ranks"": [1, 2, 4, 8, 16, 32], ""variance_thresholds"": [0.9, 0.95]}",recorded_ood,34,0.11883698890738284,0.1369368240571905,0.19599027170178565,0.29798997282715367,1.0,0.2616498378333036,0.30370929166892663,0.1903586483001748,-0.023616634193409175,0.06740085523532012,-0.02597172775186604,0.18205829132440893,
/home/ubuntu/cogitao-research/checkpoints/cogitao_vit_cross_attention/cogitao_c1_experiment_4_vit6_function_mlp_cross_attention/run_000/last.ckpt,35f91e02d5b826c89f6b24f52abf83581220b4b6676009c59b6715b0b2251589,dfec9cbb2afe6616194c1fb41430c0c5d2bc4208,4,val_ood,crop_contours,double_right,double_right -> crop_contours,"pair (f,g): fgx=f(g(x)); task-token order [g,f] means g -> f",55,55,55,image_block_02,42,78000,256,256,0.01,2,"{""fixed_ranks"": [1, 2, 4, 8, 16, 32], ""variance_thresholds"": [0.9, 0.95]}",recorded_ood,30,0.19882405524349986,0.20641055087806182,0.1225130590375368,0.31718044938764195,1.0,0.20024151599787163,0.4036346707692218,0.23372676264229006,0.056370432142707844,0.07564463928143983,-0.017727943705746332,0.15955367700227494,
/home/ubuntu/cogitao-research/checkpoints/cogitao_vit_cross_attention/cogitao_c1_experiment_4_vit6_function_mlp_cross_attention/run_000/last.ckpt,35f91e02d5b826c89f6b24f52abf83581220b4b6676009c59b6715b0b2251589,dfec9cbb2afe6616194c1fb41430c0c5d2bc4208,4,val_ood,crop_contours,double_right,double_right -> crop_contours,"pair (f,g): fgx=f(g(x)); task-token order [g,f] means g -> f",55,55,55,image_block_02,42,78000,256,256,0.01,2,"{""fixed_ranks"": [1, 2, 4, 8, 16, 32], ""variance_thresholds"": [0.9, 0.95]}",recorded_ood,74,0.17880949432318252,0.1709529812879404,0.09630843683292993,0.27305951715805904,1.0,0.27287331480811067,0.3293614533818271,0.08918488214381397,0.03635587122239051,0.12515674763056667,0.031784164643380505,0.19547240748365866,
/home/ubuntu/cogitao-research/checkpoints/cogitao_vit_cross_attention/cogitao_c1_experiment_4_vit6_function_mlp_cross_attention/run_000/last.ckpt,35f91e02d5b826c89f6b24f52abf83581220b4b6676009c59b6715b0b2251589,dfec9cbb2afe6616194c1fb41430c0c5d2bc4208,4,val_ood,crop_contours,double_right,double_right -> crop_contours,"pair (f,g): fgx=f(g(x)); task-token order [g,f] means g -> f",55,55,55,image_block_02,42,78000,256,256,0.01,2,"{""fixed_ranks"": [1, 2, 4, 8, 16, 32], ""variance_thresholds"": [0.9, 0.95]}",recorded_ood,88,0.15809035452647094,0.15185165379736498,0.0854625149565327,0.3092751449790916,1.0,0.25497905231264995,0.314300289505958,0.10171323150390228,0.015636731425678924,0.1435880638918791,0.050215480904692925,0.18369035595968533,
/home/ubuntu/cogitao-research/checkpoints/cogitao_vit_cross_attention/cogitao_c1_experiment_4_vit6_function_mlp_cross_attention/run_000/last.ckpt,35f91e02d5b826c89f6b24f52abf83581220b4b6676009c59b6715b0b2251589,dfec9cbb2afe6616194c1fb41430c0c5d2bc4208,4,val_ood,crop_contours,double_right,double_right -> crop_contours,"pair (f,g): fgx=f(g(x)); task-token order [g,f] means g -> f",55,55,55,image_block_02,42,78000,256,256,0.01,2,"{""fixed_ranks"": [1, 2, 4, 8, 16, 32], ""variance_thresholds"": [0.9, 0.95]}",recorded_ood,98,0.2359099449763394,0.2352643901407063,0.15156154874992306,0.4227027796202062,1.0,0.25145418684617593,0.3954888473665985,0.1649880705995603,0.0934563218755474,0.09787294758512347,0.004500364597937304,0.18737584189703468,
/home/ubuntu/cogitao-research/checkpoints/cogitao_vit_cross_attention/cogitao_c1_experiment_4_vit6_function_mlp_cross_attention/run_000/last.ckpt,35f91e02d5b826c89f6b24f52abf83581220b4b6676009c59b6715b0b2251589,dfec9cbb2afe6616194c1fb41430c0c5d2bc4208,4,val_ood,crop_contours,double_right,double_right -> crop_contours,"pair (f,g): fgx=f(g(x)); task-token order [g,f] means g -> f",55,55,55,image_block_02,42,78000,256,256,0.01,2,"{""fixed_ranks"": [1, 2, 4, 8, 16, 32], ""variance_thresholds"": [0.9, 0.95]}",recorded_ood,49,0.19570336164528293,0.20320685689179446,0.11047549068865994,0.375603941452266,1.0,0.29428320448560236,0.39899443475702784,0.13098396761318928,0.053249738544490915,0.12242690472202382,0.029054321734837657,0.21787832869949636,
/home/ubuntu/cogitao-research/checkpoints/cogitao_vit_cross_attention/cogitao_c1_experiment_4_vit6_function_mlp_cross_attention/run_000/last.ckpt,35f91e02d5b826c89f6b24f52abf83581220b4b6676009c59b6715b0b2251589,dfec9cbb2afe6616194c1fb41430c0c5d2bc4208,4,val_ood,crop_contours,double_right,double_right -> crop_contours,"pair (f,g): fgx=f(g(x)); task-token order [g,f] means g -> f",55,55,55,image_block_02,42,78000,256,256,0.01,2,"{""fixed_ranks"": [1, 2, 4, 8, 16, 32], ""variance_thresholds"": [0.9, 0.95]}",recorded_ood,11,0.17714192820406688,0.190099933479705,0.13064955072051881,0.389441468641743,1.0,0.24066633541966065,0.3722039113856059,0.15362135652861583,0.034688305103274863,0.16340786380672703,0.07003528081954087,0.2267194701548525,
/home/ubuntu/cogitao-research/checkpoints/cogitao_vit_cross_attention/cogitao_c1_experiment_4_vit6_function_mlp_cross_attention/run_000/last.ckpt,35f91e02d5b826c89f6b24f52abf83581220b4b6676009c59b6715b0b2251589,dfec9cbb2afe6616194c1fb41430c0c5d2bc4208,4,val_ood,crop_contours,double_right,double_right -> crop_contours,"pair (f,g): fgx=f(g(x)); task-token order [g,f] means g -> f",55,55,55,image_block_02,42,78000,256,256,0.01,2,"{""fixed_ranks"": [1, 2, 4, 8, 16, 32], ""variance_thresholds"": [0.9, 0.95]}",recorded_ood,85,0.20907624068480574,0.17999692960980515,0.09309180380201126,0.3181272646862638,1.0,0.2729792559669337,0.3495240871150724,0.18010994245461642,0.06662261758401372,0.11314293583504387,0.019770352847857706,0.20674457428396156,
/home/ubuntu/cogitao-research/checkpoints/cogitao_vit_cross_attention/cogitao_c1_experiment_4_vit6_function_mlp_cross_attention/run_000/last.ckpt,35f91e02d5b826c89f6b24f52abf83581220b4b6676009c59b6715b0b2251589,dfec9cbb2afe6616194c1fb41430c0c5d2bc4208,4,val_ood,crop_contours,double_right,double_right -> crop_contours,"pair (f,g): fgx=f(g(x)); task-token order [g,f] means g -> f",55,55,55,image_block_02,42,78000,256,256,0.01,2,"{""fixed_ranks"": [1, 2, 4, 8, 16, 32], ""variance_thresholds"": [0.9, 0.95]}",recorded_ood,41,0.1587143529826789,0.16454661763780604,0.11650584151351494,0.3634819448646949,1.0,0.29421866788368456,0.3503452522230136,0.15781625414155978,0.0162607298818869,0.08372973622712884,-0.00964284676005732,0.16307810009733312,
/home/ubuntu/cogitao-research/checkpoints/cogitao_vit_cross_attention/cogitao_c1_experiment_4_vit6_function_mlp_cross_attention/run_000/last.ckpt,35f91e02d5b826c89f6b24f52abf83581220b4b6676009c59b6715b0b2251589,dfec9cbb2afe6616194c1fb41430c0c5d2bc4208,4,val_ood,crop_contours,double_right,double_right -> crop_contours,"pair (f,g): fgx=f(g(x)); task-token order [g,f] means g -> f",55,55,55,image_block_02,42,78000,256,256,0.01,2,"{""fixed_ranks"": [1, 2, 4, 8, 16, 32], ""variance_thresholds"": [0.9, 0.95]}",recorded_ood,35,0.19765332900616236,0.21459916284725356,0.13380027491541127,0.3818795924130947,1.0,0.24028309157910793,0.45019377104106145,0.251071595568093,0.05519970590537035,0.06588803792181529,-0.027484545065370874,0.16797119882511888,
/home/ubuntu/cogitao-research/checkpoints/cogitao_vit_cross_attention/cogitao_c1_experiment_4_vit6_function_mlp_cross_attention/run_000/last.ckpt,35f91e02d5b826c89f6b24f52abf83581220b4b6676009c59b6715b0b2251589,dfec9cbb2afe6616194c1fb41430c0c5d2bc4208,4,val_ood,crop_contours,double_right,double_right -> crop_contours,"pair (f,g): fgx=f(g(x)); task-token order [g,f] means g -> f",55,55,55,image_block_02,42,78000,256,256,0.01,2,"{""fixed_ranks"": [1, 2, 4, 8, 16, 32], ""variance_thresholds"": [0.9, 0.95]}",recorded_ood,64,0.184671808163308,0.18302298817894458,0.11541114198378921,0.2509957718270592,1.0,0.24223380498128927,0.30726177291996737,0.12979051131740713,0.042218185062515984,0.10017277608104513,0.006800193093858972,0.157669477098814,
/home/ubuntu/cogitao-research/checkpoints/cogitao_vit_cross_attention/cogitao_c1_experiment_4_vit6_function_mlp_cross_attention/run_000/last.ckpt,35f91e02d5b826c89f6b24f52abf83581220b4b6676009c59b6715b0b2251589,dfec9cbb2afe6616194c1fb41430c0c5d2bc4208,4,val_ood,crop_contours,double_right,double_right -> crop_contours,"pair (f,g): fgx=f(g(x)); task-token order [g,f] means g -> f",55,55,55,image_block_02,42,78000,256,256,0.01,2,"{""fixed_ranks"": [1, 2, 4, 8, 16, 32], ""variance_thresholds"": [0.9, 0.95]}",recorded_ood,36,0.18347738752513593,0.18122510373118753,0.13943668010537252,0.375110286789082,1.0,0.2360380674935034,0.4529238105777603,0.20935613400734895,0.04102376442434391,0.10879863816653038,0.015426055179344214,0.14468340984442507,
/home/ubuntu/cogitao-research/checkpoints/cogitao_vit_cross_attention/cogitao_c1_experiment_4_vit6_function_mlp_cross_attention/run_000/last.ckpt,35f91e02d5b826c89f6b24f52abf83581220b4b6676009c59b6715b0b2251589,dfec9cbb2afe6616194c1fb41430c0c5d2bc4208,4,val_ood,crop_contours,double_right,double_right -> crop_contours,"pair (f,g): fgx=f(g(x)); task-token order [g,f] means g -> f",55,55,55,image_block_02,42,78000,256,256,0.01,2,"{""fixed_ranks"": [1, 2, 4, 8, 16, 32], ""variance_thresholds"": [0.9, 0.95]}",recorded_ood,65,0.21684126947227378,0.19432424844989402,0.17862193025095094,0.4021550115674097,1.0,0.28807166663457806,0.36673092177176114,0.1911154491737509,0.07438764637148176,0.09502181849891324,0.0016492355117270763,0.26794441413877207,
/home/ubuntu/cogitao-research/checkpoints/cogitao_vit_cross_attention/cogitao_c1_experiment_4_vit6_function_mlp_cross_attention/run_000/last.ckpt,35f91e02d5b826c89f6b24f52abf83581220b4b6676009c59b6715b0b2251589,dfec9cbb2afe6616194c1fb41430c0c5d2bc4208,4,val_ood,crop_contours,double_right,double_right -> crop_contours,"pair (f,g): fgx=f(g(x)); task-token order [g,f] means g -> f",55,55,55,image_block_02,42,78000,256,256,0.01,2,"{""fixed_ranks"": [1, 2, 4, 8, 16, 32], ""variance_thresholds"": [0.9, 0.95]}",recorded_ood,77,0.12850707995260977,0.14039743522959713,0.16482948488927518,0.29356039170151893,1.0,0.2855410086369286,0.3187925763839457,0.1546173740868058,-0.01394654314818225,0.07539353131495116,-0.017979051672235,0.12194097554788902,
/home/ubuntu/cogitao-research/checkpoints/cogitao_vit_cross_attention/cogitao_c1_experiment_4_vit6_function_mlp_cross_attention/run_000/last.ckpt,35f91e02d5b826c89f6b24f52abf83581220b4b6676009c59b6715b0b2251589,dfec9cbb2afe6616194c1fb41430c0c5d2bc4208,4,val_ood,crop_contours,double_right,double_right -> crop_contours,"pair (f,g): fgx=f(g(x)); task-token order [g,f] means g -> f",55,55,55,image_block_03,42,78000,256,256,0.01,2,"{""fixed_ranks"": [1, 2, 4, 8, 16, 32], ""variance_thresholds"": [0.9, 0.95]}",recorded_ood,59,0.25373207361638517,0.24593002674614117,0.15625959073803125,0.36807296921699956,1.0,0.3058646854062909,0.410329001719486,0.20803755718207018,0.08575605048869739,0.13196559298808858,0.015940754250512876,,
/home/ubuntu/cogitao-research/checkpoints/cogitao_vit_cross_attention/cogitao_c1_experiment_4_vit6_function_mlp_cross_attention/run_000/last.ckpt,35f91e02d5b826c89f6b24f52abf83581220b4b6676009c59b6715b0b2251589,dfec9cbb2afe6616194c1fb41430c0c5d2bc4208,4,val_ood,crop_contours,double_right,double_right -> crop_contours,"pair (f,g): fgx=f(g(x)); task-token order [g,f] means g -> f",55,55,55,image_block_03,42,78000,256,256,0.01,2,"{""fixed_ranks"": [1, 2, 4, 8, 16, 32], ""variance_thresholds"": [0.9, 0.95]}",recorded_ood,21,0.19628434549228696,0.21697234243176255,0.1890461424615295,0.3425034844055987,1.0,0.26151875771287686,0.3461962398176995,0.24119622961193254,0.02830832236459918,0.1358792222272679,0.019854383489692193,,
/home/ubuntu/cogitao-research/checkpoints/cogitao_vit_cross_attention/cogitao_c1_experiment_4_vit6_function_mlp_cross_attention/run_000/last.ckpt,35f91e02d5b826c89f6b24f52abf83581220b4b6676009c59b6715b0b2251589,dfec9cbb2afe6616194c1fb41430c0c5d2bc4208,4,val_ood,crop_contours,double_right,double_right -> crop_contours,"pair (f,g): fgx=f(g(x)); task-token order [g,f] means g -> f",55,55,55,image_block_03,42,78000,256,256,0.01,2,"{""fixed_ranks"": [1, 2, 4, 8, 16, 32], ""variance_thresholds"": [0.9, 0.95]}",recorded_ood,56,0.31592631861974635,0.2933939631519051,0.15194202628784614,0.43283914881151386,1.0,0.2536374482489707,0.4852763381883208,0.21298405839064113,0.14795029549205857,0.07623591563762219,-0.03978892309995351,,
/home/ubuntu/cogitao-research/checkpoints/cogitao_vit_cross_attention/cogitao_c1_experiment_4_vit6_function_mlp_cross_attention/run_000/last.ckpt,35f91e02d5b826c89f6b24f52abf83581220b4b6676009c59b6715b0b2251589,dfec9cbb2afe6616194c1fb41430c0c5d2bc4208,4,val_ood,crop_contours,double_right,double_right -> crop_contours,"pair (f,g): fgx=f(g(x)); task-token order [g,f] means g -> f",55,55,55,image_block_03,42,78000,256,256,0.01,2,"{""fixed_ranks"": [1, 2, 4, 8, 16, 32], ""variance_thresholds"": [0.9, 0.95]}",recorded_ood,42,0.2344941783453155,0.2487580655341762,0.15377025335441982,0.35027688203614715,1.0,0.39315615099090295,0.30264415719339666,0.16824617693680322,0.06651815521762772,0.13187211482019626,0.015847276082620557,,
/home/ubuntu/cogitao-research/checkpoints/cogitao_vit_cross_attention/cogitao_c1_experiment_4_vit6_function_mlp_cross_attention/run_000/last.ckpt,35f91e02d5b826c89f6b24f52abf83581220b4b6676009c59b6715b0b2251589,dfec9cbb2afe6616194c1fb41430c0c5d2bc4208,4,val_ood,crop_contours,double_right,double_right -> crop_contours,"pair (f,g): fgx=f(g(x)); task-token order [g,f] means g -> f",55,55,55,image_block_03,42,78000,256,256,0.01,2,"{""fixed_ranks"": [1, 2, 4, 8, 16, 32], ""variance_thresholds"": [0.9, 0.95]}",recorded_ood,27,0.18406714048926456,0.24156278589440916,0.15885620329899497,0.42364256527583055,1.0,0.20041187460651783,0.4964976195800371,0.2813902245283716,0.016091117361576784,0.08962714061193716,-0.02639769812563854,,
/home/ubuntu/cogitao-research/checkpoints/cogitao_vit_cross_attention/cogitao_c1_experiment_4_vit6_function_mlp_cross_attention/run_000/last.ckpt,35f91e02d5b826c89f6b24f52abf83581220b4b6676009c59b6715b0b2251589,dfec9cbb2afe6616194c1fb41430c0c5d2bc4208,4,val_ood,crop_contours,double_right,double_right -> crop_contours,"pair (f,g): fgx=f(g(x)); task-token order [g,f] means g -> f",55,55,55,image_block_03,42,78000,256,256,0.01,2,"{""fixed_ranks"": [1, 2, 4, 8, 16, 32], ""variance_thresholds"": [0.9, 0.95]}",recorded_ood,92,0.23131189796601223,0.22208188897028508,0.23807894151680062,0.31958006926993954,1.0,0.27649213353205165,0.3437207557786128,0.20806603977349925,0.06333587483832445,0.11715604470880148,0.0011312059712257766,,
/home/ubuntu/cogitao-research/checkpoints/cogitao_vit_cross_attention/cogitao_c1_experiment_4_vit6_function_mlp_cross_attention/run_000/last.ckpt,35f91e02d5b826c89f6b24f52abf83581220b4b6676009c59b6715b0b2251589,dfec9cbb2afe6616194c1fb41430c0c5d2bc4208,4,val_ood,crop_contours,double_right,double_right -> crop_contours,"pair (f,g): fgx=f(g(x)); task-token order [g,f] means g -> f",55,55,55,image_block_03,42,78000,256,256,0.01,2,"{""fixed_ranks"": [1, 2, 4, 8, 16, 32], ""variance_thresholds"": [0.9, 0.95]}",recorded_ood,71,0.17514777625285693,0.2065004485782658,0.14584559559977792,0.3108886561697001,1.0,0.2801247821826792,0.41585027796511,0.17802452917807524,0.007171753125169156,0.08392996489924522,-0.032094873838330484,,
/home/ubuntu/cogitao-research/checkpoints/cogitao_vit_cross_attention/cogitao_c1_experiment_4_vit6_function_mlp_cross_attention/run_000/last.ckpt,35f91e02d5b826c89f6b24f52abf83581220b4b6676009c59b6715b0b2251589,dfec9cbb2afe6616194c1fb41430c0c5d2bc4208,4,val_ood,crop_contours,double_right,double_right -> crop_contours,"pair (f,g): fgx=f(g(x)); task-token order [g,f] means g -> f",55,55,55,image_block_03,42,78000,256,256,0.01,2,"{""fixed_ranks"": [1, 2, 4, 8, 16, 32], ""variance_thresholds"": [0.9, 0.95]}",recorded_ood,24,0.21570569883026253,0.1968677274860145,0.16562626237181266,0.36404869719019545,1.0,0.2728000044530166,0.35203429946556497,0.16610964224657576,0.04772967570257475,0.1131001905561597,-0.0029246481814159953,,
/home/ubuntu/cogitao-research/checkpoints/cogitao_vit_cross_attention/cogitao_c1_experiment_4_vit6_function_mlp_cross_attention/run_000/last.ckpt,35f91e02d5b826c89f6b24f52abf83581220b4b6676009c59b6715b0b2251589,dfec9cbb2afe6616194c1fb41430c0c5d2bc4208,4,val_ood,crop_contours,double_right,double_right -> crop_contours,"pair (f,g): fgx=f(g(x)); task-token order [g,f] means g -> f",55,55,55,image_block_03,42,78000,256,256,0.01,2,"{""fixed_ranks"": [1, 2, 4, 8, 16, 32], ""variance_thresholds"": [0.9, 0.95]}",recorded_ood,52,0.14521865259672012,0.1533745475946362,0.14523674937834133,0.2963984010396833,1.0,0.308016164276305,0.2729876966020157,0.12142019496295159,-0.022757370530967658,0.12099346314603109,0.0049686244084553854,,
/home/ubuntu/cogitao-research/checkpoints/cogitao_vit_cross_attention/cogitao_c1_experiment_4_vit6_function_mlp_cross_attention/run_000/last.ckpt,35f91e02d5b826c89f6b24f52abf83581220b4b6676009c59b6715b0b2251589,dfec9cbb2afe6616194c1fb41430c0c5d2bc4208,4,val_ood,crop_contours,double_right,double_right -> crop_contours,"pair (f,g): fgx=f(g(x)); task-token order [g,f] means g -> f",55,55,55,image_block_03,42,78000,256,256,0.01,2,"{""fixed_ranks"": [1, 2, 4, 8, 16, 32], ""variance_thresholds"": [0.9, 0.95]}",recorded_ood,81,0.25290150315488963,0.2724261168422389,0.18611060252671602,0.397295766116807,1.0,0.2240833576667599,0.4810279552701235,0.27144083293250776,0.08492548002720185,0.078474973077216,-0.0375498656603597,,
/home/ubuntu/cogitao-research/checkpoints/cogitao_vit_cross_attention/cogitao_c1_experiment_4_vit6_function_mlp_cross_attention/run_000/last.ckpt,35f91e02d5b826c89f6b24f52abf83581220b4b6676009c59b6715b0b2251589,dfec9cbb2afe6616194c1fb41430c0c5d2bc4208,4,val_ood,crop_contours,double_right,double_right -> crop_contours,"pair (f,g): fgx=f(g(x)); task-token order [g,f] means g -> f",55,55,55,image_block_03,42,78000,256,256,0.01,2,"{""fixed_ranks"": [1, 2, 4, 8, 16, 32], ""variance_thresholds"": [0.9, 0.95]}",recorded_ood,99,0.2161852670771816,0.2143845754683587,0.16896758699118455,0.3999515251288166,1.0,0.2652660795719886,0.4516053383781604,0.19347618476666723,0.04820924394949383,0.08341312821302616,-0.032611710524549545,,
/home/ubuntu/cogitao-research/checkpoints/cogitao_vit_cross_attention/cogitao_c1_experiment_4_vit6_function_mlp_cross_attention/run_000/last.ckpt,35f91e02d5b826c89f6b24f52abf83581220b4b6676009c59b6715b0b2251589,dfec9cbb2afe6616194c1fb41430c0c5d2bc4208,4,val_ood,crop_contours,double_right,double_right -> crop_contours,"pair (f,g): fgx=f(g(x)); task-token order [g,f] means g -> f",55,55,55,image_block_03,42,78000,256,256,0.01,2,"{""fixed_ranks"": [1, 2, 4, 8, 16, 32], ""variance_thresholds"": [0.9, 0.95]}",recorded_ood,4,0.23646152786806957,0.24929755924942798,0.14093904268068844,0.34841211307101305,1.0,0.20677728137433057,0.42181596639354996,0.24444998277467944,0.06848550474038179,0.11173707611803668,-0.004287762619539018,,
/home/ubuntu/cogitao-research/checkpoints/cogitao_vit_cross_attention/cogitao_c1_experiment_4_vit6_function_mlp_cross_attention/run_000/last.ckpt,35f91e02d5b826c89f6b24f52abf83581220b4b6676009c59b6715b0b2251589,dfec9cbb2afe6616194c1fb41430c0c5d2bc4208,4,val_ood,crop_contours,double_right,double_right -> crop_contours,"pair (f,g): fgx=f(g(x)); task-token order [g,f] means g -> f",55,55,55,image_block_03,42,78000,256,256,0.01,2,"{""fixed_ranks"": [1, 2, 4, 8, 16, 32], ""variance_thresholds"": [0.9, 0.95]}",recorded_ood,94,0.20086314678292702,0.20400304080490664,0.13273608571198275,0.3327998289502275,1.0,0.2670020443493121,0.37470857153252213,0.16234429235280926,0.03288712365523924,0.07702835000330645,-0.03899648873426925,,
/home/ubuntu/cogitao-research/checkpoints/cogitao_vit_cross_attention/cogitao_c1_experiment_4_vit6_function_mlp_cross_attention/run_000/last.ckpt,35f91e02d5b826c89f6b24f52abf83581220b4b6676009c59b6715b0b2251589,dfec9cbb2afe6616194c1fb41430c0c5d2bc4208,4,val_ood,crop_contours,double_right,double_right -> crop_contours,"pair (f,g): fgx=f(g(x)); task-token order [g,f] means g -> f",55,55,55,image_block_03,42,78000,256,256,0.01,2,"{""fixed_ranks"": [1, 2, 4, 8, 16, 32], ""variance_thresholds"": [0.9, 0.95]}",recorded_ood,80,0.2508859413677964,0.22357812022526707,0.15535007938425832,0.4105749326360307,1.0,0.35850880234804283,0.41614514372148004,0.18622316717553014,0.08290991824010863,0.10718061378504604,-0.008844224952529664,,
/home/ubuntu/cogitao-research/checkpoints/cogitao_vit_cross_attention/cogitao_c1_experiment_4_vit6_function_mlp_cross_attention/run_000/last.ckpt,35f91e02d5b826c89f6b24f52abf83581220b4b6676009c59b6715b0b2251589,dfec9cbb2afe6616194c1fb41430c0c5d2bc4208,4,val_ood,crop_contours,double_right,double_right -> crop_contours,"pair (f,g): fgx=f(g(x)); task-token order [g,f] means g -> f",55,55,55,image_block_03,42,78000,256,256,0.01,2,"{""fixed_ranks"": [1, 2, 4, 8, 16, 32], ""variance_thresholds"": [0.9, 0.95]}",recorded_ood,7,0.19531148562660533,0.2150956941357957,0.10792496247972218,0.2897760332617255,1.0,0.3144792309443081,0.32016762692477374,0.13237974277757525,0.02733546249891755,0.10004406365058265,-0.015980775086993054,,
/home/ubuntu/cogitao-research/checkpoints/cogitao_vit_cross_attention/cogitao_c1_experiment_4_vit6_function_mlp_cross_attention/run_000/last.ckpt,35f91e02d5b826c89f6b24f52abf83581220b4b6676009c59b6715b0b2251589,dfec9cbb2afe6616194c1fb41430c0c5d2bc4208,4,val_ood,crop_contours,double_right,double_right -> crop_contours,"pair (f,g): fgx=f(g(x)); task-token order [g,f] means g -> f",55,55,55,image_block_03,42,78000,256,256,0.01,2,"{""fixed_ranks"": [1, 2, 4, 8, 16, 32], ""variance_thresholds"": [0.9, 0.95]}",recorded_ood,57,0.2169504492714757,0.22520720946535025,0.25760538129500427,0.3181787129753366,1.0,0.2842686764964141,0.30328069145545167,0.19186627047385552,0.048974426143787914,0.1558539350008654,0.03982909626328969,,
/home/ubuntu/cogitao-research/checkpoints/cogitao_vit_cross_attention/cogitao_c1_experiment_4_vit6_function_mlp_cross_attention/run_000/last.ckpt,35f91e02d5b826c89f6b24f52abf83581220b4b6676009c59b6715b0b2251589,dfec9cbb2afe6616194c1fb41430c0c5d2bc4208,4,val_ood,crop_contours,double_right,double_right -> crop_contours,"pair (f,g): fgx=f(g(x)); task-token order [g,f] means g -> f",55,55,55,image_block_03,42,78000,256,256,0.01,2,"{""fixed_ranks"": [1, 2, 4, 8, 16, 32], ""variance_thresholds"": [0.9, 0.95]}",recorded_ood,79,0.17260376522829268,0.18425949431619718,0.13656372863929386,0.34445449566964026,1.0,0.2639198198272849,0.3360752143122399,0.1510539092288979,0.0046277421006049035,0.11996841299426023,0.003943574256684526,,
/home/ubuntu/cogitao-research/checkpoints/cogitao_vit_cross_attention/cogitao_c1_experiment_4_vit6_function_mlp_cross_attention/run_000/last.ckpt,35f91e02d5b826c89f6b24f52abf83581220b4b6676009c59b6715b0b2251589,dfec9cbb2afe6616194c1fb41430c0c5d2bc4208,4,val_ood,crop_contours,double_right,double_right -> crop_contours,"pair (f,g): fgx=f(g(x)); task-token order [g,f] means g -> f",55,55,55,image_block_03,42,78000,256,256,0.01,2,"{""fixed_ranks"": [1, 2, 4, 8, 16, 32], ""variance_thresholds"": [0.9, 0.95]}",recorded_ood,26,0.16304551446746768,0.17275794808561176,0.16422458740341625,0.302866455758798,1.0,0.30128183735875447,0.2809051694854079,0.14692166499138246,-0.004930508660220101,0.14007021031401481,0.024045371576439115,,
/home/ubuntu/cogitao-research/checkpoints/cogitao_vit_cross_attention/cogitao_c1_experiment_4_vit6_function_mlp_cross_attention/run_000/last.ckpt,35f91e02d5b826c89f6b24f52abf83581220b4b6676009c59b6715b0b2251589,dfec9cbb2afe6616194c1fb41430c0c5d2bc4208,4,val_ood,crop_contours,double_right,double_right -> crop_contours,"pair (f,g): fgx=f(g(x)); task-token order [g,f] means g -> f",55,55,55,image_block_03,42,78000,256,256,0.01,2,"{""fixed_ranks"": [1, 2, 4, 8, 16, 32], ""variance_thresholds"": [0.9, 0.95]}",recorded_ood,78,0.2622654854100656,0.26213008887930966,0.11272114452145351,0.41384530447481954,1.0,0.26300893919845747,0.4456725282820232,0.23346284337588372,0.09428946228237783,0.12300472346825804,0.00697988473068234,,
/home/ubuntu/cogitao-research/checkpoints/cogitao_vit_cross_attention/cogitao_c1_experiment_4_vit6_function_mlp_cross_attention/run_000/last.ckpt,35f91e02d5b826c89f6b24f52abf83581220b4b6676009c59b6715b0b2251589,dfec9cbb2afe6616194c1fb41430c0c5d2bc4208,4,val_ood,crop_contours,double_right,double_right -> crop_contours,"pair (f,g): fgx=f(g(x)); task-token order [g,f] means g -> f",55,55,55,image_block_03,42,78000,256,256,0.01,2,"{""fixed_ranks"": [1, 2, 4, 8, 16, 32], ""variance_thresholds"": [0.9, 0.95]}",recorded_ood,38,0.2038309715498918,0.20165960794159954,0.1372534285903144,0.37128506631779234,1.0,0.3015080785011793,0.3657369430480319,0.17195623224652032,0.03585494842220402,0.11713381394910606,0.0011089752115303608,,
/home/ubuntu/cogitao-research/checkpoints/cogitao_vit_cross_attention/cogitao_c1_experiment_4_vit6_function_mlp_cross_attention/run_000/last.ckpt,35f91e02d5b826c89f6b24f52abf83581220b4b6676009c59b6715b0b2251589,dfec9cbb2afe6616194c1fb41430c0c5d2bc4208,4,val_ood,crop_contours,double_right,double_right -> crop_contours,"pair (f,g): fgx=f(g(x)); task-token order [g,f] means g -> f",55,55,55,image_block_03,42,78000,256,256,0.01,2,"{""fixed_ranks"": [1, 2, 4, 8, 16, 32], ""variance_thresholds"": [0.9, 0.95]}",recorded_ood,86,0.2634942825308909,0.21567402243363465,0.1330108411186396,0.3766341151437179,1.0,0.3250293121730598,0.34864608650891193,0.15738224410192608,0.09551825940320313,0.07360222403841124,-0.04242261469916446,,
/home/ubuntu/cogitao-research/checkpoints/cogitao_vit_cross_attention/cogitao_c1_experiment_4_vit6_function_mlp_cross_attention/run_000/last.ckpt,35f91e02d5b826c89f6b24f52abf83581220b4b6676009c59b6715b0b2251589,dfec9cbb2afe6616194c1fb41430c0c5d2bc4208,4,val_ood,crop_contours,double_right,double_right -> crop_contours,"pair (f,g): fgx=f(g(x)); task-token order [g,f] means g -> f",55,55,55,image_block_03,42,78000,256,256,0.01,2,"{""fixed_ranks"": [1, 2, 4, 8, 16, 32], ""variance_thresholds"": [0.9, 0.95]}",recorded_ood,45,0.22187883494429936,0.24787281570467784,0.15959426271422875,0.4025150699172659,1.0,0.2581189489200004,0.44221980768629476,0.2177293977409318,0.05390281181661158,0.0970967413608167,-0.018928097376759004,,
/home/ubuntu/cogitao-research/checkpoints/cogitao_vit_cross_attention/cogitao_c1_experiment_4_vit6_function_mlp_cross_attention/run_000/last.ckpt,35f91e02d5b826c89f6b24f52abf83581220b4b6676009c59b6715b0b2251589,dfec9cbb2afe6616194c1fb41430c0c5d2bc4208,4,val_ood,crop_contours,double_right,double_right -> crop_contours,"pair (f,g): fgx=f(g(x)); task-token order [g,f] means g -> f",55,55,55,image_block_03,42,78000,256,256,0.01,2,"{""fixed_ranks"": [1, 2, 4, 8, 16, 32], ""variance_thresholds"": [0.9, 0.95]}",recorded_ood,17,0.2724513808886941,0.27619983574552276,0.15707629142351215,0.29280844443892684,1.0,0.28752035967821227,0.3458586579238393,0.15814780444713522,0.1044753577610063,0.06738617376956715,-0.048638664968008546,,
/home/ubuntu/cogitao-research/checkpoints/cogitao_vit_cross_attention/cogitao_c1_experiment_4_vit6_function_mlp_cross_attention/run_000/last.ckpt,35f91e02d5b826c89f6b24f52abf83581220b4b6676009c59b6715b0b2251589,dfec9cbb2afe6616194c1fb41430c0c5d2bc4208,4,val_ood,crop_contours,double_right,double_right -> crop_contours,"pair (f,g): fgx=f(g(x)); task-token order [g,f] means g -> f",55,55,55,image_block_03,42,78000,256,256,0.01,2,"{""fixed_ranks"": [1, 2, 4, 8, 16, 32], ""variance_thresholds"": [0.9, 0.95]}",recorded_ood,91,0.14196120981796745,0.16358951409465045,0.15374295423205508,0.3519840719725653,1.0,0.25441640464764353,0.33017070594872766,0.1777068479942948,-0.02601481330972033,0.09228845212229057,-0.023736386615285127,,
/home/ubuntu/cogitao-research/checkpoints/cogitao_vit_cross_attention/cogitao_c1_experiment_4_vit6_function_mlp_cross_attention/run_000/last.ckpt,35f91e02d5b826c89f6b24f52abf83581220b4b6676009c59b6715b0b2251589,dfec9cbb2afe6616194c1fb41430c0c5d2bc4208,4,val_ood,crop_contours,double_right,double_right -> crop_contours,"pair (f,g): fgx=f(g(x)); task-token order [g,f] means g -> f",55,55,55,image_block_03,42,78000,256,256,0.01,2,"{""fixed_ranks"": [1, 2, 4, 8, 16, 32], ""variance_thresholds"": [0.9, 0.95]}",recorded_ood,40,0.1865854125424738,0.21269704717198562,0.15407589510407543,0.3702280406483484,1.0,0.28490046451965945,0.42859912074538575,0.2366007880714846,0.018609389414786015,0.10511299559011582,-0.010911843147459882,,
/home/ubuntu/cogitao-research/checkpoints/cogitao_vit_cross_attention/cogitao_c1_experiment_4_vit6_function_mlp_cross_attention/run_000/last.ckpt,35f91e02d5b826c89f6b24f52abf83581220b4b6676009c59b6715b0b2251589,dfec9cbb2afe6616194c1fb41430c0c5d2bc4208,4,val_ood,crop_contours,double_right,double_right -> crop_contours,"pair (f,g): fgx=f(g(x)); task-token order [g,f] means g -> f",55,55,55,image_block_03,42,78000,256,256,0.01,2,"{""fixed_ranks"": [1, 2, 4, 8, 16, 32], ""variance_thresholds"": [0.9, 0.95]}",recorded_ood,68,0.2292431321546358,0.2254916793479412,0.1768604595241402,0.384933742801534,1.0,0.30198427133110856,0.41696491617384784,0.22012675266031442,0.06126710902694801,0.06373737739699487,-0.052287461340580835,,
/home/ubuntu/cogitao-research/checkpoints/cogitao_vit_cross_attention/cogitao_c1_experiment_4_vit6_function_mlp_cross_attention/run_000/last.ckpt,35f91e02d5b826c89f6b24f52abf83581220b4b6676009c59b6715b0b2251589,dfec9cbb2afe6616194c1fb41430c0c5d2bc4208,4,val_ood,crop_contours,double_right,double_right -> crop_contours,"pair (f,g): fgx=f(g(x)); task-token order [g,f] means g -> f",55,55,55,image_block_03,42,78000,256,256,0.01,2,"{""fixed_ranks"": [1, 2, 4, 8, 16, 32], ""variance_thresholds"": [0.9, 0.95]}",recorded_ood,1,0.285995954768423,0.26851379357044725,0.18685189432477353,0.3441313108456184,1.0,0.249700379417127,0.4352577808196831,0.23027683195358628,0.11801993164073521,0.0843227924990668,-0.031702046238508905,,
/home/ubuntu/cogitao-research/checkpoints/cogitao_vit_cross_attention/cogitao_c1_experiment_4_vit6_function_mlp_cross_attention/run_000/last.ckpt,35f91e02d5b826c89f6b24f52abf83581220b4b6676009c59b6715b0b2251589,dfec9cbb2afe6616194c1fb41430c0c5d2bc4208,4,val_ood,crop_contours,double_right,double_right -> crop_contours,"pair (f,g): fgx=f(g(x)); task-token order [g,f] means g -> f",55,55,55,image_block_03,42,78000,256,256,0.01,2,"{""fixed_ranks"": [1, 2, 4, 8, 16, 32], ""variance_thresholds"": [0.9, 0.95]}",recorded_ood,95,0.2195053330214016,0.21074499558480178,0.15390257620208625,0.35880451560784526,1.0,0.2545725687472694,0.34953575120439706,0.15602800303735329,0.05152930989371382,0.1285707449748778,0.012545906237302104,0.23047163871093013,
/home/ubuntu/cogitao-research/checkpoints/cogitao_vit_cross_attention/cogitao_c1_experiment_4_vit6_function_mlp_cross_attention/run_000/last.ckpt,35f91e02d5b826c89f6b24f52abf83581220b4b6676009c59b6715b0b2251589,dfec9cbb2afe6616194c1fb41430c0c5d2bc4208,4,val_ood,crop_contours,double_right,double_right -> crop_contours,"pair (f,g): fgx=f(g(x)); task-token order [g,f] means g -> f",55,55,55,image_block_03,42,78000,256,256,0.01,2,"{""fixed_ranks"": [1, 2, 4, 8, 16, 32], ""variance_thresholds"": [0.9, 0.95]}",recorded_ood,63,0.22133426155018787,0.22756094254216144,0.1596427251545136,0.338423466236047,1.0,0.28229267740776864,0.3668480163465272,0.19357855850162656,0.05335823842250009,0.07968227265863026,-0.03634256607894544,0.20436984928699964,
/home/ubuntu/cogitao-research/checkpoints/cogitao_vit_cross_attention/cogitao_c1_experiment_4_vit6_function_mlp_cross_attention/run_000/last.ckpt,35f91e02d5b826c89f6b24f52abf83581220b4b6676009c59b6715b0b2251589,dfec9cbb2afe6616194c1fb41430c0c5d2bc4208,4,val_ood,crop_contours,double_right,double_right -> crop_contours,"pair (f,g): fgx=f(g(x)); task-token order [g,f] means g -> f",55,55,55,image_block_03,42,78000,256,256,0.01,2,"{""fixed_ranks"": [1, 2, 4, 8, 16, 32], ""variance_thresholds"": [0.9, 0.95]}",recorded_ood,3,0.23988532624024364,0.27717619102177526,0.12843136847034062,0.3758398641956085,1.0,0.26669725499956487,0.39382713604029185,0.24966664190418855,0.07190930311255586,0.11437747029585492,-0.0016473684417207812,0.20261177881005332,
/home/ubuntu/cogitao-research/checkpoints/cogitao_vit_cross_attention/cogitao_c1_experiment_4_vit6_function_mlp_cross_attention/run_000/last.ckpt,35f91e02d5b826c89f6b24f52abf83581220b4b6676009c59b6715b0b2251589,dfec9cbb2afe6616194c1fb41430c0c5d2bc4208,4,val_ood,crop_contours,double_right,double_right -> crop_contours,"pair (f,g): fgx=f(g(x)); task-token order [g,f] means g -> f",55,55,55,image_block_03,42,78000,256,256,0.01,2,"{""fixed_ranks"": [1, 2, 4, 8, 16, 32], ""variance_thresholds"": [0.9, 0.95]}",recorded_ood,83,0.24570104965239148,0.2736320882751695,0.1980936072840769,0.42135740559471,1.0,0.2771609083152663,0.4282144049386442,0.26134313127720876,0.0777250265247037,0.09368260292559501,-0.022342235811980693,0.26221774950377,
/home/ubuntu/cogitao-research/checkpoints/cogitao_vit_cross_attention/cogitao_c1_experiment_4_vit6_function_mlp_cross_attention/run_000/last.ckpt,35f91e02d5b826c89f6b24f52abf83581220b4b6676009c59b6715b0b2251589,dfec9cbb2afe6616194c1fb41430c0c5d2bc4208,4,val_ood,crop_contours,double_right,double_right -> crop_contours,"pair (f,g): fgx=f(g(x)); task-token order [g,f] means g -> f",55,55,55,image_block_03,42,78000,256,256,0.01,2,"{""fixed_ranks"": [1, 2, 4, 8, 16, 32], ""variance_thresholds"": [0.9, 0.95]}",recorded_ood,93,0.2493594102487492,0.2426813341200434,0.15312911339950352,0.3778967044831938,1.0,0.2751862289353899,0.44092759456145736,0.1810151628188448,0.08138338712106141,0.13066712548588694,0.014642286748311237,0.21115714032797855,
/home/ubuntu/cogitao-research/checkpoints/cogitao_vit_cross_attention/cogitao_c1_experiment_4_vit6_function_mlp_cross_attention/run_000/last.ckpt,35f91e02d5b826c89f6b24f52abf83581220b4b6676009c59b6715b0b2251589,dfec9cbb2afe6616194c1fb41430c0c5d2bc4208,4,val_ood,crop_contours,double_right,double_right -> crop_contours,"pair (f,g): fgx=f(g(x)); task-token order [g,f] means g -> f",55,55,55,image_block_03,42,78000,256,256,0.01,2,"{""fixed_ranks"": [1, 2, 4, 8, 16, 32], ""variance_thresholds"": [0.9, 0.95]}",recorded_ood,87,0.2769664174325055,0.26037144118828787,0.12268964158848547,0.3813528756060329,1.0,0.27866204258098076,0.41307634833485884,0.22638918979032874,0.10899039430481772,0.07873578459174155,-0.03728905414583415,0.18070787320714857,
/home/ubuntu/cogitao-research/checkpoints/cogitao_vit_cross_attention/cogitao_c1_experiment_4_vit6_function_mlp_cross_attention/run_000/last.ckpt,35f91e02d5b826c89f6b24f52abf83581220b4b6676009c59b6715b0b2251589,dfec9cbb2afe6616194c1fb41430c0c5d2bc4208,4,val_ood,crop_contours,double_right,double_right -> crop_contours,"pair (f,g): fgx=f(g(x)); task-token order [g,f] means g -> f",55,55,55,image_block_03,42,78000,256,256,0.01,2,"{""fixed_ranks"": [1, 2, 4, 8, 16, 32], ""variance_thresholds"": [0.9, 0.95]}",recorded_ood,73,0.20816607092787612,0.24298041063973447,0.16754841825304023,0.3842773392284145,1.0,0.2365827854926911,0.45604823482699625,0.2626292754558803,0.04019004780018834,0.12527326483630716,0.009248426098731458,0.16501700829398308,
/home/ubuntu/cogitao-research/checkpoints/cogitao_vit_cross_attention/cogitao_c1_experiment_4_vit6_function_mlp_cross_attention/run_000/last.ckpt,35f91e02d5b826c89f6b24f52abf83581220b4b6676009c59b6715b0b2251589,dfec9cbb2afe6616194c1fb41430c0c5d2bc4208,4,val_ood,crop_contours,double_right,double_right -> crop_contours,"pair (f,g): fgx=f(g(x)); task-token order [g,f] means g -> f",55,55,55,image_block_03,42,78000,256,256,0.01,2,"{""fixed_ranks"": [1, 2, 4, 8, 16, 32], ""variance_thresholds"": [0.9, 0.95]}",recorded_ood,75,0.23667062436631348,0.21749313883135174,0.09962937793637497,0.3661884916948472,1.0,0.2500547863375291,0.4061589278062468,0.18617936700696583,0.0686946012386257,0.10831494114234355,-0.007709897595232149,0.2041263546232564,
/home/ubuntu/cogitao-research/checkpoints/cogitao_vit_cross_attention/cogitao_c1_experiment_4_vit6_function_mlp_cross_attention/run_000/last.ckpt,35f91e02d5b826c89f6b24f52abf83581220b4b6676009c59b6715b0b2251589,dfec9cbb2afe6616194c1fb41430c0c5d2bc4208,4,val_ood,crop_contours,double_right,double_right -> crop_contours,"pair (f,g): fgx=f(g(x)); task-token order [g,f] means g -> f",55,55,55,image_block_03,42,78000,256,256,0.01,2,"{""fixed_ranks"": [1, 2, 4, 8, 16, 32], ""variance_thresholds"": [0.9, 0.95]}",recorded_ood,23,0.19870825874395726,0.20631001427729,0.1354060568223583,0.30820042753821303,1.0,0.2416973148346209,0.3735110383890629,0.17286928745938862,0.030732235616269477,0.0689881173964305,-0.0470367213411452,0.17873538635866054,
/home/ubuntu/cogitao-research/checkpoints/cogitao_vit_cross_attention/cogitao_c1_experiment_4_vit6_function_mlp_cross_attention/run_000/last.ckpt,35f91e02d5b826c89f6b24f52abf83581220b4b6676009c59b6715b0b2251589,dfec9cbb2afe6616194c1fb41430c0c5d2bc4208,4,val_ood,crop_contours,double_right,double_right -> crop_contours,"pair (f,g): fgx=f(g(x)); task-token order [g,f] means g -> f",55,55,55,image_block_03,42,78000,256,256,0.01,2,"{""fixed_ranks"": [1, 2, 4, 8, 16, 32], ""variance_thresholds"": [0.9, 0.95]}",recorded_ood,15,0.2013220201216817,0.22169490490344262,0.1687505400398248,0.30894314043931675,1.0,0.26537324874279283,0.3389038704870364,0.1934789363831013,0.03334599699399393,0.1062278770553451,-0.009796961682230598,0.2063295184010308,
/home/ubuntu/cogitao-research/checkpoints/cogitao_vit_cross_attention/cogitao_c1_experiment_4_vit6_function_mlp_cross_attention/run_000/last.ckpt,35f91e02d5b826c89f6b24f52abf83581220b4b6676009c59b6715b0b2251589,dfec9cbb2afe6616194c1fb41430c0c5d2bc4208,4,val_ood,crop_contours,double_right,double_right -> crop_contours,"pair (f,g): fgx=f(g(x)); task-token order [g,f] means g -> f",55,55,55,image_block_03,42,78000,256,256,0.01,2,"{""fixed_ranks"": [1, 2, 4, 8, 16, 32], ""variance_thresholds"": [0.9, 0.95]}",recorded_ood,9,0.21832892625662664,0.2213986613470964,0.12781033544682902,0.4302690004099076,1.0,0.2828385151118455,0.48507728484205015,0.18706911930245862,0.050352903128938864,0.10661318401882902,-0.009411654718746679,0.261891581509953,
/home/ubuntu/cogitao-research/checkpoints/cogitao_vit_cross_attention/cogitao_c1_experiment_4_vit6_function_mlp_cross_attention/run_000/last.ckpt,35f91e02d5b826c89f6b24f52abf83581220b4b6676009c59b6715b0b2251589,dfec9cbb2afe6616194c1fb41430c0c5d2bc4208,4,val_ood,crop_contours,double_right,double_right -> crop_contours,"pair (f,g): fgx=f(g(x)); task-token order [g,f] means g -> f",55,55,55,image_block_03,42,78000,256,256,0.01,2,"{""fixed_ranks"": [1, 2, 4, 8, 16, 32], ""variance_thresholds"": [0.9, 0.95]}",recorded_ood,31,0.21510796726991394,0.20037585194313767,0.20703555858994863,0.38040754751228323,1.0,0.2972505073573612,0.39048180227347196,0.1746483792479602,0.047131944142226156,0.10205537910033546,-0.013969459637240236,0.19307451392065011,
/home/ubuntu/cogitao-research/checkpoints/cogitao_vit_cross_attention/cogitao_c1_experiment_4_vit6_function_mlp_cross_attention/run_000/last.ckpt,35f91e02d5b826c89f6b24f52abf83581220b4b6676009c59b6715b0b2251589,dfec9cbb2afe6616194c1fb41430c0c5d2bc4208,4,val_ood,crop_contours,double_right,double_right -> crop_contours,"pair (f,g): fgx=f(g(x)); task-token order [g,f] means g -> f",55,55,55,image_block_03,42,78000,256,256,0.01,2,"{""fixed_ranks"": [1, 2, 4, 8, 16, 32], ""variance_thresholds"": [0.9, 0.95]}",recorded_ood,72,0.2130054242874164,0.22348325605063848,0.1580000949423859,0.39544394660947296,1.0,0.2966247824062936,0.4185957116044763,0.23734625225230307,0.045029401159728616,0.09688553129369308,-0.01913930744388262,0.2097448394172677,
/home/ubuntu/cogitao-research/checkpoints/cogitao_vit_cross_attention/cogitao_c1_experiment_4_vit6_function_mlp_cross_attention/run_000/last.ckpt,35f91e02d5b826c89f6b24f52abf83581220b4b6676009c59b6715b0b2251589,dfec9cbb2afe6616194c1fb41430c0c5d2bc4208,4,val_ood,crop_contours,double_right,double_right -> crop_contours,"pair (f,g): fgx=f(g(x)); task-token order [g,f] means g -> f",55,55,55,image_block_03,42,78000,256,256,0.01,2,"{""fixed_ranks"": [1, 2, 4, 8, 16, 32], ""variance_thresholds"": [0.9, 0.95]}",recorded_ood,67,0.2405613475891531,0.22542515704513952,0.1344598900646457,0.4116374767452263,1.0,0.25004239290931507,0.40418415036614896,0.24018446097502924,0.07258532446146532,0.13855133026091845,0.022526491523342754,0.23786321533491966,
/home/ubuntu/cogitao-research/checkpoints/cogitao_vit_cross_attention/cogitao_c1_experiment_4_vit6_function_mlp_cross_attention/run_000/last.ckpt,35f91e02d5b826c89f6b24f52abf83581220b4b6676009c59b6715b0b2251589,dfec9cbb2afe6616194c1fb41430c0c5d2bc4208,4,val_ood,crop_contours,double_right,double_right -> crop_contours,"pair (f,g): fgx=f(g(x)); task-token order [g,f] means g -> f",55,55,55,image_block_03,42,78000,256,256,0.01,2,"{""fixed_ranks"": [1, 2, 4, 8, 16, 32], ""variance_thresholds"": [0.9, 0.95]}",recorded_ood,34,0.14765528747197298,0.15189757541015353,0.19691310719298935,0.3049598690732631,1.0,0.2677672057967755,0.3172364775225227,0.20428304095053187,-0.020320735655714794,0.09269600791974665,-0.02332883081782905,0.21925782353950354,
/home/ubuntu/cogitao-research/checkpoints/cogitao_vit_cross_attention/cogitao_c1_experiment_4_vit6_function_mlp_cross_attention/run_000/last.ckpt,35f91e02d5b826c89f6b24f52abf83581220b4b6676009c59b6715b0b2251589,dfec9cbb2afe6616194c1fb41430c0c5d2bc4208,4,val_ood,crop_contours,double_right,double_right -> crop_contours,"pair (f,g): fgx=f(g(x)); task-token order [g,f] means g -> f",55,55,55,image_block_03,42,78000,256,256,0.01,2,"{""fixed_ranks"": [1, 2, 4, 8, 16, 32], ""variance_thresholds"": [0.9, 0.95]}",recorded_ood,30,0.22069586663458907,0.2285067571692109,0.1467572664993228,0.3375482423856954,1.0,0.2096655546455665,0.44056847240424585,0.2591104267375302,0.05271984350690129,0.10149248369543638,-0.014532355042139317,0.19695574229634366,
/home/ubuntu/cogitao-research/checkpoints/cogitao_vit_cross_attention/cogitao_c1_experiment_4_vit6_function_mlp_cross_attention/run_000/last.ckpt,35f91e02d5b826c89f6b24f52abf83581220b4b6676009c59b6715b0b2251589,dfec9cbb2afe6616194c1fb41430c0c5d2bc4208,4,val_ood,crop_contours,double_right,double_right -> crop_contours,"pair (f,g): fgx=f(g(x)); task-token order [g,f] means g -> f",55,55,55,image_block_03,42,78000,256,256,0.01,2,"{""fixed_ranks"": [1, 2, 4, 8, 16, 32], ""variance_thresholds"": [0.9, 0.95]}",recorded_ood,74,0.19277844615104883,0.1971036151255727,0.11180024943414281,0.2978722325349844,1.0,0.2731200886048234,0.33887388175532557,0.10641687313652165,0.024802423023361053,0.1284935838833402,0.012468745145764501,0.20626203287640713,
/home/ubuntu/cogitao-research/checkpoints/cogitao_vit_cross_attention/cogitao_c1_experiment_4_vit6_function_mlp_cross_attention/run_000/last.ckpt,35f91e02d5b826c89f6b24f52abf83581220b4b6676009c59b6715b0b2251589,dfec9cbb2afe6616194c1fb41430c0c5d2bc4208,4,val_ood,crop_contours,double_right,double_right -> crop_contours,"pair (f,g): fgx=f(g(x)); task-token order [g,f] means g -> f",55,55,55,image_block_03,42,78000,256,256,0.01,2,"{""fixed_ranks"": [1, 2, 4, 8, 16, 32], ""variance_thresholds"": [0.9, 0.95]}",recorded_ood,88,0.17280714713708945,0.18195748170805226,0.11810476101602715,0.32471057199004005,1.0,0.27969096336148497,0.3486815917610859,0.14564716305633923,0.004831124009401666,0.12610247990755086,0.010077641169975157,0.2068053658140526,
/home/ubuntu/cogitao-research/checkpoints/cogitao_vit_cross_attention/cogitao_c1_experiment_4_vit6_function_mlp_cross_attention/run_000/last.ckpt,35f91e02d5b826c89f6b24f52abf83581220b4b6676009c59b6715b0b2251589,dfec9cbb2afe6616194c1fb41430c0c5d2bc4208,4,val_ood,crop_contours,double_right,double_right -> crop_contours,"pair (f,g): fgx=f(g(x)); task-token order [g,f] means g -> f",55,55,55,image_block_03,42,78000,256,256,0.01,2,"{""fixed_ranks"": [1, 2, 4, 8, 16, 32], ""variance_thresholds"": [0.9, 0.95]}",recorded_ood,98,0.2650612663035004,0.2608913323494171,0.17775367638346193,0.4669166639645805,1.0,0.26220431792751997,0.46533753308019404,0.22073883755884166,0.09708524317581263,0.10891919798587213,-0.007105640751703571,0.20767265733982793,
/home/ubuntu/cogitao-research/checkpoints/cogitao_vit_cross_attention/cogitao_c1_experiment_4_vit6_function_mlp_cross_attention/run_000/last.ckpt,35f91e02d5b826c89f6b24f52abf83581220b4b6676009c59b6715b0b2251589,dfec9cbb2afe6616194c1fb41430c0c5d2bc4208,4,val_ood,crop_contours,double_right,double_right -> crop_contours,"pair (f,g): fgx=f(g(x)); task-token order [g,f] means g -> f",55,55,55,image_block_03,42,78000,256,256,0.01,2,"{""fixed_ranks"": [1, 2, 4, 8, 16, 32], ""variance_thresholds"": [0.9, 0.95]}",recorded_ood,49,0.2665514883415295,0.2571042653546704,0.16191739701912594,0.3951468280677277,1.0,0.31403596306846676,0.4274234595403685,0.1831755853850625,0.0985754652138417,0.119045409718534,0.003020570980958301,0.22189127583081292,
/home/ubuntu/cogitao-research/checkpoints/cogitao_vit_cross_attention/cogitao_c1_experiment_4_vit6_function_mlp_cross_attention/run_000/last.ckpt,35f91e02d5b826c89f6b24f52abf83581220b4b6676009c59b6715b0b2251589,dfec9cbb2afe6616194c1fb41430c0c5d2bc4208,4,val_ood,crop_contours,double_right,double_right -> crop_contours,"pair (f,g): fgx=f(g(x)); task-token order [g,f] means g -> f",55,55,55,image_block_03,42,78000,256,256,0.01,2,"{""fixed_ranks"": [1, 2, 4, 8, 16, 32], ""variance_thresholds"": [0.9, 0.95]}",recorded_ood,11,0.21363144174048662,0.21285945853786414,0.14026947302393405,0.4019360081471313,1.0,0.2504894898617919,0.37618996077115946,0.14992309206650492,0.04565541861279884,0.146010335069273,0.029985496331697295,0.21923222136014014,
/home/ubuntu/cogitao-research/checkpoints/cogitao_vit_cross_attention/cogitao_c1_experiment_4_vit6_function_mlp_cross_attention/run_000/last.ckpt,35f91e02d5b826c89f6b24f52abf83581220b4b6676009c59b6715b0b2251589,dfec9cbb2afe6616194c1fb41430c0c5d2bc4208,4,val_ood,crop_contours,double_right,double_right -> crop_contours,"pair (f,g): fgx=f(g(x)); task-token order [g,f] means g -> f",55,55,55,image_block_03,42,78000,256,256,0.01,2,"{""fixed_ranks"": [1, 2, 4, 8, 16, 32], ""variance_thresholds"": [0.9, 0.95]}",recorded_ood,85,0.2536230547287888,0.21017227075528302,0.11929343098543017,0.34304237379825303,1.0,0.2919502778702654,0.3414044542640377,0.1494505748581056,0.08564703160110104,0.12927325844985554,0.013248419712279844,0.210897072061701,
/home/ubuntu/cogitao-research/checkpoints/cogitao_vit_cross_attention/cogitao_c1_experiment_4_vit6_function_mlp_cross_attention/run_000/last.ckpt,35f91e02d5b826c89f6b24f52abf83581220b4b6676009c59b6715b0b2251589,dfec9cbb2afe6616194c1fb41430c0c5d2bc4208,4,val_ood,crop_contours,double_right,double_right -> crop_contours,"pair (f,g): fgx=f(g(x)); task-token order [g,f] means g -> f",55,55,55,image_block_03,42,78000,256,256,0.01,2,"{""fixed_ranks"": [1, 2, 4, 8, 16, 32], ""variance_thresholds"": [0.9, 0.95]}",recorded_ood,41,0.23964818826493692,0.21060201445460905,0.14658960381170502,0.4045774506273282,1.0,0.3252261424857121,0.391445704190715,0.19902014629958156,0.07167216513724914,0.08221515256287572,-0.03380968617469998,0.205338726542491,
/home/ubuntu/cogitao-research/checkpoints/cogitao_vit_cross_attention/cogitao_c1_experiment_4_vit6_function_mlp_cross_attention/run_000/last.ckpt,35f91e02d5b826c89f6b24f52abf83581220b4b6676009c59b6715b0b2251589,dfec9cbb2afe6616194c1fb41430c0c5d2bc4208,4,val_ood,crop_contours,double_right,double_right -> crop_contours,"pair (f,g): fgx=f(g(x)); task-token order [g,f] means g -> f",55,55,55,image_block_03,42,78000,256,256,0.01,2,"{""fixed_ranks"": [1, 2, 4, 8, 16, 32], ""variance_thresholds"": [0.9, 0.95]}",recorded_ood,35,0.24204401254560826,0.2350714103604821,0.14663153608639912,0.39541791023792594,1.0,0.2446458356490624,0.44994365919410334,0.2454020962577689,0.07406798941792048,0.08273564537327298,-0.03328919336430272,0.21918367290435678,
/home/ubuntu/cogitao-research/checkpoints/cogitao_vit_cross_attention/cogitao_c1_experiment_4_vit6_function_mlp_cross_attention/run_000/last.ckpt,35f91e02d5b826c89f6b24f52abf83581220b4b6676009c59b6715b0b2251589,dfec9cbb2afe6616194c1fb41430c0c5d2bc4208,4,val_ood,crop_contours,double_right,double_right -> crop_contours,"pair (f,g): fgx=f(g(x)); task-token order [g,f] means g -> f",55,55,55,image_block_03,42,78000,256,256,0.01,2,"{""fixed_ranks"": [1, 2, 4, 8, 16, 32], ""variance_thresholds"": [0.9, 0.95]}",recorded_ood,64,0.2305628414585671,0.2308324361958306,0.1425314945303246,0.27660385384255726,1.0,0.27407255996834595,0.31960551967212186,0.13628587411314075,0.06258681833087931,0.10405430356553624,-0.011970535172039456,0.19118849240580485,
/home/ubuntu/cogitao-research/checkpoints/cogitao_vit_cross_attention/cogitao_c1_experiment_4_vit6_function_mlp_cross_attention/run_000/last.ckpt,35f91e02d5b826c89f6b24f52abf83581220b4b6676009c59b6715b0b2251589,dfec9cbb2afe6616194c1fb41430c0c5d2bc4208,4,val_ood,crop_contours,double_right,double_right -> crop_contours,"pair (f,g): fgx=f(g(x)); task-token order [g,f] means g -> f",55,55,55,image_block_03,42,78000,256,256,0.01,2,"{""fixed_ranks"": [1, 2, 4, 8, 16, 32], ""variance_thresholds"": [0.9, 0.95]}",recorded_ood,36,0.22311786287377058,0.21841369238969652,0.16079555114988187,0.41216682466595406,1.0,0.23920490288365318,0.5035563615714125,0.2225740700842481,0.055141839746082805,0.11215926234913702,-0.0038655763884386796,0.15433506418689238,
/home/ubuntu/cogitao-research/checkpoints/cogitao_vit_cross_attention/cogitao_c1_experiment_4_vit6_function_mlp_cross_attention/run_000/last.ckpt,35f91e02d5b826c89f6b24f52abf83581220b4b6676009c59b6715b0b2251589,dfec9cbb2afe6616194c1fb41430c0c5d2bc4208,4,val_ood,crop_contours,double_right,double_right -> crop_contours,"pair (f,g): fgx=f(g(x)); task-token order [g,f] means g -> f",55,55,55,image_block_03,42,78000,256,256,0.01,2,"{""fixed_ranks"": [1, 2, 4, 8, 16, 32], ""variance_thresholds"": [0.9, 0.95]}",recorded_ood,65,0.2296501485682433,0.2243946620399034,0.1806028096270573,0.41831088246652043,1.0,0.2891737728088853,0.38903497555329153,0.21281981745425602,0.06167412544055553,0.1283272028079762,0.012302364070400487,0.2659432386770344,
/home/ubuntu/cogitao-research/checkpoints/cogitao_vit_cross_attention/cogitao_c1_experiment_4_vit6_function_mlp_cross_attention/run_000/last.ckpt,35f91e02d5b826c89f6b24f52abf83581220b4b6676009c59b6715b0b2251589,dfec9cbb2afe6616194c1fb41430c0c5d2bc4208,4,val_ood,crop_contours,double_right,double_right -> crop_contours,"pair (f,g): fgx=f(g(x)); task-token order [g,f] means g -> f",55,55,55,image_block_03,42,78000,256,256,0.01,2,"{""fixed_ranks"": [1, 2, 4, 8, 16, 32], ""variance_thresholds"": [0.9, 0.95]}",recorded_ood,77,0.1632816277410322,0.1732129821160838,0.16479458122385393,0.32441020513395574,1.0,0.30236096991350864,0.3149716866561693,0.1735397355940037,-0.0046943953866555865,0.11149751383659211,-0.0045273249009835925,0.14437113548076638,
/home/ubuntu/cogitao-research/checkpoints/cogitao_vit_cross_attention/cogitao_c1_experiment_4_vit6_function_mlp_cross_attention/run_000/last.ckpt,35f91e02d5b826c89f6b24f52abf83581220b4b6676009c59b6715b0b2251589,dfec9cbb2afe6616194c1fb41430c0c5d2bc4208,4,val_ood,crop_contours,double_right,double_right -> crop_contours,"pair (f,g): fgx=f(g(x)); task-token order [g,f] means g -> f",55,55,55,image_block_04,42,78000,256,256,0.01,2,"{""fixed_ranks"": [1, 2, 4, 8, 16, 32], ""variance_thresholds"": [0.9, 0.95]}",recorded_ood,59,0.2572652003286363,0.2274201426341208,0.147862511377955,0.3657139459531438,1.0,0.29799247242961696,0.415197405856067,0.20708698235498302,0.09591001810213867,0.13802095569882739,0.01927903181595382,,
/home/ubuntu/cogitao-research/checkpoints/cogitao_vit_cross_attention/cogitao_c1_experiment_4_vit6_function_mlp_cross_attention/run_000/last.ckpt,35f91e02d5b826c89f6b24f52abf83581220b4b6676009c59b6715b0b2251589,dfec9cbb2afe6616194c1fb41430c0c5d2bc4208,4,val_ood,crop_contours,double_right,double_right -> crop_contours,"pair (f,g): fgx=f(g(x)); task-token order [g,f] means g -> f",55,55,55,image_block_04,42,78000,256,256,0.01,2,"{""fixed_ranks"": [1, 2, 4, 8, 16, 32], ""variance_thresholds"": [0.9, 0.95]}",recorded_ood,21,0.1807117211976972,0.20090610308798817,0.19536051787646422,0.3513915096782434,1.0,0.2614690702518945,0.370054638066975,0.24781560575207096,0.01935653897119957,0.11808685087607365,-0.0006550730067999139,,
/home/ubuntu/cogitao-research/checkpoints/cogitao_vit_cross_attention/cogitao_c1_experiment_4_vit6_function_mlp_cross_attention/run_000/last.ckpt,35f91e02d5b826c89f6b24f52abf83581220b4b6676009c59b6715b0b2251589,dfec9cbb2afe6616194c1fb41430c0c5d2bc4208,4,val_ood,crop_contours,double_right,double_right -> crop_contours,"pair (f,g): fgx=f(g(x)); task-token order [g,f] means g -> f",55,55,55,image_block_04,42,78000,256,256,0.01,2,"{""fixed_ranks"": [1, 2, 4, 8, 16, 32], ""variance_thresholds"": [0.9, 0.95]}",recorded_ood,56,0.2987958907178934,0.2783681593772742,0.1259288732675394,0.4678089832704711,1.0,0.27802072595603256,0.5297906736971347,0.20402789572085533,0.13744070849139578,0.07832782949715351,-0.04041409438572005,,
/home/ubuntu/cogitao-research/checkpoints/cogitao_vit_cross_attention/cogitao_c1_experiment_4_vit6_function_mlp_cross_attention/run_000/last.ckpt,35f91e02d5b826c89f6b24f52abf83581220b4b6676009c59b6715b0b2251589,dfec9cbb2afe6616194c1fb41430c0c5d2bc4208,4,val_ood,crop_contours,double_right,double_right -> crop_contours,"pair (f,g): fgx=f(g(x)); task-token order [g,f] means g -> f",55,55,55,image_block_04,42,78000,256,256,0.01,2,"{""fixed_ranks"": [1, 2, 4, 8, 16, 32], ""variance_thresholds"": [0.9, 0.95]}",recorded_ood,42,0.2589625315730553,0.2695321016178156,0.14684886238150802,0.3503010570658261,1.0,0.4023613765095163,0.31157662603861186,0.16515116547612302,0.09760734934655768,0.1480699418089899,0.029328017926116348,,
/home/ubuntu/cogitao-research/checkpoints/cogitao_vit_cross_attention/cogitao_c1_experiment_4_vit6_function_mlp_cross_attention/run_000/last.ckpt,35f91e02d5b826c89f6b24f52abf83581220b4b6676009c59b6715b0b2251589,dfec9cbb2afe6616194c1fb41430c0c5d2bc4208,4,val_ood,crop_contours,double_right,double_right -> crop_contours,"pair (f,g): fgx=f(g(x)); task-token order [g,f] means g -> f",55,55,55,image_block_04,42,78000,256,256,0.01,2,"{""fixed_ranks"": [1, 2, 4, 8, 16, 32], ""variance_thresholds"": [0.9, 0.95]}",recorded_ood,27,0.19218014004425646,0.2127916762369829,0.14381462407964624,0.4446391165170608,1.0,0.21149392670258438,0.48163127924208216,0.2516378120693729,0.03082495781775882,0.09150506390116704,-0.027236859981706524,,
/home/ubuntu/cogitao-research/checkpoints/cogitao_vit_cross_attention/cogitao_c1_experiment_4_vit6_function_mlp_cross_attention/run_000/last.ckpt,35f91e02d5b826c89f6b24f52abf83581220b4b6676009c59b6715b0b2251589,dfec9cbb2afe6616194c1fb41430c0c5d2bc4208,4,val_ood,crop_contours,double_right,double_right -> crop_contours,"pair (f,g): fgx=f(g(x)); task-token order [g,f] means g -> f",55,55,55,image_block_04,42,78000,256,256,0.01,2,"{""fixed_ranks"": [1, 2, 4, 8, 16, 32], ""variance_thresholds"": [0.9, 0.95]}",recorded_ood,92,0.24594162682515247,0.2271631948015558,0.21725011969351626,0.3208228262086779,1.0,0.2887309137777092,0.35569218052084167,0.24774551889612592,0.08458644459865483,0.12253943240922667,0.003797508526353105,,
/home/ubuntu/cogitao-research/checkpoints/cogitao_vit_cross_attention/cogitao_c1_experiment_4_vit6_function_mlp_cross_attention/run_000/last.ckpt,35f91e02d5b826c89f6b24f52abf83581220b4b6676009c59b6715b0b2251589,dfec9cbb2afe6616194c1fb41430c0c5d2bc4208,4,val_ood,crop_contours,double_right,double_right -> crop_contours,"pair (f,g): fgx=f(g(x)); task-token order [g,f] means g -> f",55,55,55,image_block_04,42,78000,256,256,0.01,2,"{""fixed_ranks"": [1, 2, 4, 8, 16, 32], ""variance_thresholds"": [0.9, 0.95]}",recorded_ood,71,0.19598237230738097,0.1986609831582332,0.13700120827077106,0.3250195284956699,1.0,0.28119176677063523,0.4022524023622666,0.19664774029048124,0.03462719008088333,0.09148230861264683,-0.02725961527022673,,
/home/ubuntu/cogitao-research/checkpoints/cogitao_vit_cross_attention/cogitao_c1_experiment_4_vit6_function_mlp_cross_attention/run_000/last.ckpt,35f91e02d5b826c89f6b24f52abf83581220b4b6676009c59b6715b0b2251589,dfec9cbb2afe6616194c1fb41430c0c5d2bc4208,4,val_ood,crop_contours,double_right,double_right -> crop_contours,"pair (f,g): fgx=f(g(x)); task-token order [g,f] means g -> f",55,55,55,image_block_04,42,78000,256,256,0.01,2,"{""fixed_ranks"": [1, 2, 4, 8, 16, 32], ""variance_thresholds"": [0.9, 0.95]}",recorded_ood,24,0.19866607830785332,0.18424397429924047,0.12490961362323606,0.35199569634559763,1.0,0.2715146997325714,0.36054044819609904,0.16018493451900548,0.03731089608135568,0.11145410503643294,-0.007287818846440627,,
/home/ubuntu/cogitao-research/checkpoints/cogitao_vit_cross_attention/cogitao_c1_experiment_4_vit6_function_mlp_cross_attention/run_000/last.ckpt,35f91e02d5b826c89f6b24f52abf83581220b4b6676009c59b6715b0b2251589,dfec9cbb2afe6616194c1fb41430c0c5d2bc4208,4,val_ood,crop_contours,double_right,double_right -> crop_contours,"pair (f,g): fgx=f(g(x)); task-token order [g,f] means g -> f",55,55,55,image_block_04,42,78000,256,256,0.01,2,"{""fixed_ranks"": [1, 2, 4, 8, 16, 32], ""variance_thresholds"": [0.9, 0.95]}",recorded_ood,52,0.15438173378432113,0.17590096391887775,0.14241034665205324,0.2953217010238206,1.0,0.3238050671316224,0.28691676918483094,0.14635297191971763,-0.006973448442176511,0.12274760699304853,0.004005683110174962,,
/home/ubuntu/cogitao-research/checkpoints/cogitao_vit_cross_attention/cogitao_c1_experiment_4_vit6_function_mlp_cross_attention/run_000/last.ckpt,35f91e02d5b826c89f6b24f52abf83581220b4b6676009c59b6715b0b2251589,dfec9cbb2afe6616194c1fb41430c0c5d2bc4208,4,val_ood,crop_contours,double_right,double_right -> crop_contours,"pair (f,g): fgx=f(g(x)); task-token order [g,f] means g -> f",55,55,55,image_block_04,42,78000,256,256,0.01,2,"{""fixed_ranks"": [1, 2, 4, 8, 16, 32], ""variance_thresholds"": [0.9, 0.95]}",recorded_ood,81,0.2533628198685673,0.2647099276306707,0.16096672630287479,0.4125789392507379,1.0,0.23288471592171417,0.47567740330997654,0.2895925941544953,0.09200763764206965,0.07551954752421497,-0.043222376358658596,,
/home/ubuntu/cogitao-research/checkpoints/cogitao_vit_cross_attention/cogitao_c1_experiment_4_vit6_function_mlp_cross_attention/run_000/last.ckpt,35f91e02d5b826c89f6b24f52abf83581220b4b6676009c59b6715b0b2251589,dfec9cbb2afe6616194c1fb41430c0c5d2bc4208,4,val_ood,crop_contours,double_right,double_right -> crop_contours,"pair (f,g): fgx=f(g(x)); task-token order [g,f] means g -> f",55,55,55,image_block_04,42,78000,256,256,0.01,2,"{""fixed_ranks"": [1, 2, 4, 8, 16, 32], ""variance_thresholds"": [0.9, 0.95]}",recorded_ood,99,0.2182874675310975,0.21418994094810684,0.1455059202498991,0.4241527266204643,1.0,0.2848116283633435,0.4271809036591629,0.18093045960219215,0.05693228530459987,0.08977030917594361,-0.028971614706929952,,
/home/ubuntu/cogitao-research/checkpoints/cogitao_vit_cross_attention/cogitao_c1_experiment_4_vit6_function_mlp_cross_attention/run_000/last.ckpt,35f91e02d5b826c89f6b24f52abf83581220b4b6676009c59b6715b0b2251589,dfec9cbb2afe6616194c1fb41430c0c5d2bc4208,4,val_ood,crop_contours,double_right,double_right -> crop_contours,"pair (f,g): fgx=f(g(x)); task-token order [g,f] means g -> f",55,55,55,image_block_04,42,78000,256,256,0.01,2,"{""fixed_ranks"": [1, 2, 4, 8, 16, 32], ""variance_thresholds"": [0.9, 0.95]}",recorded_ood,4,0.22226386737762002,0.2522246251472473,0.11357198878991502,0.36393793607401165,1.0,0.23346147465820302,0.42119955685846305,0.20934598112008018,0.06090868515112238,0.10850053012243492,-0.010241393760438644,,
/home/ubuntu/cogitao-research/checkpoints/cogitao_vit_cross_attention/cogitao_c1_experiment_4_vit6_function_mlp_cross_attention/run_000/last.ckpt,35f91e02d5b826c89f6b24f52abf83581220b4b6676009c59b6715b0b2251589,dfec9cbb2afe6616194c1fb41430c0c5d2bc4208,4,val_ood,crop_contours,double_right,double_right -> crop_contours,"pair (f,g): fgx=f(g(x)); task-token order [g,f] means g -> f",55,55,55,image_block_04,42,78000,256,256,0.01,2,"{""fixed_ranks"": [1, 2, 4, 8, 16, 32], ""variance_thresholds"": [0.9, 0.95]}",recorded_ood,94,0.19375545496974694,0.19638781707385658,0.12128806465701064,0.3393323010234723,1.0,0.25440640623107746,0.3895820030190574,0.17399408220330928,0.0324002727432493,0.08835917282859126,-0.0303827510542823,,
/home/ubuntu/cogitao-research/checkpoints/cogitao_vit_cross_attention/cogitao_c1_experiment_4_vit6_function_mlp_cross_attention/run_000/last.ckpt,35f91e02d5b826c89f6b24f52abf83581220b4b6676009c59b6715b0b2251589,dfec9cbb2afe6616194c1fb41430c0c5d2bc4208,4,val_ood,crop_contours,double_right,double_right -> crop_contours,"pair (f,g): fgx=f(g(x)); task-token order [g,f] means g -> f",55,55,55,image_block_04,42,78000,256,256,0.01,2,"{""fixed_ranks"": [1, 2, 4, 8, 16, 32], ""variance_thresholds"": [0.9, 0.95]}",recorded_ood,80,0.26320743823877135,0.25097865359982985,0.16052215938063605,0.41265987793021824,1.0,0.37104942392482426,0.41644374956882246,0.19050957377783606,0.10185225601227371,0.11821177980792805,-0.0005301440749455183,,
/home/ubuntu/cogitao-research/checkpoints/cogitao_vit_cross_attention/cogitao_c1_experiment_4_vit6_function_mlp_cross_attention/run_000/last.ckpt,35f91e02d5b826c89f6b24f52abf83581220b4b6676009c59b6715b0b2251589,dfec9cbb2afe6616194c1fb41430c0c5d2bc4208,4,val_ood,crop_contours,double_right,double_right -> crop_contours,"pair (f,g): fgx=f(g(x)); task-token order [g,f] means g -> f",55,55,55,image_block_04,42,78000,256,256,0.01,2,"{""fixed_ranks"": [1, 2, 4, 8, 16, 32], ""variance_thresholds"": [0.9, 0.95]}",recorded_ood,7,0.2004893765114589,0.19640376453418207,0.10486405058166896,0.29626977804595667,1.0,0.33228343406381444,0.3753845860051074,0.177305236234984,0.03913419428496126,0.10466324916937099,-0.014078674713502576,,
/home/ubuntu/cogitao-research/checkpoints/cogitao_vit_cross_attention/cogitao_c1_experiment_4_vit6_function_mlp_cross_attention/run_000/last.ckpt,35f91e02d5b826c89f6b24f52abf83581220b4b6676009c59b6715b0b2251589,dfec9cbb2afe6616194c1fb41430c0c5d2bc4208,4,val_ood,crop_contours,double_right,double_right -> crop_contours,"pair (f,g): fgx=f(g(x)); task-token order [g,f] means g -> f",55,55,55,image_block_04,42,78000,256,256,0.01,2,"{""fixed_ranks"": [1, 2, 4, 8, 16, 32], ""variance_thresholds"": [0.9, 0.95]}",recorded_ood,57,0.2177957068710981,0.22255284010653686,0.21024010744156488,0.3172504462870007,1.0,0.28869427540625986,0.2939308288828178,0.1644890769600712,0.05644052464460045,0.14584126753131155,0.027099343648437982,,
/home/ubuntu/cogitao-research/checkpoints/cogitao_vit_cross_attention/cogitao_c1_experiment_4_vit6_function_mlp_cross_attention/run_000/last.ckpt,35f91e02d5b826c89f6b24f52abf83581220b4b6676009c59b6715b0b2251589,dfec9cbb2afe6616194c1fb41430c0c5d2bc4208,4,val_ood,crop_contours,double_right,double_right -> crop_contours,"pair (f,g): fgx=f(g(x)); task-token order [g,f] means g -> f",55,55,55,image_block_04,42,78000,256,256,0.01,2,"{""fixed_ranks"": [1, 2, 4, 8, 16, 32], ""variance_thresholds"": [0.9, 0.95]}",recorded_ood,79,0.18976023477369988,0.19105335154523545,0.12662893585020696,0.3592566156287229,1.0,0.28766715847996394,0.34083790638358813,0.17169367376608316,0.028405052547202242,0.11224527050958687,-0.006496653373286698,,
/home/ubuntu/cogitao-research/checkpoints/cogitao_vit_cross_attention/cogitao_c1_experiment_4_vit6_function_mlp_cross_attention/run_000/last.ckpt,35f91e02d5b826c89f6b24f52abf83581220b4b6676009c59b6715b0b2251589,dfec9cbb2afe6616194c1fb41430c0c5d2bc4208,4,val_ood,crop_contours,double_right,double_right -> crop_contours,"pair (f,g): fgx=f(g(x)); task-token order [g,f] means g -> f",55,55,55,image_block_04,42,78000,256,256,0.01,2,"{""fixed_ranks"": [1, 2, 4, 8, 16, 32], ""variance_thresholds"": [0.9, 0.95]}",recorded_ood,26,0.1739641130928772,0.188485310180438,0.13552341644721377,0.3000594516522353,1.0,0.30443478219349296,0.29989494850809617,0.14762905399192883,0.01260893086637957,0.11918444605870476,0.00044252217583119757,,
/home/ubuntu/cogitao-research/checkpoints/cogitao_vit_cross_attention/cogitao_c1_experiment_4_vit6_function_mlp_cross_attention/run_000/last.ckpt,35f91e02d5b826c89f6b24f52abf83581220b4b6676009c59b6715b0b2251589,dfec9cbb2afe6616194c1fb41430c0c5d2bc4208,4,val_ood,crop_contours,double_right,double_right -> crop_contours,"pair (f,g): fgx=f(g(x)); task-token order [g,f] means g -> f",55,55,55,image_block_04,42,78000,256,256,0.01,2,"{""fixed_ranks"": [1, 2, 4, 8, 16, 32], ""variance_thresholds"": [0.9, 0.95]}",recorded_ood,78,0.257877665077487,0.25591735787334513,0.11339420662668717,0.41640473994620203,1.0,0.27297540479473126,0.4517851851436814,0.23101866446593722,0.09652248285098936,0.11458523358170965,-0.004156690301163918,,
/home/ubuntu/cogitao-research/checkpoints/cogitao_vit_cross_attention/cogitao_c1_experiment_4_vit6_function_mlp_cross_attention/run_000/last.ckpt,35f91e02d5b826c89f6b24f52abf83581220b4b6676009c59b6715b0b2251589,dfec9cbb2afe6616194c1fb41430c0c5d2bc4208,4,val_ood,crop_contours,double_right,double_right -> crop_contours,"pair (f,g): fgx=f(g(x)); task-token order [g,f] means g -> f",55,55,55,image_block_04,42,78000,256,256,0.01,2,"{""fixed_ranks"": [1, 2, 4, 8, 16, 32], ""variance_thresholds"": [0.9, 0.95]}",recorded_ood,38,0.24397396447236314,0.23837237373544198,0.14116010669392803,0.38159804465736447,1.0,0.3064812931201132,0.35754583997998524,0.15739302544497497,0.0826187822458655,0.12334900818633522,0.004607084303461656,,
/home/ubuntu/cogitao-research/checkpoints/cogitao_vit_cross_attention/cogitao_c1_experiment_4_vit6_function_mlp_cross_attention/run_000/last.ckpt,35f91e02d5b826c89f6b24f52abf83581220b4b6676009c59b6715b0b2251589,dfec9cbb2afe6616194c1fb41430c0c5d2bc4208,4,val_ood,crop_contours,double_right,double_right -> crop_contours,"pair (f,g): fgx=f(g(x)); task-token order [g,f] means g -> f",55,55,55,image_block_04,42,78000,256,256,0.01,2,"{""fixed_ranks"": [1, 2, 4, 8, 16, 32], ""variance_thresholds"": [0.9, 0.95]}",recorded_ood,86,0.2675737287275413,0.2150317253791679,0.13165891667329385,0.3824005868665135,1.0,0.3272979257302776,0.3816843726036873,0.16773176828819272,0.10621854650104368,0.07842675383683485,-0.04031517004603871,,
/home/ubuntu/cogitao-research/checkpoints/cogitao_vit_cross_attention/cogitao_c1_experiment_4_vit6_function_mlp_cross_attention/run_000/last.ckpt,35f91e02d5b826c89f6b24f52abf83581220b4b6676009c59b6715b0b2251589,dfec9cbb2afe6616194c1fb41430c0c5d2bc4208,4,val_ood,crop_contours,double_right,double_right -> crop_contours,"pair (f,g): fgx=f(g(x)); task-token order [g,f] means g -> f",55,55,55,image_block_04,42,78000,256,256,0.01,2,"{""fixed_ranks"": [1, 2, 4, 8, 16, 32], ""variance_thresholds"": [0.9, 0.95]}",recorded_ood,45,0.23894085044018162,0.2559903400834066,0.14114996855225034,0.4297820177604773,1.0,0.2505657754115221,0.4544134526197547,0.198943705251934,0.07758566821368398,0.11258325265461126,-0.006158671228262302,,
/home/ubuntu/cogitao-research/checkpoints/cogitao_vit_cross_attention/cogitao_c1_experiment_4_vit6_function_mlp_cross_attention/run_000/last.ckpt,35f91e02d5b826c89f6b24f52abf83581220b4b6676009c59b6715b0b2251589,dfec9cbb2afe6616194c1fb41430c0c5d2bc4208,4,val_ood,crop_contours,double_right,double_right -> crop_contours,"pair (f,g): fgx=f(g(x)); task-token order [g,f] means g -> f",55,55,55,image_block_04,42,78000,256,256,0.01,2,"{""fixed_ranks"": [1, 2, 4, 8, 16, 32], ""variance_thresholds"": [0.9, 0.95]}",recorded_ood,17,0.2885790117469071,0.25933204511973235,0.17044420056550308,0.30091712332972576,1.0,0.31166916075955237,0.3700046823557546,0.1718525650789589,0.12722382952040945,0.07858283534203446,-0.040159088540839105,,
/home/ubuntu/cogitao-research/checkpoints/cogitao_vit_cross_attention/cogitao_c1_experiment_4_vit6_function_mlp_cross_attention/run_000/last.ckpt,35f91e02d5b826c89f6b24f52abf83581220b4b6676009c59b6715b0b2251589,dfec9cbb2afe6616194c1fb41430c0c5d2bc4208,4,val_ood,crop_contours,double_right,double_right -> crop_contours,"pair (f,g): fgx=f(g(x)); task-token order [g,f] means g -> f",55,55,55,image_block_04,42,78000,256,256,0.01,2,"{""fixed_ranks"": [1, 2, 4, 8, 16, 32], ""variance_thresholds"": [0.9, 0.95]}",recorded_ood,91,0.1937374180344175,0.20379137086595067,0.12422039781429353,0.3450051446251945,1.0,0.2410980191957353,0.36740790423359637,0.21250393004611634,0.03238223580791985,0.10732026562062248,-0.011421658262251083,,
/home/ubuntu/cogitao-research/checkpoints/cogitao_vit_cross_attention/cogitao_c1_experiment_4_vit6_function_mlp_cross_attention/run_000/last.ckpt,35f91e02d5b826c89f6b24f52abf83581220b4b6676009c59b6715b0b2251589,dfec9cbb2afe6616194c1fb41430c0c5d2bc4208,4,val_ood,crop_contours,double_right,double_right -> crop_contours,"pair (f,g): fgx=f(g(x)); task-token order [g,f] means g -> f",55,55,55,image_block_04,42,78000,256,256,0.01,2,"{""fixed_ranks"": [1, 2, 4, 8, 16, 32], ""variance_thresholds"": [0.9, 0.95]}",recorded_ood,40,0.18694155741720594,0.2199634938176576,0.15332554067182985,0.38427466613303796,1.0,0.2753138101798983,0.4599462584859299,0.27465338793869676,0.025586375190708305,0.11004473316788523,-0.00869719071498834,,
/home/ubuntu/cogitao-research/checkpoints/cogitao_vit_cross_attention/cogitao_c1_experiment_4_vit6_function_mlp_cross_attention/run_000/last.ckpt,35f91e02d5b826c89f6b24f52abf83581220b4b6676009c59b6715b0b2251589,dfec9cbb2afe6616194c1fb41430c0c5d2bc4208,4,val_ood,crop_contours,double_right,double_right -> crop_contours,"pair (f,g): fgx=f(g(x)); task-token order [g,f] means g -> f",55,55,55,image_block_04,42,78000,256,256,0.01,2,"{""fixed_ranks"": [1, 2, 4, 8, 16, 32], ""variance_thresholds"": [0.9, 0.95]}",recorded_ood,68,0.22596898231406226,0.2318455418381989,0.14542923566155097,0.3833127619616445,1.0,0.2889129042798942,0.40026290859355323,0.1745709427034745,0.06461380008756462,0.07345793055400802,-0.04528399332886554,,
/home/ubuntu/cogitao-research/checkpoints/cogitao_vit_cross_attention/cogitao_c1_experiment_4_vit6_function_mlp_cross_attention/run_000/last.ckpt,35f91e02d5b826c89f6b24f52abf83581220b4b6676009c59b6715b0b2251589,dfec9cbb2afe6616194c1fb41430c0c5d2bc4208,4,val_ood,crop_contours,double_right,double_right -> crop_contours,"pair (f,g): fgx=f(g(x)); task-token order [g,f] means g -> f",55,55,55,image_block_04,42,78000,256,256,0.01,2,"{""fixed_ranks"": [1, 2, 4, 8, 16, 32], ""variance_thresholds"": [0.9, 0.95]}",recorded_ood,1,0.26708726245331743,0.2627159727921342,0.15055549239743105,0.3652548841851887,1.0,0.27995592029484434,0.43519851293799794,0.20156672025657954,0.10573208022681979,0.08003175793344493,-0.03871016594942864,,
/home/ubuntu/cogitao-research/checkpoints/cogitao_vit_cross_attention/cogitao_c1_experiment_4_vit6_function_mlp_cross_attention/run_000/last.ckpt,35f91e02d5b826c89f6b24f52abf83581220b4b6676009c59b6715b0b2251589,dfec9cbb2afe6616194c1fb41430c0c5d2bc4208,4,val_ood,crop_contours,double_right,double_right -> crop_contours,"pair (f,g): fgx=f(g(x)); task-token order [g,f] means g -> f",55,55,55,image_block_04,42,78000,256,256,0.01,2,"{""fixed_ranks"": [1, 2, 4, 8, 16, 32], ""variance_thresholds"": [0.9, 0.95]}",recorded_ood,95,0.2350245270150196,0.23701153077264106,0.145374646306037,0.35249256734857215,1.0,0.2494742539737827,0.3381534926271295,0.15664312962405458,0.07366934478852197,0.13686767526942434,0.018125751386550773,0.2318539422084179,
/home/ubuntu/cogitao-research/checkpoints/cogitao_vit_cross_attention/cogitao_c1_experiment_4_vit6_function_mlp_cross_attention/run_000/last.ckpt,35f91e02d5b826c89f6b24f52abf83581220b4b6676009c59b6715b0b2251589,dfec9cbb2afe6616194c1fb41430c0c5d2bc4208,4,val_ood,crop_contours,double_right,double_right -> crop_contours,"pair (f,g): fgx=f(g(x)); task-token order [g,f] means g -> f",55,55,55,image_block_04,42,78000,256,256,0.01,2,"{""fixed_ranks"": [1, 2, 4, 8, 16, 32], ""variance_thresholds"": [0.9, 0.95]}",recorded_ood,63,0.20064040840188122,0.1863355973940035,0.1559066504954746,0.33879046901141674,1.0,0.27987098532572535,0.4165671703212294,0.2244789519776113,0.039285226175383575,0.09227523710494041,-0.02646668677793315,0.2023208058057536,
/home/ubuntu/cogitao-research/checkpoints/cogitao_vit_cross_attention/cogitao_c1_experiment_4_vit6_function_mlp_cross_attention/run_000/last.ckpt,35f91e02d5b826c89f6b24f52abf83581220b4b6676009c59b6715b0b2251589,dfec9cbb2afe6616194c1fb41430c0c5d2bc4208,4,val_ood,crop_contours,double_right,double_right -> crop_contours,"pair (f,g): fgx=f(g(x)); task-token order [g,f] means g -> f",55,55,55,image_block_04,42,78000,256,256,0.01,2,"{""fixed_ranks"": [1, 2, 4, 8, 16, 32], ""variance_thresholds"": [0.9, 0.95]}",recorded_ood,3,0.2455732248183669,0.27158920217155336,0.12536682098689259,0.3931323333543304,1.0,0.2684259664882569,0.4343041847918098,0.29054548843816413,0.08421804259186927,0.12206871027832122,0.003326786395447659,0.17998747894370043,
/home/ubuntu/cogitao-research/checkpoints/cogitao_vit_cross_attention/cogitao_c1_experiment_4_vit6_function_mlp_cross_attention/run_000/last.ckpt,35f91e02d5b826c89f6b24f52abf83581220b4b6676009c59b6715b0b2251589,dfec9cbb2afe6616194c1fb41430c0c5d2bc4208,4,val_ood,crop_contours,double_right,double_right -> crop_contours,"pair (f,g): fgx=f(g(x)); task-token order [g,f] means g -> f",55,55,55,image_block_04,42,78000,256,256,0.01,2,"{""fixed_ranks"": [1, 2, 4, 8, 16, 32], ""variance_thresholds"": [0.9, 0.95]}",recorded_ood,83,0.2710981201827444,0.2868220297458872,0.18370900417142183,0.4418228985506446,1.0,0.2719384340950746,0.462944944163479,0.2914230414024437,0.10974293795624673,0.1101525249972002,-0.008589398885673366,0.26711354102848117,
/home/ubuntu/cogitao-research/checkpoints/cogitao_vit_cross_attention/cogitao_c1_experiment_4_vit6_function_mlp_cross_attention/run_000/last.ckpt,35f91e02d5b826c89f6b24f52abf83581220b4b6676009c59b6715b0b2251589,dfec9cbb2afe6616194c1fb41430c0c5d2bc4208,4,val_ood,crop_contours,double_right,double_right -> crop_contours,"pair (f,g): fgx=f(g(x)); task-token order [g,f] means g -> f",55,55,55,image_block_04,42,78000,256,256,0.01,2,"{""fixed_ranks"": [1, 2, 4, 8, 16, 32], ""variance_thresholds"": [0.9, 0.95]}",recorded_ood,93,0.25592192046762946,0.25367357592655926,0.14374756654294,0.4080573736719851,1.0,0.26536684371670993,0.46993936207785725,0.18288496761269632,0.09456673824113182,0.14683120671178443,0.028089282828910864,0.20976121427787073,
/home/ubuntu/cogitao-research/checkpoints/cogitao_vit_cross_attention/cogitao_c1_experiment_4_vit6_function_mlp_cross_attention/run_000/last.ckpt,35f91e02d5b826c89f6b24f52abf83581220b4b6676009c59b6715b0b2251589,dfec9cbb2afe6616194c1fb41430c0c5d2bc4208,4,val_ood,crop_contours,double_right,double_right -> crop_contours,"pair (f,g): fgx=f(g(x)); task-token order [g,f] means g -> f",55,55,55,image_block_04,42,78000,256,256,0.01,2,"{""fixed_ranks"": [1, 2, 4, 8, 16, 32], ""variance_thresholds"": [0.9, 0.95]}",recorded_ood,87,0.25486030098554346,0.2516677890004337,0.11787150819554697,0.39013528802600955,1.0,0.25473108792947413,0.45073283169600853,0.2679908127184404,0.09350511875904582,0.08074637045829917,-0.03799555342457439,0.1912464781398476,
/home/ubuntu/cogitao-research/checkpoints/cogitao_vit_cross_attention/cogitao_c1_experiment_4_vit6_function_mlp_cross_attention/run_000/last.ckpt,35f91e02d5b826c89f6b24f52abf83581220b4b6676009c59b6715b0b2251589,dfec9cbb2afe6616194c1fb41430c0c5d2bc4208,4,val_ood,crop_contours,double_right,double_right -> crop_contours,"pair (f,g): fgx=f(g(x)); task-token order [g,f] means g -> f",55,55,55,image_block_04,42,78000,256,256,0.01,2,"{""fixed_ranks"": [1, 2, 4, 8, 16, 32], ""variance_thresholds"": [0.9, 0.95]}",recorded_ood,73,0.20467084666422966,0.26216345749281844,0.1340009070880689,0.39990692619863216,1.0,0.26017077586240916,0.44784402660320183,0.24067510219812777,0.04331566443773202,0.13212318975053441,0.01338126586766085,0.15827433337561378,
/home/ubuntu/cogitao-research/checkpoints/cogitao_vit_cross_attention/cogitao_c1_experiment_4_vit6_function_mlp_cross_attention/run_000/last.ckpt,35f91e02d5b826c89f6b24f52abf83581220b4b6676009c59b6715b0b2251589,dfec9cbb2afe6616194c1fb41430c0c5d2bc4208,4,val_ood,crop_contours,double_right,double_right -> crop_contours,"pair (f,g): fgx=f(g(x)); task-token order [g,f] means g -> f",55,55,55,image_block_04,42,78000,256,256,0.01,2,"{""fixed_ranks"": [1, 2, 4, 8, 16, 32], ""variance_thresholds"": [0.9, 0.95]}",recorded_ood,75,0.22932947533345646,0.21355727748022826,0.1085464962792602,0.3775508952077038,1.0,0.24035347751018016,0.42015443692181165,0.1808574845511235,0.06797429310695882,0.1075297330730178,-0.011212190809855763,0.21187416976084594,
/home/ubuntu/cogitao-research/checkpoints/cogitao_vit_cross_attention/cogitao_c1_experiment_4_vit6_function_mlp_cross_attention/run_000/last.ckpt,35f91e02d5b826c89f6b24f52abf83581220b4b6676009c59b6715b0b2251589,dfec9cbb2afe6616194c1fb41430c0c5d2bc4208,4,val_ood,crop_contours,double_right,double_right -> crop_contours,"pair (f,g): fgx=f(g(x)); task-token order [g,f] means g -> f",55,55,55,image_block_04,42,78000,256,256,0.01,2,"{""fixed_ranks"": [1, 2, 4, 8, 16, 32], ""variance_thresholds"": [0.9, 0.95]}",recorded_ood,23,0.20705931093257962,0.21076910800086956,0.12214200586812302,0.31863744110861303,1.0,0.23651365933906973,0.37251467208245814,0.1672436420423538,0.04570412870608198,0.07880791557070273,-0.03993400831217084,0.16716945708357345,
/home/ubuntu/cogitao-research/checkpoints/cogitao_vit_cross_attention/cogitao_c1_experiment_4_vit6_function_mlp_cross_attention/run_000/last.ckpt,35f91e02d5b826c89f6b24f52abf83581220b4b6676009c59b6715b0b2251589,dfec9cbb2afe6616194c1fb41430c0c5d2bc4208,4,val_ood,crop_contours,double_right,double_right -> crop_contours,"pair (f,g): fgx=f(g(x)); task-token order [g,f] means g -> f",55,55,55,image_block_04,42,78000,256,256,0.01,2,"{""fixed_ranks"": [1, 2, 4, 8, 16, 32], ""variance_thresholds"": [0.9, 0.95]}",recorded_ood,15,0.20961188674668754,0.1976859689407422,0.15971667550393762,0.30048879584883015,1.0,0.2507500488222068,0.3597595967443567,0.2164682580727167,0.0482567045201899,0.09946889115220367,-0.019273032730669895,0.18918691289041636,
/home/ubuntu/cogitao-research/checkpoints/cogitao_vit_cross_attention/cogitao_c1_experiment_4_vit6_function_mlp_cross_attention/run_000/last.ckpt,35f91e02d5b826c89f6b24f52abf83581220b4b6676009c59b6715b0b2251589,dfec9cbb2afe6616194c1fb41430c0c5d2bc4208,4,val_ood,crop_contours,double_right,double_right -> crop_contours,"pair (f,g): fgx=f(g(x)); task-token order [g,f] means g -> f",55,55,55,image_block_04,42,78000,256,256,0.01,2,"{""fixed_ranks"": [1, 2, 4, 8, 16, 32], ""variance_thresholds"": [0.9, 0.95]}",recorded_ood,9,0.26222217758237926,0.24718045300429087,0.11668976268971462,0.45014207088890623,1.0,0.28601096841238377,0.49024671819842586,0.1644315033028333,0.10086699535588162,0.10085499750770208,-0.01788692637517149,0.25792905091661694,
/home/ubuntu/cogitao-research/checkpoints/cogitao_vit_cross_attention/cogitao_c1_experiment_4_vit6_function_mlp_cross_attention/run_000/last.ckpt,35f91e02d5b826c89f6b24f52abf83581220b4b6676009c59b6715b0b2251589,dfec9cbb2afe6616194c1fb41430c0c5d2bc4208,4,val_ood,crop_contours,double_right,double_right -> crop_contours,"pair (f,g): fgx=f(g(x)); task-token order [g,f] means g -> f",55,55,55,image_block_04,42,78000,256,256,0.01,2,"{""fixed_ranks"": [1, 2, 4, 8, 16, 32], ""variance_thresholds"": [0.9, 0.95]}",recorded_ood,31,0.23259016337662297,0.20387907550635448,0.19986083556204604,0.401620732104645,1.0,0.3184978017724982,0.4058009381478055,0.20586868442646053,0.07123498115012533,0.10656433711330854,-0.012177586769565027,0.20005940769351482,
/home/ubuntu/cogitao-research/checkpoints/cogitao_vit_cross_attention/cogitao_c1_experiment_4_vit6_function_mlp_cross_attention/run_000/last.ckpt,35f91e02d5b826c89f6b24f52abf83581220b4b6676009c59b6715b0b2251589,dfec9cbb2afe6616194c1fb41430c0c5d2bc4208,4,val_ood,crop_contours,double_right,double_right -> crop_contours,"pair (f,g): fgx=f(g(x)); task-token order [g,f] means g -> f",55,55,55,image_block_04,42,78000,256,256,0.01,2,"{""fixed_ranks"": [1, 2, 4, 8, 16, 32], ""variance_thresholds"": [0.9, 0.95]}",recorded_ood,72,0.1894323123739956,0.1883494010368225,0.1541499593735386,0.40046148048469377,1.0,0.31597410078336013,0.4066685989667337,0.20123871985325034,0.028077130147497964,0.08878546413036871,-0.029956459752504855,0.20024357821881117,
/home/ubuntu/cogitao-research/checkpoints/cogitao_vit_cross_attention/cogitao_c1_experiment_4_vit6_function_mlp_cross_attention/run_000/last.ckpt,35f91e02d5b826c89f6b24f52abf83581220b4b6676009c59b6715b0b2251589,dfec9cbb2afe6616194c1fb41430c0c5d2bc4208,4,val_ood,crop_contours,double_right,double_right -> crop_contours,"pair (f,g): fgx=f(g(x)); task-token order [g,f] means g -> f",55,55,55,image_block_04,42,78000,256,256,0.01,2,"{""fixed_ranks"": [1, 2, 4, 8, 16, 32], ""variance_thresholds"": [0.9, 0.95]}",recorded_ood,67,0.2535086196379798,0.24832925676949003,0.1447512451307692,0.3959277013375662,1.0,0.22808888662494287,0.4033225373065767,0.26497336972025476,0.09215343741148219,0.1335434959315305,0.014801572048656939,0.242711555372632,
/home/ubuntu/cogitao-research/checkpoints/cogitao_vit_cross_attention/cogitao_c1_experiment_4_vit6_function_mlp_cross_attention/run_000/last.ckpt,35f91e02d5b826c89f6b24f52abf83581220b4b6676009c59b6715b0b2251589,dfec9cbb2afe6616194c1fb41430c0c5d2bc4208,4,val_ood,crop_contours,double_right,double_right -> crop_contours,"pair (f,g): fgx=f(g(x)); task-token order [g,f] means g -> f",55,55,55,image_block_04,42,78000,256,256,0.01,2,"{""fixed_ranks"": [1, 2, 4, 8, 16, 32], ""variance_thresholds"": [0.9, 0.95]}",recorded_ood,34,0.15069610781033507,0.16556234024928393,0.17881885644783868,0.3215477074923057,1.0,0.2753624189745894,0.3419774340125584,0.20491528433244158,-0.010659074416162567,0.09080251805335275,-0.027939405829520814,0.22597791021076177,
/home/ubuntu/cogitao-research/checkpoints/cogitao_vit_cross_attention/cogitao_c1_experiment_4_vit6_function_mlp_cross_attention/run_000/last.ckpt,35f91e02d5b826c89f6b24f52abf83581220b4b6676009c59b6715b0b2251589,dfec9cbb2afe6616194c1fb41430c0c5d2bc4208,4,val_ood,crop_contours,double_right,double_right -> crop_contours,"pair (f,g): fgx=f(g(x)); task-token order [g,f] means g -> f",55,55,55,image_block_04,42,78000,256,256,0.01,2,"{""fixed_ranks"": [1, 2, 4, 8, 16, 32], ""variance_thresholds"": [0.9, 0.95]}",recorded_ood,30,0.23938419125838098,0.24902231248053122,0.14190874880054297,0.3636855724231943,1.0,0.20473347898772065,0.46460928864090606,0.2708486137477278,0.07802900903188334,0.09727196386769506,-0.021469960015178507,0.19472081080664333,
/home/ubuntu/cogitao-research/checkpoints/cogitao_vit_cross_attention/cogitao_c1_experiment_4_vit6_function_mlp_cross_attention/run_000/last.ckpt,35f91e02d5b826c89f6b24f52abf83581220b4b6676009c59b6715b0b2251589,dfec9cbb2afe6616194c1fb41430c0c5d2bc4208,4,val_ood,crop_contours,double_right,double_right -> crop_contours,"pair (f,g): fgx=f(g(x)); task-token order [g,f] means g -> f",55,55,55,image_block_04,42,78000,256,256,0.01,2,"{""fixed_ranks"": [1, 2, 4, 8, 16, 32], ""variance_thresholds"": [0.9, 0.95]}",recorded_ood,74,0.191872340965271,0.21353970138216619,0.09657669293720494,0.3054055568719042,1.0,0.28030330131153336,0.3379979046843671,0.12136431188587464,0.030517158738773364,0.13355046323474318,0.014808539351869612,0.20488974101443733,
/home/ubuntu/cogitao-research/checkpoints/cogitao_vit_cross_attention/cogitao_c1_experiment_4_vit6_function_mlp_cross_attention/run_000/last.ckpt,35f91e02d5b826c89f6b24f52abf83581220b4b6676009c59b6715b0b2251589,dfec9cbb2afe6616194c1fb41430c0c5d2bc4208,4,val_ood,crop_contours,double_right,double_right -> crop_contours,"pair (f,g): fgx=f(g(x)); task-token order [g,f] means g -> f",55,55,55,image_block_04,42,78000,256,256,0.01,2,"{""fixed_ranks"": [1, 2, 4, 8, 16, 32], ""variance_thresholds"": [0.9, 0.95]}",recorded_ood,88,0.18850672962650009,0.1706050793878317,0.10852036200627081,0.33850143792515985,1.0,0.2831211787266051,0.37126757057644766,0.1527714397788134,0.027151547400002446,0.12037346408168281,0.0016315401988092476,0.21987508875771372,
/home/ubuntu/cogitao-research/checkpoints/cogitao_vit_cross_attention/cogitao_c1_experiment_4_vit6_function_mlp_cross_attention/run_000/last.ckpt,35f91e02d5b826c89f6b24f52abf83581220b4b6676009c59b6715b0b2251589,dfec9cbb2afe6616194c1fb41430c0c5d2bc4208,4,val_ood,crop_contours,double_right,double_right -> crop_contours,"pair (f,g): fgx=f(g(x)); task-token order [g,f] means g -> f",55,55,55,image_block_04,42,78000,256,256,0.01,2,"{""fixed_ranks"": [1, 2, 4, 8, 16, 32], ""variance_thresholds"": [0.9, 0.95]}",recorded_ood,98,0.2680229904716892,0.2585822840674542,0.1555821577296004,0.46950675249994517,1.0,0.26204071960195613,0.4631605983840998,0.22186700026708564,0.10666780824519156,0.1172960344955674,-0.0014458893873061651,0.20099570558867894,
/home/ubuntu/cogitao-research/checkpoints/cogitao_vit_cross_attention/cogitao_c1_experiment_4_vit6_function_mlp_cross_attention/run_000/last.ckpt,35f91e02d5b826c89f6b24f52abf83581220b4b6676009c59b6715b0b2251589,dfec9cbb2afe6616194c1fb41430c0c5d2bc4208,4,val_ood,crop_contours,double_right,double_right -> crop_contours,"pair (f,g): fgx=f(g(x)); task-token order [g,f] means g -> f",55,55,55,image_block_04,42,78000,256,256,0.01,2,"{""fixed_ranks"": [1, 2, 4, 8, 16, 32], ""variance_thresholds"": [0.9, 0.95]}",recorded_ood,49,0.2577789978487368,0.2729059785232317,0.15662027220423877,0.3982078918482968,1.0,0.3189152564117244,0.4268610305187722,0.19891482504580782,0.09642381562223917,0.10735642883111766,-0.0113854950517559,0.22636077546798336,
/home/ubuntu/cogitao-research/checkpoints/cogitao_vit_cross_attention/cogitao_c1_experiment_4_vit6_function_mlp_cross_attention/run_000/last.ckpt,35f91e02d5b826c89f6b24f52abf83581220b4b6676009c59b6715b0b2251589,dfec9cbb2afe6616194c1fb41430c0c5d2bc4208,4,val_ood,crop_contours,double_right,double_right -> crop_contours,"pair (f,g): fgx=f(g(x)); task-token order [g,f] means g -> f",55,55,55,image_block_04,42,78000,256,256,0.01,2,"{""fixed_ranks"": [1, 2, 4, 8, 16, 32], ""variance_thresholds"": [0.9, 0.95]}",recorded_ood,11,0.2085127686589514,0.21778678334495263,0.15540277764822166,0.4047857197202526,1.0,0.24717001327208943,0.39431207540037216,0.15876568865131305,0.04715758643245377,0.12098848650397602,0.0022465626211024547,0.2157650641381935,
/home/ubuntu/cogitao-research/checkpoints/cogitao_vit_cross_attention/cogitao_c1_experiment_4_vit6_function_mlp_cross_attention/run_000/last.ckpt,35f91e02d5b826c89f6b24f52abf83581220b4b6676009c59b6715b0b2251589,dfec9cbb2afe6616194c1fb41430c0c5d2bc4208,4,val_ood,crop_contours,double_right,double_right -> crop_contours,"pair (f,g): fgx=f(g(x)); task-token order [g,f] means g -> f",55,55,55,image_block_04,42,78000,256,256,0.01,2,"{""fixed_ranks"": [1, 2, 4, 8, 16, 32], ""variance_thresholds"": [0.9, 0.95]}",recorded_ood,85,0.2881483611833497,0.24923513951347298,0.1219220005627851,0.3441023336634412,1.0,0.28552132431218014,0.3624170267273458,0.17285647651121655,0.12679317895685205,0.1256077550047145,0.006865831121840929,0.20964410598548078,
/home/ubuntu/cogitao-research/checkpoints/cogitao_vit_cross_attention/cogitao_c1_experiment_4_vit6_function_mlp_cross_attention/run_000/last.ckpt,35f91e02d5b826c89f6b24f52abf83581220b4b6676009c59b6715b0b2251589,dfec9cbb2afe6616194c1fb41430c0c5d2bc4208,4,val_ood,crop_contours,double_right,double_right -> crop_contours,"pair (f,g): fgx=f(g(x)); task-token order [g,f] means g -> f",55,55,55,image_block_04,42,78000,256,256,0.01,2,"{""fixed_ranks"": [1, 2, 4, 8, 16, 32], ""variance_thresholds"": [0.9, 0.95]}",recorded_ood,41,0.24401522800323475,0.24131160953642122,0.13108241174484744,0.4091505015695562,1.0,0.33182964046300506,0.3896804857902853,0.17877713822148175,0.0826600457767371,0.09899033243953942,-0.019751591443334146,0.1739826850448329,
/home/ubuntu/cogitao-research/checkpoints/cogitao_vit_cross_attention/cogitao_c1_experiment_4_vit6_function_mlp_cross_attention/run_000/last.ckpt,35f91e02d5b826c89f6b24f52abf83581220b4b6676009c59b6715b0b2251589,dfec9cbb2afe6616194c1fb41430c0c5d2bc4208,4,val_ood,crop_contours,double_right,double_right -> crop_contours,"pair (f,g): fgx=f(g(x)); task-token order [g,f] means g -> f",55,55,55,image_block_04,42,78000,256,256,0.01,2,"{""fixed_ranks"": [1, 2, 4, 8, 16, 32], ""variance_thresholds"": [0.9, 0.95]}",recorded_ood,35,0.2526770549503,0.24687550456145613,0.12874924100604931,0.41199615550139573,1.0,0.23651152379230772,0.46283834143658487,0.25501205751216416,0.09132187272380238,0.08426501483277202,-0.03447690905010155,0.20464671265891765,
/home/ubuntu/cogitao-research/checkpoints/cogitao_vit_cross_attention/cogitao_c1_experiment_4_vit6_function_mlp_cross_attention/run_000/last.ckpt,35f91e02d5b826c89f6b24f52abf83581220b4b6676009c59b6715b0b2251589,dfec9cbb2afe6616194c1fb41430c0c5d2bc4208,4,val_ood,crop_contours,double_right,double_right -> crop_contours,"pair (f,g): fgx=f(g(x)); task-token order [g,f] means g -> f",55,55,55,image_block_04,42,78000,256,256,0.01,2,"{""fixed_ranks"": [1, 2, 4, 8, 16, 32], ""variance_thresholds"": [0.9, 0.95]}",recorded_ood,64,0.22225123233066213,0.22538707115601594,0.1326813527860903,0.29245706437735586,1.0,0.2993286960126495,0.3231609307708124,0.14033873113052253,0.06089605010416449,0.10431589864946492,-0.014426025233408649,0.18068314378599518,
/home/ubuntu/cogitao-research/checkpoints/cogitao_vit_cross_attention/cogitao_c1_experiment_4_vit6_function_mlp_cross_attention/run_000/last.ckpt,35f91e02d5b826c89f6b24f52abf83581220b4b6676009c59b6715b0b2251589,dfec9cbb2afe6616194c1fb41430c0c5d2bc4208,4,val_ood,crop_contours,double_right,double_right -> crop_contours,"pair (f,g): fgx=f(g(x)); task-token order [g,f] means g -> f",55,55,55,image_block_04,42,78000,256,256,0.01,2,"{""fixed_ranks"": [1, 2, 4, 8, 16, 32], ""variance_thresholds"": [0.9, 0.95]}",recorded_ood,36,0.2245063066287664,0.22230156332029027,0.14022296859195987,0.44181674895307027,1.0,0.2526216976622903,0.515995575521138,0.20732797105938916,0.06315112440226875,0.1371317249414158,0.018389801058542224,0.15917490535223403,
/home/ubuntu/cogitao-research/checkpoints/cogitao_vit_cross_attention/cogitao_c1_experiment_4_vit6_function_mlp_cross_attention/run_000/last.ckpt,35f91e02d5b826c89f6b24f52abf83581220b4b6676009c59b6715b0b2251589,dfec9cbb2afe6616194c1fb41430c0c5d2bc4208,4,val_ood,crop_contours,double_right,double_right -> crop_contours,"pair (f,g): fgx=f(g(x)); task-token order [g,f] means g -> f",55,55,55,image_block_04,42,78000,256,256,0.01,2,"{""fixed_ranks"": [1, 2, 4, 8, 16, 32], ""variance_thresholds"": [0.9, 0.95]}",recorded_ood,65,0.24761406479725254,0.261995054926788,0.1676692403352032,0.4333679570410127,1.0,0.2820582807828888,0.4375400130692169,0.24921188932270433,0.0862588825707549,0.12247915235613112,0.0037372284732575534,0.24718207378149784,
/home/ubuntu/cogitao-research/checkpoints/cogitao_vit_cross_attention/cogitao_c1_experiment_4_vit6_function_mlp_cross_attention/run_000/last.ckpt,35f91e02d5b826c89f6b24f52abf83581220b4b6676009c59b6715b0b2251589,dfec9cbb2afe6616194c1fb41430c0c5d2bc4208,4,val_ood,crop_contours,double_right,double_right -> crop_contours,"pair (f,g): fgx=f(g(x)); task-token order [g,f] means g -> f",55,55,55,image_block_04,42,78000,256,256,0.01,2,"{""fixed_ranks"": [1, 2, 4, 8, 16, 32], ""variance_thresholds"": [0.9, 0.95]}",recorded_ood,77,0.19710242076488313,0.18081829701636706,0.15399989675620238,0.3287976027970382,1.0,0.2961308557948906,0.34403735001726726,0.20458703515972504,0.03574723853838549,0.10167000718489136,-0.017071916697982206,0.14584941041319824,
/home/ubuntu/cogitao-research/checkpoints/cogitao_vit_cross_attention/cogitao_c1_experiment_4_vit6_function_mlp_cross_attention/run_000/last.ckpt,35f91e02d5b826c89f6b24f52abf83581220b4b6676009c59b6715b0b2251589,dfec9cbb2afe6616194c1fb41430c0c5d2bc4208,4,val_ood,crop_contours,double_right,double_right -> crop_contours,"pair (f,g): fgx=f(g(x)); task-token order [g,f] means g -> f",55,55,55,image_block_05,42,78000,256,256,0.01,2,"{""fixed_ranks"": [1, 2, 4, 8, 16, 32], ""variance_thresholds"": [0.9, 0.95]}",recorded_ood,59,0.26032864646008863,0.23266555558148092,0.14940767250883066,0.367605292644974,1.0,0.3130184936576962,0.4516034426425187,0.2581572859360142,0.09227596589882783,0.1400140788047724,0.002016366297481448,,
/home/ubuntu/cogitao-research/checkpoints/cogitao_vit_cross_attention/cogitao_c1_experiment_4_vit6_function_mlp_cross_attention/run_000/last.ckpt,35f91e02d5b826c89f6b24f52abf83581220b4b6676009c59b6715b0b2251589,dfec9cbb2afe6616194c1fb41430c0c5d2bc4208,4,val_ood,crop_contours,double_right,double_right -> crop_contours,"pair (f,g): fgx=f(g(x)); task-token order [g,f] means g -> f",55,55,55,image_block_05,42,78000,256,256,0.01,2,"{""fixed_ranks"": [1, 2, 4, 8, 16, 32], ""variance_thresholds"": [0.9, 0.95]}",recorded_ood,21,0.1912406123949359,0.20493927566582862,0.19989325616548775,0.35568422309035386,1.0,0.2907081738088765,0.3563785445342942,0.2456860171801687,0.023187931833675096,0.12898493018724255,-0.009012782320048401,,
/home/ubuntu/cogitao-research/checkpoints/cogitao_vit_cross_attention/cogitao_c1_experiment_4_vit6_function_mlp_cross_attention/run_000/last.ckpt,35f91e02d5b826c89f6b24f52abf83581220b4b6676009c59b6715b0b2251589,dfec9cbb2afe6616194c1fb41430c0c5d2bc4208,4,val_ood,crop_contours,double_right,double_right -> crop_contours,"pair (f,g): fgx=f(g(x)); task-token order [g,f] means g -> f",55,55,55,image_block_05,42,78000,256,256,0.01,2,"{""fixed_ranks"": [1, 2, 4, 8, 16, 32], ""variance_thresholds"": [0.9, 0.95]}",recorded_ood,56,0.3349038148255354,0.3104716897786025,0.1282569316699037,0.48256138531649956,1.0,0.34989035870657853,0.5333411290013098,0.20645682976730276,0.1668511342642746,0.1006846281552404,-0.03731308435205055,,
/home/ubuntu/cogitao-research/checkpoints/cogitao_vit_cross_attention/cogitao_c1_experiment_4_vit6_function_mlp_cross_attention/run_000/last.ckpt,35f91e02d5b826c89f6b24f52abf83581220b4b6676009c59b6715b0b2251589,dfec9cbb2afe6616194c1fb41430c0c5d2bc4208,4,val_ood,crop_contours,double_right,double_right -> crop_contours,"pair (f,g): fgx=f(g(x)); task-token order [g,f] means g -> f",55,55,55,image_block_05,42,78000,256,256,0.01,2,"{""fixed_ranks"": [1, 2, 4, 8, 16, 32], ""variance_thresholds"": [0.9, 0.95]}",recorded_ood,42,0.32680070797078814,0.39059654403363747,0.15988236698967342,0.3643704310368857,1.0,0.48883595513776057,0.3175308969588721,0.1974413051306999,0.15874802740952734,0.16031217328180566,0.02231446077451471,,
/home/ubuntu/cogitao-research/checkpoints/cogitao_vit_cross_attention/cogitao_c1_experiment_4_vit6_function_mlp_cross_attention/run_000/last.ckpt,35f91e02d5b826c89f6b24f52abf83581220b4b6676009c59b6715b0b2251589,dfec9cbb2afe6616194c1fb41430c0c5d2bc4208,4,val_ood,crop_contours,double_right,double_right -> crop_contours,"pair (f,g): fgx=f(g(x)); task-token order [g,f] means g -> f",55,55,55,image_block_05,42,78000,256,256,0.01,2,"{""fixed_ranks"": [1, 2, 4, 8, 16, 32], ""variance_thresholds"": [0.9, 0.95]}",recorded_ood,27,0.23285377443958774,0.25000504479207514,0.16084681502576006,0.4757814421074159,1.0,0.27514181455436687,0.5186090583953118,0.23071979088230204,0.06480109387832694,0.10353325572453155,-0.0344644567827594,,
/home/ubuntu/cogitao-research/checkpoints/cogitao_vit_cross_attention/cogitao_c1_experiment_4_vit6_function_mlp_cross_attention/run_000/last.ckpt,35f91e02d5b826c89f6b24f52abf83581220b4b6676009c59b6715b0b2251589,dfec9cbb2afe6616194c1fb41430c0c5d2bc4208,4,val_ood,crop_contours,double_right,double_right -> crop_contours,"pair (f,g): fgx=f(g(x)); task-token order [g,f] means g -> f",55,55,55,image_block_05,42,78000,256,256,0.01,2,"{""fixed_ranks"": [1, 2, 4, 8, 16, 32], ""variance_thresholds"": [0.9, 0.95]}",recorded_ood,92,0.2697551604733663,0.24284233311527653,0.21875307284150672,0.3530862119403317,1.0,0.33762744816780343,0.3483440147660373,0.22421225805858844,0.10170247991210549,0.15341702623902548,0.015419313731734524,,
/home/ubuntu/cogitao-research/checkpoints/cogitao_vit_cross_attention/cogitao_c1_experiment_4_vit6_function_mlp_cross_attention/run_000/last.ckpt,35f91e02d5b826c89f6b24f52abf83581220b4b6676009c59b6715b0b2251589,dfec9cbb2afe6616194c1fb41430c0c5d2bc4208,4,val_ood,crop_contours,double_right,double_right -> crop_contours,"pair (f,g): fgx=f(g(x)); task-token order [g,f] means g -> f",55,55,55,image_block_05,42,78000,256,256,0.01,2,"{""fixed_ranks"": [1, 2, 4, 8, 16, 32], ""variance_thresholds"": [0.9, 0.95]}",recorded_ood,71,0.25189263434474196,0.2366960905930495,0.14441468261621412,0.34948018990290647,1.0,0.29633930198559455,0.45793923018949395,0.27799706157617854,0.08383995378348116,0.09514461186714045,-0.04285310064015051,,
/home/ubuntu/cogitao-research/checkpoints/cogitao_vit_cross_attention/cogitao_c1_experiment_4_vit6_function_mlp_cross_attention/run_000/last.ckpt,35f91e02d5b826c89f6b24f52abf83581220b4b6676009c59b6715b0b2251589,dfec9cbb2afe6616194c1fb41430c0c5d2bc4208,4,val_ood,crop_contours,double_right,double_right -> crop_contours,"pair (f,g): fgx=f(g(x)); task-token order [g,f] means g -> f",55,55,55,image_block_05,42,78000,256,256,0.01,2,"{""fixed_ranks"": [1, 2, 4, 8, 16, 32], ""variance_thresholds"": [0.9, 0.95]}",recorded_ood,24,0.21599347204498826,0.22138557456508523,0.12991912489114146,0.34824928192696436,1.0,0.29981251056641034,0.37635332897606805,0.17454194888590957,0.04794079148372746,0.12595236714407584,-0.01204534536321511,,
/home/ubuntu/cogitao-research/checkpoints/cogitao_vit_cross_attention/cogitao_c1_experiment_4_vit6_function_mlp_cross_attention/run_000/last.ckpt,35f91e02d5b826c89f6b24f52abf83581220b4b6676009c59b6715b0b2251589,dfec9cbb2afe6616194c1fb41430c0c5d2bc4208,4,val_ood,crop_contours,double_right,double_right -> crop_contours,"pair (f,g): fgx=f(g(x)); task-token order [g,f] means g -> f",55,55,55,image_block_05,42,78000,256,256,0.01,2,"{""fixed_ranks"": [1, 2, 4, 8, 16, 32], ""variance_thresholds"": [0.9, 0.95]}",recorded_ood,52,0.18769196590087825,0.21608835579631605,0.14385409982431877,0.30613705640060446,1.0,0.332894248113679,0.338742030064258,0.1812264766672767,0.01963928533961745,0.12913445396391351,-0.008863258543377439,,
/home/ubuntu/cogitao-research/checkpoints/cogitao_vit_cross_attention/cogitao_c1_experiment_4_vit6_function_mlp_cross_attention/run_000/last.ckpt,35f91e02d5b826c89f6b24f52abf83581220b4b6676009c59b6715b0b2251589,dfec9cbb2afe6616194c1fb41430c0c5d2bc4208,4,val_ood,crop_contours,double_right,double_right -> crop_contours,"pair (f,g): fgx=f(g(x)); task-token order [g,f] means g -> f",55,55,55,image_block_05,42,78000,256,256,0.01,2,"{""fixed_ranks"": [1, 2, 4, 8, 16, 32], ""variance_thresholds"": [0.9, 0.95]}",recorded_ood,81,0.27718118596482216,0.27277554726419484,0.16157772528528425,0.43163699176154335,1.0,0.26652323944747197,0.4921162269047705,0.2716190137634846,0.10912850540356137,0.08158966762597256,-0.0564080448813184,,
/home/ubuntu/cogitao-research/checkpoints/cogitao_vit_cross_attention/cogitao_c1_experiment_4_vit6_function_mlp_cross_attention/run_000/last.ckpt,35f91e02d5b826c89f6b24f52abf83581220b4b6676009c59b6715b0b2251589,dfec9cbb2afe6616194c1fb41430c0c5d2bc4208,4,val_ood,crop_contours,double_right,double_right -> crop_contours,"pair (f,g): fgx=f(g(x)); task-token order [g,f] means g -> f",55,55,55,image_block_05,42,78000,256,256,0.01,2,"{""fixed_ranks"": [1, 2, 4, 8, 16, 32], ""variance_thresholds"": [0.9, 0.95]}",recorded_ood,99,0.2644708590462503,0.2582604202418693,0.14225723345423197,0.4514588292278141,1.0,0.30149830397712457,0.45523620768580186,0.22471132323567639,0.09641817848498949,0.10997660228035938,-0.028021110226931573,,
/home/ubuntu/cogitao-research/checkpoints/cogitao_vit_cross_attention/cogitao_c1_experiment_4_vit6_function_mlp_cross_attention/run_000/last.ckpt,35f91e02d5b826c89f6b24f52abf83581220b4b6676009c59b6715b0b2251589,dfec9cbb2afe6616194c1fb41430c0c5d2bc4208,4,val_ood,crop_contours,double_right,double_right -> crop_contours,"pair (f,g): fgx=f(g(x)); task-token order [g,f] means g -> f",55,55,55,image_block_05,42,78000,256,256,0.01,2,"{""fixed_ranks"": [1, 2, 4, 8, 16, 32], ""variance_thresholds"": [0.9, 0.95]}",recorded_ood,4,0.25577906654933635,0.2711183688422233,0.1224709060820005,0.3751301549846084,1.0,0.23470657462757077,0.4257472303072921,0.21910800184791615,0.08772638598807556,0.12170123265326388,-0.016296479854027074,,
/home/ubuntu/cogitao-research/checkpoints/cogitao_vit_cross_attention/cogitao_c1_experiment_4_vit6_function_mlp_cross_attention/run_000/last.ckpt,35f91e02d5b826c89f6b24f52abf83581220b4b6676009c59b6715b0b2251589,dfec9cbb2afe6616194c1fb41430c0c5d2bc4208,4,val_ood,crop_contours,double_right,double_right -> crop_contours,"pair (f,g): fgx=f(g(x)); task-token order [g,f] means g -> f",55,55,55,image_block_05,42,78000,256,256,0.01,2,"{""fixed_ranks"": [1, 2, 4, 8, 16, 32], ""variance_thresholds"": [0.9, 0.95]}",recorded_ood,94,0.23497184677670596,0.23882974861987688,0.1368715521333199,0.346851832269182,1.0,0.2692419765941308,0.41755026209766855,0.21626371273331368,0.06691916621544516,0.109184206421139,-0.02881350608615195,,
/home/ubuntu/cogitao-research/checkpoints/cogitao_vit_cross_attention/cogitao_c1_experiment_4_vit6_function_mlp_cross_attention/run_000/last.ckpt,35f91e02d5b826c89f6b24f52abf83581220b4b6676009c59b6715b0b2251589,dfec9cbb2afe6616194c1fb41430c0c5d2bc4208,4,val_ood,crop_contours,double_right,double_right -> crop_contours,"pair (f,g): fgx=f(g(x)); task-token order [g,f] means g -> f",55,55,55,image_block_05,42,78000,256,256,0.01,2,"{""fixed_ranks"": [1, 2, 4, 8, 16, 32], ""variance_thresholds"": [0.9, 0.95]}",recorded_ood,80,0.3279839418625091,0.31188370182079495,0.1564377254017924,0.43228731605000653,1.0,0.38744955808847287,0.46580544679979335,0.2064449417335501,0.15993126130124832,0.12070187432846238,-0.01729583817882857,,
/home/ubuntu/cogitao-research/checkpoints/cogitao_vit_cross_attention/cogitao_c1_experiment_4_vit6_function_mlp_cross_attention/run_000/last.ckpt,35f91e02d5b826c89f6b24f52abf83581220b4b6676009c59b6715b0b2251589,dfec9cbb2afe6616194c1fb41430c0c5d2bc4208,4,val_ood,crop_contours,double_right,double_right -> crop_contours,"pair (f,g): fgx=f(g(x)); task-token order [g,f] means g -> f",55,55,55,image_block_05,42,78000,256,256,0.01,2,"{""fixed_ranks"": [1, 2, 4, 8, 16, 32], ""variance_thresholds"": [0.9, 0.95]}",recorded_ood,7,0.20597964220419485,0.2224395010148527,0.10799534950952008,0.31239641429084514,1.0,0.34392490628888145,0.4184488006391928,0.22567278756329054,0.03792696164293405,0.11916738877115554,-0.018830323736135413,,
/home/ubuntu/cogitao-research/checkpoints/cogitao_vit_cross_attention/cogitao_c1_experiment_4_vit6_function_mlp_cross_attention/run_000/last.ckpt,35f91e02d5b826c89f6b24f52abf83581220b4b6676009c59b6715b0b2251589,dfec9cbb2afe6616194c1fb41430c0c5d2bc4208,4,val_ood,crop_contours,double_right,double_right -> crop_contours,"pair (f,g): fgx=f(g(x)); task-token order [g,f] means g -> f",55,55,55,image_block_05,42,78000,256,256,0.01,2,"{""fixed_ranks"": [1, 2, 4, 8, 16, 32], ""variance_thresholds"": [0.9, 0.95]}",recorded_ood,57,0.2546391306156093,0.2612049875154994,0.2278059977935001,0.3221307792523699,1.0,0.2964482218163949,0.2935155202992106,0.18171592464095185,0.08658645005434848,0.17114641657115798,0.033148704063867024,,
/home/ubuntu/cogitao-research/checkpoints/cogitao_vit_cross_attention/cogitao_c1_experiment_4_vit6_function_mlp_cross_attention/run_000/last.ckpt,35f91e02d5b826c89f6b24f52abf83581220b4b6676009c59b6715b0b2251589,dfec9cbb2afe6616194c1fb41430c0c5d2bc4208,4,val_ood,crop_contours,double_right,double_right -> crop_contours,"pair (f,g): fgx=f(g(x)); task-token order [g,f] means g -> f",55,55,55,image_block_05,42,78000,256,256,0.01,2,"{""fixed_ranks"": [1, 2, 4, 8, 16, 32], ""variance_thresholds"": [0.9, 0.95]}",recorded_ood,79,0.2091368127169438,0.2052028118106046,0.13931121955527534,0.36475089279031137,1.0,0.2932154820425277,0.34049468818820583,0.1897767894290267,0.04108413215568299,0.13544203239006677,-0.0025556801172241794,,
/home/ubuntu/cogitao-research/checkpoints/cogitao_vit_cross_attention/cogitao_c1_experiment_4_vit6_function_mlp_cross_attention/run_000/last.ckpt,35f91e02d5b826c89f6b24f52abf83581220b4b6676009c59b6715b0b2251589,dfec9cbb2afe6616194c1fb41430c0c5d2bc4208,4,val_ood,crop_contours,double_right,double_right -> crop_contours,"pair (f,g): fgx=f(g(x)); task-token order [g,f] means g -> f",55,55,55,image_block_05,42,78000,256,256,0.01,2,"{""fixed_ranks"": [1, 2, 4, 8, 16, 32], ""variance_thresholds"": [0.9, 0.95]}",recorded_ood,26,0.2230909721364038,0.21600040952862123,0.1337248307493041,0.3070730882180933,1.0,0.2889294318649154,0.33676246907599167,0.17025575179411861,0.055038291575143006,0.13479808256024897,-0.003199629947041982,,
/home/ubuntu/cogitao-research/checkpoints/cogitao_vit_cross_attention/cogitao_c1_experiment_4_vit6_function_mlp_cross_attention/run_000/last.ckpt,35f91e02d5b826c89f6b24f52abf83581220b4b6676009c59b6715b0b2251589,dfec9cbb2afe6616194c1fb41430c0c5d2bc4208,4,val_ood,crop_contours,double_right,double_right -> crop_contours,"pair (f,g): fgx=f(g(x)); task-token order [g,f] means g -> f",55,55,55,image_block_05,42,78000,256,256,0.01,2,"{""fixed_ranks"": [1, 2, 4, 8, 16, 32], ""variance_thresholds"": [0.9, 0.95]}",recorded_ood,78,0.2875280591070406,0.2973423419929753,0.10895562297319934,0.4335728642215037,1.0,0.2887839596580087,0.4647693677911543,0.24119783550275287,0.1194753785457798,0.13150068055296055,-0.006497031954330407,,
/home/ubuntu/cogitao-research/checkpoints/cogitao_vit_cross_attention/cogitao_c1_experiment_4_vit6_function_mlp_cross_attention/run_000/last.ckpt,35f91e02d5b826c89f6b24f52abf83581220b4b6676009c59b6715b0b2251589,dfec9cbb2afe6616194c1fb41430c0c5d2bc4208,4,val_ood,crop_contours,double_right,double_right -> crop_contours,"pair (f,g): fgx=f(g(x)); task-token order [g,f] means g -> f",55,55,55,image_block_05,42,78000,256,256,0.01,2,"{""fixed_ranks"": [1, 2, 4, 8, 16, 32], ""variance_thresholds"": [0.9, 0.95]}",recorded_ood,38,0.3076571197977782,0.31176717854110086,0.1386846994857106,0.3977212837892514,1.0,0.377851216277664,0.3764181864959236,0.16255957483150626,0.1396044392365174,0.13386095309549073,-0.004136759411800223,,
/home/ubuntu/cogitao-research/checkpoints/cogitao_vit_cross_attention/cogitao_c1_experiment_4_vit6_function_mlp_cross_attention/run_000/last.ckpt,35f91e02d5b826c89f6b24f52abf83581220b4b6676009c59b6715b0b2251589,dfec9cbb2afe6616194c1fb41430c0c5d2bc4208,4,val_ood,crop_contours,double_right,double_right -> crop_contours,"pair (f,g): fgx=f(g(x)); task-token order [g,f] means g -> f",55,55,55,image_block_05,42,78000,256,256,0.01,2,"{""fixed_ranks"": [1, 2, 4, 8, 16, 32], ""variance_thresholds"": [0.9, 0.95]}",recorded_ood,86,0.32883888459285654,0.28563495727682625,0.13374888043775965,0.3975301955095872,1.0,0.3403746729864629,0.3982613469795668,0.1813790125848048,0.16078620403159574,0.09510925546051989,-0.042888457046771064,,
/home/ubuntu/cogitao-research/checkpoints/cogitao_vit_cross_attention/cogitao_c1_experiment_4_vit6_function_mlp_cross_attention/run_000/last.ckpt,35f91e02d5b826c89f6b24f52abf83581220b4b6676009c59b6715b0b2251589,dfec9cbb2afe6616194c1fb41430c0c5d2bc4208,4,val_ood,crop_contours,double_right,double_right -> crop_contours,"pair (f,g): fgx=f(g(x)); task-token order [g,f] means g -> f",55,55,55,image_block_05,42,78000,256,256,0.01,2,"{""fixed_ranks"": [1, 2, 4, 8, 16, 32], ""variance_thresholds"": [0.9, 0.95]}",recorded_ood,45,0.27587048301730527,0.28495464332078574,0.12598147955459169,0.4458678478441944,1.0,0.28013835235222107,0.4624234271068272,0.24338377624196492,0.10781780245604447,0.13981299021664859,0.0018152777093576322,,
/home/ubuntu/cogitao-research/checkpoints/cogitao_vit_cross_attention/cogitao_c1_experiment_4_vit6_function_mlp_cross_attention/run_000/last.ckpt,35f91e02d5b826c89f6b24f52abf83581220b4b6676009c59b6715b0b2251589,dfec9cbb2afe6616194c1fb41430c0c5d2bc4208,4,val_ood,crop_contours,double_right,double_right -> crop_contours,"pair (f,g): fgx=f(g(x)); task-token order [g,f] means g -> f",55,55,55,image_block_05,42,78000,256,256,0.01,2,"{""fixed_ranks"": [1, 2, 4, 8, 16, 32], ""variance_thresholds"": [0.9, 0.95]}",recorded_ood,17,0.3000476622735676,0.2716195183135277,0.17859622166752687,0.3342136772643283,1.0,0.31457846172701803,0.40906426561044573,0.1983933641197957,0.1319949817123068,0.0971243340540389,-0.04087337845325205,,
/home/ubuntu/cogitao-research/checkpoints/cogitao_vit_cross_attention/cogitao_c1_experiment_4_vit6_function_mlp_cross_attention/run_000/last.ckpt,35f91e02d5b826c89f6b24f52abf83581220b4b6676009c59b6715b0b2251589,dfec9cbb2afe6616194c1fb41430c0c5d2bc4208,4,val_ood,crop_contours,double_right,double_right -> crop_contours,"pair (f,g): fgx=f(g(x)); task-token order [g,f] means g -> f",55,55,55,image_block_05,42,78000,256,256,0.01,2,"{""fixed_ranks"": [1, 2, 4, 8, 16, 32], ""variance_thresholds"": [0.9, 0.95]}",recorded_ood,91,0.25103974879108804,0.2669747911868391,0.13806073276274441,0.3662838822182925,1.0,0.25638910449701563,0.412512761513822,0.20369539999201342,0.08298706822982724,0.12687409227801622,-0.011123620229274739,,
/home/ubuntu/cogitao-research/checkpoints/cogitao_vit_cross_attention/cogitao_c1_experiment_4_vit6_function_mlp_cross_attention/run_000/last.ckpt,35f91e02d5b826c89f6b24f52abf83581220b4b6676009c59b6715b0b2251589,dfec9cbb2afe6616194c1fb41430c0c5d2bc4208,4,val_ood,crop_contours,double_right,double_right -> crop_contours,"pair (f,g): fgx=f(g(x)); task-token order [g,f] means g -> f",55,55,55,image_block_05,42,78000,256,256,0.01,2,"{""fixed_ranks"": [1, 2, 4, 8, 16, 32], ""variance_thresholds"": [0.9, 0.95]}",recorded_ood,40,0.23459936035550213,0.2522905253008315,0.18616873641818688,0.40208732640030326,1.0,0.29006225048069645,0.5186757931391088,0.3254940305010774,0.06654667979424134,0.14934121860256402,0.01134350609527307,,
/home/ubuntu/cogitao-research/checkpoints/cogitao_vit_cross_attention/cogitao_c1_experiment_4_vit6_function_mlp_cross_attention/run_000/last.ckpt,35f91e02d5b826c89f6b24f52abf83581220b4b6676009c59b6715b0b2251589,dfec9cbb2afe6616194c1fb41430c0c5d2bc4208,4,val_ood,crop_contours,double_right,double_right -> crop_contours,"pair (f,g): fgx=f(g(x)); task-token order [g,f] means g -> f",55,55,55,image_block_05,42,78000,256,256,0.01,2,"{""fixed_ranks"": [1, 2, 4, 8, 16, 32], ""variance_thresholds"": [0.9, 0.95]}",recorded_ood,68,0.24708769642534714,0.23248416797060367,0.16406612307797733,0.41051146390037485,1.0,0.32264434907459716,0.4273072543428726,0.20396847031838314,0.07903501586408634,0.0813781829614729,-0.05661952954581806,,
/home/ubuntu/cogitao-research/checkpoints/cogitao_vit_cross_attention/cogitao_c1_experiment_4_vit6_function_mlp_cross_attention/run_000/last.ckpt,35f91e02d5b826c89f6b24f52abf83581220b4b6676009c59b6715b0b2251589,dfec9cbb2afe6616194c1fb41430c0c5d2bc4208,4,val_ood,crop_contours,double_right,double_right -> crop_contours,"pair (f,g): fgx=f(g(x)); task-token order [g,f] means g -> f",55,55,55,image_block_05,42,78000,256,256,0.01,2,"{""fixed_ranks"": [1, 2, 4, 8, 16, 32], ""variance_thresholds"": [0.9, 0.95]}",recorded_ood,1,0.32456569433586535,0.35210753164769454,0.1501065758255163,0.41464428592376257,1.0,0.3063005985764186,0.4968000578433859,0.2512565156047422,0.15651301377460455,0.08849016309607247,-0.04950754941121849,,
/home/ubuntu/cogitao-research/checkpoints/cogitao_vit_cross_attention/cogitao_c1_experiment_4_vit6_function_mlp_cross_attention/run_000/last.ckpt,35f91e02d5b826c89f6b24f52abf83581220b4b6676009c59b6715b0b2251589,dfec9cbb2afe6616194c1fb41430c0c5d2bc4208,4,val_ood,crop_contours,double_right,double_right -> crop_contours,"pair (f,g): fgx=f(g(x)); task-token order [g,f] means g -> f",55,55,55,image_block_05,42,78000,256,256,0.01,2,"{""fixed_ranks"": [1, 2, 4, 8, 16, 32], ""variance_thresholds"": [0.9, 0.95]}",recorded_ood,95,0.27469205901882804,0.27864348468566735,0.13472613984372356,0.34318713744344065,1.0,0.25560570699075735,0.34443345727041513,0.17637571543300443,0.10663937845756724,0.1502332707912494,0.012235558283958448,0.24125646400284198,
/home/ubuntu/cogitao-research/checkpoints/cogitao_vit_cross_attention/cogitao_c1_experiment_4_vit6_function_mlp_cross_attention/run_000/last.ckpt,35f91e02d5b826c89f6b24f52abf83581220b4b6676009c59b6715b0b2251589,dfec9cbb2afe6616194c1fb41430c0c5d2bc4208,4,val_ood,crop_contours,double_right,double_right -> crop_contours,"pair (f,g): fgx=f(g(x)); task-token order [g,f] means g -> f",55,55,55,image_block_05,42,78000,256,256,0.01,2,"{""fixed_ranks"": [1, 2, 4, 8, 16, 32], ""variance_thresholds"": [0.9, 0.95]}",recorded_ood,63,0.20950321031530977,0.2123623212633708,0.13439410581695543,0.3422611674137246,1.0,0.2925418371562591,0.41460595316324583,0.19556647535952187,0.041450529754048976,0.1178137824685344,-0.020183930038756556,0.21650929366867686,
/home/ubuntu/cogitao-research/checkpoints/cogitao_vit_cross_attention/cogitao_c1_experiment_4_vit6_function_mlp_cross_attention/run_000/last.ckpt,35f91e02d5b826c89f6b24f52abf83581220b4b6676009c59b6715b0b2251589,dfec9cbb2afe6616194c1fb41430c0c5d2bc4208,4,val_ood,crop_contours,double_right,double_right -> crop_contours,"pair (f,g): fgx=f(g(x)); task-token order [g,f] means g -> f",55,55,55,image_block_05,42,78000,256,256,0.01,2,"{""fixed_ranks"": [1, 2, 4, 8, 16, 32], ""variance_thresholds"": [0.9, 0.95]}",recorded_ood,3,0.2929717168304255,0.29740858327342284,0.12957420730537444,0.41334630027444513,1.0,0.2993751649798493,0.4478458872271964,0.2969463670230377,0.1249190362691647,0.11910485912951836,-0.018892853377772592,0.19038034810300478,
/home/ubuntu/cogitao-research/checkpoints/cogitao_vit_cross_attention/cogitao_c1_experiment_4_vit6_function_mlp_cross_attention/run_000/last.ckpt,35f91e02d5b826c89f6b24f52abf83581220b4b6676009c59b6715b0b2251589,dfec9cbb2afe6616194c1fb41430c0c5d2bc4208,4,val_ood,crop_contours,double_right,double_right -> crop_contours,"pair (f,g): fgx=f(g(x)); task-token order [g,f] means g -> f",55,55,55,image_block_05,42,78000,256,256,0.01,2,"{""fixed_ranks"": [1, 2, 4, 8, 16, 32], ""variance_thresholds"": [0.9, 0.95]}",recorded_ood,83,0.28605135778352786,0.2912420766231298,0.19418221118523243,0.4757243977870556,1.0,0.32103968868451804,0.4832562654384565,0.29529634152943235,0.11799867722226706,0.13739927516636952,-0.0005984373409214372,0.28348279251397457,
/home/ubuntu/cogitao-research/checkpoints/cogitao_vit_cross_attention/cogitao_c1_experiment_4_vit6_function_mlp_cross_attention/run_000/last.ckpt,35f91e02d5b826c89f6b24f52abf83581220b4b6676009c59b6715b0b2251589,dfec9cbb2afe6616194c1fb41430c0c5d2bc4208,4,val_ood,crop_contours,double_right,double_right -> crop_contours,"pair (f,g): fgx=f(g(x)); task-token order [g,f] means g -> f",55,55,55,image_block_05,42,78000,256,256,0.01,2,"{""fixed_ranks"": [1, 2, 4, 8, 16, 32], ""variance_thresholds"": [0.9, 0.95]}",recorded_ood,93,0.29756222855076364,0.2969071334531134,0.14204809751725167,0.4303621355960407,1.0,0.33111981466227985,0.4771047788030075,0.18160388355910909,0.12950954798950284,0.15363747914108816,0.01563976663379721,0.217658360624956,
/home/ubuntu/cogitao-research/checkpoints/cogitao_vit_cross_attention/cogitao_c1_experiment_4_vit6_function_mlp_cross_attention/run_000/last.ckpt,35f91e02d5b826c89f6b24f52abf83581220b4b6676009c59b6715b0b2251589,dfec9cbb2afe6616194c1fb41430c0c5d2bc4208,4,val_ood,crop_contours,double_right,double_right -> crop_contours,"pair (f,g): fgx=f(g(x)); task-token order [g,f] means g -> f",55,55,55,image_block_05,42,78000,256,256,0.01,2,"{""fixed_ranks"": [1, 2, 4, 8, 16, 32], ""variance_thresholds"": [0.9, 0.95]}",recorded_ood,87,0.31489520090026335,0.31387744714194254,0.13055227968435876,0.4125617310106139,1.0,0.28809792812992374,0.4515216414140509,0.2931427157396695,0.14684252033900255,0.0893700567837209,-0.04862765572357006,0.2368783027434674,
/home/ubuntu/cogitao-research/checkpoints/cogitao_vit_cross_attention/cogitao_c1_experiment_4_vit6_function_mlp_cross_attention/run_000/last.ckpt,35f91e02d5b826c89f6b24f52abf83581220b4b6676009c59b6715b0b2251589,dfec9cbb2afe6616194c1fb41430c0c5d2bc4208,4,val_ood,crop_contours,double_right,double_right -> crop_contours,"pair (f,g): fgx=f(g(x)); task-token order [g,f] means g -> f",55,55,55,image_block_05,42,78000,256,256,0.01,2,"{""fixed_ranks"": [1, 2, 4, 8, 16, 32], ""variance_thresholds"": [0.9, 0.95]}",recorded_ood,73,0.23891833325316505,0.2767599813659761,0.1220153685106939,0.4205559407009978,1.0,0.26746683933797993,0.46092459052280277,0.24632995189403006,0.07086565269190426,0.1708109435124129,0.03281323100512196,0.18105249202295326,
/home/ubuntu/cogitao-research/checkpoints/cogitao_vit_cross_attention/cogitao_c1_experiment_4_vit6_function_mlp_cross_attention/run_000/last.ckpt,35f91e02d5b826c89f6b24f52abf83581220b4b6676009c59b6715b0b2251589,dfec9cbb2afe6616194c1fb41430c0c5d2bc4208,4,val_ood,crop_contours,double_right,double_right -> crop_contours,"pair (f,g): fgx=f(g(x)); task-token order [g,f] means g -> f",55,55,55,image_block_05,42,78000,256,256,0.01,2,"{""fixed_ranks"": [1, 2, 4, 8, 16, 32], ""variance_thresholds"": [0.9, 0.95]}",recorded_ood,75,0.25433745681263803,0.2325921708128225,0.11915876519519554,0.41448592768750464,1.0,0.2866637654891554,0.4426407462987231,0.19480803247506392,0.08628477625137723,0.1165452622104488,-0.02145245029684216,0.21980172120057984,
/home/ubuntu/cogitao-research/checkpoints/cogitao_vit_cross_attention/cogitao_c1_experiment_4_vit6_function_mlp_cross_attention/run_000/last.ckpt,35f91e02d5b826c89f6b24f52abf83581220b4b6676009c59b6715b0b2251589,dfec9cbb2afe6616194c1fb41430c0c5d2bc4208,4,val_ood,crop_contours,double_right,double_right -> crop_contours,"pair (f,g): fgx=f(g(x)); task-token order [g,f] means g -> f",55,55,55,image_block_05,42,78000,256,256,0.01,2,"{""fixed_ranks"": [1, 2, 4, 8, 16, 32], ""variance_thresholds"": [0.9, 0.95]}",recorded_ood,23,0.24752141534545039,0.23171868357381023,0.13901846502922,0.34117565369926794,1.0,0.25776864579202247,0.36692141724268346,0.18273776985160275,0.07946873478418959,0.09168141521356954,-0.046316297293721415,0.16830009267339863,
/home/ubuntu/cogitao-research/checkpoints/cogitao_vit_cross_attention/cogitao_c1_experiment_4_vit6_function_mlp_cross_attention/run_000/last.ckpt,35f91e02d5b826c89f6b24f52abf83581220b4b6676009c59b6715b0b2251589,dfec9cbb2afe6616194c1fb41430c0c5d2bc4208,4,val_ood,crop_contours,double_right,double_right -> crop_contours,"pair (f,g): fgx=f(g(x)); task-token order [g,f] means g -> f",55,55,55,image_block_05,42,78000,256,256,0.01,2,"{""fixed_ranks"": [1, 2, 4, 8, 16, 32], ""variance_thresholds"": [0.9, 0.95]}",recorded_ood,15,0.22144868346548793,0.20550077436782171,0.15037175222394844,0.3148589586789919,1.0,0.24455881481019173,0.3796289388868625,0.24283045726786318,0.053396002904227136,0.11935236665584731,-0.018645345851443645,0.19502640918555342,
/home/ubuntu/cogitao-research/checkpoints/cogitao_vit_cross_attention/cogitao_c1_experiment_4_vit6_function_mlp_cross_attention/run_000/last.ckpt,35f91e02d5b826c89f6b24f52abf83581220b4b6676009c59b6715b0b2251589,dfec9cbb2afe6616194c1fb41430c0c5d2bc4208,4,val_ood,crop_contours,double_right,double_right -> crop_contours,"pair (f,g): fgx=f(g(x)); task-token order [g,f] means g -> f",55,55,55,image_block_05,42,78000,256,256,0.01,2,"{""fixed_ranks"": [1, 2, 4, 8, 16, 32], ""variance_thresholds"": [0.9, 0.95]}",recorded_ood,9,0.30445879113013347,0.27788431111608985,0.13823890652255974,0.46976876112901406,1.0,0.31437273578689345,0.495496593114661,0.17800432537760275,0.13640611056887267,0.11595656872385378,-0.022041143783437175,0.25011188330542045,
/home/ubuntu/cogitao-research/checkpoints/cogitao_vit_cross_attention/cogitao_c1_experiment_4_vit6_function_mlp_cross_attention/run_000/last.ckpt,35f91e02d5b826c89f6b24f52abf83581220b4b6676009c59b6715b0b2251589,dfec9cbb2afe6616194c1fb41430c0c5d2bc4208,4,val_ood,crop_contours,double_right,double_right -> crop_contours,"pair (f,g): fgx=f(g(x)); task-token order [g,f] means g -> f",55,55,55,image_block_05,42,78000,256,256,0.01,2,"{""fixed_ranks"": [1, 2, 4, 8, 16, 32], ""variance_thresholds"": [0.9, 0.95]}",recorded_ood,31,0.26794038878619747,0.2418561213858289,0.20443338655880597,0.41663921409594057,1.0,0.3858961386973723,0.42789971682286665,0.22422948417973787,0.09988770822493667,0.12336527380456593,-0.014632438702725029,0.20691314866852936,
/home/ubuntu/cogitao-research/checkpoints/cogitao_vit_cross_attention/cogitao_c1_experiment_4_vit6_function_mlp_cross_attention/run_000/last.ckpt,35f91e02d5b826c89f6b24f52abf83581220b4b6676009c59b6715b0b2251589,dfec9cbb2afe6616194c1fb41430c0c5d2bc4208,4,val_ood,crop_contours,double_right,double_right -> crop_contours,"pair (f,g): fgx=f(g(x)); task-token order [g,f] means g -> f",55,55,55,image_block_05,42,78000,256,256,0.01,2,"{""fixed_ranks"": [1, 2, 4, 8, 16, 32], ""variance_thresholds"": [0.9, 0.95]}",recorded_ood,72,0.22527788666676646,0.2388376325977224,0.16219363820960764,0.4178410824535843,1.0,0.31976952701691524,0.39362854314106044,0.19112231534970764,0.05722520610550566,0.11052438003895329,-0.027473332468337663,0.22039811922133423,
/home/ubuntu/cogitao-research/checkpoints/cogitao_vit_cross_attention/cogitao_c1_experiment_4_vit6_function_mlp_cross_attention/run_000/last.ckpt,35f91e02d5b826c89f6b24f52abf83581220b4b6676009c59b6715b0b2251589,dfec9cbb2afe6616194c1fb41430c0c5d2bc4208,4,val_ood,crop_contours,double_right,double_right -> crop_contours,"pair (f,g): fgx=f(g(x)); task-token order [g,f] means g -> f",55,55,55,image_block_05,42,78000,256,256,0.01,2,"{""fixed_ranks"": [1, 2, 4, 8, 16, 32], ""variance_thresholds"": [0.9, 0.95]}",recorded_ood,67,0.27113962153382226,0.2851798546044139,0.14879205848380983,0.4209111582372907,1.0,0.2646972050891617,0.4424823721042247,0.29691734622542465,0.10308694097256146,0.13401370229294277,-0.003984010214348188,0.26118850764992085,
/home/ubuntu/cogitao-research/checkpoints/cogitao_vit_cross_attention/cogitao_c1_experiment_4_vit6_function_mlp_cross_attention/run_000/last.ckpt,35f91e02d5b826c89f6b24f52abf83581220b4b6676009c59b6715b0b2251589,dfec9cbb2afe6616194c1fb41430c0c5d2bc4208,4,val_ood,crop_contours,double_right,double_right -> crop_contours,"pair (f,g): fgx=f(g(x)); task-token order [g,f] means g -> f",55,55,55,image_block_05,42,78000,256,256,0.01,2,"{""fixed_ranks"": [1, 2, 4, 8, 16, 32], ""variance_thresholds"": [0.9, 0.95]}",recorded_ood,34,0.20927514698488128,0.2313830594255051,0.17841666145657792,0.35376792305986127,1.0,0.323358025377688,0.3689611860082764,0.24286349783871686,0.041222466423620485,0.1264474417062222,-0.01155027080106874,0.24391710448274664,
/home/ubuntu/cogitao-research/checkpoints/cogitao_vit_cross_attention/cogitao_c1_experiment_4_vit6_function_mlp_cross_attention/run_000/last.ckpt,35f91e02d5b826c89f6b24f52abf83581220b4b6676009c59b6715b0b2251589,dfec9cbb2afe6616194c1fb41430c0c5d2bc4208,4,val_ood,crop_contours,double_right,double_right -> crop_contours,"pair (f,g): fgx=f(g(x)); task-token order [g,f] means g -> f",55,55,55,image_block_05,42,78000,256,256,0.01,2,"{""fixed_ranks"": [1, 2, 4, 8, 16, 32], ""variance_thresholds"": [0.9, 0.95]}",recorded_ood,30,0.2843013845160057,0.3011067115613953,0.14919616633160704,0.3900606704699378,1.0,0.2055609091796771,0.5231722772370754,0.343561313758554,0.11624870395474488,0.11154652708526337,-0.02645118542202758,0.19793592784717604,
/home/ubuntu/cogitao-research/checkpoints/cogitao_vit_cross_attention/cogitao_c1_experiment_4_vit6_function_mlp_cross_attention/run_000/last.ckpt,35f91e02d5b826c89f6b24f52abf83581220b4b6676009c59b6715b0b2251589,dfec9cbb2afe6616194c1fb41430c0c5d2bc4208,4,val_ood,crop_contours,double_right,double_right -> crop_contours,"pair (f,g): fgx=f(g(x)); task-token order [g,f] means g -> f",55,55,55,image_block_05,42,78000,256,256,0.01,2,"{""fixed_ranks"": [1, 2, 4, 8, 16, 32], ""variance_thresholds"": [0.9, 0.95]}",recorded_ood,74,0.2335193055321632,0.2672109487885329,0.08964106228831706,0.3173200930310469,1.0,0.28812845224583794,0.3809747762536185,0.14927103890127577,0.06546662497090242,0.13541516242782606,-0.002582550079464896,0.22817798455568009,
/home/ubuntu/cogitao-research/checkpoints/cogitao_vit_cross_attention/cogitao_c1_experiment_4_vit6_function_mlp_cross_attention/run_000/last.ckpt,35f91e02d5b826c89f6b24f52abf83581220b4b6676009c59b6715b0b2251589,dfec9cbb2afe6616194c1fb41430c0c5d2bc4208,4,val_ood,crop_contours,double_right,double_right -> crop_contours,"pair (f,g): fgx=f(g(x)); task-token order [g,f] means g -> f",55,55,55,image_block_05,42,78000,256,256,0.01,2,"{""fixed_ranks"": [1, 2, 4, 8, 16, 32], ""variance_thresholds"": [0.9, 0.95]}",recorded_ood,88,0.2187020557415197,0.20922301722130207,0.11241433192005758,0.35100025219438796,1.0,0.3043631865775661,0.39379510854283856,0.17570879502375156,0.050649375180258915,0.13427383400933687,-0.0037238784979540807,0.22467890903892454,
/home/ubuntu/cogitao-research/checkpoints/cogitao_vit_cross_attention/cogitao_c1_experiment_4_vit6_function_mlp_cross_attention/run_000/last.ckpt,35f91e02d5b826c89f6b24f52abf83581220b4b6676009c59b6715b0b2251589,dfec9cbb2afe6616194c1fb41430c0c5d2bc4208,4,val_ood,crop_contours,double_right,double_right -> crop_contours,"pair (f,g): fgx=f(g(x)); task-token order [g,f] means g -> f",55,55,55,image_block_05,42,78000,256,256,0.01,2,"{""fixed_ranks"": [1, 2, 4, 8, 16, 32], ""variance_thresholds"": [0.9, 0.95]}",recorded_ood,98,0.3279145665830097,0.30736559043223277,0.16423100604735144,0.47511906921171027,1.0,0.30894980904026426,0.4877577608618065,0.25008145637339535,0.15986188602174892,0.13369315835336515,-0.004304554153925805,0.2066354987962661,
/home/ubuntu/cogitao-research/checkpoints/cogitao_vit_cross_attention/cogitao_c1_experiment_4_vit6_function_mlp_cross_attention/run_000/last.ckpt,35f91e02d5b826c89f6b24f52abf83581220b4b6676009c59b6715b0b2251589,dfec9cbb2afe6616194c1fb41430c0c5d2bc4208,4,val_ood,crop_contours,double_right,double_right -> crop_contours,"pair (f,g): fgx=f(g(x)); task-token order [g,f] means g -> f",55,55,55,image_block_05,42,78000,256,256,0.01,2,"{""fixed_ranks"": [1, 2, 4, 8, 16, 32], ""variance_thresholds"": [0.9, 0.95]}",recorded_ood,49,0.30918271193114966,0.31278864045208465,0.15040663547557695,0.419233686442168,1.0,0.33072057038466324,0.4383018358558615,0.23334242327643923,0.14113003136988886,0.11215478732428837,-0.025842925183002588,0.23419868103654842,
/home/ubuntu/cogitao-research/checkpoints/cogitao_vit_cross_attention/cogitao_c1_experiment_4_vit6_function_mlp_cross_attention/run_000/last.ckpt,35f91e02d5b826c89f6b24f52abf83581220b4b6676009c59b6715b0b2251589,dfec9cbb2afe6616194c1fb41430c0c5d2bc4208,4,val_ood,crop_contours,double_right,double_right -> crop_contours,"pair (f,g): fgx=f(g(x)); task-token order [g,f] means g -> f",55,55,55,image_block_05,42,78000,256,256,0.01,2,"{""fixed_ranks"": [1, 2, 4, 8, 16, 32], ""variance_thresholds"": [0.9, 0.95]}",recorded_ood,11,0.293463868809128,0.2829839982278766,0.1668094762655374,0.41681473389151064,1.0,0.28254069703247864,0.41631490113717984,0.1903192969200947,0.1254111882478672,0.1281349521543776,-0.009862760352913363,0.2509686183620604,
/home/ubuntu/cogitao-research/checkpoints/cogitao_vit_cross_attention/cogitao_c1_experiment_4_vit6_function_mlp_cross_attention/run_000/last.ckpt,35f91e02d5b826c89f6b24f52abf83581220b4b6676009c59b6715b0b2251589,dfec9cbb2afe6616194c1fb41430c0c5d2bc4208,4,val_ood,crop_contours,double_right,double_right -> crop_contours,"pair (f,g): fgx=f(g(x)); task-token order [g,f] means g -> f",55,55,55,image_block_05,42,78000,256,256,0.01,2,"{""fixed_ranks"": [1, 2, 4, 8, 16, 32], ""variance_thresholds"": [0.9, 0.95]}",recorded_ood,85,0.3377547001703257,0.2884394315377722,0.12458435545002378,0.35228215640482746,1.0,0.30090253500555797,0.4103781647717702,0.20960458361294504,0.16970201960906492,0.1411432758086244,0.0031455633013334483,0.2179524315991482,
/home/ubuntu/cogitao-research/checkpoints/cogitao_vit_cross_attention/cogitao_c1_experiment_4_vit6_function_mlp_cross_attention/run_000/last.ckpt,35f91e02d5b826c89f6b24f52abf83581220b4b6676009c59b6715b0b2251589,dfec9cbb2afe6616194c1fb41430c0c5d2bc4208,4,val_ood,crop_contours,double_right,double_right -> crop_contours,"pair (f,g): fgx=f(g(x)); task-token order [g,f] means g -> f",55,55,55,image_block_05,42,78000,256,256,0.01,2,"{""fixed_ranks"": [1, 2, 4, 8, 16, 32], ""variance_thresholds"": [0.9, 0.95]}",recorded_ood,41,0.3179143381580978,0.298916821370135,0.13797239952644377,0.4304390383646528,1.0,0.37553027061745986,0.4011373688734314,0.1915602219877017,0.14986165759683698,0.11556993228257832,-0.022427780224712632,0.18990038300348752,
/home/ubuntu/cogitao-research/checkpoints/cogitao_vit_cross_attention/cogitao_c1_experiment_4_vit6_function_mlp_cross_attention/run_000/last.ckpt,35f91e02d5b826c89f6b24f52abf83581220b4b6676009c59b6715b0b2251589,dfec9cbb2afe6616194c1fb41430c0c5d2bc4208,4,val_ood,crop_contours,double_right,double_right -> crop_contours,"pair (f,g): fgx=f(g(x)); task-token order [g,f] means g -> f",55,55,55,image_block_05,42,78000,256,256,0.01,2,"{""fixed_ranks"": [1, 2, 4, 8, 16, 32], ""variance_thresholds"": [0.9, 0.95]}",recorded_ood,35,0.31168270478978316,0.30348719866531954,0.13316673533011697,0.4202807591836539,1.0,0.26581657838842265,0.4971674770705063,0.27499012459593136,0.14363002422852236,0.09452595290561086,-0.04347175960168009,0.21320935931729448,
/home/ubuntu/cogitao-research/checkpoints/cogitao_vit_cross_attention/cogitao_c1_experiment_4_vit6_function_mlp_cross_attention/run_000/last.ckpt,35f91e02d5b826c89f6b24f52abf83581220b4b6676009c59b6715b0b2251589,dfec9cbb2afe6616194c1fb41430c0c5d2bc4208,4,val_ood,crop_contours,double_right,double_right -> crop_contours,"pair (f,g): fgx=f(g(x)); task-token order [g,f] means g -> f",55,55,55,image_block_05,42,78000,256,256,0.01,2,"{""fixed_ranks"": [1, 2, 4, 8, 16, 32], ""variance_thresholds"": [0.9, 0.95]}",recorded_ood,64,0.24546496991805644,0.2604126309012054,0.14264826313836354,0.3066374274306638,1.0,0.3095156711041129,0.3451982381530705,0.15492558349836055,0.07741228935679564,0.1106668177035463,-0.02733089480374465,0.1877981318513297,
/home/ubuntu/cogitao-research/checkpoints/cogitao_vit_cross_attention/cogitao_c1_experiment_4_vit6_function_mlp_cross_attention/run_000/last.ckpt,35f91e02d5b826c89f6b24f52abf83581220b4b6676009c59b6715b0b2251589,dfec9cbb2afe6616194c1fb41430c0c5d2bc4208,4,val_ood,crop_contours,double_right,double_right -> crop_contours,"pair (f,g): fgx=f(g(x)); task-token order [g,f] means g -> f",55,55,55,image_block_05,42,78000,256,256,0.01,2,"{""fixed_ranks"": [1, 2, 4, 8, 16, 32], ""variance_thresholds"": [0.9, 0.95]}",recorded_ood,36,0.2679190648546128,0.26469727389573156,0.1459400446129621,0.46015720732284077,1.0,0.27122635604502215,0.5563777587630457,0.2529334656155157,0.09986638429335201,0.14652017903482747,0.00852246652753652,0.17718780478171722,
/home/ubuntu/cogitao-research/checkpoints/cogitao_vit_cross_attention/cogitao_c1_experiment_4_vit6_function_mlp_cross_attention/run_000/last.ckpt,35f91e02d5b826c89f6b24f52abf83581220b4b6676009c59b6715b0b2251589,dfec9cbb2afe6616194c1fb41430c0c5d2bc4208,4,val_ood,crop_contours,double_right,double_right -> crop_contours,"pair (f,g): fgx=f(g(x)); task-token order [g,f] means g -> f",55,55,55,image_block_05,42,78000,256,256,0.01,2,"{""fixed_ranks"": [1, 2, 4, 8, 16, 32], ""variance_thresholds"": [0.9, 0.95]}",recorded_ood,65,0.2707542792926153,0.2584249594313268,0.18853978595595602,0.4602699488834978,1.0,0.34936063171841814,0.43533038154445475,0.2277769572969996,0.10270159873135451,0.140494685863593,0.002496973356302057,0.2804437906960315,
/home/ubuntu/cogitao-research/checkpoints/cogitao_vit_cross_attention/cogitao_c1_experiment_4_vit6_function_mlp_cross_attention/run_000/last.ckpt,35f91e02d5b826c89f6b24f52abf83581220b4b6676009c59b6715b0b2251589,dfec9cbb2afe6616194c1fb41430c0c5d2bc4208,4,val_ood,crop_contours,double_right,double_right -> crop_contours,"pair (f,g): fgx=f(g(x)); task-token order [g,f] means g -> f",55,55,55,image_block_05,42,78000,256,256,0.01,2,"{""fixed_ranks"": [1, 2, 4, 8, 16, 32], ""variance_thresholds"": [0.9, 0.95]}",recorded_ood,77,0.24448874514868224,0.2304396098657674,0.1399291855749266,0.34936782870578026,1.0,0.30383493608025347,0.37438279791119816,0.20789471897576908,0.07643606458742144,0.1113533305130673,-0.026644381994223656,0.15371367435429462,
/home/ubuntu/cogitao-research/checkpoints/cogitao_vit_cross_attention/cogitao_c1_experiment_4_vit6_function_mlp_cross_attention/run_000/last.ckpt,35f91e02d5b826c89f6b24f52abf83581220b4b6676009c59b6715b0b2251589,dfec9cbb2afe6616194c1fb41430c0c5d2bc4208,4,val_ood,crop_contours,double_right,double_right -> crop_contours,"pair (f,g): fgx=f(g(x)); task-token order [g,f] means g -> f",55,55,55,image_block_06,42,78000,256,256,0.01,2,"{""fixed_ranks"": [1, 2, 4, 8, 16, 32], ""variance_thresholds"": [0.9, 0.95]}",recorded_ood,59,0.2667445257902973,0.24555580336059604,0.14956544895722934,0.3823154867978951,1.0,0.3313699913669722,0.43765211431927226,0.23497091468194406,0.09496202719339011,0.151506129077746,-0.0033391440695192953,,
/home/ubuntu/cogitao-research/checkpoints/cogitao_vit_cross_attention/cogitao_c1_experiment_4_vit6_function_mlp_cross_attention/run_000/last.ckpt,35f91e02d5b826c89f6b24f52abf83581220b4b6676009c59b6715b0b2251589,dfec9cbb2afe6616194c1fb41430c0c5d2bc4208,4,val_ood,crop_contours,double_right,double_right -> crop_contours,"pair (f,g): fgx=f(g(x)); task-token order [g,f] means g -> f",55,55,55,image_block_06,42,78000,256,256,0.01,2,"{""fixed_ranks"": [1, 2, 4, 8, 16, 32], ""variance_thresholds"": [0.9, 0.95]}",recorded_ood,21,0.24086381338603635,0.22872107828505273,0.1763125503811701,0.37069491069587335,1.0,0.3336576397672276,0.3458415536605382,0.21183271279844657,0.06908131478912918,0.15560462124104912,0.0007593480937838348,,
/home/ubuntu/cogitao-research/checkpoints/cogitao_vit_cross_attention/cogitao_c1_experiment_4_vit6_function_mlp_cross_attention/run_000/last.ckpt,35f91e02d5b826c89f6b24f52abf83581220b4b6676009c59b6715b0b2251589,dfec9cbb2afe6616194c1fb41430c0c5d2bc4208,4,val_ood,crop_contours,double_right,double_right -> crop_contours,"pair (f,g): fgx=f(g(x)); task-token order [g,f] means g -> f",55,55,55,image_block_06,42,78000,256,256,0.01,2,"{""fixed_ranks"": [1, 2, 4, 8, 16, 32], ""variance_thresholds"": [0.9, 0.95]}",recorded_ood,56,0.41302680171844697,0.40020104311149507,0.1454022136864204,0.5177890996857154,1.0,0.3867908640768248,0.5820803616671892,0.27716390280328146,0.2412443031215398,0.16041250470491147,0.005567231557646185,,
/home/ubuntu/cogitao-research/checkpoints/cogitao_vit_cross_attention/cogitao_c1_experiment_4_vit6_function_mlp_cross_attention/run_000/last.ckpt,35f91e02d5b826c89f6b24f52abf83581220b4b6676009c59b6715b0b2251589,dfec9cbb2afe6616194c1fb41430c0c5d2bc4208,4,val_ood,crop_contours,double_right,double_right -> crop_contours,"pair (f,g): fgx=f(g(x)); task-token order [g,f] means g -> f",55,55,55,image_block_06,42,78000,256,256,0.01,2,"{""fixed_ranks"": [1, 2, 4, 8, 16, 32], ""variance_thresholds"": [0.9, 0.95]}",recorded_ood,42,0.37778668026260975,0.37892789259394843,0.16503286507509293,0.38238923039197525,1.0,0.49207905365926957,0.3768419613267493,0.2218053664597745,0.20600418166570258,0.16300499004846547,0.008159716901200181,,
/home/ubuntu/cogitao-research/checkpoints/cogitao_vit_cross_attention/cogitao_c1_experiment_4_vit6_function_mlp_cross_attention/run_000/last.ckpt,35f91e02d5b826c89f6b24f52abf83581220b4b6676009c59b6715b0b2251589,dfec9cbb2afe6616194c1fb41430c0c5d2bc4208,4,val_ood,crop_contours,double_right,double_right -> crop_contours,"pair (f,g): fgx=f(g(x)); task-token order [g,f] means g -> f",55,55,55,image_block_06,42,78000,256,256,0.01,2,"{""fixed_ranks"": [1, 2, 4, 8, 16, 32], ""variance_thresholds"": [0.9, 0.95]}",recorded_ood,27,0.28768566346204255,0.3421527643078224,0.15343939555168543,0.5061858487555693,1.0,0.3120524928352192,0.5575247910874225,0.2558782991978151,0.11590316486513538,0.10847174228010181,-0.046373530867163476,,
/home/ubuntu/cogitao-research/checkpoints/cogitao_vit_cross_attention/cogitao_c1_experiment_4_vit6_function_mlp_cross_attention/run_000/last.ckpt,35f91e02d5b826c89f6b24f52abf83581220b4b6676009c59b6715b0b2251589,dfec9cbb2afe6616194c1fb41430c0c5d2bc4208,4,val_ood,crop_contours,double_right,double_right -> crop_contours,"pair (f,g): fgx=f(g(x)); task-token order [g,f] means g -> f",55,55,55,image_block_06,42,78000,256,256,0.01,2,"{""fixed_ranks"": [1, 2, 4, 8, 16, 32], ""variance_thresholds"": [0.9, 0.95]}",recorded_ood,92,0.26465379959813157,0.25026910826566506,0.22995219660023347,0.3697927595845897,1.0,0.3701108614322285,0.36087933919972687,0.22481645694278957,0.0928713010012244,0.1768933737470008,0.0220481005997355,,
/home/ubuntu/cogitao-research/checkpoints/cogitao_vit_cross_attention/cogitao_c1_experiment_4_vit6_function_mlp_cross_attention/run_000/last.ckpt,35f91e02d5b826c89f6b24f52abf83581220b4b6676009c59b6715b0b2251589,dfec9cbb2afe6616194c1fb41430c0c5d2bc4208,4,val_ood,crop_contours,double_right,double_right -> crop_contours,"pair (f,g): fgx=f(g(x)); task-token order [g,f] means g -> f",55,55,55,image_block_06,42,78000,256,256,0.01,2,"{""fixed_ranks"": [1, 2, 4, 8, 16, 32], ""variance_thresholds"": [0.9, 0.95]}",recorded_ood,71,0.2823469258795704,0.28600828049625476,0.14375771252316774,0.35290423989691605,1.0,0.34752494690712815,0.47733635886072223,0.2780321506620051,0.11056442728266322,0.16343562590401894,0.008590352756753655,,
/home/ubuntu/cogitao-research/checkpoints/cogitao_vit_cross_attention/cogitao_c1_experiment_4_vit6_function_mlp_cross_attention/run_000/last.ckpt,35f91e02d5b826c89f6b24f52abf83581220b4b6676009c59b6715b0b2251589,dfec9cbb2afe6616194c1fb41430c0c5d2bc4208,4,val_ood,crop_contours,double_right,double_right -> crop_contours,"pair (f,g): fgx=f(g(x)); task-token order [g,f] means g -> f",55,55,55,image_block_06,42,78000,256,256,0.01,2,"{""fixed_ranks"": [1, 2, 4, 8, 16, 32], ""variance_thresholds"": [0.9, 0.95]}",recorded_ood,24,0.22500435652672165,0.22119055265087506,0.1410772968608367,0.35404775101483865,1.0,0.3088993989058638,0.3756096378600716,0.1858619933452431,0.05322185792981449,0.1391286555938132,-0.015716617553452078,,
/home/ubuntu/cogitao-research/checkpoints/cogitao_vit_cross_attention/cogitao_c1_experiment_4_vit6_function_mlp_cross_attention/run_000/last.ckpt,35f91e02d5b826c89f6b24f52abf83581220b4b6676009c59b6715b0b2251589,dfec9cbb2afe6616194c1fb41430c0c5d2bc4208,4,val_ood,crop_contours,double_right,double_right -> crop_contours,"pair (f,g): fgx=f(g(x)); task-token order [g,f] means g -> f",55,55,55,image_block_06,42,78000,256,256,0.01,2,"{""fixed_ranks"": [1, 2, 4, 8, 16, 32], ""variance_thresholds"": [0.9, 0.95]}",recorded_ood,52,0.2077319078842441,0.254375444123544,0.14567158789142012,0.3101219411297208,1.0,0.35329903621577835,0.3656424770955695,0.21176030805973164,0.03594940928733692,0.16523779674455147,0.01039252359728618,,
/home/ubuntu/cogitao-research/checkpoints/cogitao_vit_cross_attention/cogitao_c1_experiment_4_vit6_function_mlp_cross_attention/run_000/last.ckpt,35f91e02d5b826c89f6b24f52abf83581220b4b6676009c59b6715b0b2251589,dfec9cbb2afe6616194c1fb41430c0c5d2bc4208,4,val_ood,crop_contours,double_right,double_right -> crop_contours,"pair (f,g): fgx=f(g(x)); task-token order [g,f] means g -> f",55,55,55,image_block_06,42,78000,256,256,0.01,2,"{""fixed_ranks"": [1, 2, 4, 8, 16, 32], ""variance_thresholds"": [0.9, 0.95]}",recorded_ood,81,0.32323132892313217,0.3153999094598337,0.15095465894904783,0.45561292624229555,1.0,0.28733161807282565,0.5137256491217721,0.3228289955296277,0.151448830326225,0.10134991764736419,-0.0534953554999011,,
/home/ubuntu/cogitao-research/checkpoints/cogitao_vit_cross_attention/cogitao_c1_experiment_4_vit6_function_mlp_cross_attention/run_000/last.ckpt,35f91e02d5b826c89f6b24f52abf83581220b4b6676009c59b6715b0b2251589,dfec9cbb2afe6616194c1fb41430c0c5d2bc4208,4,val_ood,crop_contours,double_right,double_right -> crop_contours,"pair (f,g): fgx=f(g(x)); task-token order [g,f] means g -> f",55,55,55,image_block_06,42,78000,256,256,0.01,2,"{""fixed_ranks"": [1, 2, 4, 8, 16, 32], ""variance_thresholds"": [0.9, 0.95]}",recorded_ood,99,0.31098317452614305,0.26935033704303796,0.13200697858452926,0.4685724563366568,1.0,0.34380871792277257,0.47345514688709217,0.23185768994678554,0.13920067592923588,0.13263300081158497,-0.022212272335680322,,
/home/ubuntu/cogitao-research/checkpoints/cogitao_vit_cross_attention/cogitao_c1_experiment_4_vit6_function_mlp_cross_attention/run_000/last.ckpt,35f91e02d5b826c89f6b24f52abf83581220b4b6676009c59b6715b0b2251589,dfec9cbb2afe6616194c1fb41430c0c5d2bc4208,4,val_ood,crop_contours,double_right,double_right -> crop_contours,"pair (f,g): fgx=f(g(x)); task-token order [g,f] means g -> f",55,55,55,image_block_06,42,78000,256,256,0.01,2,"{""fixed_ranks"": [1, 2, 4, 8, 16, 32], ""variance_thresholds"": [0.9, 0.95]}",recorded_ood,4,0.2716573262434034,0.30120398146873983,0.1224920768557709,0.38676883368900217,1.0,0.2885265688477091,0.42310737164286977,0.21992674696248032,0.09987482764649622,0.12496783434107359,-0.029877438806191703,,
/home/ubuntu/cogitao-research/checkpoints/cogitao_vit_cross_attention/cogitao_c1_experiment_4_vit6_function_mlp_cross_attention/run_000/last.ckpt,35f91e02d5b826c89f6b24f52abf83581220b4b6676009c59b6715b0b2251589,dfec9cbb2afe6616194c1fb41430c0c5d2bc4208,4,val_ood,crop_contours,double_right,double_right -> crop_contours,"pair (f,g): fgx=f(g(x)); task-token order [g,f] means g -> f",55,55,55,image_block_06,42,78000,256,256,0.01,2,"{""fixed_ranks"": [1, 2, 4, 8, 16, 32], ""variance_thresholds"": [0.9, 0.95]}",recorded_ood,94,0.2515283118324804,0.27070962158890893,0.1425311272587831,0.3652671088456395,1.0,0.2951460924412188,0.41550741546466247,0.229443985059292,0.07974581323557325,0.14221501997484592,-0.012630253172419365,,
/home/ubuntu/cogitao-research/checkpoints/cogitao_vit_cross_attention/cogitao_c1_experiment_4_vit6_function_mlp_cross_attention/run_000/last.ckpt,35f91e02d5b826c89f6b24f52abf83581220b4b6676009c59b6715b0b2251589,dfec9cbb2afe6616194c1fb41430c0c5d2bc4208,4,val_ood,crop_contours,double_right,double_right -> crop_contours,"pair (f,g): fgx=f(g(x)); task-token order [g,f] means g -> f",55,55,55,image_block_06,42,78000,256,256,0.01,2,"{""fixed_ranks"": [1, 2, 4, 8, 16, 32], ""variance_thresholds"": [0.9, 0.95]}",recorded_ood,80,0.44236850036912645,0.4236072099671868,0.1574837285870013,0.46652312246809907,1.0,0.40056121264515737,0.5196264339981586,0.286555711931466,0.27058600177221925,0.13314469376024038,-0.02170057938702491,,
/home/ubuntu/cogitao-research/checkpoints/cogitao_vit_cross_attention/cogitao_c1_experiment_4_vit6_function_mlp_cross_attention/run_000/last.ckpt,35f91e02d5b826c89f6b24f52abf83581220b4b6676009c59b6715b0b2251589,dfec9cbb2afe6616194c1fb41430c0c5d2bc4208,4,val_ood,crop_contours,double_right,double_right -> crop_contours,"pair (f,g): fgx=f(g(x)); task-token order [g,f] means g -> f",55,55,55,image_block_06,42,78000,256,256,0.01,2,"{""fixed_ranks"": [1, 2, 4, 8, 16, 32], ""variance_thresholds"": [0.9, 0.95]}",recorded_ood,7,0.20424217560293517,0.21929187104687692,0.106928647538726,0.3275365625096254,1.0,0.36029424875707505,0.4057975434969571,0.2272675964766365,0.032459677006028004,0.13832520919469402,-0.016520063952571273,,
/home/ubuntu/cogitao-research/checkpoints/cogitao_vit_cross_attention/cogitao_c1_experiment_4_vit6_function_mlp_cross_attention/run_000/last.ckpt,35f91e02d5b826c89f6b24f52abf83581220b4b6676009c59b6715b0b2251589,dfec9cbb2afe6616194c1fb41430c0c5d2bc4208,4,val_ood,crop_contours,double_right,double_right -> crop_contours,"pair (f,g): fgx=f(g(x)); task-token order [g,f] means g -> f",55,55,55,image_block_06,42,78000,256,256,0.01,2,"{""fixed_ranks"": [1, 2, 4, 8, 16, 32], ""variance_thresholds"": [0.9, 0.95]}",recorded_ood,57,0.2698578668252497,0.2583891104055185,0.22252170148443046,0.33436924327041095,1.0,0.3100401557980089,0.3025540741597672,0.21022874659212998,0.09807536822834254,0.20047682821465168,0.04563155506738639,,
/home/ubuntu/cogitao-research/checkpoints/cogitao_vit_cross_attention/cogitao_c1_experiment_4_vit6_function_mlp_cross_attention/run_000/last.ckpt,35f91e02d5b826c89f6b24f52abf83581220b4b6676009c59b6715b0b2251589,dfec9cbb2afe6616194c1fb41430c0c5d2bc4208,4,val_ood,crop_contours,double_right,double_right -> crop_contours,"pair (f,g): fgx=f(g(x)); task-token order [g,f] means g -> f",55,55,55,image_block_06,42,78000,256,256,0.01,2,"{""fixed_ranks"": [1, 2, 4, 8, 16, 32], ""variance_thresholds"": [0.9, 0.95]}",recorded_ood,79,0.22746831457983796,0.24474347068003172,0.13853110977626568,0.37165255162041466,1.0,0.33444546823411264,0.3480596620466511,0.1949002582366334,0.05568581598293079,0.16673113648084856,0.011885863333583269,,
/home/ubuntu/cogitao-research/checkpoints/cogitao_vit_cross_attention/cogitao_c1_experiment_4_vit6_function_mlp_cross_attention/run_000/last.ckpt,35f91e02d5b826c89f6b24f52abf83581220b4b6676009c59b6715b0b2251589,dfec9cbb2afe6616194c1fb41430c0c5d2bc4208,4,val_ood,crop_contours,double_right,double_right -> crop_contours,"pair (f,g): fgx=f(g(x)); task-token order [g,f] means g -> f",55,55,55,image_block_06,42,78000,256,256,0.01,2,"{""fixed_ranks"": [1, 2, 4, 8, 16, 32], ""variance_thresholds"": [0.9, 0.95]}",recorded_ood,26,0.22148499491486115,0.21588501614781863,0.1604968571017781,0.30893163342552976,1.0,0.3195054942438059,0.31893546219972974,0.1592117833892132,0.04970249631795398,0.16231916637711236,0.007473893229847067,,
/home/ubuntu/cogitao-research/checkpoints/cogitao_vit_cross_attention/cogitao_c1_experiment_4_vit6_function_mlp_cross_attention/run_000/last.ckpt,35f91e02d5b826c89f6b24f52abf83581220b4b6676009c59b6715b0b2251589,dfec9cbb2afe6616194c1fb41430c0c5d2bc4208,4,val_ood,crop_contours,double_right,double_right -> crop_contours,"pair (f,g): fgx=f(g(x)); task-token order [g,f] means g -> f",55,55,55,image_block_06,42,78000,256,256,0.01,2,"{""fixed_ranks"": [1, 2, 4, 8, 16, 32], ""variance_thresholds"": [0.9, 0.95]}",recorded_ood,78,0.29464615429752244,0.31260352237077066,0.11353184923710398,0.44143165074977253,1.0,0.3269840951826124,0.48572041246845254,0.26180709047024386,0.12286365570061528,0.16288891077347642,0.008043637626211131,,
/home/ubuntu/cogitao-research/checkpoints/cogitao_vit_cross_attention/cogitao_c1_experiment_4_vit6_function_mlp_cross_attention/run_000/last.ckpt,35f91e02d5b826c89f6b24f52abf83581220b4b6676009c59b6715b0b2251589,dfec9cbb2afe6616194c1fb41430c0c5d2bc4208,4,val_ood,crop_contours,double_right,double_right -> crop_contours,"pair (f,g): fgx=f(g(x)); task-token order [g,f] means g -> f",55,55,55,image_block_06,42,78000,256,256,0.01,2,"{""fixed_ranks"": [1, 2, 4, 8, 16, 32], ""variance_thresholds"": [0.9, 0.95]}",recorded_ood,38,0.35314830115014145,0.3414137571684749,0.13290897393143747,0.42253068574619523,1.0,0.3739092309149713,0.42234815274511894,0.21423644986589477,0.18136580255323428,0.12502133186517667,-0.029823941282088623,,
/home/ubuntu/cogitao-research/checkpoints/cogitao_vit_cross_attention/cogitao_c1_experiment_4_vit6_function_mlp_cross_attention/run_000/last.ckpt,35f91e02d5b826c89f6b24f52abf83581220b4b6676009c59b6715b0b2251589,dfec9cbb2afe6616194c1fb41430c0c5d2bc4208,4,val_ood,crop_contours,double_right,double_right -> crop_contours,"pair (f,g): fgx=f(g(x)); task-token order [g,f] means g -> f",55,55,55,image_block_06,42,78000,256,256,0.01,2,"{""fixed_ranks"": [1, 2, 4, 8, 16, 32], ""variance_thresholds"": [0.9, 0.95]}",recorded_ood,86,0.3764717614153535,0.3413591085777547,0.14707027452699825,0.41368307547295646,1.0,0.33741621292854296,0.4231817977673174,0.24607023015949236,0.20468926281844632,0.11333442316806813,-0.041510849979197156,,
/home/ubuntu/cogitao-research/checkpoints/cogitao_vit_cross_attention/cogitao_c1_experiment_4_vit6_function_mlp_cross_attention/run_000/last.ckpt,35f91e02d5b826c89f6b24f52abf83581220b4b6676009c59b6715b0b2251589,dfec9cbb2afe6616194c1fb41430c0c5d2bc4208,4,val_ood,crop_contours,double_right,double_right -> crop_contours,"pair (f,g): fgx=f(g(x)); task-token order [g,f] means g -> f",55,55,55,image_block_06,42,78000,256,256,0.01,2,"{""fixed_ranks"": [1, 2, 4, 8, 16, 32], ""variance_thresholds"": [0.9, 0.95]}",recorded_ood,45,0.3513307835886433,0.3635367331761111,0.12988271862398648,0.45882177002670643,1.0,0.2844122730202698,0.45756123566968204,0.25447611791113195,0.1795482849917361,0.14340877422095374,-0.011436498926311545,,
/home/ubuntu/cogitao-research/checkpoints/cogitao_vit_cross_attention/cogitao_c1_experiment_4_vit6_function_mlp_cross_attention/run_000/last.ckpt,35f91e02d5b826c89f6b24f52abf83581220b4b6676009c59b6715b0b2251589,dfec9cbb2afe6616194c1fb41430c0c5d2bc4208,4,val_ood,crop_contours,double_right,double_right -> crop_contours,"pair (f,g): fgx=f(g(x)); task-token order [g,f] means g -> f",55,55,55,image_block_06,42,78000,256,256,0.01,2,"{""fixed_ranks"": [1, 2, 4, 8, 16, 32], ""variance_thresholds"": [0.9, 0.95]}",recorded_ood,17,0.32483444456423205,0.3199297510854074,0.17010647425329994,0.35499301182393456,1.0,0.3306561041251857,0.44307401329009644,0.207030395892481,0.15305194596732488,0.11231220462072095,-0.04253306852654434,,
/home/ubuntu/cogitao-research/checkpoints/cogitao_vit_cross_attention/cogitao_c1_experiment_4_vit6_function_mlp_cross_attention/run_000/last.ckpt,35f91e02d5b826c89f6b24f52abf83581220b4b6676009c59b6715b0b2251589,dfec9cbb2afe6616194c1fb41430c0c5d2bc4208,4,val_ood,crop_contours,double_right,double_right -> crop_contours,"pair (f,g): fgx=f(g(x)); task-token order [g,f] means g -> f",55,55,55,image_block_06,42,78000,256,256,0.01,2,"{""fixed_ranks"": [1, 2, 4, 8, 16, 32], ""variance_thresholds"": [0.9, 0.95]}",recorded_ood,91,0.2863190572675042,0.28251535742470374,0.1315665375998402,0.3654691260606802,1.0,0.2723357742077546,0.39489794084697905,0.21306665029647495,0.114536558670597,0.14671545329354546,-0.008129819853719827,,
/home/ubuntu/cogitao-research/checkpoints/cogitao_vit_cross_attention/cogitao_c1_experiment_4_vit6_function_mlp_cross_attention/run_000/last.ckpt,35f91e02d5b826c89f6b24f52abf83581220b4b6676009c59b6715b0b2251589,dfec9cbb2afe6616194c1fb41430c0c5d2bc4208,4,val_ood,crop_contours,double_right,double_right -> crop_contours,"pair (f,g): fgx=f(g(x)); task-token order [g,f] means g -> f",55,55,55,image_block_06,42,78000,256,256,0.01,2,"{""fixed_ranks"": [1, 2, 4, 8, 16, 32], ""variance_thresholds"": [0.9, 0.95]}",recorded_ood,40,0.28313800904066205,0.2853515981454306,0.17481272005187398,0.4098566298634926,1.0,0.3240440881206534,0.49860768364455627,0.29015217068965676,0.11135551044375488,0.1781261399989152,0.0232808668516499,,
/home/ubuntu/cogitao-research/checkpoints/cogitao_vit_cross_attention/cogitao_c1_experiment_4_vit6_function_mlp_cross_attention/run_000/last.ckpt,35f91e02d5b826c89f6b24f52abf83581220b4b6676009c59b6715b0b2251589,dfec9cbb2afe6616194c1fb41430c0c5d2bc4208,4,val_ood,crop_contours,double_right,double_right -> crop_contours,"pair (f,g): fgx=f(g(x)); task-token order [g,f] means g -> f",55,55,55,image_block_06,42,78000,256,256,0.01,2,"{""fixed_ranks"": [1, 2, 4, 8, 16, 32], ""variance_thresholds"": [0.9, 0.95]}",recorded_ood,68,0.2716960572967657,0.27184408272703664,0.14727973079199128,0.422342364536156,1.0,0.34693872189375674,0.44450575134446685,0.20856564184020823,0.09991355869985855,0.09762013814370524,-0.05722513500356005,,
/home/ubuntu/cogitao-research/checkpoints/cogitao_vit_cross_attention/cogitao_c1_experiment_4_vit6_function_mlp_cross_attention/run_000/last.ckpt,35f91e02d5b826c89f6b24f52abf83581220b4b6676009c59b6715b0b2251589,dfec9cbb2afe6616194c1fb41430c0c5d2bc4208,4,val_ood,crop_contours,double_right,double_right -> crop_contours,"pair (f,g): fgx=f(g(x)); task-token order [g,f] means g -> f",55,55,55,image_block_06,42,78000,256,256,0.01,2,"{""fixed_ranks"": [1, 2, 4, 8, 16, 32], ""variance_thresholds"": [0.9, 0.95]}",recorded_ood,1,0.3329677977592897,0.34736372212189476,0.13653158989921726,0.44315015156420584,1.0,0.3175000668634421,0.5023398070533548,0.2657491605461601,0.16118529916238253,0.10867735453109244,-0.04616791861617285,,
/home/ubuntu/cogitao-research/checkpoints/cogitao_vit_cross_attention/cogitao_c1_experiment_4_vit6_function_mlp_cross_attention/run_000/last.ckpt,35f91e02d5b826c89f6b24f52abf83581220b4b6676009c59b6715b0b2251589,dfec9cbb2afe6616194c1fb41430c0c5d2bc4208,4,val_ood,crop_contours,double_right,double_right -> crop_contours,"pair (f,g): fgx=f(g(x)); task-token order [g,f] means g -> f",55,55,55,image_block_06,42,78000,256,256,0.01,2,"{""fixed_ranks"": [1, 2, 4, 8, 16, 32], ""variance_thresholds"": [0.9, 0.95]}",recorded_ood,95,0.2716209753397194,0.2774428636032105,0.13938625824759002,0.34554381491896663,1.0,0.2947229937588534,0.362544938643873,0.1890477226330876,0.09983847674281224,0.1831047024244352,0.0282594292771699,0.2545623798097356,
/home/ubuntu/cogitao-research/checkpoints/cogitao_vit_cross_attention/cogitao_c1_experiment_4_vit6_function_mlp_cross_attention/run_000/last.ckpt,35f91e02d5b826c89f6b24f52abf83581220b4b6676009c59b6715b0b2251589,dfec9cbb2afe6616194c1fb41430c0c5d2bc4208,4,val_ood,crop_contours,double_right,double_right -> crop_contours,"pair (f,g): fgx=f(g(x)); task-token order [g,f] means g -> f",55,55,55,image_block_06,42,78000,256,256,0.01,2,"{""fixed_ranks"": [1, 2, 4, 8, 16, 32], ""variance_thresholds"": [0.9, 0.95]}",recorded_ood,63,0.22802958354992162,0.21839022995276272,0.12151520473713692,0.3422092234933521,1.0,0.2992510036481543,0.40344508262960366,0.19652623156049326,0.05624708495301445,0.14715954243224233,-0.007685730715022959,0.21902526427916658,
/home/ubuntu/cogitao-research/checkpoints/cogitao_vit_cross_attention/cogitao_c1_experiment_4_vit6_function_mlp_cross_attention/run_000/last.ckpt,35f91e02d5b826c89f6b24f52abf83581220b4b6676009c59b6715b0b2251589,dfec9cbb2afe6616194c1fb41430c0c5d2bc4208,4,val_ood,crop_contours,double_right,double_right -> crop_contours,"pair (f,g): fgx=f(g(x)); task-token order [g,f] means g -> f",55,55,55,image_block_06,42,78000,256,256,0.01,2,"{""fixed_ranks"": [1, 2, 4, 8, 16, 32], ""variance_thresholds"": [0.9, 0.95]}",recorded_ood,3,0.27840901531092943,0.2947110139540035,0.13126489933872956,0.42178425645388645,1.0,0.30309418136047533,0.44611935153431653,0.2833816799850419,0.10662651671402226,0.12193562629634512,-0.03290964685092017,0.19838356329419327,
/home/ubuntu/cogitao-research/checkpoints/cogitao_vit_cross_attention/cogitao_c1_experiment_4_vit6_function_mlp_cross_attention/run_000/last.ckpt,35f91e02d5b826c89f6b24f52abf83581220b4b6676009c59b6715b0b2251589,dfec9cbb2afe6616194c1fb41430c0c5d2bc4208,4,val_ood,crop_contours,double_right,double_right -> crop_contours,"pair (f,g): fgx=f(g(x)); task-token order [g,f] means g -> f",55,55,55,image_block_06,42,78000,256,256,0.01,2,"{""fixed_ranks"": [1, 2, 4, 8, 16, 32], ""variance_thresholds"": [0.9, 0.95]}",recorded_ood,83,0.3372393619788018,0.3275966428566544,0.20145710346533946,0.49192213970260906,1.0,0.33405737453943973,0.5111936620313956,0.32625660475478513,0.1654568633818946,0.13298099571862157,-0.02186427742864372,0.3108136087457103,
/home/ubuntu/cogitao-research/checkpoints/cogitao_vit_cross_attention/cogitao_c1_experiment_4_vit6_function_mlp_cross_attention/run_000/last.ckpt,35f91e02d5b826c89f6b24f52abf83581220b4b6676009c59b6715b0b2251589,dfec9cbb2afe6616194c1fb41430c0c5d2bc4208,4,val_ood,crop_contours,double_right,double_right -> crop_contours,"pair (f,g): fgx=f(g(x)); task-token order [g,f] means g -> f",55,55,55,image_block_06,42,78000,256,256,0.01,2,"{""fixed_ranks"": [1, 2, 4, 8, 16, 32], ""variance_thresholds"": [0.9, 0.95]}",recorded_ood,93,0.3444083312993784,0.33827581479020197,0.16117141559104303,0.45664876718911135,1.0,0.32769745518693577,0.5475553151079151,0.23414488007740417,0.17262583270247125,0.14493739825751217,-0.009907874889753115,0.25139150181950054,
/home/ubuntu/cogitao-research/checkpoints/cogitao_vit_cross_attention/cogitao_c1_experiment_4_vit6_function_mlp_cross_attention/run_000/last.ckpt,35f91e02d5b826c89f6b24f52abf83581220b4b6676009c59b6715b0b2251589,dfec9cbb2afe6616194c1fb41430c0c5d2bc4208,4,val_ood,crop_contours,double_right,double_right -> crop_contours,"pair (f,g): fgx=f(g(x)); task-token order [g,f] means g -> f",55,55,55,image_block_06,42,78000,256,256,0.01,2,"{""fixed_ranks"": [1, 2, 4, 8, 16, 32], ""variance_thresholds"": [0.9, 0.95]}",recorded_ood,87,0.33706388249448904,0.330595478920857,0.13674777302690463,0.41487416030968793,1.0,0.2996862271238951,0.4515418040518435,0.31263593297282327,0.16528138389758187,0.10404225787255553,-0.05080301527470976,0.24663754481232247,
/home/ubuntu/cogitao-research/checkpoints/cogitao_vit_cross_attention/cogitao_c1_experiment_4_vit6_function_mlp_cross_attention/run_000/last.ckpt,35f91e02d5b826c89f6b24f52abf83581220b4b6676009c59b6715b0b2251589,dfec9cbb2afe6616194c1fb41430c0c5d2bc4208,4,val_ood,crop_contours,double_right,double_right -> crop_contours,"pair (f,g): fgx=f(g(x)); task-token order [g,f] means g -> f",55,55,55,image_block_06,42,78000,256,256,0.01,2,"{""fixed_ranks"": [1, 2, 4, 8, 16, 32], ""variance_thresholds"": [0.9, 0.95]}",recorded_ood,73,0.27395130224338765,0.26796189904277457,0.10804311202468486,0.42530372099282704,1.0,0.2891045140450444,0.4325013255944719,0.2323038402625471,0.10216880364648048,0.15786010785174037,0.0030148347044750834,0.20695064793245666,
/home/ubuntu/cogitao-research/checkpoints/cogitao_vit_cross_attention/cogitao_c1_experiment_4_vit6_function_mlp_cross_attention/run_000/last.ckpt,35f91e02d5b826c89f6b24f52abf83581220b4b6676009c59b6715b0b2251589,dfec9cbb2afe6616194c1fb41430c0c5d2bc4208,4,val_ood,crop_contours,double_right,double_right -> crop_contours,"pair (f,g): fgx=f(g(x)); task-token order [g,f] means g -> f",55,55,55,image_block_06,42,78000,256,256,0.01,2,"{""fixed_ranks"": [1, 2, 4, 8, 16, 32], ""variance_thresholds"": [0.9, 0.95]}",recorded_ood,75,0.2897015664776506,0.274794291269759,0.12331552680936775,0.42565312991871257,1.0,0.33163387347420303,0.46259001007139566,0.2246265266205156,0.11791906788074344,0.13957095800981667,-0.015274315137448619,0.24940527338106125,
/home/ubuntu/cogitao-research/checkpoints/cogitao_vit_cross_attention/cogitao_c1_experiment_4_vit6_function_mlp_cross_attention/run_000/last.ckpt,35f91e02d5b826c89f6b24f52abf83581220b4b6676009c59b6715b0b2251589,dfec9cbb2afe6616194c1fb41430c0c5d2bc4208,4,val_ood,crop_contours,double_right,double_right -> crop_contours,"pair (f,g): fgx=f(g(x)); task-token order [g,f] means g -> f",55,55,55,image_block_06,42,78000,256,256,0.01,2,"{""fixed_ranks"": [1, 2, 4, 8, 16, 32], ""variance_thresholds"": [0.9, 0.95]}",recorded_ood,23,0.2640811913616969,0.30130981956838154,0.13054129305456133,0.36089843258249976,1.0,0.29439245991747326,0.3842611417848165,0.2051658325493391,0.09229869276478972,0.10916547882520909,-0.0456797943220562,0.18160102483536317,
/home/ubuntu/cogitao-research/checkpoints/cogitao_vit_cross_attention/cogitao_c1_experiment_4_vit6_function_mlp_cross_attention/run_000/last.ckpt,35f91e02d5b826c89f6b24f52abf83581220b4b6676009c59b6715b0b2251589,dfec9cbb2afe6616194c1fb41430c0c5d2bc4208,4,val_ood,crop_contours,double_right,double_right -> crop_contours,"pair (f,g): fgx=f(g(x)); task-token order [g,f] means g -> f",55,55,55,image_block_06,42,78000,256,256,0.01,2,"{""fixed_ranks"": [1, 2, 4, 8, 16, 32], ""variance_thresholds"": [0.9, 0.95]}",recorded_ood,15,0.2301943316869616,0.21037827676000165,0.15127877017037122,0.3194668775053273,1.0,0.2639038398092938,0.36258343468568155,0.21633442407568257,0.05841183309005443,0.1277772845082198,-0.027067988639045498,0.20436533698169504,
/home/ubuntu/cogitao-research/checkpoints/cogitao_vit_cross_attention/cogitao_c1_experiment_4_vit6_function_mlp_cross_attention/run_000/last.ckpt,35f91e02d5b826c89f6b24f52abf83581220b4b6676009c59b6715b0b2251589,dfec9cbb2afe6616194c1fb41430c0c5d2bc4208,4,val_ood,crop_contours,double_right,double_right -> crop_contours,"pair (f,g): fgx=f(g(x)); task-token order [g,f] means g -> f",55,55,55,image_block_06,42,78000,256,256,0.01,2,"{""fixed_ranks"": [1, 2, 4, 8, 16, 32], ""variance_thresholds"": [0.9, 0.95]}",recorded_ood,9,0.3676931207527811,0.343399332890253,0.14455217145746355,0.48765267096270065,1.0,0.32386780525714887,0.5048597296338809,0.20741774406596633,0.19591062215587393,0.10927985256792255,-0.045565420579342736,0.25897183455820266,
/home/ubuntu/cogitao-research/checkpoints/cogitao_vit_cross_attention/cogitao_c1_experiment_4_vit6_function_mlp_cross_attention/run_000/last.ckpt,35f91e02d5b826c89f6b24f52abf83581220b4b6676009c59b6715b0b2251589,dfec9cbb2afe6616194c1fb41430c0c5d2bc4208,4,val_ood,crop_contours,double_right,double_right -> crop_contours,"pair (f,g): fgx=f(g(x)); task-token order [g,f] means g -> f",55,55,55,image_block_06,42,78000,256,256,0.01,2,"{""fixed_ranks"": [1, 2, 4, 8, 16, 32], ""variance_thresholds"": [0.9, 0.95]}",recorded_ood,31,0.30654794902195576,0.30255508654686275,0.20176898002650442,0.4295684454872844,1.0,0.4141162497399337,0.42503027107053115,0.23344639161008976,0.1347654504250486,0.13320871577167642,-0.021636557375588866,0.2425322450565599,
/home/ubuntu/cogitao-research/checkpoints/cogitao_vit_cross_attention/cogitao_c1_experiment_4_vit6_function_mlp_cross_attention/run_000/last.ckpt,35f91e02d5b826c89f6b24f52abf83581220b4b6676009c59b6715b0b2251589,dfec9cbb2afe6616194c1fb41430c0c5d2bc4208,4,val_ood,crop_contours,double_right,double_right -> crop_contours,"pair (f,g): fgx=f(g(x)); task-token order [g,f] means g -> f",55,55,55,image_block_06,42,78000,256,256,0.01,2,"{""fixed_ranks"": [1, 2, 4, 8, 16, 32], ""variance_thresholds"": [0.9, 0.95]}",recorded_ood,72,0.24810272446769555,0.2686950671718271,0.1723345736779186,0.42365318384468753,1.0,0.3267279057007418,0.4036875833012203,0.21912165436683484,0.07632022587078838,0.11540073319431422,-0.039444539952951066,0.2379407033506099,
/home/ubuntu/cogitao-research/checkpoints/cogitao_vit_cross_attention/cogitao_c1_experiment_4_vit6_function_mlp_cross_attention/run_000/last.ckpt,35f91e02d5b826c89f6b24f52abf83581220b4b6676009c59b6715b0b2251589,dfec9cbb2afe6616194c1fb41430c0c5d2bc4208,4,val_ood,crop_contours,double_right,double_right -> crop_contours,"pair (f,g): fgx=f(g(x)); task-token order [g,f] means g -> f",55,55,55,image_block_06,42,78000,256,256,0.01,2,"{""fixed_ranks"": [1, 2, 4, 8, 16, 32], ""variance_thresholds"": [0.9, 0.95]}",recorded_ood,67,0.2898498557394117,0.2613880896202513,0.14690770422997732,0.42842837457018534,1.0,0.29341045808367383,0.43540875531285994,0.29082042794415125,0.11806735714250452,0.15068585549572244,-0.004159417651542846,0.2773724619620104,
/home/ubuntu/cogitao-research/checkpoints/cogitao_vit_cross_attention/cogitao_c1_experiment_4_vit6_function_mlp_cross_attention/run_000/last.ckpt,35f91e02d5b826c89f6b24f52abf83581220b4b6676009c59b6715b0b2251589,dfec9cbb2afe6616194c1fb41430c0c5d2bc4208,4,val_ood,crop_contours,double_right,double_right -> crop_contours,"pair (f,g): fgx=f(g(x)); task-token order [g,f] means g -> f",55,55,55,image_block_06,42,78000,256,256,0.01,2,"{""fixed_ranks"": [1, 2, 4, 8, 16, 32], ""variance_thresholds"": [0.9, 0.95]}",recorded_ood,34,0.24420863823865155,0.27478967937524656,0.18318592699287356,0.36225712832356277,1.0,0.31589395112886504,0.3658095292973552,0.2387949307562614,0.07242613964174438,0.1754823160574319,0.020637042910166603,0.25063282509717877,
/home/ubuntu/cogitao-research/checkpoints/cogitao_vit_cross_attention/cogitao_c1_experiment_4_vit6_function_mlp_cross_attention/run_000/last.ckpt,35f91e02d5b826c89f6b24f52abf83581220b4b6676009c59b6715b0b2251589,dfec9cbb2afe6616194c1fb41430c0c5d2bc4208,4,val_ood,crop_contours,double_right,double_right -> crop_contours,"pair (f,g): fgx=f(g(x)); task-token order [g,f] means g -> f",55,55,55,image_block_06,42,78000,256,256,0.01,2,"{""fixed_ranks"": [1, 2, 4, 8, 16, 32], ""variance_thresholds"": [0.9, 0.95]}",recorded_ood,30,0.3202443022788331,0.3435102841246197,0.1548047482025536,0.43246965799876397,1.0,0.22855164569545755,0.5518062078699754,0.3818582845322368,0.14846180368192594,0.13126286451133307,-0.023582408635932223,0.227186673326716,
/home/ubuntu/cogitao-research/checkpoints/cogitao_vit_cross_attention/cogitao_c1_experiment_4_vit6_function_mlp_cross_attention/run_000/last.ckpt,35f91e02d5b826c89f6b24f52abf83581220b4b6676009c59b6715b0b2251589,dfec9cbb2afe6616194c1fb41430c0c5d2bc4208,4,val_ood,crop_contours,double_right,double_right -> crop_contours,"pair (f,g): fgx=f(g(x)); task-token order [g,f] means g -> f",55,55,55,image_block_06,42,78000,256,256,0.01,2,"{""fixed_ranks"": [1, 2, 4, 8, 16, 32], ""variance_thresholds"": [0.9, 0.95]}",recorded_ood,74,0.2255004929546307,0.24593829163176806,0.1098493360858584,0.3201811927196105,1.0,0.3120123124470801,0.38398003876061026,0.19596854858203883,0.053717994357723536,0.15823185875768514,0.003386585610419851,0.23679673265365403,
/home/ubuntu/cogitao-research/checkpoints/cogitao_vit_cross_attention/cogitao_c1_experiment_4_vit6_function_mlp_cross_attention/run_000/last.ckpt,35f91e02d5b826c89f6b24f52abf83581220b4b6676009c59b6715b0b2251589,dfec9cbb2afe6616194c1fb41430c0c5d2bc4208,4,val_ood,crop_contours,double_right,double_right -> crop_contours,"pair (f,g): fgx=f(g(x)); task-token order [g,f] means g -> f",55,55,55,image_block_06,42,78000,256,256,0.01,2,"{""fixed_ranks"": [1, 2, 4, 8, 16, 32], ""variance_thresholds"": [0.9, 0.95]}",recorded_ood,88,0.3072292708609851,0.24134801701877046,0.11879731184613045,0.3606965586348036,1.0,0.3070626914024495,0.389237565893923,0.19448643060118262,0.13544677226407795,0.1427430941398505,-0.012102179007414782,0.23716345701744143,
/home/ubuntu/cogitao-research/checkpoints/cogitao_vit_cross_attention/cogitao_c1_experiment_4_vit6_function_mlp_cross_attention/run_000/last.ckpt,35f91e02d5b826c89f6b24f52abf83581220b4b6676009c59b6715b0b2251589,dfec9cbb2afe6616194c1fb41430c0c5d2bc4208,4,val_ood,crop_contours,double_right,double_right -> crop_contours,"pair (f,g): fgx=f(g(x)); task-token order [g,f] means g -> f",55,55,55,image_block_06,42,78000,256,256,0.01,2,"{""fixed_ranks"": [1, 2, 4, 8, 16, 32], ""variance_thresholds"": [0.9, 0.95]}",recorded_ood,98,0.3960153985143493,0.35701092373962307,0.1695979201125118,0.4854695301510772,1.0,0.3409466254271552,0.5105872311380674,0.27500389473284054,0.22423289991744214,0.13098171485827195,-0.023863558288993336,0.21952213061604103,
/home/ubuntu/cogitao-research/checkpoints/cogitao_vit_cross_attention/cogitao_c1_experiment_4_vit6_function_mlp_cross_attention/run_000/last.ckpt,35f91e02d5b826c89f6b24f52abf83581220b4b6676009c59b6715b0b2251589,dfec9cbb2afe6616194c1fb41430c0c5d2bc4208,4,val_ood,crop_contours,double_right,double_right -> crop_contours,"pair (f,g): fgx=f(g(x)); task-token order [g,f] means g -> f",55,55,55,image_block_06,42,78000,256,256,0.01,2,"{""fixed_ranks"": [1, 2, 4, 8, 16, 32], ""variance_thresholds"": [0.9, 0.95]}",recorded_ood,49,0.3143483966408874,0.31926858637131844,0.16782441081140156,0.4316466223470164,1.0,0.35166766564008006,0.43713433609836805,0.23095454660771672,0.1425658980439802,0.11812685470246834,-0.03671841844479695,0.259277117091341,
/home/ubuntu/cogitao-research/checkpoints/cogitao_vit_cross_attention/cogitao_c1_experiment_4_vit6_function_mlp_cross_attention/run_000/last.ckpt,35f91e02d5b826c89f6b24f52abf83581220b4b6676009c59b6715b0b2251589,dfec9cbb2afe6616194c1fb41430c0c5d2bc4208,4,val_ood,crop_contours,double_right,double_right -> crop_contours,"pair (f,g): fgx=f(g(x)); task-token order [g,f] means g -> f",55,55,55,image_block_06,42,78000,256,256,0.01,2,"{""fixed_ranks"": [1, 2, 4, 8, 16, 32], ""variance_thresholds"": [0.9, 0.95]}",recorded_ood,11,0.3108228450888124,0.30218721149652245,0.18395021729863642,0.4228540389788205,1.0,0.28482395253495835,0.41793346786685076,0.2072932001593626,0.13904034649190525,0.11120400847211054,-0.04364126467515475,0.2616804197493088,
/home/ubuntu/cogitao-research/checkpoints/cogitao_vit_cross_attention/cogitao_c1_experiment_4_vit6_function_mlp_cross_attention/run_000/last.ckpt,35f91e02d5b826c89f6b24f52abf83581220b4b6676009c59b6715b0b2251589,dfec9cbb2afe6616194c1fb41430c0c5d2bc4208,4,val_ood,crop_contours,double_right,double_right -> crop_contours,"pair (f,g): fgx=f(g(x)); task-token order [g,f] means g -> f",55,55,55,image_block_06,42,78000,256,256,0.01,2,"{""fixed_ranks"": [1, 2, 4, 8, 16, 32], ""variance_thresholds"": [0.9, 0.95]}",recorded_ood,85,0.3197630052868908,0.29159633548716524,0.13772542170846835,0.36240204300366763,1.0,0.31541048571811586,0.4203580020195924,0.23369959315865987,0.1479805066899836,0.15230353369244343,-0.002541739454821862,0.20919700720467407,
/home/ubuntu/cogitao-research/checkpoints/cogitao_vit_cross_attention/cogitao_c1_experiment_4_vit6_function_mlp_cross_attention/run_000/last.ckpt,35f91e02d5b826c89f6b24f52abf83581220b4b6676009c59b6715b0b2251589,dfec9cbb2afe6616194c1fb41430c0c5d2bc4208,4,val_ood,crop_contours,double_right,double_right -> crop_contours,"pair (f,g): fgx=f(g(x)); task-token order [g,f] means g -> f",55,55,55,image_block_06,42,78000,256,256,0.01,2,"{""fixed_ranks"": [1, 2, 4, 8, 16, 32], ""variance_thresholds"": [0.9, 0.95]}",recorded_ood,41,0.3891111228001832,0.35516286201458735,0.13698847590409385,0.45236934858600014,1.0,0.4149697558293839,0.4397166107737257,0.2676029862893494,0.217328624203276,0.10857687366184493,-0.04626839948542036,0.2166668358176334,
/home/ubuntu/cogitao-research/checkpoints/cogitao_vit_cross_attention/cogitao_c1_experiment_4_vit6_function_mlp_cross_attention/run_000/last.ckpt,35f91e02d5b826c89f6b24f52abf83581220b4b6676009c59b6715b0b2251589,dfec9cbb2afe6616194c1fb41430c0c5d2bc4208,4,val_ood,crop_contours,double_right,double_right -> crop_contours,"pair (f,g): fgx=f(g(x)); task-token order [g,f] means g -> f",55,55,55,image_block_06,42,78000,256,256,0.01,2,"{""fixed_ranks"": [1, 2, 4, 8, 16, 32], ""variance_thresholds"": [0.9, 0.95]}",recorded_ood,35,0.3560131105230588,0.338948999633371,0.12904952668017786,0.4210334409910387,1.0,0.3156708282211136,0.47812016332440577,0.2475031884424724,0.18423061192615162,0.10107404953352442,-0.05377122361374087,0.23208269910180068,
/home/ubuntu/cogitao-research/checkpoints/cogitao_vit_cross_attention/cogitao_c1_experiment_4_vit6_function_mlp_cross_attention/run_000/last.ckpt,35f91e02d5b826c89f6b24f52abf83581220b4b6676009c59b6715b0b2251589,dfec9cbb2afe6616194c1fb41430c0c5d2bc4208,4,val_ood,crop_contours,double_right,double_right -> crop_contours,"pair (f,g): fgx=f(g(x)); task-token order [g,f] means g -> f",55,55,55,image_block_06,42,78000,256,256,0.01,2,"{""fixed_ranks"": [1, 2, 4, 8, 16, 32], ""variance_thresholds"": [0.9, 0.95]}",recorded_ood,64,0.2536046133838926,0.2599759860628198,0.14307478248462363,0.3166522857313976,1.0,0.3092603129502737,0.36255932268707874,0.18123440312799122,0.08182211478698545,0.14140099785665616,-0.013444275290609126,0.20068577323181386,
/home/ubuntu/cogitao-research/checkpoints/cogitao_vit_cross_attention/cogitao_c1_experiment_4_vit6_function_mlp_cross_attention/run_000/last.ckpt,35f91e02d5b826c89f6b24f52abf83581220b4b6676009c59b6715b0b2251589,dfec9cbb2afe6616194c1fb41430c0c5d2bc4208,4,val_ood,crop_contours,double_right,double_right -> crop_contours,"pair (f,g): fgx=f(g(x)); task-token order [g,f] means g -> f",55,55,55,image_block_06,42,78000,256,256,0.01,2,"{""fixed_ranks"": [1, 2, 4, 8, 16, 32], ""variance_thresholds"": [0.9, 0.95]}",recorded_ood,36,0.3105042068246666,0.31018042929849626,0.1392239477203453,0.48394266649784906,1.0,0.2813499141841952,0.5619856462805382,0.2668030508663726,0.13872170822775945,0.14103395128663831,-0.013811321860626974,0.1805260281101466,
/home/ubuntu/cogitao-research/checkpoints/cogitao_vit_cross_attention/cogitao_c1_experiment_4_vit6_function_mlp_cross_attention/run_000/last.ckpt,35f91e02d5b826c89f6b24f52abf83581220b4b6676009c59b6715b0b2251589,dfec9cbb2afe6616194c1fb41430c0c5d2bc4208,4,val_ood,crop_contours,double_right,double_right -> crop_contours,"pair (f,g): fgx=f(g(x)); task-token order [g,f] means g -> f",55,55,55,image_block_06,42,78000,256,256,0.01,2,"{""fixed_ranks"": [1, 2, 4, 8, 16, 32], ""variance_thresholds"": [0.9, 0.95]}",recorded_ood,65,0.3815772521664457,0.3537911319546767,0.19299315451888746,0.5167380256874441,1.0,0.35071701894824764,0.507918340678146,0.342359149941312,0.20979475356953856,0.1386959046372374,-0.01614936851002788,0.31015647646236333,
/home/ubuntu/cogitao-research/checkpoints/cogitao_vit_cross_attention/cogitao_c1_experiment_4_vit6_function_mlp_cross_attention/run_000/last.ckpt,35f91e02d5b826c89f6b24f52abf83581220b4b6676009c59b6715b0b2251589,dfec9cbb2afe6616194c1fb41430c0c5d2bc4208,4,val_ood,crop_contours,double_right,double_right -> crop_contours,"pair (f,g): fgx=f(g(x)); task-token order [g,f] means g -> f",55,55,55,image_block_06,42,78000,256,256,0.01,2,"{""fixed_ranks"": [1, 2, 4, 8, 16, 32], ""variance_thresholds"": [0.9, 0.95]}",recorded_ood,77,0.252697488720493,0.23568857784418235,0.13454856696129727,0.3530331053591897,1.0,0.32897694922708803,0.35397185561224176,0.20111513964725442,0.08091499012358586,0.12621280231715437,-0.028632470830110918,0.15975944880302853,
/home/ubuntu/cogitao-research/checkpoints/cogitao_vit_cross_attention/cogitao_c1_experiment_4_vit6_function_mlp_cross_attention/run_000/last.ckpt,35f91e02d5b826c89f6b24f52abf83581220b4b6676009c59b6715b0b2251589,dfec9cbb2afe6616194c1fb41430c0c5d2bc4208,4,val_ood,crop_contours,double_right,double_right -> crop_contours,"pair (f,g): fgx=f(g(x)); task-token order [g,f] means g -> f",55,55,55,image_final_norm,42,78000,256,256,0.01,2,"{""fixed_ranks"": [1, 2, 4, 8, 16, 32], ""variance_thresholds"": [0.9, 0.95]}",recorded_ood,59,0.2657193810171351,0.2470625581974462,0.15318119523161902,0.35547663492717263,1.0,0.3279977396790563,0.4084492932915675,0.2381639426463729,0.09701759698841692,0.15067088961369945,-0.004961155862738598,,
/home/ubuntu/cogitao-research/checkpoints/cogitao_vit_cross_attention/cogitao_c1_experiment_4_vit6_function_mlp_cross_attention/run_000/last.ckpt,35f91e02d5b826c89f6b24f52abf83581220b4b6676009c59b6715b0b2251589,dfec9cbb2afe6616194c1fb41430c0c5d2bc4208,4,val_ood,crop_contours,double_right,double_right -> crop_contours,"pair (f,g): fgx=f(g(x)); task-token order [g,f] means g -> f",55,55,55,image_final_norm,42,78000,256,256,0.01,2,"{""fixed_ranks"": [1, 2, 4, 8, 16, 32], ""variance_thresholds"": [0.9, 0.95]}",recorded_ood,21,0.25381892589554117,0.24127648088617268,0.17613075135571407,0.3535349158914596,1.0,0.33275381033065055,0.32237872728444794,0.21107409183648573,0.08511714186682298,0.1745088262015426,0.01887678072510454,,
/home/ubuntu/cogitao-research/checkpoints/cogitao_vit_cross_attention/cogitao_c1_experiment_4_vit6_function_mlp_cross_attention/run_000/last.ckpt,35f91e02d5b826c89f6b24f52abf83581220b4b6676009c59b6715b0b2251589,dfec9cbb2afe6616194c1fb41430c0c5d2bc4208,4,val_ood,crop_contours,double_right,double_right -> crop_contours,"pair (f,g): fgx=f(g(x)); task-token order [g,f] means g -> f",55,55,55,image_final_norm,42,78000,256,256,0.01,2,"{""fixed_ranks"": [1, 2, 4, 8, 16, 32], ""variance_thresholds"": [0.9, 0.95]}",recorded_ood,56,0.4014212789312084,0.3900741353144258,0.14487071834061999,0.4663423885537435,1.0,0.37036910535212175,0.5121844683518475,0.2591289898899376,0.2327194949024902,0.16235234763846848,0.006720302162030428,,
/home/ubuntu/cogitao-research/checkpoints/cogitao_vit_cross_attention/cogitao_c1_experiment_4_vit6_function_mlp_cross_attention/run_000/last.ckpt,35f91e02d5b826c89f6b24f52abf83581220b4b6676009c59b6715b0b2251589,dfec9cbb2afe6616194c1fb41430c0c5d2bc4208,4,val_ood,crop_contours,double_right,double_right -> crop_contours,"pair (f,g): fgx=f(g(x)); task-token order [g,f] means g -> f",55,55,55,image_final_norm,42,78000,256,256,0.01,2,"{""fixed_ranks"": [1, 2, 4, 8, 16, 32], ""variance_thresholds"": [0.9, 0.95]}",recorded_ood,42,0.37710749482207484,0.3859285057135392,0.16567894994348953,0.371792002330134,1.0,0.49330671621845434,0.35109239855342517,0.22642523012205026,0.20840571079335665,0.1659931138097086,0.010361068333270551,,
/home/ubuntu/cogitao-research/checkpoints/cogitao_vit_cross_attention/cogitao_c1_experiment_4_vit6_function_mlp_cross_attention/run_000/last.ckpt,35f91e02d5b826c89f6b24f52abf83581220b4b6676009c59b6715b0b2251589,dfec9cbb2afe6616194c1fb41430c0c5d2bc4208,4,val_ood,crop_contours,double_right,double_right -> crop_contours,"pair (f,g): fgx=f(g(x)); task-token order [g,f] means g -> f",55,55,55,image_final_norm,42,78000,256,256,0.01,2,"{""fixed_ranks"": [1, 2, 4, 8, 16, 32], ""variance_thresholds"": [0.9, 0.95]}",recorded_ood,27,0.285021912920116,0.33884216369574827,0.14567123922129757,0.45888335222828164,1.0,0.30517133711353683,0.5029040862419271,0.25035126039794864,0.11632012889139784,0.11134642176317819,-0.044285623713259864,,
/home/ubuntu/cogitao-research/checkpoints/cogitao_vit_cross_attention/cogitao_c1_experiment_4_vit6_function_mlp_cross_attention/run_000/last.ckpt,35f91e02d5b826c89f6b24f52abf83581220b4b6676009c59b6715b0b2251589,dfec9cbb2afe6616194c1fb41430c0c5d2bc4208,4,val_ood,crop_contours,double_right,double_right -> crop_contours,"pair (f,g): fgx=f(g(x)); task-token order [g,f] means g -> f",55,55,55,image_final_norm,42,78000,256,256,0.01,2,"{""fixed_ranks"": [1, 2, 4, 8, 16, 32], ""variance_thresholds"": [0.9, 0.95]}",recorded_ood,92,0.25314876276161286,0.2492327430426345,0.2281521683889293,0.3506877232182631,1.0,0.37253189103359297,0.32675275342521504,0.21198007831248858,0.08444697873289467,0.1834504948004221,0.027818449323984057,,
/home/ubuntu/cogitao-research/checkpoints/cogitao_vit_cross_attention/cogitao_c1_experiment_4_vit6_function_mlp_cross_attention/run_000/last.ckpt,35f91e02d5b826c89f6b24f52abf83581220b4b6676009c59b6715b0b2251589,dfec9cbb2afe6616194c1fb41430c0c5d2bc4208,4,val_ood,crop_contours,double_right,double_right -> crop_contours,"pair (f,g): fgx=f(g(x)); task-token order [g,f] means g -> f",55,55,55,image_final_norm,42,78000,256,256,0.01,2,"{""fixed_ranks"": [1, 2, 4, 8, 16, 32], ""variance_thresholds"": [0.9, 0.95]}",recorded_ood,71,0.27813191596435316,0.2836064536420888,0.14162180016083112,0.3306860418825162,1.0,0.3418121830117004,0.4330393107545395,0.2632802599636224,0.10943013193563497,0.15707020666583296,0.0014381611893949098,,
/home/ubuntu/cogitao-research/checkpoints/cogitao_vit_cross_attention/cogitao_c1_experiment_4_vit6_function_mlp_cross_attention/run_000/last.ckpt,35f91e02d5b826c89f6b24f52abf83581220b4b6676009c59b6715b0b2251589,dfec9cbb2afe6616194c1fb41430c0c5d2bc4208,4,val_ood,crop_contours,double_right,double_right -> crop_contours,"pair (f,g): fgx=f(g(x)); task-token order [g,f] means g -> f",55,55,55,image_final_norm,42,78000,256,256,0.01,2,"{""fixed_ranks"": [1, 2, 4, 8, 16, 32], ""variance_thresholds"": [0.9, 0.95]}",recorded_ood,24,0.2239027049820304,0.22008945265966465,0.14054113219352712,0.32537941182551233,1.0,0.3091102450631634,0.35104996123712906,0.1889993961274908,0.05520092095331222,0.14297642642209815,-0.0126556190543399,,
/home/ubuntu/cogitao-research/checkpoints/cogitao_vit_cross_attention/cogitao_c1_experiment_4_vit6_function_mlp_cross_attention/run_000/last.ckpt,35f91e02d5b826c89f6b24f52abf83581220b4b6676009c59b6715b0b2251589,dfec9cbb2afe6616194c1fb41430c0c5d2bc4208,4,val_ood,crop_contours,double_right,double_right -> crop_contours,"pair (f,g): fgx=f(g(x)); task-token order [g,f] means g -> f",55,55,55,image_final_norm,42,78000,256,256,0.01,2,"{""fixed_ranks"": [1, 2, 4, 8, 16, 32], ""variance_thresholds"": [0.9, 0.95]}",recorded_ood,52,0.20906207092320045,0.2626992000508715,0.14272465211532237,0.3000773099892432,1.0,0.3545731790849522,0.33496493906315483,0.203995930443449,0.04036028689448226,0.16800606460146592,0.012374019125027863,,
/home/ubuntu/cogitao-research/checkpoints/cogitao_vit_cross_attention/cogitao_c1_experiment_4_vit6_function_mlp_cross_attention/run_000/last.ckpt,35f91e02d5b826c89f6b24f52abf83581220b4b6676009c59b6715b0b2251589,dfec9cbb2afe6616194c1fb41430c0c5d2bc4208,4,val_ood,crop_contours,double_right,double_right -> crop_contours,"pair (f,g): fgx=f(g(x)); task-token order [g,f] means g -> f",55,55,55,image_final_norm,42,78000,256,256,0.01,2,"{""fixed_ranks"": [1, 2, 4, 8, 16, 32], ""variance_thresholds"": [0.9, 0.95]}",recorded_ood,81,0.31955083198686857,0.3040905757904419,0.14892594221193017,0.4073813886046487,1.0,0.28289352449742006,0.46184410239014617,0.29909229546810634,0.15084904795815038,0.10250056149181033,-0.05313148398462772,,
/home/ubuntu/cogitao-research/checkpoints/cogitao_vit_cross_attention/cogitao_c1_experiment_4_vit6_function_mlp_cross_attention/run_000/last.ckpt,35f91e02d5b826c89f6b24f52abf83581220b4b6676009c59b6715b0b2251589,dfec9cbb2afe6616194c1fb41430c0c5d2bc4208,4,val_ood,crop_contours,double_right,double_right -> crop_contours,"pair (f,g): fgx=f(g(x)); task-token order [g,f] means g -> f",55,55,55,image_final_norm,42,78000,256,256,0.01,2,"{""fixed_ranks"": [1, 2, 4, 8, 16, 32], ""variance_thresholds"": [0.9, 0.95]}",recorded_ood,99,0.3094774559623535,0.27426752004448596,0.13906604725158495,0.43050895457172433,1.0,0.35268960608933647,0.4426863143829894,0.23993449975738634,0.1407756719336353,0.13847726369464583,-0.017154781781792222,,
/home/ubuntu/cogitao-research/checkpoints/cogitao_vit_cross_attention/cogitao_c1_experiment_4_vit6_function_mlp_cross_attention/run_000/last.ckpt,35f91e02d5b826c89f6b24f52abf83581220b4b6676009c59b6715b0b2251589,dfec9cbb2afe6616194c1fb41430c0c5d2bc4208,4,val_ood,crop_contours,double_right,double_right -> crop_contours,"pair (f,g): fgx=f(g(x)); task-token order [g,f] means g -> f",55,55,55,image_final_norm,42,78000,256,256,0.01,2,"{""fixed_ranks"": [1, 2, 4, 8, 16, 32], ""variance_thresholds"": [0.9, 0.95]}",recorded_ood,4,0.2704825192354266,0.2966839067069944,0.12185074620964653,0.3528213656423094,1.0,0.2949010507864902,0.3798192924367559,0.2023103600191002,0.10178073520670841,0.13305711462230493,-0.02257493085413312,,
/home/ubuntu/cogitao-research/checkpoints/cogitao_vit_cross_attention/cogitao_c1_experiment_4_vit6_function_mlp_cross_attention/run_000/last.ckpt,35f91e02d5b826c89f6b24f52abf83581220b4b6676009c59b6715b0b2251589,dfec9cbb2afe6616194c1fb41430c0c5d2bc4208,4,val_ood,crop_contours,double_right,double_right -> crop_contours,"pair (f,g): fgx=f(g(x)); task-token order [g,f] means g -> f",55,55,55,image_final_norm,42,78000,256,256,0.01,2,"{""fixed_ranks"": [1, 2, 4, 8, 16, 32], ""variance_thresholds"": [0.9, 0.95]}",recorded_ood,94,0.25164506971176087,0.2754513870944154,0.1470119626239043,0.3326744009734478,1.0,0.28691134523731426,0.3828954839907502,0.2301594375325167,0.08294328568304268,0.1404404740326032,-0.015191571443834845,,
/home/ubuntu/cogitao-research/checkpoints/cogitao_vit_cross_attention/cogitao_c1_experiment_4_vit6_function_mlp_cross_attention/run_000/last.ckpt,35f91e02d5b826c89f6b24f52abf83581220b4b6676009c59b6715b0b2251589,dfec9cbb2afe6616194c1fb41430c0c5d2bc4208,4,val_ood,crop_contours,double_right,double_right -> crop_contours,"pair (f,g): fgx=f(g(x)); task-token order [g,f] means g -> f",55,55,55,image_final_norm,42,78000,256,256,0.01,2,"{""fixed_ranks"": [1, 2, 4, 8, 16, 32], ""variance_thresholds"": [0.9, 0.95]}",recorded_ood,80,0.41268590063003213,0.3983256392454365,0.15405866582187006,0.43363160345140783,1.0,0.39307367595941606,0.46167584130168426,0.2676764152233044,0.24398411660131394,0.13427371627667503,-0.02135832919976302,,
/home/ubuntu/cogitao-research/checkpoints/cogitao_vit_cross_attention/cogitao_c1_experiment_4_vit6_function_mlp_cross_attention/run_000/last.ckpt,35f91e02d5b826c89f6b24f52abf83581220b4b6676009c59b6715b0b2251589,dfec9cbb2afe6616194c1fb41430c0c5d2bc4208,4,val_ood,crop_contours,double_right,double_right -> crop_contours,"pair (f,g): fgx=f(g(x)); task-token order [g,f] means g -> f",55,55,55,image_final_norm,42,78000,256,256,0.01,2,"{""fixed_ranks"": [1, 2, 4, 8, 16, 32], ""variance_thresholds"": [0.9, 0.95]}",recorded_ood,7,0.19272046549596455,0.21168524889173596,0.1083576151749748,0.3045804495549806,1.0,0.35413923547794296,0.3708996276291911,0.21825139136624802,0.024018681467246367,0.13753935865533892,-0.01809268682109913,,
/home/ubuntu/cogitao-research/checkpoints/cogitao_vit_cross_attention/cogitao_c1_experiment_4_vit6_function_mlp_cross_attention/run_000/last.ckpt,35f91e02d5b826c89f6b24f52abf83581220b4b6676009c59b6715b0b2251589,dfec9cbb2afe6616194c1fb41430c0c5d2bc4208,4,val_ood,crop_contours,double_right,double_right -> crop_contours,"pair (f,g): fgx=f(g(x)); task-token order [g,f] means g -> f",55,55,55,image_final_norm,42,78000,256,256,0.01,2,"{""fixed_ranks"": [1, 2, 4, 8, 16, 32], ""variance_thresholds"": [0.9, 0.95]}",recorded_ood,57,0.2729807044149619,0.2658917696087421,0.22577611952503904,0.3181223459128455,1.0,0.31074153209471606,0.29214217384962576,0.21684749135823905,0.10427892038624373,0.21558286990566325,0.0599508244292252,,
/home/ubuntu/cogitao-research/checkpoints/cogitao_vit_cross_attention/cogitao_c1_experiment_4_vit6_function_mlp_cross_attention/run_000/last.ckpt,35f91e02d5b826c89f6b24f52abf83581220b4b6676009c59b6715b0b2251589,dfec9cbb2afe6616194c1fb41430c0c5d2bc4208,4,val_ood,crop_contours,double_right,double_right -> crop_contours,"pair (f,g): fgx=f(g(x)); task-token order [g,f] means g -> f",55,55,55,image_final_norm,42,78000,256,256,0.01,2,"{""fixed_ranks"": [1, 2, 4, 8, 16, 32], ""variance_thresholds"": [0.9, 0.95]}",recorded_ood,79,0.22608778130320653,0.24331359022345128,0.14053708068226756,0.3518306338721425,1.0,0.33462328767862376,0.32894440228291083,0.19217323565042851,0.05738599727448834,0.17744730841832584,0.021815262941887792,,
/home/ubuntu/cogitao-research/checkpoints/cogitao_vit_cross_attention/cogitao_c1_experiment_4_vit6_function_mlp_cross_attention/run_000/last.ckpt,35f91e02d5b826c89f6b24f52abf83581220b4b6676009c59b6715b0b2251589,dfec9cbb2afe6616194c1fb41430c0c5d2bc4208,4,val_ood,crop_contours,double_right,double_right -> crop_contours,"pair (f,g): fgx=f(g(x)); task-token order [g,f] means g -> f",55,55,55,image_final_norm,42,78000,256,256,0.01,2,"{""fixed_ranks"": [1, 2, 4, 8, 16, 32], ""variance_thresholds"": [0.9, 0.95]}",recorded_ood,26,0.2213021074509777,0.21416759339467942,0.16200435487174858,0.29258059113984486,1.0,0.3197329098346117,0.30759978621946993,0.16194565085672344,0.05260032342225951,0.1731924909792051,0.017560445502767058,,
/home/ubuntu/cogitao-research/checkpoints/cogitao_vit_cross_attention/cogitao_c1_experiment_4_vit6_function_mlp_cross_attention/run_000/last.ckpt,35f91e02d5b826c89f6b24f52abf83581220b4b6676009c59b6715b0b2251589,dfec9cbb2afe6616194c1fb41430c0c5d2bc4208,4,val_ood,crop_contours,double_right,double_right -> crop_contours,"pair (f,g): fgx=f(g(x)); task-token order [g,f] means g -> f",55,55,55,image_final_norm,42,78000,256,256,0.01,2,"{""fixed_ranks"": [1, 2, 4, 8, 16, 32], ""variance_thresholds"": [0.9, 0.95]}",recorded_ood,78,0.2846218031505921,0.3020550411386081,0.11409186785490434,0.40387602143976836,1.0,0.32817056475757195,0.4292985742452484,0.24727517782529174,0.11592001912187391,0.1670053764727563,0.011373330996318237,,
/home/ubuntu/cogitao-research/checkpoints/cogitao_vit_cross_attention/cogitao_c1_experiment_4_vit6_function_mlp_cross_attention/run_000/last.ckpt,35f91e02d5b826c89f6b24f52abf83581220b4b6676009c59b6715b0b2251589,dfec9cbb2afe6616194c1fb41430c0c5d2bc4208,4,val_ood,crop_contours,double_right,double_right -> crop_contours,"pair (f,g): fgx=f(g(x)); task-token order [g,f] means g -> f",55,55,55,image_final_norm,42,78000,256,256,0.01,2,"{""fixed_ranks"": [1, 2, 4, 8, 16, 32], ""variance_thresholds"": [0.9, 0.95]}",recorded_ood,38,0.3697269118678379,0.3607589474321456,0.13306171371186704,0.3911302218192522,1.0,0.36682787725710553,0.39129009572888845,0.21822713632394752,0.20102512783911972,0.12743474978853156,-0.028197295687906493,,
/home/ubuntu/cogitao-research/checkpoints/cogitao_vit_cross_attention/cogitao_c1_experiment_4_vit6_function_mlp_cross_attention/run_000/last.ckpt,35f91e02d5b826c89f6b24f52abf83581220b4b6676009c59b6715b0b2251589,dfec9cbb2afe6616194c1fb41430c0c5d2bc4208,4,val_ood,crop_contours,double_right,double_right -> crop_contours,"pair (f,g): fgx=f(g(x)); task-token order [g,f] means g -> f",55,55,55,image_final_norm,42,78000,256,256,0.01,2,"{""fixed_ranks"": [1, 2, 4, 8, 16, 32], ""variance_thresholds"": [0.9, 0.95]}",recorded_ood,86,0.3710640518907942,0.33565824240126196,0.15454470650040544,0.38677591560567737,1.0,0.34270377041271777,0.3822315679776442,0.23968592690088925,0.20236226786207603,0.11495584666331975,-0.040676198813118306,,
/home/ubuntu/cogitao-research/checkpoints/cogitao_vit_cross_attention/cogitao_c1_experiment_4_vit6_function_mlp_cross_attention/run_000/last.ckpt,35f91e02d5b826c89f6b24f52abf83581220b4b6676009c59b6715b0b2251589,dfec9cbb2afe6616194c1fb41430c0c5d2bc4208,4,val_ood,crop_contours,double_right,double_right -> crop_contours,"pair (f,g): fgx=f(g(x)); task-token order [g,f] means g -> f",55,55,55,image_final_norm,42,78000,256,256,0.01,2,"{""fixed_ranks"": [1, 2, 4, 8, 16, 32], ""variance_thresholds"": [0.9, 0.95]}",recorded_ood,45,0.3421093533674688,0.35971608492220714,0.13161426553207436,0.4177667452346403,1.0,0.28561463392482667,0.4098385421163153,0.2566330093420366,0.1734075693387506,0.14003097995840227,-0.015601065518035778,,
/home/ubuntu/cogitao-research/checkpoints/cogitao_vit_cross_attention/cogitao_c1_experiment_4_vit6_function_mlp_cross_attention/run_000/last.ckpt,35f91e02d5b826c89f6b24f52abf83581220b4b6676009c59b6715b0b2251589,dfec9cbb2afe6616194c1fb41430c0c5d2bc4208,4,val_ood,crop_contours,double_right,double_right -> crop_contours,"pair (f,g): fgx=f(g(x)); task-token order [g,f] means g -> f",55,55,55,image_final_norm,42,78000,256,256,0.01,2,"{""fixed_ranks"": [1, 2, 4, 8, 16, 32], ""variance_thresholds"": [0.9, 0.95]}",recorded_ood,17,0.3174378372703197,0.29512381416593103,0.1728145069997626,0.3379516627926655,1.0,0.3280691220362527,0.4076005771288971,0.21266751635810854,0.14873605324160152,0.11590550527044625,-0.0397265402059918,,
/home/ubuntu/cogitao-research/checkpoints/cogitao_vit_cross_attention/cogitao_c1_experiment_4_vit6_function_mlp_cross_attention/run_000/last.ckpt,35f91e02d5b826c89f6b24f52abf83581220b4b6676009c59b6715b0b2251589,dfec9cbb2afe6616194c1fb41430c0c5d2bc4208,4,val_ood,crop_contours,double_right,double_right -> crop_contours,"pair (f,g): fgx=f(g(x)); task-token order [g,f] means g -> f",55,55,55,image_final_norm,42,78000,256,256,0.01,2,"{""fixed_ranks"": [1, 2, 4, 8, 16, 32], ""variance_thresholds"": [0.9, 0.95]}",recorded_ood,91,0.2854927485179998,0.28039203261555184,0.13400620059414597,0.3444724069519596,1.0,0.27434568312192137,0.3712783612373422,0.21712561153052612,0.11679096448928158,0.15253193468167853,-0.0031001107947595252,,
/home/ubuntu/cogitao-research/checkpoints/cogitao_vit_cross_attention/cogitao_c1_experiment_4_vit6_function_mlp_cross_attention/run_000/last.ckpt,35f91e02d5b826c89f6b24f52abf83581220b4b6676009c59b6715b0b2251589,dfec9cbb2afe6616194c1fb41430c0c5d2bc4208,4,val_ood,crop_contours,double_right,double_right -> crop_contours,"pair (f,g): fgx=f(g(x)); task-token order [g,f] means g -> f",55,55,55,image_final_norm,42,78000,256,256,0.01,2,"{""fixed_ranks"": [1, 2, 4, 8, 16, 32], ""variance_thresholds"": [0.9, 0.95]}",recorded_ood,40,0.2814471780688254,0.28424249250063666,0.17129735245177913,0.3780012534840699,1.0,0.32247667976785455,0.448779234176431,0.2646237472388573,0.11274539404010722,0.18107530247724624,0.025443257000808184,,
/home/ubuntu/cogitao-research/checkpoints/cogitao_vit_cross_attention/cogitao_c1_experiment_4_vit6_function_mlp_cross_attention/run_000/last.ckpt,35f91e02d5b826c89f6b24f52abf83581220b4b6676009c59b6715b0b2251589,dfec9cbb2afe6616194c1fb41430c0c5d2bc4208,4,val_ood,crop_contours,double_right,double_right -> crop_contours,"pair (f,g): fgx=f(g(x)); task-token order [g,f] means g -> f",55,55,55,image_final_norm,42,78000,256,256,0.01,2,"{""fixed_ranks"": [1, 2, 4, 8, 16, 32], ""variance_thresholds"": [0.9, 0.95]}",recorded_ood,68,0.2733873760432392,0.2733222108299296,0.13937899245812485,0.38982884010659985,1.0,0.3379994054497871,0.4104783327504883,0.21104677233496763,0.10468559201452102,0.10345897644396881,-0.05217306903246924,,
/home/ubuntu/cogitao-research/checkpoints/cogitao_vit_cross_attention/cogitao_c1_experiment_4_vit6_function_mlp_cross_attention/run_000/last.ckpt,35f91e02d5b826c89f6b24f52abf83581220b4b6676009c59b6715b0b2251589,dfec9cbb2afe6616194c1fb41430c0c5d2bc4208,4,val_ood,crop_contours,double_right,double_right -> crop_contours,"pair (f,g): fgx=f(g(x)); task-token order [g,f] means g -> f",55,55,55,image_final_norm,42,78000,256,256,0.01,2,"{""fixed_ranks"": [1, 2, 4, 8, 16, 32], ""variance_thresholds"": [0.9, 0.95]}",recorded_ood,1,0.3089923287304117,0.3031800677723566,0.1383562579634234,0.4089829852624841,1.0,0.3048598685049333,0.45504779959076647,0.257636898958433,0.14029054470169353,0.1147136917670271,-0.04091835370941095,,
/home/ubuntu/cogitao-research/checkpoints/cogitao_vit_cross_attention/cogitao_c1_experiment_4_vit6_function_mlp_cross_attention/run_000/last.ckpt,35f91e02d5b826c89f6b24f52abf83581220b4b6676009c59b6715b0b2251589,dfec9cbb2afe6616194c1fb41430c0c5d2bc4208,4,val_ood,crop_contours,double_right,double_right -> crop_contours,"pair (f,g): fgx=f(g(x)); task-token order [g,f] means g -> f",55,55,55,image_final_norm,42,78000,256,256,0.01,2,"{""fixed_ranks"": [1, 2, 4, 8, 16, 32], ""variance_thresholds"": [0.9, 0.95]}",recorded_ood,95,0.27221456542296407,0.2849682685270764,0.15074356461260413,0.3305001584430452,1.0,0.30937745987809145,0.3446638616548623,0.196123073133955,0.10351278139424588,0.19191523412336875,0.0362831886469307,0.2545715228151748,
/home/ubuntu/cogitao-research/checkpoints/cogitao_vit_cross_attention/cogitao_c1_experiment_4_vit6_function_mlp_cross_attention/run_000/last.ckpt,35f91e02d5b826c89f6b24f52abf83581220b4b6676009c59b6715b0b2251589,dfec9cbb2afe6616194c1fb41430c0c5d2bc4208,4,val_ood,crop_contours,double_right,double_right -> crop_contours,"pair (f,g): fgx=f(g(x)); task-token order [g,f] means g -> f",55,55,55,image_final_norm,42,78000,256,256,0.01,2,"{""fixed_ranks"": [1, 2, 4, 8, 16, 32], ""variance_thresholds"": [0.9, 0.95]}",recorded_ood,63,0.22034638938471446,0.23538022480570817,0.11918131252530685,0.31340989119214874,1.0,0.3053083335860936,0.37120130604129725,0.1931317577229233,0.05164460535599627,0.15278764070990522,-0.002844404766532832,0.2131675209191486,
/home/ubuntu/cogitao-research/checkpoints/cogitao_vit_cross_attention/cogitao_c1_experiment_4_vit6_function_mlp_cross_attention/run_000/last.ckpt,35f91e02d5b826c89f6b24f52abf83581220b4b6676009c59b6715b0b2251589,dfec9cbb2afe6616194c1fb41430c0c5d2bc4208,4,val_ood,crop_contours,double_right,double_right -> crop_contours,"pair (f,g): fgx=f(g(x)); task-token order [g,f] means g -> f",55,55,55,image_final_norm,42,78000,256,256,0.01,2,"{""fixed_ranks"": [1, 2, 4, 8, 16, 32], ""variance_thresholds"": [0.9, 0.95]}",recorded_ood,3,0.26097836258123686,0.2797095724668107,0.1282101821460335,0.38280279259673966,1.0,0.3008388534700806,0.3893446052729876,0.25005639664786683,0.09227657855251867,0.12484288460802836,-0.030789160868409687,0.20188970289433356,
/home/ubuntu/cogitao-research/checkpoints/cogitao_vit_cross_attention/cogitao_c1_experiment_4_vit6_function_mlp_cross_attention/run_000/last.ckpt,35f91e02d5b826c89f6b24f52abf83581220b4b6676009c59b6715b0b2251589,dfec9cbb2afe6616194c1fb41430c0c5d2bc4208,4,val_ood,crop_contours,double_right,double_right -> crop_contours,"pair (f,g): fgx=f(g(x)); task-token order [g,f] means g -> f",55,55,55,image_final_norm,42,78000,256,256,0.01,2,"{""fixed_ranks"": [1, 2, 4, 8, 16, 32], ""variance_thresholds"": [0.9, 0.95]}",recorded_ood,83,0.33301249579024117,0.32846425261213485,0.19620001399292572,0.4568203548194152,1.0,0.33053306928908166,0.4721865570679517,0.3147285288472716,0.16431071176152298,0.13359540855519914,-0.022036636921238917,0.3035967681676783,
/home/ubuntu/cogitao-research/checkpoints/cogitao_vit_cross_attention/cogitao_c1_experiment_4_vit6_function_mlp_cross_attention/run_000/last.ckpt,35f91e02d5b826c89f6b24f52abf83581220b4b6676009c59b6715b0b2251589,dfec9cbb2afe6616194c1fb41430c0c5d2bc4208,4,val_ood,crop_contours,double_right,double_right -> crop_contours,"pair (f,g): fgx=f(g(x)); task-token order [g,f] means g -> f",55,55,55,image_final_norm,42,78000,256,256,0.01,2,"{""fixed_ranks"": [1, 2, 4, 8, 16, 32], ""variance_thresholds"": [0.9, 0.95]}",recorded_ood,93,0.33852202115871416,0.3363776938376458,0.1550795710941497,0.4070600465993995,1.0,0.3220195454786706,0.4891942378389853,0.23287781620125292,0.16982023712999597,0.13404691372203448,-0.021585131754403575,0.24784963203415947,
/home/ubuntu/cogitao-research/checkpoints/cogitao_vit_cross_attention/cogitao_c1_experiment_4_vit6_function_mlp_cross_attention/run_000/last.ckpt,35f91e02d5b826c89f6b24f52abf83581220b4b6676009c59b6715b0b2251589,dfec9cbb2afe6616194c1fb41430c0c5d2bc4208,4,val_ood,crop_contours,double_right,double_right -> crop_contours,"pair (f,g): fgx=f(g(x)); task-token order [g,f] means g -> f",55,55,55,image_final_norm,42,78000,256,256,0.01,2,"{""fixed_ranks"": [1, 2, 4, 8, 16, 32], ""variance_thresholds"": [0.9, 0.95]}",recorded_ood,87,0.31934564590907294,0.3016198057608268,0.13141547116152016,0.39176089747856246,1.0,0.2998529110649631,0.4137629889690964,0.2903373107648617,0.15064386188035475,0.1076667229781452,-0.047965322498292856,0.24388577340511164,
/home/ubuntu/cogitao-research/checkpoints/cogitao_vit_cross_attention/cogitao_c1_experiment_4_vit6_function_mlp_cross_attention/run_000/last.ckpt,35f91e02d5b826c89f6b24f52abf83581220b4b6676009c59b6715b0b2251589,dfec9cbb2afe6616194c1fb41430c0c5d2bc4208,4,val_ood,crop_contours,double_right,double_right -> crop_contours,"pair (f,g): fgx=f(g(x)); task-token order [g,f] means g -> f",55,55,55,image_final_norm,42,78000,256,256,0.01,2,"{""fixed_ranks"": [1, 2, 4, 8, 16, 32], ""variance_thresholds"": [0.9, 0.95]}",recorded_ood,73,0.262694942492002,0.25386018682088407,0.11211232882390147,0.38729946246252117,1.0,0.29299937848733554,0.39775967398090095,0.22468631678714598,0.0939931584632838,0.1551788196717351,-0.0004532258047029447,0.2150613247479459,
/home/ubuntu/cogitao-research/checkpoints/cogitao_vit_cross_attention/cogitao_c1_experiment_4_vit6_function_mlp_cross_attention/run_000/last.ckpt,35f91e02d5b826c89f6b24f52abf83581220b4b6676009c59b6715b0b2251589,dfec9cbb2afe6616194c1fb41430c0c5d2bc4208,4,val_ood,crop_contours,double_right,double_right -> crop_contours,"pair (f,g): fgx=f(g(x)); task-token order [g,f] means g -> f",55,55,55,image_final_norm,42,78000,256,256,0.01,2,"{""fixed_ranks"": [1, 2, 4, 8, 16, 32], ""variance_thresholds"": [0.9, 0.95]}",recorded_ood,75,0.2963306763427383,0.2752368891110519,0.117678814667209,0.3966082657186205,1.0,0.3178756347333299,0.428134102506553,0.22199976708230382,0.1276288923140201,0.14153100315884706,-0.01410104231759099,0.24707335126952412,
/home/ubuntu/cogitao-research/checkpoints/cogitao_vit_cross_attention/cogitao_c1_experiment_4_vit6_function_mlp_cross_attention/run_000/last.ckpt,35f91e02d5b826c89f6b24f52abf83581220b4b6676009c59b6715b0b2251589,dfec9cbb2afe6616194c1fb41430c0c5d2bc4208,4,val_ood,crop_contours,double_right,double_right -> crop_contours,"pair (f,g): fgx=f(g(x)); task-token order [g,f] means g -> f",55,55,55,image_final_norm,42,78000,256,256,0.01,2,"{""fixed_ranks"": [1, 2, 4, 8, 16, 32], ""variance_thresholds"": [0.9, 0.95]}",recorded_ood,23,0.26114770413298727,0.29223251499812547,0.1291524023150611,0.3360473949660745,1.0,0.29521334375258124,0.3598829148362351,0.217176606139599,0.09244592010426908,0.11467884372335865,-0.0409532017530794,0.1780876479130439,
/home/ubuntu/cogitao-research/checkpoints/cogitao_vit_cross_attention/cogitao_c1_experiment_4_vit6_function_mlp_cross_attention/run_000/last.ckpt,35f91e02d5b826c89f6b24f52abf83581220b4b6676009c59b6715b0b2251589,dfec9cbb2afe6616194c1fb41430c0c5d2bc4208,4,val_ood,crop_contours,double_right,double_right -> crop_contours,"pair (f,g): fgx=f(g(x)); task-token order [g,f] means g -> f",55,55,55,image_final_norm,42,78000,256,256,0.01,2,"{""fixed_ranks"": [1, 2, 4, 8, 16, 32], ""variance_thresholds"": [0.9, 0.95]}",recorded_ood,15,0.2280699742659822,0.21569865195582405,0.1531441040306701,0.3066109391903942,1.0,0.2755401333726108,0.33894638794736703,0.20739566856784664,0.059368190237264,0.12932644351564865,-0.026305601960789404,0.21997245878098032,
/home/ubuntu/cogitao-research/checkpoints/cogitao_vit_cross_attention/cogitao_c1_experiment_4_vit6_function_mlp_cross_attention/run_000/last.ckpt,35f91e02d5b826c89f6b24f52abf83581220b4b6676009c59b6715b0b2251589,dfec9cbb2afe6616194c1fb41430c0c5d2bc4208,4,val_ood,crop_contours,double_right,double_right -> crop_contours,"pair (f,g): fgx=f(g(x)); task-token order [g,f] means g -> f",55,55,55,image_final_norm,42,78000,256,256,0.01,2,"{""fixed_ranks"": [1, 2, 4, 8, 16, 32], ""variance_thresholds"": [0.9, 0.95]}",recorded_ood,9,0.36780722975139696,0.3306952930715343,0.14871661006104409,0.43836993457126505,1.0,0.32141501113031795,0.45851604008972124,0.21575410350974192,0.19910544572267877,0.0991363699977973,-0.05649567547864075,0.25936155813067024,
/home/ubuntu/cogitao-research/checkpoints/cogitao_vit_cross_attention/cogitao_c1_experiment_4_vit6_function_mlp_cross_attention/run_000/last.ckpt,35f91e02d5b826c89f6b24f52abf83581220b4b6676009c59b6715b0b2251589,dfec9cbb2afe6616194c1fb41430c0c5d2bc4208,4,val_ood,crop_contours,double_right,double_right -> crop_contours,"pair (f,g): fgx=f(g(x)); task-token order [g,f] means g -> f",55,55,55,image_final_norm,42,78000,256,256,0.01,2,"{""fixed_ranks"": [1, 2, 4, 8, 16, 32], ""variance_thresholds"": [0.9, 0.95]}",recorded_ood,31,0.3078947940632338,0.2997400507773272,0.2036722496918462,0.4037074708581289,1.0,0.4082741614576159,0.3958212336083907,0.2335790735607311,0.1391930100345156,0.13309766683109608,-0.022534378645341968,0.24646343907078117,
/home/ubuntu/cogitao-research/checkpoints/cogitao_vit_cross_attention/cogitao_c1_experiment_4_vit6_function_mlp_cross_attention/run_000/last.ckpt,35f91e02d5b826c89f6b24f52abf83581220b4b6676009c59b6715b0b2251589,dfec9cbb2afe6616194c1fb41430c0c5d2bc4208,4,val_ood,crop_contours,double_right,double_right -> crop_contours,"pair (f,g): fgx=f(g(x)); task-token order [g,f] means g -> f",55,55,55,image_final_norm,42,78000,256,256,0.01,2,"{""fixed_ranks"": [1, 2, 4, 8, 16, 32], ""variance_thresholds"": [0.9, 0.95]}",recorded_ood,72,0.24180858086541193,0.2674510002567155,0.16813578439261537,0.38966576294675775,1.0,0.32055543386242336,0.3836857447571044,0.21645520394444923,0.07310679683669374,0.12252712263187497,-0.03310492284456308,0.24342309841033696,
/home/ubuntu/cogitao-research/checkpoints/cogitao_vit_cross_attention/cogitao_c1_experiment_4_vit6_function_mlp_cross_attention/run_000/last.ckpt,35f91e02d5b826c89f6b24f52abf83581220b4b6676009c59b6715b0b2251589,dfec9cbb2afe6616194c1fb41430c0c5d2bc4208,4,val_ood,crop_contours,double_right,double_right -> crop_contours,"pair (f,g): fgx=f(g(x)); task-token order [g,f] means g -> f",55,55,55,image_final_norm,42,78000,256,256,0.01,2,"{""fixed_ranks"": [1, 2, 4, 8, 16, 32], ""variance_thresholds"": [0.9, 0.95]}",recorded_ood,67,0.29642525360900635,0.2655835248269348,0.14807856099387975,0.40133473785506824,1.0,0.29863194198917775,0.4126942834756531,0.27674376763219166,0.12772346958028816,0.16145224504344877,0.005820199567010714,0.2846550929252249,
/home/ubuntu/cogitao-research/checkpoints/cogitao_vit_cross_attention/cogitao_c1_experiment_4_vit6_function_mlp_cross_attention/run_000/last.ckpt,35f91e02d5b826c89f6b24f52abf83581220b4b6676009c59b6715b0b2251589,dfec9cbb2afe6616194c1fb41430c0c5d2bc4208,4,val_ood,crop_contours,double_right,double_right -> crop_contours,"pair (f,g): fgx=f(g(x)); task-token order [g,f] means g -> f",55,55,55,image_final_norm,42,78000,256,256,0.01,2,"{""fixed_ranks"": [1, 2, 4, 8, 16, 32], ""variance_thresholds"": [0.9, 0.95]}",recorded_ood,34,0.23826910102755136,0.27852694480760887,0.18913692773071647,0.33078994896096475,1.0,0.31551088550318873,0.3340933922915625,0.2352877957332848,0.06956731699883317,0.17667025243361978,0.021038206957181727,0.2561386138188922,
/home/ubuntu/cogitao-research/checkpoints/cogitao_vit_cross_attention/cogitao_c1_experiment_4_vit6_function_mlp_cross_attention/run_000/last.ckpt,35f91e02d5b826c89f6b24f52abf83581220b4b6676009c59b6715b0b2251589,dfec9cbb2afe6616194c1fb41430c0c5d2bc4208,4,val_ood,crop_contours,double_right,double_right -> crop_contours,"pair (f,g): fgx=f(g(x)); task-token order [g,f] means g -> f",55,55,55,image_final_norm,42,78000,256,256,0.01,2,"{""fixed_ranks"": [1, 2, 4, 8, 16, 32], ""variance_thresholds"": [0.9, 0.95]}",recorded_ood,30,0.30852442409590947,0.3099774754338651,0.14548211737035138,0.40062108060044854,1.0,0.2234897710334555,0.4999393011394106,0.3567848444956624,0.13982264006719128,0.12898306821478156,-0.026648977261656492,0.22651224581340718,
/home/ubuntu/cogitao-research/checkpoints/cogitao_vit_cross_attention/cogitao_c1_experiment_4_vit6_function_mlp_cross_attention/run_000/last.ckpt,35f91e02d5b826c89f6b24f52abf83581220b4b6676009c59b6715b0b2251589,dfec9cbb2afe6616194c1fb41430c0c5d2bc4208,4,val_ood,crop_contours,double_right,double_right -> crop_contours,"pair (f,g): fgx=f(g(x)); task-token order [g,f] means g -> f",55,55,55,image_final_norm,42,78000,256,256,0.01,2,"{""fixed_ranks"": [1, 2, 4, 8, 16, 32], ""variance_thresholds"": [0.9, 0.95]}",recorded_ood,74,0.22945547674057212,0.250253014791437,0.11290661052603346,0.2922609948304406,1.0,0.31588280782357736,0.340824073042671,0.19061423446299877,0.060753692711853935,0.1627948979415879,0.00716285246514986,0.24718580143701424,
/home/ubuntu/cogitao-research/checkpoints/cogitao_vit_cross_attention/cogitao_c1_experiment_4_vit6_function_mlp_cross_attention/run_000/last.ckpt,35f91e02d5b826c89f6b24f52abf83581220b4b6676009c59b6715b0b2251589,dfec9cbb2afe6616194c1fb41430c0c5d2bc4208,4,val_ood,crop_contours,double_right,double_right -> crop_contours,"pair (f,g): fgx=f(g(x)); task-token order [g,f] means g -> f",55,55,55,image_final_norm,42,78000,256,256,0.01,2,"{""fixed_ranks"": [1, 2, 4, 8, 16, 32], ""variance_thresholds"": [0.9, 0.95]}",recorded_ood,88,0.3134606899653192,0.2525514981952849,0.12720291780554205,0.3362738649677995,1.0,0.3089594417331112,0.37385936986551366,0.20657663315068545,0.14475890593660098,0.150513021162724,-0.0051190243137140545,0.23441509244243003,
/home/ubuntu/cogitao-research/checkpoints/cogitao_vit_cross_attention/cogitao_c1_experiment_4_vit6_function_mlp_cross_attention/run_000/last.ckpt,35f91e02d5b826c89f6b24f52abf83581220b4b6676009c59b6715b0b2251589,dfec9cbb2afe6616194c1fb41430c0c5d2bc4208,4,val_ood,crop_contours,double_right,double_right -> crop_contours,"pair (f,g): fgx=f(g(x)); task-token order [g,f] means g -> f",55,55,55,image_final_norm,42,78000,256,256,0.01,2,"{""fixed_ranks"": [1, 2, 4, 8, 16, 32], ""variance_thresholds"": [0.9, 0.95]}",recorded_ood,98,0.36983230116724597,0.3526062758986303,0.1726327532202659,0.4380843210246836,1.0,0.33514832084372215,0.46141913684693775,0.2718954633324285,0.20113051713852778,0.13099338156652934,-0.02463866390990871,0.21670201699877434,
/home/ubuntu/cogitao-research/checkpoints/cogitao_vit_cross_attention/cogitao_c1_experiment_4_vit6_function_mlp_cross_attention/run_000/last.ckpt,35f91e02d5b826c89f6b24f52abf83581220b4b6676009c59b6715b0b2251589,dfec9cbb2afe6616194c1fb41430c0c5d2bc4208,4,val_ood,crop_contours,double_right,double_right -> crop_contours,"pair (f,g): fgx=f(g(x)); task-token order [g,f] means g -> f",55,55,55,image_final_norm,42,78000,256,256,0.01,2,"{""fixed_ranks"": [1, 2, 4, 8, 16, 32], ""variance_thresholds"": [0.9, 0.95]}",recorded_ood,49,0.3008878906431677,0.30578075552270234,0.17652854412089966,0.40658652396260275,1.0,0.3552424174953153,0.4023656645559193,0.23408865447442065,0.1321861066144495,0.12054129490555547,-0.03509075057088258,0.26295783775193704,
/home/ubuntu/cogitao-research/checkpoints/cogitao_vit_cross_attention/cogitao_c1_experiment_4_vit6_function_mlp_cross_attention/run_000/last.ckpt,35f91e02d5b826c89f6b24f52abf83581220b4b6676009c59b6715b0b2251589,dfec9cbb2afe6616194c1fb41430c0c5d2bc4208,4,val_ood,crop_contours,double_right,double_right -> crop_contours,"pair (f,g): fgx=f(g(x)); task-token order [g,f] means g -> f",55,55,55,image_final_norm,42,78000,256,256,0.01,2,"{""fixed_ranks"": [1, 2, 4, 8, 16, 32], ""variance_thresholds"": [0.9, 0.95]}",recorded_ood,11,0.30062790549629986,0.2862412116160688,0.1811258896789764,0.3894432296938662,1.0,0.28879639674070173,0.3869020283852146,0.20069773599986418,0.13192612146758168,0.110512825978368,-0.045119219498070046,0.2694003992809504,
/home/ubuntu/cogitao-research/checkpoints/cogitao_vit_cross_attention/cogitao_c1_experiment_4_vit6_function_mlp_cross_attention/run_000/last.ckpt,35f91e02d5b826c89f6b24f52abf83581220b4b6676009c59b6715b0b2251589,dfec9cbb2afe6616194c1fb41430c0c5d2bc4208,4,val_ood,crop_contours,double_right,double_right -> crop_contours,"pair (f,g): fgx=f(g(x)); task-token order [g,f] means g -> f",55,55,55,image_final_norm,42,78000,256,256,0.01,2,"{""fixed_ranks"": [1, 2, 4, 8, 16, 32], ""variance_thresholds"": [0.9, 0.95]}",recorded_ood,85,0.3035987625940935,0.2894245960185505,0.1383411777806127,0.3353996200060877,1.0,0.3056367252961776,0.39262924645917724,0.23414867430167785,0.13489697856537533,0.15238220165384417,-0.003249843822593884,0.20964705405884396,
/home/ubuntu/cogitao-research/checkpoints/cogitao_vit_cross_attention/cogitao_c1_experiment_4_vit6_function_mlp_cross_attention/run_000/last.ckpt,35f91e02d5b826c89f6b24f52abf83581220b4b6676009c59b6715b0b2251589,dfec9cbb2afe6616194c1fb41430c0c5d2bc4208,4,val_ood,crop_contours,double_right,double_right -> crop_contours,"pair (f,g): fgx=f(g(x)); task-token order [g,f] means g -> f",55,55,55,image_final_norm,42,78000,256,256,0.01,2,"{""fixed_ranks"": [1, 2, 4, 8, 16, 32], ""variance_thresholds"": [0.9, 0.95]}",recorded_ood,41,0.3931778216955636,0.36014915333078956,0.14206888853250213,0.427745114277514,1.0,0.4140740398826759,0.41739448007778995,0.2632844422756145,0.2244760376668454,0.11394449440579528,-0.04168755107064277,0.2210301214365033,
/home/ubuntu/cogitao-research/checkpoints/cogitao_vit_cross_attention/cogitao_c1_experiment_4_vit6_function_mlp_cross_attention/run_000/last.ckpt,35f91e02d5b826c89f6b24f52abf83581220b4b6676009c59b6715b0b2251589,dfec9cbb2afe6616194c1fb41430c0c5d2bc4208,4,val_ood,crop_contours,double_right,double_right -> crop_contours,"pair (f,g): fgx=f(g(x)); task-token order [g,f] means g -> f",55,55,55,image_final_norm,42,78000,256,256,0.01,2,"{""fixed_ranks"": [1, 2, 4, 8, 16, 32], ""variance_thresholds"": [0.9, 0.95]}",recorded_ood,35,0.3376464866894304,0.32510512093182087,0.12807665877220187,0.3806676460299901,1.0,0.31801708812093826,0.4381560199243907,0.23026988558664518,0.16894470266071224,0.10506984266242259,-0.05056220281401547,0.23008021673314977,
/home/ubuntu/cogitao-research/checkpoints/cogitao_vit_cross_attention/cogitao_c1_experiment_4_vit6_function_mlp_cross_attention/run_000/last.ckpt,35f91e02d5b826c89f6b24f52abf83581220b4b6676009c59b6715b0b2251589,dfec9cbb2afe6616194c1fb41430c0c5d2bc4208,4,val_ood,crop_contours,double_right,double_right -> crop_contours,"pair (f,g): fgx=f(g(x)); task-token order [g,f] means g -> f",55,55,55,image_final_norm,42,78000,256,256,0.01,2,"{""fixed_ranks"": [1, 2, 4, 8, 16, 32], ""variance_thresholds"": [0.9, 0.95]}",recorded_ood,64,0.2547777926121374,0.25999260009114145,0.14872597116091102,0.30345792994312437,1.0,0.3038688349598973,0.3489806988288282,0.19345496274185478,0.08607600858341921,0.1429791607257356,-0.012652884750702448,0.20309379115299753,
/home/ubuntu/cogitao-research/checkpoints/cogitao_vit_cross_attention/cogitao_c1_experiment_4_vit6_function_mlp_cross_attention/run_000/last.ckpt,35f91e02d5b826c89f6b24f52abf83581220b4b6676009c59b6715b0b2251589,dfec9cbb2afe6616194c1fb41430c0c5d2bc4208,4,val_ood,crop_contours,double_right,double_right -> crop_contours,"pair (f,g): fgx=f(g(x)); task-token order [g,f] means g -> f",55,55,55,image_final_norm,42,78000,256,256,0.01,2,"{""fixed_ranks"": [1, 2, 4, 8, 16, 32], ""variance_thresholds"": [0.9, 0.95]}",recorded_ood,36,0.28468366902777764,0.26845781479373726,0.12571561261649125,0.4244809602654267,1.0,0.26392372820227505,0.4787596166388372,0.23144064709119805,0.11598188499905945,0.13852269713916393,-0.017109348337274122,0.1779557764446021,
/home/ubuntu/cogitao-research/checkpoints/cogitao_vit_cross_attention/cogitao_c1_experiment_4_vit6_function_mlp_cross_attention/run_000/last.ckpt,35f91e02d5b826c89f6b24f52abf83581220b4b6676009c59b6715b0b2251589,dfec9cbb2afe6616194c1fb41430c0c5d2bc4208,4,val_ood,crop_contours,double_right,double_right -> crop_contours,"pair (f,g): fgx=f(g(x)); task-token order [g,f] means g -> f",55,55,55,image_final_norm,42,78000,256,256,0.01,2,"{""fixed_ranks"": [1, 2, 4, 8, 16, 32], ""variance_thresholds"": [0.9, 0.95]}",recorded_ood,65,0.3730932435217584,0.3563156111986335,0.18898293791504261,0.4847912144970211,1.0,0.3493928914301748,0.47389948647426966,0.3349361898490998,0.2043914594930402,0.13959926394219532,-0.01603278153424273,0.29883734403794965,
/home/ubuntu/cogitao-research/checkpoints/cogitao_vit_cross_attention/cogitao_c1_experiment_4_vit6_function_mlp_cross_attention/run_000/last.ckpt,35f91e02d5b826c89f6b24f52abf83581220b4b6676009c59b6715b0b2251589,dfec9cbb2afe6616194c1fb41430c0c5d2bc4208,4,val_ood,crop_contours,double_right,double_right -> crop_contours,"pair (f,g): fgx=f(g(x)); task-token order [g,f] means g -> f",55,55,55,image_final_norm,42,78000,256,256,0.01,2,"{""fixed_ranks"": [1, 2, 4, 8, 16, 32], ""variance_thresholds"": [0.9, 0.95]}",recorded_ood,77,0.24649148817180733,0.23636613099897158,0.13440727740488156,0.3324887936784248,1.0,0.3269327552685811,0.33767361792615086,0.20305398045030718,0.07778970414308914,0.13280244820738835,-0.022829597269049706,0.16898309823617536,
/home/ubuntu/cogitao-research/checkpoints/cogitao_vit_cross_attention/cogitao_c1_experiment_4_vit6_function_mlp_cross_attention/run_000/last.ckpt,35f91e02d5b826c89f6b24f52abf83581220b4b6676009c59b6715b0b2251589,dfec9cbb2afe6616194c1fb41430c0c5d2bc4208,4,test_ood,crop_contours,double_right,double_right -> crop_contours,"pair (f,g): fgx=f(g(x)); task-token order [g,f] means g -> f",61,61,61,image_input_tokens,42,78000,256,256,0.01,2,"{""fixed_ranks"": [1, 2, 4, 8, 16, 32], ""variance_thresholds"": [0.9, 0.95]}",recorded_ood,56,0.028381465561386095,0.0440490545969882,0.012412670925559876,0.08084471422945828,1.0,0.10878067923162055,0.0739455894679351,0.050413583027013174,0.006395145492697672,0.04059766192196983,0.0022165476152837746,,
/home/ubuntu/cogitao-research/checkpoints/cogitao_vit_cross_attention/cogitao_c1_experiment_4_vit6_function_mlp_cross_attention/run_000/last.ckpt,35f91e02d5b826c89f6b24f52abf83581220b4b6676009c59b6715b0b2251589,dfec9cbb2afe6616194c1fb41430c0c5d2bc4208,4,test_ood,crop_contours,double_right,double_right -> crop_contours,"pair (f,g): fgx=f(g(x)); task-token order [g,f] means g -> f",61,61,61,image_input_tokens,42,78000,256,256,0.01,2,"{""fixed_ranks"": [1, 2, 4, 8, 16, 32], ""variance_thresholds"": [0.9, 0.95]}",recorded_ood,42,0.04572647526163159,0.05754070680045887,0.011137243237113887,0.09342165472122967,1.0,0.12696479753543477,0.07841321658128785,0.07292958134456946,0.023740155192943164,0.033152297756346996,-0.005228816550339056,,
/home/ubuntu/cogitao-research/checkpoints/cogitao_vit_cross_attention/cogitao_c1_experiment_4_vit6_function_mlp_cross_attention/run_000/last.ckpt,35f91e02d5b826c89f6b24f52abf83581220b4b6676009c59b6715b0b2251589,dfec9cbb2afe6616194c1fb41430c0c5d2bc4208,4,test_ood,crop_contours,double_right,double_right -> crop_contours,"pair (f,g): fgx=f(g(x)); task-token order [g,f] means g -> f",61,61,61,image_input_tokens,42,78000,256,256,0.01,2,"{""fixed_ranks"": [1, 2, 4, 8, 16, 32], ""variance_thresholds"": [0.9, 0.95]}",recorded_ood,50,0.03926157296381467,0.04311195321692153,0.018825634307078787,0.06077330226255188,1.0,0.08367859948666932,0.07571632330177237,0.05440456525924807,0.017275252895126245,0.031654217540889935,-0.006726896765796117,,
/home/ubuntu/cogitao-research/checkpoints/cogitao_vit_cross_attention/cogitao_c1_experiment_4_vit6_function_mlp_cross_attention/run_000/last.ckpt,35f91e02d5b826c89f6b24f52abf83581220b4b6676009c59b6715b0b2251589,dfec9cbb2afe6616194c1fb41430c0c5d2bc4208,4,test_ood,crop_contours,double_right,double_right -> crop_contours,"pair (f,g): fgx=f(g(x)); task-token order [g,f] means g -> f",61,61,61,image_input_tokens,42,78000,256,256,0.01,2,"{""fixed_ranks"": [1, 2, 4, 8, 16, 32], ""variance_thresholds"": [0.9, 0.95]}",recorded_ood,27,0.043948532834870116,0.04498978137719773,0.021680172289602024,0.031141391251257537,1.0,0.10135555526898701,0.0683886080065961,0.03583021750760096,0.021962212766181693,0.03348935016913404,-0.004891764137552011,,
/home/ubuntu/cogitao-research/checkpoints/cogitao_vit_cross_attention/cogitao_c1_experiment_4_vit6_function_mlp_cross_attention/run_000/last.ckpt,35f91e02d5b826c89f6b24f52abf83581220b4b6676009c59b6715b0b2251589,dfec9cbb2afe6616194c1fb41430c0c5d2bc4208,4,test_ood,crop_contours,double_right,double_right -> crop_contours,"pair (f,g): fgx=f(g(x)); task-token order [g,f] means g -> f",61,61,61,image_input_tokens,42,78000,256,256,0.01,2,"{""fixed_ranks"": [1, 2, 4, 8, 16, 32], ""variance_thresholds"": [0.9, 0.95]}",recorded_ood,92,0.09103010190513858,0.09502231970221943,0.038147883365528594,0.14264167698435187,1.0,0.12246584973674893,0.1540036758109443,0.105406762764547,0.06904378183645016,0.03616142674834436,-0.0022196875583416903,,
/home/ubuntu/cogitao-research/checkpoints/cogitao_vit_cross_attention/cogitao_c1_experiment_4_vit6_function_mlp_cross_attention/run_000/last.ckpt,35f91e02d5b826c89f6b24f52abf83581220b4b6676009c59b6715b0b2251589,dfec9cbb2afe6616194c1fb41430c0c5d2bc4208,4,test_ood,crop_contours,double_right,double_right -> crop_contours,"pair (f,g): fgx=f(g(x)); task-token order [g,f] means g -> f",61,61,61,image_input_tokens,42,78000,256,256,0.01,2,"{""fixed_ranks"": [1, 2, 4, 8, 16, 32], ""variance_thresholds"": [0.9, 0.95]}",recorded_ood,71,0.05772194820968274,0.05917854185839506,0.016272420064182294,0.06494847209854604,1.0,0.0777875425143605,0.08835349081774109,0.057130520833454934,0.03573562814099432,0.03179573644239408,-0.006585377864291975,,
/home/ubuntu/cogitao-research/checkpoints/cogitao_vit_cross_attention/cogitao_c1_experiment_4_vit6_function_mlp_cross_attention/run_000/last.ckpt,35f91e02d5b826c89f6b24f52abf83581220b4b6676009c59b6715b0b2251589,dfec9cbb2afe6616194c1fb41430c0c5d2bc4208,4,test_ood,crop_contours,double_right,double_right -> crop_contours,"pair (f,g): fgx=f(g(x)); task-token order [g,f] means g -> f",61,61,61,image_input_tokens,42,78000,256,256,0.01,2,"{""fixed_ranks"": [1, 2, 4, 8, 16, 32], ""variance_thresholds"": [0.9, 0.95]}",recorded_ood,25,0.050097115870443014,0.053280311980768644,0.008014881195539992,0.04295683248014434,1.0,0.08137562629294469,0.07612611246833409,0.04673010584131477,0.02811079580175459,0.038319777889836135,-6.133641684991781e-05,,
/home/ubuntu/cogitao-research/checkpoints/cogitao_vit_cross_attention/cogitao_c1_experiment_4_vit6_function_mlp_cross_attention/run_000/last.ckpt,35f91e02d5b826c89f6b24f52abf83581220b4b6676009c59b6715b0b2251589,dfec9cbb2afe6616194c1fb41430c0c5d2bc4208,4,test_ood,crop_contours,double_right,double_right -> crop_contours,"pair (f,g): fgx=f(g(x)); task-token order [g,f] means g -> f",61,61,61,image_input_tokens,42,78000,256,256,0.01,2,"{""fixed_ranks"": [1, 2, 4, 8, 16, 32], ""variance_thresholds"": [0.9, 0.95]}",recorded_ood,52,0.05312861758681121,0.06742019250182579,0.01760232404088465,0.07596889708578554,1.0,0.09823307296861201,0.10702128680989514,0.07340314153242393,0.031142297518122784,0.03586883649047138,-0.0025122778162146725,,
/home/ubuntu/cogitao-research/checkpoints/cogitao_vit_cross_attention/cogitao_c1_experiment_4_vit6_function_mlp_cross_attention/run_000/last.ckpt,35f91e02d5b826c89f6b24f52abf83581220b4b6676009c59b6715b0b2251589,dfec9cbb2afe6616194c1fb41430c0c5d2bc4208,4,test_ood,crop_contours,double_right,double_right -> crop_contours,"pair (f,g): fgx=f(g(x)); task-token order [g,f] means g -> f",61,61,61,image_input_tokens,42,78000,256,256,0.01,2,"{""fixed_ranks"": [1, 2, 4, 8, 16, 32], ""variance_thresholds"": [0.9, 0.95]}",recorded_ood,81,0.0654778735229426,0.06938894555839559,0.02100380534834779,0.058574761635664475,1.0,0.08776514123740775,0.08570940244063432,0.05891351744983015,0.04349155345425418,0.02750240490595325,-0.010878709400732801,,
/home/ubuntu/cogitao-research/checkpoints/cogitao_vit_cross_attention/cogitao_c1_experiment_4_vit6_function_mlp_cross_attention/run_000/last.ckpt,35f91e02d5b826c89f6b24f52abf83581220b4b6676009c59b6715b0b2251589,dfec9cbb2afe6616194c1fb41430c0c5d2bc4208,4,test_ood,crop_contours,double_right,double_right -> crop_contours,"pair (f,g): fgx=f(g(x)); task-token order [g,f] means g -> f",61,61,61,image_input_tokens,42,78000,256,256,0.01,2,"{""fixed_ranks"": [1, 2, 4, 8, 16, 32], ""variance_thresholds"": [0.9, 0.95]}",recorded_ood,51,0.04919195136794385,0.04737728171771307,0.01083301537778877,0.06720072440930569,1.0,0.09456804378835967,0.09478077062555641,0.06160161276057753,0.027205631299255423,0.036011237443936306,-0.0023698768627497466,,
/home/ubuntu/cogitao-research/checkpoints/cogitao_vit_cross_attention/cogitao_c1_experiment_4_vit6_function_mlp_cross_attention/run_000/last.ckpt,35f91e02d5b826c89f6b24f52abf83581220b4b6676009c59b6715b0b2251589,dfec9cbb2afe6616194c1fb41430c0c5d2bc4208,4,test_ood,crop_contours,double_right,double_right -> crop_contours,"pair (f,g): fgx=f(g(x)); task-token order [g,f] means g -> f",61,61,61,image_input_tokens,42,78000,256,256,0.01,2,"{""fixed_ranks"": [1, 2, 4, 8, 16, 32], ""variance_thresholds"": [0.9, 0.95]}",recorded_ood,37,0.042078981187762446,0.045703487365560985,0.026328137511950546,0.04194466591454284,1.0,0.0764930550942712,0.05383271940720146,0.046280058071202224,0.020092661119074023,0.03967253189118245,0.0012914175844963988,,
/home/ubuntu/cogitao-research/checkpoints/cogitao_vit_cross_attention/cogitao_c1_experiment_4_vit6_function_mlp_cross_attention/run_000/last.ckpt,35f91e02d5b826c89f6b24f52abf83581220b4b6676009c59b6715b0b2251589,dfec9cbb2afe6616194c1fb41430c0c5d2bc4208,4,test_ood,crop_contours,double_right,double_right -> crop_contours,"pair (f,g): fgx=f(g(x)); task-token order [g,f] means g -> f",61,61,61,image_input_tokens,42,78000,256,256,0.01,2,"{""fixed_ranks"": [1, 2, 4, 8, 16, 32], ""variance_thresholds"": [0.9, 0.95]}",recorded_ood,7,0.05004687258271585,0.04262261835174218,0.017086690842114675,0.05648605261280845,1.0,0.1515875955765611,0.09828550024256076,0.05818102855799288,0.028060552514027424,0.03239752869196986,-0.005983585614716194,,
/home/ubuntu/cogitao-research/checkpoints/cogitao_vit_cross_attention/cogitao_c1_experiment_4_vit6_function_mlp_cross_attention/run_000/last.ckpt,35f91e02d5b826c89f6b24f52abf83581220b4b6676009c59b6715b0b2251589,dfec9cbb2afe6616194c1fb41430c0c5d2bc4208,4,test_ood,crop_contours,double_right,double_right -> crop_contours,"pair (f,g): fgx=f(g(x)); task-token order [g,f] means g -> f",61,61,61,image_input_tokens,42,78000,256,256,0.01,2,"{""fixed_ranks"": [1, 2, 4, 8, 16, 32], ""variance_thresholds"": [0.9, 0.95]}",recorded_ood,57,0.05498295358417416,0.06735406760776322,0.017759302520207954,0.12449774397360738,1.0,0.08516578729488399,0.11875806636242807,0.08217934498585457,0.032996633515485735,0.025976158546411342,-0.01240495576027471,,
/home/ubuntu/cogitao-research/checkpoints/cogitao_vit_cross_attention/cogitao_c1_experiment_4_vit6_function_mlp_cross_attention/run_000/last.ckpt,35f91e02d5b826c89f6b24f52abf83581220b4b6676009c59b6715b0b2251589,dfec9cbb2afe6616194c1fb41430c0c5d2bc4208,4,test_ood,crop_contours,double_right,double_right -> crop_contours,"pair (f,g): fgx=f(g(x)); task-token order [g,f] means g -> f",61,61,61,image_input_tokens,42,78000,256,256,0.01,2,"{""fixed_ranks"": [1, 2, 4, 8, 16, 32], ""variance_thresholds"": [0.9, 0.95]}",recorded_ood,79,0.07528150219456474,0.07480906478994649,0.021987557222878745,0.042576499548268726,1.0,0.0736025981685909,0.08821090269229183,0.057249593983260884,0.05329518212587632,0.04708291144214394,0.008701797135457885,,
/home/ubuntu/cogitao-research/checkpoints/cogitao_vit_cross_attention/cogitao_c1_experiment_4_vit6_function_mlp_cross_attention/run_000/last.ckpt,35f91e02d5b826c89f6b24f52abf83581220b4b6676009c59b6715b0b2251589,dfec9cbb2afe6616194c1fb41430c0c5d2bc4208,4,test_ood,crop_contours,double_right,double_right -> crop_contours,"pair (f,g): fgx=f(g(x)); task-token order [g,f] means g -> f",61,61,61,image_input_tokens,42,78000,256,256,0.01,2,"{""fixed_ranks"": [1, 2, 4, 8, 16, 32], ""variance_thresholds"": [0.9, 0.95]}",recorded_ood,26,0.06543413365931317,0.07719901716191754,0.014154889437117959,0.08864563434280182,1.0,0.06830981321085376,0.10393319777282313,0.08928803603926355,0.043447813590624745,0.030711800220269828,-0.007669314086416225,,
/home/ubuntu/cogitao-research/checkpoints/cogitao_vit_cross_attention/cogitao_c1_experiment_4_vit6_function_mlp_cross_attention/run_000/last.ckpt,35f91e02d5b826c89f6b24f52abf83581220b4b6676009c59b6715b0b2251589,dfec9cbb2afe6616194c1fb41430c0c5d2bc4208,4,test_ood,crop_contours,double_right,double_right -> crop_contours,"pair (f,g): fgx=f(g(x)); task-token order [g,f] means g -> f",61,61,61,image_input_tokens,42,78000,256,256,0.01,2,"{""fixed_ranks"": [1, 2, 4, 8, 16, 32], ""variance_thresholds"": [0.9, 0.95]}",recorded_ood,78,0.057250777387769874,0.0655394510427764,0.01618146516326837,0.05111964703307541,1.0,0.13006419638896302,0.09174239329449645,0.06015312329732444,0.035264457319081455,0.04000558501905994,0.001624470712373885,,
/home/ubuntu/cogitao-research/checkpoints/cogitao_vit_cross_attention/cogitao_c1_experiment_4_vit6_function_mlp_cross_attention/run_000/last.ckpt,35f91e02d5b826c89f6b24f52abf83581220b4b6676009c59b6715b0b2251589,dfec9cbb2afe6616194c1fb41430c0c5d2bc4208,4,test_ood,crop_contours,double_right,double_right -> crop_contours,"pair (f,g): fgx=f(g(x)); task-token order [g,f] means g -> f",61,61,61,image_input_tokens,42,78000,256,256,0.01,2,"{""fixed_ranks"": [1, 2, 4, 8, 16, 32], ""variance_thresholds"": [0.9, 0.95]}",recorded_ood,86,0.04823031660895219,0.06289784686471109,0.018866393540243186,0.03735109590539915,1.0,0.06968039444872798,0.07428211377469773,0.054788369557474015,0.026243996540263766,0.03644761541642572,-0.0019334988902603295,,
/home/ubuntu/cogitao-research/checkpoints/cogitao_vit_cross_attention/cogitao_c1_experiment_4_vit6_function_mlp_cross_attention/run_000/last.ckpt,35f91e02d5b826c89f6b24f52abf83581220b4b6676009c59b6715b0b2251589,dfec9cbb2afe6616194c1fb41430c0c5d2bc4208,4,test_ood,crop_contours,double_right,double_right -> crop_contours,"pair (f,g): fgx=f(g(x)); task-token order [g,f] means g -> f",61,61,61,image_input_tokens,42,78000,256,256,0.01,2,"{""fixed_ranks"": [1, 2, 4, 8, 16, 32], ""variance_thresholds"": [0.9, 0.95]}",recorded_ood,29,0.024892830892231824,0.03188700955632758,0.033086452611877176,0.08900964996819544,1.0,0.14143438591565866,0.046035037540299084,0.05387237436900467,0.002906510823543401,0.028701272533275632,-0.00967984177341042,,
/home/ubuntu/cogitao-research/checkpoints/cogitao_vit_cross_attention/cogitao_c1_experiment_4_vit6_function_mlp_cross_attention/run_000/last.ckpt,35f91e02d5b826c89f6b24f52abf83581220b4b6676009c59b6715b0b2251589,dfec9cbb2afe6616194c1fb41430c0c5d2bc4208,4,test_ood,crop_contours,double_right,double_right -> crop_contours,"pair (f,g): fgx=f(g(x)); task-token order [g,f] means g -> f",61,61,61,image_input_tokens,42,78000,256,256,0.01,2,"{""fixed_ranks"": [1, 2, 4, 8, 16, 32], ""variance_thresholds"": [0.9, 0.95]}",recorded_ood,17,0.03490529750290224,0.04624303403467204,0.01956662566003958,0.05957423748415904,1.0,0.09959843775531488,0.07453705153265908,0.059252631003158404,0.01291897743421382,0.03394826247249502,-0.00443285183419103,,
/home/ubuntu/cogitao-research/checkpoints/cogitao_vit_cross_attention/cogitao_c1_experiment_4_vit6_function_mlp_cross_attention/run_000/last.ckpt,35f91e02d5b826c89f6b24f52abf83581220b4b6676009c59b6715b0b2251589,dfec9cbb2afe6616194c1fb41430c0c5d2bc4208,4,test_ood,crop_contours,double_right,double_right -> crop_contours,"pair (f,g): fgx=f(g(x)); task-token order [g,f] means g -> f",61,61,61,image_input_tokens,42,78000,256,256,0.01,2,"{""fixed_ranks"": [1, 2, 4, 8, 16, 32], ""variance_thresholds"": [0.9, 0.95]}",recorded_ood,39,0.05571207079212642,0.0647676531849999,0.0486378649738387,0.09165171468931715,1.0,0.11260338198690086,0.0870634391450929,0.07390214165273977,0.033725750723438,0.04240970809305026,0.004028593786364207,,
/home/ubuntu/cogitao-research/checkpoints/cogitao_vit_cross_attention/cogitao_c1_experiment_4_vit6_function_mlp_cross_attention/run_000/last.ckpt,35f91e02d5b826c89f6b24f52abf83581220b4b6676009c59b6715b0b2251589,dfec9cbb2afe6616194c1fb41430c0c5d2bc4208,4,test_ood,crop_contours,double_right,double_right -> crop_contours,"pair (f,g): fgx=f(g(x)); task-token order [g,f] means g -> f",61,61,61,image_input_tokens,42,78000,256,256,0.01,2,"{""fixed_ranks"": [1, 2, 4, 8, 16, 32], ""variance_thresholds"": [0.9, 0.95]}",recorded_ood,91,0.026588377923178193,0.024000424240549843,0.00991830906553433,0.025540780001600587,1.0,0.04743526548402003,0.03630985292295947,0.02253180631688961,0.00460205785448977,0.025003156381664865,-0.013377957925021187,,
/home/ubuntu/cogitao-research/checkpoints/cogitao_vit_cross_attention/cogitao_c1_experiment_4_vit6_function_mlp_cross_attention/run_000/last.ckpt,35f91e02d5b826c89f6b24f52abf83581220b4b6676009c59b6715b0b2251589,dfec9cbb2afe6616194c1fb41430c0c5d2bc4208,4,test_ood,crop_contours,double_right,double_right -> crop_contours,"pair (f,g): fgx=f(g(x)); task-token order [g,f] means g -> f",61,61,61,image_input_tokens,42,78000,256,256,0.01,2,"{""fixed_ranks"": [1, 2, 4, 8, 16, 32], ""variance_thresholds"": [0.9, 0.95]}",recorded_ood,40,0.061896128594569805,0.0723377741918635,0.011068903085205088,0.0740048296099061,1.0,0.08269288957242299,0.09430506399772044,0.07850891425084955,0.039909808525881385,0.03513101041737277,-0.00325010388931328,,
/home/ubuntu/cogitao-research/checkpoints/cogitao_vit_cross_attention/cogitao_c1_experiment_4_vit6_function_mlp_cross_attention/run_000/last.ckpt,35f91e02d5b826c89f6b24f52abf83581220b4b6676009c59b6715b0b2251589,dfec9cbb2afe6616194c1fb41430c0c5d2bc4208,4,test_ood,crop_contours,double_right,double_right -> crop_contours,"pair (f,g): fgx=f(g(x)); task-token order [g,f] means g -> f",61,61,61,image_input_tokens,42,78000,256,256,0.01,2,"{""fixed_ranks"": [1, 2, 4, 8, 16, 32], ""variance_thresholds"": [0.9, 0.95]}",recorded_ood,95,0.08827975938632951,0.08866141050696247,0.0268721591663151,0.08882369289179302,1.0,0.14208133783503984,0.12571326172709227,0.08086944641752129,0.06629343931764109,0.04277144941635747,0.00439033510967142,,
/home/ubuntu/cogitao-research/checkpoints/cogitao_vit_cross_attention/cogitao_c1_experiment_4_vit6_function_mlp_cross_attention/run_000/last.ckpt,35f91e02d5b826c89f6b24f52abf83581220b4b6676009c59b6715b0b2251589,dfec9cbb2afe6616194c1fb41430c0c5d2bc4208,4,test_ood,crop_contours,double_right,double_right -> crop_contours,"pair (f,g): fgx=f(g(x)); task-token order [g,f] means g -> f",61,61,61,image_input_tokens,42,78000,256,256,0.01,2,"{""fixed_ranks"": [1, 2, 4, 8, 16, 32], ""variance_thresholds"": [0.9, 0.95]}",recorded_ood,84,0.04447717497017642,0.04713112258190951,0.02483475822763841,0.084971462825614,1.0,0.11165121661483239,0.08305600158518035,0.055974781148558465,0.022490854901487996,0.016103555501501752,-0.0222775588051843,,
/home/ubuntu/cogitao-research/checkpoints/cogitao_vit_cross_attention/cogitao_c1_experiment_4_vit6_function_mlp_cross_attention/run_000/last.ckpt,35f91e02d5b826c89f6b24f52abf83581220b4b6676009c59b6715b0b2251589,dfec9cbb2afe6616194c1fb41430c0c5d2bc4208,4,test_ood,crop_contours,double_right,double_right -> crop_contours,"pair (f,g): fgx=f(g(x)); task-token order [g,f] means g -> f",61,61,61,image_input_tokens,42,78000,256,256,0.01,2,"{""fixed_ranks"": [1, 2, 4, 8, 16, 32], ""variance_thresholds"": [0.9, 0.95]}",recorded_ood,63,0.06534693941894343,0.06736708562714556,0.02906302798942572,0.11055519730419547,1.0,0.23028003569906902,0.09339548175425243,0.05717477151299212,0.04336061935025501,0.02866608983685614,-0.009715024469829914,,
/home/ubuntu/cogitao-research/checkpoints/cogitao_vit_cross_attention/cogitao_c1_experiment_4_vit6_function_mlp_cross_attention/run_000/last.ckpt,35f91e02d5b826c89f6b24f52abf83581220b4b6676009c59b6715b0b2251589,dfec9cbb2afe6616194c1fb41430c0c5d2bc4208,4,test_ood,crop_contours,double_right,double_right -> crop_contours,"pair (f,g): fgx=f(g(x)); task-token order [g,f] means g -> f",61,61,61,image_input_tokens,42,78000,256,256,0.01,2,"{""fixed_ranks"": [1, 2, 4, 8, 16, 32], ""variance_thresholds"": [0.9, 0.95]}",recorded_ood,3,0.06906029037303305,0.0796385956519653,0.024012383479212102,0.08702954992922499,1.0,0.07924048393734559,0.11036731593603857,0.0792383505476341,0.047073970304344626,0.03090074423001011,-0.0074803700766759434,,
/home/ubuntu/cogitao-research/checkpoints/cogitao_vit_cross_attention/cogitao_c1_experiment_4_vit6_function_mlp_cross_attention/run_000/last.ckpt,35f91e02d5b826c89f6b24f52abf83581220b4b6676009c59b6715b0b2251589,dfec9cbb2afe6616194c1fb41430c0c5d2bc4208,4,test_ood,crop_contours,double_right,double_right -> crop_contours,"pair (f,g): fgx=f(g(x)); task-token order [g,f] means g -> f",61,61,61,image_input_tokens,42,78000,256,256,0.01,2,"{""fixed_ranks"": [1, 2, 4, 8, 16, 32], ""variance_thresholds"": [0.9, 0.95]}",recorded_ood,83,0.050023694674904584,0.06455956248790858,0.031242808820983195,0.17642564997808705,1.0,0.25967631643058453,0.11080408178341258,0.08394414659478555,0.02803737460621616,0.05355598143433415,0.015174867127648095,,
/home/ubuntu/cogitao-research/checkpoints/cogitao_vit_cross_attention/cogitao_c1_experiment_4_vit6_function_mlp_cross_attention/run_000/last.ckpt,35f91e02d5b826c89f6b24f52abf83581220b4b6676009c59b6715b0b2251589,dfec9cbb2afe6616194c1fb41430c0c5d2bc4208,4,test_ood,crop_contours,double_right,double_right -> crop_contours,"pair (f,g): fgx=f(g(x)); task-token order [g,f] means g -> f",61,61,61,image_input_tokens,42,78000,256,256,0.01,2,"{""fixed_ranks"": [1, 2, 4, 8, 16, 32], ""variance_thresholds"": [0.9, 0.95]}",recorded_ood,93,0.0622188382292207,0.08131480635853437,0.03406421316753701,0.11564017534901744,1.0,0.10698809407585508,0.12432572098772329,0.08848240696603159,0.04023251816053228,0.04629153606584161,0.007910421759155559,,
/home/ubuntu/cogitao-research/checkpoints/cogitao_vit_cross_attention/cogitao_c1_experiment_4_vit6_function_mlp_cross_attention/run_000/last.ckpt,35f91e02d5b826c89f6b24f52abf83581220b4b6676009c59b6715b0b2251589,dfec9cbb2afe6616194c1fb41430c0c5d2bc4208,4,test_ood,crop_contours,double_right,double_right -> crop_contours,"pair (f,g): fgx=f(g(x)); task-token order [g,f] means g -> f",61,61,61,image_input_tokens,42,78000,256,256,0.01,2,"{""fixed_ranks"": [1, 2, 4, 8, 16, 32], ""variance_thresholds"": [0.9, 0.95]}",recorded_ood,20,0.07151888047254423,0.06731352454227384,0.015504225650110247,0.09038677001288993,1.0,0.09016035847085789,0.10990808163961269,0.07597376160251378,0.04953256040385581,0.009688271522173565,-0.028692842784512486,,
/home/ubuntu/cogitao-research/checkpoints/cogitao_vit_cross_attention/cogitao_c1_experiment_4_vit6_function_mlp_cross_attention/run_000/last.ckpt,35f91e02d5b826c89f6b24f52abf83581220b4b6676009c59b6715b0b2251589,dfec9cbb2afe6616194c1fb41430c0c5d2bc4208,4,test_ood,crop_contours,double_right,double_right -> crop_contours,"pair (f,g): fgx=f(g(x)); task-token order [g,f] means g -> f",61,61,61,image_input_tokens,42,78000,256,256,0.01,2,"{""fixed_ranks"": [1, 2, 4, 8, 16, 32], ""variance_thresholds"": [0.9, 0.95]}",recorded_ood,87,0.052834416876256896,0.057632999820801945,0.03560469203424194,0.11602078642437172,1.0,0.19839185045725607,0.03820291751926622,0.05046500942324289,0.030848096807568472,0.020443229748843716,-0.017937884557842336,,
/home/ubuntu/cogitao-research/checkpoints/cogitao_vit_cross_attention/cogitao_c1_experiment_4_vit6_function_mlp_cross_attention/run_000/last.ckpt,35f91e02d5b826c89f6b24f52abf83581220b4b6676009c59b6715b0b2251589,dfec9cbb2afe6616194c1fb41430c0c5d2bc4208,4,test_ood,crop_contours,double_right,double_right -> crop_contours,"pair (f,g): fgx=f(g(x)); task-token order [g,f] means g -> f",61,61,61,image_input_tokens,42,78000,256,256,0.01,2,"{""fixed_ranks"": [1, 2, 4, 8, 16, 32], ""variance_thresholds"": [0.9, 0.95]}",recorded_ood,43,0.050011690853798765,0.040246554432675184,0.023215777546442565,0.05020385237652722,1.0,0.10507931267235289,0.07103421710205089,0.04409060889410601,0.028025370785110342,0.035998533296207676,-0.0023825810104783768,0.09911526393210567,
/home/ubuntu/cogitao-research/checkpoints/cogitao_vit_cross_attention/cogitao_c1_experiment_4_vit6_function_mlp_cross_attention/run_000/last.ckpt,35f91e02d5b826c89f6b24f52abf83581220b4b6676009c59b6715b0b2251589,dfec9cbb2afe6616194c1fb41430c0c5d2bc4208,4,test_ood,crop_contours,double_right,double_right -> crop_contours,"pair (f,g): fgx=f(g(x)); task-token order [g,f] means g -> f",61,61,61,image_input_tokens,42,78000,256,256,0.01,2,"{""fixed_ranks"": [1, 2, 4, 8, 16, 32], ""variance_thresholds"": [0.9, 0.95]}",recorded_ood,73,0.05281765982983637,0.055628579109992714,0.023742376179449805,0.07013077018764491,1.0,0.08172552127007986,0.10687358362617667,0.06384540042152352,0.030831339761147946,0.01805704034197016,-0.020324073964715892,0.12849695130472452,
/home/ubuntu/cogitao-research/checkpoints/cogitao_vit_cross_attention/cogitao_c1_experiment_4_vit6_function_mlp_cross_attention/run_000/last.ckpt,35f91e02d5b826c89f6b24f52abf83581220b4b6676009c59b6715b0b2251589,dfec9cbb2afe6616194c1fb41430c0c5d2bc4208,4,test_ood,crop_contours,double_right,double_right -> crop_contours,"pair (f,g): fgx=f(g(x)); task-token order [g,f] means g -> f",61,61,61,image_input_tokens,42,78000,256,256,0.01,2,"{""fixed_ranks"": [1, 2, 4, 8, 16, 32], ""variance_thresholds"": [0.9, 0.95]}",recorded_ood,75,0.07644401878421404,0.08462504194971274,0.032609502751946004,0.07777874346612883,1.0,0.08953192627459765,0.13134352573168664,0.09113750528884271,0.054457698715525624,0.01923821836739614,-0.019142895939289913,0.199284812822895,
/home/ubuntu/cogitao-research/checkpoints/cogitao_vit_cross_attention/cogitao_c1_experiment_4_vit6_function_mlp_cross_attention/run_000/last.ckpt,35f91e02d5b826c89f6b24f52abf83581220b4b6676009c59b6715b0b2251589,dfec9cbb2afe6616194c1fb41430c0c5d2bc4208,4,test_ood,crop_contours,double_right,double_right -> crop_contours,"pair (f,g): fgx=f(g(x)); task-token order [g,f] means g -> f",61,61,61,image_input_tokens,42,78000,256,256,0.01,2,"{""fixed_ranks"": [1, 2, 4, 8, 16, 32], ""variance_thresholds"": [0.9, 0.95]}",recorded_ood,23,0.05534344195349208,0.06310433531229637,0.012041610938254944,0.05964210214358828,1.0,0.0875454270060583,0.09363641035920015,0.062129651249916755,0.03335712188480365,0.035990226908599966,-0.002390887398086086,0.11750970744803059,
/home/ubuntu/cogitao-research/checkpoints/cogitao_vit_cross_attention/cogitao_c1_experiment_4_vit6_function_mlp_cross_attention/run_000/last.ckpt,35f91e02d5b826c89f6b24f52abf83581220b4b6676009c59b6715b0b2251589,dfec9cbb2afe6616194c1fb41430c0c5d2bc4208,4,test_ood,crop_contours,double_right,double_right -> crop_contours,"pair (f,g): fgx=f(g(x)); task-token order [g,f] means g -> f",61,61,61,image_input_tokens,42,78000,256,256,0.01,2,"{""fixed_ranks"": [1, 2, 4, 8, 16, 32], ""variance_thresholds"": [0.9, 0.95]}",recorded_ood,96,0.04032317863331621,0.042494163869381166,0.02406561698642081,0.11731189618668068,1.0,0.2416369295309272,0.039594843716184436,0.04189678083213129,0.01833685856462779,0.02347023933163514,-0.014910874975050913,0.11193040517555092,
/home/ubuntu/cogitao-research/checkpoints/cogitao_vit_cross_attention/cogitao_c1_experiment_4_vit6_function_mlp_cross_attention/run_000/last.ckpt,35f91e02d5b826c89f6b24f52abf83581220b4b6676009c59b6715b0b2251589,dfec9cbb2afe6616194c1fb41430c0c5d2bc4208,4,test_ood,crop_contours,double_right,double_right -> crop_contours,"pair (f,g): fgx=f(g(x)); task-token order [g,f] means g -> f",61,61,61,image_input_tokens,42,78000,256,256,0.01,2,"{""fixed_ranks"": [1, 2, 4, 8, 16, 32], ""variance_thresholds"": [0.9, 0.95]}",recorded_ood,69,0.059215578847814504,0.06333747313810077,0.026006007762920464,0.07576826779230117,1.0,0.09316326663692008,0.09818870882121876,0.06393855617855729,0.037229258779126084,0.03383278417991894,-0.004548330126767114,0.09640432657859108,
/home/ubuntu/cogitao-research/checkpoints/cogitao_vit_cross_attention/cogitao_c1_experiment_4_vit6_function_mlp_cross_attention/run_000/last.ckpt,35f91e02d5b826c89f6b24f52abf83581220b4b6676009c59b6715b0b2251589,dfec9cbb2afe6616194c1fb41430c0c5d2bc4208,4,test_ood,crop_contours,double_right,double_right -> crop_contours,"pair (f,g): fgx=f(g(x)); task-token order [g,f] means g -> f",61,61,61,image_input_tokens,42,78000,256,256,0.01,2,"{""fixed_ranks"": [1, 2, 4, 8, 16, 32], ""variance_thresholds"": [0.9, 0.95]}",recorded_ood,15,0.07202225182201909,0.07750058656597329,0.021074373017029958,0.10142260539424829,1.0,0.06603115995310373,0.12068973885194603,0.07848414214163608,0.05003593175333067,0.03037959476266854,-0.008001519544017514,0.07744062186885028,
/home/ubuntu/cogitao-research/checkpoints/cogitao_vit_cross_attention/cogitao_c1_experiment_4_vit6_function_mlp_cross_attention/run_000/last.ckpt,35f91e02d5b826c89f6b24f52abf83581220b4b6676009c59b6715b0b2251589,dfec9cbb2afe6616194c1fb41430c0c5d2bc4208,4,test_ood,crop_contours,double_right,double_right -> crop_contours,"pair (f,g): fgx=f(g(x)); task-token order [g,f] means g -> f",61,61,61,image_input_tokens,42,78000,256,256,0.01,2,"{""fixed_ranks"": [1, 2, 4, 8, 16, 32], ""variance_thresholds"": [0.9, 0.95]}",recorded_ood,55,0.040758831446010925,0.040468581556500814,0.012314501601174772,0.07320266501031332,1.0,0.0780089422163351,0.06636674226039106,0.0464113348243051,0.018772511377322502,0.02962001995215033,-0.00876109435453572,0.060211557074688005,
/home/ubuntu/cogitao-research/checkpoints/cogitao_vit_cross_attention/cogitao_c1_experiment_4_vit6_function_mlp_cross_attention/run_000/last.ckpt,35f91e02d5b826c89f6b24f52abf83581220b4b6676009c59b6715b0b2251589,dfec9cbb2afe6616194c1fb41430c0c5d2bc4208,4,test_ood,crop_contours,double_right,double_right -> crop_contours,"pair (f,g): fgx=f(g(x)); task-token order [g,f] means g -> f",61,61,61,image_input_tokens,42,78000,256,256,0.01,2,"{""fixed_ranks"": [1, 2, 4, 8, 16, 32], ""variance_thresholds"": [0.9, 0.95]}",recorded_ood,62,0.044393779942722235,0.06267258385262298,0.018930618356462862,0.06999481700992335,1.0,0.15069803201134332,0.08542471583709049,0.05207282313572439,0.02240745987403381,0.03194628378827302,-0.00643483051841303,0.15612877214542117,
/home/ubuntu/cogitao-research/checkpoints/cogitao_vit_cross_attention/cogitao_c1_experiment_4_vit6_function_mlp_cross_attention/run_000/last.ckpt,35f91e02d5b826c89f6b24f52abf83581220b4b6676009c59b6715b0b2251589,dfec9cbb2afe6616194c1fb41430c0c5d2bc4208,4,test_ood,crop_contours,double_right,double_right -> crop_contours,"pair (f,g): fgx=f(g(x)); task-token order [g,f] means g -> f",61,61,61,image_input_tokens,42,78000,256,256,0.01,2,"{""fixed_ranks"": [1, 2, 4, 8, 16, 32], ""variance_thresholds"": [0.9, 0.95]}",recorded_ood,31,0.04227792623624325,0.04602385235771659,0.012948638526913667,0.07973309056007855,1.0,0.17909172208349766,0.09536112541030965,0.05553360152093875,0.020291606167554824,0.028931742235764044,-0.009449372070922009,0.3217023925897481,
/home/ubuntu/cogitao-research/checkpoints/cogitao_vit_cross_attention/cogitao_c1_experiment_4_vit6_function_mlp_cross_attention/run_000/last.ckpt,35f91e02d5b826c89f6b24f52abf83581220b4b6676009c59b6715b0b2251589,dfec9cbb2afe6616194c1fb41430c0c5d2bc4208,4,test_ood,crop_contours,double_right,double_right -> crop_contours,"pair (f,g): fgx=f(g(x)); task-token order [g,f] means g -> f",61,61,61,image_input_tokens,42,78000,256,256,0.01,2,"{""fixed_ranks"": [1, 2, 4, 8, 16, 32], ""variance_thresholds"": [0.9, 0.95]}",recorded_ood,72,0.045057133918777824,0.04686848561584081,0.024915687232073946,0.05531949613226569,1.0,0.0987864781211767,0.06675766358535754,0.05073321951158306,0.0230708138500894,0.019988703873755207,-0.018392410432930845,0.0774903730282541,
/home/ubuntu/cogitao-research/checkpoints/cogitao_vit_cross_attention/cogitao_c1_experiment_4_vit6_function_mlp_cross_attention/run_000/last.ckpt,35f91e02d5b826c89f6b24f52abf83581220b4b6676009c59b6715b0b2251589,dfec9cbb2afe6616194c1fb41430c0c5d2bc4208,4,test_ood,crop_contours,double_right,double_right -> crop_contours,"pair (f,g): fgx=f(g(x)); task-token order [g,f] means g -> f",61,61,61,image_input_tokens,42,78000,256,256,0.01,2,"{""fixed_ranks"": [1, 2, 4, 8, 16, 32], ""variance_thresholds"": [0.9, 0.95]}",recorded_ood,67,0.06700507569328983,0.06884842852999784,0.03981381047668104,0.1006387743257396,1.0,0.1684720381368974,0.08733894344186387,0.07554728870945462,0.045018755624601406,0.048020464888181055,0.009639350581495003,0.13925634853901028,
/home/ubuntu/cogitao-research/checkpoints/cogitao_vit_cross_attention/cogitao_c1_experiment_4_vit6_function_mlp_cross_attention/run_000/last.ckpt,35f91e02d5b826c89f6b24f52abf83581220b4b6676009c59b6715b0b2251589,dfec9cbb2afe6616194c1fb41430c0c5d2bc4208,4,test_ood,crop_contours,double_right,double_right -> crop_contours,"pair (f,g): fgx=f(g(x)); task-token order [g,f] means g -> f",61,61,61,image_input_tokens,42,78000,256,256,0.01,2,"{""fixed_ranks"": [1, 2, 4, 8, 16, 32], ""variance_thresholds"": [0.9, 0.95]}",recorded_ood,34,0.06115470594046705,0.05806722295799626,0.015959191334697746,0.0894177324036907,1.0,0.08462188716584847,0.08797401669784002,0.05792039244193599,0.03916838587177862,0.02470976095228651,-0.013671353354399542,0.088599559516644,
/home/ubuntu/cogitao-research/checkpoints/cogitao_vit_cross_attention/cogitao_c1_experiment_4_vit6_function_mlp_cross_attention/run_000/last.ckpt,35f91e02d5b826c89f6b24f52abf83581220b4b6676009c59b6715b0b2251589,dfec9cbb2afe6616194c1fb41430c0c5d2bc4208,4,test_ood,crop_contours,double_right,double_right -> crop_contours,"pair (f,g): fgx=f(g(x)); task-token order [g,f] means g -> f",61,61,61,image_input_tokens,42,78000,256,256,0.01,2,"{""fixed_ranks"": [1, 2, 4, 8, 16, 32], ""variance_thresholds"": [0.9, 0.95]}",recorded_ood,58,0.054269967684762534,0.05334655950529999,0.014277931067698873,0.05647279268656737,1.0,0.09430337695699609,0.08382602347191699,0.048981291346133646,0.03228364761607411,0.023238670083699838,-0.015142444222986214,0.12278369105342826,
/home/ubuntu/cogitao-research/checkpoints/cogitao_vit_cross_attention/cogitao_c1_experiment_4_vit6_function_mlp_cross_attention/run_000/last.ckpt,35f91e02d5b826c89f6b24f52abf83581220b4b6676009c59b6715b0b2251589,dfec9cbb2afe6616194c1fb41430c0c5d2bc4208,4,test_ood,crop_contours,double_right,double_right -> crop_contours,"pair (f,g): fgx=f(g(x)); task-token order [g,f] means g -> f",61,61,61,image_input_tokens,42,78000,256,256,0.01,2,"{""fixed_ranks"": [1, 2, 4, 8, 16, 32], ""variance_thresholds"": [0.9, 0.95]}",recorded_ood,74,0.0361153870874331,0.031008056470601106,0.029485907920372343,0.08536909241659363,1.0,0.17558482477209617,0.06940613087461532,0.04331947108551221,0.014129067018744678,0.035319248218788464,-0.0030618660878975884,0.1662204035846093,
/home/ubuntu/cogitao-research/checkpoints/cogitao_vit_cross_attention/cogitao_c1_experiment_4_vit6_function_mlp_cross_attention/run_000/last.ckpt,35f91e02d5b826c89f6b24f52abf83581220b4b6676009c59b6715b0b2251589,dfec9cbb2afe6616194c1fb41430c0c5d2bc4208,4,test_ood,crop_contours,double_right,double_right -> crop_contours,"pair (f,g): fgx=f(g(x)); task-token order [g,f] means g -> f",61,61,61,image_input_tokens,42,78000,256,256,0.01,2,"{""fixed_ranks"": [1, 2, 4, 8, 16, 32], ""variance_thresholds"": [0.9, 0.95]}",recorded_ood,54,0.04832147678214248,0.05425492639098975,0.026636815025149304,0.061978440409785215,1.0,0.07165165013166458,0.07117968212835017,0.05348583145031548,0.026335156713454055,0.015789961316941808,-0.022591152989744245,0.06480171057087858,
/home/ubuntu/cogitao-research/checkpoints/cogitao_vit_cross_attention/cogitao_c1_experiment_4_vit6_function_mlp_cross_attention/run_000/last.ckpt,35f91e02d5b826c89f6b24f52abf83581220b4b6676009c59b6715b0b2251589,dfec9cbb2afe6616194c1fb41430c0c5d2bc4208,4,test_ood,crop_contours,double_right,double_right -> crop_contours,"pair (f,g): fgx=f(g(x)); task-token order [g,f] means g -> f",61,61,61,image_input_tokens,42,78000,256,256,0.01,2,"{""fixed_ranks"": [1, 2, 4, 8, 16, 32], ""variance_thresholds"": [0.9, 0.95]}",recorded_ood,49,0.06477557737776324,0.07194803454898144,0.03096089088750749,0.17145337776782532,1.0,0.19096106946621771,0.1352305228330812,0.09708980908492036,0.04278925730907482,0.0236093218845435,-0.014771792422142552,0.15314490230055047,
/home/ubuntu/cogitao-research/checkpoints/cogitao_vit_cross_attention/cogitao_c1_experiment_4_vit6_function_mlp_cross_attention/run_000/last.ckpt,35f91e02d5b826c89f6b24f52abf83581220b4b6676009c59b6715b0b2251589,dfec9cbb2afe6616194c1fb41430c0c5d2bc4208,4,test_ood,crop_contours,double_right,double_right -> crop_contours,"pair (f,g): fgx=f(g(x)); task-token order [g,f] means g -> f",61,61,61,image_input_tokens,42,78000,256,256,0.01,2,"{""fixed_ranks"": [1, 2, 4, 8, 16, 32], ""variance_thresholds"": [0.9, 0.95]}",recorded_ood,6,0.06584642014342426,0.06447468722799145,0.0320147964195524,0.10047120685752425,1.0,0.16873683691520758,0.053989373073285496,0.05846279597176087,0.04386010007473584,0.03149161372934845,-0.006889500577337601,0.16197882097810326,
/home/ubuntu/cogitao-research/checkpoints/cogitao_vit_cross_attention/cogitao_c1_experiment_4_vit6_function_mlp_cross_attention/run_000/last.ckpt,35f91e02d5b826c89f6b24f52abf83581220b4b6676009c59b6715b0b2251589,dfec9cbb2afe6616194c1fb41430c0c5d2bc4208,4,test_ood,crop_contours,double_right,double_right -> crop_contours,"pair (f,g): fgx=f(g(x)); task-token order [g,f] means g -> f",61,61,61,image_input_tokens,42,78000,256,256,0.01,2,"{""fixed_ranks"": [1, 2, 4, 8, 16, 32], ""variance_thresholds"": [0.9, 0.95]}",recorded_ood,90,0.05974394468560318,0.06429602090102925,0.02533967922340511,0.1507475161612947,1.0,0.18942895491518147,0.10837342964552751,0.05634734000356227,0.03775762461691476,0.033779787736489195,-0.004601326570196858,0.1686106174729866,
/home/ubuntu/cogitao-research/checkpoints/cogitao_vit_cross_attention/cogitao_c1_experiment_4_vit6_function_mlp_cross_attention/run_000/last.ckpt,35f91e02d5b826c89f6b24f52abf83581220b4b6676009c59b6715b0b2251589,dfec9cbb2afe6616194c1fb41430c0c5d2bc4208,4,test_ood,crop_contours,double_right,double_right -> crop_contours,"pair (f,g): fgx=f(g(x)); task-token order [g,f] means g -> f",61,61,61,image_input_tokens,42,78000,256,256,0.01,2,"{""fixed_ranks"": [1, 2, 4, 8, 16, 32], ""variance_thresholds"": [0.9, 0.95]}",recorded_ood,11,0.03669813710695501,0.05039412904715785,0.03530479537226472,0.05450914995279211,1.0,0.1438555946451847,0.027937266968627146,0.0414247553910927,0.01471181703826659,0.017663372642447193,-0.02071774166423886,0.07611814326155636,
/home/ubuntu/cogitao-research/checkpoints/cogitao_vit_cross_attention/cogitao_c1_experiment_4_vit6_function_mlp_cross_attention/run_000/last.ckpt,35f91e02d5b826c89f6b24f52abf83581220b4b6676009c59b6715b0b2251589,dfec9cbb2afe6616194c1fb41430c0c5d2bc4208,4,test_ood,crop_contours,double_right,double_right -> crop_contours,"pair (f,g): fgx=f(g(x)); task-token order [g,f] means g -> f",61,61,61,image_input_tokens,42,78000,256,256,0.01,2,"{""fixed_ranks"": [1, 2, 4, 8, 16, 32], ""variance_thresholds"": [0.9, 0.95]}",recorded_ood,85,0.06445980512327848,0.06862668720851253,0.02766142560015555,0.09054190741691356,1.0,0.09600473714967434,0.0957626034976313,0.06483389827131014,0.04247348505459006,0.034104929430608846,-0.004276184876077206,0.10383965391752446,
/home/ubuntu/cogitao-research/checkpoints/cogitao_vit_cross_attention/cogitao_c1_experiment_4_vit6_function_mlp_cross_attention/run_000/last.ckpt,35f91e02d5b826c89f6b24f52abf83581220b4b6676009c59b6715b0b2251589,dfec9cbb2afe6616194c1fb41430c0c5d2bc4208,4,test_ood,crop_contours,double_right,double_right -> crop_contours,"pair (f,g): fgx=f(g(x)); task-token order [g,f] means g -> f",61,61,61,image_input_tokens,42,78000,256,256,0.01,2,"{""fixed_ranks"": [1, 2, 4, 8, 16, 32], ""variance_thresholds"": [0.9, 0.95]}",recorded_ood,22,0.029642986201732707,0.023232147059011655,0.027751965986680567,0.11206142768043768,1.0,0.15621386256540823,0.05016908761816173,0.028942579514042346,0.007656666133044283,0.030778868799815447,-0.007602245506870605,0.23227372532070856,
/home/ubuntu/cogitao-research/checkpoints/cogitao_vit_cross_attention/cogitao_c1_experiment_4_vit6_function_mlp_cross_attention/run_000/last.ckpt,35f91e02d5b826c89f6b24f52abf83581220b4b6676009c59b6715b0b2251589,dfec9cbb2afe6616194c1fb41430c0c5d2bc4208,4,test_ood,crop_contours,double_right,double_right -> crop_contours,"pair (f,g): fgx=f(g(x)); task-token order [g,f] means g -> f",61,61,61,image_input_tokens,42,78000,256,256,0.01,2,"{""fixed_ranks"": [1, 2, 4, 8, 16, 32], ""variance_thresholds"": [0.9, 0.95]}",recorded_ood,19,0.035995879368083836,0.059170396050828196,0.016124456971783264,0.10618861051174684,1.0,0.14093295596548477,0.11026602294034873,0.07421073576164605,0.014009559299395413,0.043559589929030085,0.005178475622344032,0.11502455975838692,
/home/ubuntu/cogitao-research/checkpoints/cogitao_vit_cross_attention/cogitao_c1_experiment_4_vit6_function_mlp_cross_attention/run_000/last.ckpt,35f91e02d5b826c89f6b24f52abf83581220b4b6676009c59b6715b0b2251589,dfec9cbb2afe6616194c1fb41430c0c5d2bc4208,4,test_ood,crop_contours,double_right,double_right -> crop_contours,"pair (f,g): fgx=f(g(x)); task-token order [g,f] means g -> f",61,61,61,image_input_tokens,42,78000,256,256,0.01,2,"{""fixed_ranks"": [1, 2, 4, 8, 16, 32], ""variance_thresholds"": [0.9, 0.95]}",recorded_ood,64,0.06486018866579199,0.0695531810698647,0.02306632017993901,0.07771986764416691,1.0,0.1606736576878813,0.08856817148303948,0.048164181994180696,0.04287386859710357,0.054898582566728894,0.016517468260042842,0.1521508065238095,
/home/ubuntu/cogitao-research/checkpoints/cogitao_vit_cross_attention/cogitao_c1_experiment_4_vit6_function_mlp_cross_attention/run_000/last.ckpt,35f91e02d5b826c89f6b24f52abf83581220b4b6676009c59b6715b0b2251589,dfec9cbb2afe6616194c1fb41430c0c5d2bc4208,4,test_ood,crop_contours,double_right,double_right -> crop_contours,"pair (f,g): fgx=f(g(x)); task-token order [g,f] means g -> f",61,61,61,image_input_tokens,42,78000,256,256,0.01,2,"{""fixed_ranks"": [1, 2, 4, 8, 16, 32], ""variance_thresholds"": [0.9, 0.95]}",recorded_ood,47,0.01626293981505436,0.02300230294724938,0.021971172376666067,0.036581649978918045,1.0,0.08894773102313441,0.01720097717081233,0.027099750324700803,-0.005723380253634062,0.023255810458848444,-0.015125303847837609,0.06402686700676966,
/home/ubuntu/cogitao-research/checkpoints/cogitao_vit_cross_attention/cogitao_c1_experiment_4_vit6_function_mlp_cross_attention/run_000/last.ckpt,35f91e02d5b826c89f6b24f52abf83581220b4b6676009c59b6715b0b2251589,dfec9cbb2afe6616194c1fb41430c0c5d2bc4208,4,test_ood,crop_contours,double_right,double_right -> crop_contours,"pair (f,g): fgx=f(g(x)); task-token order [g,f] means g -> f",61,61,61,image_input_tokens,42,78000,256,256,0.01,2,"{""fixed_ranks"": [1, 2, 4, 8, 16, 32], ""variance_thresholds"": [0.9, 0.95]}",recorded_ood,12,0.05925908349341261,0.06038679799225418,0.02665533027445354,0.0944290128169223,1.0,0.12905079796114113,0.10160594067492158,0.06854533143648932,0.03727276342472419,0.02583823076566773,-0.012542883541018322,0.12414855269105951,
/home/ubuntu/cogitao-research/checkpoints/cogitao_vit_cross_attention/cogitao_c1_experiment_4_vit6_function_mlp_cross_attention/run_000/last.ckpt,35f91e02d5b826c89f6b24f52abf83581220b4b6676009c59b6715b0b2251589,dfec9cbb2afe6616194c1fb41430c0c5d2bc4208,4,test_ood,crop_contours,double_right,double_right -> crop_contours,"pair (f,g): fgx=f(g(x)); task-token order [g,f] means g -> f",61,61,61,image_input_tokens,42,78000,256,256,0.01,2,"{""fixed_ranks"": [1, 2, 4, 8, 16, 32], ""variance_thresholds"": [0.9, 0.95]}",recorded_ood,14,0.06243327148485813,0.06426788716311373,0.021172191105164082,0.06761944409732511,1.0,0.06206557638973207,0.08865848212113309,0.06180441112871406,0.040446951416169705,0.02681613106887115,-0.011564983237814904,0.09977245021714759,
/home/ubuntu/cogitao-research/checkpoints/cogitao_vit_cross_attention/cogitao_c1_experiment_4_vit6_function_mlp_cross_attention/run_000/last.ckpt,35f91e02d5b826c89f6b24f52abf83581220b4b6676009c59b6715b0b2251589,dfec9cbb2afe6616194c1fb41430c0c5d2bc4208,4,test_ood,crop_contours,double_right,double_right -> crop_contours,"pair (f,g): fgx=f(g(x)); task-token order [g,f] means g -> f",61,61,61,image_input_tokens,42,78000,256,256,0.01,2,"{""fixed_ranks"": [1, 2, 4, 8, 16, 32], ""variance_thresholds"": [0.9, 0.95]}",recorded_ood,66,0.046688231054279335,0.029335214639440794,0.015350514677466523,0.1085382722514589,1.0,0.18137661940858918,0.09125956672723942,0.03693127785897912,0.02470191098559091,0.022772159239033547,-0.015608955067652506,0.2361886988995244,
/home/ubuntu/cogitao-research/checkpoints/cogitao_vit_cross_attention/cogitao_c1_experiment_4_vit6_function_mlp_cross_attention/run_000/last.ckpt,35f91e02d5b826c89f6b24f52abf83581220b4b6676009c59b6715b0b2251589,dfec9cbb2afe6616194c1fb41430c0c5d2bc4208,4,test_ood,crop_contours,double_right,double_right -> crop_contours,"pair (f,g): fgx=f(g(x)); task-token order [g,f] means g -> f",61,61,61,image_input_tokens,42,78000,256,256,0.01,2,"{""fixed_ranks"": [1, 2, 4, 8, 16, 32], ""variance_thresholds"": [0.9, 0.95]}",recorded_ood,36,0.01715273231249503,0.021691762413526224,0.009876384282616054,0.045289871624808874,1.0,0.06522811422324767,0.046403488998159874,0.030013062587244954,-0.004833587756193393,0.027377895620645118,-0.011003218686040935,0.17116055911700764,
/home/ubuntu/cogitao-research/checkpoints/cogitao_vit_cross_attention/cogitao_c1_experiment_4_vit6_function_mlp_cross_attention/run_000/last.ckpt,35f91e02d5b826c89f6b24f52abf83581220b4b6676009c59b6715b0b2251589,dfec9cbb2afe6616194c1fb41430c0c5d2bc4208,4,test_ood,crop_contours,double_right,double_right -> crop_contours,"pair (f,g): fgx=f(g(x)); task-token order [g,f] means g -> f",61,61,61,image_input_tokens,42,78000,256,256,0.01,2,"{""fixed_ranks"": [1, 2, 4, 8, 16, 32], ""variance_thresholds"": [0.9, 0.95]}",recorded_ood,65,0.079456115367659,0.06924676481760664,0.024776262288863562,0.0872106239774734,1.0,0.09729347562205862,0.10896428664044082,0.07407108067949603,0.057469795298970575,0.01811863538337563,-0.02026247892331042,0.1566246104770589,
/home/ubuntu/cogitao-research/checkpoints/cogitao_vit_cross_attention/cogitao_c1_experiment_4_vit6_function_mlp_cross_attention/run_000/last.ckpt,35f91e02d5b826c89f6b24f52abf83581220b4b6676009c59b6715b0b2251589,dfec9cbb2afe6616194c1fb41430c0c5d2bc4208,4,test_ood,crop_contours,double_right,double_right -> crop_contours,"pair (f,g): fgx=f(g(x)); task-token order [g,f] means g -> f",61,61,61,image_input_tokens,42,78000,256,256,0.01,2,"{""fixed_ranks"": [1, 2, 4, 8, 16, 32], ""variance_thresholds"": [0.9, 0.95]}",recorded_ood,8,0.054206267819213914,0.05074588233710681,0.01732963927789912,0.06349537237288672,1.0,0.19510522158101512,0.1305630166612977,0.0533780187468894,0.03221994775052549,0.020817914021453023,-0.01756320028523303,0.49437786385711063,
/home/ubuntu/cogitao-research/checkpoints/cogitao_vit_cross_attention/cogitao_c1_experiment_4_vit6_function_mlp_cross_attention/run_000/last.ckpt,35f91e02d5b826c89f6b24f52abf83581220b4b6676009c59b6715b0b2251589,dfec9cbb2afe6616194c1fb41430c0c5d2bc4208,4,test_ood,crop_contours,double_right,double_right -> crop_contours,"pair (f,g): fgx=f(g(x)); task-token order [g,f] means g -> f",61,61,61,image_block_01,42,78000,256,256,0.01,2,"{""fixed_ranks"": [1, 2, 4, 8, 16, 32], ""variance_thresholds"": [0.9, 0.95]}",recorded_ood,56,0.09147429529594216,0.09611408067812359,0.06699853106772617,0.19482735843386811,1.0,0.10880252563490453,0.2794058118912789,0.14697766642502544,0.011145397829095488,0.04235541077128281,0.00020041961511795686,,
/home/ubuntu/cogitao-research/checkpoints/cogitao_vit_cross_attention/cogitao_c1_experiment_4_vit6_function_mlp_cross_attention/run_000/last.ckpt,35f91e02d5b826c89f6b24f52abf83581220b4b6676009c59b6715b0b2251589,dfec9cbb2afe6616194c1fb41430c0c5d2bc4208,4,test_ood,crop_contours,double_right,double_right -> crop_contours,"pair (f,g): fgx=f(g(x)); task-token order [g,f] means g -> f",61,61,61,image_block_01,42,78000,256,256,0.01,2,"{""fixed_ranks"": [1, 2, 4, 8, 16, 32], ""variance_thresholds"": [0.9, 0.95]}",recorded_ood,42,0.154906581835105,0.15396514024188931,0.08920594017675915,0.27585175630438435,1.0,0.19107598230114647,0.304368895989006,0.15094977597967768,0.07457768436825833,0.026769881018371577,-0.015385110137793277,,
/home/ubuntu/cogitao-research/checkpoints/cogitao_vit_cross_attention/cogitao_c1_experiment_4_vit6_function_mlp_cross_attention/run_000/last.ckpt,35f91e02d5b826c89f6b24f52abf83581220b4b6676009c59b6715b0b2251589,dfec9cbb2afe6616194c1fb41430c0c5d2bc4208,4,test_ood,crop_contours,double_right,double_right -> crop_contours,"pair (f,g): fgx=f(g(x)); task-token order [g,f] means g -> f",61,61,61,image_block_01,42,78000,256,256,0.01,2,"{""fixed_ranks"": [1, 2, 4, 8, 16, 32], ""variance_thresholds"": [0.9, 0.95]}",recorded_ood,50,0.12282800242324143,0.13704420384549926,0.08882030530270497,0.25035685770122196,1.0,0.20987816259022546,0.30584138842987185,0.19430954157178432,0.042499104956394765,0.0431464918441282,0.0009915006879633453,,
/home/ubuntu/cogitao-research/checkpoints/cogitao_vit_cross_attention/cogitao_c1_experiment_4_vit6_function_mlp_cross_attention/run_000/last.ckpt,35f91e02d5b826c89f6b24f52abf83581220b4b6676009c59b6715b0b2251589,dfec9cbb2afe6616194c1fb41430c0c5d2bc4208,4,test_ood,crop_contours,double_right,double_right -> crop_contours,"pair (f,g): fgx=f(g(x)); task-token order [g,f] means g -> f",61,61,61,image_block_01,42,78000,256,256,0.01,2,"{""fixed_ranks"": [1, 2, 4, 8, 16, 32], ""variance_thresholds"": [0.9, 0.95]}",recorded_ood,27,0.12675815133208293,0.08541562048516785,0.10924131721486854,0.08449638934391027,1.0,0.16631642411767064,0.12316446518952753,0.07047421077282338,0.04642925386523626,0.03813393113087697,-0.004021060025287883,,
/home/ubuntu/cogitao-research/checkpoints/cogitao_vit_cross_attention/cogitao_c1_experiment_4_vit6_function_mlp_cross_attention/run_000/last.ckpt,35f91e02d5b826c89f6b24f52abf83581220b4b6676009c59b6715b0b2251589,dfec9cbb2afe6616194c1fb41430c0c5d2bc4208,4,test_ood,crop_contours,double_right,double_right -> crop_contours,"pair (f,g): fgx=f(g(x)); task-token order [g,f] means g -> f",61,61,61,image_block_01,42,78000,256,256,0.01,2,"{""fixed_ranks"": [1, 2, 4, 8, 16, 32], ""variance_thresholds"": [0.9, 0.95]}",recorded_ood,92,0.15583302328749285,0.16391441770762816,0.08136869305648443,0.32721920111405156,1.0,0.2041130512349068,0.3804592262326891,0.16853942088456345,0.07550412582064618,0.09137039564788815,0.0492154044917233,,
/home/ubuntu/cogitao-research/checkpoints/cogitao_vit_cross_attention/cogitao_c1_experiment_4_vit6_function_mlp_cross_attention/run_000/last.ckpt,35f91e02d5b826c89f6b24f52abf83581220b4b6676009c59b6715b0b2251589,dfec9cbb2afe6616194c1fb41430c0c5d2bc4208,4,test_ood,crop_contours,double_right,double_right -> crop_contours,"pair (f,g): fgx=f(g(x)); task-token order [g,f] means g -> f",61,61,61,image_block_01,42,78000,256,256,0.01,2,"{""fixed_ranks"": [1, 2, 4, 8, 16, 32], ""variance_thresholds"": [0.9, 0.95]}",recorded_ood,71,0.13391017745994518,0.1443722843770691,0.1020357709383846,0.24220188939349152,1.0,0.11623907556055668,0.34147968758269415,0.19060294708829387,0.053581279993098516,0.04001313391951022,-0.0021418572366546373,,
/home/ubuntu/cogitao-research/checkpoints/cogitao_vit_cross_attention/cogitao_c1_experiment_4_vit6_function_mlp_cross_attention/run_000/last.ckpt,35f91e02d5b826c89f6b24f52abf83581220b4b6676009c59b6715b0b2251589,dfec9cbb2afe6616194c1fb41430c0c5d2bc4208,4,test_ood,crop_contours,double_right,double_right -> crop_contours,"pair (f,g): fgx=f(g(x)); task-token order [g,f] means g -> f",61,61,61,image_block_01,42,78000,256,256,0.01,2,"{""fixed_ranks"": [1, 2, 4, 8, 16, 32], ""variance_thresholds"": [0.9, 0.95]}",recorded_ood,25,0.08644531594193755,0.0895686897449621,0.07096695897385437,0.1699197875257716,1.0,0.17515421140600423,0.2537550950066349,0.11941058291151002,0.006116418475090882,0.05102972267036402,0.008874731514199166,,
/home/ubuntu/cogitao-research/checkpoints/cogitao_vit_cross_attention/cogitao_c1_experiment_4_vit6_function_mlp_cross_attention/run_000/last.ckpt,35f91e02d5b826c89f6b24f52abf83581220b4b6676009c59b6715b0b2251589,dfec9cbb2afe6616194c1fb41430c0c5d2bc4208,4,test_ood,crop_contours,double_right,double_right -> crop_contours,"pair (f,g): fgx=f(g(x)); task-token order [g,f] means g -> f",61,61,61,image_block_01,42,78000,256,256,0.01,2,"{""fixed_ranks"": [1, 2, 4, 8, 16, 32], ""variance_thresholds"": [0.9, 0.95]}",recorded_ood,52,0.08735406897619018,0.0978830693711423,0.062165768216658195,0.2721739942904326,1.0,0.1765740927574204,0.2959367140052269,0.12615233537391174,0.0070251715093435085,0.05230503930109511,0.010150048144930257,,
/home/ubuntu/cogitao-research/checkpoints/cogitao_vit_cross_attention/cogitao_c1_experiment_4_vit6_function_mlp_cross_attention/run_000/last.ckpt,35f91e02d5b826c89f6b24f52abf83581220b4b6676009c59b6715b0b2251589,dfec9cbb2afe6616194c1fb41430c0c5d2bc4208,4,test_ood,crop_contours,double_right,double_right -> crop_contours,"pair (f,g): fgx=f(g(x)); task-token order [g,f] means g -> f",61,61,61,image_block_01,42,78000,256,256,0.01,2,"{""fixed_ranks"": [1, 2, 4, 8, 16, 32], ""variance_thresholds"": [0.9, 0.95]}",recorded_ood,81,0.10222367720751958,0.09920343845624913,0.058230021473009735,0.2435590333986115,1.0,0.19266641656560968,0.2644025916263153,0.11842218947663449,0.021894779740672915,0.028289345111503383,-0.013865646044661471,,
/home/ubuntu/cogitao-research/checkpoints/cogitao_vit_cross_attention/cogitao_c1_experiment_4_vit6_function_mlp_cross_attention/run_000/last.ckpt,35f91e02d5b826c89f6b24f52abf83581220b4b6676009c59b6715b0b2251589,dfec9cbb2afe6616194c1fb41430c0c5d2bc4208,4,test_ood,crop_contours,double_right,double_right -> crop_contours,"pair (f,g): fgx=f(g(x)); task-token order [g,f] means g -> f",61,61,61,image_block_01,42,78000,256,256,0.01,2,"{""fixed_ranks"": [1, 2, 4, 8, 16, 32], ""variance_thresholds"": [0.9, 0.95]}",recorded_ood,51,0.12766597743826907,0.1201102796669257,0.06366989376799528,0.2565964467277292,1.0,0.22240159279753083,0.2987866655095946,0.13747863658830792,0.047337079971422405,0.04267043525289359,0.000515444096728733,,
/home/ubuntu/cogitao-research/checkpoints/cogitao_vit_cross_attention/cogitao_c1_experiment_4_vit6_function_mlp_cross_attention/run_000/last.ckpt,35f91e02d5b826c89f6b24f52abf83581220b4b6676009c59b6715b0b2251589,dfec9cbb2afe6616194c1fb41430c0c5d2bc4208,4,test_ood,crop_contours,double_right,double_right -> crop_contours,"pair (f,g): fgx=f(g(x)); task-token order [g,f] means g -> f",61,61,61,image_block_01,42,78000,256,256,0.01,2,"{""fixed_ranks"": [1, 2, 4, 8, 16, 32], ""variance_thresholds"": [0.9, 0.95]}",recorded_ood,37,0.15220322513687895,0.1351998353305274,0.1265388106407845,0.12260440317473009,1.0,0.15090201693653532,0.2129954634153773,0.11686281863596076,0.07187432767003228,0.050044170544283735,0.00788917938811888,,
/home/ubuntu/cogitao-research/checkpoints/cogitao_vit_cross_attention/cogitao_c1_experiment_4_vit6_function_mlp_cross_attention/run_000/last.ckpt,35f91e02d5b826c89f6b24f52abf83581220b4b6676009c59b6715b0b2251589,dfec9cbb2afe6616194c1fb41430c0c5d2bc4208,4,test_ood,crop_contours,double_right,double_right -> crop_contours,"pair (f,g): fgx=f(g(x)); task-token order [g,f] means g -> f",61,61,61,image_block_01,42,78000,256,256,0.01,2,"{""fixed_ranks"": [1, 2, 4, 8, 16, 32], ""variance_thresholds"": [0.9, 0.95]}",recorded_ood,7,0.12416528211890915,0.10878709683076279,0.042062562611029065,0.17205207905747105,1.0,0.21242999109240188,0.27905064164966403,0.10393140887499125,0.04383638465206248,0.062202972730754355,0.0200479815745895,,
/home/ubuntu/cogitao-research/checkpoints/cogitao_vit_cross_attention/cogitao_c1_experiment_4_vit6_function_mlp_cross_attention/run_000/last.ckpt,35f91e02d5b826c89f6b24f52abf83581220b4b6676009c59b6715b0b2251589,dfec9cbb2afe6616194c1fb41430c0c5d2bc4208,4,test_ood,crop_contours,double_right,double_right -> crop_contours,"pair (f,g): fgx=f(g(x)); task-token order [g,f] means g -> f",61,61,61,image_block_01,42,78000,256,256,0.01,2,"{""fixed_ranks"": [1, 2, 4, 8, 16, 32], ""variance_thresholds"": [0.9, 0.95]}",recorded_ood,57,0.12743629490221028,0.15235912888712627,0.10686650785250176,0.3558281515919532,1.0,0.21530624202740212,0.3814083423667538,0.22361773896504514,0.047107397435363615,0.047635211872861946,0.0054802207166970915,,
/home/ubuntu/cogitao-research/checkpoints/cogitao_vit_cross_attention/cogitao_c1_experiment_4_vit6_function_mlp_cross_attention/run_000/last.ckpt,35f91e02d5b826c89f6b24f52abf83581220b4b6676009c59b6715b0b2251589,dfec9cbb2afe6616194c1fb41430c0c5d2bc4208,4,test_ood,crop_contours,double_right,double_right -> crop_contours,"pair (f,g): fgx=f(g(x)); task-token order [g,f] means g -> f",61,61,61,image_block_01,42,78000,256,256,0.01,2,"{""fixed_ranks"": [1, 2, 4, 8, 16, 32], ""variance_thresholds"": [0.9, 0.95]}",recorded_ood,79,0.14011542602875166,0.128956398254103,0.08791847868648808,0.15113268286462936,1.0,0.0877987927036815,0.25702783100993287,0.13710392289816023,0.059786528561904986,0.057408326590495065,0.01525333543433021,,
/home/ubuntu/cogitao-research/checkpoints/cogitao_vit_cross_attention/cogitao_c1_experiment_4_vit6_function_mlp_cross_attention/run_000/last.ckpt,35f91e02d5b826c89f6b24f52abf83581220b4b6676009c59b6715b0b2251589,dfec9cbb2afe6616194c1fb41430c0c5d2bc4208,4,test_ood,crop_contours,double_right,double_right -> crop_contours,"pair (f,g): fgx=f(g(x)); task-token order [g,f] means g -> f",61,61,61,image_block_01,42,78000,256,256,0.01,2,"{""fixed_ranks"": [1, 2, 4, 8, 16, 32], ""variance_thresholds"": [0.9, 0.95]}",recorded_ood,26,0.1403257859460568,0.13975407702762532,0.0863641198633965,0.16849624712290664,1.0,0.11538054918378776,0.29130502150008264,0.13971427171841103,0.05999688847921013,0.07144518239701536,0.029290191240850506,,
/home/ubuntu/cogitao-research/checkpoints/cogitao_vit_cross_attention/cogitao_c1_experiment_4_vit6_function_mlp_cross_attention/run_000/last.ckpt,35f91e02d5b826c89f6b24f52abf83581220b4b6676009c59b6715b0b2251589,dfec9cbb2afe6616194c1fb41430c0c5d2bc4208,4,test_ood,crop_contours,double_right,double_right -> crop_contours,"pair (f,g): fgx=f(g(x)); task-token order [g,f] means g -> f",61,61,61,image_block_01,42,78000,256,256,0.01,2,"{""fixed_ranks"": [1, 2, 4, 8, 16, 32], ""variance_thresholds"": [0.9, 0.95]}",recorded_ood,78,0.19436893900460864,0.18313084147395173,0.05445031973042199,0.2565053854856058,1.0,0.19757884525369743,0.3205675638624175,0.15706318549039514,0.11404004153776197,0.04684116357564499,0.0046861724194801335,,
/home/ubuntu/cogitao-research/checkpoints/cogitao_vit_cross_attention/cogitao_c1_experiment_4_vit6_function_mlp_cross_attention/run_000/last.ckpt,35f91e02d5b826c89f6b24f52abf83581220b4b6676009c59b6715b0b2251589,dfec9cbb2afe6616194c1fb41430c0c5d2bc4208,4,test_ood,crop_contours,double_right,double_right -> crop_contours,"pair (f,g): fgx=f(g(x)); task-token order [g,f] means g -> f",61,61,61,image_block_01,42,78000,256,256,0.01,2,"{""fixed_ranks"": [1, 2, 4, 8, 16, 32], ""variance_thresholds"": [0.9, 0.95]}",recorded_ood,86,0.0884426008573716,0.08888332172711148,0.051073985268382506,0.16467652178938827,1.0,0.14207726772142337,0.21359713873262184,0.07379086069159649,0.008113703390524932,0.04568126683153145,0.0035262756753665983,,
/home/ubuntu/cogitao-research/checkpoints/cogitao_vit_cross_attention/cogitao_c1_experiment_4_vit6_function_mlp_cross_attention/run_000/last.ckpt,35f91e02d5b826c89f6b24f52abf83581220b4b6676009c59b6715b0b2251589,dfec9cbb2afe6616194c1fb41430c0c5d2bc4208,4,test_ood,crop_contours,double_right,double_right -> crop_contours,"pair (f,g): fgx=f(g(x)); task-token order [g,f] means g -> f",61,61,61,image_block_01,42,78000,256,256,0.01,2,"{""fixed_ranks"": [1, 2, 4, 8, 16, 32], ""variance_thresholds"": [0.9, 0.95]}",recorded_ood,29,0.08239710335182458,0.0827668486649753,0.10219250700240257,0.23599425371517257,1.0,0.2239965161773181,0.23881980151177912,0.10630110850276474,0.002068205884977914,0.03151051221559968,-0.010644478940565173,,
/home/ubuntu/cogitao-research/checkpoints/cogitao_vit_cross_attention/cogitao_c1_experiment_4_vit6_function_mlp_cross_attention/run_000/last.ckpt,35f91e02d5b826c89f6b24f52abf83581220b4b6676009c59b6715b0b2251589,dfec9cbb2afe6616194c1fb41430c0c5d2bc4208,4,test_ood,crop_contours,double_right,double_right -> crop_contours,"pair (f,g): fgx=f(g(x)); task-token order [g,f] means g -> f",61,61,61,image_block_01,42,78000,256,256,0.01,2,"{""fixed_ranks"": [1, 2, 4, 8, 16, 32], ""variance_thresholds"": [0.9, 0.95]}",recorded_ood,17,0.12487340402608782,0.1436307340576625,0.06234430121406786,0.22584050855800855,1.0,0.16805241375952742,0.3143933491852881,0.17277426745901256,0.04454450655924115,0.035459027380424994,-0.0066959637757398605,,
/home/ubuntu/cogitao-research/checkpoints/cogitao_vit_cross_attention/cogitao_c1_experiment_4_vit6_function_mlp_cross_attention/run_000/last.ckpt,35f91e02d5b826c89f6b24f52abf83581220b4b6676009c59b6715b0b2251589,dfec9cbb2afe6616194c1fb41430c0c5d2bc4208,4,test_ood,crop_contours,double_right,double_right -> crop_contours,"pair (f,g): fgx=f(g(x)); task-token order [g,f] means g -> f",61,61,61,image_block_01,42,78000,256,256,0.01,2,"{""fixed_ranks"": [1, 2, 4, 8, 16, 32], ""variance_thresholds"": [0.9, 0.95]}",recorded_ood,39,0.1303265101591867,0.12307686080011883,0.08635135222841471,0.1960696343767723,1.0,0.18419744723853412,0.25169132460024485,0.1042368167092464,0.04999761269234003,0.04213759646779392,-1.739468837093361e-05,,
/home/ubuntu/cogitao-research/checkpoints/cogitao_vit_cross_attention/cogitao_c1_experiment_4_vit6_function_mlp_cross_attention/run_000/last.ckpt,35f91e02d5b826c89f6b24f52abf83581220b4b6676009c59b6715b0b2251589,dfec9cbb2afe6616194c1fb41430c0c5d2bc4208,4,test_ood,crop_contours,double_right,double_right -> crop_contours,"pair (f,g): fgx=f(g(x)); task-token order [g,f] means g -> f",61,61,61,image_block_01,42,78000,256,256,0.01,2,"{""fixed_ranks"": [1, 2, 4, 8, 16, 32], ""variance_thresholds"": [0.9, 0.95]}",recorded_ood,91,0.12686199751155972,0.12736851094100174,0.10694527378152173,0.2524884870842602,1.0,0.20319717240988358,0.25693824647516483,0.18951888070668857,0.04653310004471305,0.058343385118884615,0.01618839396271976,,
/home/ubuntu/cogitao-research/checkpoints/cogitao_vit_cross_attention/cogitao_c1_experiment_4_vit6_function_mlp_cross_attention/run_000/last.ckpt,35f91e02d5b826c89f6b24f52abf83581220b4b6676009c59b6715b0b2251589,dfec9cbb2afe6616194c1fb41430c0c5d2bc4208,4,test_ood,crop_contours,double_right,double_right -> crop_contours,"pair (f,g): fgx=f(g(x)); task-token order [g,f] means g -> f",61,61,61,image_block_01,42,78000,256,256,0.01,2,"{""fixed_ranks"": [1, 2, 4, 8, 16, 32], ""variance_thresholds"": [0.9, 0.95]}",recorded_ood,40,0.13082614036890874,0.13383957634333377,0.045016467694982305,0.26718353830066144,1.0,0.15466896914778105,0.2974774089813921,0.14120844695478163,0.050497242902062076,0.02552871767999336,-0.016626273476171495,,
/home/ubuntu/cogitao-research/checkpoints/cogitao_vit_cross_attention/cogitao_c1_experiment_4_vit6_function_mlp_cross_attention/run_000/last.ckpt,35f91e02d5b826c89f6b24f52abf83581220b4b6676009c59b6715b0b2251589,dfec9cbb2afe6616194c1fb41430c0c5d2bc4208,4,test_ood,crop_contours,double_right,double_right -> crop_contours,"pair (f,g): fgx=f(g(x)); task-token order [g,f] means g -> f",61,61,61,image_block_01,42,78000,256,256,0.01,2,"{""fixed_ranks"": [1, 2, 4, 8, 16, 32], ""variance_thresholds"": [0.9, 0.95]}",recorded_ood,95,0.13884723362101736,0.14040088084300853,0.06479992927978981,0.21490962368601443,1.0,0.21403480041072276,0.26464270361530945,0.09833628690292216,0.058518336154170694,0.06794775100185776,0.02579275984569291,,
/home/ubuntu/cogitao-research/checkpoints/cogitao_vit_cross_attention/cogitao_c1_experiment_4_vit6_function_mlp_cross_attention/run_000/last.ckpt,35f91e02d5b826c89f6b24f52abf83581220b4b6676009c59b6715b0b2251589,dfec9cbb2afe6616194c1fb41430c0c5d2bc4208,4,test_ood,crop_contours,double_right,double_right -> crop_contours,"pair (f,g): fgx=f(g(x)); task-token order [g,f] means g -> f",61,61,61,image_block_01,42,78000,256,256,0.01,2,"{""fixed_ranks"": [1, 2, 4, 8, 16, 32], ""variance_thresholds"": [0.9, 0.95]}",recorded_ood,84,0.12218400968902966,0.13231794244914427,0.08623542640566971,0.2874253002526462,1.0,0.22711347937716664,0.289623636303078,0.12076164966038606,0.041855112222182994,0.036266352684971415,-0.00588863847119344,,
/home/ubuntu/cogitao-research/checkpoints/cogitao_vit_cross_attention/cogitao_c1_experiment_4_vit6_function_mlp_cross_attention/run_000/last.ckpt,35f91e02d5b826c89f6b24f52abf83581220b4b6676009c59b6715b0b2251589,dfec9cbb2afe6616194c1fb41430c0c5d2bc4208,4,test_ood,crop_contours,double_right,double_right -> crop_contours,"pair (f,g): fgx=f(g(x)); task-token order [g,f] means g -> f",61,61,61,image_block_01,42,78000,256,256,0.01,2,"{""fixed_ranks"": [1, 2, 4, 8, 16, 32], ""variance_thresholds"": [0.9, 0.95]}",recorded_ood,63,0.11790399513196494,0.11674127816545983,0.0739873330683247,0.27003460747189906,1.0,0.3018427188924782,0.2668930014864206,0.08946491741032228,0.03757509766511827,0.05314314427804269,0.010988153121877835,,
/home/ubuntu/cogitao-research/checkpoints/cogitao_vit_cross_attention/cogitao_c1_experiment_4_vit6_function_mlp_cross_attention/run_000/last.ckpt,35f91e02d5b826c89f6b24f52abf83581220b4b6676009c59b6715b0b2251589,dfec9cbb2afe6616194c1fb41430c0c5d2bc4208,4,test_ood,crop_contours,double_right,double_right -> crop_contours,"pair (f,g): fgx=f(g(x)); task-token order [g,f] means g -> f",61,61,61,image_block_01,42,78000,256,256,0.01,2,"{""fixed_ranks"": [1, 2, 4, 8, 16, 32], ""variance_thresholds"": [0.9, 0.95]}",recorded_ood,3,0.17654451773201177,0.2117983321297756,0.1353979734870303,0.25595762029986724,1.0,0.10370172582530456,0.37567814584381093,0.2242293603278727,0.0962156202651651,0.05088348127925787,0.008728490123093013,,
/home/ubuntu/cogitao-research/checkpoints/cogitao_vit_cross_attention/cogitao_c1_experiment_4_vit6_function_mlp_cross_attention/run_000/last.ckpt,35f91e02d5b826c89f6b24f52abf83581220b4b6676009c59b6715b0b2251589,dfec9cbb2afe6616194c1fb41430c0c5d2bc4208,4,test_ood,crop_contours,double_right,double_right -> crop_contours,"pair (f,g): fgx=f(g(x)); task-token order [g,f] means g -> f",61,61,61,image_block_01,42,78000,256,256,0.01,2,"{""fixed_ranks"": [1, 2, 4, 8, 16, 32], ""variance_thresholds"": [0.9, 0.95]}",recorded_ood,83,0.1538655076681994,0.1360730882236993,0.07318311095902472,0.28127860207035854,1.0,0.24880790895653165,0.27358792148994265,0.1112956704222668,0.07353661020135273,0.040463778552399764,-0.001691212603765091,,
/home/ubuntu/cogitao-research/checkpoints/cogitao_vit_cross_attention/cogitao_c1_experiment_4_vit6_function_mlp_cross_attention/run_000/last.ckpt,35f91e02d5b826c89f6b24f52abf83581220b4b6676009c59b6715b0b2251589,dfec9cbb2afe6616194c1fb41430c0c5d2bc4208,4,test_ood,crop_contours,double_right,double_right -> crop_contours,"pair (f,g): fgx=f(g(x)); task-token order [g,f] means g -> f",61,61,61,image_block_01,42,78000,256,256,0.01,2,"{""fixed_ranks"": [1, 2, 4, 8, 16, 32], ""variance_thresholds"": [0.9, 0.95]}",recorded_ood,93,0.153394490216307,0.16726342571959416,0.11012984834102466,0.2720537451189235,1.0,0.12532924520442823,0.3222226182011129,0.18283553306253156,0.07306559274946033,0.03628871111616046,-0.005866280040004397,,
/home/ubuntu/cogitao-research/checkpoints/cogitao_vit_cross_attention/cogitao_c1_experiment_4_vit6_function_mlp_cross_attention/run_000/last.ckpt,35f91e02d5b826c89f6b24f52abf83581220b4b6676009c59b6715b0b2251589,dfec9cbb2afe6616194c1fb41430c0c5d2bc4208,4,test_ood,crop_contours,double_right,double_right -> crop_contours,"pair (f,g): fgx=f(g(x)); task-token order [g,f] means g -> f",61,61,61,image_block_01,42,78000,256,256,0.01,2,"{""fixed_ranks"": [1, 2, 4, 8, 16, 32], ""variance_thresholds"": [0.9, 0.95]}",recorded_ood,20,0.13995988728537365,0.15256755211486797,0.06872398600300983,0.22962894280284657,1.0,0.1302481070406114,0.3303591755400576,0.15785667417524066,0.05963098981852698,0.05470975836582412,0.012554767209659264,,
/home/ubuntu/cogitao-research/checkpoints/cogitao_vit_cross_attention/cogitao_c1_experiment_4_vit6_function_mlp_cross_attention/run_000/last.ckpt,35f91e02d5b826c89f6b24f52abf83581220b4b6676009c59b6715b0b2251589,dfec9cbb2afe6616194c1fb41430c0c5d2bc4208,4,test_ood,crop_contours,double_right,double_right -> crop_contours,"pair (f,g): fgx=f(g(x)); task-token order [g,f] means g -> f",61,61,61,image_block_01,42,78000,256,256,0.01,2,"{""fixed_ranks"": [1, 2, 4, 8, 16, 32], ""variance_thresholds"": [0.9, 0.95]}",recorded_ood,87,0.10536119577586317,0.0927567741366302,0.1458596221130639,0.24019740396706943,1.0,0.2745892161534723,0.15204056463787022,0.06834811005771174,0.0250322983090165,0.05442572198208988,0.012270730825925023,,
/home/ubuntu/cogitao-research/checkpoints/cogitao_vit_cross_attention/cogitao_c1_experiment_4_vit6_function_mlp_cross_attention/run_000/last.ckpt,35f91e02d5b826c89f6b24f52abf83581220b4b6676009c59b6715b0b2251589,dfec9cbb2afe6616194c1fb41430c0c5d2bc4208,4,test_ood,crop_contours,double_right,double_right -> crop_contours,"pair (f,g): fgx=f(g(x)); task-token order [g,f] means g -> f",61,61,61,image_block_01,42,78000,256,256,0.01,2,"{""fixed_ranks"": [1, 2, 4, 8, 16, 32], ""variance_thresholds"": [0.9, 0.95]}",recorded_ood,43,0.13887540199374346,0.12276984223965527,0.08226971364572286,0.2016760065521261,1.0,0.1492003818154886,0.2844572670014505,0.12821333483032846,0.05854650452689679,0.060913406254564144,0.01875841509839929,0.11271240686927031,
/home/ubuntu/cogitao-research/checkpoints/cogitao_vit_cross_attention/cogitao_c1_experiment_4_vit6_function_mlp_cross_attention/run_000/last.ckpt,35f91e02d5b826c89f6b24f52abf83581220b4b6676009c59b6715b0b2251589,dfec9cbb2afe6616194c1fb41430c0c5d2bc4208,4,test_ood,crop_contours,double_right,double_right -> crop_contours,"pair (f,g): fgx=f(g(x)); task-token order [g,f] means g -> f",61,61,61,image_block_01,42,78000,256,256,0.01,2,"{""fixed_ranks"": [1, 2, 4, 8, 16, 32], ""variance_thresholds"": [0.9, 0.95]}",recorded_ood,73,0.13020587529634958,0.142005013615968,0.0850501014077602,0.24628478653366148,1.0,0.14988868783600842,0.3296253314029359,0.1641678030344582,0.049876977829502914,0.057278139058695145,0.01512314790253029,0.1644783114108419,
/home/ubuntu/cogitao-research/checkpoints/cogitao_vit_cross_attention/cogitao_c1_experiment_4_vit6_function_mlp_cross_attention/run_000/last.ckpt,35f91e02d5b826c89f6b24f52abf83581220b4b6676009c59b6715b0b2251589,dfec9cbb2afe6616194c1fb41430c0c5d2bc4208,4,test_ood,crop_contours,double_right,double_right -> crop_contours,"pair (f,g): fgx=f(g(x)); task-token order [g,f] means g -> f",61,61,61,image_block_01,42,78000,256,256,0.01,2,"{""fixed_ranks"": [1, 2, 4, 8, 16, 32], ""variance_thresholds"": [0.9, 0.95]}",recorded_ood,75,0.11879191594821412,0.13608968868771573,0.06722369053548721,0.2585513132446441,1.0,0.2224954928699594,0.3039493357329482,0.12090834492872654,0.03846301848136745,0.04844245417262766,0.006287463016462803,0.18805809535717075,
/home/ubuntu/cogitao-research/checkpoints/cogitao_vit_cross_attention/cogitao_c1_experiment_4_vit6_function_mlp_cross_attention/run_000/last.ckpt,35f91e02d5b826c89f6b24f52abf83581220b4b6676009c59b6715b0b2251589,dfec9cbb2afe6616194c1fb41430c0c5d2bc4208,4,test_ood,crop_contours,double_right,double_right -> crop_contours,"pair (f,g): fgx=f(g(x)); task-token order [g,f] means g -> f",61,61,61,image_block_01,42,78000,256,256,0.01,2,"{""fixed_ranks"": [1, 2, 4, 8, 16, 32], ""variance_thresholds"": [0.9, 0.95]}",recorded_ood,23,0.14673323232899765,0.17463754898207637,0.10005971191804887,0.24240954012827215,1.0,0.12269618652123224,0.3540407122576286,0.18663937251831142,0.06640433486215098,0.04892871022826976,0.006773719072104903,0.09926018147861622,
/home/ubuntu/cogitao-research/checkpoints/cogitao_vit_cross_attention/cogitao_c1_experiment_4_vit6_function_mlp_cross_attention/run_000/last.ckpt,35f91e02d5b826c89f6b24f52abf83581220b4b6676009c59b6715b0b2251589,dfec9cbb2afe6616194c1fb41430c0c5d2bc4208,4,test_ood,crop_contours,double_right,double_right -> crop_contours,"pair (f,g): fgx=f(g(x)); task-token order [g,f] means g -> f",61,61,61,image_block_01,42,78000,256,256,0.01,2,"{""fixed_ranks"": [1, 2, 4, 8, 16, 32], ""variance_thresholds"": [0.9, 0.95]}",recorded_ood,96,0.11695845044337047,0.09405320376875312,0.09743944086392257,0.2146769287626103,1.0,0.2577708668164644,0.17863287900575667,0.10215135393035052,0.0366295529765238,0.04854546381549794,0.006390472659333082,0.20015674613413456,
/home/ubuntu/cogitao-research/checkpoints/cogitao_vit_cross_attention/cogitao_c1_experiment_4_vit6_function_mlp_cross_attention/run_000/last.ckpt,35f91e02d5b826c89f6b24f52abf83581220b4b6676009c59b6715b0b2251589,dfec9cbb2afe6616194c1fb41430c0c5d2bc4208,4,test_ood,crop_contours,double_right,double_right -> crop_contours,"pair (f,g): fgx=f(g(x)); task-token order [g,f] means g -> f",61,61,61,image_block_01,42,78000,256,256,0.01,2,"{""fixed_ranks"": [1, 2, 4, 8, 16, 32], ""variance_thresholds"": [0.9, 0.95]}",recorded_ood,69,0.1144110500578576,0.11889539955535244,0.050830518757716055,0.23584433780869823,1.0,0.17938146649233813,0.27327357811179853,0.1118287689240324,0.034082152591010925,0.04902326229022509,0.006868271134060237,0.08543067117091512,
/home/ubuntu/cogitao-research/checkpoints/cogitao_vit_cross_attention/cogitao_c1_experiment_4_vit6_function_mlp_cross_attention/run_000/last.ckpt,35f91e02d5b826c89f6b24f52abf83581220b4b6676009c59b6715b0b2251589,dfec9cbb2afe6616194c1fb41430c0c5d2bc4208,4,test_ood,crop_contours,double_right,double_right -> crop_contours,"pair (f,g): fgx=f(g(x)); task-token order [g,f] means g -> f",61,61,61,image_block_01,42,78000,256,256,0.01,2,"{""fixed_ranks"": [1, 2, 4, 8, 16, 32], ""variance_thresholds"": [0.9, 0.95]}",recorded_ood,15,0.12474474204244666,0.15237751831588003,0.06831944311760305,0.2912458628793316,1.0,0.16866700676604132,0.323510494205583,0.13913972639433672,0.044415844575599994,0.06041827165011301,0.018263280493948153,0.1571379795402365,
/home/ubuntu/cogitao-research/checkpoints/cogitao_vit_cross_attention/cogitao_c1_experiment_4_vit6_function_mlp_cross_attention/run_000/last.ckpt,35f91e02d5b826c89f6b24f52abf83581220b4b6676009c59b6715b0b2251589,dfec9cbb2afe6616194c1fb41430c0c5d2bc4208,4,test_ood,crop_contours,double_right,double_right -> crop_contours,"pair (f,g): fgx=f(g(x)); task-token order [g,f] means g -> f",61,61,61,image_block_01,42,78000,256,256,0.01,2,"{""fixed_ranks"": [1, 2, 4, 8, 16, 32], ""variance_thresholds"": [0.9, 0.95]}",recorded_ood,55,0.11293195152701595,0.10308197819776181,0.06626815077329352,0.2618982578712302,1.0,0.20346297353089554,0.28828077728236645,0.1352068074072631,0.03260305406016928,0.037276131941347275,-0.00487885921481758,0.0795500627228742,
/home/ubuntu/cogitao-research/checkpoints/cogitao_vit_cross_attention/cogitao_c1_experiment_4_vit6_function_mlp_cross_attention/run_000/last.ckpt,35f91e02d5b826c89f6b24f52abf83581220b4b6676009c59b6715b0b2251589,dfec9cbb2afe6616194c1fb41430c0c5d2bc4208,4,test_ood,crop_contours,double_right,double_right -> crop_contours,"pair (f,g): fgx=f(g(x)); task-token order [g,f] means g -> f",61,61,61,image_block_01,42,78000,256,256,0.01,2,"{""fixed_ranks"": [1, 2, 4, 8, 16, 32], ""variance_thresholds"": [0.9, 0.95]}",recorded_ood,62,0.16422775813335544,0.16901850171673208,0.08873246962544094,0.2582832524866704,1.0,0.19310586688097037,0.3250291529377161,0.16354870051257006,0.08389886066650877,0.03471630629747173,-0.0074386848586931245,0.11351314083366706,
/home/ubuntu/cogitao-research/checkpoints/cogitao_vit_cross_attention/cogitao_c1_experiment_4_vit6_function_mlp_cross_attention/run_000/last.ckpt,35f91e02d5b826c89f6b24f52abf83581220b4b6676009c59b6715b0b2251589,dfec9cbb2afe6616194c1fb41430c0c5d2bc4208,4,test_ood,crop_contours,double_right,double_right -> crop_contours,"pair (f,g): fgx=f(g(x)); task-token order [g,f] means g -> f",61,61,61,image_block_01,42,78000,256,256,0.01,2,"{""fixed_ranks"": [1, 2, 4, 8, 16, 32], ""variance_thresholds"": [0.9, 0.95]}",recorded_ood,31,0.12240296178612112,0.11152105875536836,0.060906263759126174,0.27136472329565403,1.0,0.24003238423560097,0.2844228860916649,0.12495775163572621,0.04207406431927445,0.03774610723640711,-0.0044088839197577445,0.14838168811951805,
/home/ubuntu/cogitao-research/checkpoints/cogitao_vit_cross_attention/cogitao_c1_experiment_4_vit6_function_mlp_cross_attention/run_000/last.ckpt,35f91e02d5b826c89f6b24f52abf83581220b4b6676009c59b6715b0b2251589,dfec9cbb2afe6616194c1fb41430c0c5d2bc4208,4,test_ood,crop_contours,double_right,double_right -> crop_contours,"pair (f,g): fgx=f(g(x)); task-token order [g,f] means g -> f",61,61,61,image_block_01,42,78000,256,256,0.01,2,"{""fixed_ranks"": [1, 2, 4, 8, 16, 32], ""variance_thresholds"": [0.9, 0.95]}",recorded_ood,72,0.13705977771468392,0.1325332738421857,0.11484814271886604,0.2620591170767867,1.0,0.19219455172423586,0.29015272674477216,0.17663852670700364,0.05673088024783725,0.04449987834527897,0.002344887189114117,0.17421373994178274,
/home/ubuntu/cogitao-research/checkpoints/cogitao_vit_cross_attention/cogitao_c1_experiment_4_vit6_function_mlp_cross_attention/run_000/last.ckpt,35f91e02d5b826c89f6b24f52abf83581220b4b6676009c59b6715b0b2251589,dfec9cbb2afe6616194c1fb41430c0c5d2bc4208,4,test_ood,crop_contours,double_right,double_right -> crop_contours,"pair (f,g): fgx=f(g(x)); task-token order [g,f] means g -> f",61,61,61,image_block_01,42,78000,256,256,0.01,2,"{""fixed_ranks"": [1, 2, 4, 8, 16, 32], ""variance_thresholds"": [0.9, 0.95]}",recorded_ood,67,0.16517829607432433,0.14835048678754564,0.08618660134099647,0.19852573734369997,1.0,0.19944615837913116,0.2929049048689742,0.13739386690746747,0.08484939860747766,0.03915708746673428,-0.0029979036894305713,0.11815353500063171,
/home/ubuntu/cogitao-research/checkpoints/cogitao_vit_cross_attention/cogitao_c1_experiment_4_vit6_function_mlp_cross_attention/run_000/last.ckpt,35f91e02d5b826c89f6b24f52abf83581220b4b6676009c59b6715b0b2251589,dfec9cbb2afe6616194c1fb41430c0c5d2bc4208,4,test_ood,crop_contours,double_right,double_right -> crop_contours,"pair (f,g): fgx=f(g(x)); task-token order [g,f] means g -> f",61,61,61,image_block_01,42,78000,256,256,0.01,2,"{""fixed_ranks"": [1, 2, 4, 8, 16, 32], ""variance_thresholds"": [0.9, 0.95]}",recorded_ood,34,0.10402513883367467,0.11094932608920692,0.05857101581193011,0.23542682656688352,1.0,0.14304381732987678,0.2783573932211274,0.11451815785314781,0.023696241366828005,0.03839012089632198,-0.003764870259842873,0.10386035003874405,
/home/ubuntu/cogitao-research/checkpoints/cogitao_vit_cross_attention/cogitao_c1_experiment_4_vit6_function_mlp_cross_attention/run_000/last.ckpt,35f91e02d5b826c89f6b24f52abf83581220b4b6676009c59b6715b0b2251589,dfec9cbb2afe6616194c1fb41430c0c5d2bc4208,4,test_ood,crop_contours,double_right,double_right -> crop_contours,"pair (f,g): fgx=f(g(x)); task-token order [g,f] means g -> f",61,61,61,image_block_01,42,78000,256,256,0.01,2,"{""fixed_ranks"": [1, 2, 4, 8, 16, 32], ""variance_thresholds"": [0.9, 0.95]}",recorded_ood,58,0.12222109258825903,0.12467145031679219,0.053357838510275986,0.2224074383532209,1.0,0.18222986805346061,0.2645359730879411,0.12377606575034553,0.04189219512141236,0.03499641442195921,-0.0071585767342056475,0.12801134763271138,
/home/ubuntu/cogitao-research/checkpoints/cogitao_vit_cross_attention/cogitao_c1_experiment_4_vit6_function_mlp_cross_attention/run_000/last.ckpt,35f91e02d5b826c89f6b24f52abf83581220b4b6676009c59b6715b0b2251589,dfec9cbb2afe6616194c1fb41430c0c5d2bc4208,4,test_ood,crop_contours,double_right,double_right -> crop_contours,"pair (f,g): fgx=f(g(x)); task-token order [g,f] means g -> f",61,61,61,image_block_01,42,78000,256,256,0.01,2,"{""fixed_ranks"": [1, 2, 4, 8, 16, 32], ""variance_thresholds"": [0.9, 0.95]}",recorded_ood,74,0.0986211416119808,0.08080715600620693,0.12309591212687361,0.15542434688946954,1.0,0.20403751993947528,0.16994727055443598,0.064877207387409,0.018292244145134126,0.03898508550388746,-0.0031699056522773925,0.19984632309651734,
/home/ubuntu/cogitao-research/checkpoints/cogitao_vit_cross_attention/cogitao_c1_experiment_4_vit6_function_mlp_cross_attention/run_000/last.ckpt,35f91e02d5b826c89f6b24f52abf83581220b4b6676009c59b6715b0b2251589,dfec9cbb2afe6616194c1fb41430c0c5d2bc4208,4,test_ood,crop_contours,double_right,double_right -> crop_contours,"pair (f,g): fgx=f(g(x)); task-token order [g,f] means g -> f",61,61,61,image_block_01,42,78000,256,256,0.01,2,"{""fixed_ranks"": [1, 2, 4, 8, 16, 32], ""variance_thresholds"": [0.9, 0.95]}",recorded_ood,54,0.12773342600429524,0.14270782325396858,0.13733185306352635,0.2119012873485473,1.0,0.13175063156298297,0.2662542854115431,0.15891974877567702,0.04740452853744857,0.043807728684275786,0.0016527375281109313,0.15345721470957843,
/home/ubuntu/cogitao-research/checkpoints/cogitao_vit_cross_attention/cogitao_c1_experiment_4_vit6_function_mlp_cross_attention/run_000/last.ckpt,35f91e02d5b826c89f6b24f52abf83581220b4b6676009c59b6715b0b2251589,dfec9cbb2afe6616194c1fb41430c0c5d2bc4208,4,test_ood,crop_contours,double_right,double_right -> crop_contours,"pair (f,g): fgx=f(g(x)); task-token order [g,f] means g -> f",61,61,61,image_block_01,42,78000,256,256,0.01,2,"{""fixed_ranks"": [1, 2, 4, 8, 16, 32], ""variance_thresholds"": [0.9, 0.95]}",recorded_ood,49,0.13700397955516966,0.13741945029536354,0.0578905368716798,0.27047327852018954,1.0,0.2350953000943241,0.290281229848023,0.11039543851200559,0.05667508208832299,0.06327991997193085,0.02112492881576599,0.110697071318719,
/home/ubuntu/cogitao-research/checkpoints/cogitao_vit_cross_attention/cogitao_c1_experiment_4_vit6_function_mlp_cross_attention/run_000/last.ckpt,35f91e02d5b826c89f6b24f52abf83581220b4b6676009c59b6715b0b2251589,dfec9cbb2afe6616194c1fb41430c0c5d2bc4208,4,test_ood,crop_contours,double_right,double_right -> crop_contours,"pair (f,g): fgx=f(g(x)); task-token order [g,f] means g -> f",61,61,61,image_block_01,42,78000,256,256,0.01,2,"{""fixed_ranks"": [1, 2, 4, 8, 16, 32], ""variance_thresholds"": [0.9, 0.95]}",recorded_ood,6,0.08807804134580914,0.0910428375527672,0.06613607177260028,0.24356649760434193,1.0,0.23400421041127156,0.22224337436657363,0.09817176881295259,0.007749143878962472,0.04658680374851944,0.004431812592354582,0.11898832195793352,
/home/ubuntu/cogitao-research/checkpoints/cogitao_vit_cross_attention/cogitao_c1_experiment_4_vit6_function_mlp_cross_attention/run_000/last.ckpt,35f91e02d5b826c89f6b24f52abf83581220b4b6676009c59b6715b0b2251589,dfec9cbb2afe6616194c1fb41430c0c5d2bc4208,4,test_ood,crop_contours,double_right,double_right -> crop_contours,"pair (f,g): fgx=f(g(x)); task-token order [g,f] means g -> f",61,61,61,image_block_01,42,78000,256,256,0.01,2,"{""fixed_ranks"": [1, 2, 4, 8, 16, 32], ""variance_thresholds"": [0.9, 0.95]}",recorded_ood,90,0.15933825659936227,0.1543609376071674,0.059827206872333234,0.2549070640188187,1.0,0.21757709113494583,0.27941956935964807,0.10517963333195765,0.0790093591325156,0.07221707264343216,0.030062081487267307,0.1254389833320128,
/home/ubuntu/cogitao-research/checkpoints/cogitao_vit_cross_attention/cogitao_c1_experiment_4_vit6_function_mlp_cross_attention/run_000/last.ckpt,35f91e02d5b826c89f6b24f52abf83581220b4b6676009c59b6715b0b2251589,dfec9cbb2afe6616194c1fb41430c0c5d2bc4208,4,test_ood,crop_contours,double_right,double_right -> crop_contours,"pair (f,g): fgx=f(g(x)); task-token order [g,f] means g -> f",61,61,61,image_block_01,42,78000,256,256,0.01,2,"{""fixed_ranks"": [1, 2, 4, 8, 16, 32], ""variance_thresholds"": [0.9, 0.95]}",recorded_ood,11,0.10789433581332239,0.09500188597846655,0.1459077162537332,0.20596436017413497,1.0,0.2735472610294246,0.10900982891074595,0.12070996677255537,0.02756543834647572,0.05523696491061449,0.013081973754449638,0.1230411117266786,
/home/ubuntu/cogitao-research/checkpoints/cogitao_vit_cross_attention/cogitao_c1_experiment_4_vit6_function_mlp_cross_attention/run_000/last.ckpt,35f91e02d5b826c89f6b24f52abf83581220b4b6676009c59b6715b0b2251589,dfec9cbb2afe6616194c1fb41430c0c5d2bc4208,4,test_ood,crop_contours,double_right,double_right -> crop_contours,"pair (f,g): fgx=f(g(x)); task-token order [g,f] means g -> f",61,61,61,image_block_01,42,78000,256,256,0.01,2,"{""fixed_ranks"": [1, 2, 4, 8, 16, 32], ""variance_thresholds"": [0.9, 0.95]}",recorded_ood,85,0.10962126135957415,0.11150518125714531,0.06913991115811931,0.2381761919328033,1.0,0.1891213044366312,0.25888412375814934,0.13915728835512217,0.029292363892727477,0.03611509355421147,-0.006039897601953385,0.11765424176075108,
/home/ubuntu/cogitao-research/checkpoints/cogitao_vit_cross_attention/cogitao_c1_experiment_4_vit6_function_mlp_cross_attention/run_000/last.ckpt,35f91e02d5b826c89f6b24f52abf83581220b4b6676009c59b6715b0b2251589,dfec9cbb2afe6616194c1fb41430c0c5d2bc4208,4,test_ood,crop_contours,double_right,double_right -> crop_contours,"pair (f,g): fgx=f(g(x)); task-token order [g,f] means g -> f",61,61,61,image_block_01,42,78000,256,256,0.01,2,"{""fixed_ranks"": [1, 2, 4, 8, 16, 32], ""variance_thresholds"": [0.9, 0.95]}",recorded_ood,22,0.08197803833365917,0.09526135206530487,0.061706097266989265,0.2580448932884658,1.0,0.23946801243569266,0.22805482211615283,0.06829813735717724,0.001649140866812504,0.055375742585668984,0.01322075142950413,0.10830334722941896,
/home/ubuntu/cogitao-research/checkpoints/cogitao_vit_cross_attention/cogitao_c1_experiment_4_vit6_function_mlp_cross_attention/run_000/last.ckpt,35f91e02d5b826c89f6b24f52abf83581220b4b6676009c59b6715b0b2251589,dfec9cbb2afe6616194c1fb41430c0c5d2bc4208,4,test_ood,crop_contours,double_right,double_right -> crop_contours,"pair (f,g): fgx=f(g(x)); task-token order [g,f] means g -> f",61,61,61,image_block_01,42,78000,256,256,0.01,2,"{""fixed_ranks"": [1, 2, 4, 8, 16, 32], ""variance_thresholds"": [0.9, 0.95]}",recorded_ood,19,0.12028063292931215,0.12134817500109597,0.07205924681029148,0.2770559603962556,1.0,0.23577802865260936,0.27472019555128463,0.09582714235386428,0.039951735462465485,0.03638563829227478,-0.005769352863890076,0.12119290843048697,
/home/ubuntu/cogitao-research/checkpoints/cogitao_vit_cross_attention/cogitao_c1_experiment_4_vit6_function_mlp_cross_attention/run_000/last.ckpt,35f91e02d5b826c89f6b24f52abf83581220b4b6676009c59b6715b0b2251589,dfec9cbb2afe6616194c1fb41430c0c5d2bc4208,4,test_ood,crop_contours,double_right,double_right -> crop_contours,"pair (f,g): fgx=f(g(x)); task-token order [g,f] means g -> f",61,61,61,image_block_01,42,78000,256,256,0.01,2,"{""fixed_ranks"": [1, 2, 4, 8, 16, 32], ""variance_thresholds"": [0.9, 0.95]}",recorded_ood,64,0.12698552575541516,0.1272026491234978,0.05411669270389819,0.22073901424257045,1.0,0.22878829147791832,0.1745508599215205,0.06431428594244386,0.046656628288568494,0.05766492773596523,0.015509936579800376,0.11344878096614362,
/home/ubuntu/cogitao-research/checkpoints/cogitao_vit_cross_attention/cogitao_c1_experiment_4_vit6_function_mlp_cross_attention/run_000/last.ckpt,35f91e02d5b826c89f6b24f52abf83581220b4b6676009c59b6715b0b2251589,dfec9cbb2afe6616194c1fb41430c0c5d2bc4208,4,test_ood,crop_contours,double_right,double_right -> crop_contours,"pair (f,g): fgx=f(g(x)); task-token order [g,f] means g -> f",61,61,61,image_block_01,42,78000,256,256,0.01,2,"{""fixed_ranks"": [1, 2, 4, 8, 16, 32], ""variance_thresholds"": [0.9, 0.95]}",recorded_ood,47,0.0872292646933896,0.06074192350121266,0.07675784306829979,0.17452015066695076,1.0,0.20487917753073773,0.09933679092633585,0.06514098741990897,0.006900367226542928,0.07748148915378808,0.035326497997623225,0.11112873254240078,
/home/ubuntu/cogitao-research/checkpoints/cogitao_vit_cross_attention/cogitao_c1_experiment_4_vit6_function_mlp_cross_attention/run_000/last.ckpt,35f91e02d5b826c89f6b24f52abf83581220b4b6676009c59b6715b0b2251589,dfec9cbb2afe6616194c1fb41430c0c5d2bc4208,4,test_ood,crop_contours,double_right,double_right -> crop_contours,"pair (f,g): fgx=f(g(x)); task-token order [g,f] means g -> f",61,61,61,image_block_01,42,78000,256,256,0.01,2,"{""fixed_ranks"": [1, 2, 4, 8, 16, 32], ""variance_thresholds"": [0.9, 0.95]}",recorded_ood,12,0.13088338812696385,0.14248157309636894,0.045117217924988864,0.30543554709778137,1.0,0.22630562693581602,0.3229208589170845,0.15025990705797765,0.05055449066011718,0.029741124267834484,-0.01241386688833037,0.13432322586805565,
/home/ubuntu/cogitao-research/checkpoints/cogitao_vit_cross_attention/cogitao_c1_experiment_4_vit6_function_mlp_cross_attention/run_000/last.ckpt,35f91e02d5b826c89f6b24f52abf83581220b4b6676009c59b6715b0b2251589,dfec9cbb2afe6616194c1fb41430c0c5d2bc4208,4,test_ood,crop_contours,double_right,double_right -> crop_contours,"pair (f,g): fgx=f(g(x)); task-token order [g,f] means g -> f",61,61,61,image_block_01,42,78000,256,256,0.01,2,"{""fixed_ranks"": [1, 2, 4, 8, 16, 32], ""variance_thresholds"": [0.9, 0.95]}",recorded_ood,14,0.12903748358799558,0.12398226162414207,0.08354228110389189,0.18441110811459552,1.0,0.08858631818239183,0.276932736056543,0.16214120876430058,0.04870858612114891,0.03290772008326648,-0.009247271072898376,0.10104957420719199,
/home/ubuntu/cogitao-research/checkpoints/cogitao_vit_cross_attention/cogitao_c1_experiment_4_vit6_function_mlp_cross_attention/run_000/last.ckpt,35f91e02d5b826c89f6b24f52abf83581220b4b6676009c59b6715b0b2251589,dfec9cbb2afe6616194c1fb41430c0c5d2bc4208,4,test_ood,crop_contours,double_right,double_right -> crop_contours,"pair (f,g): fgx=f(g(x)); task-token order [g,f] means g -> f",61,61,61,image_block_01,42,78000,256,256,0.01,2,"{""fixed_ranks"": [1, 2, 4, 8, 16, 32], ""variance_thresholds"": [0.9, 0.95]}",recorded_ood,66,0.08410302729205901,0.07737636001186211,0.07043153621218536,0.23817607374177857,1.0,0.21871377491402055,0.2569890095177214,0.08463412620718558,0.003774129825212344,0.06630222613080447,0.024147234974639616,0.12507785735679855,
/home/ubuntu/cogitao-research/checkpoints/cogitao_vit_cross_attention/cogitao_c1_experiment_4_vit6_function_mlp_cross_attention/run_000/last.ckpt,35f91e02d5b826c89f6b24f52abf83581220b4b6676009c59b6715b0b2251589,dfec9cbb2afe6616194c1fb41430c0c5d2bc4208,4,test_ood,crop_contours,double_right,double_right -> crop_contours,"pair (f,g): fgx=f(g(x)); task-token order [g,f] means g -> f",61,61,61,image_block_01,42,78000,256,256,0.01,2,"{""fixed_ranks"": [1, 2, 4, 8, 16, 32], ""variance_thresholds"": [0.9, 0.95]}",recorded_ood,36,0.07859481462352706,0.0886329640431421,0.07165373866415232,0.2556170742470082,1.0,0.2288282255229948,0.27461381950820696,0.13838713001959815,-0.0017340828433196065,0.03768155322449182,-0.004473437931673034,0.12779125965493424,
/home/ubuntu/cogitao-research/checkpoints/cogitao_vit_cross_attention/cogitao_c1_experiment_4_vit6_function_mlp_cross_attention/run_000/last.ckpt,35f91e02d5b826c89f6b24f52abf83581220b4b6676009c59b6715b0b2251589,dfec9cbb2afe6616194c1fb41430c0c5d2bc4208,4,test_ood,crop_contours,double_right,double_right -> crop_contours,"pair (f,g): fgx=f(g(x)); task-token order [g,f] means g -> f",61,61,61,image_block_01,42,78000,256,256,0.01,2,"{""fixed_ranks"": [1, 2, 4, 8, 16, 32], ""variance_thresholds"": [0.9, 0.95]}",recorded_ood,65,0.17825025843700992,0.1745434754502962,0.12884247019593467,0.310277861069218,1.0,0.20966373809185831,0.3861588507730136,0.21469779968384983,0.09792136097016325,0.03192335944832727,-0.010231631707837585,0.19431381844819076,
/home/ubuntu/cogitao-research/checkpoints/cogitao_vit_cross_attention/cogitao_c1_experiment_4_vit6_function_mlp_cross_attention/run_000/last.ckpt,35f91e02d5b826c89f6b24f52abf83581220b4b6676009c59b6715b0b2251589,dfec9cbb2afe6616194c1fb41430c0c5d2bc4208,4,test_ood,crop_contours,double_right,double_right -> crop_contours,"pair (f,g): fgx=f(g(x)); task-token order [g,f] means g -> f",61,61,61,image_block_01,42,78000,256,256,0.01,2,"{""fixed_ranks"": [1, 2, 4, 8, 16, 32], ""variance_thresholds"": [0.9, 0.95]}",recorded_ood,8,0.15661534861588478,0.15656159575112466,0.06418767974454322,0.2547276830555995,1.0,0.21955861874425642,0.3409764866342752,0.15088391051698122,0.0762864511490381,0.05122922576788161,0.009074234611716754,0.1759336524217267,
/home/ubuntu/cogitao-research/checkpoints/cogitao_vit_cross_attention/cogitao_c1_experiment_4_vit6_function_mlp_cross_attention/run_000/last.ckpt,35f91e02d5b826c89f6b24f52abf83581220b4b6676009c59b6715b0b2251589,dfec9cbb2afe6616194c1fb41430c0c5d2bc4208,4,test_ood,crop_contours,double_right,double_right -> crop_contours,"pair (f,g): fgx=f(g(x)); task-token order [g,f] means g -> f",61,61,61,image_block_02,42,78000,256,256,0.01,2,"{""fixed_ranks"": [1, 2, 4, 8, 16, 32], ""variance_thresholds"": [0.9, 0.95]}",recorded_ood,56,0.16239483211313027,0.15855601917259415,0.14692489422510643,0.33963337794589193,1.0,0.17856069101766237,0.4024203128119348,0.1900379601937285,0.028155141120717847,0.0855639947918567,-0.001969633483518779,,
/home/ubuntu/cogitao-research/checkpoints/cogitao_vit_cross_attention/cogitao_c1_experiment_4_vit6_function_mlp_cross_attention/run_000/last.ckpt,35f91e02d5b826c89f6b24f52abf83581220b4b6676009c59b6715b0b2251589,dfec9cbb2afe6616194c1fb41430c0c5d2bc4208,4,test_ood,crop_contours,double_right,double_right -> crop_contours,"pair (f,g): fgx=f(g(x)); task-token order [g,f] means g -> f",61,61,61,image_block_02,42,78000,256,256,0.01,2,"{""fixed_ranks"": [1, 2, 4, 8, 16, 32], ""variance_thresholds"": [0.9, 0.95]}",recorded_ood,42,0.15211810746240217,0.17152734170678305,0.12455018369839427,0.38801380049546097,1.0,0.25144534388891926,0.4089558349218679,0.17531901057144617,0.01787841646998975,0.0924394213740827,0.0049057930987072285,,
/home/ubuntu/cogitao-research/checkpoints/cogitao_vit_cross_attention/cogitao_c1_experiment_4_vit6_function_mlp_cross_attention/run_000/last.ckpt,35f91e02d5b826c89f6b24f52abf83581220b4b6676009c59b6715b0b2251589,dfec9cbb2afe6616194c1fb41430c0c5d2bc4208,4,test_ood,crop_contours,double_right,double_right -> crop_contours,"pair (f,g): fgx=f(g(x)); task-token order [g,f] means g -> f",61,61,61,image_block_02,42,78000,256,256,0.01,2,"{""fixed_ranks"": [1, 2, 4, 8, 16, 32], ""variance_thresholds"": [0.9, 0.95]}",recorded_ood,50,0.17158476001621814,0.18149843606513427,0.1050527246969396,0.28685327473293076,1.0,0.2058439880915108,0.3057757579722489,0.18060042716200647,0.037345069023805716,0.0728601090552203,-0.014673519220155168,,
/home/ubuntu/cogitao-research/checkpoints/cogitao_vit_cross_attention/cogitao_c1_experiment_4_vit6_function_mlp_cross_attention/run_000/last.ckpt,35f91e02d5b826c89f6b24f52abf83581220b4b6676009c59b6715b0b2251589,dfec9cbb2afe6616194c1fb41430c0c5d2bc4208,4,test_ood,crop_contours,double_right,double_right -> crop_contours,"pair (f,g): fgx=f(g(x)); task-token order [g,f] means g -> f",61,61,61,image_block_02,42,78000,256,256,0.01,2,"{""fixed_ranks"": [1, 2, 4, 8, 16, 32], ""variance_thresholds"": [0.9, 0.95]}",recorded_ood,27,0.16707907411316,0.1394198577435752,0.1739218113766525,0.23220557625293164,1.0,0.25634943001727817,0.18022534259864617,0.1370842093298978,0.03283938312074758,0.07931158883916589,-0.008222039436209583,,
/home/ubuntu/cogitao-research/checkpoints/cogitao_vit_cross_attention/cogitao_c1_experiment_4_vit6_function_mlp_cross_attention/run_000/last.ckpt,35f91e02d5b826c89f6b24f52abf83581220b4b6676009c59b6715b0b2251589,dfec9cbb2afe6616194c1fb41430c0c5d2bc4208,4,test_ood,crop_contours,double_right,double_right -> crop_contours,"pair (f,g): fgx=f(g(x)); task-token order [g,f] means g -> f",61,61,61,image_block_02,42,78000,256,256,0.01,2,"{""fixed_ranks"": [1, 2, 4, 8, 16, 32], ""variance_thresholds"": [0.9, 0.95]}",recorded_ood,92,0.17432264596853006,0.18950922289272168,0.12193763086198942,0.44831220325137905,1.0,0.24856012103501895,0.5165554657077494,0.23268013271437765,0.040082954976117635,0.07800996305790577,-0.00952366521746971,,
/home/ubuntu/cogitao-research/checkpoints/cogitao_vit_cross_attention/cogitao_c1_experiment_4_vit6_function_mlp_cross_attention/run_000/last.ckpt,35f91e02d5b826c89f6b24f52abf83581220b4b6676009c59b6715b0b2251589,dfec9cbb2afe6616194c1fb41430c0c5d2bc4208,4,test_ood,crop_contours,double_right,double_right -> crop_contours,"pair (f,g): fgx=f(g(x)); task-token order [g,f] means g -> f",61,61,61,image_block_02,42,78000,256,256,0.01,2,"{""fixed_ranks"": [1, 2, 4, 8, 16, 32], ""variance_thresholds"": [0.9, 0.95]}",recorded_ood,71,0.18767857397531493,0.21015502632467922,0.16280723167735855,0.4218865839060013,1.0,0.17977741387203652,0.5131798488515509,0.2906905544895867,0.0534388829829025,0.06086694747447234,-0.026666680800903134,,
/home/ubuntu/cogitao-research/checkpoints/cogitao_vit_cross_attention/cogitao_c1_experiment_4_vit6_function_mlp_cross_attention/run_000/last.ckpt,35f91e02d5b826c89f6b24f52abf83581220b4b6676009c59b6715b0b2251589,dfec9cbb2afe6616194c1fb41430c0c5d2bc4208,4,test_ood,crop_contours,double_right,double_right -> crop_contours,"pair (f,g): fgx=f(g(x)); task-token order [g,f] means g -> f",61,61,61,image_block_02,42,78000,256,256,0.01,2,"{""fixed_ranks"": [1, 2, 4, 8, 16, 32], ""variance_thresholds"": [0.9, 0.95]}",recorded_ood,25,0.17684491791366855,0.16906985244761735,0.08799180663914408,0.2790489457086393,1.0,0.26570962764466655,0.3432389826883386,0.16508993260194188,0.04260522692125612,0.09640838427765919,0.008874756002283712,,
/home/ubuntu/cogitao-research/checkpoints/cogitao_vit_cross_attention/cogitao_c1_experiment_4_vit6_function_mlp_cross_attention/run_000/last.ckpt,35f91e02d5b826c89f6b24f52abf83581220b4b6676009c59b6715b0b2251589,dfec9cbb2afe6616194c1fb41430c0c5d2bc4208,4,test_ood,crop_contours,double_right,double_right -> crop_contours,"pair (f,g): fgx=f(g(x)); task-token order [g,f] means g -> f",61,61,61,image_block_02,42,78000,256,256,0.01,2,"{""fixed_ranks"": [1, 2, 4, 8, 16, 32], ""variance_thresholds"": [0.9, 0.95]}",recorded_ood,52,0.1378826695831257,0.1649639580515064,0.1064686249472935,0.3747138165920796,1.0,0.2577490691225252,0.41115216978986835,0.18829915964384658,0.003642978590713275,0.11408238736436793,0.026548759088992457,,
/home/ubuntu/cogitao-research/checkpoints/cogitao_vit_cross_attention/cogitao_c1_experiment_4_vit6_function_mlp_cross_attention/run_000/last.ckpt,35f91e02d5b826c89f6b24f52abf83581220b4b6676009c59b6715b0b2251589,dfec9cbb2afe6616194c1fb41430c0c5d2bc4208,4,test_ood,crop_contours,double_right,double_right -> crop_contours,"pair (f,g): fgx=f(g(x)); task-token order [g,f] means g -> f",61,61,61,image_block_02,42,78000,256,256,0.01,2,"{""fixed_ranks"": [1, 2, 4, 8, 16, 32], ""variance_thresholds"": [0.9, 0.95]}",recorded_ood,81,0.20454154253883508,0.18615704869856453,0.11431291305744008,0.34172286396400386,1.0,0.23127879011147479,0.36642097335462287,0.16935287661589113,0.07030185154642266,0.1016993321305567,0.01416570385518122,,
/home/ubuntu/cogitao-research/checkpoints/cogitao_vit_cross_attention/cogitao_c1_experiment_4_vit6_function_mlp_cross_attention/run_000/last.ckpt,35f91e02d5b826c89f6b24f52abf83581220b4b6676009c59b6715b0b2251589,dfec9cbb2afe6616194c1fb41430c0c5d2bc4208,4,test_ood,crop_contours,double_right,double_right -> crop_contours,"pair (f,g): fgx=f(g(x)); task-token order [g,f] means g -> f",61,61,61,image_block_02,42,78000,256,256,0.01,2,"{""fixed_ranks"": [1, 2, 4, 8, 16, 32], ""variance_thresholds"": [0.9, 0.95]}",recorded_ood,51,0.1311503304240781,0.14431190968113233,0.09642624463244591,0.3286548281425558,1.0,0.23849206766038242,0.38748551727931585,0.1872150399566498,-0.0030893605683343373,0.07053249423008263,-0.01700113404529284,,
/home/ubuntu/cogitao-research/checkpoints/cogitao_vit_cross_attention/cogitao_c1_experiment_4_vit6_function_mlp_cross_attention/run_000/last.ckpt,35f91e02d5b826c89f6b24f52abf83581220b4b6676009c59b6715b0b2251589,dfec9cbb2afe6616194c1fb41430c0c5d2bc4208,4,test_ood,crop_contours,double_right,double_right -> crop_contours,"pair (f,g): fgx=f(g(x)); task-token order [g,f] means g -> f",61,61,61,image_block_02,42,78000,256,256,0.01,2,"{""fixed_ranks"": [1, 2, 4, 8, 16, 32], ""variance_thresholds"": [0.9, 0.95]}",recorded_ood,37,0.19356653469306334,0.20224454123418953,0.22880464580278068,0.26770659552593495,1.0,0.23342272898215793,0.30620447205351137,0.1707131202076562,0.059326843700650916,0.13367094403521837,0.046137315759842895,,
/home/ubuntu/cogitao-research/checkpoints/cogitao_vit_cross_attention/cogitao_c1_experiment_4_vit6_function_mlp_cross_attention/run_000/last.ckpt,35f91e02d5b826c89f6b24f52abf83581220b4b6676009c59b6715b0b2251589,dfec9cbb2afe6616194c1fb41430c0c5d2bc4208,4,test_ood,crop_contours,double_right,double_right -> crop_contours,"pair (f,g): fgx=f(g(x)); task-token order [g,f] means g -> f",61,61,61,image_block_02,42,78000,256,256,0.01,2,"{""fixed_ranks"": [1, 2, 4, 8, 16, 32], ""variance_thresholds"": [0.9, 0.95]}",recorded_ood,7,0.1316498467182863,0.14812756254294487,0.08944014473592048,0.27528278681500357,1.0,0.24719577612185456,0.34949565030532137,0.13337458959748272,-0.0025898442741261185,0.07417649955087684,-0.013357128724498638,,
/home/ubuntu/cogitao-research/checkpoints/cogitao_vit_cross_attention/cogitao_c1_experiment_4_vit6_function_mlp_cross_attention/run_000/last.ckpt,35f91e02d5b826c89f6b24f52abf83581220b4b6676009c59b6715b0b2251589,dfec9cbb2afe6616194c1fb41430c0c5d2bc4208,4,test_ood,crop_contours,double_right,double_right -> crop_contours,"pair (f,g): fgx=f(g(x)); task-token order [g,f] means g -> f",61,61,61,image_block_02,42,78000,256,256,0.01,2,"{""fixed_ranks"": [1, 2, 4, 8, 16, 32], ""variance_thresholds"": [0.9, 0.95]}",recorded_ood,57,0.17324675830449196,0.18526300292087042,0.1617412979373399,0.4934073972769864,1.0,0.25430036911478193,0.5416026577684903,0.31852306122911533,0.039007067312079535,0.09730057841393167,0.00976695013855619,,
/home/ubuntu/cogitao-research/checkpoints/cogitao_vit_cross_attention/cogitao_c1_experiment_4_vit6_function_mlp_cross_attention/run_000/last.ckpt,35f91e02d5b826c89f6b24f52abf83581220b4b6676009c59b6715b0b2251589,dfec9cbb2afe6616194c1fb41430c0c5d2bc4208,4,test_ood,crop_contours,double_right,double_right -> crop_contours,"pair (f,g): fgx=f(g(x)); task-token order [g,f] means g -> f",61,61,61,image_block_02,42,78000,256,256,0.01,2,"{""fixed_ranks"": [1, 2, 4, 8, 16, 32], ""variance_thresholds"": [0.9, 0.95]}",recorded_ood,79,0.21503418357267118,0.24249645007226414,0.1366601236366083,0.35320112134261816,1.0,0.17238496596988037,0.42320243210217906,0.21614097165299762,0.08079449258025875,0.08984824057703646,0.0023146123016609815,,
/home/ubuntu/cogitao-research/checkpoints/cogitao_vit_cross_attention/cogitao_c1_experiment_4_vit6_function_mlp_cross_attention/run_000/last.ckpt,35f91e02d5b826c89f6b24f52abf83581220b4b6676009c59b6715b0b2251589,dfec9cbb2afe6616194c1fb41430c0c5d2bc4208,4,test_ood,crop_contours,double_right,double_right -> crop_contours,"pair (f,g): fgx=f(g(x)); task-token order [g,f] means g -> f",61,61,61,image_block_02,42,78000,256,256,0.01,2,"{""fixed_ranks"": [1, 2, 4, 8, 16, 32], ""variance_thresholds"": [0.9, 0.95]}",recorded_ood,26,0.1890050490269366,0.1818710943646456,0.14869872732722267,0.2330197913762184,1.0,0.1916864374506882,0.30658058754064016,0.1492237040319547,0.054765358034524175,0.09283383181606555,0.005300203540690079,,
/home/ubuntu/cogitao-research/checkpoints/cogitao_vit_cross_attention/cogitao_c1_experiment_4_vit6_function_mlp_cross_attention/run_000/last.ckpt,35f91e02d5b826c89f6b24f52abf83581220b4b6676009c59b6715b0b2251589,dfec9cbb2afe6616194c1fb41430c0c5d2bc4208,4,test_ood,crop_contours,double_right,double_right -> crop_contours,"pair (f,g): fgx=f(g(x)); task-token order [g,f] means g -> f",61,61,61,image_block_02,42,78000,256,256,0.01,2,"{""fixed_ranks"": [1, 2, 4, 8, 16, 32], ""variance_thresholds"": [0.9, 0.95]}",recorded_ood,78,0.22417436928323883,0.21203434123815187,0.13620402934025508,0.35914714969879746,1.0,0.2685388432976236,0.42337170309382205,0.17716491335277132,0.08993467829082641,0.1145088859776891,0.026975257702313626,,
/home/ubuntu/cogitao-research/checkpoints/cogitao_vit_cross_attention/cogitao_c1_experiment_4_vit6_function_mlp_cross_attention/run_000/last.ckpt,35f91e02d5b826c89f6b24f52abf83581220b4b6676009c59b6715b0b2251589,dfec9cbb2afe6616194c1fb41430c0c5d2bc4208,4,test_ood,crop_contours,double_right,double_right -> crop_contours,"pair (f,g): fgx=f(g(x)); task-token order [g,f] means g -> f",61,61,61,image_block_02,42,78000,256,256,0.01,2,"{""fixed_ranks"": [1, 2, 4, 8, 16, 32], ""variance_thresholds"": [0.9, 0.95]}",recorded_ood,86,0.18471628166379261,0.1877964604496766,0.1307160345392684,0.2937935161009283,1.0,0.23262998766528675,0.3322060105109575,0.16952872012545792,0.05047659067138019,0.10714625080624147,0.019612622530866,,
/home/ubuntu/cogitao-research/checkpoints/cogitao_vit_cross_attention/cogitao_c1_experiment_4_vit6_function_mlp_cross_attention/run_000/last.ckpt,35f91e02d5b826c89f6b24f52abf83581220b4b6676009c59b6715b0b2251589,dfec9cbb2afe6616194c1fb41430c0c5d2bc4208,4,test_ood,crop_contours,double_right,double_right -> crop_contours,"pair (f,g): fgx=f(g(x)); task-token order [g,f] means g -> f",61,61,61,image_block_02,42,78000,256,256,0.01,2,"{""fixed_ranks"": [1, 2, 4, 8, 16, 32], ""variance_thresholds"": [0.9, 0.95]}",recorded_ood,29,0.15613328328668236,0.16440249342626528,0.16605980846255197,0.3561787506196228,1.0,0.27586060670452645,0.3493143804122129,0.1527390437443832,0.02189359229426993,0.07370972129410151,-0.013823906981273962,,
/home/ubuntu/cogitao-research/checkpoints/cogitao_vit_cross_attention/cogitao_c1_experiment_4_vit6_function_mlp_cross_attention/run_000/last.ckpt,35f91e02d5b826c89f6b24f52abf83581220b4b6676009c59b6715b0b2251589,dfec9cbb2afe6616194c1fb41430c0c5d2bc4208,4,test_ood,crop_contours,double_right,double_right -> crop_contours,"pair (f,g): fgx=f(g(x)); task-token order [g,f] means g -> f",61,61,61,image_block_02,42,78000,256,256,0.01,2,"{""fixed_ranks"": [1, 2, 4, 8, 16, 32], ""variance_thresholds"": [0.9, 0.95]}",recorded_ood,17,0.19134621722429934,0.225315025669812,0.12585767312596086,0.3632660318810815,1.0,0.25570423359673317,0.43435329975058307,0.23349343228128963,0.05710652623188692,0.08488649329134816,-0.0026471349840273134,,
/home/ubuntu/cogitao-research/checkpoints/cogitao_vit_cross_attention/cogitao_c1_experiment_4_vit6_function_mlp_cross_attention/run_000/last.ckpt,35f91e02d5b826c89f6b24f52abf83581220b4b6676009c59b6715b0b2251589,dfec9cbb2afe6616194c1fb41430c0c5d2bc4208,4,test_ood,crop_contours,double_right,double_right -> crop_contours,"pair (f,g): fgx=f(g(x)); task-token order [g,f] means g -> f",61,61,61,image_block_02,42,78000,256,256,0.01,2,"{""fixed_ranks"": [1, 2, 4, 8, 16, 32], ""variance_thresholds"": [0.9, 0.95]}",recorded_ood,39,0.22912692455111525,0.21845439682090947,0.18244315067613545,0.3627802421975147,1.0,0.3039649077807746,0.34919041120123523,0.1879308344564649,0.09488723355870282,0.09041095780341032,0.00287732952803485,,
/home/ubuntu/cogitao-research/checkpoints/cogitao_vit_cross_attention/cogitao_c1_experiment_4_vit6_function_mlp_cross_attention/run_000/last.ckpt,35f91e02d5b826c89f6b24f52abf83581220b4b6676009c59b6715b0b2251589,dfec9cbb2afe6616194c1fb41430c0c5d2bc4208,4,test_ood,crop_contours,double_right,double_right -> crop_contours,"pair (f,g): fgx=f(g(x)); task-token order [g,f] means g -> f",61,61,61,image_block_02,42,78000,256,256,0.01,2,"{""fixed_ranks"": [1, 2, 4, 8, 16, 32], ""variance_thresholds"": [0.9, 0.95]}",recorded_ood,91,0.17565290065312456,0.19502200317723004,0.16447581811823547,0.34536222017531687,1.0,0.2537326157836443,0.3590688885455113,0.2311788019960464,0.04141320966071213,0.07439373560222536,-0.01313989267315012,,
/home/ubuntu/cogitao-research/checkpoints/cogitao_vit_cross_attention/cogitao_c1_experiment_4_vit6_function_mlp_cross_attention/run_000/last.ckpt,35f91e02d5b826c89f6b24f52abf83581220b4b6676009c59b6715b0b2251589,dfec9cbb2afe6616194c1fb41430c0c5d2bc4208,4,test_ood,crop_contours,double_right,double_right -> crop_contours,"pair (f,g): fgx=f(g(x)); task-token order [g,f] means g -> f",61,61,61,image_block_02,42,78000,256,256,0.01,2,"{""fixed_ranks"": [1, 2, 4, 8, 16, 32], ""variance_thresholds"": [0.9, 0.95]}",recorded_ood,40,0.19610883285285127,0.19195500659353104,0.11519976062630313,0.39402688284379556,1.0,0.205610689709493,0.4152982883035878,0.18221848513649358,0.06186914186043885,0.08887659650060759,0.0013429682252321107,,
/home/ubuntu/cogitao-research/checkpoints/cogitao_vit_cross_attention/cogitao_c1_experiment_4_vit6_function_mlp_cross_attention/run_000/last.ckpt,35f91e02d5b826c89f6b24f52abf83581220b4b6676009c59b6715b0b2251589,dfec9cbb2afe6616194c1fb41430c0c5d2bc4208,4,test_ood,crop_contours,double_right,double_right -> crop_contours,"pair (f,g): fgx=f(g(x)); task-token order [g,f] means g -> f",61,61,61,image_block_02,42,78000,256,256,0.01,2,"{""fixed_ranks"": [1, 2, 4, 8, 16, 32], ""variance_thresholds"": [0.9, 0.95]}",recorded_ood,95,0.18807832593085982,0.18421069511849128,0.08692212330483419,0.3090439383014011,1.0,0.24627781094772133,0.3944279759927692,0.16631382405247977,0.0538386349384474,0.07852043962593773,-0.009013188649437745,,
/home/ubuntu/cogitao-research/checkpoints/cogitao_vit_cross_attention/cogitao_c1_experiment_4_vit6_function_mlp_cross_attention/run_000/last.ckpt,35f91e02d5b826c89f6b24f52abf83581220b4b6676009c59b6715b0b2251589,dfec9cbb2afe6616194c1fb41430c0c5d2bc4208,4,test_ood,crop_contours,double_right,double_right -> crop_contours,"pair (f,g): fgx=f(g(x)); task-token order [g,f] means g -> f",61,61,61,image_block_02,42,78000,256,256,0.01,2,"{""fixed_ranks"": [1, 2, 4, 8, 16, 32], ""variance_thresholds"": [0.9, 0.95]}",recorded_ood,84,0.19303060211154935,0.18610207871593096,0.15091610120423077,0.3505076288872143,1.0,0.2511771505334863,0.37799299542641235,0.13119510799620146,0.058790911119136924,0.0866178763433084,-0.0009157519320670687,,
/home/ubuntu/cogitao-research/checkpoints/cogitao_vit_cross_attention/cogitao_c1_experiment_4_vit6_function_mlp_cross_attention/run_000/last.ckpt,35f91e02d5b826c89f6b24f52abf83581220b4b6676009c59b6715b0b2251589,dfec9cbb2afe6616194c1fb41430c0c5d2bc4208,4,test_ood,crop_contours,double_right,double_right -> crop_contours,"pair (f,g): fgx=f(g(x)); task-token order [g,f] means g -> f",61,61,61,image_block_02,42,78000,256,256,0.01,2,"{""fixed_ranks"": [1, 2, 4, 8, 16, 32], ""variance_thresholds"": [0.9, 0.95]}",recorded_ood,63,0.2075041551662924,0.22744670988319743,0.1300354963961401,0.38814159715224344,1.0,0.35343504338925424,0.39613597808945344,0.17860158022200198,0.07326446417387997,0.08514656280654317,-0.0023870654688323,,
/home/ubuntu/cogitao-research/checkpoints/cogitao_vit_cross_attention/cogitao_c1_experiment_4_vit6_function_mlp_cross_attention/run_000/last.ckpt,35f91e02d5b826c89f6b24f52abf83581220b4b6676009c59b6715b0b2251589,dfec9cbb2afe6616194c1fb41430c0c5d2bc4208,4,test_ood,crop_contours,double_right,double_right -> crop_contours,"pair (f,g): fgx=f(g(x)); task-token order [g,f] means g -> f",61,61,61,image_block_02,42,78000,256,256,0.01,2,"{""fixed_ranks"": [1, 2, 4, 8, 16, 32], ""variance_thresholds"": [0.9, 0.95]}",recorded_ood,3,0.20976711906705958,0.2329299803002646,0.12543861013279425,0.3485833798220678,1.0,0.175736379815913,0.43730879398941186,0.2177201749725281,0.07552742807464716,0.07626963513589011,-0.011263993139485368,,
/home/ubuntu/cogitao-research/checkpoints/cogitao_vit_cross_attention/cogitao_c1_experiment_4_vit6_function_mlp_cross_attention/run_000/last.ckpt,35f91e02d5b826c89f6b24f52abf83581220b4b6676009c59b6715b0b2251589,dfec9cbb2afe6616194c1fb41430c0c5d2bc4208,4,test_ood,crop_contours,double_right,double_right -> crop_contours,"pair (f,g): fgx=f(g(x)); task-token order [g,f] means g -> f",61,61,61,image_block_02,42,78000,256,256,0.01,2,"{""fixed_ranks"": [1, 2, 4, 8, 16, 32], ""variance_thresholds"": [0.9, 0.95]}",recorded_ood,83,0.27817196855291937,0.2694854137021315,0.1360523911511204,0.4165280774797479,1.0,0.31502283925655755,0.4623384690116872,0.19697597108816056,0.14393227756050694,0.0927769878774547,0.005243359602079223,,
/home/ubuntu/cogitao-research/checkpoints/cogitao_vit_cross_attention/cogitao_c1_experiment_4_vit6_function_mlp_cross_attention/run_000/last.ckpt,35f91e02d5b826c89f6b24f52abf83581220b4b6676009c59b6715b0b2251589,dfec9cbb2afe6616194c1fb41430c0c5d2bc4208,4,test_ood,crop_contours,double_right,double_right -> crop_contours,"pair (f,g): fgx=f(g(x)); task-token order [g,f] means g -> f",61,61,61,image_block_02,42,78000,256,256,0.01,2,"{""fixed_ranks"": [1, 2, 4, 8, 16, 32], ""variance_thresholds"": [0.9, 0.95]}",recorded_ood,93,0.19391957438968008,0.2139615152036127,0.1768659660614799,0.41806135064442457,1.0,0.1968985650251759,0.4965335233424851,0.22295226667723578,0.05967988339726765,0.07034529720997777,-0.017188331065397702,,
/home/ubuntu/cogitao-research/checkpoints/cogitao_vit_cross_attention/cogitao_c1_experiment_4_vit6_function_mlp_cross_attention/run_000/last.ckpt,35f91e02d5b826c89f6b24f52abf83581220b4b6676009c59b6715b0b2251589,dfec9cbb2afe6616194c1fb41430c0c5d2bc4208,4,test_ood,crop_contours,double_right,double_right -> crop_contours,"pair (f,g): fgx=f(g(x)); task-token order [g,f] means g -> f",61,61,61,image_block_02,42,78000,256,256,0.01,2,"{""fixed_ranks"": [1, 2, 4, 8, 16, 32], ""variance_thresholds"": [0.9, 0.95]}",recorded_ood,20,0.15926423305902893,0.1794100462733111,0.09577797475085341,0.3450145544074558,1.0,0.19537648791291606,0.41079886420616224,0.19898695910704906,0.0250245420666165,0.07363273510254727,-0.013900893172828208,,
/home/ubuntu/cogitao-research/checkpoints/cogitao_vit_cross_attention/cogitao_c1_experiment_4_vit6_function_mlp_cross_attention/run_000/last.ckpt,35f91e02d5b826c89f6b24f52abf83581220b4b6676009c59b6715b0b2251589,dfec9cbb2afe6616194c1fb41430c0c5d2bc4208,4,test_ood,crop_contours,double_right,double_right -> crop_contours,"pair (f,g): fgx=f(g(x)); task-token order [g,f] means g -> f",61,61,61,image_block_02,42,78000,256,256,0.01,2,"{""fixed_ranks"": [1, 2, 4, 8, 16, 32], ""variance_thresholds"": [0.9, 0.95]}",recorded_ood,87,0.246889773051381,0.20982086611503176,0.1812534474435029,0.3591317997696793,1.0,0.33743225056266535,0.2612647786343006,0.18337789775622695,0.11265008205896856,0.14312681200673816,0.05559318373136268,,
/home/ubuntu/cogitao-research/checkpoints/cogitao_vit_cross_attention/cogitao_c1_experiment_4_vit6_function_mlp_cross_attention/run_000/last.ckpt,35f91e02d5b826c89f6b24f52abf83581220b4b6676009c59b6715b0b2251589,dfec9cbb2afe6616194c1fb41430c0c5d2bc4208,4,test_ood,crop_contours,double_right,double_right -> crop_contours,"pair (f,g): fgx=f(g(x)); task-token order [g,f] means g -> f",61,61,61,image_block_02,42,78000,256,256,0.01,2,"{""fixed_ranks"": [1, 2, 4, 8, 16, 32], ""variance_thresholds"": [0.9, 0.95]}",recorded_ood,43,0.20231089079260736,0.2003774732837735,0.12454755358809681,0.28829139534531306,1.0,0.21712962966679952,0.3383564680382,0.16630900645915425,0.06807119980019494,0.11084162042032064,0.023307992144945167,0.17280101114724922,
/home/ubuntu/cogitao-research/checkpoints/cogitao_vit_cross_attention/cogitao_c1_experiment_4_vit6_function_mlp_cross_attention/run_000/last.ckpt,35f91e02d5b826c89f6b24f52abf83581220b4b6676009c59b6715b0b2251589,dfec9cbb2afe6616194c1fb41430c0c5d2bc4208,4,test_ood,crop_contours,double_right,double_right -> crop_contours,"pair (f,g): fgx=f(g(x)); task-token order [g,f] means g -> f",61,61,61,image_block_02,42,78000,256,256,0.01,2,"{""fixed_ranks"": [1, 2, 4, 8, 16, 32], ""variance_thresholds"": [0.9, 0.95]}",recorded_ood,73,0.21420136820371904,0.21429976368529446,0.16102968230076548,0.36147047252099435,1.0,0.19895778300503267,0.4550953157567033,0.2480483064845251,0.07996167721130662,0.08732501478986981,-0.00020861348550565983,0.18525878270314197,
/home/ubuntu/cogitao-research/checkpoints/cogitao_vit_cross_attention/cogitao_c1_experiment_4_vit6_function_mlp_cross_attention/run_000/last.ckpt,35f91e02d5b826c89f6b24f52abf83581220b4b6676009c59b6715b0b2251589,dfec9cbb2afe6616194c1fb41430c0c5d2bc4208,4,test_ood,crop_contours,double_right,double_right -> crop_contours,"pair (f,g): fgx=f(g(x)); task-token order [g,f] means g -> f",61,61,61,image_block_02,42,78000,256,256,0.01,2,"{""fixed_ranks"": [1, 2, 4, 8, 16, 32], ""variance_thresholds"": [0.9, 0.95]}",recorded_ood,75,0.22307189470221853,0.19876936881514198,0.10725041610740035,0.34672233217461135,1.0,0.2467348874169857,0.3997720703712141,0.20847230876429051,0.0888322037098061,0.06895769094944397,-0.018575937325931505,0.1638813043236163,
/home/ubuntu/cogitao-research/checkpoints/cogitao_vit_cross_attention/cogitao_c1_experiment_4_vit6_function_mlp_cross_attention/run_000/last.ckpt,35f91e02d5b826c89f6b24f52abf83581220b4b6676009c59b6715b0b2251589,dfec9cbb2afe6616194c1fb41430c0c5d2bc4208,4,test_ood,crop_contours,double_right,double_right -> crop_contours,"pair (f,g): fgx=f(g(x)); task-token order [g,f] means g -> f",61,61,61,image_block_02,42,78000,256,256,0.01,2,"{""fixed_ranks"": [1, 2, 4, 8, 16, 32], ""variance_thresholds"": [0.9, 0.95]}",recorded_ood,23,0.15692838601155065,0.1911981829796376,0.09549155630586934,0.3460329549046767,1.0,0.20702344253222993,0.42155439588171323,0.20241513749114515,0.022688695019138228,0.0638959042628356,-0.02363772401253987,0.17029393795671327,
/home/ubuntu/cogitao-research/checkpoints/cogitao_vit_cross_attention/cogitao_c1_experiment_4_vit6_function_mlp_cross_attention/run_000/last.ckpt,35f91e02d5b826c89f6b24f52abf83581220b4b6676009c59b6715b0b2251589,dfec9cbb2afe6616194c1fb41430c0c5d2bc4208,4,test_ood,crop_contours,double_right,double_right -> crop_contours,"pair (f,g): fgx=f(g(x)); task-token order [g,f] means g -> f",61,61,61,image_block_02,42,78000,256,256,0.01,2,"{""fixed_ranks"": [1, 2, 4, 8, 16, 32], ""variance_thresholds"": [0.9, 0.95]}",recorded_ood,96,0.19447952563233414,0.2003283866447598,0.11828648865348765,0.3213925945114938,1.0,0.32194577613894915,0.3221503862913853,0.16545312612386712,0.06023983463992172,0.10970700070658206,0.02217337243120658,0.29719300707933655,
/home/ubuntu/cogitao-research/checkpoints/cogitao_vit_cross_attention/cogitao_c1_experiment_4_vit6_function_mlp_cross_attention/run_000/last.ckpt,35f91e02d5b826c89f6b24f52abf83581220b4b6676009c59b6715b0b2251589,dfec9cbb2afe6616194c1fb41430c0c5d2bc4208,4,test_ood,crop_contours,double_right,double_right -> crop_contours,"pair (f,g): fgx=f(g(x)); task-token order [g,f] means g -> f",61,61,61,image_block_02,42,78000,256,256,0.01,2,"{""fixed_ranks"": [1, 2, 4, 8, 16, 32], ""variance_thresholds"": [0.9, 0.95]}",recorded_ood,69,0.17685983710562125,0.1994515103362099,0.09532772267679557,0.33151523016208917,1.0,0.2897934834211484,0.36776521367058,0.15001875936294423,0.04262014611320883,0.13581135753686976,0.04827772926149429,0.1625168773058395,
/home/ubuntu/cogitao-research/checkpoints/cogitao_vit_cross_attention/cogitao_c1_experiment_4_vit6_function_mlp_cross_attention/run_000/last.ckpt,35f91e02d5b826c89f6b24f52abf83581220b4b6676009c59b6715b0b2251589,dfec9cbb2afe6616194c1fb41430c0c5d2bc4208,4,test_ood,crop_contours,double_right,double_right -> crop_contours,"pair (f,g): fgx=f(g(x)); task-token order [g,f] means g -> f",61,61,61,image_block_02,42,78000,256,256,0.01,2,"{""fixed_ranks"": [1, 2, 4, 8, 16, 32], ""variance_thresholds"": [0.9, 0.95]}",recorded_ood,15,0.19175334534159594,0.1983631800629716,0.12722437943682186,0.36229594788065184,1.0,0.21268624596887833,0.4426440695075114,0.2064305841142686,0.05751365434918351,0.09050116875089896,0.0029675404755234863,0.1729801890627673,
/home/ubuntu/cogitao-research/checkpoints/cogitao_vit_cross_attention/cogitao_c1_experiment_4_vit6_function_mlp_cross_attention/run_000/last.ckpt,35f91e02d5b826c89f6b24f52abf83581220b4b6676009c59b6715b0b2251589,dfec9cbb2afe6616194c1fb41430c0c5d2bc4208,4,test_ood,crop_contours,double_right,double_right -> crop_contours,"pair (f,g): fgx=f(g(x)); task-token order [g,f] means g -> f",61,61,61,image_block_02,42,78000,256,256,0.01,2,"{""fixed_ranks"": [1, 2, 4, 8, 16, 32], ""variance_thresholds"": [0.9, 0.95]}",recorded_ood,55,0.13842859727856213,0.17041377218147039,0.12165267493910546,0.3956555589588599,1.0,0.24296215373831223,0.40248851164568933,0.16688956114373563,0.004188906286149707,0.06464325762166133,-0.022890370653714145,0.1717947511909596,
/home/ubuntu/cogitao-research/checkpoints/cogitao_vit_cross_attention/cogitao_c1_experiment_4_vit6_function_mlp_cross_attention/run_000/last.ckpt,35f91e02d5b826c89f6b24f52abf83581220b4b6676009c59b6715b0b2251589,dfec9cbb2afe6616194c1fb41430c0c5d2bc4208,4,test_ood,crop_contours,double_right,double_right -> crop_contours,"pair (f,g): fgx=f(g(x)); task-token order [g,f] means g -> f",61,61,61,image_block_02,42,78000,256,256,0.01,2,"{""fixed_ranks"": [1, 2, 4, 8, 16, 32], ""variance_thresholds"": [0.9, 0.95]}",recorded_ood,62,0.17005511299351772,0.16067706549590524,0.13626258080244885,0.3383131184600876,1.0,0.3013723995333679,0.3576564854092051,0.14885729595313565,0.035815422001105296,0.07099338842909896,-0.01654023984627652,0.21519711534231484,
/home/ubuntu/cogitao-research/checkpoints/cogitao_vit_cross_attention/cogitao_c1_experiment_4_vit6_function_mlp_cross_attention/run_000/last.ckpt,35f91e02d5b826c89f6b24f52abf83581220b4b6676009c59b6715b0b2251589,dfec9cbb2afe6616194c1fb41430c0c5d2bc4208,4,test_ood,crop_contours,double_right,double_right -> crop_contours,"pair (f,g): fgx=f(g(x)); task-token order [g,f] means g -> f",61,61,61,image_block_02,42,78000,256,256,0.01,2,"{""fixed_ranks"": [1, 2, 4, 8, 16, 32], ""variance_thresholds"": [0.9, 0.95]}",recorded_ood,31,0.2043680325483077,0.21150846600897735,0.17384909753367178,0.3650013566701919,1.0,0.2812568211291829,0.40619938014922996,0.1720111520193504,0.07012834155589528,0.10790653926779734,0.02037291099242186,0.19270564126432704,
/home/ubuntu/cogitao-research/checkpoints/cogitao_vit_cross_attention/cogitao_c1_experiment_4_vit6_function_mlp_cross_attention/run_000/last.ckpt,35f91e02d5b826c89f6b24f52abf83581220b4b6676009c59b6715b0b2251589,dfec9cbb2afe6616194c1fb41430c0c5d2bc4208,4,test_ood,crop_contours,double_right,double_right -> crop_contours,"pair (f,g): fgx=f(g(x)); task-token order [g,f] means g -> f",61,61,61,image_block_02,42,78000,256,256,0.01,2,"{""fixed_ranks"": [1, 2, 4, 8, 16, 32], ""variance_thresholds"": [0.9, 0.95]}",recorded_ood,72,0.17208495321913728,0.16231434671338474,0.19133852718098654,0.3339514399277078,1.0,0.26723472722312436,0.3538515804169678,0.24759599470925167,0.03784526222672485,0.10654381462604587,0.019010186350670394,0.3149958546569157,
/home/ubuntu/cogitao-research/checkpoints/cogitao_vit_cross_attention/cogitao_c1_experiment_4_vit6_function_mlp_cross_attention/run_000/last.ckpt,35f91e02d5b826c89f6b24f52abf83581220b4b6676009c59b6715b0b2251589,dfec9cbb2afe6616194c1fb41430c0c5d2bc4208,4,test_ood,crop_contours,double_right,double_right -> crop_contours,"pair (f,g): fgx=f(g(x)); task-token order [g,f] means g -> f",61,61,61,image_block_02,42,78000,256,256,0.01,2,"{""fixed_ranks"": [1, 2, 4, 8, 16, 32], ""variance_thresholds"": [0.9, 0.95]}",recorded_ood,67,0.24309845173635258,0.25247706694991806,0.1780406050828703,0.3585150313743708,1.0,0.25210262130675454,0.4296465204784662,0.22385053744262637,0.10885876074394016,0.0698676476381021,-0.01766598063727337,0.16595906490286724,
/home/ubuntu/cogitao-research/checkpoints/cogitao_vit_cross_attention/cogitao_c1_experiment_4_vit6_function_mlp_cross_attention/run_000/last.ckpt,35f91e02d5b826c89f6b24f52abf83581220b4b6676009c59b6715b0b2251589,dfec9cbb2afe6616194c1fb41430c0c5d2bc4208,4,test_ood,crop_contours,double_right,double_right -> crop_contours,"pair (f,g): fgx=f(g(x)); task-token order [g,f] means g -> f",61,61,61,image_block_02,42,78000,256,256,0.01,2,"{""fixed_ranks"": [1, 2, 4, 8, 16, 32], ""variance_thresholds"": [0.9, 0.95]}",recorded_ood,34,0.17540295897802238,0.18788383580662998,0.11657435723767204,0.3725411926486574,1.0,0.21148498022166834,0.43293253771301254,0.20032781909658876,0.04116326798560996,0.1156021099537531,0.028068481678377624,0.16390229818697566,
/home/ubuntu/cogitao-research/checkpoints/cogitao_vit_cross_attention/cogitao_c1_experiment_4_vit6_function_mlp_cross_attention/run_000/last.ckpt,35f91e02d5b826c89f6b24f52abf83581220b4b6676009c59b6715b0b2251589,dfec9cbb2afe6616194c1fb41430c0c5d2bc4208,4,test_ood,crop_contours,double_right,double_right -> crop_contours,"pair (f,g): fgx=f(g(x)); task-token order [g,f] means g -> f",61,61,61,image_block_02,42,78000,256,256,0.01,2,"{""fixed_ranks"": [1, 2, 4, 8, 16, 32], ""variance_thresholds"": [0.9, 0.95]}",recorded_ood,58,0.18816543186330018,0.18496474704272636,0.12265598791337433,0.3352405576318468,1.0,0.2427007699469236,0.35502581440305164,0.18859231237798496,0.05392574087088775,0.06508498750276369,-0.022448640772611786,0.24771239723004448,
/home/ubuntu/cogitao-research/checkpoints/cogitao_vit_cross_attention/cogitao_c1_experiment_4_vit6_function_mlp_cross_attention/run_000/last.ckpt,35f91e02d5b826c89f6b24f52abf83581220b4b6676009c59b6715b0b2251589,dfec9cbb2afe6616194c1fb41430c0c5d2bc4208,4,test_ood,crop_contours,double_right,double_right -> crop_contours,"pair (f,g): fgx=f(g(x)); task-token order [g,f] means g -> f",61,61,61,image_block_02,42,78000,256,256,0.01,2,"{""fixed_ranks"": [1, 2, 4, 8, 16, 32], ""variance_thresholds"": [0.9, 0.95]}",recorded_ood,74,0.17731072596334888,0.13588631554120476,0.15900606916787,0.276002906300834,1.0,0.2764084321312056,0.29313978510802363,0.12237459330971164,0.04307103497093645,0.0711083584830801,-0.016425269792295374,0.271510352285626,
/home/ubuntu/cogitao-research/checkpoints/cogitao_vit_cross_attention/cogitao_c1_experiment_4_vit6_function_mlp_cross_attention/run_000/last.ckpt,35f91e02d5b826c89f6b24f52abf83581220b4b6676009c59b6715b0b2251589,dfec9cbb2afe6616194c1fb41430c0c5d2bc4208,4,test_ood,crop_contours,double_right,double_right -> crop_contours,"pair (f,g): fgx=f(g(x)); task-token order [g,f] means g -> f",61,61,61,image_block_02,42,78000,256,256,0.01,2,"{""fixed_ranks"": [1, 2, 4, 8, 16, 32], ""variance_thresholds"": [0.9, 0.95]}",recorded_ood,54,0.2027859393311515,0.23129052236348166,0.1937402369053039,0.38369707992087193,1.0,0.23391481669666386,0.4300108037271034,0.2291709494741676,0.06854624833873907,0.1016652408112386,0.01413161253586312,0.15791598722890313,
/home/ubuntu/cogitao-research/checkpoints/cogitao_vit_cross_attention/cogitao_c1_experiment_4_vit6_function_mlp_cross_attention/run_000/last.ckpt,35f91e02d5b826c89f6b24f52abf83581220b4b6676009c59b6715b0b2251589,dfec9cbb2afe6616194c1fb41430c0c5d2bc4208,4,test_ood,crop_contours,double_right,double_right -> crop_contours,"pair (f,g): fgx=f(g(x)); task-token order [g,f] means g -> f",61,61,61,image_block_02,42,78000,256,256,0.01,2,"{""fixed_ranks"": [1, 2, 4, 8, 16, 32], ""variance_thresholds"": [0.9, 0.95]}",recorded_ood,49,0.20239230966117228,0.20198826614996152,0.10740549480481333,0.3875032564748995,1.0,0.32996782206963055,0.4075721969656459,0.13780515706042132,0.06815261866875985,0.10421029513694507,0.0166766668615696,0.16679314358542283,
/home/ubuntu/cogitao-research/checkpoints/cogitao_vit_cross_attention/cogitao_c1_experiment_4_vit6_function_mlp_cross_attention/run_000/last.ckpt,35f91e02d5b826c89f6b24f52abf83581220b4b6676009c59b6715b0b2251589,dfec9cbb2afe6616194c1fb41430c0c5d2bc4208,4,test_ood,crop_contours,double_right,double_right -> crop_contours,"pair (f,g): fgx=f(g(x)); task-token order [g,f] means g -> f",61,61,61,image_block_02,42,78000,256,256,0.01,2,"{""fixed_ranks"": [1, 2, 4, 8, 16, 32], ""variance_thresholds"": [0.9, 0.95]}",recorded_ood,6,0.18885318723092506,0.19447529058972993,0.15757701970446442,0.3541973118519365,1.0,0.33380716905038926,0.3711518400891255,0.21419943700244953,0.05461349623851264,0.1133668334991743,0.025833205223798825,0.17404092732152526,
/home/ubuntu/cogitao-research/checkpoints/cogitao_vit_cross_attention/cogitao_c1_experiment_4_vit6_function_mlp_cross_attention/run_000/last.ckpt,35f91e02d5b826c89f6b24f52abf83581220b4b6676009c59b6715b0b2251589,dfec9cbb2afe6616194c1fb41430c0c5d2bc4208,4,test_ood,crop_contours,double_right,double_right -> crop_contours,"pair (f,g): fgx=f(g(x)); task-token order [g,f] means g -> f",61,61,61,image_block_02,42,78000,256,256,0.01,2,"{""fixed_ranks"": [1, 2, 4, 8, 16, 32], ""variance_thresholds"": [0.9, 0.95]}",recorded_ood,90,0.23133768391895798,0.20943990182007333,0.0977096454686366,0.4092597553181627,1.0,0.30206106727473875,0.43753687119872825,0.14796276408813025,0.09709799292654556,0.09513788091205129,0.007604252636675815,0.15032428246990784,
/home/ubuntu/cogitao-research/checkpoints/cogitao_vit_cross_attention/cogitao_c1_experiment_4_vit6_function_mlp_cross_attention/run_000/last.ckpt,35f91e02d5b826c89f6b24f52abf83581220b4b6676009c59b6715b0b2251589,dfec9cbb2afe6616194c1fb41430c0c5d2bc4208,4,test_ood,crop_contours,double_right,double_right -> crop_contours,"pair (f,g): fgx=f(g(x)); task-token order [g,f] means g -> f",61,61,61,image_block_02,42,78000,256,256,0.01,2,"{""fixed_ranks"": [1, 2, 4, 8, 16, 32], ""variance_thresholds"": [0.9, 0.95]}",recorded_ood,11,0.12019505873550657,0.14181040297150097,0.16453299156701465,0.2943168585019664,1.0,0.3479673306823926,0.2247548835939895,0.10974198111924165,-0.014044632256905859,0.16472047537496862,0.07718684709959314,0.27785372327959035,
/home/ubuntu/cogitao-research/checkpoints/cogitao_vit_cross_attention/cogitao_c1_experiment_4_vit6_function_mlp_cross_attention/run_000/last.ckpt,35f91e02d5b826c89f6b24f52abf83581220b4b6676009c59b6715b0b2251589,dfec9cbb2afe6616194c1fb41430c0c5d2bc4208,4,test_ood,crop_contours,double_right,double_right -> crop_contours,"pair (f,g): fgx=f(g(x)); task-token order [g,f] means g -> f",61,61,61,image_block_02,42,78000,256,256,0.01,2,"{""fixed_ranks"": [1, 2, 4, 8, 16, 32], ""variance_thresholds"": [0.9, 0.95]}",recorded_ood,85,0.23628272880673315,0.2197375582175289,0.14813650115194804,0.43961255433480034,1.0,0.2235334188665003,0.43880749349716164,0.20225277869445535,0.10204303781432073,0.07494820131903983,-0.012585426956335646,0.19977649832825317,
/home/ubuntu/cogitao-research/checkpoints/cogitao_vit_cross_attention/cogitao_c1_experiment_4_vit6_function_mlp_cross_attention/run_000/last.ckpt,35f91e02d5b826c89f6b24f52abf83581220b4b6676009c59b6715b0b2251589,dfec9cbb2afe6616194c1fb41430c0c5d2bc4208,4,test_ood,crop_contours,double_right,double_right -> crop_contours,"pair (f,g): fgx=f(g(x)); task-token order [g,f] means g -> f",61,61,61,image_block_02,42,78000,256,256,0.01,2,"{""fixed_ranks"": [1, 2, 4, 8, 16, 32], ""variance_thresholds"": [0.9, 0.95]}",recorded_ood,22,0.15949030204155829,0.14826984201156956,0.12352029271457776,0.3860971104535267,1.0,0.3036642848653172,0.35904458051669585,0.1274425493105718,0.02525061104914586,0.1039968977293785,0.016463269454003032,0.16525484795924095,
/home/ubuntu/cogitao-research/checkpoints/cogitao_vit_cross_attention/cogitao_c1_experiment_4_vit6_function_mlp_cross_attention/run_000/last.ckpt,35f91e02d5b826c89f6b24f52abf83581220b4b6676009c59b6715b0b2251589,dfec9cbb2afe6616194c1fb41430c0c5d2bc4208,4,test_ood,crop_contours,double_right,double_right -> crop_contours,"pair (f,g): fgx=f(g(x)); task-token order [g,f] means g -> f",61,61,61,image_block_02,42,78000,256,256,0.01,2,"{""fixed_ranks"": [1, 2, 4, 8, 16, 32], ""variance_thresholds"": [0.9, 0.95]}",recorded_ood,19,0.14723420401303447,0.14981594297784484,0.13292217418371044,0.3574338345652093,1.0,0.31172000284988083,0.38168712756636497,0.12077186292129291,0.012994513020622045,0.06973532865584693,-0.017798299619528543,0.13737603370102439,
/home/ubuntu/cogitao-research/checkpoints/cogitao_vit_cross_attention/cogitao_c1_experiment_4_vit6_function_mlp_cross_attention/run_000/last.ckpt,35f91e02d5b826c89f6b24f52abf83581220b4b6676009c59b6715b0b2251589,dfec9cbb2afe6616194c1fb41430c0c5d2bc4208,4,test_ood,crop_contours,double_right,double_right -> crop_contours,"pair (f,g): fgx=f(g(x)); task-token order [g,f] means g -> f",61,61,61,image_block_02,42,78000,256,256,0.01,2,"{""fixed_ranks"": [1, 2, 4, 8, 16, 32], ""variance_thresholds"": [0.9, 0.95]}",recorded_ood,64,0.18283423538238117,0.18641846784810856,0.12785382887124938,0.3534780744910426,1.0,0.2578907812064246,0.3564739801271212,0.13760768827438935,0.04859454438996874,0.10333426749494268,0.015800639219567203,0.1674478588277439,
/home/ubuntu/cogitao-research/checkpoints/cogitao_vit_cross_attention/cogitao_c1_experiment_4_vit6_function_mlp_cross_attention/run_000/last.ckpt,35f91e02d5b826c89f6b24f52abf83581220b4b6676009c59b6715b0b2251589,dfec9cbb2afe6616194c1fb41430c0c5d2bc4208,4,test_ood,crop_contours,double_right,double_right -> crop_contours,"pair (f,g): fgx=f(g(x)); task-token order [g,f] means g -> f",61,61,61,image_block_02,42,78000,256,256,0.01,2,"{""fixed_ranks"": [1, 2, 4, 8, 16, 32], ""variance_thresholds"": [0.9, 0.95]}",recorded_ood,47,0.14803661356814904,0.13871779937346254,0.12725091487272047,0.3202229957176194,1.0,0.31772120512338803,0.1772823374221446,0.14903129605225793,0.013796922575736614,0.19325894375902478,0.1057253154836493,0.2168973437278788,
/home/ubuntu/cogitao-research/checkpoints/cogitao_vit_cross_attention/cogitao_c1_experiment_4_vit6_function_mlp_cross_attention/run_000/last.ckpt,35f91e02d5b826c89f6b24f52abf83581220b4b6676009c59b6715b0b2251589,dfec9cbb2afe6616194c1fb41430c0c5d2bc4208,4,test_ood,crop_contours,double_right,double_right -> crop_contours,"pair (f,g): fgx=f(g(x)); task-token order [g,f] means g -> f",61,61,61,image_block_02,42,78000,256,256,0.01,2,"{""fixed_ranks"": [1, 2, 4, 8, 16, 32], ""variance_thresholds"": [0.9, 0.95]}",recorded_ood,12,0.18851517581197752,0.2049725557556564,0.12170608602420999,0.4096314830449885,1.0,0.26481751357453326,0.4220090442923561,0.2043549954634327,0.054275484819565095,0.04831863935953326,-0.039214988915842214,0.15395423223216434,
/home/ubuntu/cogitao-research/checkpoints/cogitao_vit_cross_attention/cogitao_c1_experiment_4_vit6_function_mlp_cross_attention/run_000/last.ckpt,35f91e02d5b826c89f6b24f52abf83581220b4b6676009c59b6715b0b2251589,dfec9cbb2afe6616194c1fb41430c0c5d2bc4208,4,test_ood,crop_contours,double_right,double_right -> crop_contours,"pair (f,g): fgx=f(g(x)); task-token order [g,f] means g -> f",61,61,61,image_block_02,42,78000,256,256,0.01,2,"{""fixed_ranks"": [1, 2, 4, 8, 16, 32], ""variance_thresholds"": [0.9, 0.95]}",recorded_ood,14,0.20252507446319445,0.23793993743716133,0.10747857222448996,0.3953676594264289,1.0,0.1676831879462501,0.450270167894293,0.22043137752145334,0.06828538347078203,0.059165307254480624,-0.02836832102089485,0.15667640779342706,
/home/ubuntu/cogitao-research/checkpoints/cogitao_vit_cross_attention/cogitao_c1_experiment_4_vit6_function_mlp_cross_attention/run_000/last.ckpt,35f91e02d5b826c89f6b24f52abf83581220b4b6676009c59b6715b0b2251589,dfec9cbb2afe6616194c1fb41430c0c5d2bc4208,4,test_ood,crop_contours,double_right,double_right -> crop_contours,"pair (f,g): fgx=f(g(x)); task-token order [g,f] means g -> f",61,61,61,image_block_02,42,78000,256,256,0.01,2,"{""fixed_ranks"": [1, 2, 4, 8, 16, 32], ""variance_thresholds"": [0.9, 0.95]}",recorded_ood,66,0.14386824547218505,0.11931845577055825,0.09969889301832803,0.33641452423418006,1.0,0.26861159283145314,0.3761314632144862,0.13879133799069096,0.009628554479772622,0.1093277144315974,0.02179408615622193,0.19653554358059022,
/home/ubuntu/cogitao-research/checkpoints/cogitao_vit_cross_attention/cogitao_c1_experiment_4_vit6_function_mlp_cross_attention/run_000/last.ckpt,35f91e02d5b826c89f6b24f52abf83581220b4b6676009c59b6715b0b2251589,dfec9cbb2afe6616194c1fb41430c0c5d2bc4208,4,test_ood,crop_contours,double_right,double_right -> crop_contours,"pair (f,g): fgx=f(g(x)); task-token order [g,f] means g -> f",61,61,61,image_block_02,42,78000,256,256,0.01,2,"{""fixed_ranks"": [1, 2, 4, 8, 16, 32], ""variance_thresholds"": [0.9, 0.95]}",recorded_ood,36,0.15570391770177702,0.2174738521704207,0.11327591231774478,0.40241867596191055,1.0,0.3141186522401954,0.41737786197435295,0.22636837299107282,0.021464226709364598,0.0828772006211577,-0.004656427654217768,0.24898762510064013,
/home/ubuntu/cogitao-research/checkpoints/cogitao_vit_cross_attention/cogitao_c1_experiment_4_vit6_function_mlp_cross_attention/run_000/last.ckpt,35f91e02d5b826c89f6b24f52abf83581220b4b6676009c59b6715b0b2251589,dfec9cbb2afe6616194c1fb41430c0c5d2bc4208,4,test_ood,crop_contours,double_right,double_right -> crop_contours,"pair (f,g): fgx=f(g(x)); task-token order [g,f] means g -> f",61,61,61,image_block_02,42,78000,256,256,0.01,2,"{""fixed_ranks"": [1, 2, 4, 8, 16, 32], ""variance_thresholds"": [0.9, 0.95]}",recorded_ood,65,0.1938114456755594,0.20280777413645487,0.15657208396247,0.4002075415253783,1.0,0.2592314580068178,0.4268815512358052,0.21346311474240195,0.05957175468314699,0.05391094764443408,-0.03362268063094139,0.21297840634278176,
/home/ubuntu/cogitao-research/checkpoints/cogitao_vit_cross_attention/cogitao_c1_experiment_4_vit6_function_mlp_cross_attention/run_000/last.ckpt,35f91e02d5b826c89f6b24f52abf83581220b4b6676009c59b6715b0b2251589,dfec9cbb2afe6616194c1fb41430c0c5d2bc4208,4,test_ood,crop_contours,double_right,double_right -> crop_contours,"pair (f,g): fgx=f(g(x)); task-token order [g,f] means g -> f",61,61,61,image_block_02,42,78000,256,256,0.01,2,"{""fixed_ranks"": [1, 2, 4, 8, 16, 32], ""variance_thresholds"": [0.9, 0.95]}",recorded_ood,8,0.21278773971437276,0.1887607558505007,0.10970637788836005,0.3364262803762935,1.0,0.2739004253882185,0.41218856680385035,0.157916601347083,0.07854804872196033,0.08385001896768236,-0.0036836093076931115,0.17534198982148555,
/home/ubuntu/cogitao-research/checkpoints/cogitao_vit_cross_attention/cogitao_c1_experiment_4_vit6_function_mlp_cross_attention/run_000/last.ckpt,35f91e02d5b826c89f6b24f52abf83581220b4b6676009c59b6715b0b2251589,dfec9cbb2afe6616194c1fb41430c0c5d2bc4208,4,test_ood,crop_contours,double_right,double_right -> crop_contours,"pair (f,g): fgx=f(g(x)); task-token order [g,f] means g -> f",61,61,61,image_block_03,42,78000,256,256,0.01,2,"{""fixed_ranks"": [1, 2, 4, 8, 16, 32], ""variance_thresholds"": [0.9, 0.95]}",recorded_ood,56,0.19507572800671286,0.17492435850841964,0.172026884882146,0.3689777769691893,1.0,0.2048646863438775,0.45586193244938206,0.2818223842554258,0.03298498215332479,0.08867953817567904,-0.018872639592628693,,
/home/ubuntu/cogitao-research/checkpoints/cogitao_vit_cross_attention/cogitao_c1_experiment_4_vit6_function_mlp_cross_attention/run_000/last.ckpt,35f91e02d5b826c89f6b24f52abf83581220b4b6676009c59b6715b0b2251589,dfec9cbb2afe6616194c1fb41430c0c5d2bc4208,4,test_ood,crop_contours,double_right,double_right -> crop_contours,"pair (f,g): fgx=f(g(x)); task-token order [g,f] means g -> f",61,61,61,image_block_03,42,78000,256,256,0.01,2,"{""fixed_ranks"": [1, 2, 4, 8, 16, 32], ""variance_thresholds"": [0.9, 0.95]}",recorded_ood,42,0.20752071823773893,0.203444292938722,0.13273659209175576,0.4151107645310799,1.0,0.2736408436625402,0.4095025162737936,0.18316915038525866,0.04542997238435087,0.12001398015257866,0.012461802384270929,,
/home/ubuntu/cogitao-research/checkpoints/cogitao_vit_cross_attention/cogitao_c1_experiment_4_vit6_function_mlp_cross_attention/run_000/last.ckpt,35f91e02d5b826c89f6b24f52abf83581220b4b6676009c59b6715b0b2251589,dfec9cbb2afe6616194c1fb41430c0c5d2bc4208,4,test_ood,crop_contours,double_right,double_right -> crop_contours,"pair (f,g): fgx=f(g(x)); task-token order [g,f] means g -> f",61,61,61,image_block_03,42,78000,256,256,0.01,2,"{""fixed_ranks"": [1, 2, 4, 8, 16, 32], ""variance_thresholds"": [0.9, 0.95]}",recorded_ood,50,0.23894349643836613,0.2307460716211389,0.14549964268120227,0.34309676702826386,1.0,0.2476607810940134,0.2904365228484952,0.15908459702463765,0.07685275058497806,0.11040215112710625,0.0028499733587985104,,
/home/ubuntu/cogitao-research/checkpoints/cogitao_vit_cross_attention/cogitao_c1_experiment_4_vit6_function_mlp_cross_attention/run_000/last.ckpt,35f91e02d5b826c89f6b24f52abf83581220b4b6676009c59b6715b0b2251589,dfec9cbb2afe6616194c1fb41430c0c5d2bc4208,4,test_ood,crop_contours,double_right,double_right -> crop_contours,"pair (f,g): fgx=f(g(x)); task-token order [g,f] means g -> f",61,61,61,image_block_03,42,78000,256,256,0.01,2,"{""fixed_ranks"": [1, 2, 4, 8, 16, 32], ""variance_thresholds"": [0.9, 0.95]}",recorded_ood,27,0.20865824043607709,0.17717069361244273,0.19742932437829386,0.2975854985986736,1.0,0.2987802069401003,0.25100964584266294,0.18557029971442873,0.04656749458268902,0.09466575753739424,-0.012886420230913492,,
/home/ubuntu/cogitao-research/checkpoints/cogitao_vit_cross_attention/cogitao_c1_experiment_4_vit6_function_mlp_cross_attention/run_000/last.ckpt,35f91e02d5b826c89f6b24f52abf83581220b4b6676009c59b6715b0b2251589,dfec9cbb2afe6616194c1fb41430c0c5d2bc4208,4,test_ood,crop_contours,double_right,double_right -> crop_contours,"pair (f,g): fgx=f(g(x)); task-token order [g,f] means g -> f",61,61,61,image_block_03,42,78000,256,256,0.01,2,"{""fixed_ranks"": [1, 2, 4, 8, 16, 32], ""variance_thresholds"": [0.9, 0.95]}",recorded_ood,92,0.22483087871426913,0.21674205588124212,0.14331939960008877,0.480978261450912,1.0,0.25842602760345634,0.51039832009502,0.21854457149944426,0.06274013286088106,0.07139868299823593,-0.036153494770071806,,
/home/ubuntu/cogitao-research/checkpoints/cogitao_vit_cross_attention/cogitao_c1_experiment_4_vit6_function_mlp_cross_attention/run_000/last.ckpt,35f91e02d5b826c89f6b24f52abf83581220b4b6676009c59b6715b0b2251589,dfec9cbb2afe6616194c1fb41430c0c5d2bc4208,4,test_ood,crop_contours,double_right,double_right -> crop_contours,"pair (f,g): fgx=f(g(x)); task-token order [g,f] means g -> f",61,61,61,image_block_03,42,78000,256,256,0.01,2,"{""fixed_ranks"": [1, 2, 4, 8, 16, 32], ""variance_thresholds"": [0.9, 0.95]}",recorded_ood,71,0.19839458224933493,0.21301600663817413,0.17777604457987328,0.4505533443298927,1.0,0.19942370468032244,0.5276529346722876,0.31233264292155416,0.036303836395946865,0.09635376160755714,-0.011198416160750596,,
/home/ubuntu/cogitao-research/checkpoints/cogitao_vit_cross_attention/cogitao_c1_experiment_4_vit6_function_mlp_cross_attention/run_000/last.ckpt,35f91e02d5b826c89f6b24f52abf83581220b4b6676009c59b6715b0b2251589,dfec9cbb2afe6616194c1fb41430c0c5d2bc4208,4,test_ood,crop_contours,double_right,double_right -> crop_contours,"pair (f,g): fgx=f(g(x)); task-token order [g,f] means g -> f",61,61,61,image_block_03,42,78000,256,256,0.01,2,"{""fixed_ranks"": [1, 2, 4, 8, 16, 32], ""variance_thresholds"": [0.9, 0.95]}",recorded_ood,25,0.20177751213168188,0.2065892319460888,0.10371519777802515,0.29775532719690717,1.0,0.2804525059874664,0.3529192620660423,0.17910572346065431,0.03968676627829382,0.09418671046110731,-0.013365467307200424,,
/home/ubuntu/cogitao-research/checkpoints/cogitao_vit_cross_attention/cogitao_c1_experiment_4_vit6_function_mlp_cross_attention/run_000/last.ckpt,35f91e02d5b826c89f6b24f52abf83581220b4b6676009c59b6715b0b2251589,dfec9cbb2afe6616194c1fb41430c0c5d2bc4208,4,test_ood,crop_contours,double_right,double_right -> crop_contours,"pair (f,g): fgx=f(g(x)); task-token order [g,f] means g -> f",61,61,61,image_block_03,42,78000,256,256,0.01,2,"{""fixed_ranks"": [1, 2, 4, 8, 16, 32], ""variance_thresholds"": [0.9, 0.95]}",recorded_ood,52,0.1625986196045134,0.20752633991152725,0.13228327027440925,0.40572703020432366,1.0,0.2811477681122575,0.40167843361041217,0.20175033255937835,0.0005078737511253484,0.14464795854225665,0.037095780773948914,,
/home/ubuntu/cogitao-research/checkpoints/cogitao_vit_cross_attention/cogitao_c1_experiment_4_vit6_function_mlp_cross_attention/run_000/last.ckpt,35f91e02d5b826c89f6b24f52abf83581220b4b6676009c59b6715b0b2251589,dfec9cbb2afe6616194c1fb41430c0c5d2bc4208,4,test_ood,crop_contours,double_right,double_right -> crop_contours,"pair (f,g): fgx=f(g(x)); task-token order [g,f] means g -> f",61,61,61,image_block_03,42,78000,256,256,0.01,2,"{""fixed_ranks"": [1, 2, 4, 8, 16, 32], ""variance_thresholds"": [0.9, 0.95]}",recorded_ood,81,0.24350752889545485,0.21402616620036624,0.10901690956807572,0.36124886574059073,1.0,0.25376574637856864,0.3685459633184953,0.1475740031749216,0.08141678304206679,0.10719179616676942,-0.0003603816015383121,,
/home/ubuntu/cogitao-research/checkpoints/cogitao_vit_cross_attention/cogitao_c1_experiment_4_vit6_function_mlp_cross_attention/run_000/last.ckpt,35f91e02d5b826c89f6b24f52abf83581220b4b6676009c59b6715b0b2251589,dfec9cbb2afe6616194c1fb41430c0c5d2bc4208,4,test_ood,crop_contours,double_right,double_right -> crop_contours,"pair (f,g): fgx=f(g(x)); task-token order [g,f] means g -> f",61,61,61,image_block_03,42,78000,256,256,0.01,2,"{""fixed_ranks"": [1, 2, 4, 8, 16, 32], ""variance_thresholds"": [0.9, 0.95]}",recorded_ood,51,0.14206756990251224,0.1696305908892861,0.10139148654249006,0.34323833467003384,1.0,0.23678998615305824,0.39856289822193836,0.20647142310790215,-0.020023175950875827,0.07528940235151607,-0.032262775416791664,,
/home/ubuntu/cogitao-research/checkpoints/cogitao_vit_cross_attention/cogitao_c1_experiment_4_vit6_function_mlp_cross_attention/run_000/last.ckpt,35f91e02d5b826c89f6b24f52abf83581220b4b6676009c59b6715b0b2251589,dfec9cbb2afe6616194c1fb41430c0c5d2bc4208,4,test_ood,crop_contours,double_right,double_right -> crop_contours,"pair (f,g): fgx=f(g(x)); task-token order [g,f] means g -> f",61,61,61,image_block_03,42,78000,256,256,0.01,2,"{""fixed_ranks"": [1, 2, 4, 8, 16, 32], ""variance_thresholds"": [0.9, 0.95]}",recorded_ood,37,0.21823795376305763,0.22451266655602123,0.26409092027509773,0.31461774977787443,1.0,0.28115311080757605,0.31200655678589584,0.16573415543106854,0.056147207909669566,0.15312929096767836,0.04557711319937062,,
/home/ubuntu/cogitao-research/checkpoints/cogitao_vit_cross_attention/cogitao_c1_experiment_4_vit6_function_mlp_cross_attention/run_000/last.ckpt,35f91e02d5b826c89f6b24f52abf83581220b4b6676009c59b6715b0b2251589,dfec9cbb2afe6616194c1fb41430c0c5d2bc4208,4,test_ood,crop_contours,double_right,double_right -> crop_contours,"pair (f,g): fgx=f(g(x)); task-token order [g,f] means g -> f",61,61,61,image_block_03,42,78000,256,256,0.01,2,"{""fixed_ranks"": [1, 2, 4, 8, 16, 32], ""variance_thresholds"": [0.9, 0.95]}",recorded_ood,7,0.16331463135442598,0.1674416561617984,0.12008480456331165,0.3168925024427798,1.0,0.27054944171042894,0.3644713387747236,0.1409323742509779,0.0012238855010379135,0.08385852991362851,-0.02369364785467923,,
/home/ubuntu/cogitao-research/checkpoints/cogitao_vit_cross_attention/cogitao_c1_experiment_4_vit6_function_mlp_cross_attention/run_000/last.ckpt,35f91e02d5b826c89f6b24f52abf83581220b4b6676009c59b6715b0b2251589,dfec9cbb2afe6616194c1fb41430c0c5d2bc4208,4,test_ood,crop_contours,double_right,double_right -> crop_contours,"pair (f,g): fgx=f(g(x)); task-token order [g,f] means g -> f",61,61,61,image_block_03,42,78000,256,256,0.01,2,"{""fixed_ranks"": [1, 2, 4, 8, 16, 32], ""variance_thresholds"": [0.9, 0.95]}",recorded_ood,57,0.20443630378500416,0.21546060333393463,0.15488315815033576,0.5177043272215976,1.0,0.2671094825505184,0.5344298967265727,0.3126179618213736,0.042345557931616096,0.08172663474493429,-0.02582554302337345,,
/home/ubuntu/cogitao-research/checkpoints/cogitao_vit_cross_attention/cogitao_c1_experiment_4_vit6_function_mlp_cross_attention/run_000/last.ckpt,35f91e02d5b826c89f6b24f52abf83581220b4b6676009c59b6715b0b2251589,dfec9cbb2afe6616194c1fb41430c0c5d2bc4208,4,test_ood,crop_contours,double_right,double_right -> crop_contours,"pair (f,g): fgx=f(g(x)); task-token order [g,f] means g -> f",61,61,61,image_block_03,42,78000,256,256,0.01,2,"{""fixed_ranks"": [1, 2, 4, 8, 16, 32], ""variance_thresholds"": [0.9, 0.95]}",recorded_ood,79,0.22837631269299738,0.2538301462104102,0.12083300471868942,0.35904921186255834,1.0,0.19248143389885433,0.42040307116918924,0.20428419055708463,0.06628556683960932,0.10091667464172487,-0.00663550312658287,,
/home/ubuntu/cogitao-research/checkpoints/cogitao_vit_cross_attention/cogitao_c1_experiment_4_vit6_function_mlp_cross_attention/run_000/last.ckpt,35f91e02d5b826c89f6b24f52abf83581220b4b6676009c59b6715b0b2251589,dfec9cbb2afe6616194c1fb41430c0c5d2bc4208,4,test_ood,crop_contours,double_right,double_right -> crop_contours,"pair (f,g): fgx=f(g(x)); task-token order [g,f] means g -> f",61,61,61,image_block_03,42,78000,256,256,0.01,2,"{""fixed_ranks"": [1, 2, 4, 8, 16, 32], ""variance_thresholds"": [0.9, 0.95]}",recorded_ood,26,0.24505239416251878,0.2485553107268656,0.17466836730162563,0.24875201091145227,1.0,0.20511256563561406,0.3794199875919095,0.20679133408009923,0.08296164830913072,0.11441949964260575,0.0068673218742980185,,
/home/ubuntu/cogitao-research/checkpoints/cogitao_vit_cross_attention/cogitao_c1_experiment_4_vit6_function_mlp_cross_attention/run_000/last.ckpt,35f91e02d5b826c89f6b24f52abf83581220b4b6676009c59b6715b0b2251589,dfec9cbb2afe6616194c1fb41430c0c5d2bc4208,4,test_ood,crop_contours,double_right,double_right -> crop_contours,"pair (f,g): fgx=f(g(x)); task-token order [g,f] means g -> f",61,61,61,image_block_03,42,78000,256,256,0.01,2,"{""fixed_ranks"": [1, 2, 4, 8, 16, 32], ""variance_thresholds"": [0.9, 0.95]}",recorded_ood,78,0.2375387423225081,0.2388457891526451,0.148381860454823,0.37829094317725365,1.0,0.28739386788231447,0.4153379381395225,0.16026758483275247,0.07544799646912004,0.14282731228767037,0.035275134519362636,,
/home/ubuntu/cogitao-research/checkpoints/cogitao_vit_cross_attention/cogitao_c1_experiment_4_vit6_function_mlp_cross_attention/run_000/last.ckpt,35f91e02d5b826c89f6b24f52abf83581220b4b6676009c59b6715b0b2251589,dfec9cbb2afe6616194c1fb41430c0c5d2bc4208,4,test_ood,crop_contours,double_right,double_right -> crop_contours,"pair (f,g): fgx=f(g(x)); task-token order [g,f] means g -> f",61,61,61,image_block_03,42,78000,256,256,0.01,2,"{""fixed_ranks"": [1, 2, 4, 8, 16, 32], ""variance_thresholds"": [0.9, 0.95]}",recorded_ood,86,0.21727714379448507,0.1976323974244352,0.13911454404441223,0.3094622801066147,1.0,0.24244443132811871,0.31727216883758935,0.1471051165085402,0.055186397941097004,0.11850234308567568,0.01095016531736795,,
/home/ubuntu/cogitao-research/checkpoints/cogitao_vit_cross_attention/cogitao_c1_experiment_4_vit6_function_mlp_cross_attention/run_000/last.ckpt,35f91e02d5b826c89f6b24f52abf83581220b4b6676009c59b6715b0b2251589,dfec9cbb2afe6616194c1fb41430c0c5d2bc4208,4,test_ood,crop_contours,double_right,double_right -> crop_contours,"pair (f,g): fgx=f(g(x)); task-token order [g,f] means g -> f",61,61,61,image_block_03,42,78000,256,256,0.01,2,"{""fixed_ranks"": [1, 2, 4, 8, 16, 32], ""variance_thresholds"": [0.9, 0.95]}",recorded_ood,29,0.1933488832077085,0.19821684230436992,0.1658084270912703,0.3877226750243151,1.0,0.3041701725323447,0.3594141953753703,0.18665934427358946,0.031258137354320426,0.09461520101117372,-0.012936976757134011,,
/home/ubuntu/cogitao-research/checkpoints/cogitao_vit_cross_attention/cogitao_c1_experiment_4_vit6_function_mlp_cross_attention/run_000/last.ckpt,35f91e02d5b826c89f6b24f52abf83581220b4b6676009c59b6715b0b2251589,dfec9cbb2afe6616194c1fb41430c0c5d2bc4208,4,test_ood,crop_contours,double_right,double_right -> crop_contours,"pair (f,g): fgx=f(g(x)); task-token order [g,f] means g -> f",61,61,61,image_block_03,42,78000,256,256,0.01,2,"{""fixed_ranks"": [1, 2, 4, 8, 16, 32], ""variance_thresholds"": [0.9, 0.95]}",recorded_ood,17,0.22868147164378796,0.22991520425421158,0.11282764299614555,0.4171216534825908,1.0,0.28791090539282105,0.46464386644655004,0.22089112215388315,0.0665907257903999,0.09529207159411644,-0.012260106174191293,,
/home/ubuntu/cogitao-research/checkpoints/cogitao_vit_cross_attention/cogitao_c1_experiment_4_vit6_function_mlp_cross_attention/run_000/last.ckpt,35f91e02d5b826c89f6b24f52abf83581220b4b6676009c59b6715b0b2251589,dfec9cbb2afe6616194c1fb41430c0c5d2bc4208,4,test_ood,crop_contours,double_right,double_right -> crop_contours,"pair (f,g): fgx=f(g(x)); task-token order [g,f] means g -> f",61,61,61,image_block_03,42,78000,256,256,0.01,2,"{""fixed_ranks"": [1, 2, 4, 8, 16, 32], ""variance_thresholds"": [0.9, 0.95]}",recorded_ood,39,0.2956547003550242,0.2739948867414772,0.19357125500727723,0.39336979406781347,1.0,0.3387384017696779,0.3356705242993178,0.21051651740872837,0.13356395450163616,0.09092505537331663,-0.016627122394991103,,
/home/ubuntu/cogitao-research/checkpoints/cogitao_vit_cross_attention/cogitao_c1_experiment_4_vit6_function_mlp_cross_attention/run_000/last.ckpt,35f91e02d5b826c89f6b24f52abf83581220b4b6676009c59b6715b0b2251589,dfec9cbb2afe6616194c1fb41430c0c5d2bc4208,4,test_ood,crop_contours,double_right,double_right -> crop_contours,"pair (f,g): fgx=f(g(x)); task-token order [g,f] means g -> f",61,61,61,image_block_03,42,78000,256,256,0.01,2,"{""fixed_ranks"": [1, 2, 4, 8, 16, 32], ""variance_thresholds"": [0.9, 0.95]}",recorded_ood,91,0.2726440448278424,0.26688759191692296,0.18981046771447527,0.3865399109425997,1.0,0.2973381661061735,0.3875140306967791,0.2478864909352337,0.11055329897445432,0.1162390211857333,0.008686843417425566,,
/home/ubuntu/cogitao-research/checkpoints/cogitao_vit_cross_attention/cogitao_c1_experiment_4_vit6_function_mlp_cross_attention/run_000/last.ckpt,35f91e02d5b826c89f6b24f52abf83581220b4b6676009c59b6715b0b2251589,dfec9cbb2afe6616194c1fb41430c0c5d2bc4208,4,test_ood,crop_contours,double_right,double_right -> crop_contours,"pair (f,g): fgx=f(g(x)); task-token order [g,f] means g -> f",61,61,61,image_block_03,42,78000,256,256,0.01,2,"{""fixed_ranks"": [1, 2, 4, 8, 16, 32], ""variance_thresholds"": [0.9, 0.95]}",recorded_ood,40,0.23553282698352904,0.2193563668553401,0.11351601360567952,0.43284390880746837,1.0,0.22518232293652946,0.45634031916784895,0.18343289641827987,0.07344208113014097,0.12384757554744447,0.01629539777913673,,
/home/ubuntu/cogitao-research/checkpoints/cogitao_vit_cross_attention/cogitao_c1_experiment_4_vit6_function_mlp_cross_attention/run_000/last.ckpt,35f91e02d5b826c89f6b24f52abf83581220b4b6676009c59b6715b0b2251589,dfec9cbb2afe6616194c1fb41430c0c5d2bc4208,4,test_ood,crop_contours,double_right,double_right -> crop_contours,"pair (f,g): fgx=f(g(x)); task-token order [g,f] means g -> f",61,61,61,image_block_03,42,78000,256,256,0.01,2,"{""fixed_ranks"": [1, 2, 4, 8, 16, 32], ""variance_thresholds"": [0.9, 0.95]}",recorded_ood,95,0.27680009298726593,0.25246580048318373,0.10587159229838448,0.3353655404039827,1.0,0.2642897442234291,0.4203316376806927,0.19445479852451145,0.11470934713387787,0.08295419363294308,-0.024597984135364653,,
/home/ubuntu/cogitao-research/checkpoints/cogitao_vit_cross_attention/cogitao_c1_experiment_4_vit6_function_mlp_cross_attention/run_000/last.ckpt,35f91e02d5b826c89f6b24f52abf83581220b4b6676009c59b6715b0b2251589,dfec9cbb2afe6616194c1fb41430c0c5d2bc4208,4,test_ood,crop_contours,double_right,double_right -> crop_contours,"pair (f,g): fgx=f(g(x)); task-token order [g,f] means g -> f",61,61,61,image_block_03,42,78000,256,256,0.01,2,"{""fixed_ranks"": [1, 2, 4, 8, 16, 32], ""variance_thresholds"": [0.9, 0.95]}",recorded_ood,84,0.24225552562289676,0.2158549426924579,0.18215137752986124,0.3813618624198066,1.0,0.2780664446226275,0.3940011080477041,0.16996248033846525,0.0801647797695087,0.1241914937348344,0.016639315966526666,,
/home/ubuntu/cogitao-research/checkpoints/cogitao_vit_cross_attention/cogitao_c1_experiment_4_vit6_function_mlp_cross_attention/run_000/last.ckpt,35f91e02d5b826c89f6b24f52abf83581220b4b6676009c59b6715b0b2251589,dfec9cbb2afe6616194c1fb41430c0c5d2bc4208,4,test_ood,crop_contours,double_right,double_right -> crop_contours,"pair (f,g): fgx=f(g(x)); task-token order [g,f] means g -> f",61,61,61,image_block_03,42,78000,256,256,0.01,2,"{""fixed_ranks"": [1, 2, 4, 8, 16, 32], ""variance_thresholds"": [0.9, 0.95]}",recorded_ood,63,0.29820492056930015,0.3225742990326079,0.16633712132569708,0.42450578768983854,1.0,0.3809547079664019,0.4372984277517169,0.2084439473601185,0.13611417471591208,0.08205008427389125,-0.025502093494416483,,
/home/ubuntu/cogitao-research/checkpoints/cogitao_vit_cross_attention/cogitao_c1_experiment_4_vit6_function_mlp_cross_attention/run_000/last.ckpt,35f91e02d5b826c89f6b24f52abf83581220b4b6676009c59b6715b0b2251589,dfec9cbb2afe6616194c1fb41430c0c5d2bc4208,4,test_ood,crop_contours,double_right,double_right -> crop_contours,"pair (f,g): fgx=f(g(x)); task-token order [g,f] means g -> f",61,61,61,image_block_03,42,78000,256,256,0.01,2,"{""fixed_ranks"": [1, 2, 4, 8, 16, 32], ""variance_thresholds"": [0.9, 0.95]}",recorded_ood,3,0.26048154296130926,0.26563377026791174,0.14608287806244374,0.3767840244881998,1.0,0.2158071137756952,0.4561364012122355,0.2356416442094718,0.0983907971079212,0.08991830064446579,-0.017633877123841943,,
/home/ubuntu/cogitao-research/checkpoints/cogitao_vit_cross_attention/cogitao_c1_experiment_4_vit6_function_mlp_cross_attention/run_000/last.ckpt,35f91e02d5b826c89f6b24f52abf83581220b4b6676009c59b6715b0b2251589,dfec9cbb2afe6616194c1fb41430c0c5d2bc4208,4,test_ood,crop_contours,double_right,double_right -> crop_contours,"pair (f,g): fgx=f(g(x)); task-token order [g,f] means g -> f",61,61,61,image_block_03,42,78000,256,256,0.01,2,"{""fixed_ranks"": [1, 2, 4, 8, 16, 32], ""variance_thresholds"": [0.9, 0.95]}",recorded_ood,83,0.3209710702727512,0.29491690921703184,0.1338832886199285,0.4549413291981082,1.0,0.3338508824603019,0.4834684199452816,0.22086523674009043,0.15888032441936312,0.09781327374226696,-0.009738904026040773,,
/home/ubuntu/cogitao-research/checkpoints/cogitao_vit_cross_attention/cogitao_c1_experiment_4_vit6_function_mlp_cross_attention/run_000/last.ckpt,35f91e02d5b826c89f6b24f52abf83581220b4b6676009c59b6715b0b2251589,dfec9cbb2afe6616194c1fb41430c0c5d2bc4208,4,test_ood,crop_contours,double_right,double_right -> crop_contours,"pair (f,g): fgx=f(g(x)); task-token order [g,f] means g -> f",61,61,61,image_block_03,42,78000,256,256,0.01,2,"{""fixed_ranks"": [1, 2, 4, 8, 16, 32], ""variance_thresholds"": [0.9, 0.95]}",recorded_ood,93,0.28932065475781293,0.271907949206161,0.21310878638117092,0.4640254223126921,1.0,0.24363053103965898,0.4842785439935323,0.2520705751620721,0.12722990890442487,0.06866892097387034,-0.038883256794437396,,
/home/ubuntu/cogitao-research/checkpoints/cogitao_vit_cross_attention/cogitao_c1_experiment_4_vit6_function_mlp_cross_attention/run_000/last.ckpt,35f91e02d5b826c89f6b24f52abf83581220b4b6676009c59b6715b0b2251589,dfec9cbb2afe6616194c1fb41430c0c5d2bc4208,4,test_ood,crop_contours,double_right,double_right -> crop_contours,"pair (f,g): fgx=f(g(x)); task-token order [g,f] means g -> f",61,61,61,image_block_03,42,78000,256,256,0.01,2,"{""fixed_ranks"": [1, 2, 4, 8, 16, 32], ""variance_thresholds"": [0.9, 0.95]}",recorded_ood,20,0.23643831721125072,0.26049944345614134,0.12775525693484066,0.3698884593454823,1.0,0.20375844384104275,0.41076312933568393,0.19699464675972916,0.07434757135786266,0.07450799133327128,-0.033044186435036454,,
/home/ubuntu/cogitao-research/checkpoints/cogitao_vit_cross_attention/cogitao_c1_experiment_4_vit6_function_mlp_cross_attention/run_000/last.ckpt,35f91e02d5b826c89f6b24f52abf83581220b4b6676009c59b6715b0b2251589,dfec9cbb2afe6616194c1fb41430c0c5d2bc4208,4,test_ood,crop_contours,double_right,double_right -> crop_contours,"pair (f,g): fgx=f(g(x)); task-token order [g,f] means g -> f",61,61,61,image_block_03,42,78000,256,256,0.01,2,"{""fixed_ranks"": [1, 2, 4, 8, 16, 32], ""variance_thresholds"": [0.9, 0.95]}",recorded_ood,87,0.30737613382655354,0.2870943378924242,0.19311904720617007,0.38012545522171537,1.0,0.3929563399548714,0.2753005004899192,0.20728584151171595,0.14528538797316548,0.1601347777828131,0.05258260001450536,,
/home/ubuntu/cogitao-research/checkpoints/cogitao_vit_cross_attention/cogitao_c1_experiment_4_vit6_function_mlp_cross_attention/run_000/last.ckpt,35f91e02d5b826c89f6b24f52abf83581220b4b6676009c59b6715b0b2251589,dfec9cbb2afe6616194c1fb41430c0c5d2bc4208,4,test_ood,crop_contours,double_right,double_right -> crop_contours,"pair (f,g): fgx=f(g(x)); task-token order [g,f] means g -> f",61,61,61,image_block_03,42,78000,256,256,0.01,2,"{""fixed_ranks"": [1, 2, 4, 8, 16, 32], ""variance_thresholds"": [0.9, 0.95]}",recorded_ood,43,0.2335600706362612,0.2228209337154148,0.11681213671494042,0.2991200543849047,1.0,0.22188954077518072,0.3548423179882643,0.1559123028754737,0.07146932478287313,0.1278783809865626,0.02032620321825486,0.18033320428902339,
/home/ubuntu/cogitao-research/checkpoints/cogitao_vit_cross_attention/cogitao_c1_experiment_4_vit6_function_mlp_cross_attention/run_000/last.ckpt,35f91e02d5b826c89f6b24f52abf83581220b4b6676009c59b6715b0b2251589,dfec9cbb2afe6616194c1fb41430c0c5d2bc4208,4,test_ood,crop_contours,double_right,double_right -> crop_contours,"pair (f,g): fgx=f(g(x)); task-token order [g,f] means g -> f",61,61,61,image_block_03,42,78000,256,256,0.01,2,"{""fixed_ranks"": [1, 2, 4, 8, 16, 32], ""variance_thresholds"": [0.9, 0.95]}",recorded_ood,73,0.2722168988169899,0.25962920545551726,0.17193522743835052,0.37921317384381664,1.0,0.20431813689068873,0.45631369858005094,0.2668349859982928,0.11012615296360184,0.10251036189584464,-0.005041815872463093,0.2271251036331392,
/home/ubuntu/cogitao-research/checkpoints/cogitao_vit_cross_attention/cogitao_c1_experiment_4_vit6_function_mlp_cross_attention/run_000/last.ckpt,35f91e02d5b826c89f6b24f52abf83581220b4b6676009c59b6715b0b2251589,dfec9cbb2afe6616194c1fb41430c0c5d2bc4208,4,test_ood,crop_contours,double_right,double_right -> crop_contours,"pair (f,g): fgx=f(g(x)); task-token order [g,f] means g -> f",61,61,61,image_block_03,42,78000,256,256,0.01,2,"{""fixed_ranks"": [1, 2, 4, 8, 16, 32], ""variance_thresholds"": [0.9, 0.95]}",recorded_ood,75,0.2975202895364084,0.25730643089409305,0.13998291867413384,0.39188429689318455,1.0,0.26100253181639993,0.43274143346969973,0.25065224689292376,0.13542954368302035,0.06546602809748236,-0.04208614967082537,0.20890511783992607,
/home/ubuntu/cogitao-research/checkpoints/cogitao_vit_cross_attention/cogitao_c1_experiment_4_vit6_function_mlp_cross_attention/run_000/last.ckpt,35f91e02d5b826c89f6b24f52abf83581220b4b6676009c59b6715b0b2251589,dfec9cbb2afe6616194c1fb41430c0c5d2bc4208,4,test_ood,crop_contours,double_right,double_right -> crop_contours,"pair (f,g): fgx=f(g(x)); task-token order [g,f] means g -> f",61,61,61,image_block_03,42,78000,256,256,0.01,2,"{""fixed_ranks"": [1, 2, 4, 8, 16, 32], ""variance_thresholds"": [0.9, 0.95]}",recorded_ood,23,0.22553019648686976,0.22852030769287826,0.13480104355138434,0.3823504100639822,1.0,0.2597765113666681,0.4300910380286856,0.24663072327805413,0.06343945063348169,0.10324543691004574,-0.004306740858261993,0.17294935198839687,
/home/ubuntu/cogitao-research/checkpoints/cogitao_vit_cross_attention/cogitao_c1_experiment_4_vit6_function_mlp_cross_attention/run_000/last.ckpt,35f91e02d5b826c89f6b24f52abf83581220b4b6676009c59b6715b0b2251589,dfec9cbb2afe6616194c1fb41430c0c5d2bc4208,4,test_ood,crop_contours,double_right,double_right -> crop_contours,"pair (f,g): fgx=f(g(x)); task-token order [g,f] means g -> f",61,61,61,image_block_03,42,78000,256,256,0.01,2,"{""fixed_ranks"": [1, 2, 4, 8, 16, 32], ""variance_thresholds"": [0.9, 0.95]}",recorded_ood,96,0.2110545912936661,0.20825808473649496,0.1403434599797977,0.3709004630988196,1.0,0.36330603112910587,0.3732808513834684,0.20516271569685202,0.04896384544027804,0.1311405344748576,0.023588356706549865,0.37105308337090814,
/home/ubuntu/cogitao-research/checkpoints/cogitao_vit_cross_attention/cogitao_c1_experiment_4_vit6_function_mlp_cross_attention/run_000/last.ckpt,35f91e02d5b826c89f6b24f52abf83581220b4b6676009c59b6715b0b2251589,dfec9cbb2afe6616194c1fb41430c0c5d2bc4208,4,test_ood,crop_contours,double_right,double_right -> crop_contours,"pair (f,g): fgx=f(g(x)); task-token order [g,f] means g -> f",61,61,61,image_block_03,42,78000,256,256,0.01,2,"{""fixed_ranks"": [1, 2, 4, 8, 16, 32], ""variance_thresholds"": [0.9, 0.95]}",recorded_ood,69,0.22219440561938408,0.2528560574434276,0.11537551974792745,0.3429183857132544,1.0,0.3296878425590373,0.3952774201688934,0.17776496814671883,0.06010365976599602,0.158564484746147,0.051012306977839275,0.19453062365038018,
/home/ubuntu/cogitao-research/checkpoints/cogitao_vit_cross_attention/cogitao_c1_experiment_4_vit6_function_mlp_cross_attention/run_000/last.ckpt,35f91e02d5b826c89f6b24f52abf83581220b4b6676009c59b6715b0b2251589,dfec9cbb2afe6616194c1fb41430c0c5d2bc4208,4,test_ood,crop_contours,double_right,double_right -> crop_contours,"pair (f,g): fgx=f(g(x)); task-token order [g,f] means g -> f",61,61,61,image_block_03,42,78000,256,256,0.01,2,"{""fixed_ranks"": [1, 2, 4, 8, 16, 32], ""variance_thresholds"": [0.9, 0.95]}",recorded_ood,15,0.2592806244777072,0.262922069224881,0.11998342325273627,0.3966779390152468,1.0,0.21578124213330924,0.44896041191056607,0.21905521394589839,0.09718987862431916,0.0871344871262956,-0.02041769064201214,0.2122213998587201,
/home/ubuntu/cogitao-research/checkpoints/cogitao_vit_cross_attention/cogitao_c1_experiment_4_vit6_function_mlp_cross_attention/run_000/last.ckpt,35f91e02d5b826c89f6b24f52abf83581220b4b6676009c59b6715b0b2251589,dfec9cbb2afe6616194c1fb41430c0c5d2bc4208,4,test_ood,crop_contours,double_right,double_right -> crop_contours,"pair (f,g): fgx=f(g(x)); task-token order [g,f] means g -> f",61,61,61,image_block_03,42,78000,256,256,0.01,2,"{""fixed_ranks"": [1, 2, 4, 8, 16, 32], ""variance_thresholds"": [0.9, 0.95]}",recorded_ood,55,0.18000274660130156,0.20356134081180002,0.11920268582112833,0.4107742694335749,1.0,0.24578579380715487,0.3937973639080241,0.17332301089797197,0.017912000747913492,0.07970085211543104,-0.027851325652876693,0.1771990549049569,
/home/ubuntu/cogitao-research/checkpoints/cogitao_vit_cross_attention/cogitao_c1_experiment_4_vit6_function_mlp_cross_attention/run_000/last.ckpt,35f91e02d5b826c89f6b24f52abf83581220b4b6676009c59b6715b0b2251589,dfec9cbb2afe6616194c1fb41430c0c5d2bc4208,4,test_ood,crop_contours,double_right,double_right -> crop_contours,"pair (f,g): fgx=f(g(x)); task-token order [g,f] means g -> f",61,61,61,image_block_03,42,78000,256,256,0.01,2,"{""fixed_ranks"": [1, 2, 4, 8, 16, 32], ""variance_thresholds"": [0.9, 0.95]}",recorded_ood,62,0.215313005638364,0.20735021023008962,0.13568372399833534,0.34064316950710416,1.0,0.3135557352748353,0.3720687156506328,0.16184889924163004,0.05322225978497594,0.0759126036838366,-0.03163957408447114,0.22953193641208416,
/home/ubuntu/cogitao-research/checkpoints/cogitao_vit_cross_attention/cogitao_c1_experiment_4_vit6_function_mlp_cross_attention/run_000/last.ckpt,35f91e02d5b826c89f6b24f52abf83581220b4b6676009c59b6715b0b2251589,dfec9cbb2afe6616194c1fb41430c0c5d2bc4208,4,test_ood,crop_contours,double_right,double_right -> crop_contours,"pair (f,g): fgx=f(g(x)); task-token order [g,f] means g -> f",61,61,61,image_block_03,42,78000,256,256,0.01,2,"{""fixed_ranks"": [1, 2, 4, 8, 16, 32], ""variance_thresholds"": [0.9, 0.95]}",recorded_ood,31,0.2143249995517179,0.21595521267090806,0.20277858568766843,0.4096614560923153,1.0,0.316835626910739,0.41702409747512503,0.20208969696603285,0.05223425369832985,0.13809612225497084,0.030543944486663102,0.1979165790885038,
/home/ubuntu/cogitao-research/checkpoints/cogitao_vit_cross_attention/cogitao_c1_experiment_4_vit6_function_mlp_cross_attention/run_000/last.ckpt,35f91e02d5b826c89f6b24f52abf83581220b4b6676009c59b6715b0b2251589,dfec9cbb2afe6616194c1fb41430c0c5d2bc4208,4,test_ood,crop_contours,double_right,double_right -> crop_contours,"pair (f,g): fgx=f(g(x)); task-token order [g,f] means g -> f",61,61,61,image_block_03,42,78000,256,256,0.01,2,"{""fixed_ranks"": [1, 2, 4, 8, 16, 32], ""variance_thresholds"": [0.9, 0.95]}",recorded_ood,72,0.2049368454071012,0.21723861728598293,0.19505937693750974,0.3435862462380476,1.0,0.2819271620875771,0.3735822474387536,0.24754511610405222,0.04284609955371313,0.09974013555165775,-0.007812042216649981,0.3473261703324484,
/home/ubuntu/cogitao-research/checkpoints/cogitao_vit_cross_attention/cogitao_c1_experiment_4_vit6_function_mlp_cross_attention/run_000/last.ckpt,35f91e02d5b826c89f6b24f52abf83581220b4b6676009c59b6715b0b2251589,dfec9cbb2afe6616194c1fb41430c0c5d2bc4208,4,test_ood,crop_contours,double_right,double_right -> crop_contours,"pair (f,g): fgx=f(g(x)); task-token order [g,f] means g -> f",61,61,61,image_block_03,42,78000,256,256,0.01,2,"{""fixed_ranks"": [1, 2, 4, 8, 16, 32], ""variance_thresholds"": [0.9, 0.95]}",recorded_ood,67,0.2837618369960937,0.26678394947016515,0.18188697701650672,0.39927359494403136,1.0,0.27686444092357193,0.46097062293146823,0.23327277648314163,0.12167109114270563,0.10726174531500271,-0.00029043245330502565,0.1847990252485937,
/home/ubuntu/cogitao-research/checkpoints/cogitao_vit_cross_attention/cogitao_c1_experiment_4_vit6_function_mlp_cross_attention/run_000/last.ckpt,35f91e02d5b826c89f6b24f52abf83581220b4b6676009c59b6715b0b2251589,dfec9cbb2afe6616194c1fb41430c0c5d2bc4208,4,test_ood,crop_contours,double_right,double_right -> crop_contours,"pair (f,g): fgx=f(g(x)); task-token order [g,f] means g -> f",61,61,61,image_block_03,42,78000,256,256,0.01,2,"{""fixed_ranks"": [1, 2, 4, 8, 16, 32], ""variance_thresholds"": [0.9, 0.95]}",recorded_ood,34,0.2729087817878227,0.23829344538401745,0.13703537581753095,0.41813193567678014,1.0,0.23338617446070586,0.4542773397382481,0.2224836065704835,0.11081803593443462,0.11164639859440785,0.0040942208261001145,0.19692384201363705,
/home/ubuntu/cogitao-research/checkpoints/cogitao_vit_cross_attention/cogitao_c1_experiment_4_vit6_function_mlp_cross_attention/run_000/last.ckpt,35f91e02d5b826c89f6b24f52abf83581220b4b6676009c59b6715b0b2251589,dfec9cbb2afe6616194c1fb41430c0c5d2bc4208,4,test_ood,crop_contours,double_right,double_right -> crop_contours,"pair (f,g): fgx=f(g(x)); task-token order [g,f] means g -> f",61,61,61,image_block_03,42,78000,256,256,0.01,2,"{""fixed_ranks"": [1, 2, 4, 8, 16, 32], ""variance_thresholds"": [0.9, 0.95]}",recorded_ood,58,0.22267327671875561,0.23325239260582203,0.16349735114813946,0.3479340213516594,1.0,0.2682384399381221,0.4006113911862328,0.24158579970991348,0.06058253086536755,0.08916238118122448,-0.018389796587083257,0.2748995548579657,
/home/ubuntu/cogitao-research/checkpoints/cogitao_vit_cross_attention/cogitao_c1_experiment_4_vit6_function_mlp_cross_attention/run_000/last.ckpt,35f91e02d5b826c89f6b24f52abf83581220b4b6676009c59b6715b0b2251589,dfec9cbb2afe6616194c1fb41430c0c5d2bc4208,4,test_ood,crop_contours,double_right,double_right -> crop_contours,"pair (f,g): fgx=f(g(x)); task-token order [g,f] means g -> f",61,61,61,image_block_03,42,78000,256,256,0.01,2,"{""fixed_ranks"": [1, 2, 4, 8, 16, 32], ""variance_thresholds"": [0.9, 0.95]}",recorded_ood,74,0.21804728532235357,0.17299700290007874,0.18095289907748321,0.2907516412869513,1.0,0.28307324285039137,0.2839639033432299,0.13278328934233877,0.055956539468965505,0.09866691043961999,-0.008885267328687746,0.2579117024215961,
/home/ubuntu/cogitao-research/checkpoints/cogitao_vit_cross_attention/cogitao_c1_experiment_4_vit6_function_mlp_cross_attention/run_000/last.ckpt,35f91e02d5b826c89f6b24f52abf83581220b4b6676009c59b6715b0b2251589,dfec9cbb2afe6616194c1fb41430c0c5d2bc4208,4,test_ood,crop_contours,double_right,double_right -> crop_contours,"pair (f,g): fgx=f(g(x)); task-token order [g,f] means g -> f",61,61,61,image_block_03,42,78000,256,256,0.01,2,"{""fixed_ranks"": [1, 2, 4, 8, 16, 32], ""variance_thresholds"": [0.9, 0.95]}",recorded_ood,54,0.21725469242981016,0.24508900111415313,0.19096433897217138,0.395203255366984,1.0,0.2329729881437968,0.4440197714370884,0.22855573819293815,0.055163946576422096,0.08757321583336733,-0.019978961934940406,0.1929582773133775,
/home/ubuntu/cogitao-research/checkpoints/cogitao_vit_cross_attention/cogitao_c1_experiment_4_vit6_function_mlp_cross_attention/run_000/last.ckpt,35f91e02d5b826c89f6b24f52abf83581220b4b6676009c59b6715b0b2251589,dfec9cbb2afe6616194c1fb41430c0c5d2bc4208,4,test_ood,crop_contours,double_right,double_right -> crop_contours,"pair (f,g): fgx=f(g(x)); task-token order [g,f] means g -> f",61,61,61,image_block_03,42,78000,256,256,0.01,2,"{""fixed_ranks"": [1, 2, 4, 8, 16, 32], ""variance_thresholds"": [0.9, 0.95]}",recorded_ood,49,0.2498081185667831,0.2580746458110267,0.13483091391313443,0.42113168591414785,1.0,0.349637335074015,0.4199177761812253,0.1612668512412818,0.08771737271339503,0.10182201717192972,-0.0057301605963780144,0.20252518170265602,
/home/ubuntu/cogitao-research/checkpoints/cogitao_vit_cross_attention/cogitao_c1_experiment_4_vit6_function_mlp_cross_attention/run_000/last.ckpt,35f91e02d5b826c89f6b24f52abf83581220b4b6676009c59b6715b0b2251589,dfec9cbb2afe6616194c1fb41430c0c5d2bc4208,4,test_ood,crop_contours,double_right,double_right -> crop_contours,"pair (f,g): fgx=f(g(x)); task-token order [g,f] means g -> f",61,61,61,image_block_03,42,78000,256,256,0.01,2,"{""fixed_ranks"": [1, 2, 4, 8, 16, 32], ""variance_thresholds"": [0.9, 0.95]}",recorded_ood,6,0.26680983177795853,0.259096856355378,0.215254464994968,0.39274086159885285,1.0,0.3685023210564032,0.4153317154643232,0.24479676575653894,0.10471908592457047,0.12683622291710073,0.01928404514879299,0.206297488147903,
/home/ubuntu/cogitao-research/checkpoints/cogitao_vit_cross_attention/cogitao_c1_experiment_4_vit6_function_mlp_cross_attention/run_000/last.ckpt,35f91e02d5b826c89f6b24f52abf83581220b4b6676009c59b6715b0b2251589,dfec9cbb2afe6616194c1fb41430c0c5d2bc4208,4,test_ood,crop_contours,double_right,double_right -> crop_contours,"pair (f,g): fgx=f(g(x)); task-token order [g,f] means g -> f",61,61,61,image_block_03,42,78000,256,256,0.01,2,"{""fixed_ranks"": [1, 2, 4, 8, 16, 32], ""variance_thresholds"": [0.9, 0.95]}",recorded_ood,90,0.2822086268745949,0.25786252246123526,0.13298023312131504,0.44580659109061027,1.0,0.3045922660793661,0.4741358914833593,0.1918165375456477,0.12011788102120685,0.1064863064637015,-0.001065871304606239,0.17274132291104033,
/home/ubuntu/cogitao-research/checkpoints/cogitao_vit_cross_attention/cogitao_c1_experiment_4_vit6_function_mlp_cross_attention/run_000/last.ckpt,35f91e02d5b826c89f6b24f52abf83581220b4b6676009c59b6715b0b2251589,dfec9cbb2afe6616194c1fb41430c0c5d2bc4208,4,test_ood,crop_contours,double_right,double_right -> crop_contours,"pair (f,g): fgx=f(g(x)); task-token order [g,f] means g -> f",61,61,61,image_block_03,42,78000,256,256,0.01,2,"{""fixed_ranks"": [1, 2, 4, 8, 16, 32], ""variance_thresholds"": [0.9, 0.95]}",recorded_ood,11,0.17982113059183552,0.21677733829099727,0.22010065030196124,0.3086703380883132,1.0,0.37908226497154895,0.22445388962728632,0.16923646119046457,0.017730384738447458,0.180930340299087,0.07337816253077926,0.2986035078586244,
/home/ubuntu/cogitao-research/checkpoints/cogitao_vit_cross_attention/cogitao_c1_experiment_4_vit6_function_mlp_cross_attention/run_000/last.ckpt,35f91e02d5b826c89f6b24f52abf83581220b4b6676009c59b6715b0b2251589,dfec9cbb2afe6616194c1fb41430c0c5d2bc4208,4,test_ood,crop_contours,double_right,double_right -> crop_contours,"pair (f,g): fgx=f(g(x)); task-token order [g,f] means g -> f",61,61,61,image_block_03,42,78000,256,256,0.01,2,"{""fixed_ranks"": [1, 2, 4, 8, 16, 32], ""variance_thresholds"": [0.9, 0.95]}",recorded_ood,85,0.22305290077074524,0.21387855899707542,0.17038832604135282,0.45791016360788006,1.0,0.2313888496174231,0.4487347775479363,0.23601497596158635,0.06096215491735718,0.08640902495081211,-0.021143152817495625,0.2089470516078989,
/home/ubuntu/cogitao-research/checkpoints/cogitao_vit_cross_attention/cogitao_c1_experiment_4_vit6_function_mlp_cross_attention/run_000/last.ckpt,35f91e02d5b826c89f6b24f52abf83581220b4b6676009c59b6715b0b2251589,dfec9cbb2afe6616194c1fb41430c0c5d2bc4208,4,test_ood,crop_contours,double_right,double_right -> crop_contours,"pair (f,g): fgx=f(g(x)); task-token order [g,f] means g -> f",61,61,61,image_block_03,42,78000,256,256,0.01,2,"{""fixed_ranks"": [1, 2, 4, 8, 16, 32], ""variance_thresholds"": [0.9, 0.95]}",recorded_ood,22,0.22764556520845913,0.22257180824772696,0.15150950834434726,0.4211988284069215,1.0,0.3311280695525669,0.39620792912080827,0.16443810782379875,0.06555481935507107,0.09987261914092757,-0.007679558627380165,0.1901465438846045,
/home/ubuntu/cogitao-research/checkpoints/cogitao_vit_cross_attention/cogitao_c1_experiment_4_vit6_function_mlp_cross_attention/run_000/last.ckpt,35f91e02d5b826c89f6b24f52abf83581220b4b6676009c59b6715b0b2251589,dfec9cbb2afe6616194c1fb41430c0c5d2bc4208,4,test_ood,crop_contours,double_right,double_right -> crop_contours,"pair (f,g): fgx=f(g(x)); task-token order [g,f] means g -> f",61,61,61,image_block_03,42,78000,256,256,0.01,2,"{""fixed_ranks"": [1, 2, 4, 8, 16, 32], ""variance_thresholds"": [0.9, 0.95]}",recorded_ood,19,0.22607230597772854,0.2354526221587678,0.16096340063397307,0.4021342842358532,1.0,0.34725224897440626,0.373357557046222,0.13558600959522657,0.06398156012434048,0.09180732308734314,-0.015744854680964593,0.177388951202563,
/home/ubuntu/cogitao-research/checkpoints/cogitao_vit_cross_attention/cogitao_c1_experiment_4_vit6_function_mlp_cross_attention/run_000/last.ckpt,35f91e02d5b826c89f6b24f52abf83581220b4b6676009c59b6715b0b2251589,dfec9cbb2afe6616194c1fb41430c0c5d2bc4208,4,test_ood,crop_contours,double_right,double_right -> crop_contours,"pair (f,g): fgx=f(g(x)); task-token order [g,f] means g -> f",61,61,61,image_block_03,42,78000,256,256,0.01,2,"{""fixed_ranks"": [1, 2, 4, 8, 16, 32], ""variance_thresholds"": [0.9, 0.95]}",recorded_ood,64,0.2248594798905057,0.2414269480382688,0.1403829004419973,0.3702411673701113,1.0,0.28642080845592943,0.35824846510116176,0.18561781932225702,0.06276873403711763,0.08338213165785183,-0.02417004611045591,0.18142360638264718,
/home/ubuntu/cogitao-research/checkpoints/cogitao_vit_cross_attention/cogitao_c1_experiment_4_vit6_function_mlp_cross_attention/run_000/last.ckpt,35f91e02d5b826c89f6b24f52abf83581220b4b6676009c59b6715b0b2251589,dfec9cbb2afe6616194c1fb41430c0c5d2bc4208,4,test_ood,crop_contours,double_right,double_right -> crop_contours,"pair (f,g): fgx=f(g(x)); task-token order [g,f] means g -> f",61,61,61,image_block_03,42,78000,256,256,0.01,2,"{""fixed_ranks"": [1, 2, 4, 8, 16, 32], ""variance_thresholds"": [0.9, 0.95]}",recorded_ood,47,0.16008863845732652,0.16376363385280002,0.1527062055608916,0.3377286212579584,1.0,0.33074527234636747,0.17914847937107026,0.12951540735059158,-0.0020021073960615476,0.1940339196267926,0.08648174185848485,0.25923620462141644,
/home/ubuntu/cogitao-research/checkpoints/cogitao_vit_cross_attention/cogitao_c1_experiment_4_vit6_function_mlp_cross_attention/run_000/last.ckpt,35f91e02d5b826c89f6b24f52abf83581220b4b6676009c59b6715b0b2251589,dfec9cbb2afe6616194c1fb41430c0c5d2bc4208,4,test_ood,crop_contours,double_right,double_right -> crop_contours,"pair (f,g): fgx=f(g(x)); task-token order [g,f] means g -> f",61,61,61,image_block_03,42,78000,256,256,0.01,2,"{""fixed_ranks"": [1, 2, 4, 8, 16, 32], ""variance_thresholds"": [0.9, 0.95]}",recorded_ood,12,0.24777263840782676,0.22561740296150073,0.12475519627261375,0.42416189657347014,1.0,0.2766740849890937,0.4167870539940809,0.19650465834227593,0.0856818925544387,0.0709188051644953,-0.03663337260381244,0.19610960562180174,
/home/ubuntu/cogitao-research/checkpoints/cogitao_vit_cross_attention/cogitao_c1_experiment_4_vit6_function_mlp_cross_attention/run_000/last.ckpt,35f91e02d5b826c89f6b24f52abf83581220b4b6676009c59b6715b0b2251589,dfec9cbb2afe6616194c1fb41430c0c5d2bc4208,4,test_ood,crop_contours,double_right,double_right -> crop_contours,"pair (f,g): fgx=f(g(x)); task-token order [g,f] means g -> f",61,61,61,image_block_03,42,78000,256,256,0.01,2,"{""fixed_ranks"": [1, 2, 4, 8, 16, 32], ""variance_thresholds"": [0.9, 0.95]}",recorded_ood,14,0.2496741744152682,0.2841712547236026,0.14520332006844874,0.4328195425293018,1.0,0.2111150546758458,0.4593088112419533,0.2922413213043436,0.08758342856188014,0.06985360170313402,-0.03769857606517371,0.20788060234545278,
/home/ubuntu/cogitao-research/checkpoints/cogitao_vit_cross_attention/cogitao_c1_experiment_4_vit6_function_mlp_cross_attention/run_000/last.ckpt,35f91e02d5b826c89f6b24f52abf83581220b4b6676009c59b6715b0b2251589,dfec9cbb2afe6616194c1fb41430c0c5d2bc4208,4,test_ood,crop_contours,double_right,double_right -> crop_contours,"pair (f,g): fgx=f(g(x)); task-token order [g,f] means g -> f",61,61,61,image_block_03,42,78000,256,256,0.01,2,"{""fixed_ranks"": [1, 2, 4, 8, 16, 32], ""variance_thresholds"": [0.9, 0.95]}",recorded_ood,66,0.1783242906265863,0.16911060645707726,0.11218972297542071,0.3548546365487953,1.0,0.27604146005692753,0.39252189418986505,0.1510591994149431,0.016233544773198244,0.1192033638317987,0.01165118606349097,0.19610666523454956,
/home/ubuntu/cogitao-research/checkpoints/cogitao_vit_cross_attention/cogitao_c1_experiment_4_vit6_function_mlp_cross_attention/run_000/last.ckpt,35f91e02d5b826c89f6b24f52abf83581220b4b6676009c59b6715b0b2251589,dfec9cbb2afe6616194c1fb41430c0c5d2bc4208,4,test_ood,crop_contours,double_right,double_right -> crop_contours,"pair (f,g): fgx=f(g(x)); task-token order [g,f] means g -> f",61,61,61,image_block_03,42,78000,256,256,0.01,2,"{""fixed_ranks"": [1, 2, 4, 8, 16, 32], ""variance_thresholds"": [0.9, 0.95]}",recorded_ood,36,0.1963562552348904,0.22671429329845097,0.11833016463398369,0.41622658188227424,1.0,0.31215238852539534,0.40177478050990234,0.2585172655307398,0.03426550938150233,0.07597182607961696,-0.03158035168869078,0.2848332038008216,
/home/ubuntu/cogitao-research/checkpoints/cogitao_vit_cross_attention/cogitao_c1_experiment_4_vit6_function_mlp_cross_attention/run_000/last.ckpt,35f91e02d5b826c89f6b24f52abf83581220b4b6676009c59b6715b0b2251589,dfec9cbb2afe6616194c1fb41430c0c5d2bc4208,4,test_ood,crop_contours,double_right,double_right -> crop_contours,"pair (f,g): fgx=f(g(x)); task-token order [g,f] means g -> f",61,61,61,image_block_03,42,78000,256,256,0.01,2,"{""fixed_ranks"": [1, 2, 4, 8, 16, 32], ""variance_thresholds"": [0.9, 0.95]}",recorded_ood,65,0.1989607192912877,0.21429596457936415,0.16019897721153456,0.4278361173126633,1.0,0.2795294598300332,0.44193773731920866,0.2224648552342382,0.036869973437899634,0.0690360538296501,-0.03851612393865764,0.2365670178300881,
/home/ubuntu/cogitao-research/checkpoints/cogitao_vit_cross_attention/cogitao_c1_experiment_4_vit6_function_mlp_cross_attention/run_000/last.ckpt,35f91e02d5b826c89f6b24f52abf83581220b4b6676009c59b6715b0b2251589,dfec9cbb2afe6616194c1fb41430c0c5d2bc4208,4,test_ood,crop_contours,double_right,double_right -> crop_contours,"pair (f,g): fgx=f(g(x)); task-token order [g,f] means g -> f",61,61,61,image_block_03,42,78000,256,256,0.01,2,"{""fixed_ranks"": [1, 2, 4, 8, 16, 32], ""variance_thresholds"": [0.9, 0.95]}",recorded_ood,8,0.26468765492111873,0.24338152189528411,0.14985648985041264,0.37785762461354677,1.0,0.2962671313652675,0.44528038054230035,0.1721203414631218,0.10259690906773067,0.1230994439729295,0.015547266204621768,0.20640429379709785,
/home/ubuntu/cogitao-research/checkpoints/cogitao_vit_cross_attention/cogitao_c1_experiment_4_vit6_function_mlp_cross_attention/run_000/last.ckpt,35f91e02d5b826c89f6b24f52abf83581220b4b6676009c59b6715b0b2251589,dfec9cbb2afe6616194c1fb41430c0c5d2bc4208,4,test_ood,crop_contours,double_right,double_right -> crop_contours,"pair (f,g): fgx=f(g(x)); task-token order [g,f] means g -> f",61,61,61,image_block_04,42,78000,256,256,0.01,2,"{""fixed_ranks"": [1, 2, 4, 8, 16, 32], ""variance_thresholds"": [0.9, 0.95]}",recorded_ood,56,0.19318115526933236,0.17862837868350795,0.13328122951641772,0.36171222748407406,1.0,0.2273510160641067,0.4167863875507823,0.26465625978473484,0.034954800177276896,0.08812959207465201,-0.02648774261584093,,
/home/ubuntu/cogitao-research/checkpoints/cogitao_vit_cross_attention/cogitao_c1_experiment_4_vit6_function_mlp_cross_attention/run_000/last.ckpt,35f91e02d5b826c89f6b24f52abf83581220b4b6676009c59b6715b0b2251589,dfec9cbb2afe6616194c1fb41430c0c5d2bc4208,4,test_ood,crop_contours,double_right,double_right -> crop_contours,"pair (f,g): fgx=f(g(x)); task-token order [g,f] means g -> f",61,61,61,image_block_04,42,78000,256,256,0.01,2,"{""fixed_ranks"": [1, 2, 4, 8, 16, 32], ""variance_thresholds"": [0.9, 0.95]}",recorded_ood,42,0.20456352088410645,0.20793012308359873,0.1405007281276383,0.4293799266458801,1.0,0.2797973766746065,0.4445433393534713,0.1974888763344778,0.046337165792050994,0.12642317607178918,0.011805841381296242,,
/home/ubuntu/cogitao-research/checkpoints/cogitao_vit_cross_attention/cogitao_c1_experiment_4_vit6_function_mlp_cross_attention/run_000/last.ckpt,35f91e02d5b826c89f6b24f52abf83581220b4b6676009c59b6715b0b2251589,dfec9cbb2afe6616194c1fb41430c0c5d2bc4208,4,test_ood,crop_contours,double_right,double_right -> crop_contours,"pair (f,g): fgx=f(g(x)); task-token order [g,f] means g -> f",61,61,61,image_block_04,42,78000,256,256,0.01,2,"{""fixed_ranks"": [1, 2, 4, 8, 16, 32], ""variance_thresholds"": [0.9, 0.95]}",recorded_ood,50,0.23172567089036517,0.21793126665362525,0.1406444601352795,0.33042076442148555,1.0,0.24905832285275273,0.31418193540152384,0.18605757272143778,0.0734993157983097,0.1032068164827637,-0.011410518207729245,,
/home/ubuntu/cogitao-research/checkpoints/cogitao_vit_cross_attention/cogitao_c1_experiment_4_vit6_function_mlp_cross_attention/run_000/last.ckpt,35f91e02d5b826c89f6b24f52abf83581220b4b6676009c59b6715b0b2251589,dfec9cbb2afe6616194c1fb41430c0c5d2bc4208,4,test_ood,crop_contours,double_right,double_right -> crop_contours,"pair (f,g): fgx=f(g(x)); task-token order [g,f] means g -> f",61,61,61,image_block_04,42,78000,256,256,0.01,2,"{""fixed_ranks"": [1, 2, 4, 8, 16, 32], ""variance_thresholds"": [0.9, 0.95]}",recorded_ood,27,0.24163518513594476,0.19106179267912227,0.1810670124526339,0.2930817740397835,1.0,0.30919783876128665,0.2700876055834356,0.21538376242394258,0.0834088300438893,0.09794002113334539,-0.01667731355714755,,
/home/ubuntu/cogitao-research/checkpoints/cogitao_vit_cross_attention/cogitao_c1_experiment_4_vit6_function_mlp_cross_attention/run_000/last.ckpt,35f91e02d5b826c89f6b24f52abf83581220b4b6676009c59b6715b0b2251589,dfec9cbb2afe6616194c1fb41430c0c5d2bc4208,4,test_ood,crop_contours,double_right,double_right -> crop_contours,"pair (f,g): fgx=f(g(x)); task-token order [g,f] means g -> f",61,61,61,image_block_04,42,78000,256,256,0.01,2,"{""fixed_ranks"": [1, 2, 4, 8, 16, 32], ""variance_thresholds"": [0.9, 0.95]}",recorded_ood,92,0.2496243897457169,0.23499106383194088,0.13073982957406638,0.5193494337207997,1.0,0.2684219933272209,0.5460711321589606,0.26461308839425157,0.09139803465366145,0.07791267629786101,-0.03670465839263193,,
/home/ubuntu/cogitao-research/checkpoints/cogitao_vit_cross_attention/cogitao_c1_experiment_4_vit6_function_mlp_cross_attention/run_000/last.ckpt,35f91e02d5b826c89f6b24f52abf83581220b4b6676009c59b6715b0b2251589,dfec9cbb2afe6616194c1fb41430c0c5d2bc4208,4,test_ood,crop_contours,double_right,double_right -> crop_contours,"pair (f,g): fgx=f(g(x)); task-token order [g,f] means g -> f",61,61,61,image_block_04,42,78000,256,256,0.01,2,"{""fixed_ranks"": [1, 2, 4, 8, 16, 32], ""variance_thresholds"": [0.9, 0.95]}",recorded_ood,71,0.21983066766585313,0.18881427655443944,0.1632711542544734,0.4501541961941857,1.0,0.22612087314934015,0.49845561729204796,0.299216706153092,0.06160431257379767,0.08641279704092107,-0.02820453764957187,,
/home/ubuntu/cogitao-research/checkpoints/cogitao_vit_cross_attention/cogitao_c1_experiment_4_vit6_function_mlp_cross_attention/run_000/last.ckpt,35f91e02d5b826c89f6b24f52abf83581220b4b6676009c59b6715b0b2251589,dfec9cbb2afe6616194c1fb41430c0c5d2bc4208,4,test_ood,crop_contours,double_right,double_right -> crop_contours,"pair (f,g): fgx=f(g(x)); task-token order [g,f] means g -> f",61,61,61,image_block_04,42,78000,256,256,0.01,2,"{""fixed_ranks"": [1, 2, 4, 8, 16, 32], ""variance_thresholds"": [0.9, 0.95]}",recorded_ood,25,0.19383790489286598,0.21117433679794484,0.09806278965058536,0.3119320916488726,1.0,0.3066257957051505,0.3850320420749323,0.2182891522510047,0.03561154980081052,0.10526914669193797,-0.009348187998554969,,
/home/ubuntu/cogitao-research/checkpoints/cogitao_vit_cross_attention/cogitao_c1_experiment_4_vit6_function_mlp_cross_attention/run_000/last.ckpt,35f91e02d5b826c89f6b24f52abf83581220b4b6676009c59b6715b0b2251589,dfec9cbb2afe6616194c1fb41430c0c5d2bc4208,4,test_ood,crop_contours,double_right,double_right -> crop_contours,"pair (f,g): fgx=f(g(x)); task-token order [g,f] means g -> f",61,61,61,image_block_04,42,78000,256,256,0.01,2,"{""fixed_ranks"": [1, 2, 4, 8, 16, 32], ""variance_thresholds"": [0.9, 0.95]}",recorded_ood,52,0.1940884893359275,0.2334500921910045,0.12581003603166602,0.4117305974704346,1.0,0.30289762841303286,0.4082891420641371,0.19095413021083263,0.03586213424387205,0.13659968814884865,0.02198235345835571,,
/home/ubuntu/cogitao-research/checkpoints/cogitao_vit_cross_attention/cogitao_c1_experiment_4_vit6_function_mlp_cross_attention/run_000/last.ckpt,35f91e02d5b826c89f6b24f52abf83581220b4b6676009c59b6715b0b2251589,dfec9cbb2afe6616194c1fb41430c0c5d2bc4208,4,test_ood,crop_contours,double_right,double_right -> crop_contours,"pair (f,g): fgx=f(g(x)); task-token order [g,f] means g -> f",61,61,61,image_block_04,42,78000,256,256,0.01,2,"{""fixed_ranks"": [1, 2, 4, 8, 16, 32], ""variance_thresholds"": [0.9, 0.95]}",recorded_ood,81,0.25690926290416594,0.23312118005762592,0.100094576092287,0.37167306630809616,1.0,0.249014545696665,0.40226949018648905,0.15699402762848877,0.09868290781211048,0.10462179828344166,-0.009995536407051281,,
/home/ubuntu/cogitao-research/checkpoints/cogitao_vit_cross_attention/cogitao_c1_experiment_4_vit6_function_mlp_cross_attention/run_000/last.ckpt,35f91e02d5b826c89f6b24f52abf83581220b4b6676009c59b6715b0b2251589,dfec9cbb2afe6616194c1fb41430c0c5d2bc4208,4,test_ood,crop_contours,double_right,double_right -> crop_contours,"pair (f,g): fgx=f(g(x)); task-token order [g,f] means g -> f",61,61,61,image_block_04,42,78000,256,256,0.01,2,"{""fixed_ranks"": [1, 2, 4, 8, 16, 32], ""variance_thresholds"": [0.9, 0.95]}",recorded_ood,51,0.16716231542748702,0.17876032172660603,0.10204061595341643,0.3512714470678983,1.0,0.23905822270906452,0.36548852435582735,0.1557837312455011,0.008935960335431564,0.11020079795532337,-0.004416536735169577,,
/home/ubuntu/cogitao-research/checkpoints/cogitao_vit_cross_attention/cogitao_c1_experiment_4_vit6_function_mlp_cross_attention/run_000/last.ckpt,35f91e02d5b826c89f6b24f52abf83581220b4b6676009c59b6715b0b2251589,dfec9cbb2afe6616194c1fb41430c0c5d2bc4208,4,test_ood,crop_contours,double_right,double_right -> crop_contours,"pair (f,g): fgx=f(g(x)); task-token order [g,f] means g -> f",61,61,61,image_block_04,42,78000,256,256,0.01,2,"{""fixed_ranks"": [1, 2, 4, 8, 16, 32], ""variance_thresholds"": [0.9, 0.95]}",recorded_ood,37,0.2086323377131096,0.20280178381546332,0.21929431164672164,0.2974327763209504,1.0,0.2778888977056479,0.30490607422692323,0.16211899605836888,0.05040598262105414,0.16278345583327766,0.04816612114278472,,
/home/ubuntu/cogitao-research/checkpoints/cogitao_vit_cross_attention/cogitao_c1_experiment_4_vit6_function_mlp_cross_attention/run_000/last.ckpt,35f91e02d5b826c89f6b24f52abf83581220b4b6676009c59b6715b0b2251589,dfec9cbb2afe6616194c1fb41430c0c5d2bc4208,4,test_ood,crop_contours,double_right,double_right -> crop_contours,"pair (f,g): fgx=f(g(x)); task-token order [g,f] means g -> f",61,61,61,image_block_04,42,78000,256,256,0.01,2,"{""fixed_ranks"": [1, 2, 4, 8, 16, 32], ""variance_thresholds"": [0.9, 0.95]}",recorded_ood,7,0.17313189347510707,0.18080832424851903,0.12209902577491254,0.31090076757331897,1.0,0.2935892617203996,0.34086113946524776,0.13667279246649103,0.014905538383051614,0.09912123038869483,-0.015496104301798111,,
/home/ubuntu/cogitao-research/checkpoints/cogitao_vit_cross_attention/cogitao_c1_experiment_4_vit6_function_mlp_cross_attention/run_000/last.ckpt,35f91e02d5b826c89f6b24f52abf83581220b4b6676009c59b6715b0b2251589,dfec9cbb2afe6616194c1fb41430c0c5d2bc4208,4,test_ood,crop_contours,double_right,double_right -> crop_contours,"pair (f,g): fgx=f(g(x)); task-token order [g,f] means g -> f",61,61,61,image_block_04,42,78000,256,256,0.01,2,"{""fixed_ranks"": [1, 2, 4, 8, 16, 32], ""variance_thresholds"": [0.9, 0.95]}",recorded_ood,57,0.2413338517422152,0.2508366190281888,0.15663624311833985,0.5177703417114777,1.0,0.2632170204006402,0.5232067730261112,0.30053649528032095,0.08310749665015973,0.0942692283265505,-0.020348106363942436,,
/home/ubuntu/cogitao-research/checkpoints/cogitao_vit_cross_attention/cogitao_c1_experiment_4_vit6_function_mlp_cross_attention/run_000/last.ckpt,35f91e02d5b826c89f6b24f52abf83581220b4b6676009c59b6715b0b2251589,dfec9cbb2afe6616194c1fb41430c0c5d2bc4208,4,test_ood,crop_contours,double_right,double_right -> crop_contours,"pair (f,g): fgx=f(g(x)); task-token order [g,f] means g -> f",61,61,61,image_block_04,42,78000,256,256,0.01,2,"{""fixed_ranks"": [1, 2, 4, 8, 16, 32], ""variance_thresholds"": [0.9, 0.95]}",recorded_ood,79,0.22358907334012293,0.2252969493568594,0.1235171521235235,0.3627469920907834,1.0,0.19782242679668524,0.41019413508731944,0.18850397414078748,0.06536271824806747,0.10461052949544293,-0.010006805195050011,,
/home/ubuntu/cogitao-research/checkpoints/cogitao_vit_cross_attention/cogitao_c1_experiment_4_vit6_function_mlp_cross_attention/run_000/last.ckpt,35f91e02d5b826c89f6b24f52abf83581220b4b6676009c59b6715b0b2251589,dfec9cbb2afe6616194c1fb41430c0c5d2bc4208,4,test_ood,crop_contours,double_right,double_right -> crop_contours,"pair (f,g): fgx=f(g(x)); task-token order [g,f] means g -> f",61,61,61,image_block_04,42,78000,256,256,0.01,2,"{""fixed_ranks"": [1, 2, 4, 8, 16, 32], ""variance_thresholds"": [0.9, 0.95]}",recorded_ood,26,0.24033904915020182,0.2406862449936744,0.1561696301500573,0.26537094939770534,1.0,0.21342672812324087,0.40771293715444223,0.21527145802835568,0.08211269405814636,0.1431037292793028,0.028486394588809846,,
/home/ubuntu/cogitao-research/checkpoints/cogitao_vit_cross_attention/cogitao_c1_experiment_4_vit6_function_mlp_cross_attention/run_000/last.ckpt,35f91e02d5b826c89f6b24f52abf83581220b4b6676009c59b6715b0b2251589,dfec9cbb2afe6616194c1fb41430c0c5d2bc4208,4,test_ood,crop_contours,double_right,double_right -> crop_contours,"pair (f,g): fgx=f(g(x)); task-token order [g,f] means g -> f",61,61,61,image_block_04,42,78000,256,256,0.01,2,"{""fixed_ranks"": [1, 2, 4, 8, 16, 32], ""variance_thresholds"": [0.9, 0.95]}",recorded_ood,78,0.21916566664176965,0.20403627045100203,0.12589380437407388,0.38858510469496277,1.0,0.29628738013920625,0.4090183263193685,0.16257808946849506,0.06093931154971419,0.13035332953018902,0.01573599483969608,,
/home/ubuntu/cogitao-research/checkpoints/cogitao_vit_cross_attention/cogitao_c1_experiment_4_vit6_function_mlp_cross_attention/run_000/last.ckpt,35f91e02d5b826c89f6b24f52abf83581220b4b6676009c59b6715b0b2251589,dfec9cbb2afe6616194c1fb41430c0c5d2bc4208,4,test_ood,crop_contours,double_right,double_right -> crop_contours,"pair (f,g): fgx=f(g(x)); task-token order [g,f] means g -> f",61,61,61,image_block_04,42,78000,256,256,0.01,2,"{""fixed_ranks"": [1, 2, 4, 8, 16, 32], ""variance_thresholds"": [0.9, 0.95]}",recorded_ood,86,0.2080114733666025,0.1940327158006442,0.15073026087489305,0.31663794826577846,1.0,0.23406764376115077,0.3360237640369036,0.1554266375988788,0.04978511827454704,0.12456952878088685,0.009952194090393912,,
/home/ubuntu/cogitao-research/checkpoints/cogitao_vit_cross_attention/cogitao_c1_experiment_4_vit6_function_mlp_cross_attention/run_000/last.ckpt,35f91e02d5b826c89f6b24f52abf83581220b4b6676009c59b6715b0b2251589,dfec9cbb2afe6616194c1fb41430c0c5d2bc4208,4,test_ood,crop_contours,double_right,double_right -> crop_contours,"pair (f,g): fgx=f(g(x)); task-token order [g,f] means g -> f",61,61,61,image_block_04,42,78000,256,256,0.01,2,"{""fixed_ranks"": [1, 2, 4, 8, 16, 32], ""variance_thresholds"": [0.9, 0.95]}",recorded_ood,29,0.18488954158278803,0.18594037650103132,0.14096251254859526,0.3670225705573974,1.0,0.29408613183814,0.35324066962929,0.18550947048776895,0.02666318649073257,0.10332452220741911,-0.01129281248307383,,
/home/ubuntu/cogitao-research/checkpoints/cogitao_vit_cross_attention/cogitao_c1_experiment_4_vit6_function_mlp_cross_attention/run_000/last.ckpt,35f91e02d5b826c89f6b24f52abf83581220b4b6676009c59b6715b0b2251589,dfec9cbb2afe6616194c1fb41430c0c5d2bc4208,4,test_ood,crop_contours,double_right,double_right -> crop_contours,"pair (f,g): fgx=f(g(x)); task-token order [g,f] means g -> f",61,61,61,image_block_04,42,78000,256,256,0.01,2,"{""fixed_ranks"": [1, 2, 4, 8, 16, 32], ""variance_thresholds"": [0.9, 0.95]}",recorded_ood,17,0.26010836731883175,0.26335342420480423,0.1110451004914319,0.43070340159201176,1.0,0.28755532848556453,0.49287243642678785,0.26280384991962447,0.10188201222677629,0.09464360171880451,-0.019973732971688432,,
/home/ubuntu/cogitao-research/checkpoints/cogitao_vit_cross_attention/cogitao_c1_experiment_4_vit6_function_mlp_cross_attention/run_000/last.ckpt,35f91e02d5b826c89f6b24f52abf83581220b4b6676009c59b6715b0b2251589,dfec9cbb2afe6616194c1fb41430c0c5d2bc4208,4,test_ood,crop_contours,double_right,double_right -> crop_contours,"pair (f,g): fgx=f(g(x)); task-token order [g,f] means g -> f",61,61,61,image_block_04,42,78000,256,256,0.01,2,"{""fixed_ranks"": [1, 2, 4, 8, 16, 32], ""variance_thresholds"": [0.9, 0.95]}",recorded_ood,39,0.2696781320125016,0.26266787702746475,0.16920910970101172,0.39404227160802124,1.0,0.3259921601756387,0.37454124563119184,0.2033270785462024,0.11145177692044617,0.09400712129104456,-0.02061021339944838,,
/home/ubuntu/cogitao-research/checkpoints/cogitao_vit_cross_attention/cogitao_c1_experiment_4_vit6_function_mlp_cross_attention/run_000/last.ckpt,35f91e02d5b826c89f6b24f52abf83581220b4b6676009c59b6715b0b2251589,dfec9cbb2afe6616194c1fb41430c0c5d2bc4208,4,test_ood,crop_contours,double_right,double_right -> crop_contours,"pair (f,g): fgx=f(g(x)); task-token order [g,f] means g -> f",61,61,61,image_block_04,42,78000,256,256,0.01,2,"{""fixed_ranks"": [1, 2, 4, 8, 16, 32], ""variance_thresholds"": [0.9, 0.95]}",recorded_ood,91,0.28145583253380557,0.24977935579490104,0.17453054814799696,0.38131551047867296,1.0,0.275524359058981,0.389612447659817,0.24762395288435668,0.12322947744175011,0.12827857484372626,0.01366124015323332,,
/home/ubuntu/cogitao-research/checkpoints/cogitao_vit_cross_attention/cogitao_c1_experiment_4_vit6_function_mlp_cross_attention/run_000/last.ckpt,35f91e02d5b826c89f6b24f52abf83581220b4b6676009c59b6715b0b2251589,dfec9cbb2afe6616194c1fb41430c0c5d2bc4208,4,test_ood,crop_contours,double_right,double_right -> crop_contours,"pair (f,g): fgx=f(g(x)); task-token order [g,f] means g -> f",61,61,61,image_block_04,42,78000,256,256,0.01,2,"{""fixed_ranks"": [1, 2, 4, 8, 16, 32], ""variance_thresholds"": [0.9, 0.95]}",recorded_ood,40,0.26229431620349464,0.2364363778021859,0.10199156562764097,0.4479823910943906,1.0,0.21496653585808426,0.4836963711536272,0.2000054959092286,0.10406796111143918,0.14297615913153308,0.02835882444104014,,
/home/ubuntu/cogitao-research/checkpoints/cogitao_vit_cross_attention/cogitao_c1_experiment_4_vit6_function_mlp_cross_attention/run_000/last.ckpt,35f91e02d5b826c89f6b24f52abf83581220b4b6676009c59b6715b0b2251589,dfec9cbb2afe6616194c1fb41430c0c5d2bc4208,4,test_ood,crop_contours,double_right,double_right -> crop_contours,"pair (f,g): fgx=f(g(x)); task-token order [g,f] means g -> f",61,61,61,image_block_04,42,78000,256,256,0.01,2,"{""fixed_ranks"": [1, 2, 4, 8, 16, 32], ""variance_thresholds"": [0.9, 0.95]}",recorded_ood,95,0.25697288947430225,0.24973380386440072,0.09881170883139422,0.35430001447682136,1.0,0.2846150728855236,0.44693336888980423,0.1926555423536756,0.09874653438224679,0.10084045416500292,-0.013776880525490018,,
/home/ubuntu/cogitao-research/checkpoints/cogitao_vit_cross_attention/cogitao_c1_experiment_4_vit6_function_mlp_cross_attention/run_000/last.ckpt,35f91e02d5b826c89f6b24f52abf83581220b4b6676009c59b6715b0b2251589,dfec9cbb2afe6616194c1fb41430c0c5d2bc4208,4,test_ood,crop_contours,double_right,double_right -> crop_contours,"pair (f,g): fgx=f(g(x)); task-token order [g,f] means g -> f",61,61,61,image_block_04,42,78000,256,256,0.01,2,"{""fixed_ranks"": [1, 2, 4, 8, 16, 32], ""variance_thresholds"": [0.9, 0.95]}",recorded_ood,84,0.2242909362014572,0.20404774372599216,0.15583128303284385,0.392379736913602,1.0,0.2917046530577084,0.40975721340544835,0.17577708796998331,0.06606458110940175,0.120651697648268,0.006034362957775055,,
/home/ubuntu/cogitao-research/checkpoints/cogitao_vit_cross_attention/cogitao_c1_experiment_4_vit6_function_mlp_cross_attention/run_000/last.ckpt,35f91e02d5b826c89f6b24f52abf83581220b4b6676009c59b6715b0b2251589,dfec9cbb2afe6616194c1fb41430c0c5d2bc4208,4,test_ood,crop_contours,double_right,double_right -> crop_contours,"pair (f,g): fgx=f(g(x)); task-token order [g,f] means g -> f",61,61,61,image_block_04,42,78000,256,256,0.01,2,"{""fixed_ranks"": [1, 2, 4, 8, 16, 32], ""variance_thresholds"": [0.9, 0.95]}",recorded_ood,63,0.2913982907075292,0.30346985548618494,0.13701023716582136,0.4171881395584902,1.0,0.37645831907697164,0.4231545213332971,0.19744954741656534,0.13317193561547375,0.0920897632710593,-0.022527571419433637,,
/home/ubuntu/cogitao-research/checkpoints/cogitao_vit_cross_attention/cogitao_c1_experiment_4_vit6_function_mlp_cross_attention/run_000/last.ckpt,35f91e02d5b826c89f6b24f52abf83581220b4b6676009c59b6715b0b2251589,dfec9cbb2afe6616194c1fb41430c0c5d2bc4208,4,test_ood,crop_contours,double_right,double_right -> crop_contours,"pair (f,g): fgx=f(g(x)); task-token order [g,f] means g -> f",61,61,61,image_block_04,42,78000,256,256,0.01,2,"{""fixed_ranks"": [1, 2, 4, 8, 16, 32], ""variance_thresholds"": [0.9, 0.95]}",recorded_ood,3,0.24335356319776305,0.24994680120744298,0.12224574428484007,0.4159290462457673,1.0,0.22171425531650132,0.46188469503707924,0.23811357656363127,0.08512720810570759,0.09375477847747511,-0.02086255621301783,,
/home/ubuntu/cogitao-research/checkpoints/cogitao_vit_cross_attention/cogitao_c1_experiment_4_vit6_function_mlp_cross_attention/run_000/last.ckpt,35f91e02d5b826c89f6b24f52abf83581220b4b6676009c59b6715b0b2251589,dfec9cbb2afe6616194c1fb41430c0c5d2bc4208,4,test_ood,crop_contours,double_right,double_right -> crop_contours,"pair (f,g): fgx=f(g(x)); task-token order [g,f] means g -> f",61,61,61,image_block_04,42,78000,256,256,0.01,2,"{""fixed_ranks"": [1, 2, 4, 8, 16, 32], ""variance_thresholds"": [0.9, 0.95]}",recorded_ood,83,0.32384837577673214,0.3065836124683571,0.12268457887427113,0.47828565833503023,1.0,0.33455257074057937,0.5123309194019886,0.2651787322379572,0.16562202068467669,0.09970164519796997,-0.014915689492522977,,
/home/ubuntu/cogitao-research/checkpoints/cogitao_vit_cross_attention/cogitao_c1_experiment_4_vit6_function_mlp_cross_attention/run_000/last.ckpt,35f91e02d5b826c89f6b24f52abf83581220b4b6676009c59b6715b0b2251589,dfec9cbb2afe6616194c1fb41430c0c5d2bc4208,4,test_ood,crop_contours,double_right,double_right -> crop_contours,"pair (f,g): fgx=f(g(x)); task-token order [g,f] means g -> f",61,61,61,image_block_04,42,78000,256,256,0.01,2,"{""fixed_ranks"": [1, 2, 4, 8, 16, 32], ""variance_thresholds"": [0.9, 0.95]}",recorded_ood,93,0.24912885985017738,0.26544975154250455,0.20347873288987764,0.4696442924186882,1.0,0.29194981984070967,0.47610499776122084,0.23935815375893962,0.09090250475812192,0.07677081842391541,-0.037846516266577535,,
/home/ubuntu/cogitao-research/checkpoints/cogitao_vit_cross_attention/cogitao_c1_experiment_4_vit6_function_mlp_cross_attention/run_000/last.ckpt,35f91e02d5b826c89f6b24f52abf83581220b4b6676009c59b6715b0b2251589,dfec9cbb2afe6616194c1fb41430c0c5d2bc4208,4,test_ood,crop_contours,double_right,double_right -> crop_contours,"pair (f,g): fgx=f(g(x)); task-token order [g,f] means g -> f",61,61,61,image_block_04,42,78000,256,256,0.01,2,"{""fixed_ranks"": [1, 2, 4, 8, 16, 32], ""variance_thresholds"": [0.9, 0.95]}",recorded_ood,20,0.26281931509254536,0.2581352802227163,0.12813098403898507,0.39567759313858925,1.0,0.20488571656434176,0.45573396677117695,0.2474506864447091,0.1045929600004899,0.09363860516052808,-0.020978729529964865,,
/home/ubuntu/cogitao-research/checkpoints/cogitao_vit_cross_attention/cogitao_c1_experiment_4_vit6_function_mlp_cross_attention/run_000/last.ckpt,35f91e02d5b826c89f6b24f52abf83581220b4b6676009c59b6715b0b2251589,dfec9cbb2afe6616194c1fb41430c0c5d2bc4208,4,test_ood,crop_contours,double_right,double_right -> crop_contours,"pair (f,g): fgx=f(g(x)); task-token order [g,f] means g -> f",61,61,61,image_block_04,42,78000,256,256,0.01,2,"{""fixed_ranks"": [1, 2, 4, 8, 16, 32], ""variance_thresholds"": [0.9, 0.95]}",recorded_ood,87,0.29763288252853703,0.25855631071853996,0.19523302467095152,0.35700618394207745,1.0,0.3838523540821869,0.2967955368284004,0.21994290415267242,0.13940652743648158,0.14243149377826017,0.02781415908776723,,
/home/ubuntu/cogitao-research/checkpoints/cogitao_vit_cross_attention/cogitao_c1_experiment_4_vit6_function_mlp_cross_attention/run_000/last.ckpt,35f91e02d5b826c89f6b24f52abf83581220b4b6676009c59b6715b0b2251589,dfec9cbb2afe6616194c1fb41430c0c5d2bc4208,4,test_ood,crop_contours,double_right,double_right -> crop_contours,"pair (f,g): fgx=f(g(x)); task-token order [g,f] means g -> f",61,61,61,image_block_04,42,78000,256,256,0.01,2,"{""fixed_ranks"": [1, 2, 4, 8, 16, 32], ""variance_thresholds"": [0.9, 0.95]}",recorded_ood,43,0.2471533528728769,0.21496257878781158,0.12065130060083792,0.31583640440755295,1.0,0.22610395886802218,0.3641293917640391,0.17906483659888553,0.08892699778082144,0.11642219167398106,0.0018048569834881178,0.16989379464574197,
/home/ubuntu/cogitao-research/checkpoints/cogitao_vit_cross_attention/cogitao_c1_experiment_4_vit6_function_mlp_cross_attention/run_000/last.ckpt,35f91e02d5b826c89f6b24f52abf83581220b4b6676009c59b6715b0b2251589,dfec9cbb2afe6616194c1fb41430c0c5d2bc4208,4,test_ood,crop_contours,double_right,double_right -> crop_contours,"pair (f,g): fgx=f(g(x)); task-token order [g,f] means g -> f",61,61,61,image_block_04,42,78000,256,256,0.01,2,"{""fixed_ranks"": [1, 2, 4, 8, 16, 32], ""variance_thresholds"": [0.9, 0.95]}",recorded_ood,73,0.2663757075408842,0.2757603803948151,0.14577640432969438,0.4009687584385962,1.0,0.2175225913609149,0.4668160525077657,0.2726094786414145,0.10814935244882873,0.1001385265455659,-0.014478808144927038,0.23282763415314733,
/home/ubuntu/cogitao-research/checkpoints/cogitao_vit_cross_attention/cogitao_c1_experiment_4_vit6_function_mlp_cross_attention/run_000/last.ckpt,35f91e02d5b826c89f6b24f52abf83581220b4b6676009c59b6715b0b2251589,dfec9cbb2afe6616194c1fb41430c0c5d2bc4208,4,test_ood,crop_contours,double_right,double_right -> crop_contours,"pair (f,g): fgx=f(g(x)); task-token order [g,f] means g -> f",61,61,61,image_block_04,42,78000,256,256,0.01,2,"{""fixed_ranks"": [1, 2, 4, 8, 16, 32], ""variance_thresholds"": [0.9, 0.95]}",recorded_ood,75,0.29927543590232836,0.28146131880112285,0.13124091632941265,0.4097853317158999,1.0,0.27634557306415014,0.46213438598277995,0.2715296569513398,0.1410490808102729,0.08097440871673962,-0.03364292597375332,0.22316806824890706,
/home/ubuntu/cogitao-research/checkpoints/cogitao_vit_cross_attention/cogitao_c1_experiment_4_vit6_function_mlp_cross_attention/run_000/last.ckpt,35f91e02d5b826c89f6b24f52abf83581220b4b6676009c59b6715b0b2251589,dfec9cbb2afe6616194c1fb41430c0c5d2bc4208,4,test_ood,crop_contours,double_right,double_right -> crop_contours,"pair (f,g): fgx=f(g(x)); task-token order [g,f] means g -> f",61,61,61,image_block_04,42,78000,256,256,0.01,2,"{""fixed_ranks"": [1, 2, 4, 8, 16, 32], ""variance_thresholds"": [0.9, 0.95]}",recorded_ood,23,0.22798265734297976,0.2321623671583541,0.1304154724974136,0.3941285010453306,1.0,0.26804222431632213,0.44862990271228803,0.25974281320060794,0.0697563022509243,0.09320588190365148,-0.021411452786841464,0.16304261700593725,
/home/ubuntu/cogitao-research/checkpoints/cogitao_vit_cross_attention/cogitao_c1_experiment_4_vit6_function_mlp_cross_attention/run_000/last.ckpt,35f91e02d5b826c89f6b24f52abf83581220b4b6676009c59b6715b0b2251589,dfec9cbb2afe6616194c1fb41430c0c5d2bc4208,4,test_ood,crop_contours,double_right,double_right -> crop_contours,"pair (f,g): fgx=f(g(x)); task-token order [g,f] means g -> f",61,61,61,image_block_04,42,78000,256,256,0.01,2,"{""fixed_ranks"": [1, 2, 4, 8, 16, 32], ""variance_thresholds"": [0.9, 0.95]}",recorded_ood,96,0.24785310716710376,0.2323608666178367,0.15302218050327035,0.37066519033114176,1.0,0.36127898582283574,0.398560176651222,0.23254297742004212,0.0896267520750483,0.1549229362741879,0.040305601583694964,0.3423487140722133,
/home/ubuntu/cogitao-research/checkpoints/cogitao_vit_cross_attention/cogitao_c1_experiment_4_vit6_function_mlp_cross_attention/run_000/last.ckpt,35f91e02d5b826c89f6b24f52abf83581220b4b6676009c59b6715b0b2251589,dfec9cbb2afe6616194c1fb41430c0c5d2bc4208,4,test_ood,crop_contours,double_right,double_right -> crop_contours,"pair (f,g): fgx=f(g(x)); task-token order [g,f] means g -> f",61,61,61,image_block_04,42,78000,256,256,0.01,2,"{""fixed_ranks"": [1, 2, 4, 8, 16, 32], ""variance_thresholds"": [0.9, 0.95]}",recorded_ood,69,0.22354085034893315,0.2641709145746309,0.1370440382627573,0.36211851838252357,1.0,0.38394683451491574,0.43711055316508063,0.2167451902630248,0.06531449525687769,0.16634495741505037,0.05172762272455743,0.19384356859851606,
/home/ubuntu/cogitao-research/checkpoints/cogitao_vit_cross_attention/cogitao_c1_experiment_4_vit6_function_mlp_cross_attention/run_000/last.ckpt,35f91e02d5b826c89f6b24f52abf83581220b4b6676009c59b6715b0b2251589,dfec9cbb2afe6616194c1fb41430c0c5d2bc4208,4,test_ood,crop_contours,double_right,double_right -> crop_contours,"pair (f,g): fgx=f(g(x)); task-token order [g,f] means g -> f",61,61,61,image_block_04,42,78000,256,256,0.01,2,"{""fixed_ranks"": [1, 2, 4, 8, 16, 32], ""variance_thresholds"": [0.9, 0.95]}",recorded_ood,15,0.22241456108910165,0.21591710464183012,0.09121166846287901,0.42140800383695615,1.0,0.22204148018149578,0.4666528457618807,0.2106317742853956,0.0641882059970462,0.09551726690038735,-0.01910006779010559,0.2057021863251489,
/home/ubuntu/cogitao-research/checkpoints/cogitao_vit_cross_attention/cogitao_c1_experiment_4_vit6_function_mlp_cross_attention/run_000/last.ckpt,35f91e02d5b826c89f6b24f52abf83581220b4b6676009c59b6715b0b2251589,dfec9cbb2afe6616194c1fb41430c0c5d2bc4208,4,test_ood,crop_contours,double_right,double_right -> crop_contours,"pair (f,g): fgx=f(g(x)); task-token order [g,f] means g -> f",61,61,61,image_block_04,42,78000,256,256,0.01,2,"{""fixed_ranks"": [1, 2, 4, 8, 16, 32], ""variance_thresholds"": [0.9, 0.95]}",recorded_ood,55,0.21013458994695647,0.22082502756821096,0.12001053311354785,0.4206031506964176,1.0,0.2300784029887974,0.411684903654806,0.17826182411487757,0.05190823485490101,0.08265983937876811,-0.03195749531172483,0.17215218836338728,
/home/ubuntu/cogitao-research/checkpoints/cogitao_vit_cross_attention/cogitao_c1_experiment_4_vit6_function_mlp_cross_attention/run_000/last.ckpt,35f91e02d5b826c89f6b24f52abf83581220b4b6676009c59b6715b0b2251589,dfec9cbb2afe6616194c1fb41430c0c5d2bc4208,4,test_ood,crop_contours,double_right,double_right -> crop_contours,"pair (f,g): fgx=f(g(x)); task-token order [g,f] means g -> f",61,61,61,image_block_04,42,78000,256,256,0.01,2,"{""fixed_ranks"": [1, 2, 4, 8, 16, 32], ""variance_thresholds"": [0.9, 0.95]}",recorded_ood,62,0.22549760417577208,0.2066829931552791,0.1446446428299091,0.3491668980996487,1.0,0.3345172780320366,0.3928408837766644,0.1925591840318997,0.06727124908371662,0.07911078786856457,-0.03550654682192837,0.22229548469931323,
/home/ubuntu/cogitao-research/checkpoints/cogitao_vit_cross_attention/cogitao_c1_experiment_4_vit6_function_mlp_cross_attention/run_000/last.ckpt,35f91e02d5b826c89f6b24f52abf83581220b4b6676009c59b6715b0b2251589,dfec9cbb2afe6616194c1fb41430c0c5d2bc4208,4,test_ood,crop_contours,double_right,double_right -> crop_contours,"pair (f,g): fgx=f(g(x)); task-token order [g,f] means g -> f",61,61,61,image_block_04,42,78000,256,256,0.01,2,"{""fixed_ranks"": [1, 2, 4, 8, 16, 32], ""variance_thresholds"": [0.9, 0.95]}",recorded_ood,31,0.21937735376189377,0.2145850402143618,0.16457032977359157,0.40240217515246524,1.0,0.32656950620014086,0.40690227144719204,0.1963411495508494,0.06115099866983831,0.15476343631307066,0.040146101622577715,0.1782383537558807,
/home/ubuntu/cogitao-research/checkpoints/cogitao_vit_cross_attention/cogitao_c1_experiment_4_vit6_function_mlp_cross_attention/run_000/last.ckpt,35f91e02d5b826c89f6b24f52abf83581220b4b6676009c59b6715b0b2251589,dfec9cbb2afe6616194c1fb41430c0c5d2bc4208,4,test_ood,crop_contours,double_right,double_right -> crop_contours,"pair (f,g): fgx=f(g(x)); task-token order [g,f] means g -> f",61,61,61,image_block_04,42,78000,256,256,0.01,2,"{""fixed_ranks"": [1, 2, 4, 8, 16, 32], ""variance_thresholds"": [0.9, 0.95]}",recorded_ood,72,0.1929093931152517,0.21380791821911183,0.2073191718178379,0.3511678998721268,1.0,0.27735975908444743,0.4354499177794366,0.2872152962640022,0.03468303802319625,0.10581756060622251,-0.008799774084270434,0.34513149307946384,
/home/ubuntu/cogitao-research/checkpoints/cogitao_vit_cross_attention/cogitao_c1_experiment_4_vit6_function_mlp_cross_attention/run_000/last.ckpt,35f91e02d5b826c89f6b24f52abf83581220b4b6676009c59b6715b0b2251589,dfec9cbb2afe6616194c1fb41430c0c5d2bc4208,4,test_ood,crop_contours,double_right,double_right -> crop_contours,"pair (f,g): fgx=f(g(x)); task-token order [g,f] means g -> f",61,61,61,image_block_04,42,78000,256,256,0.01,2,"{""fixed_ranks"": [1, 2, 4, 8, 16, 32], ""variance_thresholds"": [0.9, 0.95]}",recorded_ood,67,0.27760628135024645,0.2697699716455722,0.1482045265433464,0.40562441933291504,1.0,0.2832206470905883,0.43920913307239534,0.21665174209606902,0.119379926258191,0.1079888922173927,-0.006628442473100238,0.17904788741027816,
/home/ubuntu/cogitao-research/checkpoints/cogitao_vit_cross_attention/cogitao_c1_experiment_4_vit6_function_mlp_cross_attention/run_000/last.ckpt,35f91e02d5b826c89f6b24f52abf83581220b4b6676009c59b6715b0b2251589,dfec9cbb2afe6616194c1fb41430c0c5d2bc4208,4,test_ood,crop_contours,double_right,double_right -> crop_contours,"pair (f,g): fgx=f(g(x)); task-token order [g,f] means g -> f",61,61,61,image_block_04,42,78000,256,256,0.01,2,"{""fixed_ranks"": [1, 2, 4, 8, 16, 32], ""variance_thresholds"": [0.9, 0.95]}",recorded_ood,34,0.2289736687922159,0.22808067170573884,0.11019262560600881,0.42220392711387156,1.0,0.2391684719963736,0.45018859039581555,0.21708118404353124,0.07074731370016044,0.12335958609296288,0.008742251402469939,0.18862206894172953,
/home/ubuntu/cogitao-research/checkpoints/cogitao_vit_cross_attention/cogitao_c1_experiment_4_vit6_function_mlp_cross_attention/run_000/last.ckpt,35f91e02d5b826c89f6b24f52abf83581220b4b6676009c59b6715b0b2251589,dfec9cbb2afe6616194c1fb41430c0c5d2bc4208,4,test_ood,crop_contours,double_right,double_right -> crop_contours,"pair (f,g): fgx=f(g(x)); task-token order [g,f] means g -> f",61,61,61,image_block_04,42,78000,256,256,0.01,2,"{""fixed_ranks"": [1, 2, 4, 8, 16, 32], ""variance_thresholds"": [0.9, 0.95]}",recorded_ood,58,0.25296778695569183,0.24730453490309184,0.15759337239442517,0.35770867558142677,1.0,0.26085115568417316,0.41656719884386334,0.24410085929425068,0.09474143186363637,0.10982593238887767,-0.004791402301615275,0.2649954309194187,
/home/ubuntu/cogitao-research/checkpoints/cogitao_vit_cross_attention/cogitao_c1_experiment_4_vit6_function_mlp_cross_attention/run_000/last.ckpt,35f91e02d5b826c89f6b24f52abf83581220b4b6676009c59b6715b0b2251589,dfec9cbb2afe6616194c1fb41430c0c5d2bc4208,4,test_ood,crop_contours,double_right,double_right -> crop_contours,"pair (f,g): fgx=f(g(x)); task-token order [g,f] means g -> f",61,61,61,image_block_04,42,78000,256,256,0.01,2,"{""fixed_ranks"": [1, 2, 4, 8, 16, 32], ""variance_thresholds"": [0.9, 0.95]}",recorded_ood,74,0.23851900808456059,0.19645471771881798,0.1757914448908983,0.2891085293431937,1.0,0.29920543750390116,0.28128537251121116,0.13423575881077054,0.08029265299250513,0.09784814301862921,-0.016769191671863734,0.2636636892881516,
/home/ubuntu/cogitao-research/checkpoints/cogitao_vit_cross_attention/cogitao_c1_experiment_4_vit6_function_mlp_cross_attention/run_000/last.ckpt,35f91e02d5b826c89f6b24f52abf83581220b4b6676009c59b6715b0b2251589,dfec9cbb2afe6616194c1fb41430c0c5d2bc4208,4,test_ood,crop_contours,double_right,double_right -> crop_contours,"pair (f,g): fgx=f(g(x)); task-token order [g,f] means g -> f",61,61,61,image_block_04,42,78000,256,256,0.01,2,"{""fixed_ranks"": [1, 2, 4, 8, 16, 32], ""variance_thresholds"": [0.9, 0.95]}",recorded_ood,54,0.19901511432923033,0.21332444664827738,0.16865922522081903,0.41018304000018113,1.0,0.2392164581781603,0.4359954935467537,0.21389137152055054,0.04078875923717487,0.08617328920241348,-0.028444045488079467,0.19487931241165693,
/home/ubuntu/cogitao-research/checkpoints/cogitao_vit_cross_attention/cogitao_c1_experiment_4_vit6_function_mlp_cross_attention/run_000/last.ckpt,35f91e02d5b826c89f6b24f52abf83581220b4b6676009c59b6715b0b2251589,dfec9cbb2afe6616194c1fb41430c0c5d2bc4208,4,test_ood,crop_contours,double_right,double_right -> crop_contours,"pair (f,g): fgx=f(g(x)); task-token order [g,f] means g -> f",61,61,61,image_block_04,42,78000,256,256,0.01,2,"{""fixed_ranks"": [1, 2, 4, 8, 16, 32], ""variance_thresholds"": [0.9, 0.95]}",recorded_ood,49,0.2586825647147616,0.2858906699817778,0.13568333440311894,0.43198990450002556,1.0,0.3760445894391067,0.4397057080794794,0.17408081129460184,0.10045620962270613,0.10189043609399664,-0.012726898596496297,0.215771804222848,
/home/ubuntu/cogitao-research/checkpoints/cogitao_vit_cross_attention/cogitao_c1_experiment_4_vit6_function_mlp_cross_attention/run_000/last.ckpt,35f91e02d5b826c89f6b24f52abf83581220b4b6676009c59b6715b0b2251589,dfec9cbb2afe6616194c1fb41430c0c5d2bc4208,4,test_ood,crop_contours,double_right,double_right -> crop_contours,"pair (f,g): fgx=f(g(x)); task-token order [g,f] means g -> f",61,61,61,image_block_04,42,78000,256,256,0.01,2,"{""fixed_ranks"": [1, 2, 4, 8, 16, 32], ""variance_thresholds"": [0.9, 0.95]}",recorded_ood,6,0.21612040493250723,0.2237461090007794,0.16997800936613658,0.3954898439656274,1.0,0.3648089743089542,0.3757276637053799,0.1999587332568915,0.05789404984045177,0.11768020387582925,0.0030628691853363116,0.21647758184392896,
/home/ubuntu/cogitao-research/checkpoints/cogitao_vit_cross_attention/cogitao_c1_experiment_4_vit6_function_mlp_cross_attention/run_000/last.ckpt,35f91e02d5b826c89f6b24f52abf83581220b4b6676009c59b6715b0b2251589,dfec9cbb2afe6616194c1fb41430c0c5d2bc4208,4,test_ood,crop_contours,double_right,double_right -> crop_contours,"pair (f,g): fgx=f(g(x)); task-token order [g,f] means g -> f",61,61,61,image_block_04,42,78000,256,256,0.01,2,"{""fixed_ranks"": [1, 2, 4, 8, 16, 32], ""variance_thresholds"": [0.9, 0.95]}",recorded_ood,90,0.2776804085895439,0.28887140352269336,0.11873113307842685,0.4721179660931155,1.0,0.31240714007395365,0.4831610693977128,0.19486263920840213,0.11945405349748844,0.11123805191424173,-0.0033792827762512134,0.19046948444613046,
/home/ubuntu/cogitao-research/checkpoints/cogitao_vit_cross_attention/cogitao_c1_experiment_4_vit6_function_mlp_cross_attention/run_000/last.ckpt,35f91e02d5b826c89f6b24f52abf83581220b4b6676009c59b6715b0b2251589,dfec9cbb2afe6616194c1fb41430c0c5d2bc4208,4,test_ood,crop_contours,double_right,double_right -> crop_contours,"pair (f,g): fgx=f(g(x)); task-token order [g,f] means g -> f",61,61,61,image_block_04,42,78000,256,256,0.01,2,"{""fixed_ranks"": [1, 2, 4, 8, 16, 32], ""variance_thresholds"": [0.9, 0.95]}",recorded_ood,11,0.17957149281908247,0.21637312563848374,0.17408222027174686,0.2975807546347464,1.0,0.37551403847432907,0.24073871348534853,0.1511679328795743,0.021345137727027008,0.1586520743201179,0.04403473962962497,0.27270357252401467,
/home/ubuntu/cogitao-research/checkpoints/cogitao_vit_cross_attention/cogitao_c1_experiment_4_vit6_function_mlp_cross_attention/run_000/last.ckpt,35f91e02d5b826c89f6b24f52abf83581220b4b6676009c59b6715b0b2251589,dfec9cbb2afe6616194c1fb41430c0c5d2bc4208,4,test_ood,crop_contours,double_right,double_right -> crop_contours,"pair (f,g): fgx=f(g(x)); task-token order [g,f] means g -> f",61,61,61,image_block_04,42,78000,256,256,0.01,2,"{""fixed_ranks"": [1, 2, 4, 8, 16, 32], ""variance_thresholds"": [0.9, 0.95]}",recorded_ood,85,0.2549910217331309,0.2634299701095257,0.15257331229781573,0.4484120545181666,1.0,0.2276446414738753,0.4572826542410581,0.2592886315807726,0.09676466664107541,0.09902312049432788,-0.015594214196165065,0.21656895320597216,
/home/ubuntu/cogitao-research/checkpoints/cogitao_vit_cross_attention/cogitao_c1_experiment_4_vit6_function_mlp_cross_attention/run_000/last.ckpt,35f91e02d5b826c89f6b24f52abf83581220b4b6676009c59b6715b0b2251589,dfec9cbb2afe6616194c1fb41430c0c5d2bc4208,4,test_ood,crop_contours,double_right,double_right -> crop_contours,"pair (f,g): fgx=f(g(x)); task-token order [g,f] means g -> f",61,61,61,image_block_04,42,78000,256,256,0.01,2,"{""fixed_ranks"": [1, 2, 4, 8, 16, 32], ""variance_thresholds"": [0.9, 0.95]}",recorded_ood,22,0.2453407353536318,0.2240478340818389,0.1460309753571339,0.41565740955582814,1.0,0.3205149899022557,0.4060077214174621,0.16716082326823725,0.08711438026157634,0.09937251193290896,-0.015244822757583987,0.1922398370724494,
/home/ubuntu/cogitao-research/checkpoints/cogitao_vit_cross_attention/cogitao_c1_experiment_4_vit6_function_mlp_cross_attention/run_000/last.ckpt,35f91e02d5b826c89f6b24f52abf83581220b4b6676009c59b6715b0b2251589,dfec9cbb2afe6616194c1fb41430c0c5d2bc4208,4,test_ood,crop_contours,double_right,double_right -> crop_contours,"pair (f,g): fgx=f(g(x)); task-token order [g,f] means g -> f",61,61,61,image_block_04,42,78000,256,256,0.01,2,"{""fixed_ranks"": [1, 2, 4, 8, 16, 32], ""variance_thresholds"": [0.9, 0.95]}",recorded_ood,19,0.2279262432361827,0.23943428464543542,0.13558645813005288,0.40209234709583325,1.0,0.3476100899667057,0.3968785625106874,0.1386781726370038,0.06969988814412725,0.09286470109301158,-0.021752633597481363,0.1722188776108086,
/home/ubuntu/cogitao-research/checkpoints/cogitao_vit_cross_attention/cogitao_c1_experiment_4_vit6_function_mlp_cross_attention/run_000/last.ckpt,35f91e02d5b826c89f6b24f52abf83581220b4b6676009c59b6715b0b2251589,dfec9cbb2afe6616194c1fb41430c0c5d2bc4208,4,test_ood,crop_contours,double_right,double_right -> crop_contours,"pair (f,g): fgx=f(g(x)); task-token order [g,f] means g -> f",61,61,61,image_block_04,42,78000,256,256,0.01,2,"{""fixed_ranks"": [1, 2, 4, 8, 16, 32], ""variance_thresholds"": [0.9, 0.95]}",recorded_ood,64,0.2591382927786016,0.265318896253348,0.14157183493747325,0.37871395623696075,1.0,0.2879176545588061,0.36465891628137564,0.18593234239309006,0.10091193768654616,0.09837936375151153,-0.01623797093898141,0.18806848588088404,
/home/ubuntu/cogitao-research/checkpoints/cogitao_vit_cross_attention/cogitao_c1_experiment_4_vit6_function_mlp_cross_attention/run_000/last.ckpt,35f91e02d5b826c89f6b24f52abf83581220b4b6676009c59b6715b0b2251589,dfec9cbb2afe6616194c1fb41430c0c5d2bc4208,4,test_ood,crop_contours,double_right,double_right -> crop_contours,"pair (f,g): fgx=f(g(x)); task-token order [g,f] means g -> f",61,61,61,image_block_04,42,78000,256,256,0.01,2,"{""fixed_ranks"": [1, 2, 4, 8, 16, 32], ""variance_thresholds"": [0.9, 0.95]}",recorded_ood,47,0.15091611316772924,0.15550303229165863,0.16224689503920764,0.3107358026332482,1.0,0.31002684881134657,0.20219305181001937,0.15914366976503394,-0.007310241924326222,0.17980646812243745,0.0651891334319445,0.23771697824166677,
/home/ubuntu/cogitao-research/checkpoints/cogitao_vit_cross_attention/cogitao_c1_experiment_4_vit6_function_mlp_cross_attention/run_000/last.ckpt,35f91e02d5b826c89f6b24f52abf83581220b4b6676009c59b6715b0b2251589,dfec9cbb2afe6616194c1fb41430c0c5d2bc4208,4,test_ood,crop_contours,double_right,double_right -> crop_contours,"pair (f,g): fgx=f(g(x)); task-token order [g,f] means g -> f",61,61,61,image_block_04,42,78000,256,256,0.01,2,"{""fixed_ranks"": [1, 2, 4, 8, 16, 32], ""variance_thresholds"": [0.9, 0.95]}",recorded_ood,12,0.2819270178446178,0.25541825673136875,0.1164450810992482,0.4367279215645127,1.0,0.26104879896795297,0.46000047965191415,0.2140504072902954,0.12370066275256236,0.0737474893142073,-0.04086984537628564,0.19335632855669116,
/home/ubuntu/cogitao-research/checkpoints/cogitao_vit_cross_attention/cogitao_c1_experiment_4_vit6_function_mlp_cross_attention/run_000/last.ckpt,35f91e02d5b826c89f6b24f52abf83581220b4b6676009c59b6715b0b2251589,dfec9cbb2afe6616194c1fb41430c0c5d2bc4208,4,test_ood,crop_contours,double_right,double_right -> crop_contours,"pair (f,g): fgx=f(g(x)); task-token order [g,f] means g -> f",61,61,61,image_block_04,42,78000,256,256,0.01,2,"{""fixed_ranks"": [1, 2, 4, 8, 16, 32], ""variance_thresholds"": [0.9, 0.95]}",recorded_ood,14,0.24340935540249706,0.25269462627784905,0.1388993285091035,0.42879049019685533,1.0,0.20835149358412158,0.4413489461603194,0.2655883340049766,0.0851830003104416,0.0654157057788948,-0.04920162891159814,0.19079860332299345,
/home/ubuntu/cogitao-research/checkpoints/cogitao_vit_cross_attention/cogitao_c1_experiment_4_vit6_function_mlp_cross_attention/run_000/last.ckpt,35f91e02d5b826c89f6b24f52abf83581220b4b6676009c59b6715b0b2251589,dfec9cbb2afe6616194c1fb41430c0c5d2bc4208,4,test_ood,crop_contours,double_right,double_right -> crop_contours,"pair (f,g): fgx=f(g(x)); task-token order [g,f] means g -> f",61,61,61,image_block_04,42,78000,256,256,0.01,2,"{""fixed_ranks"": [1, 2, 4, 8, 16, 32], ""variance_thresholds"": [0.9, 0.95]}",recorded_ood,66,0.1869326205286495,0.1872278090891601,0.11411880866192112,0.36155054626636796,1.0,0.28277529394654705,0.4128984618676764,0.17776596684079507,0.028706265436594047,0.13512567606389475,0.02050834137340181,0.18898082495005544,
/home/ubuntu/cogitao-research/checkpoints/cogitao_vit_cross_attention/cogitao_c1_experiment_4_vit6_function_mlp_cross_attention/run_000/last.ckpt,35f91e02d5b826c89f6b24f52abf83581220b4b6676009c59b6715b0b2251589,dfec9cbb2afe6616194c1fb41430c0c5d2bc4208,4,test_ood,crop_contours,double_right,double_right -> crop_contours,"pair (f,g): fgx=f(g(x)); task-token order [g,f] means g -> f",61,61,61,image_block_04,42,78000,256,256,0.01,2,"{""fixed_ranks"": [1, 2, 4, 8, 16, 32], ""variance_thresholds"": [0.9, 0.95]}",recorded_ood,36,0.2161358727658416,0.22919092260587917,0.13593533186324872,0.4053898803643109,1.0,0.28696587871725565,0.39779390997725717,0.24780519419476257,0.05790951767378613,0.08587937763001995,-0.028737957060472996,0.24088907697264697,
/home/ubuntu/cogitao-research/checkpoints/cogitao_vit_cross_attention/cogitao_c1_experiment_4_vit6_function_mlp_cross_attention/run_000/last.ckpt,35f91e02d5b826c89f6b24f52abf83581220b4b6676009c59b6715b0b2251589,dfec9cbb2afe6616194c1fb41430c0c5d2bc4208,4,test_ood,crop_contours,double_right,double_right -> crop_contours,"pair (f,g): fgx=f(g(x)); task-token order [g,f] means g -> f",61,61,61,image_block_04,42,78000,256,256,0.01,2,"{""fixed_ranks"": [1, 2, 4, 8, 16, 32], ""variance_thresholds"": [0.9, 0.95]}",recorded_ood,65,0.2169047998090483,0.2507395981807605,0.13513062838758624,0.4507308192203331,1.0,0.27219609598032785,0.48630962640555153,0.27614611313607335,0.05867844471699285,0.08176481821809872,-0.03285251647239422,0.23527604081074324,
/home/ubuntu/cogitao-research/checkpoints/cogitao_vit_cross_attention/cogitao_c1_experiment_4_vit6_function_mlp_cross_attention/run_000/last.ckpt,35f91e02d5b826c89f6b24f52abf83581220b4b6676009c59b6715b0b2251589,dfec9cbb2afe6616194c1fb41430c0c5d2bc4208,4,test_ood,crop_contours,double_right,double_right -> crop_contours,"pair (f,g): fgx=f(g(x)); task-token order [g,f] means g -> f",61,61,61,image_block_04,42,78000,256,256,0.01,2,"{""fixed_ranks"": [1, 2, 4, 8, 16, 32], ""variance_thresholds"": [0.9, 0.95]}",recorded_ood,8,0.26140640210306715,0.24672424648608554,0.13361111686732918,0.3806156177135067,1.0,0.3025075193928502,0.4649361055041579,0.18764768376152685,0.10318004701101169,0.14136487427902983,0.026747539588536887,0.21318684331443996,
/home/ubuntu/cogitao-research/checkpoints/cogitao_vit_cross_attention/cogitao_c1_experiment_4_vit6_function_mlp_cross_attention/run_000/last.ckpt,35f91e02d5b826c89f6b24f52abf83581220b4b6676009c59b6715b0b2251589,dfec9cbb2afe6616194c1fb41430c0c5d2bc4208,4,test_ood,crop_contours,double_right,double_right -> crop_contours,"pair (f,g): fgx=f(g(x)); task-token order [g,f] means g -> f",61,61,61,image_block_05,42,78000,256,256,0.01,2,"{""fixed_ranks"": [1, 2, 4, 8, 16, 32], ""variance_thresholds"": [0.9, 0.95]}",recorded_ood,56,0.25568426655244486,0.2564194231093144,0.14714342868468822,0.3903519949692374,1.0,0.26314836936173774,0.4786878524684733,0.2773603744366429,0.09042244617674958,0.09146517408599773,-0.03164923341898243,,
/home/ubuntu/cogitao-research/checkpoints/cogitao_vit_cross_attention/cogitao_c1_experiment_4_vit6_function_mlp_cross_attention/run_000/last.ckpt,35f91e02d5b826c89f6b24f52abf83581220b4b6676009c59b6715b0b2251589,dfec9cbb2afe6616194c1fb41430c0c5d2bc4208,4,test_ood,crop_contours,double_right,double_right -> crop_contours,"pair (f,g): fgx=f(g(x)); task-token order [g,f] means g -> f",61,61,61,image_block_05,42,78000,256,256,0.01,2,"{""fixed_ranks"": [1, 2, 4, 8, 16, 32], ""variance_thresholds"": [0.9, 0.95]}",recorded_ood,42,0.23812495929343327,0.25951736632732464,0.1508592864456741,0.4410358361728086,1.0,0.31828437811064436,0.44851202299751836,0.21393700762367665,0.07286313891773799,0.11655938442676335,-0.006555023078216815,,
/home/ubuntu/cogitao-research/checkpoints/cogitao_vit_cross_attention/cogitao_c1_experiment_4_vit6_function_mlp_cross_attention/run_000/last.ckpt,35f91e02d5b826c89f6b24f52abf83581220b4b6676009c59b6715b0b2251589,dfec9cbb2afe6616194c1fb41430c0c5d2bc4208,4,test_ood,crop_contours,double_right,double_right -> crop_contours,"pair (f,g): fgx=f(g(x)); task-token order [g,f] means g -> f",61,61,61,image_block_05,42,78000,256,256,0.01,2,"{""fixed_ranks"": [1, 2, 4, 8, 16, 32], ""variance_thresholds"": [0.9, 0.95]}",recorded_ood,50,0.2630479359677436,0.25755067117319735,0.14834696012608775,0.33380245910954187,1.0,0.2424851682388587,0.34075765491906074,0.20083930280887244,0.09778611559204833,0.1271376603801677,0.004023252875187525,,
/home/ubuntu/cogitao-research/checkpoints/cogitao_vit_cross_attention/cogitao_c1_experiment_4_vit6_function_mlp_cross_attention/run_000/last.ckpt,35f91e02d5b826c89f6b24f52abf83581220b4b6676009c59b6715b0b2251589,dfec9cbb2afe6616194c1fb41430c0c5d2bc4208,4,test_ood,crop_contours,double_right,double_right -> crop_contours,"pair (f,g): fgx=f(g(x)); task-token order [g,f] means g -> f",61,61,61,image_block_05,42,78000,256,256,0.01,2,"{""fixed_ranks"": [1, 2, 4, 8, 16, 32], ""variance_thresholds"": [0.9, 0.95]}",recorded_ood,27,0.27683161943663454,0.23423099986330126,0.18320005741875464,0.3162592163406678,1.0,0.32128826530579857,0.3227720566115308,0.24718816948161373,0.11156979906093925,0.1150618457635801,-0.008052561741400066,,
/home/ubuntu/cogitao-research/checkpoints/cogitao_vit_cross_attention/cogitao_c1_experiment_4_vit6_function_mlp_cross_attention/run_000/last.ckpt,35f91e02d5b826c89f6b24f52abf83581220b4b6676009c59b6715b0b2251589,dfec9cbb2afe6616194c1fb41430c0c5d2bc4208,4,test_ood,crop_contours,double_right,double_right -> crop_contours,"pair (f,g): fgx=f(g(x)); task-token order [g,f] means g -> f",61,61,61,image_block_05,42,78000,256,256,0.01,2,"{""fixed_ranks"": [1, 2, 4, 8, 16, 32], ""variance_thresholds"": [0.9, 0.95]}",recorded_ood,92,0.2881470178185037,0.2946993956854594,0.12538232753398235,0.5459843930385135,1.0,0.3191981369268047,0.5593755722493627,0.2920231076965282,0.12288519744280843,0.0834645275675172,-0.03964987993746297,,
/home/ubuntu/cogitao-research/checkpoints/cogitao_vit_cross_attention/cogitao_c1_experiment_4_vit6_function_mlp_cross_attention/run_000/last.ckpt,35f91e02d5b826c89f6b24f52abf83581220b4b6676009c59b6715b0b2251589,dfec9cbb2afe6616194c1fb41430c0c5d2bc4208,4,test_ood,crop_contours,double_right,double_right -> crop_contours,"pair (f,g): fgx=f(g(x)); task-token order [g,f] means g -> f",61,61,61,image_block_05,42,78000,256,256,0.01,2,"{""fixed_ranks"": [1, 2, 4, 8, 16, 32], ""variance_thresholds"": [0.9, 0.95]}",recorded_ood,71,0.27266426515053205,0.22780693864351134,0.1581867012353637,0.4620589506587686,1.0,0.259115354883493,0.5118129573108032,0.29536919238946985,0.10740244477483676,0.09303281327814442,-0.030081594226835748,,
/home/ubuntu/cogitao-research/checkpoints/cogitao_vit_cross_attention/cogitao_c1_experiment_4_vit6_function_mlp_cross_attention/run_000/last.ckpt,35f91e02d5b826c89f6b24f52abf83581220b4b6676009c59b6715b0b2251589,dfec9cbb2afe6616194c1fb41430c0c5d2bc4208,4,test_ood,crop_contours,double_right,double_right -> crop_contours,"pair (f,g): fgx=f(g(x)); task-token order [g,f] means g -> f",61,61,61,image_block_05,42,78000,256,256,0.01,2,"{""fixed_ranks"": [1, 2, 4, 8, 16, 32], ""variance_thresholds"": [0.9, 0.95]}",recorded_ood,25,0.22465270402802975,0.23268953748980312,0.10081303291840557,0.3484485996073929,1.0,0.3499014320770259,0.41125537658768474,0.23472647057532783,0.05939088365233447,0.1301531085744066,0.007038701069426431,,
/home/ubuntu/cogitao-research/checkpoints/cogitao_vit_cross_attention/cogitao_c1_experiment_4_vit6_function_mlp_cross_attention/run_000/last.ckpt,35f91e02d5b826c89f6b24f52abf83581220b4b6676009c59b6715b0b2251589,dfec9cbb2afe6616194c1fb41430c0c5d2bc4208,4,test_ood,crop_contours,double_right,double_right -> crop_contours,"pair (f,g): fgx=f(g(x)); task-token order [g,f] means g -> f",61,61,61,image_block_05,42,78000,256,256,0.01,2,"{""fixed_ranks"": [1, 2, 4, 8, 16, 32], ""variance_thresholds"": [0.9, 0.95]}",recorded_ood,52,0.24913883973803852,0.28256519127546414,0.1269554068304972,0.4304596887757873,1.0,0.31798515435109337,0.45795101078248773,0.2263577651436711,0.08387701936234324,0.15936252756113095,0.03624812005615079,,
/home/ubuntu/cogitao-research/checkpoints/cogitao_vit_cross_attention/cogitao_c1_experiment_4_vit6_function_mlp_cross_attention/run_000/last.ckpt,35f91e02d5b826c89f6b24f52abf83581220b4b6676009c59b6715b0b2251589,dfec9cbb2afe6616194c1fb41430c0c5d2bc4208,4,test_ood,crop_contours,double_right,double_right -> crop_contours,"pair (f,g): fgx=f(g(x)); task-token order [g,f] means g -> f",61,61,61,image_block_05,42,78000,256,256,0.01,2,"{""fixed_ranks"": [1, 2, 4, 8, 16, 32], ""variance_thresholds"": [0.9, 0.95]}",recorded_ood,81,0.2757860173678194,0.25891424037374744,0.10832107614676025,0.40521273678572683,1.0,0.3117771626887776,0.41523733338572627,0.15553283220965103,0.1105241969921241,0.11820409859403475,-0.0049103089109454184,,
/home/ubuntu/cogitao-research/checkpoints/cogitao_vit_cross_attention/cogitao_c1_experiment_4_vit6_function_mlp_cross_attention/run_000/last.ckpt,35f91e02d5b826c89f6b24f52abf83581220b4b6676009c59b6715b0b2251589,dfec9cbb2afe6616194c1fb41430c0c5d2bc4208,4,test_ood,crop_contours,double_right,double_right -> crop_contours,"pair (f,g): fgx=f(g(x)); task-token order [g,f] means g -> f",61,61,61,image_block_05,42,78000,256,256,0.01,2,"{""fixed_ranks"": [1, 2, 4, 8, 16, 32], ""variance_thresholds"": [0.9, 0.95]}",recorded_ood,51,0.21882991701553028,0.2289656118708622,0.11586754692235693,0.38057387368097145,1.0,0.2555033923874934,0.455130501178284,0.20182884580539212,0.053568096639835,0.12071671289123835,-0.002397694613741813,,
/home/ubuntu/cogitao-research/checkpoints/cogitao_vit_cross_attention/cogitao_c1_experiment_4_vit6_function_mlp_cross_attention/run_000/last.ckpt,35f91e02d5b826c89f6b24f52abf83581220b4b6676009c59b6715b0b2251589,dfec9cbb2afe6616194c1fb41430c0c5d2bc4208,4,test_ood,crop_contours,double_right,double_right -> crop_contours,"pair (f,g): fgx=f(g(x)); task-token order [g,f] means g -> f",61,61,61,image_block_05,42,78000,256,256,0.01,2,"{""fixed_ranks"": [1, 2, 4, 8, 16, 32], ""variance_thresholds"": [0.9, 0.95]}",recorded_ood,37,0.26019728949069065,0.24142707677223663,0.21541626798148197,0.31747491074199735,1.0,0.29187671320185815,0.31913656664895873,0.18579066996958893,0.09493546911499537,0.20214906637538127,0.0790346588704011,,
/home/ubuntu/cogitao-research/checkpoints/cogitao_vit_cross_attention/cogitao_c1_experiment_4_vit6_function_mlp_cross_attention/run_000/last.ckpt,35f91e02d5b826c89f6b24f52abf83581220b4b6676009c59b6715b0b2251589,dfec9cbb2afe6616194c1fb41430c0c5d2bc4208,4,test_ood,crop_contours,double_right,double_right -> crop_contours,"pair (f,g): fgx=f(g(x)); task-token order [g,f] means g -> f",61,61,61,image_block_05,42,78000,256,256,0.01,2,"{""fixed_ranks"": [1, 2, 4, 8, 16, 32], ""variance_thresholds"": [0.9, 0.95]}",recorded_ood,7,0.1984003331832724,0.20554525959582684,0.12155000132845727,0.3240833270808098,1.0,0.304511719126817,0.3788737676192954,0.17381132611725097,0.033138512807577125,0.11403508837433628,-0.009079319130643887,,
/home/ubuntu/cogitao-research/checkpoints/cogitao_vit_cross_attention/cogitao_c1_experiment_4_vit6_function_mlp_cross_attention/run_000/last.ckpt,35f91e02d5b826c89f6b24f52abf83581220b4b6676009c59b6715b0b2251589,dfec9cbb2afe6616194c1fb41430c0c5d2bc4208,4,test_ood,crop_contours,double_right,double_right -> crop_contours,"pair (f,g): fgx=f(g(x)); task-token order [g,f] means g -> f",61,61,61,image_block_05,42,78000,256,256,0.01,2,"{""fixed_ranks"": [1, 2, 4, 8, 16, 32], ""variance_thresholds"": [0.9, 0.95]}",recorded_ood,57,0.29980607126324166,0.3066766243636827,0.15285640090766503,0.5494161302795925,1.0,0.2936505403434573,0.5576744997762587,0.3321011126676337,0.13454425088754637,0.10809865453260123,-0.015015752972378935,,
/home/ubuntu/cogitao-research/checkpoints/cogitao_vit_cross_attention/cogitao_c1_experiment_4_vit6_function_mlp_cross_attention/run_000/last.ckpt,35f91e02d5b826c89f6b24f52abf83581220b4b6676009c59b6715b0b2251589,dfec9cbb2afe6616194c1fb41430c0c5d2bc4208,4,test_ood,crop_contours,double_right,double_right -> crop_contours,"pair (f,g): fgx=f(g(x)); task-token order [g,f] means g -> f",61,61,61,image_block_05,42,78000,256,256,0.01,2,"{""fixed_ranks"": [1, 2, 4, 8, 16, 32], ""variance_thresholds"": [0.9, 0.95]}",recorded_ood,79,0.2849894168304459,0.2745289415115777,0.12902138651399914,0.37940164166463286,1.0,0.2168268803596199,0.4431113886514714,0.21144799559780061,0.11972759645475059,0.11436714965084502,-0.008747257854135146,,
/home/ubuntu/cogitao-research/checkpoints/cogitao_vit_cross_attention/cogitao_c1_experiment_4_vit6_function_mlp_cross_attention/run_000/last.ckpt,35f91e02d5b826c89f6b24f52abf83581220b4b6676009c59b6715b0b2251589,dfec9cbb2afe6616194c1fb41430c0c5d2bc4208,4,test_ood,crop_contours,double_right,double_right -> crop_contours,"pair (f,g): fgx=f(g(x)); task-token order [g,f] means g -> f",61,61,61,image_block_05,42,78000,256,256,0.01,2,"{""fixed_ranks"": [1, 2, 4, 8, 16, 32], ""variance_thresholds"": [0.9, 0.95]}",recorded_ood,26,0.2624613053011019,0.26540077483789326,0.15162667783823464,0.2666676213805209,1.0,0.2601326299938075,0.411302762246445,0.1911440168110101,0.09719948492540662,0.17871832670281068,0.05560391919783052,,
/home/ubuntu/cogitao-research/checkpoints/cogitao_vit_cross_attention/cogitao_c1_experiment_4_vit6_function_mlp_cross_attention/run_000/last.ckpt,35f91e02d5b826c89f6b24f52abf83581220b4b6676009c59b6715b0b2251589,dfec9cbb2afe6616194c1fb41430c0c5d2bc4208,4,test_ood,crop_contours,double_right,double_right -> crop_contours,"pair (f,g): fgx=f(g(x)); task-token order [g,f] means g -> f",61,61,61,image_block_05,42,78000,256,256,0.01,2,"{""fixed_ranks"": [1, 2, 4, 8, 16, 32], ""variance_thresholds"": [0.9, 0.95]}",recorded_ood,78,0.2805935311605404,0.26184987660049924,0.1307592214549249,0.39734125229906414,1.0,0.33308332866759854,0.4085075499703889,0.18373582175949088,0.11533171078484514,0.1372072968607243,0.01409288935574414,,
/home/ubuntu/cogitao-research/checkpoints/cogitao_vit_cross_attention/cogitao_c1_experiment_4_vit6_function_mlp_cross_attention/run_000/last.ckpt,35f91e02d5b826c89f6b24f52abf83581220b4b6676009c59b6715b0b2251589,dfec9cbb2afe6616194c1fb41430c0c5d2bc4208,4,test_ood,crop_contours,double_right,double_right -> crop_contours,"pair (f,g): fgx=f(g(x)); task-token order [g,f] means g -> f",61,61,61,image_block_05,42,78000,256,256,0.01,2,"{""fixed_ranks"": [1, 2, 4, 8, 16, 32], ""variance_thresholds"": [0.9, 0.95]}",recorded_ood,86,0.25124021750980985,0.22703246132847052,0.14320434145341535,0.32821888578719394,1.0,0.24659603088021315,0.35811935755560353,0.16529896893250984,0.08597839713411456,0.12552348306302702,0.0024090755580468554,,
/home/ubuntu/cogitao-research/checkpoints/cogitao_vit_cross_attention/cogitao_c1_experiment_4_vit6_function_mlp_cross_attention/run_000/last.ckpt,35f91e02d5b826c89f6b24f52abf83581220b4b6676009c59b6715b0b2251589,dfec9cbb2afe6616194c1fb41430c0c5d2bc4208,4,test_ood,crop_contours,double_right,double_right -> crop_contours,"pair (f,g): fgx=f(g(x)); task-token order [g,f] means g -> f",61,61,61,image_block_05,42,78000,256,256,0.01,2,"{""fixed_ranks"": [1, 2, 4, 8, 16, 32], ""variance_thresholds"": [0.9, 0.95]}",recorded_ood,29,0.20545989990072736,0.2028854905875771,0.12593350300356063,0.37210589757659174,1.0,0.31252767459734987,0.3646515248817478,0.17355031846225918,0.04019807952503207,0.1407499479838166,0.017635540478836434,,
/home/ubuntu/cogitao-research/checkpoints/cogitao_vit_cross_attention/cogitao_c1_experiment_4_vit6_function_mlp_cross_attention/run_000/last.ckpt,35f91e02d5b826c89f6b24f52abf83581220b4b6676009c59b6715b0b2251589,dfec9cbb2afe6616194c1fb41430c0c5d2bc4208,4,test_ood,crop_contours,double_right,double_right -> crop_contours,"pair (f,g): fgx=f(g(x)); task-token order [g,f] means g -> f",61,61,61,image_block_05,42,78000,256,256,0.01,2,"{""fixed_ranks"": [1, 2, 4, 8, 16, 32], ""variance_thresholds"": [0.9, 0.95]}",recorded_ood,17,0.2963358396725347,0.29137050994430486,0.11004008233745236,0.44332464312974895,1.0,0.3045787298306717,0.5101693290030508,0.2494018506855116,0.1310740192968394,0.09751798247157069,-0.025596425033409476,,
/home/ubuntu/cogitao-research/checkpoints/cogitao_vit_cross_attention/cogitao_c1_experiment_4_vit6_function_mlp_cross_attention/run_000/last.ckpt,35f91e02d5b826c89f6b24f52abf83581220b4b6676009c59b6715b0b2251589,dfec9cbb2afe6616194c1fb41430c0c5d2bc4208,4,test_ood,crop_contours,double_right,double_right -> crop_contours,"pair (f,g): fgx=f(g(x)); task-token order [g,f] means g -> f",61,61,61,image_block_05,42,78000,256,256,0.01,2,"{""fixed_ranks"": [1, 2, 4, 8, 16, 32], ""variance_thresholds"": [0.9, 0.95]}",recorded_ood,39,0.33134473430553163,0.31380771071470104,0.15780781196656277,0.4071592420639559,1.0,0.33886385389151624,0.396561810197746,0.22743510189337798,0.16608291392983635,0.11402792019535067,-0.009086487309629493,,
/home/ubuntu/cogitao-research/checkpoints/cogitao_vit_cross_attention/cogitao_c1_experiment_4_vit6_function_mlp_cross_attention/run_000/last.ckpt,35f91e02d5b826c89f6b24f52abf83581220b4b6676009c59b6715b0b2251589,dfec9cbb2afe6616194c1fb41430c0c5d2bc4208,4,test_ood,crop_contours,double_right,double_right -> crop_contours,"pair (f,g): fgx=f(g(x)); task-token order [g,f] means g -> f",61,61,61,image_block_05,42,78000,256,256,0.01,2,"{""fixed_ranks"": [1, 2, 4, 8, 16, 32], ""variance_thresholds"": [0.9, 0.95]}",recorded_ood,91,0.3332722575923084,0.2755613913670436,0.19217529011256435,0.39294598563811395,1.0,0.3073786406263884,0.38729789528961556,0.25100235863205156,0.1680104372166131,0.1467000303305186,0.02358562282553843,,
/home/ubuntu/cogitao-research/checkpoints/cogitao_vit_cross_attention/cogitao_c1_experiment_4_vit6_function_mlp_cross_attention/run_000/last.ckpt,35f91e02d5b826c89f6b24f52abf83581220b4b6676009c59b6715b0b2251589,dfec9cbb2afe6616194c1fb41430c0c5d2bc4208,4,test_ood,crop_contours,double_right,double_right -> crop_contours,"pair (f,g): fgx=f(g(x)); task-token order [g,f] means g -> f",61,61,61,image_block_05,42,78000,256,256,0.01,2,"{""fixed_ranks"": [1, 2, 4, 8, 16, 32], ""variance_thresholds"": [0.9, 0.95]}",recorded_ood,40,0.2834832168197246,0.2574862680038055,0.09743173122018624,0.45791230812275135,1.0,0.2410415305537096,0.49150343400817187,0.1717481854513192,0.11822139644402932,0.13556183484569834,0.012447427340718173,,
/home/ubuntu/cogitao-research/checkpoints/cogitao_vit_cross_attention/cogitao_c1_experiment_4_vit6_function_mlp_cross_attention/run_000/last.ckpt,35f91e02d5b826c89f6b24f52abf83581220b4b6676009c59b6715b0b2251589,dfec9cbb2afe6616194c1fb41430c0c5d2bc4208,4,test_ood,crop_contours,double_right,double_right -> crop_contours,"pair (f,g): fgx=f(g(x)); task-token order [g,f] means g -> f",61,61,61,image_block_05,42,78000,256,256,0.01,2,"{""fixed_ranks"": [1, 2, 4, 8, 16, 32], ""variance_thresholds"": [0.9, 0.95]}",recorded_ood,95,0.3315157355356912,0.30914853575786405,0.12222939789361638,0.38035469043921216,1.0,0.32063279768515196,0.4933718937811915,0.24233584393682028,0.1662539151599959,0.09096776307134596,-0.0321466444336342,,
/home/ubuntu/cogitao-research/checkpoints/cogitao_vit_cross_attention/cogitao_c1_experiment_4_vit6_function_mlp_cross_attention/run_000/last.ckpt,35f91e02d5b826c89f6b24f52abf83581220b4b6676009c59b6715b0b2251589,dfec9cbb2afe6616194c1fb41430c0c5d2bc4208,4,test_ood,crop_contours,double_right,double_right -> crop_contours,"pair (f,g): fgx=f(g(x)); task-token order [g,f] means g -> f",61,61,61,image_block_05,42,78000,256,256,0.01,2,"{""fixed_ranks"": [1, 2, 4, 8, 16, 32], ""variance_thresholds"": [0.9, 0.95]}",recorded_ood,84,0.32203432370924506,0.2703576962047006,0.15720675084783584,0.4147839989183157,1.0,0.30010664163022194,0.4646118630023276,0.20973429019003503,0.15677250333354978,0.13902498049827142,0.015910572993291253,,
/home/ubuntu/cogitao-research/checkpoints/cogitao_vit_cross_attention/cogitao_c1_experiment_4_vit6_function_mlp_cross_attention/run_000/last.ckpt,35f91e02d5b826c89f6b24f52abf83581220b4b6676009c59b6715b0b2251589,dfec9cbb2afe6616194c1fb41430c0c5d2bc4208,4,test_ood,crop_contours,double_right,double_right -> crop_contours,"pair (f,g): fgx=f(g(x)); task-token order [g,f] means g -> f",61,61,61,image_block_05,42,78000,256,256,0.01,2,"{""fixed_ranks"": [1, 2, 4, 8, 16, 32], ""variance_thresholds"": [0.9, 0.95]}",recorded_ood,63,0.3274648329719728,0.3142536420685481,0.1414886656298732,0.435879515220608,1.0,0.4127200234615119,0.4736464127874921,0.2064501345410713,0.16220301259627753,0.09835395442172236,-0.024760453083257805,,
/home/ubuntu/cogitao-research/checkpoints/cogitao_vit_cross_attention/cogitao_c1_experiment_4_vit6_function_mlp_cross_attention/run_000/last.ckpt,35f91e02d5b826c89f6b24f52abf83581220b4b6676009c59b6715b0b2251589,dfec9cbb2afe6616194c1fb41430c0c5d2bc4208,4,test_ood,crop_contours,double_right,double_right -> crop_contours,"pair (f,g): fgx=f(g(x)); task-token order [g,f] means g -> f",61,61,61,image_block_05,42,78000,256,256,0.01,2,"{""fixed_ranks"": [1, 2, 4, 8, 16, 32], ""variance_thresholds"": [0.9, 0.95]}",recorded_ood,3,0.2634828762090942,0.25673248244351565,0.12006209360502845,0.43820800090802325,1.0,0.26166448801875913,0.4650646627106365,0.237316816748524,0.09822105583339893,0.11081737661034591,-0.012297030894634256,,
/home/ubuntu/cogitao-research/checkpoints/cogitao_vit_cross_attention/cogitao_c1_experiment_4_vit6_function_mlp_cross_attention/run_000/last.ckpt,35f91e02d5b826c89f6b24f52abf83581220b4b6676009c59b6715b0b2251589,dfec9cbb2afe6616194c1fb41430c0c5d2bc4208,4,test_ood,crop_contours,double_right,double_right -> crop_contours,"pair (f,g): fgx=f(g(x)); task-token order [g,f] means g -> f",61,61,61,image_block_05,42,78000,256,256,0.01,2,"{""fixed_ranks"": [1, 2, 4, 8, 16, 32], ""variance_thresholds"": [0.9, 0.95]}",recorded_ood,83,0.3730688938743643,0.36335731470819627,0.1275158952310399,0.4989675093971278,1.0,0.36092612326640644,0.5254826519383082,0.2606975443956832,0.20780707349866903,0.11281846190216661,-0.01029594560281355,,
/home/ubuntu/cogitao-research/checkpoints/cogitao_vit_cross_attention/cogitao_c1_experiment_4_vit6_function_mlp_cross_attention/run_000/last.ckpt,35f91e02d5b826c89f6b24f52abf83581220b4b6676009c59b6715b0b2251589,dfec9cbb2afe6616194c1fb41430c0c5d2bc4208,4,test_ood,crop_contours,double_right,double_right -> crop_contours,"pair (f,g): fgx=f(g(x)); task-token order [g,f] means g -> f",61,61,61,image_block_05,42,78000,256,256,0.01,2,"{""fixed_ranks"": [1, 2, 4, 8, 16, 32], ""variance_thresholds"": [0.9, 0.95]}",recorded_ood,93,0.3599857573510912,0.342116775620785,0.22069207480237574,0.49028606978189065,1.0,0.32993621244503746,0.4582450091083768,0.2375866450855291,0.1947239369753959,0.08656535412461297,-0.036549053380367194,,
/home/ubuntu/cogitao-research/checkpoints/cogitao_vit_cross_attention/cogitao_c1_experiment_4_vit6_function_mlp_cross_attention/run_000/last.ckpt,35f91e02d5b826c89f6b24f52abf83581220b4b6676009c59b6715b0b2251589,dfec9cbb2afe6616194c1fb41430c0c5d2bc4208,4,test_ood,crop_contours,double_right,double_right -> crop_contours,"pair (f,g): fgx=f(g(x)); task-token order [g,f] means g -> f",61,61,61,image_block_05,42,78000,256,256,0.01,2,"{""fixed_ranks"": [1, 2, 4, 8, 16, 32], ""variance_thresholds"": [0.9, 0.95]}",recorded_ood,20,0.3361787045280947,0.28564509597817844,0.12665190896437795,0.42743777784817405,1.0,0.2882425481983167,0.4813942258447927,0.24608353708711347,0.1709168841523994,0.09382519845135628,-0.02928920905362388,,
/home/ubuntu/cogitao-research/checkpoints/cogitao_vit_cross_attention/cogitao_c1_experiment_4_vit6_function_mlp_cross_attention/run_000/last.ckpt,35f91e02d5b826c89f6b24f52abf83581220b4b6676009c59b6715b0b2251589,dfec9cbb2afe6616194c1fb41430c0c5d2bc4208,4,test_ood,crop_contours,double_right,double_right -> crop_contours,"pair (f,g): fgx=f(g(x)); task-token order [g,f] means g -> f",61,61,61,image_block_05,42,78000,256,256,0.01,2,"{""fixed_ranks"": [1, 2, 4, 8, 16, 32], ""variance_thresholds"": [0.9, 0.95]}",recorded_ood,87,0.3715437021510967,0.32330504627646367,0.21521560522357025,0.3618064866531084,1.0,0.384627201213371,0.3601516620463354,0.2841291218307045,0.20628188177540144,0.16404312420914027,0.04092871670416011,,
/home/ubuntu/cogitao-research/checkpoints/cogitao_vit_cross_attention/cogitao_c1_experiment_4_vit6_function_mlp_cross_attention/run_000/last.ckpt,35f91e02d5b826c89f6b24f52abf83581220b4b6676009c59b6715b0b2251589,dfec9cbb2afe6616194c1fb41430c0c5d2bc4208,4,test_ood,crop_contours,double_right,double_right -> crop_contours,"pair (f,g): fgx=f(g(x)); task-token order [g,f] means g -> f",61,61,61,image_block_05,42,78000,256,256,0.01,2,"{""fixed_ranks"": [1, 2, 4, 8, 16, 32], ""variance_thresholds"": [0.9, 0.95]}",recorded_ood,43,0.280599340023045,0.25436985634673326,0.1407981344886175,0.3352369766455801,1.0,0.2399609009226564,0.4349540197258378,0.25858503621566437,0.1153375196473497,0.12092771715295712,-0.0021866903520230407,0.17371748716691657,
/home/ubuntu/cogitao-research/checkpoints/cogitao_vit_cross_attention/cogitao_c1_experiment_4_vit6_function_mlp_cross_attention/run_000/last.ckpt,35f91e02d5b826c89f6b24f52abf83581220b4b6676009c59b6715b0b2251589,dfec9cbb2afe6616194c1fb41430c0c5d2bc4208,4,test_ood,crop_contours,double_right,double_right -> crop_contours,"pair (f,g): fgx=f(g(x)); task-token order [g,f] means g -> f",61,61,61,image_block_05,42,78000,256,256,0.01,2,"{""fixed_ranks"": [1, 2, 4, 8, 16, 32], ""variance_thresholds"": [0.9, 0.95]}",recorded_ood,73,0.3257917731001139,0.35172075073685555,0.1410187685591402,0.4596234087070974,1.0,0.23062693666807496,0.523681478895693,0.32485087487468084,0.16052995272441864,0.11876464115237342,-0.00434976635260674,0.2748707179889393,
/home/ubuntu/cogitao-research/checkpoints/cogitao_vit_cross_attention/cogitao_c1_experiment_4_vit6_function_mlp_cross_attention/run_000/last.ckpt,35f91e02d5b826c89f6b24f52abf83581220b4b6676009c59b6715b0b2251589,dfec9cbb2afe6616194c1fb41430c0c5d2bc4208,4,test_ood,crop_contours,double_right,double_right -> crop_contours,"pair (f,g): fgx=f(g(x)); task-token order [g,f] means g -> f",61,61,61,image_block_05,42,78000,256,256,0.01,2,"{""fixed_ranks"": [1, 2, 4, 8, 16, 32], ""variance_thresholds"": [0.9, 0.95]}",recorded_ood,75,0.3815950979187672,0.3651770984954805,0.13680038981737974,0.4578134241319409,1.0,0.2964821659422731,0.5349025101042972,0.3081361117471146,0.21633327754307194,0.10480819852846762,-0.018306208976512542,0.2848570384228433,
/home/ubuntu/cogitao-research/checkpoints/cogitao_vit_cross_attention/cogitao_c1_experiment_4_vit6_function_mlp_cross_attention/run_000/last.ckpt,35f91e02d5b826c89f6b24f52abf83581220b4b6676009c59b6715b0b2251589,dfec9cbb2afe6616194c1fb41430c0c5d2bc4208,4,test_ood,crop_contours,double_right,double_right -> crop_contours,"pair (f,g): fgx=f(g(x)); task-token order [g,f] means g -> f",61,61,61,image_block_05,42,78000,256,256,0.01,2,"{""fixed_ranks"": [1, 2, 4, 8, 16, 32], ""variance_thresholds"": [0.9, 0.95]}",recorded_ood,23,0.27849741486914026,0.26305165762809796,0.14172939090631315,0.42648623912779704,1.0,0.31710999780028576,0.4903967121374232,0.29423064604014754,0.11323559449344497,0.11317128420765998,-0.00994312329732018,0.1767543275519805,
/home/ubuntu/cogitao-research/checkpoints/cogitao_vit_cross_attention/cogitao_c1_experiment_4_vit6_function_mlp_cross_attention/run_000/last.ckpt,35f91e02d5b826c89f6b24f52abf83581220b4b6676009c59b6715b0b2251589,dfec9cbb2afe6616194c1fb41430c0c5d2bc4208,4,test_ood,crop_contours,double_right,double_right -> crop_contours,"pair (f,g): fgx=f(g(x)); task-token order [g,f] means g -> f",61,61,61,image_block_05,42,78000,256,256,0.01,2,"{""fixed_ranks"": [1, 2, 4, 8, 16, 32], ""variance_thresholds"": [0.9, 0.95]}",recorded_ood,96,0.29203088699964835,0.2647781397643332,0.16276787647346452,0.4100109827078796,1.0,0.3854561668824579,0.43113237262260795,0.23821489685068561,0.12676906662395307,0.15291293521636337,0.029798527711383208,0.3707235580030901,
/home/ubuntu/cogitao-research/checkpoints/cogitao_vit_cross_attention/cogitao_c1_experiment_4_vit6_function_mlp_cross_attention/run_000/last.ckpt,35f91e02d5b826c89f6b24f52abf83581220b4b6676009c59b6715b0b2251589,dfec9cbb2afe6616194c1fb41430c0c5d2bc4208,4,test_ood,crop_contours,double_right,double_right -> crop_contours,"pair (f,g): fgx=f(g(x)); task-token order [g,f] means g -> f",61,61,61,image_block_05,42,78000,256,256,0.01,2,"{""fixed_ranks"": [1, 2, 4, 8, 16, 32], ""variance_thresholds"": [0.9, 0.95]}",recorded_ood,69,0.2647044761817303,0.31796207954232325,0.146829624620358,0.3763911417877327,1.0,0.41354729807123114,0.46867366072455785,0.22712365838834234,0.09944265580603504,0.1601600785282047,0.03704567102322455,0.202534043149674,
/home/ubuntu/cogitao-research/checkpoints/cogitao_vit_cross_attention/cogitao_c1_experiment_4_vit6_function_mlp_cross_attention/run_000/last.ckpt,35f91e02d5b826c89f6b24f52abf83581220b4b6676009c59b6715b0b2251589,dfec9cbb2afe6616194c1fb41430c0c5d2bc4208,4,test_ood,crop_contours,double_right,double_right -> crop_contours,"pair (f,g): fgx=f(g(x)); task-token order [g,f] means g -> f",61,61,61,image_block_05,42,78000,256,256,0.01,2,"{""fixed_ranks"": [1, 2, 4, 8, 16, 32], ""variance_thresholds"": [0.9, 0.95]}",recorded_ood,15,0.26733471094149547,0.2877398612255295,0.09762635597943334,0.45444372552433593,1.0,0.2517102466737136,0.496582554050134,0.2267751833683609,0.10207289056580018,0.09623821604154259,-0.026876191463437574,0.23949470755485588,
/home/ubuntu/cogitao-research/checkpoints/cogitao_vit_cross_attention/cogitao_c1_experiment_4_vit6_function_mlp_cross_attention/run_000/last.ckpt,35f91e02d5b826c89f6b24f52abf83581220b4b6676009c59b6715b0b2251589,dfec9cbb2afe6616194c1fb41430c0c5d2bc4208,4,test_ood,crop_contours,double_right,double_right -> crop_contours,"pair (f,g): fgx=f(g(x)); task-token order [g,f] means g -> f",61,61,61,image_block_05,42,78000,256,256,0.01,2,"{""fixed_ranks"": [1, 2, 4, 8, 16, 32], ""variance_thresholds"": [0.9, 0.95]}",recorded_ood,55,0.246090413796337,0.2529962556693375,0.1177549111328685,0.44689243228134956,1.0,0.32234330098273806,0.44803972096028705,0.1816208701269231,0.08082859342064172,0.09091105137328816,-0.03220335613169201,0.18020938658074614,
/home/ubuntu/cogitao-research/checkpoints/cogitao_vit_cross_attention/cogitao_c1_experiment_4_vit6_function_mlp_cross_attention/run_000/last.ckpt,35f91e02d5b826c89f6b24f52abf83581220b4b6676009c59b6715b0b2251589,dfec9cbb2afe6616194c1fb41430c0c5d2bc4208,4,test_ood,crop_contours,double_right,double_right -> crop_contours,"pair (f,g): fgx=f(g(x)); task-token order [g,f] means g -> f",61,61,61,image_block_05,42,78000,256,256,0.01,2,"{""fixed_ranks"": [1, 2, 4, 8, 16, 32], ""variance_thresholds"": [0.9, 0.95]}",recorded_ood,62,0.2597482880085134,0.25156597212574927,0.1537018756963217,0.36624634100393744,1.0,0.3666647399201065,0.42258346265220753,0.24225498448811703,0.09448646763281812,0.0928823183020633,-0.030232089202916868,0.23308511708612967,
/home/ubuntu/cogitao-research/checkpoints/cogitao_vit_cross_attention/cogitao_c1_experiment_4_vit6_function_mlp_cross_attention/run_000/last.ckpt,35f91e02d5b826c89f6b24f52abf83581220b4b6676009c59b6715b0b2251589,dfec9cbb2afe6616194c1fb41430c0c5d2bc4208,4,test_ood,crop_contours,double_right,double_right -> crop_contours,"pair (f,g): fgx=f(g(x)); task-token order [g,f] means g -> f",61,61,61,image_block_05,42,78000,256,256,0.01,2,"{""fixed_ranks"": [1, 2, 4, 8, 16, 32], ""variance_thresholds"": [0.9, 0.95]}",recorded_ood,31,0.21868449143061916,0.26043869267461756,0.16291065135736035,0.40817532354304853,1.0,0.36751278770039864,0.4006559412300601,0.20340899186607267,0.053422671054923876,0.1711810827754532,0.04806667527047305,0.17720537764106967,
/home/ubuntu/cogitao-research/checkpoints/cogitao_vit_cross_attention/cogitao_c1_experiment_4_vit6_function_mlp_cross_attention/run_000/last.ckpt,35f91e02d5b826c89f6b24f52abf83581220b4b6676009c59b6715b0b2251589,dfec9cbb2afe6616194c1fb41430c0c5d2bc4208,4,test_ood,crop_contours,double_right,double_right -> crop_contours,"pair (f,g): fgx=f(g(x)); task-token order [g,f] means g -> f",61,61,61,image_block_05,42,78000,256,256,0.01,2,"{""fixed_ranks"": [1, 2, 4, 8, 16, 32], ""variance_thresholds"": [0.9, 0.95]}",recorded_ood,72,0.23198530247865706,0.22265955511504462,0.2125627175245253,0.3670775358141379,1.0,0.2920124558094221,0.4332236829765129,0.29572145747963496,0.06672348210296178,0.11470935919519705,-0.008405048309783114,0.38851188445146717,
/home/ubuntu/cogitao-research/checkpoints/cogitao_vit_cross_attention/cogitao_c1_experiment_4_vit6_function_mlp_cross_attention/run_000/last.ckpt,35f91e02d5b826c89f6b24f52abf83581220b4b6676009c59b6715b0b2251589,dfec9cbb2afe6616194c1fb41430c0c5d2bc4208,4,test_ood,crop_contours,double_right,double_right -> crop_contours,"pair (f,g): fgx=f(g(x)); task-token order [g,f] means g -> f",61,61,61,image_block_05,42,78000,256,256,0.01,2,"{""fixed_ranks"": [1, 2, 4, 8, 16, 32], ""variance_thresholds"": [0.9, 0.95]}",recorded_ood,67,0.3260487310122006,0.3032051506342578,0.1502919158563326,0.41761138973517764,1.0,0.3149489670056929,0.4512138875372546,0.2502949063460614,0.16078691063650533,0.12043564078944077,-0.0026787667155393907,0.18629499423370172,
/home/ubuntu/cogitao-research/checkpoints/cogitao_vit_cross_attention/cogitao_c1_experiment_4_vit6_function_mlp_cross_attention/run_000/last.ckpt,35f91e02d5b826c89f6b24f52abf83581220b4b6676009c59b6715b0b2251589,dfec9cbb2afe6616194c1fb41430c0c5d2bc4208,4,test_ood,crop_contours,double_right,double_right -> crop_contours,"pair (f,g): fgx=f(g(x)); task-token order [g,f] means g -> f",61,61,61,image_block_05,42,78000,256,256,0.01,2,"{""fixed_ranks"": [1, 2, 4, 8, 16, 32], ""variance_thresholds"": [0.9, 0.95]}",recorded_ood,34,0.2845676379939548,0.2721711790411185,0.12400285799985482,0.4275640843594933,1.0,0.2529212851661847,0.4792271845329442,0.23618519682290395,0.11930581761825951,0.16029307086852942,0.03717866336354926,0.19405502947475667,
/home/ubuntu/cogitao-research/checkpoints/cogitao_vit_cross_attention/cogitao_c1_experiment_4_vit6_function_mlp_cross_attention/run_000/last.ckpt,35f91e02d5b826c89f6b24f52abf83581220b4b6676009c59b6715b0b2251589,dfec9cbb2afe6616194c1fb41430c0c5d2bc4208,4,test_ood,crop_contours,double_right,double_right -> crop_contours,"pair (f,g): fgx=f(g(x)); task-token order [g,f] means g -> f",61,61,61,image_block_05,42,78000,256,256,0.01,2,"{""fixed_ranks"": [1, 2, 4, 8, 16, 32], ""variance_thresholds"": [0.9, 0.95]}",recorded_ood,58,0.3019519668892097,0.28529732708714756,0.16347908860310295,0.4004162942488179,1.0,0.29516997776816856,0.4627062456356471,0.3258513034219894,0.13669014651351444,0.14636247438657093,0.02324806688159077,0.3073487918547407,
/home/ubuntu/cogitao-research/checkpoints/cogitao_vit_cross_attention/cogitao_c1_experiment_4_vit6_function_mlp_cross_attention/run_000/last.ckpt,35f91e02d5b826c89f6b24f52abf83581220b4b6676009c59b6715b0b2251589,dfec9cbb2afe6616194c1fb41430c0c5d2bc4208,4,test_ood,crop_contours,double_right,double_right -> crop_contours,"pair (f,g): fgx=f(g(x)); task-token order [g,f] means g -> f",61,61,61,image_block_05,42,78000,256,256,0.01,2,"{""fixed_ranks"": [1, 2, 4, 8, 16, 32], ""variance_thresholds"": [0.9, 0.95]}",recorded_ood,74,0.3008692650916998,0.2590563786202539,0.18465038344485263,0.33768655184641616,1.0,0.3624961770518269,0.33256786468915805,0.1555004561261731,0.13560744471600453,0.11618606806928455,-0.00692833943569561,0.25973670245523073,
/home/ubuntu/cogitao-research/checkpoints/cogitao_vit_cross_attention/cogitao_c1_experiment_4_vit6_function_mlp_cross_attention/run_000/last.ckpt,35f91e02d5b826c89f6b24f52abf83581220b4b6676009c59b6715b0b2251589,dfec9cbb2afe6616194c1fb41430c0c5d2bc4208,4,test_ood,crop_contours,double_right,double_right -> crop_contours,"pair (f,g): fgx=f(g(x)); task-token order [g,f] means g -> f",61,61,61,image_block_05,42,78000,256,256,0.01,2,"{""fixed_ranks"": [1, 2, 4, 8, 16, 32], ""variance_thresholds"": [0.9, 0.95]}",recorded_ood,54,0.24273426223591826,0.24579299212993808,0.157390090018121,0.42022746349779083,1.0,0.2572908004519596,0.4515637595434074,0.22599611860137944,0.07747244186022298,0.09813646091520674,-0.024977946589773425,0.20634387158113549,
/home/ubuntu/cogitao-research/checkpoints/cogitao_vit_cross_attention/cogitao_c1_experiment_4_vit6_function_mlp_cross_attention/run_000/last.ckpt,35f91e02d5b826c89f6b24f52abf83581220b4b6676009c59b6715b0b2251589,dfec9cbb2afe6616194c1fb41430c0c5d2bc4208,4,test_ood,crop_contours,double_right,double_right -> crop_contours,"pair (f,g): fgx=f(g(x)); task-token order [g,f] means g -> f",61,61,61,image_block_05,42,78000,256,256,0.01,2,"{""fixed_ranks"": [1, 2, 4, 8, 16, 32], ""variance_thresholds"": [0.9, 0.95]}",recorded_ood,49,0.2837355051761898,0.31916826257015496,0.13658980977694488,0.4477585910287728,1.0,0.41755756055096516,0.4462832202611213,0.19178190770411585,0.1184736848004945,0.10002229164482171,-0.023092115860158455,0.21836834437306712,
/home/ubuntu/cogitao-research/checkpoints/cogitao_vit_cross_attention/cogitao_c1_experiment_4_vit6_function_mlp_cross_attention/run_000/last.ckpt,35f91e02d5b826c89f6b24f52abf83581220b4b6676009c59b6715b0b2251589,dfec9cbb2afe6616194c1fb41430c0c5d2bc4208,4,test_ood,crop_contours,double_right,double_right -> crop_contours,"pair (f,g): fgx=f(g(x)); task-token order [g,f] means g -> f",61,61,61,image_block_05,42,78000,256,256,0.01,2,"{""fixed_ranks"": [1, 2, 4, 8, 16, 32], ""variance_thresholds"": [0.9, 0.95]}",recorded_ood,6,0.28934287995356367,0.28153397109789813,0.1578482342551959,0.4093514257337992,1.0,0.38949616534894543,0.39498836401748466,0.22442973939034197,0.12408105957786839,0.12473662013540152,0.0016222126304213519,0.22061164478884526,
/home/ubuntu/cogitao-research/checkpoints/cogitao_vit_cross_attention/cogitao_c1_experiment_4_vit6_function_mlp_cross_attention/run_000/last.ckpt,35f91e02d5b826c89f6b24f52abf83581220b4b6676009c59b6715b0b2251589,dfec9cbb2afe6616194c1fb41430c0c5d2bc4208,4,test_ood,crop_contours,double_right,double_right -> crop_contours,"pair (f,g): fgx=f(g(x)); task-token order [g,f] means g -> f",61,61,61,image_block_05,42,78000,256,256,0.01,2,"{""fixed_ranks"": [1, 2, 4, 8, 16, 32], ""variance_thresholds"": [0.9, 0.95]}",recorded_ood,90,0.3222610279648601,0.2998506626555562,0.1344916248976077,0.49488078667570334,1.0,0.3459302031245873,0.485029076810774,0.21351638557849906,0.15699920758916483,0.11824552180655194,-0.004868885698428221,0.1964292163000159,
/home/ubuntu/cogitao-research/checkpoints/cogitao_vit_cross_attention/cogitao_c1_experiment_4_vit6_function_mlp_cross_attention/run_000/last.ckpt,35f91e02d5b826c89f6b24f52abf83581220b4b6676009c59b6715b0b2251589,dfec9cbb2afe6616194c1fb41430c0c5d2bc4208,4,test_ood,crop_contours,double_right,double_right -> crop_contours,"pair (f,g): fgx=f(g(x)); task-token order [g,f] means g -> f",61,61,61,image_block_05,42,78000,256,256,0.01,2,"{""fixed_ranks"": [1, 2, 4, 8, 16, 32], ""variance_thresholds"": [0.9, 0.95]}",recorded_ood,11,0.1974889392881743,0.2318420974838022,0.17992489565601863,0.2976485611595541,1.0,0.38664232027589945,0.2769418377031097,0.16381313789053992,0.03222711891247901,0.18012699962268103,0.057012592117700864,0.2734361706399651,
/home/ubuntu/cogitao-research/checkpoints/cogitao_vit_cross_attention/cogitao_c1_experiment_4_vit6_function_mlp_cross_attention/run_000/last.ckpt,35f91e02d5b826c89f6b24f52abf83581220b4b6676009c59b6715b0b2251589,dfec9cbb2afe6616194c1fb41430c0c5d2bc4208,4,test_ood,crop_contours,double_right,double_right -> crop_contours,"pair (f,g): fgx=f(g(x)); task-token order [g,f] means g -> f",61,61,61,image_block_05,42,78000,256,256,0.01,2,"{""fixed_ranks"": [1, 2, 4, 8, 16, 32], ""variance_thresholds"": [0.9, 0.95]}",recorded_ood,85,0.2948977684864814,0.2802383756247124,0.17899961931295172,0.4583010950587894,1.0,0.24061176283989893,0.47110564755160383,0.282525408784481,0.12963594811078613,0.10290372790409369,-0.020210679600886475,0.22713493748543045,
/home/ubuntu/cogitao-research/checkpoints/cogitao_vit_cross_attention/cogitao_c1_experiment_4_vit6_function_mlp_cross_attention/run_000/last.ckpt,35f91e02d5b826c89f6b24f52abf83581220b4b6676009c59b6715b0b2251589,dfec9cbb2afe6616194c1fb41430c0c5d2bc4208,4,test_ood,crop_contours,double_right,double_right -> crop_contours,"pair (f,g): fgx=f(g(x)); task-token order [g,f] means g -> f",61,61,61,image_block_05,42,78000,256,256,0.01,2,"{""fixed_ranks"": [1, 2, 4, 8, 16, 32], ""variance_thresholds"": [0.9, 0.95]}",recorded_ood,22,0.2830552863233951,0.2574192030331612,0.13856057942720196,0.42586109141206674,1.0,0.340021315637449,0.42003016293901957,0.1811670185088467,0.11779346594769982,0.12285329203998484,-0.00026111546499532623,0.20987314295321963,
/home/ubuntu/cogitao-research/checkpoints/cogitao_vit_cross_attention/cogitao_c1_experiment_4_vit6_function_mlp_cross_attention/run_000/last.ckpt,35f91e02d5b826c89f6b24f52abf83581220b4b6676009c59b6715b0b2251589,dfec9cbb2afe6616194c1fb41430c0c5d2bc4208,4,test_ood,crop_contours,double_right,double_right -> crop_contours,"pair (f,g): fgx=f(g(x)); task-token order [g,f] means g -> f",61,61,61,image_block_05,42,78000,256,256,0.01,2,"{""fixed_ranks"": [1, 2, 4, 8, 16, 32], ""variance_thresholds"": [0.9, 0.95]}",recorded_ood,19,0.2863441486170527,0.31922783375311253,0.14254886274765077,0.4195623474897422,1.0,0.36003270112393615,0.39333518199449774,0.15748960731088202,0.12108232824135742,0.11973963730530547,-0.0033747701996746926,0.18865058552657848,
/home/ubuntu/cogitao-research/checkpoints/cogitao_vit_cross_attention/cogitao_c1_experiment_4_vit6_function_mlp_cross_attention/run_000/last.ckpt,35f91e02d5b826c89f6b24f52abf83581220b4b6676009c59b6715b0b2251589,dfec9cbb2afe6616194c1fb41430c0c5d2bc4208,4,test_ood,crop_contours,double_right,double_right -> crop_contours,"pair (f,g): fgx=f(g(x)); task-token order [g,f] means g -> f",61,61,61,image_block_05,42,78000,256,256,0.01,2,"{""fixed_ranks"": [1, 2, 4, 8, 16, 32], ""variance_thresholds"": [0.9, 0.95]}",recorded_ood,64,0.3221938371338875,0.3084101020621522,0.15932401464071866,0.3839104089959113,1.0,0.29017590448839947,0.40479923011642915,0.2220883462060295,0.1569320167581922,0.1067567962259051,-0.016357611279075063,0.1950731049275745,
/home/ubuntu/cogitao-research/checkpoints/cogitao_vit_cross_attention/cogitao_c1_experiment_4_vit6_function_mlp_cross_attention/run_000/last.ckpt,35f91e02d5b826c89f6b24f52abf83581220b4b6676009c59b6715b0b2251589,dfec9cbb2afe6616194c1fb41430c0c5d2bc4208,4,test_ood,crop_contours,double_right,double_right -> crop_contours,"pair (f,g): fgx=f(g(x)); task-token order [g,f] means g -> f",61,61,61,image_block_05,42,78000,256,256,0.01,2,"{""fixed_ranks"": [1, 2, 4, 8, 16, 32], ""variance_thresholds"": [0.9, 0.95]}",recorded_ood,47,0.17015804828447184,0.18930564354516233,0.16547770987420513,0.31734796585781716,1.0,0.32150677863870053,0.21916070520017927,0.1670781824081587,0.004896227908776557,0.18632170927359132,0.06320730176861115,0.25901125932510216,
/home/ubuntu/cogitao-research/checkpoints/cogitao_vit_cross_attention/cogitao_c1_experiment_4_vit6_function_mlp_cross_attention/run_000/last.ckpt,35f91e02d5b826c89f6b24f52abf83581220b4b6676009c59b6715b0b2251589,dfec9cbb2afe6616194c1fb41430c0c5d2bc4208,4,test_ood,crop_contours,double_right,double_right -> crop_contours,"pair (f,g): fgx=f(g(x)); task-token order [g,f] means g -> f",61,61,61,image_block_05,42,78000,256,256,0.01,2,"{""fixed_ranks"": [1, 2, 4, 8, 16, 32], ""variance_thresholds"": [0.9, 0.95]}",recorded_ood,12,0.3375457611681392,0.301408155830376,0.13410764533404876,0.45565652349935815,1.0,0.3010208209222268,0.5051875337339826,0.23011608309499051,0.17228394079244394,0.10815313476584174,-0.014961272739138429,0.20431323524222705,
/home/ubuntu/cogitao-research/checkpoints/cogitao_vit_cross_attention/cogitao_c1_experiment_4_vit6_function_mlp_cross_attention/run_000/last.ckpt,35f91e02d5b826c89f6b24f52abf83581220b4b6676009c59b6715b0b2251589,dfec9cbb2afe6616194c1fb41430c0c5d2bc4208,4,test_ood,crop_contours,double_right,double_right -> crop_contours,"pair (f,g): fgx=f(g(x)); task-token order [g,f] means g -> f",61,61,61,image_block_05,42,78000,256,256,0.01,2,"{""fixed_ranks"": [1, 2, 4, 8, 16, 32], ""variance_thresholds"": [0.9, 0.95]}",recorded_ood,14,0.31266291323300516,0.3153417080932859,0.14980127246575775,0.45290487497010395,1.0,0.23753951901532075,0.46061708754613084,0.24951502847344986,0.14740109285730987,0.08742797785692234,-0.03568642964805782,0.19620264699967976,
/home/ubuntu/cogitao-research/checkpoints/cogitao_vit_cross_attention/cogitao_c1_experiment_4_vit6_function_mlp_cross_attention/run_000/last.ckpt,35f91e02d5b826c89f6b24f52abf83581220b4b6676009c59b6715b0b2251589,dfec9cbb2afe6616194c1fb41430c0c5d2bc4208,4,test_ood,crop_contours,double_right,double_right -> crop_contours,"pair (f,g): fgx=f(g(x)); task-token order [g,f] means g -> f",61,61,61,image_block_05,42,78000,256,256,0.01,2,"{""fixed_ranks"": [1, 2, 4, 8, 16, 32], ""variance_thresholds"": [0.9, 0.95]}",recorded_ood,66,0.2516379254259209,0.23715475947729892,0.10791478192865776,0.3763274754510697,1.0,0.31231008737599036,0.4205385541682199,0.17914264299056812,0.08637610505022561,0.15101620346946634,0.02790179596448618,0.1961300956803203,
/home/ubuntu/cogitao-research/checkpoints/cogitao_vit_cross_attention/cogitao_c1_experiment_4_vit6_function_mlp_cross_attention/run_000/last.ckpt,35f91e02d5b826c89f6b24f52abf83581220b4b6676009c59b6715b0b2251589,dfec9cbb2afe6616194c1fb41430c0c5d2bc4208,4,test_ood,crop_contours,double_right,double_right -> crop_contours,"pair (f,g): fgx=f(g(x)); task-token order [g,f] means g -> f",61,61,61,image_block_05,42,78000,256,256,0.01,2,"{""fixed_ranks"": [1, 2, 4, 8, 16, 32], ""variance_thresholds"": [0.9, 0.95]}",recorded_ood,36,0.2530077651163068,0.2789730127302462,0.13985173620682897,0.42455986694834763,1.0,0.3091039852106566,0.4502511626771135,0.29691803673767686,0.08774594474061151,0.10609449242322652,-0.017019915081753642,0.22930966419225476,
/home/ubuntu/cogitao-research/checkpoints/cogitao_vit_cross_attention/cogitao_c1_experiment_4_vit6_function_mlp_cross_attention/run_000/last.ckpt,35f91e02d5b826c89f6b24f52abf83581220b4b6676009c59b6715b0b2251589,dfec9cbb2afe6616194c1fb41430c0c5d2bc4208,4,test_ood,crop_contours,double_right,double_right -> crop_contours,"pair (f,g): fgx=f(g(x)); task-token order [g,f] means g -> f",61,61,61,image_block_05,42,78000,256,256,0.01,2,"{""fixed_ranks"": [1, 2, 4, 8, 16, 32], ""variance_thresholds"": [0.9, 0.95]}",recorded_ood,65,0.2399366568550348,0.27781103475190816,0.14292009792348426,0.48249437885442975,1.0,0.34383440284364597,0.5220253595599466,0.30952342450828635,0.07467483647933951,0.10707670875676409,-0.016037698748216075,0.2421022806900773,
/home/ubuntu/cogitao-research/checkpoints/cogitao_vit_cross_attention/cogitao_c1_experiment_4_vit6_function_mlp_cross_attention/run_000/last.ckpt,35f91e02d5b826c89f6b24f52abf83581220b4b6676009c59b6715b0b2251589,dfec9cbb2afe6616194c1fb41430c0c5d2bc4208,4,test_ood,crop_contours,double_right,double_right -> crop_contours,"pair (f,g): fgx=f(g(x)); task-token order [g,f] means g -> f",61,61,61,image_block_05,42,78000,256,256,0.01,2,"{""fixed_ranks"": [1, 2, 4, 8, 16, 32], ""variance_thresholds"": [0.9, 0.95]}",recorded_ood,8,0.30297875899695137,0.28409020228054416,0.1289687172531524,0.39312356982677055,1.0,0.321060694372965,0.5024560898469244,0.21620615362734383,0.13771693862125609,0.14547368275321396,0.022359275248233793,0.22085391920879605,
/home/ubuntu/cogitao-research/checkpoints/cogitao_vit_cross_attention/cogitao_c1_experiment_4_vit6_function_mlp_cross_attention/run_000/last.ckpt,35f91e02d5b826c89f6b24f52abf83581220b4b6676009c59b6715b0b2251589,dfec9cbb2afe6616194c1fb41430c0c5d2bc4208,4,test_ood,crop_contours,double_right,double_right -> crop_contours,"pair (f,g): fgx=f(g(x)); task-token order [g,f] means g -> f",61,61,61,image_block_06,42,78000,256,256,0.01,2,"{""fixed_ranks"": [1, 2, 4, 8, 16, 32], ""variance_thresholds"": [0.9, 0.95]}",recorded_ood,56,0.3003507242404653,0.306009359173436,0.1521717276738007,0.3964937718091853,1.0,0.2703195201357402,0.47421782098969295,0.31870558794197007,0.12971174917640685,0.1021315180349952,-0.03981357095751947,,
/home/ubuntu/cogitao-research/checkpoints/cogitao_vit_cross_attention/cogitao_c1_experiment_4_vit6_function_mlp_cross_attention/run_000/last.ckpt,35f91e02d5b826c89f6b24f52abf83581220b4b6676009c59b6715b0b2251589,dfec9cbb2afe6616194c1fb41430c0c5d2bc4208,4,test_ood,crop_contours,double_right,double_right -> crop_contours,"pair (f,g): fgx=f(g(x)); task-token order [g,f] means g -> f",61,61,61,image_block_06,42,78000,256,256,0.01,2,"{""fixed_ranks"": [1, 2, 4, 8, 16, 32], ""variance_thresholds"": [0.9, 0.95]}",recorded_ood,42,0.262833975301817,0.2772518836994213,0.13806939811599306,0.44135234845771754,1.0,0.32478827506191077,0.4314710476246843,0.22163951737661056,0.09219500023775853,0.13393359178933756,-0.00801149720317712,,
/home/ubuntu/cogitao-research/checkpoints/cogitao_vit_cross_attention/cogitao_c1_experiment_4_vit6_function_mlp_cross_attention/run_000/last.ckpt,35f91e02d5b826c89f6b24f52abf83581220b4b6676009c59b6715b0b2251589,dfec9cbb2afe6616194c1fb41430c0c5d2bc4208,4,test_ood,crop_contours,double_right,double_right -> crop_contours,"pair (f,g): fgx=f(g(x)); task-token order [g,f] means g -> f",61,61,61,image_block_06,42,78000,256,256,0.01,2,"{""fixed_ranks"": [1, 2, 4, 8, 16, 32], ""variance_thresholds"": [0.9, 0.95]}",recorded_ood,50,0.2688209992839364,0.2579809825309267,0.14888859948746333,0.33773360010738357,1.0,0.25603045736618757,0.33957494516275927,0.19792692443800775,0.0981820242198779,0.15821085909590465,0.016265770103389976,,
/home/ubuntu/cogitao-research/checkpoints/cogitao_vit_cross_attention/cogitao_c1_experiment_4_vit6_function_mlp_cross_attention/run_000/last.ckpt,35f91e02d5b826c89f6b24f52abf83581220b4b6676009c59b6715b0b2251589,dfec9cbb2afe6616194c1fb41430c0c5d2bc4208,4,test_ood,crop_contours,double_right,double_right -> crop_contours,"pair (f,g): fgx=f(g(x)); task-token order [g,f] means g -> f",61,61,61,image_block_06,42,78000,256,256,0.01,2,"{""fixed_ranks"": [1, 2, 4, 8, 16, 32], ""variance_thresholds"": [0.9, 0.95]}",recorded_ood,27,0.323513691336023,0.276839278770875,0.18429974603799829,0.3549218956852197,1.0,0.34089638999259714,0.35463178165364795,0.2589520169219415,0.1528747162719645,0.13921221597286274,-0.0027328730196519435,,
/home/ubuntu/cogitao-research/checkpoints/cogitao_vit_cross_attention/cogitao_c1_experiment_4_vit6_function_mlp_cross_attention/run_000/last.ckpt,35f91e02d5b826c89f6b24f52abf83581220b4b6676009c59b6715b0b2251589,dfec9cbb2afe6616194c1fb41430c0c5d2bc4208,4,test_ood,crop_contours,double_right,double_right -> crop_contours,"pair (f,g): fgx=f(g(x)); task-token order [g,f] means g -> f",61,61,61,image_block_06,42,78000,256,256,0.01,2,"{""fixed_ranks"": [1, 2, 4, 8, 16, 32], ""variance_thresholds"": [0.9, 0.95]}",recorded_ood,92,0.3620946504703811,0.36668024155042883,0.1320969719336613,0.5601539111416642,1.0,0.30800531128375597,0.5874126189125819,0.3485372270588158,0.1914556754063226,0.09059359105882127,-0.05135149793369341,,
/home/ubuntu/cogitao-research/checkpoints/cogitao_vit_cross_attention/cogitao_c1_experiment_4_vit6_function_mlp_cross_attention/run_000/last.ckpt,35f91e02d5b826c89f6b24f52abf83581220b4b6676009c59b6715b0b2251589,dfec9cbb2afe6616194c1fb41430c0c5d2bc4208,4,test_ood,crop_contours,double_right,double_right -> crop_contours,"pair (f,g): fgx=f(g(x)); task-token order [g,f] means g -> f",61,61,61,image_block_06,42,78000,256,256,0.01,2,"{""fixed_ranks"": [1, 2, 4, 8, 16, 32], ""variance_thresholds"": [0.9, 0.95]}",recorded_ood,71,0.3234919558152874,0.29842121674360894,0.16281777350732687,0.47813447465301684,1.0,0.3039827670603699,0.5093946013819742,0.27621979500882626,0.1528529807512289,0.10037577648678443,-0.041569312505730246,,
/home/ubuntu/cogitao-research/checkpoints/cogitao_vit_cross_attention/cogitao_c1_experiment_4_vit6_function_mlp_cross_attention/run_000/last.ckpt,35f91e02d5b826c89f6b24f52abf83581220b4b6676009c59b6715b0b2251589,dfec9cbb2afe6616194c1fb41430c0c5d2bc4208,4,test_ood,crop_contours,double_right,double_right -> crop_contours,"pair (f,g): fgx=f(g(x)); task-token order [g,f] means g -> f",61,61,61,image_block_06,42,78000,256,256,0.01,2,"{""fixed_ranks"": [1, 2, 4, 8, 16, 32], ""variance_thresholds"": [0.9, 0.95]}",recorded_ood,25,0.25147732741814294,0.2642141785638059,0.11946496699719637,0.3656237739467844,1.0,0.3734146928059828,0.3953022121720613,0.21617299907234477,0.08083835235408446,0.13579297787319358,-0.0061521111193210964,,
/home/ubuntu/cogitao-research/checkpoints/cogitao_vit_cross_attention/cogitao_c1_experiment_4_vit6_function_mlp_cross_attention/run_000/last.ckpt,35f91e02d5b826c89f6b24f52abf83581220b4b6676009c59b6715b0b2251589,dfec9cbb2afe6616194c1fb41430c0c5d2bc4208,4,test_ood,crop_contours,double_right,double_right -> crop_contours,"pair (f,g): fgx=f(g(x)); task-token order [g,f] means g -> f",61,61,61,image_block_06,42,78000,256,256,0.01,2,"{""fixed_ranks"": [1, 2, 4, 8, 16, 32], ""variance_thresholds"": [0.9, 0.95]}",recorded_ood,52,0.2885480502662063,0.2916583053485193,0.14850157261218605,0.4337939876356755,1.0,0.3063303688900122,0.44833404171454994,0.23752808275678516,0.1179090752021478,0.16649709368251514,0.024552004690000462,,
/home/ubuntu/cogitao-research/checkpoints/cogitao_vit_cross_attention/cogitao_c1_experiment_4_vit6_function_mlp_cross_attention/run_000/last.ckpt,35f91e02d5b826c89f6b24f52abf83581220b4b6676009c59b6715b0b2251589,dfec9cbb2afe6616194c1fb41430c0c5d2bc4208,4,test_ood,crop_contours,double_right,double_right -> crop_contours,"pair (f,g): fgx=f(g(x)); task-token order [g,f] means g -> f",61,61,61,image_block_06,42,78000,256,256,0.01,2,"{""fixed_ranks"": [1, 2, 4, 8, 16, 32], ""variance_thresholds"": [0.9, 0.95]}",recorded_ood,81,0.3079097775878193,0.27709563993529507,0.11466258668230617,0.42011681931176786,1.0,0.31628645164238023,0.43318142204590254,0.18777493860198952,0.1372708025237608,0.1411693325255202,-0.0007757564669944872,,
/home/ubuntu/cogitao-research/checkpoints/cogitao_vit_cross_attention/cogitao_c1_experiment_4_vit6_function_mlp_cross_attention/run_000/last.ckpt,35f91e02d5b826c89f6b24f52abf83581220b4b6676009c59b6715b0b2251589,dfec9cbb2afe6616194c1fb41430c0c5d2bc4208,4,test_ood,crop_contours,double_right,double_right -> crop_contours,"pair (f,g): fgx=f(g(x)); task-token order [g,f] means g -> f",61,61,61,image_block_06,42,78000,256,256,0.01,2,"{""fixed_ranks"": [1, 2, 4, 8, 16, 32], ""variance_thresholds"": [0.9, 0.95]}",recorded_ood,51,0.2395644977585918,0.24158938781949235,0.12419836754630945,0.37882290622475207,1.0,0.2581458991554803,0.4326267910243574,0.22528292158821814,0.06892552269453331,0.1479812248419727,0.00603613584945803,,
/home/ubuntu/cogitao-research/checkpoints/cogitao_vit_cross_attention/cogitao_c1_experiment_4_vit6_function_mlp_cross_attention/run_000/last.ckpt,35f91e02d5b826c89f6b24f52abf83581220b4b6676009c59b6715b0b2251589,dfec9cbb2afe6616194c1fb41430c0c5d2bc4208,4,test_ood,crop_contours,double_right,double_right -> crop_contours,"pair (f,g): fgx=f(g(x)); task-token order [g,f] means g -> f",61,61,61,image_block_06,42,78000,256,256,0.01,2,"{""fixed_ranks"": [1, 2, 4, 8, 16, 32], ""variance_thresholds"": [0.9, 0.95]}",recorded_ood,37,0.2916105438960916,0.28152501345269343,0.22674616584966273,0.35918996029605277,1.0,0.30408871827489753,0.3467015884853541,0.23479248984807327,0.12097156883203311,0.2093933139931024,0.06744822500058772,,
/home/ubuntu/cogitao-research/checkpoints/cogitao_vit_cross_attention/cogitao_c1_experiment_4_vit6_function_mlp_cross_attention/run_000/last.ckpt,35f91e02d5b826c89f6b24f52abf83581220b4b6676009c59b6715b0b2251589,dfec9cbb2afe6616194c1fb41430c0c5d2bc4208,4,test_ood,crop_contours,double_right,double_right -> crop_contours,"pair (f,g): fgx=f(g(x)); task-token order [g,f] means g -> f",61,61,61,image_block_06,42,78000,256,256,0.01,2,"{""fixed_ranks"": [1, 2, 4, 8, 16, 32], ""variance_thresholds"": [0.9, 0.95]}",recorded_ood,7,0.2046664970076465,0.19931192863167835,0.14304863498781173,0.33764771519889597,1.0,0.34671736887530263,0.38071926724266414,0.2016863423100656,0.03402752194358802,0.1455189312033525,0.003573842210837813,,
/home/ubuntu/cogitao-research/checkpoints/cogitao_vit_cross_attention/cogitao_c1_experiment_4_vit6_function_mlp_cross_attention/run_000/last.ckpt,35f91e02d5b826c89f6b24f52abf83581220b4b6676009c59b6715b0b2251589,dfec9cbb2afe6616194c1fb41430c0c5d2bc4208,4,test_ood,crop_contours,double_right,double_right -> crop_contours,"pair (f,g): fgx=f(g(x)); task-token order [g,f] means g -> f",61,61,61,image_block_06,42,78000,256,256,0.01,2,"{""fixed_ranks"": [1, 2, 4, 8, 16, 32], ""variance_thresholds"": [0.9, 0.95]}",recorded_ood,57,0.3459090560180149,0.35752503850744877,0.15170381398507846,0.551377371713148,1.0,0.32736993521888774,0.5477671987683318,0.3370852289737529,0.17527008095395644,0.13518924390501585,-0.006755845087498824,,
/home/ubuntu/cogitao-research/checkpoints/cogitao_vit_cross_attention/cogitao_c1_experiment_4_vit6_function_mlp_cross_attention/run_000/last.ckpt,35f91e02d5b826c89f6b24f52abf83581220b4b6676009c59b6715b0b2251589,dfec9cbb2afe6616194c1fb41430c0c5d2bc4208,4,test_ood,crop_contours,double_right,double_right -> crop_contours,"pair (f,g): fgx=f(g(x)); task-token order [g,f] means g -> f",61,61,61,image_block_06,42,78000,256,256,0.01,2,"{""fixed_ranks"": [1, 2, 4, 8, 16, 32], ""variance_thresholds"": [0.9, 0.95]}",recorded_ood,79,0.31133339492195944,0.32202967653009446,0.14430595193645812,0.3871343122649994,1.0,0.22583457894928297,0.4434516066908211,0.23669867271776382,0.14069441985790096,0.12020982660111526,-0.021735262391399418,,
/home/ubuntu/cogitao-research/checkpoints/cogitao_vit_cross_attention/cogitao_c1_experiment_4_vit6_function_mlp_cross_attention/run_000/last.ckpt,35f91e02d5b826c89f6b24f52abf83581220b4b6676009c59b6715b0b2251589,dfec9cbb2afe6616194c1fb41430c0c5d2bc4208,4,test_ood,crop_contours,double_right,double_right -> crop_contours,"pair (f,g): fgx=f(g(x)); task-token order [g,f] means g -> f",61,61,61,image_block_06,42,78000,256,256,0.01,2,"{""fixed_ranks"": [1, 2, 4, 8, 16, 32], ""variance_thresholds"": [0.9, 0.95]}",recorded_ood,26,0.28799945449193387,0.28189831814868777,0.15271548935448503,0.27916459751020317,1.0,0.30769118458865735,0.4067433589714155,0.19560033294416343,0.11736047942787539,0.20802234004966227,0.0660772510571476,,
/home/ubuntu/cogitao-research/checkpoints/cogitao_vit_cross_attention/cogitao_c1_experiment_4_vit6_function_mlp_cross_attention/run_000/last.ckpt,35f91e02d5b826c89f6b24f52abf83581220b4b6676009c59b6715b0b2251589,dfec9cbb2afe6616194c1fb41430c0c5d2bc4208,4,test_ood,crop_contours,double_right,double_right -> crop_contours,"pair (f,g): fgx=f(g(x)); task-token order [g,f] means g -> f",61,61,61,image_block_06,42,78000,256,256,0.01,2,"{""fixed_ranks"": [1, 2, 4, 8, 16, 32], ""variance_thresholds"": [0.9, 0.95]}",recorded_ood,78,0.297235225952419,0.27579583875990477,0.1289302820450272,0.4014411985665181,1.0,0.35877514824988055,0.4231012203580483,0.21167690244101062,0.12659625088836055,0.1255863026426118,-0.01635878634990287,,
/home/ubuntu/cogitao-research/checkpoints/cogitao_vit_cross_attention/cogitao_c1_experiment_4_vit6_function_mlp_cross_attention/run_000/last.ckpt,35f91e02d5b826c89f6b24f52abf83581220b4b6676009c59b6715b0b2251589,dfec9cbb2afe6616194c1fb41430c0c5d2bc4208,4,test_ood,crop_contours,double_right,double_right -> crop_contours,"pair (f,g): fgx=f(g(x)); task-token order [g,f] means g -> f",61,61,61,image_block_06,42,78000,256,256,0.01,2,"{""fixed_ranks"": [1, 2, 4, 8, 16, 32], ""variance_thresholds"": [0.9, 0.95]}",recorded_ood,86,0.25570179857551234,0.2523344512088427,0.14093475730633845,0.33630196641419147,1.0,0.27233242658470785,0.34008081507058374,0.15857346665560404,0.08506282351145386,0.1401693921357128,-0.0017756968568018727,,
/home/ubuntu/cogitao-research/checkpoints/cogitao_vit_cross_attention/cogitao_c1_experiment_4_vit6_function_mlp_cross_attention/run_000/last.ckpt,35f91e02d5b826c89f6b24f52abf83581220b4b6676009c59b6715b0b2251589,dfec9cbb2afe6616194c1fb41430c0c5d2bc4208,4,test_ood,crop_contours,double_right,double_right -> crop_contours,"pair (f,g): fgx=f(g(x)); task-token order [g,f] means g -> f",61,61,61,image_block_06,42,78000,256,256,0.01,2,"{""fixed_ranks"": [1, 2, 4, 8, 16, 32], ""variance_thresholds"": [0.9, 0.95]}",recorded_ood,29,0.23076304879936707,0.22581892539948026,0.1298013899420884,0.37368556036324635,1.0,0.33074358765152395,0.32800928297748627,0.15814240060384996,0.06012407373530859,0.14701544712920062,0.005070358136685937,,
/home/ubuntu/cogitao-research/checkpoints/cogitao_vit_cross_attention/cogitao_c1_experiment_4_vit6_function_mlp_cross_attention/run_000/last.ckpt,35f91e02d5b826c89f6b24f52abf83581220b4b6676009c59b6715b0b2251589,dfec9cbb2afe6616194c1fb41430c0c5d2bc4208,4,test_ood,crop_contours,double_right,double_right -> crop_contours,"pair (f,g): fgx=f(g(x)); task-token order [g,f] means g -> f",61,61,61,image_block_06,42,78000,256,256,0.01,2,"{""fixed_ranks"": [1, 2, 4, 8, 16, 32], ""variance_thresholds"": [0.9, 0.95]}",recorded_ood,17,0.36833672439045756,0.3507267024753315,0.11530358216123113,0.49114510963293806,1.0,0.3104165205584957,0.5525889114229152,0.2959598162982035,0.19769774932639908,0.12823170040813747,-0.013713388584377206,,
/home/ubuntu/cogitao-research/checkpoints/cogitao_vit_cross_attention/cogitao_c1_experiment_4_vit6_function_mlp_cross_attention/run_000/last.ckpt,35f91e02d5b826c89f6b24f52abf83581220b4b6676009c59b6715b0b2251589,dfec9cbb2afe6616194c1fb41430c0c5d2bc4208,4,test_ood,crop_contours,double_right,double_right -> crop_contours,"pair (f,g): fgx=f(g(x)); task-token order [g,f] means g -> f",61,61,61,image_block_06,42,78000,256,256,0.01,2,"{""fixed_ranks"": [1, 2, 4, 8, 16, 32], ""variance_thresholds"": [0.9, 0.95]}",recorded_ood,39,0.3763976371939308,0.37392050752680994,0.16760557257778935,0.42975422746388237,1.0,0.36810494869657645,0.4129980586642543,0.23708818110541632,0.20575866212987234,0.1524417601966753,0.010496671204160618,,
/home/ubuntu/cogitao-research/checkpoints/cogitao_vit_cross_attention/cogitao_c1_experiment_4_vit6_function_mlp_cross_attention/run_000/last.ckpt,35f91e02d5b826c89f6b24f52abf83581220b4b6676009c59b6715b0b2251589,dfec9cbb2afe6616194c1fb41430c0c5d2bc4208,4,test_ood,crop_contours,double_right,double_right -> crop_contours,"pair (f,g): fgx=f(g(x)); task-token order [g,f] means g -> f",61,61,61,image_block_06,42,78000,256,256,0.01,2,"{""fixed_ranks"": [1, 2, 4, 8, 16, 32], ""variance_thresholds"": [0.9, 0.95]}",recorded_ood,91,0.37709658367882126,0.32511662107187395,0.19572794044267658,0.44789660234392986,1.0,0.33029793606161584,0.43720318960084015,0.27955382224050956,0.20645760861476278,0.15791900065968054,0.015973911667165858,,
/home/ubuntu/cogitao-research/checkpoints/cogitao_vit_cross_attention/cogitao_c1_experiment_4_vit6_function_mlp_cross_attention/run_000/last.ckpt,35f91e02d5b826c89f6b24f52abf83581220b4b6676009c59b6715b0b2251589,dfec9cbb2afe6616194c1fb41430c0c5d2bc4208,4,test_ood,crop_contours,double_right,double_right -> crop_contours,"pair (f,g): fgx=f(g(x)); task-token order [g,f] means g -> f",61,61,61,image_block_06,42,78000,256,256,0.01,2,"{""fixed_ranks"": [1, 2, 4, 8, 16, 32], ""variance_thresholds"": [0.9, 0.95]}",recorded_ood,40,0.34917249786561577,0.33030469711782595,0.10490443886280836,0.4937947453000035,1.0,0.273750264330339,0.5259878623138743,0.22573212629604683,0.1785335228015573,0.17235198557204098,0.030406896579526305,,
/home/ubuntu/cogitao-research/checkpoints/cogitao_vit_cross_attention/cogitao_c1_experiment_4_vit6_function_mlp_cross_attention/run_000/last.ckpt,35f91e02d5b826c89f6b24f52abf83581220b4b6676009c59b6715b0b2251589,dfec9cbb2afe6616194c1fb41430c0c5d2bc4208,4,test_ood,crop_contours,double_right,double_right -> crop_contours,"pair (f,g): fgx=f(g(x)); task-token order [g,f] means g -> f",61,61,61,image_block_06,42,78000,256,256,0.01,2,"{""fixed_ranks"": [1, 2, 4, 8, 16, 32], ""variance_thresholds"": [0.9, 0.95]}",recorded_ood,95,0.3285948935449426,0.34052751115495533,0.10296121191245294,0.38228753122847986,1.0,0.33931737393703554,0.4828243464096832,0.2475111528420273,0.1579559184808841,0.114797584146086,-0.02714750484642868,,
/home/ubuntu/cogitao-research/checkpoints/cogitao_vit_cross_attention/cogitao_c1_experiment_4_vit6_function_mlp_cross_attention/run_000/last.ckpt,35f91e02d5b826c89f6b24f52abf83581220b4b6676009c59b6715b0b2251589,dfec9cbb2afe6616194c1fb41430c0c5d2bc4208,4,test_ood,crop_contours,double_right,double_right -> crop_contours,"pair (f,g): fgx=f(g(x)); task-token order [g,f] means g -> f",61,61,61,image_block_06,42,78000,256,256,0.01,2,"{""fixed_ranks"": [1, 2, 4, 8, 16, 32], ""variance_thresholds"": [0.9, 0.95]}",recorded_ood,84,0.31495517103230397,0.2837040737579327,0.1556077125153119,0.41743900660762623,1.0,0.30009246563976344,0.4424722594813244,0.2057517912946067,0.1443161959682455,0.16400297056591545,0.022057881573400773,,
/home/ubuntu/cogitao-research/checkpoints/cogitao_vit_cross_attention/cogitao_c1_experiment_4_vit6_function_mlp_cross_attention/run_000/last.ckpt,35f91e02d5b826c89f6b24f52abf83581220b4b6676009c59b6715b0b2251589,dfec9cbb2afe6616194c1fb41430c0c5d2bc4208,4,test_ood,crop_contours,double_right,double_right -> crop_contours,"pair (f,g): fgx=f(g(x)); task-token order [g,f] means g -> f",61,61,61,image_block_06,42,78000,256,256,0.01,2,"{""fixed_ranks"": [1, 2, 4, 8, 16, 32], ""variance_thresholds"": [0.9, 0.95]}",recorded_ood,63,0.38674053277805454,0.3559580474067276,0.14668718987109639,0.4479569619663736,1.0,0.47026796709052804,0.4903276669765317,0.2322668348631424,0.21610155771399606,0.09366588727742421,-0.04827920171509047,,
/home/ubuntu/cogitao-research/checkpoints/cogitao_vit_cross_attention/cogitao_c1_experiment_4_vit6_function_mlp_cross_attention/run_000/last.ckpt,35f91e02d5b826c89f6b24f52abf83581220b4b6676009c59b6715b0b2251589,dfec9cbb2afe6616194c1fb41430c0c5d2bc4208,4,test_ood,crop_contours,double_right,double_right -> crop_contours,"pair (f,g): fgx=f(g(x)); task-token order [g,f] means g -> f",61,61,61,image_block_06,42,78000,256,256,0.01,2,"{""fixed_ranks"": [1, 2, 4, 8, 16, 32], ""variance_thresholds"": [0.9, 0.95]}",recorded_ood,3,0.298821273389391,0.273914011139284,0.11486000454030573,0.4459035755801632,1.0,0.2663050625824144,0.46984812497930495,0.24474914877272497,0.12818229832533254,0.12500733638383876,-0.016937752608675916,,
/home/ubuntu/cogitao-research/checkpoints/cogitao_vit_cross_attention/cogitao_c1_experiment_4_vit6_function_mlp_cross_attention/run_000/last.ckpt,35f91e02d5b826c89f6b24f52abf83581220b4b6676009c59b6715b0b2251589,dfec9cbb2afe6616194c1fb41430c0c5d2bc4208,4,test_ood,crop_contours,double_right,double_right -> crop_contours,"pair (f,g): fgx=f(g(x)); task-token order [g,f] means g -> f",61,61,61,image_block_06,42,78000,256,256,0.01,2,"{""fixed_ranks"": [1, 2, 4, 8, 16, 32], ""variance_thresholds"": [0.9, 0.95]}",recorded_ood,83,0.44614383671136165,0.46170980077369783,0.1489677952882133,0.5384971211044085,1.0,0.38925211243538543,0.6114633869862498,0.3654944735863128,0.27550486164730315,0.1481346819027444,0.006189592910229719,,
/home/ubuntu/cogitao-research/checkpoints/cogitao_vit_cross_attention/cogitao_c1_experiment_4_vit6_function_mlp_cross_attention/run_000/last.ckpt,35f91e02d5b826c89f6b24f52abf83581220b4b6676009c59b6715b0b2251589,dfec9cbb2afe6616194c1fb41430c0c5d2bc4208,4,test_ood,crop_contours,double_right,double_right -> crop_contours,"pair (f,g): fgx=f(g(x)); task-token order [g,f] means g -> f",61,61,61,image_block_06,42,78000,256,256,0.01,2,"{""fixed_ranks"": [1, 2, 4, 8, 16, 32], ""variance_thresholds"": [0.9, 0.95]}",recorded_ood,93,0.3741526794728293,0.37183672908227006,0.201066874383372,0.5041340664597727,1.0,0.37012975522048625,0.4982200299529084,0.28558161733038073,0.20351370440877084,0.08746955257915542,-0.054475536413359255,,
/home/ubuntu/cogitao-research/checkpoints/cogitao_vit_cross_attention/cogitao_c1_experiment_4_vit6_function_mlp_cross_attention/run_000/last.ckpt,35f91e02d5b826c89f6b24f52abf83581220b4b6676009c59b6715b0b2251589,dfec9cbb2afe6616194c1fb41430c0c5d2bc4208,4,test_ood,crop_contours,double_right,double_right -> crop_contours,"pair (f,g): fgx=f(g(x)); task-token order [g,f] means g -> f",61,61,61,image_block_06,42,78000,256,256,0.01,2,"{""fixed_ranks"": [1, 2, 4, 8, 16, 32], ""variance_thresholds"": [0.9, 0.95]}",recorded_ood,20,0.34186753891558314,0.31174685759152326,0.12645943222517192,0.43634026015779753,1.0,0.33256778132162795,0.47198041649272415,0.252073246103477,0.17122856385152466,0.11416710632125922,-0.02777798267125546,,
/home/ubuntu/cogitao-research/checkpoints/cogitao_vit_cross_attention/cogitao_c1_experiment_4_vit6_function_mlp_cross_attention/run_000/last.ckpt,35f91e02d5b826c89f6b24f52abf83581220b4b6676009c59b6715b0b2251589,dfec9cbb2afe6616194c1fb41430c0c5d2bc4208,4,test_ood,crop_contours,double_right,double_right -> crop_contours,"pair (f,g): fgx=f(g(x)); task-token order [g,f] means g -> f",61,61,61,image_block_06,42,78000,256,256,0.01,2,"{""fixed_ranks"": [1, 2, 4, 8, 16, 32], ""variance_thresholds"": [0.9, 0.95]}",recorded_ood,87,0.33989291401201455,0.32064649496613284,0.1950458082716128,0.3696629522007064,1.0,0.41235557876643986,0.34699435194175665,0.23871493768388696,0.16925393894795607,0.16687198557552516,0.024926896583010477,,
/home/ubuntu/cogitao-research/checkpoints/cogitao_vit_cross_attention/cogitao_c1_experiment_4_vit6_function_mlp_cross_attention/run_000/last.ckpt,35f91e02d5b826c89f6b24f52abf83581220b4b6676009c59b6715b0b2251589,dfec9cbb2afe6616194c1fb41430c0c5d2bc4208,4,test_ood,crop_contours,double_right,double_right -> crop_contours,"pair (f,g): fgx=f(g(x)); task-token order [g,f] means g -> f",61,61,61,image_block_06,42,78000,256,256,0.01,2,"{""fixed_ranks"": [1, 2, 4, 8, 16, 32], ""variance_thresholds"": [0.9, 0.95]}",recorded_ood,43,0.2516386264662114,0.2530191289114891,0.1461181450244894,0.35134634964958156,1.0,0.25029826571820446,0.42484992328218735,0.26322490790051023,0.0809996514021529,0.14275436863514293,0.0008092796426282522,0.1881404066399868,
/home/ubuntu/cogitao-research/checkpoints/cogitao_vit_cross_attention/cogitao_c1_experiment_4_vit6_function_mlp_cross_attention/run_000/last.ckpt,35f91e02d5b826c89f6b24f52abf83581220b4b6676009c59b6715b0b2251589,dfec9cbb2afe6616194c1fb41430c0c5d2bc4208,4,test_ood,crop_contours,double_right,double_right -> crop_contours,"pair (f,g): fgx=f(g(x)); task-token order [g,f] means g -> f",61,61,61,image_block_06,42,78000,256,256,0.01,2,"{""fixed_ranks"": [1, 2, 4, 8, 16, 32], ""variance_thresholds"": [0.9, 0.95]}",recorded_ood,73,0.35934392293768214,0.3901302647927321,0.1341237375860957,0.47691846610121563,1.0,0.2584017369170979,0.5219192612866436,0.30214475308312694,0.18870494787362366,0.14577383788698317,0.003828748894468492,0.2834621435581384,
/home/ubuntu/cogitao-research/checkpoints/cogitao_vit_cross_attention/cogitao_c1_experiment_4_vit6_function_mlp_cross_attention/run_000/last.ckpt,35f91e02d5b826c89f6b24f52abf83581220b4b6676009c59b6715b0b2251589,dfec9cbb2afe6616194c1fb41430c0c5d2bc4208,4,test_ood,crop_contours,double_right,double_right -> crop_contours,"pair (f,g): fgx=f(g(x)); task-token order [g,f] means g -> f",61,61,61,image_block_06,42,78000,256,256,0.01,2,"{""fixed_ranks"": [1, 2, 4, 8, 16, 32], ""variance_thresholds"": [0.9, 0.95]}",recorded_ood,75,0.42033377544157335,0.4227304015293824,0.14656316365755687,0.4824700143960507,1.0,0.31808406429176095,0.5477941667154729,0.3000890022342966,0.24969480037751488,0.1291373805157136,-0.012807708476801072,0.3194287224720677,
/home/ubuntu/cogitao-research/checkpoints/cogitao_vit_cross_attention/cogitao_c1_experiment_4_vit6_function_mlp_cross_attention/run_000/last.ckpt,35f91e02d5b826c89f6b24f52abf83581220b4b6676009c59b6715b0b2251589,dfec9cbb2afe6616194c1fb41430c0c5d2bc4208,4,test_ood,crop_contours,double_right,double_right -> crop_contours,"pair (f,g): fgx=f(g(x)); task-token order [g,f] means g -> f",61,61,61,image_block_06,42,78000,256,256,0.01,2,"{""fixed_ranks"": [1, 2, 4, 8, 16, 32], ""variance_thresholds"": [0.9, 0.95]}",recorded_ood,23,0.30718755463140107,0.3058407041473124,0.14068573128949405,0.4344881440270643,1.0,0.3464001593422194,0.49449861089719754,0.25770999447373094,0.1365485795673426,0.1397446644702064,-0.0022004245223082863,0.18930000286746568,
/home/ubuntu/cogitao-research/checkpoints/cogitao_vit_cross_attention/cogitao_c1_experiment_4_vit6_function_mlp_cross_attention/run_000/last.ckpt,35f91e02d5b826c89f6b24f52abf83581220b4b6676009c59b6715b0b2251589,dfec9cbb2afe6616194c1fb41430c0c5d2bc4208,4,test_ood,crop_contours,double_right,double_right -> crop_contours,"pair (f,g): fgx=f(g(x)); task-token order [g,f] means g -> f",61,61,61,image_block_06,42,78000,256,256,0.01,2,"{""fixed_ranks"": [1, 2, 4, 8, 16, 32], ""variance_thresholds"": [0.9, 0.95]}",recorded_ood,96,0.36907660767156525,0.3305746067297324,0.17527422712078677,0.451541437882316,1.0,0.44633021914237603,0.49050094175397563,0.243615324504236,0.19843763260750677,0.19288554399189206,0.05094045499937738,0.39985798843042963,
/home/ubuntu/cogitao-research/checkpoints/cogitao_vit_cross_attention/cogitao_c1_experiment_4_vit6_function_mlp_cross_attention/run_000/last.ckpt,35f91e02d5b826c89f6b24f52abf83581220b4b6676009c59b6715b0b2251589,dfec9cbb2afe6616194c1fb41430c0c5d2bc4208,4,test_ood,crop_contours,double_right,double_right -> crop_contours,"pair (f,g): fgx=f(g(x)); task-token order [g,f] means g -> f",61,61,61,image_block_06,42,78000,256,256,0.01,2,"{""fixed_ranks"": [1, 2, 4, 8, 16, 32], ""variance_thresholds"": [0.9, 0.95]}",recorded_ood,69,0.2952651084411966,0.3118713594642076,0.1517770255565601,0.38116530763197665,1.0,0.39048884965151065,0.47286074530557864,0.2242280314604727,0.1246261333771381,0.1658754904646144,0.02393040147209971,0.21498505195262918,
/home/ubuntu/cogitao-research/checkpoints/cogitao_vit_cross_attention/cogitao_c1_experiment_4_vit6_function_mlp_cross_attention/run_000/last.ckpt,35f91e02d5b826c89f6b24f52abf83581220b4b6676009c59b6715b0b2251589,dfec9cbb2afe6616194c1fb41430c0c5d2bc4208,4,test_ood,crop_contours,double_right,double_right -> crop_contours,"pair (f,g): fgx=f(g(x)); task-token order [g,f] means g -> f",61,61,61,image_block_06,42,78000,256,256,0.01,2,"{""fixed_ranks"": [1, 2, 4, 8, 16, 32], ""variance_thresholds"": [0.9, 0.95]}",recorded_ood,15,0.3095314294096915,0.3476170766048725,0.09887273772894417,0.4738135034243137,1.0,0.27476888015844025,0.48912292452205497,0.25021042393093085,0.13889245434563305,0.1053348843323638,-0.03661020466015087,0.261672421842083,
/home/ubuntu/cogitao-research/checkpoints/cogitao_vit_cross_attention/cogitao_c1_experiment_4_vit6_function_mlp_cross_attention/run_000/last.ckpt,35f91e02d5b826c89f6b24f52abf83581220b4b6676009c59b6715b0b2251589,dfec9cbb2afe6616194c1fb41430c0c5d2bc4208,4,test_ood,crop_contours,double_right,double_right -> crop_contours,"pair (f,g): fgx=f(g(x)); task-token order [g,f] means g -> f",61,61,61,image_block_06,42,78000,256,256,0.01,2,"{""fixed_ranks"": [1, 2, 4, 8, 16, 32], ""variance_thresholds"": [0.9, 0.95]}",recorded_ood,55,0.2964196152486696,0.31567692868446967,0.10996943956711691,0.45996073153956557,1.0,0.32421300837332767,0.4621597240461273,0.20203435328182898,0.12578064018461113,0.09932954409836345,-0.04261554489415123,0.1901344020997456,
/home/ubuntu/cogitao-research/checkpoints/cogitao_vit_cross_attention/cogitao_c1_experiment_4_vit6_function_mlp_cross_attention/run_000/last.ckpt,35f91e02d5b826c89f6b24f52abf83581220b4b6676009c59b6715b0b2251589,dfec9cbb2afe6616194c1fb41430c0c5d2bc4208,4,test_ood,crop_contours,double_right,double_right -> crop_contours,"pair (f,g): fgx=f(g(x)); task-token order [g,f] means g -> f",61,61,61,image_block_06,42,78000,256,256,0.01,2,"{""fixed_ranks"": [1, 2, 4, 8, 16, 32], ""variance_thresholds"": [0.9, 0.95]}",recorded_ood,62,0.3013894768990219,0.28168627970418353,0.1878860566735256,0.3723412478231123,1.0,0.38650667599017036,0.4340608142115831,0.26678185832270096,0.13075050183496342,0.12179532432933945,-0.020149764663175224,0.26656656342534407,
/home/ubuntu/cogitao-research/checkpoints/cogitao_vit_cross_attention/cogitao_c1_experiment_4_vit6_function_mlp_cross_attention/run_000/last.ckpt,35f91e02d5b826c89f6b24f52abf83581220b4b6676009c59b6715b0b2251589,dfec9cbb2afe6616194c1fb41430c0c5d2bc4208,4,test_ood,crop_contours,double_right,double_right -> crop_contours,"pair (f,g): fgx=f(g(x)); task-token order [g,f] means g -> f",61,61,61,image_block_06,42,78000,256,256,0.01,2,"{""fixed_ranks"": [1, 2, 4, 8, 16, 32], ""variance_thresholds"": [0.9, 0.95]}",recorded_ood,31,0.2521093428623185,0.2645723589141054,0.16260478509997348,0.4174432607906111,1.0,0.3975347397395785,0.4070532614216859,0.2229253435876754,0.08147036779826003,0.16924638962754254,0.027301300635027864,0.20787968258399697,
/home/ubuntu/cogitao-research/checkpoints/cogitao_vit_cross_attention/cogitao_c1_experiment_4_vit6_function_mlp_cross_attention/run_000/last.ckpt,35f91e02d5b826c89f6b24f52abf83581220b4b6676009c59b6715b0b2251589,dfec9cbb2afe6616194c1fb41430c0c5d2bc4208,4,test_ood,crop_contours,double_right,double_right -> crop_contours,"pair (f,g): fgx=f(g(x)); task-token order [g,f] means g -> f",61,61,61,image_block_06,42,78000,256,256,0.01,2,"{""fixed_ranks"": [1, 2, 4, 8, 16, 32], ""variance_thresholds"": [0.9, 0.95]}",recorded_ood,72,0.2845865577222088,0.24204536841119223,0.21194763483276335,0.37994127173332115,1.0,0.30509381780417505,0.4350779202004059,0.3039514148111315,0.11394758265815033,0.11852771168476578,-0.0234173773077489,0.3885714013046902,
/home/ubuntu/cogitao-research/checkpoints/cogitao_vit_cross_attention/cogitao_c1_experiment_4_vit6_function_mlp_cross_attention/run_000/last.ckpt,35f91e02d5b826c89f6b24f52abf83581220b4b6676009c59b6715b0b2251589,dfec9cbb2afe6616194c1fb41430c0c5d2bc4208,4,test_ood,crop_contours,double_right,double_right -> crop_contours,"pair (f,g): fgx=f(g(x)); task-token order [g,f] means g -> f",61,61,61,image_block_06,42,78000,256,256,0.01,2,"{""fixed_ranks"": [1, 2, 4, 8, 16, 32], ""variance_thresholds"": [0.9, 0.95]}",recorded_ood,67,0.36070120822432294,0.3590443852726511,0.17089456615685325,0.4203930705960203,1.0,0.37364612623791454,0.46112077101920446,0.269747943372098,0.19006223316026447,0.150141282592512,0.00819619359999732,0.20311282901236424,
/home/ubuntu/cogitao-research/checkpoints/cogitao_vit_cross_attention/cogitao_c1_experiment_4_vit6_function_mlp_cross_attention/run_000/last.ckpt,35f91e02d5b826c89f6b24f52abf83581220b4b6676009c59b6715b0b2251589,dfec9cbb2afe6616194c1fb41430c0c5d2bc4208,4,test_ood,crop_contours,double_right,double_right -> crop_contours,"pair (f,g): fgx=f(g(x)); task-token order [g,f] means g -> f",61,61,61,image_block_06,42,78000,256,256,0.01,2,"{""fixed_ranks"": [1, 2, 4, 8, 16, 32], ""variance_thresholds"": [0.9, 0.95]}",recorded_ood,34,0.32654820991366923,0.3222794146170111,0.12597045807667087,0.4277011028941594,1.0,0.2860805823173069,0.45073657489919217,0.20894387753050758,0.15590923484961075,0.17867326879541623,0.03672817980290155,0.21659015475838317,
/home/ubuntu/cogitao-research/checkpoints/cogitao_vit_cross_attention/cogitao_c1_experiment_4_vit6_function_mlp_cross_attention/run_000/last.ckpt,35f91e02d5b826c89f6b24f52abf83581220b4b6676009c59b6715b0b2251589,dfec9cbb2afe6616194c1fb41430c0c5d2bc4208,4,test_ood,crop_contours,double_right,double_right -> crop_contours,"pair (f,g): fgx=f(g(x)); task-token order [g,f] means g -> f",61,61,61,image_block_06,42,78000,256,256,0.01,2,"{""fixed_ranks"": [1, 2, 4, 8, 16, 32], ""variance_thresholds"": [0.9, 0.95]}",recorded_ood,58,0.3563896923081842,0.3487094510673884,0.1876492292007758,0.42546926814357383,1.0,0.3216451531645355,0.5200456206553246,0.3317697688973527,0.1857507172441257,0.16370020702408064,0.021755118031565962,0.3228643964379151,
/home/ubuntu/cogitao-research/checkpoints/cogitao_vit_cross_attention/cogitao_c1_experiment_4_vit6_function_mlp_cross_attention/run_000/last.ckpt,35f91e02d5b826c89f6b24f52abf83581220b4b6676009c59b6715b0b2251589,dfec9cbb2afe6616194c1fb41430c0c5d2bc4208,4,test_ood,crop_contours,double_right,double_right -> crop_contours,"pair (f,g): fgx=f(g(x)); task-token order [g,f] means g -> f",61,61,61,image_block_06,42,78000,256,256,0.01,2,"{""fixed_ranks"": [1, 2, 4, 8, 16, 32], ""variance_thresholds"": [0.9, 0.95]}",recorded_ood,74,0.3078557138376104,0.2771305305522713,0.1849017968631222,0.3449226613238805,1.0,0.3800504702005128,0.33354435163951407,0.16949530070377475,0.13721673877355192,0.13149000688078077,-0.010455082111733904,0.2503051172643209,
/home/ubuntu/cogitao-research/checkpoints/cogitao_vit_cross_attention/cogitao_c1_experiment_4_vit6_function_mlp_cross_attention/run_000/last.ckpt,35f91e02d5b826c89f6b24f52abf83581220b4b6676009c59b6715b0b2251589,dfec9cbb2afe6616194c1fb41430c0c5d2bc4208,4,test_ood,crop_contours,double_right,double_right -> crop_contours,"pair (f,g): fgx=f(g(x)); task-token order [g,f] means g -> f",61,61,61,image_block_06,42,78000,256,256,0.01,2,"{""fixed_ranks"": [1, 2, 4, 8, 16, 32], ""variance_thresholds"": [0.9, 0.95]}",recorded_ood,54,0.2706477560025587,0.2616714484586077,0.1504380260978534,0.4159873988118683,1.0,0.25912067256297044,0.4339885700558406,0.22165135275196385,0.10000878093850021,0.13043866266437218,-0.0115064263281425,0.19938476676579578,
/home/ubuntu/cogitao-research/checkpoints/cogitao_vit_cross_attention/cogitao_c1_experiment_4_vit6_function_mlp_cross_attention/run_000/last.ckpt,35f91e02d5b826c89f6b24f52abf83581220b4b6676009c59b6715b0b2251589,dfec9cbb2afe6616194c1fb41430c0c5d2bc4208,4,test_ood,crop_contours,double_right,double_right -> crop_contours,"pair (f,g): fgx=f(g(x)); task-token order [g,f] means g -> f",61,61,61,image_block_06,42,78000,256,256,0.01,2,"{""fixed_ranks"": [1, 2, 4, 8, 16, 32], ""variance_thresholds"": [0.9, 0.95]}",recorded_ood,49,0.30177204761817544,0.34168355052401844,0.14417179066137129,0.4543064134162442,1.0,0.461083939943211,0.45639268904827346,0.20795628140150063,0.13113307255411696,0.15164699462770403,0.009701905635189356,0.25334067520945547,
/home/ubuntu/cogitao-research/checkpoints/cogitao_vit_cross_attention/cogitao_c1_experiment_4_vit6_function_mlp_cross_attention/run_000/last.ckpt,35f91e02d5b826c89f6b24f52abf83581220b4b6676009c59b6715b0b2251589,dfec9cbb2afe6616194c1fb41430c0c5d2bc4208,4,test_ood,crop_contours,double_right,double_right -> crop_contours,"pair (f,g): fgx=f(g(x)); task-token order [g,f] means g -> f",61,61,61,image_block_06,42,78000,256,256,0.01,2,"{""fixed_ranks"": [1, 2, 4, 8, 16, 32], ""variance_thresholds"": [0.9, 0.95]}",recorded_ood,6,0.311826365928041,0.32022819986925466,0.17036592685048157,0.4125337974491636,1.0,0.4282890497004767,0.40219335462889255,0.2594373296729203,0.14118739086398255,0.14093503170686678,-0.0010100572856479029,0.23941651729264923,
/home/ubuntu/cogitao-research/checkpoints/cogitao_vit_cross_attention/cogitao_c1_experiment_4_vit6_function_mlp_cross_attention/run_000/last.ckpt,35f91e02d5b826c89f6b24f52abf83581220b4b6676009c59b6715b0b2251589,dfec9cbb2afe6616194c1fb41430c0c5d2bc4208,4,test_ood,crop_contours,double_right,double_right -> crop_contours,"pair (f,g): fgx=f(g(x)); task-token order [g,f] means g -> f",61,61,61,image_block_06,42,78000,256,256,0.01,2,"{""fixed_ranks"": [1, 2, 4, 8, 16, 32], ""variance_thresholds"": [0.9, 0.95]}",recorded_ood,90,0.3662141262155271,0.397904691615251,0.12912849785224623,0.5243660971761045,1.0,0.3921919161143959,0.5451157323655449,0.2633858451368836,0.19557515115146865,0.13415425271872414,-0.007790836273790541,0.21169009303676503,
/home/ubuntu/cogitao-research/checkpoints/cogitao_vit_cross_attention/cogitao_c1_experiment_4_vit6_function_mlp_cross_attention/run_000/last.ckpt,35f91e02d5b826c89f6b24f52abf83581220b4b6676009c59b6715b0b2251589,dfec9cbb2afe6616194c1fb41430c0c5d2bc4208,4,test_ood,crop_contours,double_right,double_right -> crop_contours,"pair (f,g): fgx=f(g(x)); task-token order [g,f] means g -> f",61,61,61,image_block_06,42,78000,256,256,0.01,2,"{""fixed_ranks"": [1, 2, 4, 8, 16, 32], ""variance_thresholds"": [0.9, 0.95]}",recorded_ood,11,0.23452181829841012,0.26713065830178445,0.1764148856036038,0.3229841699464204,1.0,0.38895476339844065,0.3147621194850677,0.17635281182395063,0.06388284323435164,0.2181271400787369,0.07618205108622222,0.2717260823577151,
/home/ubuntu/cogitao-research/checkpoints/cogitao_vit_cross_attention/cogitao_c1_experiment_4_vit6_function_mlp_cross_attention/run_000/last.ckpt,35f91e02d5b826c89f6b24f52abf83581220b4b6676009c59b6715b0b2251589,dfec9cbb2afe6616194c1fb41430c0c5d2bc4208,4,test_ood,crop_contours,double_right,double_right -> crop_contours,"pair (f,g): fgx=f(g(x)); task-token order [g,f] means g -> f",61,61,61,image_block_06,42,78000,256,256,0.01,2,"{""fixed_ranks"": [1, 2, 4, 8, 16, 32], ""variance_thresholds"": [0.9, 0.95]}",recorded_ood,85,0.36601277000386256,0.3322477125506686,0.17291410743490232,0.4798948235479562,1.0,0.2704365535904689,0.5135571557514778,0.30045533535794655,0.19537379493980409,0.1044489272668011,-0.03749616172571357,0.23262893867690368,
/home/ubuntu/cogitao-research/checkpoints/cogitao_vit_cross_attention/cogitao_c1_experiment_4_vit6_function_mlp_cross_attention/run_000/last.ckpt,35f91e02d5b826c89f6b24f52abf83581220b4b6676009c59b6715b0b2251589,dfec9cbb2afe6616194c1fb41430c0c5d2bc4208,4,test_ood,crop_contours,double_right,double_right -> crop_contours,"pair (f,g): fgx=f(g(x)); task-token order [g,f] means g -> f",61,61,61,image_block_06,42,78000,256,256,0.01,2,"{""fixed_ranks"": [1, 2, 4, 8, 16, 32], ""variance_thresholds"": [0.9, 0.95]}",recorded_ood,22,0.35944095774162343,0.313937368771065,0.1367192241120715,0.4376620299257796,1.0,0.380763057766949,0.4400598453373964,0.2173988164533259,0.18880198267756496,0.13478954456631068,-0.0071555444262040024,0.22438226078637846,
/home/ubuntu/cogitao-research/checkpoints/cogitao_vit_cross_attention/cogitao_c1_experiment_4_vit6_function_mlp_cross_attention/run_000/last.ckpt,35f91e02d5b826c89f6b24f52abf83581220b4b6676009c59b6715b0b2251589,dfec9cbb2afe6616194c1fb41430c0c5d2bc4208,4,test_ood,crop_contours,double_right,double_right -> crop_contours,"pair (f,g): fgx=f(g(x)); task-token order [g,f] means g -> f",61,61,61,image_block_06,42,78000,256,256,0.01,2,"{""fixed_ranks"": [1, 2, 4, 8, 16, 32], ""variance_thresholds"": [0.9, 0.95]}",recorded_ood,19,0.3156442631622536,0.32384385192044746,0.14652275260998585,0.4222489743358297,1.0,0.3760313579933871,0.40125595829168154,0.17434269238324795,0.1450052880981951,0.12168693735290033,-0.02025815163961435,0.21465756874807848,
/home/ubuntu/cogitao-research/checkpoints/cogitao_vit_cross_attention/cogitao_c1_experiment_4_vit6_function_mlp_cross_attention/run_000/last.ckpt,35f91e02d5b826c89f6b24f52abf83581220b4b6676009c59b6715b0b2251589,dfec9cbb2afe6616194c1fb41430c0c5d2bc4208,4,test_ood,crop_contours,double_right,double_right -> crop_contours,"pair (f,g): fgx=f(g(x)); task-token order [g,f] means g -> f",61,61,61,image_block_06,42,78000,256,256,0.01,2,"{""fixed_ranks"": [1, 2, 4, 8, 16, 32], ""variance_thresholds"": [0.9, 0.95]}",recorded_ood,64,0.3349858778586505,0.34177205863359744,0.16270881405390203,0.3793900098028254,1.0,0.3014897678604305,0.4027682945109536,0.20648510213147503,0.16434690279459205,0.1134053701157469,-0.028539718876767775,0.2109390807743647,
/home/ubuntu/cogitao-research/checkpoints/cogitao_vit_cross_attention/cogitao_c1_experiment_4_vit6_function_mlp_cross_attention/run_000/last.ckpt,35f91e02d5b826c89f6b24f52abf83581220b4b6676009c59b6715b0b2251589,dfec9cbb2afe6616194c1fb41430c0c5d2bc4208,4,test_ood,crop_contours,double_right,double_right -> crop_contours,"pair (f,g): fgx=f(g(x)); task-token order [g,f] means g -> f",61,61,61,image_block_06,42,78000,256,256,0.01,2,"{""fixed_ranks"": [1, 2, 4, 8, 16, 32], ""variance_thresholds"": [0.9, 0.95]}",recorded_ood,47,0.2191285111607354,0.25140819908655154,0.17239124037176243,0.314153086863214,1.0,0.34799544300788554,0.28953180189324734,0.19944120489171333,0.048489536096676916,0.2058436843122362,0.06389859531972153,0.2673620057334157,
/home/ubuntu/cogitao-research/checkpoints/cogitao_vit_cross_attention/cogitao_c1_experiment_4_vit6_function_mlp_cross_attention/run_000/last.ckpt,35f91e02d5b826c89f6b24f52abf83581220b4b6676009c59b6715b0b2251589,dfec9cbb2afe6616194c1fb41430c0c5d2bc4208,4,test_ood,crop_contours,double_right,double_right -> crop_contours,"pair (f,g): fgx=f(g(x)); task-token order [g,f] means g -> f",61,61,61,image_block_06,42,78000,256,256,0.01,2,"{""fixed_ranks"": [1, 2, 4, 8, 16, 32], ""variance_thresholds"": [0.9, 0.95]}",recorded_ood,12,0.3671072276365684,0.34223748934282117,0.12380693432300865,0.4711253749711073,1.0,0.3384636986489859,0.5274411028021696,0.24256785741462084,0.1964682525725099,0.10714252754142771,-0.03480256145108697,0.21811147980182077,
/home/ubuntu/cogitao-research/checkpoints/cogitao_vit_cross_attention/cogitao_c1_experiment_4_vit6_function_mlp_cross_attention/run_000/last.ckpt,35f91e02d5b826c89f6b24f52abf83581220b4b6676009c59b6715b0b2251589,dfec9cbb2afe6616194c1fb41430c0c5d2bc4208,4,test_ood,crop_contours,double_right,double_right -> crop_contours,"pair (f,g): fgx=f(g(x)); task-token order [g,f] means g -> f",61,61,61,image_block_06,42,78000,256,256,0.01,2,"{""fixed_ranks"": [1, 2, 4, 8, 16, 32], ""variance_thresholds"": [0.9, 0.95]}",recorded_ood,14,0.38251193015869606,0.3668852402921898,0.156584768184821,0.47505612430615884,1.0,0.2595044934239376,0.4892336895204663,0.28186092723068285,0.21187295509463758,0.1012775901422169,-0.04066749885029777,0.2070773312274149,
/home/ubuntu/cogitao-research/checkpoints/cogitao_vit_cross_attention/cogitao_c1_experiment_4_vit6_function_mlp_cross_attention/run_000/last.ckpt,35f91e02d5b826c89f6b24f52abf83581220b4b6676009c59b6715b0b2251589,dfec9cbb2afe6616194c1fb41430c0c5d2bc4208,4,test_ood,crop_contours,double_right,double_right -> crop_contours,"pair (f,g): fgx=f(g(x)); task-token order [g,f] means g -> f",61,61,61,image_block_06,42,78000,256,256,0.01,2,"{""fixed_ranks"": [1, 2, 4, 8, 16, 32], ""variance_thresholds"": [0.9, 0.95]}",recorded_ood,66,0.32199774759358796,0.28066655772469934,0.12547235717771135,0.3899215816782342,1.0,0.336287148815974,0.4050594570385378,0.18964895841154866,0.15135877252952948,0.14302448873521906,0.0010793997427043789,0.2156958845550561,
/home/ubuntu/cogitao-research/checkpoints/cogitao_vit_cross_attention/cogitao_c1_experiment_4_vit6_function_mlp_cross_attention/run_000/last.ckpt,35f91e02d5b826c89f6b24f52abf83581220b4b6676009c59b6715b0b2251589,dfec9cbb2afe6616194c1fb41430c0c5d2bc4208,4,test_ood,crop_contours,double_right,double_right -> crop_contours,"pair (f,g): fgx=f(g(x)); task-token order [g,f] means g -> f",61,61,61,image_block_06,42,78000,256,256,0.01,2,"{""fixed_ranks"": [1, 2, 4, 8, 16, 32], ""variance_thresholds"": [0.9, 0.95]}",recorded_ood,36,0.28816542814169654,0.3006090626248356,0.15029145248338,0.4299902291563143,1.0,0.3174275338451142,0.4566310862405,0.2820047735043706,0.11752645307763807,0.12446066275002557,-0.01748442624248911,0.2524722181093295,
/home/ubuntu/cogitao-research/checkpoints/cogitao_vit_cross_attention/cogitao_c1_experiment_4_vit6_function_mlp_cross_attention/run_000/last.ckpt,35f91e02d5b826c89f6b24f52abf83581220b4b6676009c59b6715b0b2251589,dfec9cbb2afe6616194c1fb41430c0c5d2bc4208,4,test_ood,crop_contours,double_right,double_right -> crop_contours,"pair (f,g): fgx=f(g(x)); task-token order [g,f] means g -> f",61,61,61,image_block_06,42,78000,256,256,0.01,2,"{""fixed_ranks"": [1, 2, 4, 8, 16, 32], ""variance_thresholds"": [0.9, 0.95]}",recorded_ood,65,0.32954294638278137,0.3671514545829851,0.16548736437604772,0.5166404008037336,1.0,0.3558798605278027,0.5561431622208495,0.3424559908667512,0.1589039713187229,0.1266392114835915,-0.015305877508923177,0.2752010161279876,
/home/ubuntu/cogitao-research/checkpoints/cogitao_vit_cross_attention/cogitao_c1_experiment_4_vit6_function_mlp_cross_attention/run_000/last.ckpt,35f91e02d5b826c89f6b24f52abf83581220b4b6676009c59b6715b0b2251589,dfec9cbb2afe6616194c1fb41430c0c5d2bc4208,4,test_ood,crop_contours,double_right,double_right -> crop_contours,"pair (f,g): fgx=f(g(x)); task-token order [g,f] means g -> f",61,61,61,image_block_06,42,78000,256,256,0.01,2,"{""fixed_ranks"": [1, 2, 4, 8, 16, 32], ""variance_thresholds"": [0.9, 0.95]}",recorded_ood,8,0.33003926538635386,0.33429728878782544,0.13090531768743746,0.40985535884189334,1.0,0.32631319266928716,0.5141847819186268,0.22819521684461702,0.15940029032229538,0.13469875120252572,-0.007246337789988955,0.23916512289763606,
/home/ubuntu/cogitao-research/checkpoints/cogitao_vit_cross_attention/cogitao_c1_experiment_4_vit6_function_mlp_cross_attention/run_000/last.ckpt,35f91e02d5b826c89f6b24f52abf83581220b4b6676009c59b6715b0b2251589,dfec9cbb2afe6616194c1fb41430c0c5d2bc4208,4,test_ood,crop_contours,double_right,double_right -> crop_contours,"pair (f,g): fgx=f(g(x)); task-token order [g,f] means g -> f",61,61,61,image_final_norm,42,78000,256,256,0.01,2,"{""fixed_ranks"": [1, 2, 4, 8, 16, 32], ""variance_thresholds"": [0.9, 0.95]}",recorded_ood,56,0.3010813858715201,0.30338890219122944,0.14883077923531893,0.3698172532625963,1.0,0.27385040317629017,0.44340693379984375,0.312918628884796,0.13216249500899727,0.10917886267895105,-0.03511190794231436,,
/home/ubuntu/cogitao-research/checkpoints/cogitao_vit_cross_attention/cogitao_c1_experiment_4_vit6_function_mlp_cross_attention/run_000/last.ckpt,35f91e02d5b826c89f6b24f52abf83581220b4b6676009c59b6715b0b2251589,dfec9cbb2afe6616194c1fb41430c0c5d2bc4208,4,test_ood,crop_contours,double_right,double_right -> crop_contours,"pair (f,g): fgx=f(g(x)); task-token order [g,f] means g -> f",61,61,61,image_final_norm,42,78000,256,256,0.01,2,"{""fixed_ranks"": [1, 2, 4, 8, 16, 32], ""variance_thresholds"": [0.9, 0.95]}",recorded_ood,42,0.24460936107885636,0.2521545848239401,0.13005017791240128,0.3962935840258116,1.0,0.32183040388399603,0.39314889030785677,0.22356162113931355,0.07569047021633352,0.1280178845961795,-0.01627288602508592,,
/home/ubuntu/cogitao-research/checkpoints/cogitao_vit_cross_attention/cogitao_c1_experiment_4_vit6_function_mlp_cross_attention/run_000/last.ckpt,35f91e02d5b826c89f6b24f52abf83581220b4b6676009c59b6715b0b2251589,dfec9cbb2afe6616194c1fb41430c0c5d2bc4208,4,test_ood,crop_contours,double_right,double_right -> crop_contours,"pair (f,g): fgx=f(g(x)); task-token order [g,f] means g -> f",61,61,61,image_final_norm,42,78000,256,256,0.01,2,"{""fixed_ranks"": [1, 2, 4, 8, 16, 32], ""variance_thresholds"": [0.9, 0.95]}",recorded_ood,50,0.27327220010474373,0.25360457839374545,0.15368287487134957,0.32250368395534823,1.0,0.2643695239975653,0.31479427764961565,0.2013028161908399,0.10435330924222089,0.1694496269462056,0.025158856324940193,,
/home/ubuntu/cogitao-research/checkpoints/cogitao_vit_cross_attention/cogitao_c1_experiment_4_vit6_function_mlp_cross_attention/run_000/last.ckpt,35f91e02d5b826c89f6b24f52abf83581220b4b6676009c59b6715b0b2251589,dfec9cbb2afe6616194c1fb41430c0c5d2bc4208,4,test_ood,crop_contours,double_right,double_right -> crop_contours,"pair (f,g): fgx=f(g(x)); task-token order [g,f] means g -> f",61,61,61,image_final_norm,42,78000,256,256,0.01,2,"{""fixed_ranks"": [1, 2, 4, 8, 16, 32], ""variance_thresholds"": [0.9, 0.95]}",recorded_ood,27,0.3366058391752024,0.2933134652729006,0.1864698227787001,0.345429564550276,1.0,0.3415190597710066,0.3602905706092553,0.27069059202177964,0.16768694831267958,0.15016213552613744,0.0058713649048720284,,
/home/ubuntu/cogitao-research/checkpoints/cogitao_vit_cross_attention/cogitao_c1_experiment_4_vit6_function_mlp_cross_attention/run_000/last.ckpt,35f91e02d5b826c89f6b24f52abf83581220b4b6676009c59b6715b0b2251589,dfec9cbb2afe6616194c1fb41430c0c5d2bc4208,4,test_ood,crop_contours,double_right,double_right -> crop_contours,"pair (f,g): fgx=f(g(x)); task-token order [g,f] means g -> f",61,61,61,image_final_norm,42,78000,256,256,0.01,2,"{""fixed_ranks"": [1, 2, 4, 8, 16, 32], ""variance_thresholds"": [0.9, 0.95]}",recorded_ood,92,0.3578296798577887,0.3506413013426272,0.13186660891683352,0.49957874089940363,1.0,0.3114629485769916,0.5185908028433367,0.32000151036386165,0.18891078899526584,0.09234278241865956,-0.05194798820260585,,
/home/ubuntu/cogitao-research/checkpoints/cogitao_vit_cross_attention/cogitao_c1_experiment_4_vit6_function_mlp_cross_attention/run_000/last.ckpt,35f91e02d5b826c89f6b24f52abf83581220b4b6676009c59b6715b0b2251589,dfec9cbb2afe6616194c1fb41430c0c5d2bc4208,4,test_ood,crop_contours,double_right,double_right -> crop_contours,"pair (f,g): fgx=f(g(x)); task-token order [g,f] means g -> f",61,61,61,image_final_norm,42,78000,256,256,0.01,2,"{""fixed_ranks"": [1, 2, 4, 8, 16, 32], ""variance_thresholds"": [0.9, 0.95]}",recorded_ood,71,0.33042889147471227,0.3075665317163908,0.15367809854559641,0.4316139898079919,1.0,0.29037967590710484,0.466092567933479,0.25388375165990656,0.16151000061218942,0.10902416295353769,-0.035266607667727726,,
/home/ubuntu/cogitao-research/checkpoints/cogitao_vit_cross_attention/cogitao_c1_experiment_4_vit6_function_mlp_cross_attention/run_000/last.ckpt,35f91e02d5b826c89f6b24f52abf83581220b4b6676009c59b6715b0b2251589,dfec9cbb2afe6616194c1fb41430c0c5d2bc4208,4,test_ood,crop_contours,double_right,double_right -> crop_contours,"pair (f,g): fgx=f(g(x)); task-token order [g,f] means g -> f",61,61,61,image_final_norm,42,78000,256,256,0.01,2,"{""fixed_ranks"": [1, 2, 4, 8, 16, 32], ""variance_thresholds"": [0.9, 0.95]}",recorded_ood,25,0.25048473091610846,0.2691675429270398,0.1194206786819905,0.33980417438141364,1.0,0.3605730285410841,0.37295821381058525,0.21387014857520706,0.08156584005358561,0.137271976316874,-0.007018794304391424,,
/home/ubuntu/cogitao-research/checkpoints/cogitao_vit_cross_attention/cogitao_c1_experiment_4_vit6_function_mlp_cross_attention/run_000/last.ckpt,35f91e02d5b826c89f6b24f52abf83581220b4b6676009c59b6715b0b2251589,dfec9cbb2afe6616194c1fb41430c0c5d2bc4208,4,test_ood,crop_contours,double_right,double_right -> crop_contours,"pair (f,g): fgx=f(g(x)); task-token order [g,f] means g -> f",61,61,61,image_final_norm,42,78000,256,256,0.01,2,"{""fixed_ranks"": [1, 2, 4, 8, 16, 32], ""variance_thresholds"": [0.9, 0.95]}",recorded_ood,52,0.26179194435223124,0.26976702427814203,0.15308788489065048,0.3925631199763389,1.0,0.30201141863585923,0.4083203603405957,0.22849130331275924,0.0928730534897084,0.16667083021199472,0.022380059590729307,,
/home/ubuntu/cogitao-research/checkpoints/cogitao_vit_cross_attention/cogitao_c1_experiment_4_vit6_function_mlp_cross_attention/run_000/last.ckpt,35f91e02d5b826c89f6b24f52abf83581220b4b6676009c59b6715b0b2251589,dfec9cbb2afe6616194c1fb41430c0c5d2bc4208,4,test_ood,crop_contours,double_right,double_right -> crop_contours,"pair (f,g): fgx=f(g(x)); task-token order [g,f] means g -> f",61,61,61,image_final_norm,42,78000,256,256,0.01,2,"{""fixed_ranks"": [1, 2, 4, 8, 16, 32], ""variance_thresholds"": [0.9, 0.95]}",recorded_ood,81,0.31193165423970937,0.2822803839234947,0.11575562131616778,0.389114743418862,1.0,0.3111450184942279,0.40467725428819645,0.2005139680031309,0.14301276337718652,0.14640044987259243,0.002109679251327018,,
/home/ubuntu/cogitao-research/checkpoints/cogitao_vit_cross_attention/cogitao_c1_experiment_4_vit6_function_mlp_cross_attention/run_000/last.ckpt,35f91e02d5b826c89f6b24f52abf83581220b4b6676009c59b6715b0b2251589,dfec9cbb2afe6616194c1fb41430c0c5d2bc4208,4,test_ood,crop_contours,double_right,double_right -> crop_contours,"pair (f,g): fgx=f(g(x)); task-token order [g,f] means g -> f",61,61,61,image_final_norm,42,78000,256,256,0.01,2,"{""fixed_ranks"": [1, 2, 4, 8, 16, 32], ""variance_thresholds"": [0.9, 0.95]}",recorded_ood,51,0.24185374813105964,0.23739778574901085,0.12847734430840607,0.35046834015820866,1.0,0.25916525587396755,0.40451940492938243,0.21818721120867576,0.0729348572685368,0.1474961551435093,0.0032053845222438926,,
/home/ubuntu/cogitao-research/checkpoints/cogitao_vit_cross_attention/cogitao_c1_experiment_4_vit6_function_mlp_cross_attention/run_000/last.ckpt,35f91e02d5b826c89f6b24f52abf83581220b4b6676009c59b6715b0b2251589,dfec9cbb2afe6616194c1fb41430c0c5d2bc4208,4,test_ood,crop_contours,double_right,double_right -> crop_contours,"pair (f,g): fgx=f(g(x)); task-token order [g,f] means g -> f",61,61,61,image_final_norm,42,78000,256,256,0.01,2,"{""fixed_ranks"": [1, 2, 4, 8, 16, 32], ""variance_thresholds"": [0.9, 0.95]}",recorded_ood,37,0.2916612725153864,0.2811568568292053,0.23065823157621854,0.3383416587088012,1.0,0.30066570595168257,0.323983324294642,0.24347413974444,0.12274238165286358,0.21863590050310908,0.07434512988184366,,
/home/ubuntu/cogitao-research/checkpoints/cogitao_vit_cross_attention/cogitao_c1_experiment_4_vit6_function_mlp_cross_attention/run_000/last.ckpt,35f91e02d5b826c89f6b24f52abf83581220b4b6676009c59b6715b0b2251589,dfec9cbb2afe6616194c1fb41430c0c5d2bc4208,4,test_ood,crop_contours,double_right,double_right -> crop_contours,"pair (f,g): fgx=f(g(x)); task-token order [g,f] means g -> f",61,61,61,image_final_norm,42,78000,256,256,0.01,2,"{""fixed_ranks"": [1, 2, 4, 8, 16, 32], ""variance_thresholds"": [0.9, 0.95]}",recorded_ood,7,0.22171025382702206,0.22236435607422986,0.14603270735024432,0.32184293110125173,1.0,0.3527980479558386,0.35729926189130246,0.1993053834863697,0.05279136296449921,0.14859157074851637,0.004300800127250953,,
/home/ubuntu/cogitao-research/checkpoints/cogitao_vit_cross_attention/cogitao_c1_experiment_4_vit6_function_mlp_cross_attention/run_000/last.ckpt,35f91e02d5b826c89f6b24f52abf83581220b4b6676009c59b6715b0b2251589,dfec9cbb2afe6616194c1fb41430c0c5d2bc4208,4,test_ood,crop_contours,double_right,double_right -> crop_contours,"pair (f,g): fgx=f(g(x)); task-token order [g,f] means g -> f",61,61,61,image_final_norm,42,78000,256,256,0.01,2,"{""fixed_ranks"": [1, 2, 4, 8, 16, 32], ""variance_thresholds"": [0.9, 0.95]}",recorded_ood,57,0.3354728236848996,0.35016770006482845,0.1515625468353435,0.4935553185062374,1.0,0.32533281375217143,0.5040261273027846,0.33183929483691577,0.16655393282237677,0.13606989165866273,-0.008220878962602679,,
/home/ubuntu/cogitao-research/checkpoints/cogitao_vit_cross_attention/cogitao_c1_experiment_4_vit6_function_mlp_cross_attention/run_000/last.ckpt,35f91e02d5b826c89f6b24f52abf83581220b4b6676009c59b6715b0b2251589,dfec9cbb2afe6616194c1fb41430c0c5d2bc4208,4,test_ood,crop_contours,double_right,double_right -> crop_contours,"pair (f,g): fgx=f(g(x)); task-token order [g,f] means g -> f",61,61,61,image_final_norm,42,78000,256,256,0.01,2,"{""fixed_ranks"": [1, 2, 4, 8, 16, 32], ""variance_thresholds"": [0.9, 0.95]}",recorded_ood,79,0.2967597134434778,0.32665810229032716,0.15501823267812656,0.3525704345932822,1.0,0.22752836015026345,0.4195212353469545,0.2502468849264852,0.12784082258095494,0.12457723918953266,-0.019713531431732753,,
/home/ubuntu/cogitao-research/checkpoints/cogitao_vit_cross_attention/cogitao_c1_experiment_4_vit6_function_mlp_cross_attention/run_000/last.ckpt,35f91e02d5b826c89f6b24f52abf83581220b4b6676009c59b6715b0b2251589,dfec9cbb2afe6616194c1fb41430c0c5d2bc4208,4,test_ood,crop_contours,double_right,double_right -> crop_contours,"pair (f,g): fgx=f(g(x)); task-token order [g,f] means g -> f",61,61,61,image_final_norm,42,78000,256,256,0.01,2,"{""fixed_ranks"": [1, 2, 4, 8, 16, 32], ""variance_thresholds"": [0.9, 0.95]}",recorded_ood,26,0.2727006007295975,0.2713776668358449,0.14461386256264927,0.25829918794556067,1.0,0.3021674064193102,0.35914505484516834,0.18786128685399953,0.10378170986707466,0.1952041938302661,0.05091342320900069,,
/home/ubuntu/cogitao-research/checkpoints/cogitao_vit_cross_attention/cogitao_c1_experiment_4_vit6_function_mlp_cross_attention/run_000/last.ckpt,35f91e02d5b826c89f6b24f52abf83581220b4b6676009c59b6715b0b2251589,dfec9cbb2afe6616194c1fb41430c0c5d2bc4208,4,test_ood,crop_contours,double_right,double_right -> crop_contours,"pair (f,g): fgx=f(g(x)); task-token order [g,f] means g -> f",61,61,61,image_final_norm,42,78000,256,256,0.01,2,"{""fixed_ranks"": [1, 2, 4, 8, 16, 32], ""variance_thresholds"": [0.9, 0.95]}",recorded_ood,78,0.2825801899657774,0.26541324626612794,0.12743963114383366,0.3739775850997267,1.0,0.34412183051713446,0.3953242157073438,0.2107853809864261,0.11366129910325454,0.11940155377554816,-0.024889216845717252,,
/home/ubuntu/cogitao-research/checkpoints/cogitao_vit_cross_attention/cogitao_c1_experiment_4_vit6_function_mlp_cross_attention/run_000/last.ckpt,35f91e02d5b826c89f6b24f52abf83581220b4b6676009c59b6715b0b2251589,dfec9cbb2afe6616194c1fb41430c0c5d2bc4208,4,test_ood,crop_contours,double_right,double_right -> crop_contours,"pair (f,g): fgx=f(g(x)); task-token order [g,f] means g -> f",61,61,61,image_final_norm,42,78000,256,256,0.01,2,"{""fixed_ranks"": [1, 2, 4, 8, 16, 32], ""variance_thresholds"": [0.9, 0.95]}",recorded_ood,86,0.25481665509049095,0.25357602504951426,0.13296970440694228,0.31105151766734557,1.0,0.26951174996443233,0.3134619697406599,0.16797885504336713,0.0858977642279681,0.14046515062906395,-0.003825619992201462,,
/home/ubuntu/cogitao-research/checkpoints/cogitao_vit_cross_attention/cogitao_c1_experiment_4_vit6_function_mlp_cross_attention/run_000/last.ckpt,35f91e02d5b826c89f6b24f52abf83581220b4b6676009c59b6715b0b2251589,dfec9cbb2afe6616194c1fb41430c0c5d2bc4208,4,test_ood,crop_contours,double_right,double_right -> crop_contours,"pair (f,g): fgx=f(g(x)); task-token order [g,f] means g -> f",61,61,61,image_final_norm,42,78000,256,256,0.01,2,"{""fixed_ranks"": [1, 2, 4, 8, 16, 32], ""variance_thresholds"": [0.9, 0.95]}",recorded_ood,29,0.21712859714288987,0.21990611843964986,0.12634293446662934,0.34156853927174197,1.0,0.33144753227806295,0.30299530819468257,0.15998561879591702,0.048209706280367026,0.1527748196261574,0.008484049004891997,,
/home/ubuntu/cogitao-research/checkpoints/cogitao_vit_cross_attention/cogitao_c1_experiment_4_vit6_function_mlp_cross_attention/run_000/last.ckpt,35f91e02d5b826c89f6b24f52abf83581220b4b6676009c59b6715b0b2251589,dfec9cbb2afe6616194c1fb41430c0c5d2bc4208,4,test_ood,crop_contours,double_right,double_right -> crop_contours,"pair (f,g): fgx=f(g(x)); task-token order [g,f] means g -> f",61,61,61,image_final_norm,42,78000,256,256,0.01,2,"{""fixed_ranks"": [1, 2, 4, 8, 16, 32], ""variance_thresholds"": [0.9, 0.95]}",recorded_ood,17,0.3402629350096394,0.34592667380117037,0.11284981574894366,0.45207324834084006,1.0,0.29795368784588266,0.5007250231996159,0.27950236970403614,0.17134404414711654,0.1253462476235922,-0.018944522997673213,,
/home/ubuntu/cogitao-research/checkpoints/cogitao_vit_cross_attention/cogitao_c1_experiment_4_vit6_function_mlp_cross_attention/run_000/last.ckpt,35f91e02d5b826c89f6b24f52abf83581220b4b6676009c59b6715b0b2251589,dfec9cbb2afe6616194c1fb41430c0c5d2bc4208,4,test_ood,crop_contours,double_right,double_right -> crop_contours,"pair (f,g): fgx=f(g(x)); task-token order [g,f] means g -> f",61,61,61,image_final_norm,42,78000,256,256,0.01,2,"{""fixed_ranks"": [1, 2, 4, 8, 16, 32], ""variance_thresholds"": [0.9, 0.95]}",recorded_ood,39,0.3449273881837329,0.35149982207175345,0.17368097112703168,0.39872867826901454,1.0,0.35656113529112565,0.3780540395183358,0.24015805987375344,0.17600849732121007,0.14582502505080533,0.0015342544295399163,,
/home/ubuntu/cogitao-research/checkpoints/cogitao_vit_cross_attention/cogitao_c1_experiment_4_vit6_function_mlp_cross_attention/run_000/last.ckpt,35f91e02d5b826c89f6b24f52abf83581220b4b6676009c59b6715b0b2251589,dfec9cbb2afe6616194c1fb41430c0c5d2bc4208,4,test_ood,crop_contours,double_right,double_right -> crop_contours,"pair (f,g): fgx=f(g(x)); task-token order [g,f] means g -> f",61,61,61,image_final_norm,42,78000,256,256,0.01,2,"{""fixed_ranks"": [1, 2, 4, 8, 16, 32], ""variance_thresholds"": [0.9, 0.95]}",recorded_ood,91,0.3778733384609785,0.32185023407493163,0.19486839406882786,0.4329212442186217,1.0,0.3223309417486717,0.4177330045069073,0.27313013541278447,0.20895444759845563,0.16014776920634355,0.015856998585078136,,
/home/ubuntu/cogitao-research/checkpoints/cogitao_vit_cross_attention/cogitao_c1_experiment_4_vit6_function_mlp_cross_attention/run_000/last.ckpt,35f91e02d5b826c89f6b24f52abf83581220b4b6676009c59b6715b0b2251589,dfec9cbb2afe6616194c1fb41430c0c5d2bc4208,4,test_ood,crop_contours,double_right,double_right -> crop_contours,"pair (f,g): fgx=f(g(x)); task-token order [g,f] means g -> f",61,61,61,image_final_norm,42,78000,256,256,0.01,2,"{""fixed_ranks"": [1, 2, 4, 8, 16, 32], ""variance_thresholds"": [0.9, 0.95]}",recorded_ood,40,0.32806658940641387,0.323345903801891,0.10908034546970273,0.44130204245332394,1.0,0.2627984522157061,0.47092269308471,0.23260450900441296,0.15914769854389102,0.16165590867867302,0.01736513805740761,,
/home/ubuntu/cogitao-research/checkpoints/cogitao_vit_cross_attention/cogitao_c1_experiment_4_vit6_function_mlp_cross_attention/run_000/last.ckpt,35f91e02d5b826c89f6b24f52abf83581220b4b6676009c59b6715b0b2251589,dfec9cbb2afe6616194c1fb41430c0c5d2bc4208,4,test_ood,crop_contours,double_right,double_right -> crop_contours,"pair (f,g): fgx=f(g(x)); task-token order [g,f] means g -> f",61,61,61,image_final_norm,42,78000,256,256,0.01,2,"{""fixed_ranks"": [1, 2, 4, 8, 16, 32], ""variance_thresholds"": [0.9, 0.95]}",recorded_ood,95,0.32938431761250936,0.3459575106543057,0.1044728002374779,0.3486168073219694,1.0,0.34489445092448207,0.4422447774478215,0.2349849204474747,0.1604654267499865,0.11356877642556829,-0.030721994195697128,,
/home/ubuntu/cogitao-research/checkpoints/cogitao_vit_cross_attention/cogitao_c1_experiment_4_vit6_function_mlp_cross_attention/run_000/last.ckpt,35f91e02d5b826c89f6b24f52abf83581220b4b6676009c59b6715b0b2251589,dfec9cbb2afe6616194c1fb41430c0c5d2bc4208,4,test_ood,crop_contours,double_right,double_right -> crop_contours,"pair (f,g): fgx=f(g(x)); task-token order [g,f] means g -> f",61,61,61,image_final_norm,42,78000,256,256,0.01,2,"{""fixed_ranks"": [1, 2, 4, 8, 16, 32], ""variance_thresholds"": [0.9, 0.95]}",recorded_ood,84,0.3007259620153701,0.27808720242912055,0.15773743762685408,0.3873659143485609,1.0,0.3010803759057162,0.4066601914199435,0.20550357903813254,0.13180707115284726,0.1603853981724033,0.016094627551137886,,
/home/ubuntu/cogitao-research/checkpoints/cogitao_vit_cross_attention/cogitao_c1_experiment_4_vit6_function_mlp_cross_attention/run_000/last.ckpt,35f91e02d5b826c89f6b24f52abf83581220b4b6676009c59b6715b0b2251589,dfec9cbb2afe6616194c1fb41430c0c5d2bc4208,4,test_ood,crop_contours,double_right,double_right -> crop_contours,"pair (f,g): fgx=f(g(x)); task-token order [g,f] means g -> f",61,61,61,image_final_norm,42,78000,256,256,0.01,2,"{""fixed_ranks"": [1, 2, 4, 8, 16, 32], ""variance_thresholds"": [0.9, 0.95]}",recorded_ood,63,0.36632591524853275,0.33822061229550104,0.14410422059044578,0.41024420849656557,1.0,0.4693589209625555,0.4448185332109014,0.2178941783569431,0.1974070243860099,0.09916675940315195,-0.04512401121811346,,
/home/ubuntu/cogitao-research/checkpoints/cogitao_vit_cross_attention/cogitao_c1_experiment_4_vit6_function_mlp_cross_attention/run_000/last.ckpt,35f91e02d5b826c89f6b24f52abf83581220b4b6676009c59b6715b0b2251589,dfec9cbb2afe6616194c1fb41430c0c5d2bc4208,4,test_ood,crop_contours,double_right,double_right -> crop_contours,"pair (f,g): fgx=f(g(x)); task-token order [g,f] means g -> f",61,61,61,image_final_norm,42,78000,256,256,0.01,2,"{""fixed_ranks"": [1, 2, 4, 8, 16, 32], ""variance_thresholds"": [0.9, 0.95]}",recorded_ood,3,0.2923896993220979,0.2655528513706227,0.11681787877955223,0.4074938876677289,1.0,0.26782951428267043,0.4168769835896415,0.22106314348088954,0.12347080845957506,0.12831583891231138,-0.015974931708954032,,
/home/ubuntu/cogitao-research/checkpoints/cogitao_vit_cross_attention/cogitao_c1_experiment_4_vit6_function_mlp_cross_attention/run_000/last.ckpt,35f91e02d5b826c89f6b24f52abf83581220b4b6676009c59b6715b0b2251589,dfec9cbb2afe6616194c1fb41430c0c5d2bc4208,4,test_ood,crop_contours,double_right,double_right -> crop_contours,"pair (f,g): fgx=f(g(x)); task-token order [g,f] means g -> f",61,61,61,image_final_norm,42,78000,256,256,0.01,2,"{""fixed_ranks"": [1, 2, 4, 8, 16, 32], ""variance_thresholds"": [0.9, 0.95]}",recorded_ood,83,0.4364244263036605,0.4452692758930137,0.1520953534521074,0.4975120531581688,1.0,0.3950408812263004,0.5547299801273384,0.34514668599408144,0.26750553544113764,0.14262571935786406,-0.001665051263401357,,
/home/ubuntu/cogitao-research/checkpoints/cogitao_vit_cross_attention/cogitao_c1_experiment_4_vit6_function_mlp_cross_attention/run_000/last.ckpt,35f91e02d5b826c89f6b24f52abf83581220b4b6676009c59b6715b0b2251589,dfec9cbb2afe6616194c1fb41430c0c5d2bc4208,4,test_ood,crop_contours,double_right,double_right -> crop_contours,"pair (f,g): fgx=f(g(x)); task-token order [g,f] means g -> f",61,61,61,image_final_norm,42,78000,256,256,0.01,2,"{""fixed_ranks"": [1, 2, 4, 8, 16, 32], ""variance_thresholds"": [0.9, 0.95]}",recorded_ood,93,0.36368545475923614,0.3640156946293264,0.2028372630437735,0.4629310218535947,1.0,0.3594426927374044,0.471445192893244,0.28872434622049337,0.1947665638967133,0.09294871993931797,-0.05134205068194744,,
/home/ubuntu/cogitao-research/checkpoints/cogitao_vit_cross_attention/cogitao_c1_experiment_4_vit6_function_mlp_cross_attention/run_000/last.ckpt,35f91e02d5b826c89f6b24f52abf83581220b4b6676009c59b6715b0b2251589,dfec9cbb2afe6616194c1fb41430c0c5d2bc4208,4,test_ood,crop_contours,double_right,double_right -> crop_contours,"pair (f,g): fgx=f(g(x)); task-token order [g,f] means g -> f",61,61,61,image_final_norm,42,78000,256,256,0.01,2,"{""fixed_ranks"": [1, 2, 4, 8, 16, 32], ""variance_thresholds"": [0.9, 0.95]}",recorded_ood,20,0.3265959864358096,0.3176475236435642,0.1317833615382741,0.3931488339593253,1.0,0.3371926635877235,0.4271071705952346,0.23302617077488832,0.15767709557328677,0.11766953402024473,-0.026621236601020684,,
/home/ubuntu/cogitao-research/checkpoints/cogitao_vit_cross_attention/cogitao_c1_experiment_4_vit6_function_mlp_cross_attention/run_000/last.ckpt,35f91e02d5b826c89f6b24f52abf83581220b4b6676009c59b6715b0b2251589,dfec9cbb2afe6616194c1fb41430c0c5d2bc4208,4,test_ood,crop_contours,double_right,double_right -> crop_contours,"pair (f,g): fgx=f(g(x)); task-token order [g,f] means g -> f",61,61,61,image_final_norm,42,78000,256,256,0.01,2,"{""fixed_ranks"": [1, 2, 4, 8, 16, 32], ""variance_thresholds"": [0.9, 0.95]}",recorded_ood,87,0.32836041269824956,0.3127435918225371,0.19657975183140974,0.3495608376836452,1.0,0.4173870359985792,0.3295029982749546,0.24832084232692025,0.1594415218357267,0.16153515067262447,0.01724438005135906,,
/home/ubuntu/cogitao-research/checkpoints/cogitao_vit_cross_attention/cogitao_c1_experiment_4_vit6_function_mlp_cross_attention/run_000/last.ckpt,35f91e02d5b826c89f6b24f52abf83581220b4b6676009c59b6715b0b2251589,dfec9cbb2afe6616194c1fb41430c0c5d2bc4208,4,test_ood,crop_contours,double_right,double_right -> crop_contours,"pair (f,g): fgx=f(g(x)); task-token order [g,f] means g -> f",61,61,61,image_final_norm,42,78000,256,256,0.01,2,"{""fixed_ranks"": [1, 2, 4, 8, 16, 32], ""variance_thresholds"": [0.9, 0.95]}",recorded_ood,43,0.2354338027160139,0.23561379815762676,0.14021725996072307,0.3225410704340949,1.0,0.24834915648362,0.3850071723492478,0.2487570151775368,0.06651491185349107,0.14440911528646844,0.000118344665203024,0.18646243666840268,
/home/ubuntu/cogitao-research/checkpoints/cogitao_vit_cross_attention/cogitao_c1_experiment_4_vit6_function_mlp_cross_attention/run_000/last.ckpt,35f91e02d5b826c89f6b24f52abf83581220b4b6676009c59b6715b0b2251589,dfec9cbb2afe6616194c1fb41430c0c5d2bc4208,4,test_ood,crop_contours,double_right,double_right -> crop_contours,"pair (f,g): fgx=f(g(x)); task-token order [g,f] means g -> f",61,61,61,image_final_norm,42,78000,256,256,0.01,2,"{""fixed_ranks"": [1, 2, 4, 8, 16, 32], ""variance_thresholds"": [0.9, 0.95]}",recorded_ood,73,0.3176852208642245,0.34498469681253124,0.12942646948857428,0.42542864961392857,1.0,0.25485283126989167,0.4611915463658294,0.2797249054525444,0.14876633000170167,0.14853958379926863,0.0042488131780032135,0.2636890604883785,
/home/ubuntu/cogitao-research/checkpoints/cogitao_vit_cross_attention/cogitao_c1_experiment_4_vit6_function_mlp_cross_attention/run_000/last.ckpt,35f91e02d5b826c89f6b24f52abf83581220b4b6676009c59b6715b0b2251589,dfec9cbb2afe6616194c1fb41430c0c5d2bc4208,4,test_ood,crop_contours,double_right,double_right -> crop_contours,"pair (f,g): fgx=f(g(x)); task-token order [g,f] means g -> f",61,61,61,image_final_norm,42,78000,256,256,0.01,2,"{""fixed_ranks"": [1, 2, 4, 8, 16, 32], ""variance_thresholds"": [0.9, 0.95]}",recorded_ood,75,0.3921810173484885,0.37589823464232985,0.15056757328277262,0.4409113662254594,1.0,0.3103636972827175,0.4831923715793542,0.2721720176861199,0.22326212648596563,0.1373961637880127,-0.006894606833252714,0.30281910143081686,
/home/ubuntu/cogitao-research/checkpoints/cogitao_vit_cross_attention/cogitao_c1_experiment_4_vit6_function_mlp_cross_attention/run_000/last.ckpt,35f91e02d5b826c89f6b24f52abf83581220b4b6676009c59b6715b0b2251589,dfec9cbb2afe6616194c1fb41430c0c5d2bc4208,4,test_ood,crop_contours,double_right,double_right -> crop_contours,"pair (f,g): fgx=f(g(x)); task-token order [g,f] means g -> f",61,61,61,image_final_norm,42,78000,256,256,0.01,2,"{""fixed_ranks"": [1, 2, 4, 8, 16, 32], ""variance_thresholds"": [0.9, 0.95]}",recorded_ood,23,0.2908790387432591,0.3016598753333244,0.13394943967391815,0.3913277013978405,1.0,0.3459414896962026,0.4443087675469118,0.23487131975344294,0.12196014788073625,0.14404840529618027,-0.00024236532508514763,0.19038537858422216,
/home/ubuntu/cogitao-research/checkpoints/cogitao_vit_cross_attention/cogitao_c1_experiment_4_vit6_function_mlp_cross_attention/run_000/last.ckpt,35f91e02d5b826c89f6b24f52abf83581220b4b6676009c59b6715b0b2251589,dfec9cbb2afe6616194c1fb41430c0c5d2bc4208,4,test_ood,crop_contours,double_right,double_right -> crop_contours,"pair (f,g): fgx=f(g(x)); task-token order [g,f] means g -> f",61,61,61,image_final_norm,42,78000,256,256,0.01,2,"{""fixed_ranks"": [1, 2, 4, 8, 16, 32], ""variance_thresholds"": [0.9, 0.95]}",recorded_ood,96,0.3681352079219782,0.338495055268933,0.17600268157550802,0.43924392044835414,1.0,0.45166393232705543,0.46757712341570645,0.2519170767961178,0.19921631705945533,0.1909639806164115,0.0466732099951461,0.3934339279044072,
/home/ubuntu/cogitao-research/checkpoints/cogitao_vit_cross_attention/cogitao_c1_experiment_4_vit6_function_mlp_cross_attention/run_000/last.ckpt,35f91e02d5b826c89f6b24f52abf83581220b4b6676009c59b6715b0b2251589,dfec9cbb2afe6616194c1fb41430c0c5d2bc4208,4,test_ood,crop_contours,double_right,double_right -> crop_contours,"pair (f,g): fgx=f(g(x)); task-token order [g,f] means g -> f",61,61,61,image_final_norm,42,78000,256,256,0.01,2,"{""fixed_ranks"": [1, 2, 4, 8, 16, 32], ""variance_thresholds"": [0.9, 0.95]}",recorded_ood,69,0.29140304556857405,0.2990575848792922,0.14924940650207777,0.3530329643447872,1.0,0.3709332664191343,0.43113073410690655,0.2053346855710938,0.1224841547060512,0.15715045207985598,0.012859681458590566,0.2133860477539095,
/home/ubuntu/cogitao-research/checkpoints/cogitao_vit_cross_attention/cogitao_c1_experiment_4_vit6_function_mlp_cross_attention/run_000/last.ckpt,35f91e02d5b826c89f6b24f52abf83581220b4b6676009c59b6715b0b2251589,dfec9cbb2afe6616194c1fb41430c0c5d2bc4208,4,test_ood,crop_contours,double_right,double_right -> crop_contours,"pair (f,g): fgx=f(g(x)); task-token order [g,f] means g -> f",61,61,61,image_final_norm,42,78000,256,256,0.01,2,"{""fixed_ranks"": [1, 2, 4, 8, 16, 32], ""variance_thresholds"": [0.9, 0.95]}",recorded_ood,15,0.2765190684445878,0.31042745697812,0.09567430454240104,0.4217392035255903,1.0,0.2672631504105858,0.43761970974749936,0.2376488183700642,0.10760017758206494,0.10147844031573366,-0.04281233030553175,0.2545819146981323,
/home/ubuntu/cogitao-research/checkpoints/cogitao_vit_cross_attention/cogitao_c1_experiment_4_vit6_function_mlp_cross_attention/run_000/last.ckpt,35f91e02d5b826c89f6b24f52abf83581220b4b6676009c59b6715b0b2251589,dfec9cbb2afe6616194c1fb41430c0c5d2bc4208,4,test_ood,crop_contours,double_right,double_right -> crop_contours,"pair (f,g): fgx=f(g(x)); task-token order [g,f] means g -> f",61,61,61,image_final_norm,42,78000,256,256,0.01,2,"{""fixed_ranks"": [1, 2, 4, 8, 16, 32], ""variance_thresholds"": [0.9, 0.95]}",recorded_ood,55,0.2949033615549636,0.32060459058032137,0.11023354072523431,0.41965239270915633,1.0,0.3233350135954641,0.42523136511977305,0.20685842256335066,0.12598447069244076,0.10683926147134935,-0.03745150914991606,0.1934482885909308,
/home/ubuntu/cogitao-research/checkpoints/cogitao_vit_cross_attention/cogitao_c1_experiment_4_vit6_function_mlp_cross_attention/run_000/last.ckpt,35f91e02d5b826c89f6b24f52abf83581220b4b6676009c59b6715b0b2251589,dfec9cbb2afe6616194c1fb41430c0c5d2bc4208,4,test_ood,crop_contours,double_right,double_right -> crop_contours,"pair (f,g): fgx=f(g(x)); task-token order [g,f] means g -> f",61,61,61,image_final_norm,42,78000,256,256,0.01,2,"{""fixed_ranks"": [1, 2, 4, 8, 16, 32], ""variance_thresholds"": [0.9, 0.95]}",recorded_ood,62,0.2921031529180131,0.276055279077277,0.1838539535781066,0.3531069018216037,1.0,0.3757193992013836,0.39979207346011125,0.26183661943813724,0.12318426205549024,0.12768875357877435,-0.016602017042491063,0.24904293214905626,
/home/ubuntu/cogitao-research/checkpoints/cogitao_vit_cross_attention/cogitao_c1_experiment_4_vit6_function_mlp_cross_attention/run_000/last.ckpt,35f91e02d5b826c89f6b24f52abf83581220b4b6676009c59b6715b0b2251589,dfec9cbb2afe6616194c1fb41430c0c5d2bc4208,4,test_ood,crop_contours,double_right,double_right -> crop_contours,"pair (f,g): fgx=f(g(x)); task-token order [g,f] means g -> f",61,61,61,image_final_norm,42,78000,256,256,0.01,2,"{""fixed_ranks"": [1, 2, 4, 8, 16, 32], ""variance_thresholds"": [0.9, 0.95]}",recorded_ood,31,0.25407724382037405,0.268975348740699,0.16218742741413297,0.39301392406228247,1.0,0.39360627816544513,0.3855887936675638,0.22596712489317775,0.08515835295785121,0.16792727748763736,0.023636506866371948,0.2111503199675148,
/home/ubuntu/cogitao-research/checkpoints/cogitao_vit_cross_attention/cogitao_c1_experiment_4_vit6_function_mlp_cross_attention/run_000/last.ckpt,35f91e02d5b826c89f6b24f52abf83581220b4b6676009c59b6715b0b2251589,dfec9cbb2afe6616194c1fb41430c0c5d2bc4208,4,test_ood,crop_contours,double_right,double_right -> crop_contours,"pair (f,g): fgx=f(g(x)); task-token order [g,f] means g -> f",61,61,61,image_final_norm,42,78000,256,256,0.01,2,"{""fixed_ranks"": [1, 2, 4, 8, 16, 32], ""variance_thresholds"": [0.9, 0.95]}",recorded_ood,72,0.2861317926708112,0.248197604555069,0.2085897725628826,0.367234033163284,1.0,0.30592442288931626,0.4176077968900485,0.2967340771281317,0.11721290180828833,0.11848868575203861,-0.025802084869226805,0.4016299637740359,
/home/ubuntu/cogitao-research/checkpoints/cogitao_vit_cross_attention/cogitao_c1_experiment_4_vit6_function_mlp_cross_attention/run_000/last.ckpt,35f91e02d5b826c89f6b24f52abf83581220b4b6676009c59b6715b0b2251589,dfec9cbb2afe6616194c1fb41430c0c5d2bc4208,4,test_ood,crop_contours,double_right,double_right -> crop_contours,"pair (f,g): fgx=f(g(x)); task-token order [g,f] means g -> f",61,61,61,image_final_norm,42,78000,256,256,0.01,2,"{""fixed_ranks"": [1, 2, 4, 8, 16, 32], ""variance_thresholds"": [0.9, 0.95]}",recorded_ood,67,0.335366816667669,0.3577814724876247,0.17329236128576317,0.3880457795814207,1.0,0.37013068197460375,0.437800129755209,0.27409979420681047,0.16644792580514614,0.1424342150702194,-0.001856555551046024,0.20120702509049562,
/home/ubuntu/cogitao-research/checkpoints/cogitao_vit_cross_attention/cogitao_c1_experiment_4_vit6_function_mlp_cross_attention/run_000/last.ckpt,35f91e02d5b826c89f6b24f52abf83581220b4b6676009c59b6715b0b2251589,dfec9cbb2afe6616194c1fb41430c0c5d2bc4208,4,test_ood,crop_contours,double_right,double_right -> crop_contours,"pair (f,g): fgx=f(g(x)); task-token order [g,f] means g -> f",61,61,61,image_final_norm,42,78000,256,256,0.01,2,"{""fixed_ranks"": [1, 2, 4, 8, 16, 32], ""variance_thresholds"": [0.9, 0.95]}",recorded_ood,34,0.3131858787827453,0.31205155718083455,0.12560595471951685,0.3917903715327698,1.0,0.2879690017194626,0.4141441735571425,0.20007838419106622,0.14426698792022244,0.17277758678429414,0.028486816163028728,0.21845899446177117,
/home/ubuntu/cogitao-research/checkpoints/cogitao_vit_cross_attention/cogitao_c1_experiment_4_vit6_function_mlp_cross_attention/run_000/last.ckpt,35f91e02d5b826c89f6b24f52abf83581220b4b6676009c59b6715b0b2251589,dfec9cbb2afe6616194c1fb41430c0c5d2bc4208,4,test_ood,crop_contours,double_right,double_right -> crop_contours,"pair (f,g): fgx=f(g(x)); task-token order [g,f] means g -> f",61,61,61,image_final_norm,42,78000,256,256,0.01,2,"{""fixed_ranks"": [1, 2, 4, 8, 16, 32], ""variance_thresholds"": [0.9, 0.95]}",recorded_ood,58,0.34059049845782313,0.33978717548858356,0.17907895006989516,0.4046743397006796,1.0,0.3104620369238668,0.4881222792413716,0.33653435909253165,0.17167160759530029,0.16586018498702831,0.0215694143657629,0.32311077491674195,
/home/ubuntu/cogitao-research/checkpoints/cogitao_vit_cross_attention/cogitao_c1_experiment_4_vit6_function_mlp_cross_attention/run_000/last.ckpt,35f91e02d5b826c89f6b24f52abf83581220b4b6676009c59b6715b0b2251589,dfec9cbb2afe6616194c1fb41430c0c5d2bc4208,4,test_ood,crop_contours,double_right,double_right -> crop_contours,"pair (f,g): fgx=f(g(x)); task-token order [g,f] means g -> f",61,61,61,image_final_norm,42,78000,256,256,0.01,2,"{""fixed_ranks"": [1, 2, 4, 8, 16, 32], ""variance_thresholds"": [0.9, 0.95]}",recorded_ood,74,0.29165206940158034,0.2694545218324861,0.1763631096496798,0.3270254446161333,1.0,0.38129221322292145,0.310020224539745,0.17221846916437936,0.12273317853905749,0.13875645842760037,-0.005534312193665042,0.24797390695842228,
/home/ubuntu/cogitao-research/checkpoints/cogitao_vit_cross_attention/cogitao_c1_experiment_4_vit6_function_mlp_cross_attention/run_000/last.ckpt,35f91e02d5b826c89f6b24f52abf83581220b4b6676009c59b6715b0b2251589,dfec9cbb2afe6616194c1fb41430c0c5d2bc4208,4,test_ood,crop_contours,double_right,double_right -> crop_contours,"pair (f,g): fgx=f(g(x)); task-token order [g,f] means g -> f",61,61,61,image_final_norm,42,78000,256,256,0.01,2,"{""fixed_ranks"": [1, 2, 4, 8, 16, 32], ""variance_thresholds"": [0.9, 0.95]}",recorded_ood,54,0.257125901005425,0.25427404486375355,0.15115275529194994,0.3728336922340061,1.0,0.2579915416058887,0.3926244496397594,0.2116703690804569,0.08820701014290214,0.12212601213312406,-0.022164758488141353,0.18975109958084918,
/home/ubuntu/cogitao-research/checkpoints/cogitao_vit_cross_attention/cogitao_c1_experiment_4_vit6_function_mlp_cross_attention/run_000/last.ckpt,35f91e02d5b826c89f6b24f52abf83581220b4b6676009c59b6715b0b2251589,dfec9cbb2afe6616194c1fb41430c0c5d2bc4208,4,test_ood,crop_contours,double_right,double_right -> crop_contours,"pair (f,g): fgx=f(g(x)); task-token order [g,f] means g -> f",61,61,61,image_final_norm,42,78000,256,256,0.01,2,"{""fixed_ranks"": [1, 2, 4, 8, 16, 32], ""variance_thresholds"": [0.9, 0.95]}",recorded_ood,49,0.2882972513100421,0.3218371399787316,0.1400391028767145,0.4169028913296902,1.0,0.44311729632935576,0.4157450237852783,0.2130076388340357,0.11937836044751923,0.1450381617699899,0.0007473911487244911,0.2510636779892526,
/home/ubuntu/cogitao-research/checkpoints/cogitao_vit_cross_attention/cogitao_c1_experiment_4_vit6_function_mlp_cross_attention/run_000/last.ckpt,35f91e02d5b826c89f6b24f52abf83581220b4b6676009c59b6715b0b2251589,dfec9cbb2afe6616194c1fb41430c0c5d2bc4208,4,test_ood,crop_contours,double_right,double_right -> crop_contours,"pair (f,g): fgx=f(g(x)); task-token order [g,f] means g -> f",61,61,61,image_final_norm,42,78000,256,256,0.01,2,"{""fixed_ranks"": [1, 2, 4, 8, 16, 32], ""variance_thresholds"": [0.9, 0.95]}",recorded_ood,6,0.3004783944770112,0.3043720708458374,0.15999787442245691,0.3891003296102397,1.0,0.42618765792657004,0.37601157822996867,0.24875358814126625,0.13155950361448834,0.13671007325812298,-0.00758069736314243,0.23421702892958987,
/home/ubuntu/cogitao-research/checkpoints/cogitao_vit_cross_attention/cogitao_c1_experiment_4_vit6_function_mlp_cross_attention/run_000/last.ckpt,35f91e02d5b826c89f6b24f52abf83581220b4b6676009c59b6715b0b2251589,dfec9cbb2afe6616194c1fb41430c0c5d2bc4208,4,test_ood,crop_contours,double_right,double_right -> crop_contours,"pair (f,g): fgx=f(g(x)); task-token order [g,f] means g -> f",61,61,61,image_final_norm,42,78000,256,256,0.01,2,"{""fixed_ranks"": [1, 2, 4, 8, 16, 32], ""variance_thresholds"": [0.9, 0.95]}",recorded_ood,90,0.3593783276787044,0.386598587825075,0.12604274660278372,0.47513119499810996,1.0,0.3907717282951186,0.48943137164150124,0.25581018468891775,0.19045943681618158,0.13100928076096954,-0.01328148986029587,0.21509666083580326,
/home/ubuntu/cogitao-research/checkpoints/cogitao_vit_cross_attention/cogitao_c1_experiment_4_vit6_function_mlp_cross_attention/run_000/last.ckpt,35f91e02d5b826c89f6b24f52abf83581220b4b6676009c59b6715b0b2251589,dfec9cbb2afe6616194c1fb41430c0c5d2bc4208,4,test_ood,crop_contours,double_right,double_right -> crop_contours,"pair (f,g): fgx=f(g(x)); task-token order [g,f] means g -> f",61,61,61,image_final_norm,42,78000,256,256,0.01,2,"{""fixed_ranks"": [1, 2, 4, 8, 16, 32], ""variance_thresholds"": [0.9, 0.95]}",recorded_ood,11,0.24684070978656225,0.2717694837538063,0.17890014413541952,0.3174193267121962,1.0,0.374999183653835,0.29822494467759836,0.175824822896076,0.0779218189240394,0.22027331905581785,0.07598254843455243,0.26519850156392877,
/home/ubuntu/cogitao-research/checkpoints/cogitao_vit_cross_attention/cogitao_c1_experiment_4_vit6_function_mlp_cross_attention/run_000/last.ckpt,35f91e02d5b826c89f6b24f52abf83581220b4b6676009c59b6715b0b2251589,dfec9cbb2afe6616194c1fb41430c0c5d2bc4208,4,test_ood,crop_contours,double_right,double_right -> crop_contours,"pair (f,g): fgx=f(g(x)); task-token order [g,f] means g -> f",61,61,61,image_final_norm,42,78000,256,256,0.01,2,"{""fixed_ranks"": [1, 2, 4, 8, 16, 32], ""variance_thresholds"": [0.9, 0.95]}",recorded_ood,85,0.3750302468798143,0.33989768153227706,0.1762365646296317,0.43545816774701224,1.0,0.2705249369339708,0.47080715111136995,0.2921344856630366,0.20611135601729144,0.10473571993482192,-0.039555050686443494,0.23695796918218187,
/home/ubuntu/cogitao-research/checkpoints/cogitao_vit_cross_attention/cogitao_c1_experiment_4_vit6_function_mlp_cross_attention/run_000/last.ckpt,35f91e02d5b826c89f6b24f52abf83581220b4b6676009c59b6715b0b2251589,dfec9cbb2afe6616194c1fb41430c0c5d2bc4208,4,test_ood,crop_contours,double_right,double_right -> crop_contours,"pair (f,g): fgx=f(g(x)); task-token order [g,f] means g -> f",61,61,61,image_final_norm,42,78000,256,256,0.01,2,"{""fixed_ranks"": [1, 2, 4, 8, 16, 32], ""variance_thresholds"": [0.9, 0.95]}",recorded_ood,22,0.34247701938376307,0.30834598714080913,0.13627009232503814,0.403254074015023,1.0,0.37425004272974216,0.39789869676543965,0.20566969198387894,0.17355812852124022,0.13776077169072118,-0.006529998930544234,0.22126549724839212,
/home/ubuntu/cogitao-research/checkpoints/cogitao_vit_cross_attention/cogitao_c1_experiment_4_vit6_function_mlp_cross_attention/run_000/last.ckpt,35f91e02d5b826c89f6b24f52abf83581220b4b6676009c59b6715b0b2251589,dfec9cbb2afe6616194c1fb41430c0c5d2bc4208,4,test_ood,crop_contours,double_right,double_right -> crop_contours,"pair (f,g): fgx=f(g(x)); task-token order [g,f] means g -> f",61,61,61,image_final_norm,42,78000,256,256,0.01,2,"{""fixed_ranks"": [1, 2, 4, 8, 16, 32], ""variance_thresholds"": [0.9, 0.95]}",recorded_ood,19,0.30246583401654187,0.308226049643484,0.14670273848642887,0.3801574951254108,1.0,0.3686245567362014,0.361909629782177,0.1700877499287331,0.13354694315401902,0.12151095022801235,-0.02277982039325306,0.20797597466114442,
/home/ubuntu/cogitao-research/checkpoints/cogitao_vit_cross_attention/cogitao_c1_experiment_4_vit6_function_mlp_cross_attention/run_000/last.ckpt,35f91e02d5b826c89f6b24f52abf83581220b4b6676009c59b6715b0b2251589,dfec9cbb2afe6616194c1fb41430c0c5d2bc4208,4,test_ood,crop_contours,double_right,double_right -> crop_contours,"pair (f,g): fgx=f(g(x)); task-token order [g,f] means g -> f",61,61,61,image_final_norm,42,78000,256,256,0.01,2,"{""fixed_ranks"": [1, 2, 4, 8, 16, 32], ""variance_thresholds"": [0.9, 0.95]}",recorded_ood,64,0.33621260670473774,0.34222730295313963,0.1759152809370819,0.3600605618756806,1.0,0.30942899184277195,0.3790498811418976,0.206632535136396,0.1672937158422149,0.12209149481278281,-0.022199275808482605,0.2144706328089612,
/home/ubuntu/cogitao-research/checkpoints/cogitao_vit_cross_attention/cogitao_c1_experiment_4_vit6_function_mlp_cross_attention/run_000/last.ckpt,35f91e02d5b826c89f6b24f52abf83581220b4b6676009c59b6715b0b2251589,dfec9cbb2afe6616194c1fb41430c0c5d2bc4208,4,test_ood,crop_contours,double_right,double_right -> crop_contours,"pair (f,g): fgx=f(g(x)); task-token order [g,f] means g -> f",61,61,61,image_final_norm,42,78000,256,256,0.01,2,"{""fixed_ranks"": [1, 2, 4, 8, 16, 32], ""variance_thresholds"": [0.9, 0.95]}",recorded_ood,47,0.2193579526852425,0.25482716106700437,0.17779530058845805,0.3082513918616984,1.0,0.3520926743588533,0.28661587821565365,0.2151769531911292,0.05043906182271965,0.2138515381909429,0.0695607675696775,0.26432466012261174,
/home/ubuntu/cogitao-research/checkpoints/cogitao_vit_cross_attention/cogitao_c1_experiment_4_vit6_function_mlp_cross_attention/run_000/last.ckpt,35f91e02d5b826c89f6b24f52abf83581220b4b6676009c59b6715b0b2251589,dfec9cbb2afe6616194c1fb41430c0c5d2bc4208,4,test_ood,crop_contours,double_right,double_right -> crop_contours,"pair (f,g): fgx=f(g(x)); task-token order [g,f] means g -> f",61,61,61,image_final_norm,42,78000,256,256,0.01,2,"{""fixed_ranks"": [1, 2, 4, 8, 16, 32], ""variance_thresholds"": [0.9, 0.95]}",recorded_ood,12,0.353600707022066,0.3444031639010108,0.12224921323933327,0.43290634220883206,1.0,0.3352717590986522,0.4770135923422406,0.2272215726179861,0.18468181615954313,0.1064757003242621,-0.03781507029700332,0.2192034184552007,
/home/ubuntu/cogitao-research/checkpoints/cogitao_vit_cross_attention/cogitao_c1_experiment_4_vit6_function_mlp_cross_attention/run_000/last.ckpt,35f91e02d5b826c89f6b24f52abf83581220b4b6676009c59b6715b0b2251589,dfec9cbb2afe6616194c1fb41430c0c5d2bc4208,4,test_ood,crop_contours,double_right,double_right -> crop_contours,"pair (f,g): fgx=f(g(x)); task-token order [g,f] means g -> f",61,61,61,image_final_norm,42,78000,256,256,0.01,2,"{""fixed_ranks"": [1, 2, 4, 8, 16, 32], ""variance_thresholds"": [0.9, 0.95]}",recorded_ood,14,0.36486094829468463,0.35611958626075335,0.16259263568065294,0.4269775611845441,1.0,0.2520974179980387,0.45479536192586945,0.2800603993482188,0.19594205743216178,0.10526643238932655,-0.03902433823193886,0.19733373407694813,
/home/ubuntu/cogitao-research/checkpoints/cogitao_vit_cross_attention/cogitao_c1_experiment_4_vit6_function_mlp_cross_attention/run_000/last.ckpt,35f91e02d5b826c89f6b24f52abf83581220b4b6676009c59b6715b0b2251589,dfec9cbb2afe6616194c1fb41430c0c5d2bc4208,4,test_ood,crop_contours,double_right,double_right -> crop_contours,"pair (f,g): fgx=f(g(x)); task-token order [g,f] means g -> f",61,61,61,image_final_norm,42,78000,256,256,0.01,2,"{""fixed_ranks"": [1, 2, 4, 8, 16, 32], ""variance_thresholds"": [0.9, 0.95]}",recorded_ood,66,0.3228666001955258,0.28505565399643157,0.137248045636338,0.3580772922327627,1.0,0.33589015591294413,0.3772129969798977,0.1862202298395808,0.15394770933300297,0.14649364697174774,0.00220287635048233,0.217490984509335,
/home/ubuntu/cogitao-research/checkpoints/cogitao_vit_cross_attention/cogitao_c1_experiment_4_vit6_function_mlp_cross_attention/run_000/last.ckpt,35f91e02d5b826c89f6b24f52abf83581220b4b6676009c59b6715b0b2251589,dfec9cbb2afe6616194c1fb41430c0c5d2bc4208,4,test_ood,crop_contours,double_right,double_right -> crop_contours,"pair (f,g): fgx=f(g(x)); task-token order [g,f] means g -> f",61,61,61,image_final_norm,42,78000,256,256,0.01,2,"{""fixed_ranks"": [1, 2, 4, 8, 16, 32], ""variance_thresholds"": [0.9, 0.95]}",recorded_ood,36,0.2826420551380736,0.2864770782869124,0.14617562221410343,0.3891474225869412,1.0,0.30629779740951213,0.42295859273720454,0.27693885996263345,0.11372316427555076,0.12461584543944734,-0.01967492518181807,0.2520219397388857,
/home/ubuntu/cogitao-research/checkpoints/cogitao_vit_cross_attention/cogitao_c1_experiment_4_vit6_function_mlp_cross_attention/run_000/last.ckpt,35f91e02d5b826c89f6b24f52abf83581220b4b6676009c59b6715b0b2251589,dfec9cbb2afe6616194c1fb41430c0c5d2bc4208,4,test_ood,crop_contours,double_right,double_right -> crop_contours,"pair (f,g): fgx=f(g(x)); task-token order [g,f] means g -> f",61,61,61,image_final_norm,42,78000,256,256,0.01,2,"{""fixed_ranks"": [1, 2, 4, 8, 16, 32], ""variance_thresholds"": [0.9, 0.95]}",recorded_ood,65,0.3117504204469826,0.3450012052721042,0.16332608147571467,0.47069791620217705,1.0,0.3527830981782922,0.4938394656758926,0.31272047902389966,0.14283152958445974,0.133147119792483,-0.011143650828782409,0.2760633722975628,
/home/ubuntu/cogitao-research/checkpoints/cogitao_vit_cross_attention/cogitao_c1_experiment_4_vit6_function_mlp_cross_attention/run_000/last.ckpt,35f91e02d5b826c89f6b24f52abf83581220b4b6676009c59b6715b0b2251589,dfec9cbb2afe6616194c1fb41430c0c5d2bc4208,4,test_ood,crop_contours,double_right,double_right -> crop_contours,"pair (f,g): fgx=f(g(x)); task-token order [g,f] means g -> f",61,61,61,image_final_norm,42,78000,256,256,0.01,2,"{""fixed_ranks"": [1, 2, 4, 8, 16, 32], ""variance_thresholds"": [0.9, 0.95]}",recorded_ood,8,0.2921717771364194,0.2957991505593226,0.12858942460440384,0.38420095886686906,1.0,0.3192040011875692,0.4655715299259516,0.23184453514837333,0.12325288627389655,0.12874434650222014,-0.015546424119045277,0.24394018697167485,
